external_key,lemma,pos,level,freq_rank,ru_gloss,notes
wfpt-00039,quando,,,44,,shortlisted_from_wordfreq_seed
wfpt-00042,pelo,,,47,,shortlisted_from_wordfreq_seed
wfpt-00046,dia,,,51,,shortlisted_from_wordfreq_seed
wfpt-00047,pela,,,52,,shortlisted_from_wordfreq_seed
wfpt-00049,bem,,,54,,shortlisted_from_wordfreq_seed
wfpt-00051,mesmo,,,56,,shortlisted_from_wordfreq_seed
wfpt-00052,pode,,,57,,shortlisted_from_wordfreq_seed
wfpt-00053,pessoas,,,58,,shortlisted_from_wordfreq_seed
wfpt-00056,tudo,,,61,,shortlisted_from_wordfreq_seed
wfpt-00058,aqui,,,63,,shortlisted_from_wordfreq_seed
wfpt-00061,anos,,,66,,shortlisted_from_wordfreq_seed
wfpt-00063,quem,,,68,,shortlisted_from_wordfreq_seed
wfpt-00065,agora,,,70,,shortlisted_from_wordfreq_seed
wfpt-00070,assim,,,75,,shortlisted_from_wordfreq_seed
wfpt-00071,depois,,,76,,shortlisted_from_wordfreq_seed
wfpt-00073,onde,,,78,,shortlisted_from_wordfreq_seed
wfpt-00074,vou,,,79,,shortlisted_from_wordfreq_seed
wfpt-00075,mundo,,,81,,shortlisted_from_wordfreq_seed
wfpt-00076,estão,,,82,,shortlisted_from_wordfreq_seed
wfpt-00078,tempo,,,84,,shortlisted_from_wordfreq_seed
wfpt-00079,vida,,,85,,shortlisted_from_wordfreq_seed
wfpt-00084,tenho,,,90,,shortlisted_from_wordfreq_seed
wfpt-00085,casa,,,91,,shortlisted_from_wordfreq_seed
wfpt-00086,nada,,,92,,shortlisted_from_wordfreq_seed
wfpt-00087,the,,,93,,shortlisted_from_wordfreq_seed
wfpt-00088,ver,,,94,,shortlisted_from_wordfreq_seed
wfpt-00089,melhor,,,95,,shortlisted_from_wordfreq_seed
wfpt-00090,bom,,,96,,shortlisted_from_wordfreq_seed
wfpt-00091,foram,,,97,,shortlisted_from_wordfreq_seed
wfpt-00092,sempre,,,98,,shortlisted_from_wordfreq_seed
wfpt-00093,ano,,,99,,shortlisted_from_wordfreq_seed
wfpt-00094,grande,,,100,,shortlisted_from_wordfreq_seed
wfpt-00096,vez,,,102,,shortlisted_from_wordfreq_seed
wfpt-00098,apenas,,,104,,shortlisted_from_wordfreq_seed
wfpt-00099,coisa,,,105,,shortlisted_from_wordfreq_seed
wfpt-00100,sou,,,106,,shortlisted_from_wordfreq_seed
wfpt-00102,dois,,,109,,shortlisted_from_wordfreq_seed
wfpt-00103,nunca,,,110,,shortlisted_from_wordfreq_seed
wfpt-00105,quero,,,112,,shortlisted_from_wordfreq_seed
wfpt-00107,parte,,,114,,shortlisted_from_wordfreq_seed
wfpt-00108,outros,,,116,,shortlisted_from_wordfreq_seed
wfpt-00109,hoje,,,117,,shortlisted_from_wordfreq_seed
wfpt-00110,sei,,,118,,shortlisted_from_wordfreq_seed
wfpt-00115,faz,,,123,,shortlisted_from_wordfreq_seed
wfpt-00116,cidade,,,124,,shortlisted_from_wordfreq_seed
wfpt-00117,qual,,,125,,shortlisted_from_wordfreq_seed
wfpt-00119,quer,,,129,,shortlisted_from_wordfreq_seed
wfpt-00120,estou,,,130,,shortlisted_from_wordfreq_seed
wfpt-00121,trabalho,,,131,,shortlisted_from_wordfreq_seed
wfpt-00123,durante,,,133,,shortlisted_from_wordfreq_seed
wfpt-00124,estado,,,134,,shortlisted_from_wordfreq_seed
wfpt-00125,forma,,,135,,shortlisted_from_wordfreq_seed
wfpt-00126,novo,,,136,,shortlisted_from_wordfreq_seed
wfpt-00128,seja,,,138,,shortlisted_from_wordfreq_seed
wfpt-00129,dias,,,139,,shortlisted_from_wordfreq_seed
wfpt-00130,maior,,,140,,shortlisted_from_wordfreq_seed
wfpt-00131,outro,,,141,,shortlisted_from_wordfreq_seed
wfpt-00132,primeiro,,,142,,shortlisted_from_wordfreq_seed
wfpt-00133,será,,,143,,shortlisted_from_wordfreq_seed
wfpt-00134,cada,,,144,,shortlisted_from_wordfreq_seed
wfpt-00136,qualquer,,,146,,shortlisted_from_wordfreq_seed
wfpt-00138,acho,,,148,,shortlisted_from_wordfreq_seed
wfpt-00140,alguém,,,150,,shortlisted_from_wordfreq_seed
wfpt-00141,antes,,,151,,shortlisted_from_wordfreq_seed
wfpt-00142,coisas,,,152,,shortlisted_from_wordfreq_seed
wfpt-00143,nome,,,153,,shortlisted_from_wordfreq_seed
wfpt-00144,sendo,,,154,,shortlisted_from_wordfreq_seed
wfpt-00146,diz,,,156,,shortlisted_from_wordfreq_seed
wfpt-00147,falar,,,157,,shortlisted_from_wordfreq_seed
wfpt-00148,sabe,,,158,,shortlisted_from_wordfreq_seed
wfpt-00155,boa,,,165,,shortlisted_from_wordfreq_seed
wfpt-00156,estava,,,166,,shortlisted_from_wordfreq_seed
wfpt-00157,três,,,167,,shortlisted_from_wordfreq_seed
wfpt-00158,alguns,,,168,,shortlisted_from_wordfreq_seed
wfpt-00159,ficar,,,169,,shortlisted_from_wordfreq_seed
wfpt-00160,mãe,,,170,,shortlisted_from_wordfreq_seed
wfpt-00163,rio,,,173,,shortlisted_from_wordfreq_seed
wfpt-00164,segundo,,,174,,shortlisted_from_wordfreq_seed
wfpt-00165,além,,,175,,shortlisted_from_wordfreq_seed
wfpt-00166,disse,,,176,,shortlisted_from_wordfreq_seed
wfpt-00167,noite,,,177,,shortlisted_from_wordfreq_seed
wfpt-00169,nova,,,179,,shortlisted_from_wordfreq_seed
wfpt-00171,caso,,,181,,shortlisted_from_wordfreq_seed
wfpt-00172,deve,,,182,,shortlisted_from_wordfreq_seed
wfpt-00173,história,,,183,,shortlisted_from_wordfreq_seed
wfpt-00174,podem,,,184,,shortlisted_from_wordfreq_seed
wfpt-00175,vezes,,,185,,shortlisted_from_wordfreq_seed
wfpt-00178,duas,,,188,,shortlisted_from_wordfreq_seed
wfpt-00179,grupo,,,189,,shortlisted_from_wordfreq_seed
wfpt-00180,meio,,,190,,shortlisted_from_wordfreq_seed
wfpt-00181,primeira,,,191,,shortlisted_from_wordfreq_seed
wfpt-00182,tipo,,,192,,shortlisted_from_wordfreq_seed
wfpt-00184,cara,,,195,,shortlisted_from_wordfreq_seed
wfpt-00186,paulo,,,197,,shortlisted_from_wordfreq_seed
wfpt-00187,lado,,,199,,shortlisted_from_wordfreq_seed
wfpt-00188,mulher,,,200,,shortlisted_from_wordfreq_seed
wfpt-00189,outras,,,201,,shortlisted_from_wordfreq_seed
wfpt-00190,enquanto,,,202,,shortlisted_from_wordfreq_seed
wfpt-00191,fez,,,203,,shortlisted_from_wordfreq_seed
wfpt-00192,ninguém,,,204,,shortlisted_from_wordfreq_seed
wfpt-00193,outra,,,205,,shortlisted_from_wordfreq_seed
wfpt-00194,momento,,,206,,shortlisted_from_wordfreq_seed
wfpt-00195,vamos,,,207,,shortlisted_from_wordfreq_seed
wfpt-00196,verdade,,,208,,shortlisted_from_wordfreq_seed
wfpt-00199,foto,,,211,,shortlisted_from_wordfreq_seed
wfpt-00200,lugar,,,212,,shortlisted_from_wordfreq_seed
wfpt-00201,nacional,,,213,,shortlisted_from_wordfreq_seed
wfpt-00202,país,,,214,,shortlisted_from_wordfreq_seed
wfpt-00203,presidente,,,215,,shortlisted_from_wordfreq_seed
wfpt-00204,quanto,,,216,,shortlisted_from_wordfreq_seed
wfpt-00205,saber,,,217,,shortlisted_from_wordfreq_seed
wfpt-00206,sido,,,218,,shortlisted_from_wordfreq_seed
wfpt-00207,volta,,,219,,shortlisted_from_wordfreq_seed
wfpt-00208,for,,,220,,shortlisted_from_wordfreq_seed
wfpt-00209,pelos,,,221,,shortlisted_from_wordfreq_seed
wfpt-00210,algo,,,222,,shortlisted_from_wordfreq_seed
wfpt-00211,conta,,,223,,shortlisted_from_wordfreq_seed
wfpt-00212,família,,,224,,shortlisted_from_wordfreq_seed
wfpt-00213,gente,,,225,,shortlisted_from_wordfreq_seed
wfpt-00214,algumas,,,226,,shortlisted_from_wordfreq_seed
wfpt-00215,fim,,,227,,shortlisted_from_wordfreq_seed
wfpt-00216,final,,,228,,shortlisted_from_wordfreq_seed
wfpt-00217,parece,,,229,,shortlisted_from_wordfreq_seed
wfpt-00218,semana,,,230,,shortlisted_from_wordfreq_seed
wfpt-00219,acordo,,,231,,shortlisted_from_wordfreq_seed
wfpt-00220,hora,,,232,,shortlisted_from_wordfreq_seed
wfpt-00221,jogo,,,233,,shortlisted_from_wordfreq_seed
wfpt-00222,num,,,234,,shortlisted_from_wordfreq_seed
wfpt-00223,pessoa,,,235,,shortlisted_from_wordfreq_seed
wfpt-00225,através,,,237,,shortlisted_from_wordfreq_seed
wfpt-00226,governo,,,238,,shortlisted_from_wordfreq_seed
wfpt-00228,pai,,,240,,shortlisted_from_wordfreq_seed
wfpt-00229,quase,,,241,,shortlisted_from_wordfreq_seed
wfpt-00230,tanto,,,242,,shortlisted_from_wordfreq_seed
wfpt-00232,dentro,,,244,,shortlisted_from_wordfreq_seed
wfpt-00233,filho,,,245,,shortlisted_from_wordfreq_seed
wfpt-00234,fora,,,246,,shortlisted_from_wordfreq_seed
wfpt-00235,homem,,,247,,shortlisted_from_wordfreq_seed
wfpt-00236,vem,,,248,,shortlisted_from_wordfreq_seed
wfpt-00237,vídeo,,,249,,shortlisted_from_wordfreq_seed
wfpt-00238,música,,,250,,shortlisted_from_wordfreq_seed
wfpt-00239,pois,,,251,,shortlisted_from_wordfreq_seed
wfpt-00240,preciso,,,252,,shortlisted_from_wordfreq_seed
wfpt-00241,vão,,,253,,shortlisted_from_wordfreq_seed
wfpt-00242,água,,,254,,shortlisted_from_wordfreq_seed
wfpt-00243,disso,,,256,,shortlisted_from_wordfreq_seed
wfpt-00244,fazendo,,,257,,shortlisted_from_wordfreq_seed
wfpt-00245,horas,,,258,,shortlisted_from_wordfreq_seed
wfpt-00246,janeiro,,,259,,shortlisted_from_wordfreq_seed
wfpt-00248,dele,,,261,,shortlisted_from_wordfreq_seed
wfpt-00249,direito,,,262,,shortlisted_from_wordfreq_seed
wfpt-00250,mil,,,263,,shortlisted_from_wordfreq_seed
wfpt-00252,numa,,,265,,shortlisted_from_wordfreq_seed
wfpt-00253,número,,,266,,shortlisted_from_wordfreq_seed
wfpt-00254,dinheiro,,,267,,shortlisted_from_wordfreq_seed
wfpt-00257,queria,,,270,,shortlisted_from_wordfreq_seed
wfpt-00258,seria,,,271,,shortlisted_from_wordfreq_seed
wfpt-00259,sistema,,,272,,shortlisted_from_wordfreq_seed
wfpt-00260,amor,,,274,,shortlisted_from_wordfreq_seed
wfpt-00261,escola,,,275,,shortlisted_from_wordfreq_seed
wfpt-00262,frente,,,276,,shortlisted_from_wordfreq_seed
wfpt-00263,mesma,,,277,,shortlisted_from_wordfreq_seed
wfpt-00265,tarde,,,279,,shortlisted_from_wordfreq_seed
wfpt-00266,local,,,280,,shortlisted_from_wordfreq_seed
wfpt-00267,morte,,,281,,shortlisted_from_wordfreq_seed
wfpt-00268,segunda,,,282,,shortlisted_from_wordfreq_seed
wfpt-00269,amigos,,,284,,shortlisted_from_wordfreq_seed
wfpt-00270,brasileiro,,,285,,shortlisted_from_wordfreq_seed
wfpt-00271,precisa,,,287,,shortlisted_from_wordfreq_seed
wfpt-00272,projeto,,,288,,shortlisted_from_wordfreq_seed
wfpt-00273,região,,,289,,shortlisted_from_wordfreq_seed
wfpt-00274,sair,,,290,,shortlisted_from_wordfreq_seed
wfpt-00275,sul,,,291,,shortlisted_from_wordfreq_seed
wfpt-00276,temos,,,292,,shortlisted_from_wordfreq_seed
wfpt-00277,teve,,,293,,shortlisted_from_wordfreq_seed
wfpt-00278,área,,,294,,shortlisted_from_wordfreq_seed
wfpt-00279,dela,,,295,,shortlisted_from_wordfreq_seed
wfpt-00281,lei,,,297,,shortlisted_from_wordfreq_seed
wfpt-00282,partir,,,298,,shortlisted_from_wordfreq_seed
wfpt-00283,problema,,,299,,shortlisted_from_wordfreq_seed
wfpt-00284,público,,,300,,shortlisted_from_wordfreq_seed
wfpt-00285,site,,,301,,shortlisted_from_wordfreq_seed
wfpt-00286,alguma,,,302,,shortlisted_from_wordfreq_seed
wfpt-00287,and,,,303,,shortlisted_from_wordfreq_seed
wfpt-00289,embora,,,305,,shortlisted_from_wordfreq_seed
wfpt-00290,guerra,,,306,,shortlisted_from_wordfreq_seed
wfpt-00291,centro,,,308,,shortlisted_from_wordfreq_seed
wfpt-00292,deixar,,,309,,shortlisted_from_wordfreq_seed
wfpt-00295,estamos,,,312,,shortlisted_from_wordfreq_seed
wfpt-00296,fica,,,313,,shortlisted_from_wordfreq_seed
wfpt-00297,filme,,,314,,shortlisted_from_wordfreq_seed
wfpt-00298,havia,,,315,,shortlisted_from_wordfreq_seed
wfpt-00299,importante,,,316,,shortlisted_from_wordfreq_seed
wfpt-00301,logo,,,318,,shortlisted_from_wordfreq_seed
wfpt-00302,mal,,,319,,shortlisted_from_wordfreq_seed
wfpt-00304,geral,,,321,,shortlisted_from_wordfreq_seed
wfpt-00306,programa,,,323,,shortlisted_from_wordfreq_seed
wfpt-00307,social,,,324,,shortlisted_from_wordfreq_seed
wfpt-00308,vários,,,325,,shortlisted_from_wordfreq_seed
wfpt-00309,certo,,,326,,shortlisted_from_wordfreq_seed
wfpt-00310,equipe,,,327,,shortlisted_from_wordfreq_seed
wfpt-00311,feito,,,328,,shortlisted_from_wordfreq_seed
wfpt-00312,neste,,,329,,shortlisted_from_wordfreq_seed
wfpt-00313,segurança,,,330,,shortlisted_from_wordfreq_seed
wfpt-00314,terra,,,331,,shortlisted_from_wordfreq_seed
wfpt-00315,estados,,,332,,shortlisted_from_wordfreq_seed
wfpt-00317,exemplo,,,334,,shortlisted_from_wordfreq_seed
wfpt-00318,falta,,,335,,shortlisted_from_wordfreq_seed
wfpt-00319,favor,,,336,,shortlisted_from_wordfreq_seed
wfpt-00320,série,,,337,,shortlisted_from_wordfreq_seed
wfpt-00321,twitter,,,338,,shortlisted_from_wordfreq_seed
wfpt-00323,causa,,,340,,shortlisted_from_wordfreq_seed
wfpt-00324,mulheres,,,341,,shortlisted_from_wordfreq_seed
wfpt-00325,uso,,,342,,shortlisted_from_wordfreq_seed
wfpt-00327,brasileira,,,344,,shortlisted_from_wordfreq_seed
wfpt-00328,crianças,,,345,,shortlisted_from_wordfreq_seed
wfpt-00329,deste,,,346,,shortlisted_from_wordfreq_seed
wfpt-00330,feira,,,347,,shortlisted_from_wordfreq_seed
wfpt-00331,fosse,,,348,,shortlisted_from_wordfreq_seed
wfpt-00333,milhões,,,350,,shortlisted_from_wordfreq_seed
wfpt-00334,população,,,351,,shortlisted_from_wordfreq_seed
wfpt-00335,posso,,,352,,shortlisted_from_wordfreq_seed
wfpt-00336,quatro,,,353,,shortlisted_from_wordfreq_seed
wfpt-00337,deu,,,354,,shortlisted_from_wordfreq_seed
wfpt-00338,ficou,,,355,,shortlisted_from_wordfreq_seed
wfpt-00340,polícia,,,357,,shortlisted_from_wordfreq_seed
wfpt-00341,processo,,,358,,shortlisted_from_wordfreq_seed
wfpt-00342,usar,,,359,,shortlisted_from_wordfreq_seed
wfpt-00343,ajuda,,,360,,shortlisted_from_wordfreq_seed
wfpt-00344,cabeça,,,361,,shortlisted_from_wordfreq_seed
wfpt-00345,cerca,,,362,,shortlisted_from_wordfreq_seed
wfpt-00346,corpo,,,363,,shortlisted_from_wordfreq_seed
wfpt-00347,desta,,,364,,shortlisted_from_wordfreq_seed
wfpt-00348,fui,,,365,,shortlisted_from_wordfreq_seed
wfpt-00349,meses,,,366,,shortlisted_from_wordfreq_seed
wfpt-00350,problemas,,,367,,shortlisted_from_wordfreq_seed
wfpt-00351,realmente,,,368,,shortlisted_from_wordfreq_seed
wfpt-00352,tenha,,,369,,shortlisted_from_wordfreq_seed
wfpt-00353,várias,,,370,,shortlisted_from_wordfreq_seed
wfpt-00354,algum,,,371,,shortlisted_from_wordfreq_seed
wfpt-00355,cinco,,,373,,shortlisted_from_wordfreq_seed
wfpt-00356,desenvolvimento,,,374,,shortlisted_from_wordfreq_seed
wfpt-00357,dessa,,,375,,shortlisted_from_wordfreq_seed
wfpt-00358,grandes,,,376,,shortlisted_from_wordfreq_seed
wfpt-00359,início,,,377,,shortlisted_from_wordfreq_seed
wfpt-00360,livro,,,378,,shortlisted_from_wordfreq_seed
wfpt-00361,medo,,,379,,shortlisted_from_wordfreq_seed
wfpt-00362,passar,,,380,,shortlisted_from_wordfreq_seed
wfpt-00363,relação,,,381,,shortlisted_from_wordfreq_seed
wfpt-00364,tal,,,382,,shortlisted_from_wordfreq_seed
wfpt-00365,ajudar,,,383,,shortlisted_from_wordfreq_seed
wfpt-00366,amigo,,,384,,shortlisted_from_wordfreq_seed
wfpt-00367,claro,,,385,,shortlisted_from_wordfreq_seed
wfpt-00368,deles,,,386,,shortlisted_from_wordfreq_seed
wfpt-00369,existe,,,387,,shortlisted_from_wordfreq_seed
wfpt-00370,pelas,,,388,,shortlisted_from_wordfreq_seed
wfpt-00371,atenção,,,389,,shortlisted_from_wordfreq_seed
wfpt-00372,chegar,,,390,,shortlisted_from_wordfreq_seed
wfpt-00373,desse,,,391,,shortlisted_from_wordfreq_seed
wfpt-00374,fotos,,,392,,shortlisted_from_wordfreq_seed
wfpt-00375,informações,,,393,,shortlisted_from_wordfreq_seed
wfpt-00376,los,,,394,,shortlisted_from_wordfreq_seed
wfpt-00378,norte,,,396,,shortlisted_from_wordfreq_seed
wfpt-00379,política,,,397,,shortlisted_from_wordfreq_seed
wfpt-00380,ponto,,,398,,shortlisted_from_wordfreq_seed
wfpt-00381,possível,,,399,,shortlisted_from_wordfreq_seed
wfpt-00382,quais,,,400,,shortlisted_from_wordfreq_seed
wfpt-00383,quiser,,,401,,shortlisted_from_wordfreq_seed
wfpt-00384,rede,,,402,,shortlisted_from_wordfreq_seed
wfpt-00385,universidade,,,403,,shortlisted_from_wordfreq_seed
wfpt-00386,apesar,,,404,,shortlisted_from_wordfreq_seed
wfpt-00387,começou,,,405,,shortlisted_from_wordfreq_seed
wfpt-00388,feliz,,,406,,shortlisted_from_wordfreq_seed
wfpt-00389,gosto,,,407,,shortlisted_from_wordfreq_seed
wfpt-00390,homens,,,408,,shortlisted_from_wordfreq_seed
wfpt-00391,maneira,,,409,,shortlisted_from_wordfreq_seed
wfpt-00392,nesse,,,410,,shortlisted_from_wordfreq_seed
wfpt-00393,última,,,411,,shortlisted_from_wordfreq_seed
wfpt-00394,difícil,,,412,,shortlisted_from_wordfreq_seed
wfpt-00395,empresa,,,413,,shortlisted_from_wordfreq_seed
wfpt-00397,fala,,,415,,shortlisted_from_wordfreq_seed
wfpt-00398,força,,,416,,shortlisted_from_wordfreq_seed
wfpt-00399,internet,,,417,,shortlisted_from_wordfreq_seed
wfpt-00400,passado,,,418,,shortlisted_from_wordfreq_seed
wfpt-00401,rua,,,420,,shortlisted_from_wordfreq_seed
wfpt-00402,veja,,,421,,shortlisted_from_wordfreq_seed
wfpt-00403,base,,,422,,shortlisted_from_wordfreq_seed
wfpt-00404,dados,,,423,,shortlisted_from_wordfreq_seed
wfpt-00405,demais,,,424,,shortlisted_from_wordfreq_seed
wfpt-00406,eram,,,425,,shortlisted_from_wordfreq_seed
wfpt-00407,especial,,,426,,shortlisted_from_wordfreq_seed
wfpt-00408,internacional,,,427,,shortlisted_from_wordfreq_seed
wfpt-00409,manhã,,,428,,shortlisted_from_wordfreq_seed
wfpt-00410,nenhum,,,429,,shortlisted_from_wordfreq_seed
wfpt-00411,olha,,,430,,shortlisted_from_wordfreq_seed
wfpt-00412,pensar,,,431,,shortlisted_from_wordfreq_seed
wfpt-00413,povo,,,432,,shortlisted_from_wordfreq_seed
wfpt-00414,diferentes,,,434,,shortlisted_from_wordfreq_seed
wfpt-00415,falando,,,435,,shortlisted_from_wordfreq_seed
wfpt-00416,merda,,,436,,shortlisted_from_wordfreq_seed
wfpt-00417,poderia,,,437,,shortlisted_from_wordfreq_seed
wfpt-00418,pontos,,,438,,shortlisted_from_wordfreq_seed
wfpt-00419,porém,,,439,,shortlisted_from_wordfreq_seed
wfpt-00420,unidos,,,440,,shortlisted_from_wordfreq_seed
wfpt-00421,atrás,,,441,,shortlisted_from_wordfreq_seed
wfpt-00422,deixa,,,442,,shortlisted_from_wordfreq_seed
wfpt-00423,futebol,,,443,,shortlisted_from_wordfreq_seed
wfpt-00424,mês,,,444,,shortlisted_from_wordfreq_seed
wfpt-00425,pessoal,,,445,,shortlisted_from_wordfreq_seed
wfpt-00426,próprio,,,446,,shortlisted_from_wordfreq_seed
wfpt-00427,saúde,,,447,,shortlisted_from_wordfreq_seed
wfpt-00428,somos,,,448,,shortlisted_from_wordfreq_seed
wfpt-00429,entanto,,,449,,shortlisted_from_wordfreq_seed
wfpt-00430,maioria,,,450,,shortlisted_from_wordfreq_seed
wfpt-00431,mão,,,451,,shortlisted_from_wordfreq_seed
wfpt-00432,papel,,,452,,shortlisted_from_wordfreq_seed
wfpt-00433,paz,,,453,,shortlisted_from_wordfreq_seed
wfpt-00434,real,,,454,,shortlisted_from_wordfreq_seed
wfpt-00435,talvez,,,455,,shortlisted_from_wordfreq_seed
wfpt-00436,último,,,456,,shortlisted_from_wordfreq_seed
wfpt-00437,acabou,,,457,,shortlisted_from_wordfreq_seed
wfpt-00438,aconteceu,,,458,,shortlisted_from_wordfreq_seed
wfpt-00439,chegou,,,459,,shortlisted_from_wordfreq_seed
wfpt-00440,encontrar,,,460,,shortlisted_from_wordfreq_seed
wfpt-00441,fazem,,,461,,shortlisted_from_wordfreq_seed
wfpt-00442,federal,,,462,,shortlisted_from_wordfreq_seed
wfpt-00443,forte,,,463,,shortlisted_from_wordfreq_seed
wfpt-00444,fácil,,,464,,shortlisted_from_wordfreq_seed
wfpt-00445,melhores,,,465,,shortlisted_from_wordfreq_seed
wfpt-00447,minutos,,,467,,shortlisted_from_wordfreq_seed
wfpt-00448,outubro,,,468,,shortlisted_from_wordfreq_seed
wfpt-00449,passa,,,469,,shortlisted_from_wordfreq_seed
wfpt-00450,países,,,470,,shortlisted_from_wordfreq_seed
wfpt-00451,produção,,,471,,shortlisted_from_wordfreq_seed
wfpt-00452,sociedade,,,472,,shortlisted_from_wordfreq_seed
wfpt-00453,voltar,,,473,,shortlisted_from_wordfreq_seed
wfpt-00454,educação,,,474,,shortlisted_from_wordfreq_seed
wfpt-00455,fato,,,475,,shortlisted_from_wordfreq_seed
wfpt-00456,filhos,,,476,,shortlisted_from_wordfreq_seed
wfpt-00457,fiz,,,477,,shortlisted_from_wordfreq_seed
wfpt-00458,legal,,,478,,shortlisted_from_wordfreq_seed
wfpt-00459,longo,,,479,,shortlisted_from_wordfreq_seed
wfpt-00460,março,,,480,,shortlisted_from_wordfreq_seed
wfpt-00461,passou,,,481,,shortlisted_from_wordfreq_seed
wfpt-00463,sinto,,,483,,shortlisted_from_wordfreq_seed
wfpt-00466,acesso,,,486,,shortlisted_from_wordfreq_seed
wfpt-00468,campo,,,488,,shortlisted_from_wordfreq_seed
wfpt-00469,cultura,,,490,,shortlisted_from_wordfreq_seed
wfpt-00470,estavam,,,491,,shortlisted_from_wordfreq_seed
wfpt-00471,junho,,,492,,shortlisted_from_wordfreq_seed
wfpt-00472,lista,,,493,,shortlisted_from_wordfreq_seed
wfpt-00473,nenhuma,,,494,,shortlisted_from_wordfreq_seed
wfpt-00474,pena,,,496,,shortlisted_from_wordfreq_seed
wfpt-00475,portugal,,,497,,shortlisted_from_wordfreq_seed
wfpt-00476,senhor,,,498,,shortlisted_from_wordfreq_seed
wfpt-00477,viu,,,499,,shortlisted_from_wordfreq_seed
wfpt-00478,certeza,,,500,,shortlisted_from_wordfreq_seed
wfpt-00479,começar,,,501,,shortlisted_from_wordfreq_seed
wfpt-00481,espaço,,,503,,shortlisted_from_wordfreq_seed
wfpt-00482,evento,,,504,,shortlisted_from_wordfreq_seed
wfpt-00483,filha,,,505,,shortlisted_from_wordfreq_seed
wfpt-00484,oficial,,,506,,shortlisted_from_wordfreq_seed
wfpt-00485,ouvir,,,507,,shortlisted_from_wordfreq_seed
wfpt-00486,palavras,,,508,,shortlisted_from_wordfreq_seed
wfpt-00487,perto,,,509,,shortlisted_from_wordfreq_seed
wfpt-00488,principal,,,510,,shortlisted_from_wordfreq_seed
wfpt-00489,setembro,,,512,,shortlisted_from_wordfreq_seed
wfpt-00490,vivo,,,513,,shortlisted_from_wordfreq_seed
wfpt-00492,único,,,515,,shortlisted_from_wordfreq_seed
wfpt-00493,alto,,,516,,shortlisted_from_wordfreq_seed
wfpt-00494,apoio,,,517,,shortlisted_from_wordfreq_seed
wfpt-00495,diferente,,,518,,shortlisted_from_wordfreq_seed
wfpt-00496,entrar,,,519,,shortlisted_from_wordfreq_seed
wfpt-00497,ideia,,,520,,shortlisted_from_wordfreq_seed
wfpt-00498,junto,,,521,,shortlisted_from_wordfreq_seed
wfpt-00499,levar,,,522,,shortlisted_from_wordfreq_seed
wfpt-00500,maio,,,523,,shortlisted_from_wordfreq_seed
wfpt-00501,nessa,,,524,,shortlisted_from_wordfreq_seed
wfpt-00502,ontem,,,525,,shortlisted_from_wordfreq_seed
wfpt-00503,própria,,,527,,shortlisted_from_wordfreq_seed
wfpt-00504,serviço,,,528,,shortlisted_from_wordfreq_seed
wfpt-00505,única,,,530,,shortlisted_from_wordfreq_seed
wfpt-00506,agosto,,,531,,shortlisted_from_wordfreq_seed
wfpt-00507,bastante,,,532,,shortlisted_from_wordfreq_seed
wfpt-00508,jovem,,,534,,shortlisted_from_wordfreq_seed
wfpt-00509,livre,,,535,,shortlisted_from_wordfreq_seed
wfpt-00510,língua,,,536,,shortlisted_from_wordfreq_seed
wfpt-00511,nesta,,,537,,shortlisted_from_wordfreq_seed
wfpt-00512,olhos,,,538,,shortlisted_from_wordfreq_seed
wfpt-00513,pais,,,539,,shortlisted_from_wordfreq_seed
wfpt-00514,período,,,540,,shortlisted_from_wordfreq_seed
wfpt-00515,português,,,541,,shortlisted_from_wordfreq_seed
wfpt-00516,seis,,,542,,shortlisted_from_wordfreq_seed
wfpt-00517,situação,,,543,,shortlisted_from_wordfreq_seed
wfpt-00518,sério,,,544,,shortlisted_from_wordfreq_seed
wfpt-00519,time,,,545,,shortlisted_from_wordfreq_seed
wfpt-00520,via,,,546,,shortlisted_from_wordfreq_seed
wfpt-00521,acha,,,547,,shortlisted_from_wordfreq_seed
wfpt-00522,amanhã,,,548,,shortlisted_from_wordfreq_seed
wfpt-00523,caminho,,,549,,shortlisted_from_wordfreq_seed
wfpt-00524,carro,,,550,,shortlisted_from_wordfreq_seed
wfpt-00525,deveria,,,551,,shortlisted_from_wordfreq_seed
wfpt-00526,dezembro,,,552,,shortlisted_from_wordfreq_seed
wfpt-00527,energia,,,553,,shortlisted_from_wordfreq_seed
wfpt-00528,festa,,,554,,shortlisted_from_wordfreq_seed
wfpt-00529,novas,,,555,,shortlisted_from_wordfreq_seed
wfpt-00530,nível,,,556,,shortlisted_from_wordfreq_seed
wfpt-00531,questão,,,557,,shortlisted_from_wordfreq_seed
wfpt-00532,respeito,,,558,,shortlisted_from_wordfreq_seed
wfpt-00533,total,,,559,,shortlisted_from_wordfreq_seed
wfpt-00534,vista,,,560,,shortlisted_from_wordfreq_seed
wfpt-00535,abril,,,561,,shortlisted_from_wordfreq_seed
wfpt-00536,acontece,,,562,,shortlisted_from_wordfreq_seed
wfpt-00537,devido,,,563,,shortlisted_from_wordfreq_seed
wfpt-00538,informação,,,564,,shortlisted_from_wordfreq_seed
wfpt-00539,inglês,,,565,,shortlisted_from_wordfreq_seed
wfpt-00540,irmão,,,566,,shortlisted_from_wordfreq_seed
wfpt-00541,josé,,,567,,shortlisted_from_wordfreq_seed
wfpt-00542,novembro,,,568,,shortlisted_from_wordfreq_seed
wfpt-00543,objetivo,,,569,,shortlisted_from_wordfreq_seed
wfpt-00544,partido,,,570,,shortlisted_from_wordfreq_seed
wfpt-00545,plano,,,571,,shortlisted_from_wordfreq_seed
wfpt-00546,podemos,,,572,,shortlisted_from_wordfreq_seed
wfpt-00547,sociais,,,573,,shortlisted_from_wordfreq_seed
wfpt-00548,sucesso,,,574,,shortlisted_from_wordfreq_seed
wfpt-00549,trabalhar,,,575,,shortlisted_from_wordfreq_seed
wfpt-00550,vale,,,576,,shortlisted_from_wordfreq_seed
wfpt-00551,viver,,,577,,shortlisted_from_wordfreq_seed
wfpt-00552,américa,,,578,,shortlisted_from_wordfreq_seed
wfpt-00553,capital,,,579,,shortlisted_from_wordfreq_seed
wfpt-00554,cima,,,580,,shortlisted_from_wordfreq_seed
wfpt-00555,justiça,,,581,,shortlisted_from_wordfreq_seed
wfpt-00556,linha,,,582,,shortlisted_from_wordfreq_seed
wfpt-00557,membros,,,583,,shortlisted_from_wordfreq_seed
wfpt-00558,mundial,,,584,,shortlisted_from_wordfreq_seed
wfpt-00560,presente,,,587,,shortlisted_from_wordfreq_seed
wfpt-00561,professor,,,588,,shortlisted_from_wordfreq_seed
wfpt-00562,quarto,,,589,,shortlisted_from_wordfreq_seed
wfpt-00563,seguir,,,590,,shortlisted_from_wordfreq_seed
wfpt-00564,tendo,,,591,,shortlisted_from_wordfreq_seed
wfpt-00566,ali,,,593,,shortlisted_from_wordfreq_seed
wfpt-00567,ação,,,594,,shortlisted_from_wordfreq_seed
wfpt-00568,cidades,,,595,,shortlisted_from_wordfreq_seed
wfpt-00569,copa,,,596,,shortlisted_from_wordfreq_seed
wfpt-00570,criança,,,597,,shortlisted_from_wordfreq_seed
wfpt-00572,grupos,,,599,,shortlisted_from_wordfreq_seed
wfpt-00574,imagem,,,601,,shortlisted_from_wordfreq_seed
wfpt-00575,jogos,,,602,,shortlisted_from_wordfreq_seed
wfpt-00576,julho,,,603,,shortlisted_from_wordfreq_seed
wfpt-00577,luz,,,604,,shortlisted_from_wordfreq_seed
wfpt-00578,militar,,,605,,shortlisted_from_wordfreq_seed
wfpt-00579,modo,,,606,,shortlisted_from_wordfreq_seed
wfpt-00580,movimento,,,607,,shortlisted_from_wordfreq_seed
wfpt-00581,novos,,,608,,shortlisted_from_wordfreq_seed
wfpt-00582,ordem,,,609,,shortlisted_from_wordfreq_seed
wfpt-00583,próximo,,,610,,shortlisted_from_wordfreq_seed
wfpt-00584,tomar,,,611,,shortlisted_from_wordfreq_seed
wfpt-00585,voz,,,612,,shortlisted_from_wordfreq_seed
wfpt-00587,construção,,,614,,shortlisted_from_wordfreq_seed
wfpt-00588,espero,,,615,,shortlisted_from_wordfreq_seed
wfpt-00589,fevereiro,,,616,,shortlisted_from_wordfreq_seed
wfpt-00590,futuro,,,617,,shortlisted_from_wordfreq_seed
wfpt-00591,idade,,,618,,shortlisted_from_wordfreq_seed
wfpt-00592,mudar,,,620,,shortlisted_from_wordfreq_seed
wfpt-00593,obrigado,,,621,,shortlisted_from_wordfreq_seed
wfpt-00594,vejo,,,622,,shortlisted_from_wordfreq_seed
wfpt-00595,visto,,,623,,shortlisted_from_wordfreq_seed
wfpt-00596,acredito,,,624,,shortlisted_from_wordfreq_seed
wfpt-00597,baixo,,,625,,shortlisted_from_wordfreq_seed
wfpt-00598,chega,,,626,,shortlisted_from_wordfreq_seed
wfpt-00599,controle,,,627,,shortlisted_from_wordfreq_seed
wfpt-00600,direitos,,,628,,shortlisted_from_wordfreq_seed
wfpt-00601,empresas,,,629,,shortlisted_from_wordfreq_seed
wfpt-00602,jeito,,,630,,shortlisted_from_wordfreq_seed
wfpt-00604,principais,,,632,,shortlisted_from_wordfreq_seed
wfpt-00605,principalmente,,,633,,shortlisted_from_wordfreq_seed
wfpt-00606,pública,,,634,,shortlisted_from_wordfreq_seed
wfpt-00607,resultado,,,635,,shortlisted_from_wordfreq_seed
wfpt-00608,sala,,,636,,shortlisted_from_wordfreq_seed
wfpt-00609,seguinte,,,637,,shortlisted_from_wordfreq_seed
wfpt-00610,tradução,,,638,,shortlisted_from_wordfreq_seed
wfpt-00611,valor,,,639,,shortlisted_from_wordfreq_seed
wfpt-00613,chamado,,,641,,shortlisted_from_wordfreq_seed
wfpt-00614,comprar,,,642,,shortlisted_from_wordfreq_seed
wfpt-00615,conselho,,,643,,shortlisted_from_wordfreq_seed
wfpt-00616,daqui,,,644,,shortlisted_from_wordfreq_seed
wfpt-00617,edição,,,645,,shortlisted_from_wordfreq_seed
wfpt-00618,encontro,,,646,,shortlisted_from_wordfreq_seed
wfpt-00619,irá,,,647,,shortlisted_from_wordfreq_seed
wfpt-00620,ler,,,648,,shortlisted_from_wordfreq_seed
wfpt-00621,luta,,,649,,shortlisted_from_wordfreq_seed
wfpt-00622,manter,,,650,,shortlisted_from_wordfreq_seed
wfpt-00623,mensagem,,,651,,shortlisted_from_wordfreq_seed
wfpt-00624,novamente,,,652,,shortlisted_from_wordfreq_seed
wfpt-00625,obrigada,,,653,,shortlisted_from_wordfreq_seed
wfpt-00626,organização,,,654,,shortlisted_from_wordfreq_seed
wfpt-00627,palavra,,,655,,shortlisted_from_wordfreq_seed
wfpt-00628,parar,,,656,,shortlisted_from_wordfreq_seed
wfpt-00629,pergunta,,,657,,shortlisted_from_wordfreq_seed
wfpt-00630,significa,,,658,,shortlisted_from_wordfreq_seed
wfpt-00631,tentar,,,659,,shortlisted_from_wordfreq_seed
wfpt-00632,teria,,,660,,shortlisted_from_wordfreq_seed
wfpt-00633,tirar,,,661,,shortlisted_from_wordfreq_seed
wfpt-00635,amo,,,663,,shortlisted_from_wordfreq_seed
wfpt-00637,assunto,,,665,,shortlisted_from_wordfreq_seed
wfpt-00638,central,,,666,,shortlisted_from_wordfreq_seed
wfpt-00639,comum,,,667,,shortlisted_from_wordfreq_seed
wfpt-00640,conseguir,,,668,,shortlisted_from_wordfreq_seed
wfpt-00641,decisão,,,669,,shortlisted_from_wordfreq_seed
wfpt-00642,devem,,,670,,shortlisted_from_wordfreq_seed
wfpt-00643,faça,,,671,,shortlisted_from_wordfreq_seed
wfpt-00644,houve,,,672,,shortlisted_from_wordfreq_seed
wfpt-00645,joão,,,673,,shortlisted_from_wordfreq_seed
wfpt-00646,maiores,,,674,,shortlisted_from_wordfreq_seed
wfpt-00648,querem,,,676,,shortlisted_from_wordfreq_seed
wfpt-00649,sentido,,,677,,shortlisted_from_wordfreq_seed
wfpt-00650,sexo,,,678,,shortlisted_from_wordfreq_seed
wfpt-00651,tecnologia,,,679,,shortlisted_from_wordfreq_seed
wfpt-00652,texto,,,680,,shortlisted_from_wordfreq_seed
wfpt-00653,época,,,681,,shortlisted_from_wordfreq_seed
wfpt-00654,arte,,,682,,shortlisted_from_wordfreq_seed
wfpt-00655,artigo,,,683,,shortlisted_from_wordfreq_seed
wfpt-00656,casos,,,684,,shortlisted_from_wordfreq_seed
wfpt-00657,comunidade,,,685,,shortlisted_from_wordfreq_seed
wfpt-00658,criar,,,686,,shortlisted_from_wordfreq_seed
wfpt-00659,facebook,,,687,,shortlisted_from_wordfreq_seed
wfpt-00660,longe,,,689,,shortlisted_from_wordfreq_seed
wfpt-00661,prova,,,690,,shortlisted_from_wordfreq_seed
wfpt-00662,sentir,,,691,,shortlisted_from_wordfreq_seed
wfpt-00663,vontade,,,692,,shortlisted_from_wordfreq_seed
wfpt-00664,acima,,,693,,shortlisted_from_wordfreq_seed
wfpt-00665,atual,,,694,,shortlisted_from_wordfreq_seed
wfpt-00666,civil,,,695,,shortlisted_from_wordfreq_seed
wfpt-00667,colocar,,,696,,shortlisted_from_wordfreq_seed
wfpt-00668,errado,,,697,,shortlisted_from_wordfreq_seed
wfpt-00669,existem,,,698,,shortlisted_from_wordfreq_seed
wfpt-00670,incluindo,,,699,,shortlisted_from_wordfreq_seed
wfpt-00671,livros,,,700,,shortlisted_from_wordfreq_seed
wfpt-00672,obra,,,702,,shortlisted_from_wordfreq_seed
wfpt-00673,olhar,,,703,,shortlisted_from_wordfreq_seed
wfpt-00674,perder,,,704,,shortlisted_from_wordfreq_seed
wfpt-00675,página,,,705,,shortlisted_from_wordfreq_seed
wfpt-00676,somente,,,706,,shortlisted_from_wordfreq_seed
wfpt-00677,usando,,,707,,shortlisted_from_wordfreq_seed
wfpt-00678,abaixo,,,708,,shortlisted_from_wordfreq_seed
wfpt-00679,conhecer,,,709,,shortlisted_from_wordfreq_seed
wfpt-00680,dizendo,,,710,,shortlisted_from_wordfreq_seed
wfpt-00681,gosta,,,711,,shortlisted_from_wordfreq_seed
wfpt-00682,mostrar,,,712,,shortlisted_from_wordfreq_seed
wfpt-00683,participação,,,713,,shortlisted_from_wordfreq_seed
wfpt-00684,pedir,,,714,,shortlisted_from_wordfreq_seed
wfpt-00685,posição,,,715,,shortlisted_from_wordfreq_seed
wfpt-00686,possui,,,716,,shortlisted_from_wordfreq_seed
wfpt-00687,sabia,,,717,,shortlisted_from_wordfreq_seed
wfpt-00688,serviços,,,718,,shortlisted_from_wordfreq_seed
wfpt-00689,super,,,719,,shortlisted_from_wordfreq_seed
wfpt-00690,áreas,,,720,,shortlisted_from_wordfreq_seed
wfpt-00691,achei,,,721,,shortlisted_from_wordfreq_seed
wfpt-00692,continuar,,,722,,shortlisted_from_wordfreq_seed
wfpt-00693,defesa,,,723,,shortlisted_from_wordfreq_seed
wfpt-00694,deixou,,,724,,shortlisted_from_wordfreq_seed
wfpt-00695,faço,,,725,,shortlisted_from_wordfreq_seed
wfpt-00696,online,,,726,,shortlisted_from_wordfreq_seed
wfpt-00697,original,,,727,,shortlisted_from_wordfreq_seed
wfpt-00698,pequeno,,,728,,shortlisted_from_wordfreq_seed
wfpt-00699,simples,,,729,,shortlisted_from_wordfreq_seed
wfpt-00700,tive,,,730,,shortlisted_from_wordfreq_seed
wfpt-00701,versão,,,731,,shortlisted_from_wordfreq_seed
wfpt-00702,vitória,,,732,,shortlisted_from_wordfreq_seed
wfpt-00703,acontecer,,,733,,shortlisted_from_wordfreq_seed
wfpt-00704,boca,,,735,,shortlisted_from_wordfreq_seed
wfpt-00705,canal,,,736,,shortlisted_from_wordfreq_seed
wfpt-00706,carlos,,,737,,shortlisted_from_wordfreq_seed
wfpt-00707,comunicação,,,738,,shortlisted_from_wordfreq_seed
wfpt-00708,consegue,,,739,,shortlisted_from_wordfreq_seed
wfpt-00709,contar,,,740,,shortlisted_from_wordfreq_seed
wfpt-00710,feita,,,741,,shortlisted_from_wordfreq_seed
wfpt-00711,ministério,,,742,,shortlisted_from_wordfreq_seed
wfpt-00712,morrer,,,743,,shortlisted_from_wordfreq_seed
wfpt-00713,pegar,,,744,,shortlisted_from_wordfreq_seed
wfpt-00714,pior,,,745,,shortlisted_from_wordfreq_seed
wfpt-00715,resultados,,,746,,shortlisted_from_wordfreq_seed
wfpt-00716,terá,,,747,,shortlisted_from_wordfreq_seed
wfpt-00717,veio,,,748,,shortlisted_from_wordfreq_seed
wfpt-00718,boas,,,750,,shortlisted_from_wordfreq_seed
wfpt-00719,campanha,,,751,,shortlisted_from_wordfreq_seed
wfpt-00720,chefe,,,752,,shortlisted_from_wordfreq_seed
wfpt-00721,comer,,,753,,shortlisted_from_wordfreq_seed
wfpt-00722,conhecido,,,754,,shortlisted_from_wordfreq_seed
wfpt-00723,continua,,,755,,shortlisted_from_wordfreq_seed
wfpt-00724,câmara,,,756,,shortlisted_from_wordfreq_seed
wfpt-00725,entender,,,757,,shortlisted_from_wordfreq_seed
wfpt-00726,eventos,,,758,,shortlisted_from_wordfreq_seed
wfpt-00727,mercado,,,759,,shortlisted_from_wordfreq_seed
wfpt-00728,ministro,,,760,,shortlisted_from_wordfreq_seed
wfpt-00729,mãos,,,761,,shortlisted_from_wordfreq_seed
wfpt-00730,resposta,,,762,,shortlisted_from_wordfreq_seed
wfpt-00731,serão,,,763,,shortlisted_from_wordfreq_seed
wfpt-00732,sol,,,764,,shortlisted_from_wordfreq_seed
wfpt-00733,tornou,,,765,,shortlisted_from_wordfreq_seed
wfpt-00734,trata,,,766,,shortlisted_from_wordfreq_seed
wfpt-00735,últimos,,,767,,shortlisted_from_wordfreq_seed
wfpt-00736,busca,,,768,,shortlisted_from_wordfreq_seed
wfpt-00737,conseguiu,,,769,,shortlisted_from_wordfreq_seed
wfpt-00738,criação,,,770,,shortlisted_from_wordfreq_seed
wfpt-00739,dez,,,771,,shortlisted_from_wordfreq_seed
wfpt-00740,mostra,,,772,,shortlisted_from_wordfreq_seed
wfpt-00741,pequena,,,773,,shortlisted_from_wordfreq_seed
wfpt-00742,pesquisa,,,774,,shortlisted_from_wordfreq_seed
wfpt-00743,recursos,,,775,,shortlisted_from_wordfreq_seed
wfpt-00744,república,,,776,,shortlisted_from_wordfreq_seed
wfpt-00745,show,,,778,,shortlisted_from_wordfreq_seed
wfpt-00747,ambiente,,,780,,shortlisted_from_wordfreq_seed
wfpt-00748,chama,,,781,,shortlisted_from_wordfreq_seed
wfpt-00749,chamada,,,782,,shortlisted_from_wordfreq_seed
wfpt-00750,diversas,,,783,,shortlisted_from_wordfreq_seed
wfpt-00751,dizem,,,784,,shortlisted_from_wordfreq_seed
wfpt-00752,europa,,,785,,shortlisted_from_wordfreq_seed
wfpt-00753,finalmente,,,786,,shortlisted_from_wordfreq_seed
wfpt-00754,ganhar,,,787,,shortlisted_from_wordfreq_seed
wfpt-00755,http,,,788,,shortlisted_from_wordfreq_seed
wfpt-00756,morreu,,,789,,shortlisted_from_wordfreq_seed
wfpt-00757,passo,,,790,,shortlisted_from_wordfreq_seed
wfpt-00758,político,,,791,,shortlisted_from_wordfreq_seed
wfpt-00759,portanto,,,792,,shortlisted_from_wordfreq_seed
wfpt-00760,razão,,,793,,shortlisted_from_wordfreq_seed
wfpt-00761,rei,,,794,,shortlisted_from_wordfreq_seed
wfpt-00762,sexta,,,796,,shortlisted_from_wordfreq_seed
wfpt-00763,simplesmente,,,797,,shortlisted_from_wordfreq_seed
wfpt-00764,associação,,,798,,shortlisted_from_wordfreq_seed
wfpt-00765,blog,,,799,,shortlisted_from_wordfreq_seed
wfpt-00766,casamento,,,800,,shortlisted_from_wordfreq_seed
wfpt-00767,começa,,,801,,shortlisted_from_wordfreq_seed
wfpt-00768,data,,,802,,shortlisted_from_wordfreq_seed
wfpt-00769,exército,,,803,,shortlisted_from_wordfreq_seed
wfpt-00770,hospital,,,804,,shortlisted_from_wordfreq_seed
wfpt-00771,humanos,,,805,,shortlisted_from_wordfreq_seed
wfpt-00772,interesse,,,806,,shortlisted_from_wordfreq_seed
wfpt-00773,locais,,,807,,shortlisted_from_wordfreq_seed
wfpt-00774,motivo,,,808,,shortlisted_from_wordfreq_seed
wfpt-00775,pagar,,,809,,shortlisted_from_wordfreq_seed
wfpt-00776,realidade,,,810,,shortlisted_from_wordfreq_seed
wfpt-00777,rápido,,,811,,shortlisted_from_wordfreq_seed
wfpt-00778,serem,,,812,,shortlisted_from_wordfreq_seed
wfpt-00779,tentando,,,813,,shortlisted_from_wordfreq_seed
wfpt-00780,tribunal,,,814,,shortlisted_from_wordfreq_seed
wfpt-00781,união,,,815,,shortlisted_from_wordfreq_seed
wfpt-00782,viagem,,,816,,shortlisted_from_wordfreq_seed
wfpt-00784,alta,,,818,,shortlisted_from_wordfreq_seed
wfpt-00785,ambos,,,819,,shortlisted_from_wordfreq_seed
wfpt-00787,banco,,,821,,shortlisted_from_wordfreq_seed
wfpt-00788,condições,,,822,,shortlisted_from_wordfreq_seed
wfpt-00789,conteúdo,,,823,,shortlisted_from_wordfreq_seed
wfpt-00790,desses,,,824,,shortlisted_from_wordfreq_seed
wfpt-00791,espera,,,825,,shortlisted_from_wordfreq_seed
wfpt-00792,etc,,,826,,shortlisted_from_wordfreq_seed
wfpt-00793,jornal,,,827,,shortlisted_from_wordfreq_seed
wfpt-00794,mar,,,828,,shortlisted_from_wordfreq_seed
wfpt-00795,obras,,,829,,shortlisted_from_wordfreq_seed
wfpt-00796,pedro,,,830,,shortlisted_from_wordfreq_seed
wfpt-00797,popular,,,831,,shortlisted_from_wordfreq_seed
wfpt-00798,porta,,,832,,shortlisted_from_wordfreq_seed
wfpt-00799,praia,,,833,,shortlisted_from_wordfreq_seed
wfpt-00800,prisão,,,834,,shortlisted_from_wordfreq_seed
wfpt-00801,responsável,,,835,,shortlisted_from_wordfreq_seed
wfpt-00802,revista,,,836,,shortlisted_from_wordfreq_seed
wfpt-00803,senhora,,,837,,shortlisted_from_wordfreq_seed
wfpt-00804,silva,,,838,,shortlisted_from_wordfreq_seed
wfpt-00805,tais,,,839,,shortlisted_from_wordfreq_seed
wfpt-00806,tema,,,840,,shortlisted_from_wordfreq_seed
wfpt-00807,acabar,,,841,,shortlisted_from_wordfreq_seed
wfpt-00808,americano,,,842,,shortlisted_from_wordfreq_seed
wfpt-00809,ataque,,,843,,shortlisted_from_wordfreq_seed
wfpt-00810,atualmente,,,844,,shortlisted_from_wordfreq_seed
wfpt-00811,autor,,,845,,shortlisted_from_wordfreq_seed
wfpt-00812,clube,,,846,,shortlisted_from_wordfreq_seed
wfpt-00813,curso,,,847,,shortlisted_from_wordfreq_seed
wfpt-00814,diversos,,,848,,shortlisted_from_wordfreq_seed
wfpt-00815,forças,,,849,,shortlisted_from_wordfreq_seed
wfpt-00816,fundo,,,850,,shortlisted_from_wordfreq_seed
wfpt-00817,jovens,,,851,,shortlisted_from_wordfreq_seed
wfpt-00818,las,,,852,,shortlisted_from_wordfreq_seed
wfpt-00819,levou,,,853,,shortlisted_from_wordfreq_seed
wfpt-00820,liga,,,854,,shortlisted_from_wordfreq_seed
wfpt-00821,presença,,,855,,shortlisted_from_wordfreq_seed
wfpt-00822,próxima,,,856,,shortlisted_from_wordfreq_seed
wfpt-00823,rádio,,,857,,shortlisted_from_wordfreq_seed
wfpt-00824,sete,,,858,,shortlisted_from_wordfreq_seed
wfpt-00825,tornar,,,859,,shortlisted_from_wordfreq_seed
wfpt-00826,trás,,,860,,shortlisted_from_wordfreq_seed
wfpt-00828,verde,,,862,,shortlisted_from_wordfreq_seed
wfpt-00829,branco,,,863,,shortlisted_from_wordfreq_seed
wfpt-00830,brasileiros,,,864,,shortlisted_from_wordfreq_seed
wfpt-00831,comida,,,865,,shortlisted_from_wordfreq_seed
wfpt-00832,especialmente,,,866,,shortlisted_from_wordfreq_seed
wfpt-00833,experiência,,,867,,shortlisted_from_wordfreq_seed
wfpt-00834,fase,,,868,,shortlisted_from_wordfreq_seed
wfpt-00835,importantes,,,869,,shortlisted_from_wordfreq_seed
wfpt-00836,leva,,,870,,shortlisted_from_wordfreq_seed
wfpt-00837,modelo,,,871,,shortlisted_from_wordfreq_seed
wfpt-00838,natal,,,872,,shortlisted_from_wordfreq_seed
wfpt-00839,nota,,,873,,shortlisted_from_wordfreq_seed
wfpt-00840,opinião,,,874,,shortlisted_from_wordfreq_seed
wfpt-00841,oportunidade,,,875,,shortlisted_from_wordfreq_seed
wfpt-00842,ouro,,,876,,shortlisted_from_wordfreq_seed
wfpt-00843,projetos,,,877,,shortlisted_from_wordfreq_seed
wfpt-00845,semanas,,,879,,shortlisted_from_wordfreq_seed
wfpt-00846,sábado,,,880,,shortlisted_from_wordfreq_seed
wfpt-00847,termos,,,881,,shortlisted_from_wordfreq_seed
wfpt-00849,bairro,,,883,,shortlisted_from_wordfreq_seed
wfpt-00850,chamar,,,884,,shortlisted_from_wordfreq_seed
wfpt-00851,costa,,,885,,shortlisted_from_wordfreq_seed
wfpt-00852,crime,,,886,,shortlisted_from_wordfreq_seed
wfpt-00853,código,,,887,,shortlisted_from_wordfreq_seed
wfpt-00854,diretor,,,888,,shortlisted_from_wordfreq_seed
wfpt-00855,domingo,,,889,,shortlisted_from_wordfreq_seed
wfpt-00856,encontra,,,890,,shortlisted_from_wordfreq_seed
wfpt-00857,esperar,,,891,,shortlisted_from_wordfreq_seed
wfpt-00858,estudos,,,892,,shortlisted_from_wordfreq_seed
wfpt-00859,falou,,,893,,shortlisted_from_wordfreq_seed
wfpt-00860,fonte,,,894,,shortlisted_from_wordfreq_seed
wfpt-00861,graças,,,895,,shortlisted_from_wordfreq_seed
wfpt-00862,importa,,,896,,shortlisted_from_wordfreq_seed
wfpt-00863,instituto,,,897,,shortlisted_from_wordfreq_seed
wfpt-00864,john,,,898,,shortlisted_from_wordfreq_seed
wfpt-00865,mortos,,,899,,shortlisted_from_wordfreq_seed
wfpt-00866,notícias,,,900,,shortlisted_from_wordfreq_seed
wfpt-00867,recebeu,,,901,,shortlisted_from_wordfreq_seed
wfpt-00868,redes,,,902,,shortlisted_from_wordfreq_seed
wfpt-00869,tempos,,,903,,shortlisted_from_wordfreq_seed
wfpt-00870,tinham,,,904,,shortlisted_from_wordfreq_seed
wfpt-00871,altura,,,905,,shortlisted_from_wordfreq_seed
wfpt-00872,armas,,,906,,shortlisted_from_wordfreq_seed
wfpt-00873,ações,,,907,,shortlisted_from_wordfreq_seed
wfpt-00874,banda,,,908,,shortlisted_from_wordfreq_seed
wfpt-00875,companhia,,,909,,shortlisted_from_wordfreq_seed
wfpt-00876,dando,,,910,,shortlisted_from_wordfreq_seed
wfpt-00877,dessas,,,911,,shortlisted_from_wordfreq_seed
wfpt-00878,dormir,,,912,,shortlisted_from_wordfreq_seed
wfpt-00879,economia,,,913,,shortlisted_from_wordfreq_seed
wfpt-00880,fiquei,,,914,,shortlisted_from_wordfreq_seed
wfpt-00881,fizeram,,,915,,shortlisted_from_wordfreq_seed
wfpt-00882,gostaria,,,916,,shortlisted_from_wordfreq_seed
wfpt-00883,imagens,,,917,,shortlisted_from_wordfreq_seed
wfpt-00884,jogar,,,918,,shortlisted_from_wordfreq_seed
wfpt-00885,liberdade,,,919,,shortlisted_from_wordfreq_seed
wfpt-00886,possa,,,920,,shortlisted_from_wordfreq_seed
wfpt-00887,receber,,,921,,shortlisted_from_wordfreq_seed
wfpt-00888,sabem,,,922,,shortlisted_from_wordfreq_seed
wfpt-00889,sejam,,,923,,shortlisted_from_wordfreq_seed
wfpt-00890,seleção,,,924,,shortlisted_from_wordfreq_seed
wfpt-00891,superior,,,925,,shortlisted_from_wordfreq_seed
wfpt-00892,tivesse,,,926,,shortlisted_from_wordfreq_seed
wfpt-00893,velho,,,927,,shortlisted_from_wordfreq_seed
wfpt-00894,atividades,,,928,,shortlisted_from_wordfreq_seed
wfpt-00895,aumento,,,929,,shortlisted_from_wordfreq_seed
wfpt-00896,cabelo,,,930,,shortlisted_from_wordfreq_seed
wfpt-00897,café,,,931,,shortlisted_from_wordfreq_seed
wfpt-00898,cultural,,,932,,shortlisted_from_wordfreq_seed
wfpt-00899,desculpa,,,933,,shortlisted_from_wordfreq_seed
wfpt-00900,dor,,,934,,shortlisted_from_wordfreq_seed
wfpt-00901,ensino,,,935,,shortlisted_from_wordfreq_seed
wfpt-00902,escolha,,,936,,shortlisted_from_wordfreq_seed
wfpt-00903,faculdade,,,937,,shortlisted_from_wordfreq_seed
wfpt-00904,fogo,,,938,,shortlisted_from_wordfreq_seed
wfpt-00905,irmã,,,939,,shortlisted_from_wordfreq_seed
wfpt-00906,juntos,,,940,,shortlisted_from_wordfreq_seed
wfpt-00907,pensando,,,941,,shortlisted_from_wordfreq_seed
wfpt-00908,podia,,,942,,shortlisted_from_wordfreq_seed
wfpt-00910,primeiros,,,944,,shortlisted_from_wordfreq_seed
wfpt-00911,profissional,,,945,,shortlisted_from_wordfreq_seed
wfpt-00912,prêmio,,,946,,shortlisted_from_wordfreq_seed
wfpt-00913,reais,,,947,,shortlisted_from_wordfreq_seed
wfpt-00914,relações,,,948,,shortlisted_from_wordfreq_seed
wfpt-00915,sorte,,,949,,shortlisted_from_wordfreq_seed
wfpt-00916,televisão,,,950,,shortlisted_from_wordfreq_seed
wfpt-00917,comissão,,,951,,shortlisted_from_wordfreq_seed
wfpt-00918,diferença,,,952,,shortlisted_from_wordfreq_seed
wfpt-00919,digital,,,953,,shortlisted_from_wordfreq_seed
wfpt-00920,direção,,,954,,shortlisted_from_wordfreq_seed
wfpt-00921,entrada,,,955,,shortlisted_from_wordfreq_seed
wfpt-00922,estilo,,,956,,shortlisted_from_wordfreq_seed
wfpt-00923,eua,,,957,,shortlisted_from_wordfreq_seed
wfpt-00924,formação,,,958,,shortlisted_from_wordfreq_seed
wfpt-00925,globo,,,959,,shortlisted_from_wordfreq_seed
wfpt-00926,humano,,,960,,shortlisted_from_wordfreq_seed
wfpt-00927,indo,,,961,,shortlisted_from_wordfreq_seed
wfpt-00928,lembra,,,962,,shortlisted_from_wordfreq_seed
wfpt-00929,líder,,,963,,shortlisted_from_wordfreq_seed
wfpt-00930,massa,,,964,,shortlisted_from_wordfreq_seed
wfpt-00931,missão,,,965,,shortlisted_from_wordfreq_seed
wfpt-00932,monte,,,966,,shortlisted_from_wordfreq_seed
wfpt-00933,municipal,,,967,,shortlisted_from_wordfreq_seed
wfpt-00934,médico,,,968,,shortlisted_from_wordfreq_seed
wfpt-00935,negócio,,,969,,shortlisted_from_wordfreq_seed
wfpt-00936,normal,,,970,,shortlisted_from_wordfreq_seed
wfpt-00937,partes,,,971,,shortlisted_from_wordfreq_seed
wfpt-00938,pensa,,,972,,shortlisted_from_wordfreq_seed
wfpt-00939,quarta,,,973,,shortlisted_from_wordfreq_seed
wfpt-00940,resto,,,974,,shortlisted_from_wordfreq_seed
wfpt-00941,título,,,975,,shortlisted_from_wordfreq_seed
wfpt-00942,visita,,,976,,shortlisted_from_wordfreq_seed
wfpt-00943,votos,,,977,,shortlisted_from_wordfreq_seed
wfpt-00944,you,,,978,,shortlisted_from_wordfreq_seed
wfpt-00945,zona,,,979,,shortlisted_from_wordfreq_seed
wfpt-00946,animais,,,980,,shortlisted_from_wordfreq_seed
wfpt-00947,aprender,,,981,,shortlisted_from_wordfreq_seed
wfpt-00948,cama,,,982,,shortlisted_from_wordfreq_seed
wfpt-00949,certa,,,983,,shortlisted_from_wordfreq_seed
wfpt-00950,conhecimento,,,984,,shortlisted_from_wordfreq_seed
wfpt-00951,estudo,,,985,,shortlisted_from_wordfreq_seed
wfpt-00952,filmes,,,986,,shortlisted_from_wordfreq_seed
wfpt-00953,interior,,,987,,shortlisted_from_wordfreq_seed
wfpt-00954,licença,,,988,,shortlisted_from_wordfreq_seed
wfpt-00955,linda,,,989,,shortlisted_from_wordfreq_seed
wfpt-00956,mente,,,990,,shortlisted_from_wordfreq_seed
wfpt-00957,mudança,,,991,,shortlisted_from_wordfreq_seed
wfpt-00958,município,,,992,,shortlisted_from_wordfreq_seed
wfpt-00959,média,,,993,,shortlisted_from_wordfreq_seed
wfpt-00960,médio,,,994,,shortlisted_from_wordfreq_seed
wfpt-00961,negócios,,,995,,shortlisted_from_wordfreq_seed
wfpt-00962,preço,,,996,,shortlisted_from_wordfreq_seed
wfpt-00963,qualidade,,,997,,shortlisted_from_wordfreq_seed
wfpt-00964,sai,,,998,,shortlisted_from_wordfreq_seed
wfpt-00966,acredita,,,1001,,shortlisted_from_wordfreq_seed
wfpt-00968,aniversário,,,1003,,shortlisted_from_wordfreq_seed
wfpt-00969,celular,,,1004,,shortlisted_from_wordfreq_seed
wfpt-00970,china,,,1005,,shortlisted_from_wordfreq_seed
wfpt-00971,conversa,,,1006,,shortlisted_from_wordfreq_seed
wfpt-00972,corte,,,1007,,shortlisted_from_wordfreq_seed
wfpt-00973,delas,,,1008,,shortlisted_from_wordfreq_seed
wfpt-00974,escrever,,,1009,,shortlisted_from_wordfreq_seed
wfpt-00975,esposa,,,1010,,shortlisted_from_wordfreq_seed
wfpt-00976,frança,,,1011,,shortlisted_from_wordfreq_seed
wfpt-00977,ilha,,,1012,,shortlisted_from_wordfreq_seed
wfpt-00978,marca,,,1013,,shortlisted_from_wordfreq_seed
wfpt-00979,medida,,,1014,,shortlisted_from_wordfreq_seed
wfpt-00980,menina,,,1015,,shortlisted_from_wordfreq_seed
wfpt-00981,metade,,,1016,,shortlisted_from_wordfreq_seed
wfpt-00982,natural,,,1017,,shortlisted_from_wordfreq_seed
wfpt-00983,perfil,,,1018,,shortlisted_from_wordfreq_seed
wfpt-00984,portuguesa,,,1019,,shortlisted_from_wordfreq_seed
wfpt-00985,preso,,,1020,,shortlisted_from_wordfreq_seed
wfpt-00986,querer,,,1021,,shortlisted_from_wordfreq_seed
wfpt-00987,usuários,,,1022,,shortlisted_from_wordfreq_seed
wfpt-00988,verão,,,1024,,shortlisted_from_wordfreq_seed
wfpt-00989,apresenta,,,1025,,shortlisted_from_wordfreq_seed
wfpt-00990,contrário,,,1026,,shortlisted_from_wordfreq_seed
wfpt-00992,esquerda,,,1028,,shortlisted_from_wordfreq_seed
wfpt-00993,ganhou,,,1029,,shortlisted_from_wordfreq_seed
wfpt-00994,incrível,,,1030,,shortlisted_from_wordfreq_seed
wfpt-00995,menor,,,1031,,shortlisted_from_wordfreq_seed
wfpt-00996,natureza,,,1032,,shortlisted_from_wordfreq_seed
wfpt-00998,perdeu,,,1034,,shortlisted_from_wordfreq_seed
wfpt-00999,saiu,,,1035,,shortlisted_from_wordfreq_seed
wfpt-01000,sente,,,1036,,shortlisted_from_wordfreq_seed
wfpt-01001,visão,,,1037,,shortlisted_from_wordfreq_seed
wfpt-01002,abrir,,,1038,,shortlisted_from_wordfreq_seed
wfpt-01003,alunos,,,1039,,shortlisted_from_wordfreq_seed
wfpt-01004,capacidade,,,1040,,shortlisted_from_wordfreq_seed
wfpt-01005,capaz,,,1041,,shortlisted_from_wordfreq_seed
wfpt-01006,carta,,,1042,,shortlisted_from_wordfreq_seed
wfpt-01007,cedo,,,1043,,shortlisted_from_wordfreq_seed
wfpt-01008,conjunto,,,1044,,shortlisted_from_wordfreq_seed
wfpt-01009,deixe,,,1045,,shortlisted_from_wordfreq_seed
wfpt-01010,fernando,,,1046,,shortlisted_from_wordfreq_seed
wfpt-01011,fome,,,1047,,shortlisted_from_wordfreq_seed
wfpt-01012,inclusive,,,1048,,shortlisted_from_wordfreq_seed
wfpt-01013,lembrar,,,1049,,shortlisted_from_wordfreq_seed
wfpt-01014,lembro,,,1050,,shortlisted_from_wordfreq_seed
wfpt-01015,leste,,,1051,,shortlisted_from_wordfreq_seed
wfpt-01016,lugares,,,1052,,shortlisted_from_wordfreq_seed
wfpt-01017,matar,,,1053,,shortlisted_from_wordfreq_seed
wfpt-01018,meia,,,1054,,shortlisted_from_wordfreq_seed
wfpt-01019,parque,,,1055,,shortlisted_from_wordfreq_seed
wfpt-01020,proposta,,,1056,,shortlisted_from_wordfreq_seed
wfpt-01021,reunião,,,1057,,shortlisted_from_wordfreq_seed
wfpt-01022,sonho,,,1058,,shortlisted_from_wordfreq_seed
wfpt-01024,transporte,,,1060,,shortlisted_from_wordfreq_seed
wfpt-01025,voltou,,,1061,,shortlisted_from_wordfreq_seed
wfpt-01026,achar,,,1062,,shortlisted_from_wordfreq_seed
wfpt-01027,conhece,,,1063,,shortlisted_from_wordfreq_seed
wfpt-01028,contas,,,1064,,shortlisted_from_wordfreq_seed
wfpt-01029,cor,,,1065,,shortlisted_from_wordfreq_seed
wfpt-01030,culpa,,,1066,,shortlisted_from_wordfreq_seed
wfpt-01031,dado,,,1067,,shortlisted_from_wordfreq_seed
wfpt-01032,departamento,,,1068,,shortlisted_from_wordfreq_seed
wfpt-01033,dólares,,,1069,,shortlisted_from_wordfreq_seed
wfpt-01034,eleições,,,1070,,shortlisted_from_wordfreq_seed
wfpt-01035,emprego,,,1071,,shortlisted_from_wordfreq_seed
wfpt-01036,escolas,,,1072,,shortlisted_from_wordfreq_seed
wfpt-01037,escreveu,,,1073,,shortlisted_from_wordfreq_seed
wfpt-01038,estrutura,,,1074,,shortlisted_from_wordfreq_seed
wfpt-01039,exatamente,,,1075,,shortlisted_from_wordfreq_seed
wfpt-01040,fico,,,1076,,shortlisted_from_wordfreq_seed
wfpt-01041,formas,,,1077,,shortlisted_from_wordfreq_seed
wfpt-01042,importância,,,1078,,shortlisted_from_wordfreq_seed
wfpt-01043,interessante,,,1079,,shortlisted_from_wordfreq_seed
wfpt-01044,nomes,,,1080,,shortlisted_from_wordfreq_seed
wfpt-01045,operação,,,1081,,shortlisted_from_wordfreq_seed
wfpt-01046,origem,,,1082,,shortlisted_from_wordfreq_seed
wfpt-01047,provavelmente,,,1083,,shortlisted_from_wordfreq_seed
wfpt-01048,risco,,,1084,,shortlisted_from_wordfreq_seed
wfpt-01049,suficiente,,,1086,,shortlisted_from_wordfreq_seed
wfpt-01050,temporada,,,1087,,shortlisted_from_wordfreq_seed
wfpt-01051,trabalhos,,,1088,,shortlisted_from_wordfreq_seed
wfpt-01052,usado,,,1089,,shortlisted_from_wordfreq_seed
wfpt-01054,beleza,,,1091,,shortlisted_from_wordfreq_seed
wfpt-01055,cabo,,,1092,,shortlisted_from_wordfreq_seed
wfpt-01056,esperando,,,1093,,shortlisted_from_wordfreq_seed
wfpt-01057,esteja,,,1094,,shortlisted_from_wordfreq_seed
wfpt-01059,morto,,,1096,,shortlisted_from_wordfreq_seed
wfpt-01060,músicas,,,1097,,shortlisted_from_wordfreq_seed
wfpt-01061,necessidade,,,1098,,shortlisted_from_wordfreq_seed
wfpt-01062,oito,,,1099,,shortlisted_from_wordfreq_seed
wfpt-01063,queremos,,,1100,,shortlisted_from_wordfreq_seed
wfpt-01064,quinta,,,1101,,shortlisted_from_wordfreq_seed
wfpt-01065,século,,,1102,,shortlisted_from_wordfreq_seed
wfpt-01066,usa,,,1103,,shortlisted_from_wordfreq_seed
wfpt-01067,vive,,,1104,,shortlisted_from_wordfreq_seed
wfpt-01068,acaba,,,1105,,shortlisted_from_wordfreq_seed
wfpt-01069,americana,,,1106,,shortlisted_from_wordfreq_seed
wfpt-01070,americanos,,,1107,,shortlisted_from_wordfreq_seed
wfpt-01071,amiga,,,1108,,shortlisted_from_wordfreq_seed
wfpt-01072,anterior,,,1109,,shortlisted_from_wordfreq_seed
wfpt-01073,belo,,,1110,,shortlisted_from_wordfreq_seed
wfpt-01074,cinema,,,1111,,shortlisted_from_wordfreq_seed
wfpt-01075,classe,,,1112,,shortlisted_from_wordfreq_seed
wfpt-01076,começo,,,1113,,shortlisted_from_wordfreq_seed
wfpt-01077,criado,,,1114,,shortlisted_from_wordfreq_seed
wfpt-01078,entrevista,,,1115,,shortlisted_from_wordfreq_seed
wfpt-01079,estação,,,1116,,shortlisted_from_wordfreq_seed
wfpt-01081,histórias,,,1118,,shortlisted_from_wordfreq_seed
wfpt-01082,lula,,,1119,,shortlisted_from_wordfreq_seed
wfpt-01083,material,,,1120,,shortlisted_from_wordfreq_seed
wfpt-01084,momentos,,,1121,,shortlisted_from_wordfreq_seed
wfpt-01085,mudou,,,1122,,shortlisted_from_wordfreq_seed
wfpt-01086,méxico,,,1123,,shortlisted_from_wordfreq_seed
wfpt-01087,necessário,,,1124,,shortlisted_from_wordfreq_seed
wfpt-01088,passando,,,1125,,shortlisted_from_wordfreq_seed
wfpt-01089,pedido,,,1126,,shortlisted_from_wordfreq_seed
wfpt-01090,perfeito,,,1127,,shortlisted_from_wordfreq_seed
wfpt-01091,porra,,,1128,,shortlisted_from_wordfreq_seed
wfpt-01092,prática,,,1129,,shortlisted_from_wordfreq_seed
wfpt-01093,realizado,,,1130,,shortlisted_from_wordfreq_seed
wfpt-01094,sangue,,,1131,,shortlisted_from_wordfreq_seed
wfpt-01095,sede,,,1132,,shortlisted_from_wordfreq_seed
wfpt-01096,seguida,,,1133,,shortlisted_from_wordfreq_seed
wfpt-01097,som,,,1134,,shortlisted_from_wordfreq_seed
wfpt-01098,administração,,,1135,,shortlisted_from_wordfreq_seed
wfpt-01099,azul,,,1136,,shortlisted_from_wordfreq_seed
wfpt-01100,carreira,,,1137,,shortlisted_from_wordfreq_seed
wfpt-01101,casas,,,1138,,shortlisted_from_wordfreq_seed
wfpt-01102,cena,,,1139,,shortlisted_from_wordfreq_seed
wfpt-01103,chão,,,1140,,shortlisted_from_wordfreq_seed
wfpt-01104,completamente,,,1141,,shortlisted_from_wordfreq_seed
wfpt-01105,cuidado,,,1142,,shortlisted_from_wordfreq_seed
wfpt-01107,escrito,,,1144,,shortlisted_from_wordfreq_seed
wfpt-01108,esteve,,,1145,,shortlisted_from_wordfreq_seed
wfpt-01109,função,,,1146,,shortlisted_from_wordfreq_seed
wfpt-01110,membro,,,1148,,shortlisted_from_wordfreq_seed
wfpt-01111,participar,,,1149,,shortlisted_from_wordfreq_seed
wfpt-01112,precisam,,,1150,,shortlisted_from_wordfreq_seed
wfpt-01113,pressão,,,1151,,shortlisted_from_wordfreq_seed
wfpt-01114,procura,,,1152,,shortlisted_from_wordfreq_seed
wfpt-01115,programas,,,1153,,shortlisted_from_wordfreq_seed
wfpt-01116,publicado,,,1154,,shortlisted_from_wordfreq_seed
wfpt-01117,torna,,,1156,,shortlisted_from_wordfreq_seed
wfpt-01118,totalmente,,,1157,,shortlisted_from_wordfreq_seed
wfpt-01119,ana,,,1158,,shortlisted_from_wordfreq_seed
wfpt-01120,andar,,,1159,,shortlisted_from_wordfreq_seed
wfpt-01121,contato,,,1160,,shortlisted_from_wordfreq_seed
wfpt-01122,crescimento,,,1161,,shortlisted_from_wordfreq_seed
wfpt-01123,crise,,,1162,,shortlisted_from_wordfreq_seed
wfpt-01124,céu,,,1163,,shortlisted_from_wordfreq_seed
wfpt-01125,david,,,1164,,shortlisted_from_wordfreq_seed
wfpt-01126,direita,,,1165,,shortlisted_from_wordfreq_seed
wfpt-01127,entretanto,,,1166,,shortlisted_from_wordfreq_seed
wfpt-01128,espanha,,,1167,,shortlisted_from_wordfreq_seed
wfpt-01129,evitar,,,1168,,shortlisted_from_wordfreq_seed
wfpt-01130,guarda,,,1169,,shortlisted_from_wordfreq_seed
wfpt-01131,histórico,,,1170,,shortlisted_from_wordfreq_seed
wfpt-01132,indústria,,,1171,,shortlisted_from_wordfreq_seed
wfpt-01134,pro,,,1173,,shortlisted_from_wordfreq_seed
wfpt-01135,produtos,,,1174,,shortlisted_from_wordfreq_seed
wfpt-01136,professores,,,1175,,shortlisted_from_wordfreq_seed
wfpt-01137,proteção,,,1176,,shortlisted_from_wordfreq_seed
wfpt-01138,saiba,,,1177,,shortlisted_from_wordfreq_seed
wfpt-01139,segue,,,1178,,shortlisted_from_wordfreq_seed
wfpt-01140,sinal,,,1179,,shortlisted_from_wordfreq_seed
wfpt-01141,sozinho,,,1180,,shortlisted_from_wordfreq_seed
wfpt-01142,tipos,,,1181,,shortlisted_from_wordfreq_seed
wfpt-01143,traz,,,1182,,shortlisted_from_wordfreq_seed
wfpt-01144,unidade,,,1183,,shortlisted_from_wordfreq_seed
wfpt-01145,vila,,,1184,,shortlisted_from_wordfreq_seed
wfpt-01146,áfrica,,,1185,,shortlisted_from_wordfreq_seed
wfpt-01147,aula,,,1186,,shortlisted_from_wordfreq_seed
wfpt-01148,conversar,,,1187,,shortlisted_from_wordfreq_seed
wfpt-01149,deputado,,,1188,,shortlisted_from_wordfreq_seed
wfpt-01150,desejo,,,1189,,shortlisted_from_wordfreq_seed
wfpt-01151,diante,,,1190,,shortlisted_from_wordfreq_seed
wfpt-01152,espírito,,,1191,,shortlisted_from_wordfreq_seed
wfpt-01153,estrada,,,1192,,shortlisted_from_wordfreq_seed
wfpt-01154,festival,,,1193,,shortlisted_from_wordfreq_seed
wfpt-01155,geração,,,1194,,shortlisted_from_wordfreq_seed
wfpt-01156,governador,,,1195,,shortlisted_from_wordfreq_seed
wfpt-01157,imprensa,,,1196,,shortlisted_from_wordfreq_seed
wfpt-01158,marido,,,1197,,shortlisted_from_wordfreq_seed
wfpt-01159,olá,,,1198,,shortlisted_from_wordfreq_seed
wfpt-01160,rosto,,,1199,,shortlisted_from_wordfreq_seed
wfpt-01161,ruim,,,1200,,shortlisted_from_wordfreq_seed
wfpt-01162,saída,,,1201,,shortlisted_from_wordfreq_seed
wfpt-01163,tiveram,,,1202,,shortlisted_from_wordfreq_seed
wfpt-01164,triste,,,1203,,shortlisted_from_wordfreq_seed
wfpt-01165,acreditar,,,1204,,shortlisted_from_wordfreq_seed
wfpt-01166,alma,,,1205,,shortlisted_from_wordfreq_seed
wfpt-01167,artistas,,,1206,,shortlisted_from_wordfreq_seed
wfpt-01168,bons,,,1207,,shortlisted_from_wordfreq_seed
wfpt-01169,caixa,,,1208,,shortlisted_from_wordfreq_seed
wfpt-01170,erro,,,1209,,shortlisted_from_wordfreq_seed
wfpt-01171,esperança,,,1210,,shortlisted_from_wordfreq_seed
wfpt-01172,estadual,,,1211,,shortlisted_from_wordfreq_seed
wfpt-01173,famílias,,,1212,,shortlisted_from_wordfreq_seed
wfpt-01174,garota,,,1213,,shortlisted_from_wordfreq_seed
wfpt-01175,igual,,,1214,,shortlisted_from_wordfreq_seed
wfpt-01176,lançamento,,,1215,,shortlisted_from_wordfreq_seed
wfpt-01177,lindo,,,1216,,shortlisted_from_wordfreq_seed
wfpt-01178,militares,,,1217,,shortlisted_from_wordfreq_seed
wfpt-01179,mudanças,,,1218,,shortlisted_from_wordfreq_seed
wfpt-01180,one,,,1219,,shortlisted_from_wordfreq_seed
wfpt-01181,pensei,,,1220,,shortlisted_from_wordfreq_seed
wfpt-01182,políticas,,,1221,,shortlisted_from_wordfreq_seed
wfpt-01183,políticos,,,1222,,shortlisted_from_wordfreq_seed
wfpt-01184,praça,,,1223,,shortlisted_from_wordfreq_seed
wfpt-01185,propriedade,,,1224,,shortlisted_from_wordfreq_seed
wfpt-01186,pré,,,1225,,shortlisted_from_wordfreq_seed
wfpt-01187,rainha,,,1226,,shortlisted_from_wordfreq_seed
wfpt-01188,rock,,,1227,,shortlisted_from_wordfreq_seed
wfpt-01189,terceiro,,,1228,,shortlisted_from_wordfreq_seed
wfpt-01190,território,,,1229,,shortlisted_from_wordfreq_seed
wfpt-01191,tiver,,,1230,,shortlisted_from_wordfreq_seed
wfpt-01192,vidas,,,1231,,shortlisted_from_wordfreq_seed
wfpt-01193,acontecendo,,,1232,,shortlisted_from_wordfreq_seed
wfpt-01194,antigo,,,1233,,shortlisted_from_wordfreq_seed
wfpt-01195,basta,,,1234,,shortlisted_from_wordfreq_seed
wfpt-01196,bola,,,1235,,shortlisted_from_wordfreq_seed
wfpt-01197,casal,,,1236,,shortlisted_from_wordfreq_seed
wfpt-01198,congresso,,,1237,,shortlisted_from_wordfreq_seed
wfpt-01199,estiver,,,1238,,shortlisted_from_wordfreq_seed
wfpt-01200,estranho,,,1239,,shortlisted_from_wordfreq_seed
wfpt-01201,general,,,1240,,shortlisted_from_wordfreq_seed
wfpt-01202,hotel,,,1241,,shortlisted_from_wordfreq_seed
wfpt-01203,impossível,,,1242,,shortlisted_from_wordfreq_seed
wfpt-01204,infelizmente,,,1243,,shortlisted_from_wordfreq_seed
wfpt-01205,inteiro,,,1244,,shortlisted_from_wordfreq_seed
wfpt-01206,leve,,,1245,,shortlisted_from_wordfreq_seed
wfpt-01207,lixo,,,1246,,shortlisted_from_wordfreq_seed
wfpt-01208,longa,,,1247,,shortlisted_from_wordfreq_seed
wfpt-01209,matéria,,,1248,,shortlisted_from_wordfreq_seed
wfpt-01210,memória,,,1249,,shortlisted_from_wordfreq_seed
wfpt-01211,metros,,,1250,,shortlisted_from_wordfreq_seed
wfpt-01212,olho,,,1251,,shortlisted_from_wordfreq_seed
wfpt-01213,pediu,,,1252,,shortlisted_from_wordfreq_seed
wfpt-01214,penso,,,1253,,shortlisted_from_wordfreq_seed
wfpt-01215,post,,,1254,,shortlisted_from_wordfreq_seed
wfpt-01216,preto,,,1255,,shortlisted_from_wordfreq_seed
wfpt-01217,quis,,,1256,,shortlisted_from_wordfreq_seed
wfpt-01218,regras,,,1257,,shortlisted_from_wordfreq_seed
wfpt-01219,relatório,,,1258,,shortlisted_from_wordfreq_seed
wfpt-01220,responsabilidade,,,1259,,shortlisted_from_wordfreq_seed
wfpt-01221,telefone,,,1260,,shortlisted_from_wordfreq_seed
wfpt-01222,tenham,,,1261,,shortlisted_from_wordfreq_seed
wfpt-01223,tom,,,1262,,shortlisted_from_wordfreq_seed
wfpt-01224,trazer,,,1263,,shortlisted_from_wordfreq_seed
wfpt-01225,troca,,,1264,,shortlisted_from_wordfreq_seed
wfpt-01226,verdadeiro,,,1265,,shortlisted_from_wordfreq_seed
wfpt-01227,abertura,,,1267,,shortlisted_from_wordfreq_seed
wfpt-01228,análise,,,1268,,shortlisted_from_wordfreq_seed
wfpt-01229,argentina,,,1269,,shortlisted_from_wordfreq_seed
wfpt-01230,breve,,,1270,,shortlisted_from_wordfreq_seed
wfpt-01231,chance,,,1271,,shortlisted_from_wordfreq_seed
wfpt-01232,ciência,,,1272,,shortlisted_from_wordfreq_seed
wfpt-01233,comentários,,,1273,,shortlisted_from_wordfreq_seed
wfpt-01234,considerado,,,1274,,shortlisted_from_wordfreq_seed
wfpt-01235,contudo,,,1275,,shortlisted_from_wordfreq_seed
wfpt-01237,destino,,,1277,,shortlisted_from_wordfreq_seed
wfpt-01238,disponível,,,1278,,shortlisted_from_wordfreq_seed
wfpt-01239,doença,,,1279,,shortlisted_from_wordfreq_seed
wfpt-01240,efeito,,,1280,,shortlisted_from_wordfreq_seed
wfpt-01241,global,,,1281,,shortlisted_from_wordfreq_seed
wfpt-01242,independente,,,1282,,shortlisted_from_wordfreq_seed
wfpt-01243,investigação,,,1283,,shortlisted_from_wordfreq_seed
wfpt-01244,iria,,,1284,,shortlisted_from_wordfreq_seed
wfpt-01245,jogador,,,1285,,shortlisted_from_wordfreq_seed
wfpt-01246,loja,,,1287,,shortlisted_from_wordfreq_seed
wfpt-01247,notícia,,,1288,,shortlisted_from_wordfreq_seed
wfpt-01248,números,,,1289,,shortlisted_from_wordfreq_seed
wfpt-01249,perguntas,,,1290,,shortlisted_from_wordfreq_seed
wfpt-01250,planeta,,,1291,,shortlisted_from_wordfreq_seed
wfpt-01251,planos,,,1292,,shortlisted_from_wordfreq_seed
wfpt-01252,precisamos,,,1293,,shortlisted_from_wordfreq_seed
wfpt-01253,pronto,,,1294,,shortlisted_from_wordfreq_seed
wfpt-01254,questões,,,1295,,shortlisted_from_wordfreq_seed
wfpt-01255,tamanho,,,1296,,shortlisted_from_wordfreq_seed
wfpt-01256,tratamento,,,1297,,shortlisted_from_wordfreq_seed
wfpt-01257,vice,,,1298,,shortlisted_from_wordfreq_seed
wfpt-01258,york,,,1299,,shortlisted_from_wordfreq_seed
wfpt-01259,aberto,,,1300,,shortlisted_from_wordfreq_seed
wfpt-01260,acidente,,,1301,,shortlisted_from_wordfreq_seed
wfpt-01261,agência,,,1302,,shortlisted_from_wordfreq_seed
wfpt-01262,aparece,,,1303,,shortlisted_from_wordfreq_seed
wfpt-01263,candidato,,,1304,,shortlisted_from_wordfreq_seed
wfpt-01264,conhecida,,,1305,,shortlisted_from_wordfreq_seed
wfpt-01265,conheço,,,1306,,shortlisted_from_wordfreq_seed
wfpt-01266,dilma,,,1308,,shortlisted_from_wordfreq_seed
wfpt-01267,entrou,,,1309,,shortlisted_from_wordfreq_seed
wfpt-01268,escolher,,,1310,,shortlisted_from_wordfreq_seed
wfpt-01269,francisco,,,1311,,shortlisted_from_wordfreq_seed
wfpt-01270,francês,,,1312,,shortlisted_from_wordfreq_seed
wfpt-01271,japão,,,1313,,shortlisted_from_wordfreq_seed
wfpt-01273,lidar,,,1315,,shortlisted_from_wordfreq_seed
wfpt-01274,normalmente,,,1316,,shortlisted_from_wordfreq_seed
wfpt-01275,parabéns,,,1317,,shortlisted_from_wordfreq_seed
wfpt-01276,permite,,,1318,,shortlisted_from_wordfreq_seed
wfpt-01277,peça,,,1319,,shortlisted_from_wordfreq_seed
wfpt-01278,policial,,,1320,,shortlisted_from_wordfreq_seed
wfpt-01279,públicos,,,1321,,shortlisted_from_wordfreq_seed
wfpt-01280,rapidamente,,,1322,,shortlisted_from_wordfreq_seed
wfpt-01281,reino,,,1323,,shortlisted_from_wordfreq_seed
wfpt-01282,sistemas,,,1324,,shortlisted_from_wordfreq_seed
wfpt-01283,vendo,,,1325,,shortlisted_from_wordfreq_seed
wfpt-01284,ato,,,1326,,shortlisted_from_wordfreq_seed
wfpt-01285,bonito,,,1327,,shortlisted_from_wordfreq_seed
wfpt-01286,categoria,,,1328,,shortlisted_from_wordfreq_seed
wfpt-01287,chave,,,1329,,shortlisted_from_wordfreq_seed
wfpt-01288,computador,,,1330,,shortlisted_from_wordfreq_seed
wfpt-01289,digo,,,1331,,shortlisted_from_wordfreq_seed
wfpt-01290,distância,,,1332,,shortlisted_from_wordfreq_seed
wfpt-01291,episódio,,,1333,,shortlisted_from_wordfreq_seed
wfpt-01292,espécie,,,1334,,shortlisted_from_wordfreq_seed
wfpt-01293,gerais,,,1335,,shortlisted_from_wordfreq_seed
wfpt-01294,irmãos,,,1336,,shortlisted_from_wordfreq_seed
wfpt-01295,minas,,,1337,,shortlisted_from_wordfreq_seed
wfpt-01296,new,,,1338,,shortlisted_from_wordfreq_seed
wfpt-01297,parceria,,,1339,,shortlisted_from_wordfreq_seed
wfpt-01298,passada,,,1340,,shortlisted_from_wordfreq_seed
wfpt-01299,prefeito,,,1341,,shortlisted_from_wordfreq_seed
wfpt-01300,pós,,,1342,,shortlisted_from_wordfreq_seed
wfpt-01301,realizada,,,1343,,shortlisted_from_wordfreq_seed
wfpt-01302,redor,,,1344,,shortlisted_from_wordfreq_seed
wfpt-01303,trabalhadores,,,1345,,shortlisted_from_wordfreq_seed
wfpt-01304,vermelho,,,1346,,shortlisted_from_wordfreq_seed
wfpt-01305,vindo,,,1347,,shortlisted_from_wordfreq_seed
wfpt-01306,votação,,,1348,,shortlisted_from_wordfreq_seed
wfpt-01307,vídeos,,,1349,,shortlisted_from_wordfreq_seed
wfpt-01308,vítima,,,1350,,shortlisted_from_wordfreq_seed
wfpt-01309,últimas,,,1351,,shortlisted_from_wordfreq_seed
wfpt-01310,baixa,,,1352,,shortlisted_from_wordfreq_seed
wfpt-01311,carnaval,,,1353,,shortlisted_from_wordfreq_seed
wfpt-01312,comercial,,,1354,,shortlisted_from_wordfreq_seed
wfpt-01313,constituição,,,1355,,shortlisted_from_wordfreq_seed
wfpt-01314,contrato,,,1356,,shortlisted_from_wordfreq_seed
wfpt-01315,documentos,,,1357,,shortlisted_from_wordfreq_seed
wfpt-01316,dúvida,,,1358,,shortlisted_from_wordfreq_seed
wfpt-01317,ficam,,,1359,,shortlisted_from_wordfreq_seed
wfpt-01318,fontes,,,1360,,shortlisted_from_wordfreq_seed
wfpt-01319,jogadores,,,1361,,shortlisted_from_wordfreq_seed
wfpt-01320,juiz,,,1362,,shortlisted_from_wordfreq_seed
wfpt-01321,meninas,,,1363,,shortlisted_from_wordfreq_seed
wfpt-01322,mesa,,,1364,,shortlisted_from_wordfreq_seed
wfpt-01323,mesmos,,,1365,,shortlisted_from_wordfreq_seed
wfpt-01324,naquele,,,1366,,shortlisted_from_wordfreq_seed
wfpt-01325,negro,,,1367,,shortlisted_from_wordfreq_seed
wfpt-01326,paris,,,1368,,shortlisted_from_wordfreq_seed
wfpt-01327,participantes,,,1369,,shortlisted_from_wordfreq_seed
wfpt-01328,profissionais,,,1370,,shortlisted_from_wordfreq_seed
wfpt-01329,quantidade,,,1371,,shortlisted_from_wordfreq_seed
wfpt-01330,roupa,,,1372,,shortlisted_from_wordfreq_seed
wfpt-01331,rússia,,,1373,,shortlisted_from_wordfreq_seed
wfpt-01332,solução,,,1374,,shortlisted_from_wordfreq_seed
wfpt-01333,web,,,1375,,shortlisted_from_wordfreq_seed
wfpt-01334,advogado,,,1377,,shortlisted_from_wordfreq_seed
wfpt-01335,afirma,,,1378,,shortlisted_from_wordfreq_seed
wfpt-01336,afirmou,,,1379,,shortlisted_from_wordfreq_seed
wfpt-01337,alvo,,,1380,,shortlisted_from_wordfreq_seed
wfpt-01338,banho,,,1381,,shortlisted_from_wordfreq_seed
wfpt-01339,batalha,,,1382,,shortlisted_from_wordfreq_seed
wfpt-01340,campos,,,1383,,shortlisted_from_wordfreq_seed
wfpt-01341,combate,,,1384,,shortlisted_from_wordfreq_seed
wfpt-01342,comércio,,,1385,,shortlisted_from_wordfreq_seed
wfpt-01343,contou,,,1386,,shortlisted_from_wordfreq_seed
wfpt-01344,daí,,,1387,,shortlisted_from_wordfreq_seed
wfpt-01345,destes,,,1388,,shortlisted_from_wordfreq_seed
wfpt-01346,drogas,,,1389,,shortlisted_from_wordfreq_seed
wfpt-01348,eduardo,,,1391,,shortlisted_from_wordfreq_seed
wfpt-01349,enorme,,,1392,,shortlisted_from_wordfreq_seed
wfpt-01350,entra,,,1393,,shortlisted_from_wordfreq_seed
wfpt-01351,estudantes,,,1394,,shortlisted_from_wordfreq_seed
wfpt-01352,face,,,1395,,shortlisted_from_wordfreq_seed
wfpt-01353,falei,,,1396,,shortlisted_from_wordfreq_seed
wfpt-01354,ficando,,,1397,,shortlisted_from_wordfreq_seed
wfpt-01355,fique,,,1398,,shortlisted_from_wordfreq_seed
wfpt-01356,física,,,1399,,shortlisted_from_wordfreq_seed
wfpt-01357,graça,,,1400,,shortlisted_from_wordfreq_seed
wfpt-01359,instituições,,,1402,,shortlisted_from_wordfreq_seed
wfpt-01360,particular,,,1403,,shortlisted_from_wordfreq_seed
wfpt-01361,partida,,,1404,,shortlisted_from_wordfreq_seed
wfpt-01362,poderá,,,1405,,shortlisted_from_wordfreq_seed
wfpt-01363,provas,,,1406,,shortlisted_from_wordfreq_seed
wfpt-01364,regiões,,,1408,,shortlisted_from_wordfreq_seed
wfpt-01365,ruas,,,1409,,shortlisted_from_wordfreq_seed
wfpt-01366,seguro,,,1410,,shortlisted_from_wordfreq_seed
wfpt-01367,silêncio,,,1411,,shortlisted_from_wordfreq_seed
wfpt-01368,teste,,,1412,,shortlisted_from_wordfreq_seed
wfpt-01369,técnico,,,1413,,shortlisted_from_wordfreq_seed
wfpt-01370,violência,,,1414,,shortlisted_from_wordfreq_seed
wfpt-01371,voto,,,1415,,shortlisted_from_wordfreq_seed
wfpt-01372,ótimo,,,1417,,shortlisted_from_wordfreq_seed
wfpt-01373,adoro,,,1418,,shortlisted_from_wordfreq_seed
wfpt-01374,apresentar,,,1419,,shortlisted_from_wordfreq_seed
wfpt-01375,aulas,,,1420,,shortlisted_from_wordfreq_seed
wfpt-01376,auto,,,1421,,shortlisted_from_wordfreq_seed
wfpt-01377,bahia,,,1422,,shortlisted_from_wordfreq_seed
wfpt-01378,brasília,,,1423,,shortlisted_from_wordfreq_seed
wfpt-01379,cheio,,,1424,,shortlisted_from_wordfreq_seed
wfpt-01380,comando,,,1425,,shortlisted_from_wordfreq_seed
wfpt-01381,decidiu,,,1426,,shortlisted_from_wordfreq_seed
wfpt-01382,deixando,,,1427,,shortlisted_from_wordfreq_seed
wfpt-01383,destaque,,,1428,,shortlisted_from_wordfreq_seed
wfpt-01384,entendo,,,1429,,shortlisted_from_wordfreq_seed
wfpt-01385,fazia,,,1431,,shortlisted_from_wordfreq_seed
wfpt-01386,frio,,,1432,,shortlisted_from_wordfreq_seed
wfpt-01387,ideias,,,1434,,shortlisted_from_wordfreq_seed
wfpt-01388,ligação,,,1435,,shortlisted_from_wordfreq_seed
wfpt-01389,mata,,,1436,,shortlisted_from_wordfreq_seed
wfpt-01390,menino,,,1437,,shortlisted_from_wordfreq_seed
wfpt-01391,michael,,,1438,,shortlisted_from_wordfreq_seed
wfpt-01392,motivos,,,1439,,shortlisted_from_wordfreq_seed
wfpt-01394,nisso,,,1441,,shortlisted_from_wordfreq_seed
wfpt-01395,obter,,,1442,,shortlisted_from_wordfreq_seed
wfpt-01396,oficiais,,,1443,,shortlisted_from_wordfreq_seed
wfpt-01397,procurar,,,1444,,shortlisted_from_wordfreq_seed
wfpt-01398,proteger,,,1445,,shortlisted_from_wordfreq_seed
wfpt-01400,públicas,,,1447,,shortlisted_from_wordfreq_seed
wfpt-01401,referência,,,1448,,shortlisted_from_wordfreq_seed
wfpt-01402,salvador,,,1449,,shortlisted_from_wordfreq_seed
wfpt-01403,serra,,,1450,,shortlisted_from_wordfreq_seed
wfpt-01404,solo,,,1451,,shortlisted_from_wordfreq_seed
wfpt-01405,tradicional,,,1452,,shortlisted_from_wordfreq_seed
wfpt-01406,valores,,,1453,,shortlisted_from_wordfreq_seed
wfpt-01407,ama,,,1454,,shortlisted_from_wordfreq_seed
wfpt-01408,artista,,,1455,,shortlisted_from_wordfreq_seed
wfpt-01409,assistir,,,1456,,shortlisted_from_wordfreq_seed
wfpt-01411,atividade,,,1458,,shortlisted_from_wordfreq_seed
wfpt-01412,bonita,,,1459,,shortlisted_from_wordfreq_seed
wfpt-01413,cargo,,,1460,,shortlisted_from_wordfreq_seed
wfpt-01414,carros,,,1461,,shortlisted_from_wordfreq_seed
wfpt-01415,dança,,,1462,,shortlisted_from_wordfreq_seed
wfpt-01416,descobrir,,,1463,,shortlisted_from_wordfreq_seed
wfpt-01417,explicar,,,1464,,shortlisted_from_wordfreq_seed
wfpt-01418,feitas,,,1465,,shortlisted_from_wordfreq_seed
wfpt-01419,horário,,,1466,,shortlisted_from_wordfreq_seed
wfpt-01420,internacionais,,,1467,,shortlisted_from_wordfreq_seed
wfpt-01421,lima,,,1468,,shortlisted_from_wordfreq_seed
wfpt-01422,medidas,,,1469,,shortlisted_from_wordfreq_seed
wfpt-01423,mestre,,,1470,,shortlisted_from_wordfreq_seed
wfpt-01424,padrão,,,1471,,shortlisted_from_wordfreq_seed
wfpt-01425,prazer,,,1472,,shortlisted_from_wordfreq_seed
wfpt-01426,prefeitura,,,1473,,shortlisted_from_wordfreq_seed
wfpt-01427,reforma,,,1474,,shortlisted_from_wordfreq_seed
wfpt-01428,representa,,,1475,,shortlisted_from_wordfreq_seed
wfpt-01429,resolver,,,1476,,shortlisted_from_wordfreq_seed
wfpt-01430,roupas,,,1477,,shortlisted_from_wordfreq_seed
wfpt-01432,tanta,,,1479,,shortlisted_from_wordfreq_seed
wfpt-01433,tiro,,,1480,,shortlisted_from_wordfreq_seed
wfpt-01434,trabalha,,,1481,,shortlisted_from_wordfreq_seed
wfpt-01435,velocidade,,,1482,,shortlisted_from_wordfreq_seed
wfpt-01437,buscar,,,1484,,shortlisted_from_wordfreq_seed
wfpt-01438,consegui,,,1485,,shortlisted_from_wordfreq_seed
wfpt-01439,deputados,,,1486,,shortlisted_from_wordfreq_seed
wfpt-01440,diretamente,,,1487,,shortlisted_from_wordfreq_seed
wfpt-01441,diário,,,1488,,shortlisted_from_wordfreq_seed
wfpt-01442,existência,,,1489,,shortlisted_from_wordfreq_seed
wfpt-01443,explica,,,1490,,shortlisted_from_wordfreq_seed
wfpt-01444,foco,,,1491,,shortlisted_from_wordfreq_seed
wfpt-01445,geralmente,,,1492,,shortlisted_from_wordfreq_seed
wfpt-01446,google,,,1493,,shortlisted_from_wordfreq_seed
wfpt-01447,humana,,,1494,,shortlisted_from_wordfreq_seed
wfpt-01448,jardim,,,1495,,shortlisted_from_wordfreq_seed
wfpt-01449,link,,,1496,,shortlisted_from_wordfreq_seed
wfpt-01450,luiz,,,1497,,shortlisted_from_wordfreq_seed
wfpt-01451,melhorar,,,1498,,shortlisted_from_wordfreq_seed
wfpt-01452,nasceu,,,1499,,shortlisted_from_wordfreq_seed
wfpt-01453,nove,,,1500,,shortlisted_from_wordfreq_seed
wfpt-01454,opção,,,1501,,shortlisted_from_wordfreq_seed
wfpt-01455,passagem,,,1502,,shortlisted_from_wordfreq_seed
wfpt-01456,perceber,,,1503,,shortlisted_from_wordfreq_seed
wfpt-01457,personagem,,,1504,,shortlisted_from_wordfreq_seed
wfpt-01458,príncipe,,,1505,,shortlisted_from_wordfreq_seed
wfpt-01459,puta,,,1506,,shortlisted_from_wordfreq_seed
wfpt-01460,regime,,,1507,,shortlisted_from_wordfreq_seed
wfpt-01461,regional,,,1508,,shortlisted_from_wordfreq_seed
wfpt-01462,responder,,,1509,,shortlisted_from_wordfreq_seed
wfpt-01463,sonhos,,,1510,,shortlisted_from_wordfreq_seed
wfpt-01464,sozinha,,,1511,,shortlisted_from_wordfreq_seed
wfpt-01465,terras,,,1512,,shortlisted_from_wordfreq_seed
wfpt-01466,torno,,,1513,,shortlisted_from_wordfreq_seed
wfpt-01467,trabalhando,,,1514,,shortlisted_from_wordfreq_seed
wfpt-01468,vim,,,1515,,shortlisted_from_wordfreq_seed
wfpt-01469,viva,,,1516,,shortlisted_from_wordfreq_seed
wfpt-01471,afinal,,,1518,,shortlisted_from_wordfreq_seed
wfpt-01472,alegre,,,1519,,shortlisted_from_wordfreq_seed
wfpt-01473,aproximadamente,,,1520,,shortlisted_from_wordfreq_seed
wfpt-01474,beber,,,1521,,shortlisted_from_wordfreq_seed
wfpt-01475,cair,,,1522,,shortlisted_from_wordfreq_seed
wfpt-01476,campeonato,,,1523,,shortlisted_from_wordfreq_seed
wfpt-01477,chegando,,,1524,,shortlisted_from_wordfreq_seed
wfpt-01478,clima,,,1525,,shortlisted_from_wordfreq_seed
wfpt-01479,completa,,,1526,,shortlisted_from_wordfreq_seed
wfpt-01480,conceito,,,1527,,shortlisted_from_wordfreq_seed
wfpt-01481,crítica,,,1528,,shortlisted_from_wordfreq_seed
wfpt-01482,daniel,,,1529,,shortlisted_from_wordfreq_seed
wfpt-01483,daquele,,,1530,,shortlisted_from_wordfreq_seed
wfpt-01484,detalhes,,,1531,,shortlisted_from_wordfreq_seed
wfpt-01485,doce,,,1532,,shortlisted_from_wordfreq_seed
wfpt-01486,efeitos,,,1533,,shortlisted_from_wordfreq_seed
wfpt-01487,espanhol,,,1534,,shortlisted_from_wordfreq_seed
wfpt-01488,famoso,,,1535,,shortlisted_from_wordfreq_seed
wfpt-01489,funciona,,,1536,,shortlisted_from_wordfreq_seed
wfpt-01490,fundação,,,1537,,shortlisted_from_wordfreq_seed
wfpt-01491,gay,,,1538,,shortlisted_from_wordfreq_seed
wfpt-01492,jornalista,,,1539,,shortlisted_from_wordfreq_seed
wfpt-01493,lançou,,,1540,,shortlisted_from_wordfreq_seed
wfpt-01494,londres,,,1541,,shortlisted_from_wordfreq_seed
wfpt-01495,médicos,,,1542,,shortlisted_from_wordfreq_seed
wfpt-01496,mídia,,,1543,,shortlisted_from_wordfreq_seed
wfpt-01497,nacionais,,,1544,,shortlisted_from_wordfreq_seed
wfpt-01498,nações,,,1545,,shortlisted_from_wordfreq_seed
wfpt-01499,oliveira,,,1546,,shortlisted_from_wordfreq_seed
wfpt-01500,pequenos,,,1547,,shortlisted_from_wordfreq_seed
wfpt-01501,perda,,,1548,,shortlisted_from_wordfreq_seed
wfpt-01502,peso,,,1549,,shortlisted_from_wordfreq_seed
wfpt-01503,presentes,,,1550,,shortlisted_from_wordfreq_seed
wfpt-01504,rosa,,,1551,,shortlisted_from_wordfreq_seed
wfpt-01505,segundos,,,1552,,shortlisted_from_wordfreq_seed
wfpt-01506,termo,,,1553,,shortlisted_from_wordfreq_seed
wfpt-01507,usuário,,,1554,,shortlisted_from_wordfreq_seed
wfpt-01508,venha,,,1555,,shortlisted_from_wordfreq_seed
wfpt-01509,antiga,,,1556,,shortlisted_from_wordfreq_seed
wfpt-01510,anunciou,,,1557,,shortlisted_from_wordfreq_seed
wfpt-01511,apareceu,,,1558,,shortlisted_from_wordfreq_seed
wfpt-01512,artigos,,,1559,,shortlisted_from_wordfreq_seed
wfpt-01513,aumentar,,,1560,,shortlisted_from_wordfreq_seed
wfpt-01514,bebê,,,1561,,shortlisted_from_wordfreq_seed
wfpt-01515,branca,,,1562,,shortlisted_from_wordfreq_seed
wfpt-01516,chuva,,,1563,,shortlisted_from_wordfreq_seed
wfpt-01517,compra,,,1564,,shortlisted_from_wordfreq_seed
wfpt-01518,conforme,,,1565,,shortlisted_from_wordfreq_seed
wfpt-01519,criada,,,1566,,shortlisted_from_wordfreq_seed
wfpt-01520,der,,,1567,,shortlisted_from_wordfreq_seed
wfpt-01521,devia,,,1568,,shortlisted_from_wordfreq_seed
wfpt-01522,escritor,,,1569,,shortlisted_from_wordfreq_seed
wfpt-01523,fronteira,,,1570,,shortlisted_from_wordfreq_seed
wfpt-01524,funcionários,,,1571,,shortlisted_from_wordfreq_seed
wfpt-01525,férias,,,1572,,shortlisted_from_wordfreq_seed
wfpt-01526,garantir,,,1573,,shortlisted_from_wordfreq_seed
wfpt-01527,jorge,,,1574,,shortlisted_from_wordfreq_seed
wfpt-01528,lançado,,,1575,,shortlisted_from_wordfreq_seed
wfpt-01529,literatura,,,1576,,shortlisted_from_wordfreq_seed
wfpt-01530,madeira,,,1577,,shortlisted_from_wordfreq_seed
wfpt-01531,máximo,,,1578,,shortlisted_from_wordfreq_seed
wfpt-01532,nele,,,1579,,shortlisted_from_wordfreq_seed
wfpt-01533,pede,,,1581,,shortlisted_from_wordfreq_seed
wfpt-01534,pobre,,,1582,,shortlisted_from_wordfreq_seed
wfpt-01535,possibilidade,,,1583,,shortlisted_from_wordfreq_seed
wfpt-01536,próprios,,,1584,,shortlisted_from_wordfreq_seed
wfpt-01537,publicação,,,1585,,shortlisted_from_wordfreq_seed
wfpt-01538,quente,,,1586,,shortlisted_from_wordfreq_seed
wfpt-01539,recentemente,,,1587,,shortlisted_from_wordfreq_seed
wfpt-01540,sabemos,,,1588,,shortlisted_from_wordfreq_seed
wfpt-01541,secretário,,,1589,,shortlisted_from_wordfreq_seed
wfpt-01542,taxa,,,1590,,shortlisted_from_wordfreq_seed
wfpt-01543,teatro,,,1591,,shortlisted_from_wordfreq_seed
wfpt-01544,terça,,,1592,,shortlisted_from_wordfreq_seed
wfpt-01545,universo,,,1593,,shortlisted_from_wordfreq_seed
wfpt-01546,usada,,,1594,,shortlisted_from_wordfreq_seed
wfpt-01547,álbum,,,1595,,shortlisted_from_wordfreq_seed
wfpt-01548,acabei,,,1596,,shortlisted_from_wordfreq_seed
wfpt-01549,aeroporto,,,1597,,shortlisted_from_wordfreq_seed
wfpt-01551,caiu,,,1599,,shortlisted_from_wordfreq_seed
wfpt-01552,calma,,,1600,,shortlisted_from_wordfreq_seed
wfpt-01553,certamente,,,1601,,shortlisted_from_wordfreq_seed
wfpt-01554,construir,,,1602,,shortlisted_from_wordfreq_seed
wfpt-01555,coragem,,,1603,,shortlisted_from_wordfreq_seed
wfpt-01556,correr,,,1604,,shortlisted_from_wordfreq_seed
wfpt-01557,criou,,,1605,,shortlisted_from_wordfreq_seed
wfpt-01558,cruz,,,1606,,shortlisted_from_wordfreq_seed
wfpt-01559,câncer,,,1607,,shortlisted_from_wordfreq_seed
wfpt-01560,dei,,,1608,,shortlisted_from_wordfreq_seed
wfpt-01561,elementos,,,1609,,shortlisted_from_wordfreq_seed
wfpt-01562,engraçado,,,1610,,shortlisted_from_wordfreq_seed
wfpt-01563,expressão,,,1611,,shortlisted_from_wordfreq_seed
wfpt-01564,fortes,,,1612,,shortlisted_from_wordfreq_seed
wfpt-01565,gênero,,,1613,,shortlisted_from_wordfreq_seed
wfpt-01567,idéia,,,1615,,shortlisted_from_wordfreq_seed
wfpt-01568,leis,,,1617,,shortlisted_from_wordfreq_seed
wfpt-01570,lua,,,1619,,shortlisted_from_wordfreq_seed
wfpt-01571,milhares,,,1620,,shortlisted_from_wordfreq_seed
wfpt-01572,plataforma,,,1621,,shortlisted_from_wordfreq_seed
wfpt-01573,próximos,,,1622,,shortlisted_from_wordfreq_seed
wfpt-01574,queda,,,1623,,shortlisted_from_wordfreq_seed
wfpt-01575,realizar,,,1624,,shortlisted_from_wordfreq_seed
wfpt-01576,relacionamento,,,1625,,shortlisted_from_wordfreq_seed
wfpt-01577,resistência,,,1626,,shortlisted_from_wordfreq_seed
wfpt-01578,revolução,,,1627,,shortlisted_from_wordfreq_seed
wfpt-01579,seguintes,,,1628,,shortlisted_from_wordfreq_seed
wfpt-01580,setor,,,1629,,shortlisted_from_wordfreq_seed
wfpt-01581,sexual,,,1630,,shortlisted_from_wordfreq_seed
wfpt-01582,velha,,,1631,,shortlisted_from_wordfreq_seed
wfpt-01583,youtube,,,1632,,shortlisted_from_wordfreq_seed
wfpt-01584,agentes,,,1633,,shortlisted_from_wordfreq_seed
wfpt-01585,campeão,,,1634,,shortlisted_from_wordfreq_seed
wfpt-01586,candidatos,,,1635,,shortlisted_from_wordfreq_seed
wfpt-01587,começaram,,,1636,,shortlisted_from_wordfreq_seed
wfpt-01588,contexto,,,1637,,shortlisted_from_wordfreq_seed
wfpt-01589,cujo,,,1638,,shortlisted_from_wordfreq_seed
wfpt-01590,dentre,,,1639,,shortlisted_from_wordfreq_seed
wfpt-01591,desafio,,,1640,,shortlisted_from_wordfreq_seed
wfpt-01592,dão,,,1641,,shortlisted_from_wordfreq_seed
wfpt-01593,eleitoral,,,1642,,shortlisted_from_wordfreq_seed
wfpt-01594,eleição,,,1643,,shortlisted_from_wordfreq_seed
wfpt-01595,escritório,,,1644,,shortlisted_from_wordfreq_seed
wfpt-01596,estará,,,1645,,shortlisted_from_wordfreq_seed
wfpt-01597,george,,,1646,,shortlisted_from_wordfreq_seed
wfpt-01598,identidade,,,1647,,shortlisted_from_wordfreq_seed
wfpt-01599,imediatamente,,,1648,,shortlisted_from_wordfreq_seed
wfpt-01600,louco,,,1649,,shortlisted_from_wordfreq_seed
wfpt-01601,mensagens,,,1650,,shortlisted_from_wordfreq_seed
wfpt-01602,oeste,,,1651,,shortlisted_from_wordfreq_seed
wfpt-01603,passaram,,,1652,,shortlisted_from_wordfreq_seed
wfpt-01604,pedra,,,1653,,shortlisted_from_wordfreq_seed
wfpt-01605,pele,,,1654,,shortlisted_from_wordfreq_seed
wfpt-01606,pequenas,,,1655,,shortlisted_from_wordfreq_seed
wfpt-01607,software,,,1656,,shortlisted_from_wordfreq_seed
wfpt-01608,surpresa,,,1657,,shortlisted_from_wordfreq_seed
wfpt-01609,tenta,,,1658,,shortlisted_from_wordfreq_seed
wfpt-01610,tentativa,,,1659,,shortlisted_from_wordfreq_seed
wfpt-01611,teoria,,,1660,,shortlisted_from_wordfreq_seed
wfpt-01612,terceira,,,1661,,shortlisted_from_wordfreq_seed
wfpt-01613,tocar,,,1662,,shortlisted_from_wordfreq_seed
wfpt-01614,técnica,,,1663,,shortlisted_from_wordfreq_seed
wfpt-01615,índia,,,1664,,shortlisted_from_wordfreq_seed
wfpt-01616,academia,,,1665,,shortlisted_from_wordfreq_seed
wfpt-01617,características,,,1666,,shortlisted_from_wordfreq_seed
wfpt-01618,ciências,,,1667,,shortlisted_from_wordfreq_seed
wfpt-01619,competição,,,1668,,shortlisted_from_wordfreq_seed
wfpt-01620,comportamento,,,1669,,shortlisted_from_wordfreq_seed
wfpt-01621,consciência,,,1670,,shortlisted_from_wordfreq_seed
wfpt-01622,direto,,,1671,,shortlisted_from_wordfreq_seed
wfpt-01623,entende,,,1672,,shortlisted_from_wordfreq_seed
wfpt-01624,especiais,,,1673,,shortlisted_from_wordfreq_seed
wfpt-01625,esquecer,,,1674,,shortlisted_from_wordfreq_seed
wfpt-01626,exterior,,,1675,,shortlisted_from_wordfreq_seed
wfpt-01627,fãs,,,1676,,shortlisted_from_wordfreq_seed
wfpt-01628,gestão,,,1677,,shortlisted_from_wordfreq_seed
wfpt-01629,gostei,,,1678,,shortlisted_from_wordfreq_seed
wfpt-01630,inclui,,,1679,,shortlisted_from_wordfreq_seed
wfpt-01631,influência,,,1680,,shortlisted_from_wordfreq_seed
wfpt-01632,naturais,,,1681,,shortlisted_from_wordfreq_seed
wfpt-01634,operações,,,1683,,shortlisted_from_wordfreq_seed
wfpt-01635,orgulho,,,1684,,shortlisted_from_wordfreq_seed
wfpt-01636,portal,,,1685,,shortlisted_from_wordfreq_seed
wfpt-01637,primeiras,,,1686,,shortlisted_from_wordfreq_seed
wfpt-01638,promoção,,,1687,,shortlisted_from_wordfreq_seed
wfpt-01639,prédio,,,1688,,shortlisted_from_wordfreq_seed
wfpt-01640,quê,,,1689,,shortlisted_from_wordfreq_seed
wfpt-01641,temas,,,1690,,shortlisted_from_wordfreq_seed
wfpt-01642,verdadeira,,,1691,,shortlisted_from_wordfreq_seed
wfpt-01643,vergonha,,,1692,,shortlisted_from_wordfreq_seed
wfpt-01644,visitar,,,1693,,shortlisted_from_wordfreq_seed
wfpt-01645,aberta,,,1694,,shortlisted_from_wordfreq_seed
wfpt-01646,aceitar,,,1695,,shortlisted_from_wordfreq_seed
wfpt-01647,alegria,,,1696,,shortlisted_from_wordfreq_seed
wfpt-01648,animal,,,1697,,shortlisted_from_wordfreq_seed
wfpt-01649,apresentação,,,1698,,shortlisted_from_wordfreq_seed
wfpt-01650,autoridade,,,1699,,shortlisted_from_wordfreq_seed
wfpt-01651,carne,,,1700,,shortlisted_from_wordfreq_seed
wfpt-01652,clara,,,1701,,shortlisted_from_wordfreq_seed
wfpt-01653,clique,,,1702,,shortlisted_from_wordfreq_seed
wfpt-01654,confiança,,,1703,,shortlisted_from_wordfreq_seed
wfpt-01655,corrida,,,1704,,shortlisted_from_wordfreq_seed
wfpt-01656,cuidar,,,1705,,shortlisted_from_wordfreq_seed
wfpt-01657,del,,,1706,,shortlisted_from_wordfreq_seed
wfpt-01658,distribuição,,,1707,,shortlisted_from_wordfreq_seed
wfpt-01659,dito,,,1708,,shortlisted_from_wordfreq_seed
wfpt-01661,jamais,,,1710,,shortlisted_from_wordfreq_seed
wfpt-01662,leite,,,1711,,shortlisted_from_wordfreq_seed
wfpt-01663,levando,,,1712,,shortlisted_from_wordfreq_seed
wfpt-01664,movimentos,,,1713,,shortlisted_from_wordfreq_seed
wfpt-01665,ocorreu,,,1714,,shortlisted_from_wordfreq_seed
wfpt-01666,olhando,,,1715,,shortlisted_from_wordfreq_seed
wfpt-01667,paulista,,,1716,,shortlisted_from_wordfreq_seed
wfpt-01668,pedindo,,,1717,,shortlisted_from_wordfreq_seed
wfpt-01669,pensamento,,,1718,,shortlisted_from_wordfreq_seed
wfpt-01670,personagens,,,1719,,shortlisted_from_wordfreq_seed
wfpt-01671,policiais,,,1720,,shortlisted_from_wordfreq_seed
wfpt-01672,possuem,,,1721,,shortlisted_from_wordfreq_seed
wfpt-01673,posto,,,1722,,shortlisted_from_wordfreq_seed
wfpt-01674,religião,,,1723,,shortlisted_from_wordfreq_seed
wfpt-01675,rico,,,1724,,shortlisted_from_wordfreq_seed
wfpt-01676,sentimentos,,,1725,,shortlisted_from_wordfreq_seed
wfpt-01677,tantas,,,1726,,shortlisted_from_wordfreq_seed
wfpt-01678,times,,,1727,,shortlisted_from_wordfreq_seed
wfpt-01679,tratar,,,1728,,shortlisted_from_wordfreq_seed
wfpt-01680,unidades,,,1729,,shortlisted_from_wordfreq_seed
wfpt-01681,veículos,,,1730,,shortlisted_from_wordfreq_seed
wfpt-01682,world,,,1731,,shortlisted_from_wordfreq_seed
wfpt-01683,alemanha,,,1732,,shortlisted_from_wordfreq_seed
wfpt-01684,assuntos,,,1733,,shortlisted_from_wordfreq_seed
wfpt-01685,autores,,,1734,,shortlisted_from_wordfreq_seed
wfpt-01686,banheiro,,,1735,,shortlisted_from_wordfreq_seed
wfpt-01687,caras,,,1736,,shortlisted_from_wordfreq_seed
wfpt-01688,chamou,,,1737,,shortlisted_from_wordfreq_seed
wfpt-01690,costas,,,1739,,shortlisted_from_wordfreq_seed
wfpt-01691,cozinha,,,1740,,shortlisted_from_wordfreq_seed
wfpt-01692,encontrado,,,1741,,shortlisted_from_wordfreq_seed
wfpt-01693,escrita,,,1742,,shortlisted_from_wordfreq_seed
wfpt-01694,feitos,,,1743,,shortlisted_from_wordfreq_seed
wfpt-01695,flores,,,1744,,shortlisted_from_wordfreq_seed
wfpt-01696,floresta,,,1745,,shortlisted_from_wordfreq_seed
wfpt-01697,gol,,,1746,,shortlisted_from_wordfreq_seed
wfpt-01698,golpe,,,1747,,shortlisted_from_wordfreq_seed
wfpt-01699,gás,,,1748,,shortlisted_from_wordfreq_seed
wfpt-01700,impacto,,,1749,,shortlisted_from_wordfreq_seed
wfpt-01701,julgamento,,,1750,,shortlisted_from_wordfreq_seed
wfpt-01702,ligar,,,1751,,shortlisted_from_wordfreq_seed
wfpt-01703,lutar,,,1752,,shortlisted_from_wordfreq_seed
wfpt-01704,mandar,,,1753,,shortlisted_from_wordfreq_seed
wfpt-01705,marco,,,1754,,shortlisted_from_wordfreq_seed
wfpt-01706,moral,,,1755,,shortlisted_from_wordfreq_seed
wfpt-01707,professora,,,1756,,shortlisted_from_wordfreq_seed
wfpt-01708,pés,,,1757,,shortlisted_from_wordfreq_seed
wfpt-01709,recebe,,,1758,,shortlisted_from_wordfreq_seed
wfpt-01710,reconhecimento,,,1759,,shortlisted_from_wordfreq_seed
wfpt-01711,seguindo,,,1760,,shortlisted_from_wordfreq_seed
wfpt-01712,serve,,,1761,,shortlisted_from_wordfreq_seed
wfpt-01713,terem,,,1762,,shortlisted_from_wordfreq_seed
wfpt-01714,venda,,,1763,,shortlisted_from_wordfreq_seed
wfpt-01715,video,,,1764,,shortlisted_from_wordfreq_seed
wfpt-01716,volume,,,1765,,shortlisted_from_wordfreq_seed
wfpt-01717,acham,,,1766,,shortlisted_from_wordfreq_seed
wfpt-01718,alimentos,,,1767,,shortlisted_from_wordfreq_seed
wfpt-01719,capitão,,,1768,,shortlisted_from_wordfreq_seed
wfpt-01720,cartão,,,1769,,shortlisted_from_wordfreq_seed
wfpt-01721,cheia,,,1770,,shortlisted_from_wordfreq_seed
wfpt-01722,comecei,,,1771,,shortlisted_from_wordfreq_seed
wfpt-01723,cuja,,,1772,,shortlisted_from_wordfreq_seed
wfpt-01724,custo,,,1773,,shortlisted_from_wordfreq_seed
wfpt-01725,distrito,,,1774,,shortlisted_from_wordfreq_seed
wfpt-01726,década,,,1775,,shortlisted_from_wordfreq_seed
wfpt-01727,econômica,,,1776,,shortlisted_from_wordfreq_seed
wfpt-01728,enviar,,,1777,,shortlisted_from_wordfreq_seed
wfpt-01729,equipa,,,1778,,shortlisted_from_wordfreq_seed
wfpt-01730,estádio,,,1779,,shortlisted_from_wordfreq_seed
wfpt-01731,facto,,,1780,,shortlisted_from_wordfreq_seed
wfpt-01732,faixa,,,1781,,shortlisted_from_wordfreq_seed
wfpt-01733,ganha,,,1783,,shortlisted_from_wordfreq_seed
wfpt-01734,harry,,,1784,,shortlisted_from_wordfreq_seed
wfpt-01735,irão,,,1785,,shortlisted_from_wordfreq_seed
wfpt-01736,linguagem,,,1787,,shortlisted_from_wordfreq_seed
wfpt-01737,matemática,,,1788,,shortlisted_from_wordfreq_seed
wfpt-01738,meios,,,1789,,shortlisted_from_wordfreq_seed
wfpt-01739,máquina,,,1790,,shortlisted_from_wordfreq_seed
wfpt-01740,namorado,,,1791,,shortlisted_from_wordfreq_seed
wfpt-01741,ouvi,,,1792,,shortlisted_from_wordfreq_seed
wfpt-01742,palco,,,1793,,shortlisted_from_wordfreq_seed
wfpt-01743,parecer,,,1794,,shortlisted_from_wordfreq_seed
wfpt-01744,peças,,,1795,,shortlisted_from_wordfreq_seed
wfpt-01745,prazo,,,1796,,shortlisted_from_wordfreq_seed
wfpt-01746,princesa,,,1797,,shortlisted_from_wordfreq_seed
wfpt-01747,processos,,,1798,,shortlisted_from_wordfreq_seed
wfpt-01748,ricardo,,,1799,,shortlisted_from_wordfreq_seed
wfpt-01749,sensação,,,1800,,shortlisted_from_wordfreq_seed
wfpt-01750,vítimas,,,1801,,shortlisted_from_wordfreq_seed
wfpt-01751,ótima,,,1802,,shortlisted_from_wordfreq_seed
wfpt-01752,abre,,,1803,,shortlisted_from_wordfreq_seed
wfpt-01753,aparecer,,,1804,,shortlisted_from_wordfreq_seed
wfpt-01754,assassinato,,,1805,,shortlisted_from_wordfreq_seed
wfpt-01755,assembleia,,,1806,,shortlisted_from_wordfreq_seed
wfpt-01756,bater,,,1807,,shortlisted_from_wordfreq_seed
wfpt-01757,bilhões,,,1808,,shortlisted_from_wordfreq_seed
wfpt-01758,comuns,,,1809,,shortlisted_from_wordfreq_seed
wfpt-01759,depende,,,1810,,shortlisted_from_wordfreq_seed
wfpt-01760,devemos,,,1811,,shortlisted_from_wordfreq_seed
wfpt-01761,domínio,,,1812,,shortlisted_from_wordfreq_seed
wfpt-01762,estrelas,,,1813,,shortlisted_from_wordfreq_seed
wfpt-01763,ficaram,,,1814,,shortlisted_from_wordfreq_seed
wfpt-01764,humor,,,1815,,shortlisted_from_wordfreq_seed
wfpt-01765,iniciativa,,,1816,,shortlisted_from_wordfreq_seed
wfpt-01766,leia,,,1817,,shortlisted_from_wordfreq_seed
wfpt-01767,limites,,,1818,,shortlisted_from_wordfreq_seed
wfpt-01768,linhas,,,1819,,shortlisted_from_wordfreq_seed
wfpt-01769,maravilhoso,,,1820,,shortlisted_from_wordfreq_seed
wfpt-01770,mato,,,1821,,shortlisted_from_wordfreq_seed
wfpt-01771,museu,,,1822,,shortlisted_from_wordfreq_seed
wfpt-01772,namorada,,,1823,,shortlisted_from_wordfreq_seed
wfpt-01773,nascimento,,,1824,,shortlisted_from_wordfreq_seed
wfpt-01774,oferecer,,,1825,,shortlisted_from_wordfreq_seed
wfpt-01775,possam,,,1826,,shortlisted_from_wordfreq_seed
wfpt-01776,procurando,,,1827,,shortlisted_from_wordfreq_seed
wfpt-01777,programação,,,1828,,shortlisted_from_wordfreq_seed
wfpt-01778,páginas,,,1829,,shortlisted_from_wordfreq_seed
wfpt-01779,sessão,,,1830,,shortlisted_from_wordfreq_seed
wfpt-01780,soldados,,,1831,,shortlisted_from_wordfreq_seed
wfpt-01781,terminar,,,1832,,shortlisted_from_wordfreq_seed
wfpt-01782,vencer,,,1833,,shortlisted_from_wordfreq_seed
wfpt-01783,agente,,,1834,,shortlisted_from_wordfreq_seed
wfpt-01784,almoço,,,1835,,shortlisted_from_wordfreq_seed
wfpt-01785,ambiental,,,1836,,shortlisted_from_wordfreq_seed
wfpt-01786,bela,,,1837,,shortlisted_from_wordfreq_seed
wfpt-01787,cadeia,,,1838,,shortlisted_from_wordfreq_seed
wfpt-01788,calor,,,1839,,shortlisted_from_wordfreq_seed
wfpt-01789,capa,,,1840,,shortlisted_from_wordfreq_seed
wfpt-01790,cenas,,,1841,,shortlisted_from_wordfreq_seed
wfpt-01791,chegada,,,1842,,shortlisted_from_wordfreq_seed
wfpt-01792,crimes,,,1843,,shortlisted_from_wordfreq_seed
wfpt-01793,curta,,,1844,,shortlisted_from_wordfreq_seed
wfpt-01794,discurso,,,1845,,shortlisted_from_wordfreq_seed
wfpt-01795,estudar,,,1846,,shortlisted_from_wordfreq_seed
wfpt-01796,homenagem,,,1847,,shortlisted_from_wordfreq_seed
wfpt-01797,live,,,1848,,shortlisted_from_wordfreq_seed
wfpt-01798,love,,,1849,,shortlisted_from_wordfreq_seed
wfpt-01799,mail,,,1850,,shortlisted_from_wordfreq_seed
wfpt-01800,mandou,,,1851,,shortlisted_from_wordfreq_seed
wfpt-01801,mantém,,,1852,,shortlisted_from_wordfreq_seed
wfpt-01802,mapa,,,1853,,shortlisted_from_wordfreq_seed
wfpt-01803,medicina,,,1854,,shortlisted_from_wordfreq_seed
wfpt-01804,merece,,,1855,,shortlisted_from_wordfreq_seed
wfpt-01806,ocorre,,,1857,,shortlisted_from_wordfreq_seed
wfpt-01807,pessoais,,,1858,,shortlisted_from_wordfreq_seed
wfpt-01808,ponte,,,1859,,shortlisted_from_wordfreq_seed
wfpt-01809,portas,,,1860,,shortlisted_from_wordfreq_seed
wfpt-01810,produto,,,1861,,shortlisted_from_wordfreq_seed
wfpt-01811,promover,,,1862,,shortlisted_from_wordfreq_seed
wfpt-01812,quantos,,,1863,,shortlisted_from_wordfreq_seed
wfpt-01813,reação,,,1864,,shortlisted_from_wordfreq_seed
wfpt-01814,salvar,,,1865,,shortlisted_from_wordfreq_seed
wfpt-01815,sentimento,,,1866,,shortlisted_from_wordfreq_seed
wfpt-01817,tentou,,,1868,,shortlisted_from_wordfreq_seed
wfpt-01818,textos,,,1869,,shortlisted_from_wordfreq_seed
wfpt-01819,toma,,,1870,,shortlisted_from_wordfreq_seed
wfpt-01820,tornando,,,1871,,shortlisted_from_wordfreq_seed
wfpt-01821,trouxe,,,1872,,shortlisted_from_wordfreq_seed
wfpt-01822,autoridades,,,1874,,shortlisted_from_wordfreq_seed
wfpt-01823,avenida,,,1875,,shortlisted_from_wordfreq_seed
wfpt-01824,comentário,,,1876,,shortlisted_from_wordfreq_seed
wfpt-01825,concurso,,,1877,,shortlisted_from_wordfreq_seed
wfpt-01826,contém,,,1878,,shortlisted_from_wordfreq_seed
wfpt-01827,desenho,,,1879,,shortlisted_from_wordfreq_seed
wfpt-01828,divulgação,,,1880,,shortlisted_from_wordfreq_seed
wfpt-01829,dou,,,1881,,shortlisted_from_wordfreq_seed
wfpt-01830,enfim,,,1882,,shortlisted_from_wordfreq_seed
wfpt-01831,estaria,,,1883,,shortlisted_from_wordfreq_seed
wfpt-01832,exposição,,,1884,,shortlisted_from_wordfreq_seed
wfpt-01833,ferramentas,,,1885,,shortlisted_from_wordfreq_seed
wfpt-01834,formato,,,1886,,shortlisted_from_wordfreq_seed
wfpt-01835,fotografia,,,1887,,shortlisted_from_wordfreq_seed
wfpt-01836,gostar,,,1888,,shortlisted_from_wordfreq_seed
wfpt-01837,inicial,,,1889,,shortlisted_from_wordfreq_seed
wfpt-01838,instituição,,,1890,,shortlisted_from_wordfreq_seed
wfpt-01839,intenção,,,1891,,shortlisted_from_wordfreq_seed
wfpt-01840,itália,,,1892,,shortlisted_from_wordfreq_seed
wfpt-01841,james,,,1893,,shortlisted_from_wordfreq_seed
wfpt-01842,marcelo,,,1894,,shortlisted_from_wordfreq_seed
wfpt-01843,milhão,,,1895,,shortlisted_from_wordfreq_seed
wfpt-01844,municípios,,,1896,,shortlisted_from_wordfreq_seed
wfpt-01845,notas,,,1897,,shortlisted_from_wordfreq_seed
wfpt-01846,organizações,,,1899,,shortlisted_from_wordfreq_seed
wfpt-01847,passei,,,1900,,shortlisted_from_wordfreq_seed
wfpt-01848,perguntar,,,1901,,shortlisted_from_wordfreq_seed
wfpt-01849,perigo,,,1902,,shortlisted_from_wordfreq_seed
wfpt-01850,pista,,,1903,,shortlisted_from_wordfreq_seed
wfpt-01851,potencial,,,1904,,shortlisted_from_wordfreq_seed
wfpt-01852,princípio,,,1905,,shortlisted_from_wordfreq_seed
wfpt-01853,raiva,,,1906,,shortlisted_from_wordfreq_seed
wfpt-01854,sites,,,1907,,shortlisted_from_wordfreq_seed
wfpt-01855,sítio,,,1908,,shortlisted_from_wordfreq_seed
wfpt-01856,tantos,,,1909,,shortlisted_from_wordfreq_seed
wfpt-01857,top,,,1910,,shortlisted_from_wordfreq_seed
wfpt-01858,vender,,,1911,,shortlisted_from_wordfreq_seed
wfpt-01859,apartamento,,,1912,,shortlisted_from_wordfreq_seed
wfpt-01860,arma,,,1913,,shortlisted_from_wordfreq_seed
wfpt-01861,cenário,,,1914,,shortlisted_from_wordfreq_seed
wfpt-01862,clientes,,,1915,,shortlisted_from_wordfreq_seed
wfpt-01863,complexo,,,1916,,shortlisted_from_wordfreq_seed
wfpt-01864,conferência,,,1917,,shortlisted_from_wordfreq_seed
wfpt-01865,confira,,,1918,,shortlisted_from_wordfreq_seed
wfpt-01866,deram,,,1919,,shortlisted_from_wordfreq_seed
wfpt-01867,discutir,,,1920,,shortlisted_from_wordfreq_seed
wfpt-01868,dom,,,1921,,shortlisted_from_wordfreq_seed
wfpt-01870,erros,,,1923,,shortlisted_from_wordfreq_seed
wfpt-01871,esforço,,,1924,,shortlisted_from_wordfreq_seed
wfpt-01872,europeia,,,1925,,shortlisted_from_wordfreq_seed
wfpt-01873,excelente,,,1926,,shortlisted_from_wordfreq_seed
wfpt-01874,falam,,,1927,,shortlisted_from_wordfreq_seed
wfpt-01875,faria,,,1928,,shortlisted_from_wordfreq_seed
wfpt-01876,figura,,,1929,,shortlisted_from_wordfreq_seed
wfpt-01877,folha,,,1930,,shortlisted_from_wordfreq_seed
wfpt-01878,habitantes,,,1931,,shortlisted_from_wordfreq_seed
wfpt-01879,infância,,,1932,,shortlisted_from_wordfreq_seed
wfpt-01880,israel,,,1933,,shortlisted_from_wordfreq_seed
wfpt-01882,marcos,,,1935,,shortlisted_from_wordfreq_seed
wfpt-01883,mau,,,1936,,shortlisted_from_wordfreq_seed
wfpt-01884,naquela,,,1937,,shortlisted_from_wordfreq_seed
wfpt-01885,nela,,,1938,,shortlisted_from_wordfreq_seed
wfpt-01886,oferece,,,1939,,shortlisted_from_wordfreq_seed
wfpt-01887,peter,,,1940,,shortlisted_from_wordfreq_seed
wfpt-01888,precisar,,,1941,,shortlisted_from_wordfreq_seed
wfpt-01889,pão,,,1942,,shortlisted_from_wordfreq_seed
wfpt-01890,querido,,,1943,,shortlisted_from_wordfreq_seed
wfpt-01891,reserva,,,1944,,shortlisted_from_wordfreq_seed
wfpt-01892,respostas,,,1945,,shortlisted_from_wordfreq_seed
wfpt-01893,roberto,,,1946,,shortlisted_from_wordfreq_seed
wfpt-01894,russo,,,1947,,shortlisted_from_wordfreq_seed
wfpt-01895,san,,,1948,,shortlisted_from_wordfreq_seed
wfpt-01896,segura,,,1949,,shortlisted_from_wordfreq_seed
wfpt-01897,sinais,,,1950,,shortlisted_from_wordfreq_seed
wfpt-01898,socorro,,,1951,,shortlisted_from_wordfreq_seed
wfpt-01899,tela,,,1952,,shortlisted_from_wordfreq_seed
wfpt-01900,tira,,,1953,,shortlisted_from_wordfreq_seed
wfpt-01901,vento,,,1954,,shortlisted_from_wordfreq_seed
wfpt-01902,anti,,,1955,,shortlisted_from_wordfreq_seed
wfpt-01903,arquivos,,,1956,,shortlisted_from_wordfreq_seed
wfpt-01904,atitude,,,1957,,shortlisted_from_wordfreq_seed
wfpt-01905,baseado,,,1958,,shortlisted_from_wordfreq_seed
wfpt-01906,bateria,,,1959,,shortlisted_from_wordfreq_seed
wfpt-01907,casar,,,1960,,shortlisted_from_wordfreq_seed
wfpt-01908,chegaram,,,1961,,shortlisted_from_wordfreq_seed
wfpt-01909,cobertura,,,1962,,shortlisted_from_wordfreq_seed
wfpt-01910,completo,,,1963,,shortlisted_from_wordfreq_seed
wfpt-01911,corpos,,,1964,,shortlisted_from_wordfreq_seed
wfpt-01912,crescer,,,1965,,shortlisted_from_wordfreq_seed
wfpt-01913,críticas,,,1966,,shortlisted_from_wordfreq_seed
wfpt-01914,declaração,,,1967,,shortlisted_from_wordfreq_seed
wfpt-01915,destas,,,1968,,shortlisted_from_wordfreq_seed
wfpt-01916,diga,,,1969,,shortlisted_from_wordfreq_seed
wfpt-01917,discussão,,,1970,,shortlisted_from_wordfreq_seed
wfpt-01918,documento,,,1971,,shortlisted_from_wordfreq_seed
wfpt-01919,dono,,,1972,,shortlisted_from_wordfreq_seed
wfpt-01920,emergência,,,1973,,shortlisted_from_wordfreq_seed
wfpt-01921,encontram,,,1974,,shortlisted_from_wordfreq_seed
wfpt-01922,estrela,,,1975,,shortlisted_from_wordfreq_seed
wfpt-01923,experiências,,,1976,,shortlisted_from_wordfreq_seed
wfpt-01924,extremamente,,,1977,,shortlisted_from_wordfreq_seed
wfpt-01925,fechar,,,1978,,shortlisted_from_wordfreq_seed
wfpt-01926,fundamental,,,1979,,shortlisted_from_wordfreq_seed
wfpt-01927,independência,,,1980,,shortlisted_from_wordfreq_seed
wfpt-01928,leão,,,1981,,shortlisted_from_wordfreq_seed
wfpt-01929,localização,,,1982,,shortlisted_from_wordfreq_seed
wfpt-01930,mínimo,,,1983,,shortlisted_from_wordfreq_seed
wfpt-01931,negra,,,1984,,shortlisted_from_wordfreq_seed
wfpt-01932,paul,,,1985,,shortlisted_from_wordfreq_seed
wfpt-01933,perdi,,,1986,,shortlisted_from_wordfreq_seed
wfpt-01934,pesquisas,,,1987,,shortlisted_from_wordfreq_seed
wfpt-01935,poderiam,,,1988,,shortlisted_from_wordfreq_seed
wfpt-01936,presidência,,,1989,,shortlisted_from_wordfreq_seed
wfpt-01937,preços,,,1990,,shortlisted_from_wordfreq_seed
wfpt-01938,quadro,,,1991,,shortlisted_from_wordfreq_seed
wfpt-01939,quantas,,,1992,,shortlisted_from_wordfreq_seed
wfpt-01940,raio,,,1993,,shortlisted_from_wordfreq_seed
wfpt-01941,refere,,,1994,,shortlisted_from_wordfreq_seed
wfpt-01942,rica,,,1995,,shortlisted_from_wordfreq_seed
wfpt-01943,senado,,,1996,,shortlisted_from_wordfreq_seed
wfpt-01944,senador,,,1997,,shortlisted_from_wordfreq_seed
wfpt-01945,transmissão,,,1998,,shortlisted_from_wordfreq_seed
wfpt-01946,viajar,,,2000,,shortlisted_from_wordfreq_seed
wfpt-01947,all,,,2001,,shortlisted_from_wordfreq_seed
wfpt-01948,apresentou,,,2002,,shortlisted_from_wordfreq_seed
wfpt-01949,audiência,,,2003,,shortlisted_from_wordfreq_seed
wfpt-01952,conseguem,,,2006,,shortlisted_from_wordfreq_seed
wfpt-01953,defender,,,2007,,shortlisted_from_wordfreq_seed
wfpt-01954,desempenho,,,2008,,shortlisted_from_wordfreq_seed
wfpt-01955,dizia,,,2009,,shortlisted_from_wordfreq_seed
wfpt-01956,encontrou,,,2010,,shortlisted_from_wordfreq_seed
wfpt-01957,engenharia,,,2011,,shortlisted_from_wordfreq_seed
wfpt-01958,fomos,,,2012,,shortlisted_from_wordfreq_seed
wfpt-01959,from,,,2013,,shortlisted_from_wordfreq_seed
wfpt-01960,grau,,,2014,,shortlisted_from_wordfreq_seed
wfpt-01961,inferno,,,2015,,shortlisted_from_wordfreq_seed
wfpt-01963,morta,,,2017,,shortlisted_from_wordfreq_seed
wfpt-01964,musical,,,2018,,shortlisted_from_wordfreq_seed
wfpt-01965,odeio,,,2019,,shortlisted_from_wordfreq_seed
wfpt-01966,parede,,,2020,,shortlisted_from_wordfreq_seed
wfpt-01967,perfeita,,,2021,,shortlisted_from_wordfreq_seed
wfpt-01968,posse,,,2022,,shortlisted_from_wordfreq_seed
wfpt-01970,propósito,,,2024,,shortlisted_from_wordfreq_seed
wfpt-01971,registro,,,2025,,shortlisted_from_wordfreq_seed
wfpt-01972,servir,,,2026,,shortlisted_from_wordfreq_seed
wfpt-01973,toque,,,2027,,shortlisted_from_wordfreq_seed
wfpt-01974,viram,,,2028,,shortlisted_from_wordfreq_seed
wfpt-01976,with,,,2030,,shortlisted_from_wordfreq_seed
wfpt-01977,zero,,,2031,,shortlisted_from_wordfreq_seed
wfpt-01978,ódio,,,2032,,shortlisted_from_wordfreq_seed
wfpt-01979,anda,,,2033,,shortlisted_from_wordfreq_seed
wfpt-01980,artes,,,2034,,shortlisted_from_wordfreq_seed
wfpt-01981,ataques,,,2035,,shortlisted_from_wordfreq_seed
wfpt-01983,comandante,,,2037,,shortlisted_from_wordfreq_seed
wfpt-01984,começando,,,2038,,shortlisted_from_wordfreq_seed
wfpt-01985,culturais,,,2039,,shortlisted_from_wordfreq_seed
wfpt-01986,decisões,,,2040,,shortlisted_from_wordfreq_seed
wfpt-01987,decreto,,,2041,,shortlisted_from_wordfreq_seed
wfpt-01988,dificuldades,,,2042,,shortlisted_from_wordfreq_seed
wfpt-01989,disponíveis,,,2043,,shortlisted_from_wordfreq_seed
wfpt-01990,disseram,,,2044,,shortlisted_from_wordfreq_seed
wfpt-01991,divisão,,,2045,,shortlisted_from_wordfreq_seed
wfpt-01992,décadas,,,2046,,shortlisted_from_wordfreq_seed
wfpt-01993,eleito,,,2047,,shortlisted_from_wordfreq_seed
wfpt-01994,entendi,,,2048,,shortlisted_from_wordfreq_seed
wfpt-01995,esporte,,,2049,,shortlisted_from_wordfreq_seed
wfpt-01996,falo,,,2050,,shortlisted_from_wordfreq_seed
wfpt-01997,fortaleza,,,2051,,shortlisted_from_wordfreq_seed
wfpt-01998,garoto,,,2052,,shortlisted_from_wordfreq_seed
wfpt-01999,guia,,,2053,,shortlisted_from_wordfreq_seed
wfpt-02000,henrique,,,2054,,shortlisted_from_wordfreq_seed
wfpt-02001,jantar,,,2055,,shortlisted_from_wordfreq_seed
wfpt-02002,leitura,,,2056,,shortlisted_from_wordfreq_seed
wfpt-02003,mora,,,2057,,shortlisted_from_wordfreq_seed
wfpt-02004,mostrou,,,2058,,shortlisted_from_wordfreq_seed
wfpt-02005,onda,,,2059,,shortlisted_from_wordfreq_seed
wfpt-02006,par,,,2060,,shortlisted_from_wordfreq_seed
wfpt-02007,perdido,,,2061,,shortlisted_from_wordfreq_seed
wfpt-02008,permitir,,,2062,,shortlisted_from_wordfreq_seed
wfpt-02009,poderes,,,2063,,shortlisted_from_wordfreq_seed
wfpt-02010,praticamente,,,2064,,shortlisted_from_wordfreq_seed
wfpt-02011,próprias,,,2065,,shortlisted_from_wordfreq_seed
wfpt-02012,publicada,,,2066,,shortlisted_from_wordfreq_seed
wfpt-02013,pudesse,,,2067,,shortlisted_from_wordfreq_seed
wfpt-02014,recente,,,2068,,shortlisted_from_wordfreq_seed
wfpt-02015,responsáveis,,,2069,,shortlisted_from_wordfreq_seed
wfpt-02016,rural,,,2070,,shortlisted_from_wordfreq_seed
wfpt-02017,senti,,,2071,,shortlisted_from_wordfreq_seed
wfpt-02018,seriam,,,2072,,shortlisted_from_wordfreq_seed
wfpt-02019,terminou,,,2073,,shortlisted_from_wordfreq_seed
wfpt-02020,treinamento,,,2074,,shortlisted_from_wordfreq_seed
wfpt-02023,águas,,,2077,,shortlisted_from_wordfreq_seed
wfpt-02025,agricultura,,,2079,,shortlisted_from_wordfreq_seed
wfpt-02026,ameaça,,,2080,,shortlisted_from_wordfreq_seed
wfpt-02027,bar,,,2081,,shortlisted_from_wordfreq_seed
wfpt-02028,canto,,,2082,,shortlisted_from_wordfreq_seed
wfpt-02029,cheiro,,,2083,,shortlisted_from_wordfreq_seed
wfpt-02030,cliente,,,2084,,shortlisted_from_wordfreq_seed
wfpt-02031,coleção,,,2085,,shortlisted_from_wordfreq_seed
wfpt-02032,coloca,,,2086,,shortlisted_from_wordfreq_seed
wfpt-02033,condição,,,2087,,shortlisted_from_wordfreq_seed
wfpt-02034,cores,,,2088,,shortlisted_from_wordfreq_seed
wfpt-02035,dada,,,2089,,shortlisted_from_wordfreq_seed
wfpt-02036,dúvidas,,,2090,,shortlisted_from_wordfreq_seed
wfpt-02037,econômico,,,2091,,shortlisted_from_wordfreq_seed
wfpt-02038,fatos,,,2092,,shortlisted_from_wordfreq_seed
wfpt-02039,ferro,,,2093,,shortlisted_from_wordfreq_seed
wfpt-02040,frase,,,2094,,shortlisted_from_wordfreq_seed
wfpt-02042,grave,,,2096,,shortlisted_from_wordfreq_seed
wfpt-02043,honra,,,2097,,shortlisted_from_wordfreq_seed
wfpt-02044,humanidade,,,2098,,shortlisted_from_wordfreq_seed
wfpt-02045,indivíduos,,,2099,,shortlisted_from_wordfreq_seed
wfpt-02046,inteira,,,2100,,shortlisted_from_wordfreq_seed
wfpt-02047,juro,,,2101,,shortlisted_from_wordfreq_seed
wfpt-02048,juventude,,,2102,,shortlisted_from_wordfreq_seed
wfpt-02049,legislação,,,2103,,shortlisted_from_wordfreq_seed
wfpt-02050,liderança,,,2104,,shortlisted_from_wordfreq_seed
wfpt-02051,localizado,,,2105,,shortlisted_from_wordfreq_seed
wfpt-02052,materiais,,,2106,,shortlisted_from_wordfreq_seed
wfpt-02053,minuto,,,2107,,shortlisted_from_wordfreq_seed
wfpt-02054,modelos,,,2108,,shortlisted_from_wordfreq_seed
wfpt-02055,novela,,,2109,,shortlisted_from_wordfreq_seed
wfpt-02056,paga,,,2110,,shortlisted_from_wordfreq_seed
wfpt-02057,parecem,,,2111,,shortlisted_from_wordfreq_seed
wfpt-02058,produzir,,,2112,,shortlisted_from_wordfreq_seed
wfpt-02059,província,,,2113,,shortlisted_from_wordfreq_seed
wfpt-02060,publicou,,,2114,,shortlisted_from_wordfreq_seed
wfpt-02061,rafael,,,2115,,shortlisted_from_wordfreq_seed
wfpt-02062,retorno,,,2116,,shortlisted_from_wordfreq_seed
wfpt-02063,rodrigo,,,2117,,shortlisted_from_wordfreq_seed
wfpt-02064,sabendo,,,2118,,shortlisted_from_wordfreq_seed
wfpt-02065,seres,,,2119,,shortlisted_from_wordfreq_seed
wfpt-02066,tomou,,,2120,,shortlisted_from_wordfreq_seed
wfpt-02067,tradição,,,2121,,shortlisted_from_wordfreq_seed
wfpt-02068,utilizado,,,2122,,shortlisted_from_wordfreq_seed
wfpt-02069,visitantes,,,2123,,shortlisted_from_wordfreq_seed
wfpt-02070,vêm,,,2124,,shortlisted_from_wordfreq_seed
wfpt-02071,washington,,,2125,,shortlisted_from_wordfreq_seed
wfpt-02072,árvores,,,2126,,shortlisted_from_wordfreq_seed
wfpt-02073,anteriormente,,,2127,,shortlisted_from_wordfreq_seed
wfpt-02074,bandeira,,,2128,,shortlisted_from_wordfreq_seed
wfpt-02075,bolsa,,,2129,,shortlisted_from_wordfreq_seed
wfpt-02076,braço,,,2130,,shortlisted_from_wordfreq_seed
wfpt-02077,bruno,,,2131,,shortlisted_from_wordfreq_seed
wfpt-02078,camisa,,,2132,,shortlisted_from_wordfreq_seed
wfpt-02079,conflito,,,2133,,shortlisted_from_wordfreq_seed
wfpt-02080,consumo,,,2134,,shortlisted_from_wordfreq_seed
wfpt-02081,corrupção,,,2135,,shortlisted_from_wordfreq_seed
wfpt-02082,curto,,,2136,,shortlisted_from_wordfreq_seed
wfpt-02083,devo,,,2137,,shortlisted_from_wordfreq_seed
wfpt-02084,disputa,,,2138,,shortlisted_from_wordfreq_seed
wfpt-02085,dupla,,,2139,,shortlisted_from_wordfreq_seed
wfpt-02086,executivo,,,2140,,shortlisted_from_wordfreq_seed
wfpt-02087,exemplos,,,2141,,shortlisted_from_wordfreq_seed
wfpt-02088,felicidade,,,2142,,shortlisted_from_wordfreq_seed
wfpt-02089,felizes,,,2143,,shortlisted_from_wordfreq_seed
wfpt-02090,fins,,,2144,,shortlisted_from_wordfreq_seed
wfpt-02091,fossem,,,2145,,shortlisted_from_wordfreq_seed
wfpt-02092,funções,,,2146,,shortlisted_from_wordfreq_seed
wfpt-02093,haverá,,,2147,,shortlisted_from_wordfreq_seed
wfpt-02094,infantil,,,2148,,shortlisted_from_wordfreq_seed
wfpt-02095,invés,,,2149,,shortlisted_from_wordfreq_seed
wfpt-02096,letras,,,2150,,shortlisted_from_wordfreq_seed
wfpt-02097,línguas,,,2151,,shortlisted_from_wordfreq_seed
wfpt-02098,menores,,,2152,,shortlisted_from_wordfreq_seed
wfpt-02099,miguel,,,2153,,shortlisted_from_wordfreq_seed
wfpt-02100,moda,,,2154,,shortlisted_from_wordfreq_seed
wfpt-02101,níveis,,,2155,,shortlisted_from_wordfreq_seed
wfpt-02102,parada,,,2156,,shortlisted_from_wordfreq_seed
wfpt-02103,piada,,,2157,,shortlisted_from_wordfreq_seed
wfpt-02105,pretende,,,2159,,shortlisted_from_wordfreq_seed
wfpt-02106,práticas,,,2160,,shortlisted_from_wordfreq_seed
wfpt-02107,rapaz,,,2161,,shortlisted_from_wordfreq_seed
wfpt-02108,renda,,,2162,,shortlisted_from_wordfreq_seed
wfpt-02109,representantes,,,2163,,shortlisted_from_wordfreq_seed
wfpt-02111,rápida,,,2165,,shortlisted_from_wordfreq_seed
wfpt-02112,saco,,,2166,,shortlisted_from_wordfreq_seed
wfpt-02113,status,,,2167,,shortlisted_from_wordfreq_seed
wfpt-02114,use,,,2168,,shortlisted_from_wordfreq_seed
wfpt-02115,vinho,,,2169,,shortlisted_from_wordfreq_seed
wfpt-02116,acompanhar,,,2170,,shortlisted_from_wordfreq_seed
wfpt-02117,agir,,,2171,,shortlisted_from_wordfreq_seed
wfpt-02118,andré,,,2172,,shortlisted_from_wordfreq_seed
wfpt-02119,anteriores,,,2173,,shortlisted_from_wordfreq_seed
wfpt-02120,antigos,,,2174,,shortlisted_from_wordfreq_seed
wfpt-02121,aonde,,,2175,,shortlisted_from_wordfreq_seed
wfpt-02122,arquivo,,,2176,,shortlisted_from_wordfreq_seed
wfpt-02123,brasileiras,,,2177,,shortlisted_from_wordfreq_seed
wfpt-02124,caro,,,2178,,shortlisted_from_wordfreq_seed
wfpt-02125,cidadãos,,,2179,,shortlisted_from_wordfreq_seed
wfpt-02126,controlar,,,2180,,shortlisted_from_wordfreq_seed
wfpt-02127,câmera,,,2181,,shortlisted_from_wordfreq_seed
wfpt-02128,danos,,,2182,,shortlisted_from_wordfreq_seed
wfpt-02129,daqueles,,,2183,,shortlisted_from_wordfreq_seed
wfpt-02130,democracia,,,2184,,shortlisted_from_wordfreq_seed
wfpt-02131,enfrentar,,,2185,,shortlisted_from_wordfreq_seed
wfpt-02132,ensinar,,,2186,,shortlisted_from_wordfreq_seed
wfpt-02133,familiar,,,2187,,shortlisted_from_wordfreq_seed
wfpt-02134,familiares,,,2188,,shortlisted_from_wordfreq_seed
wfpt-02135,horizonte,,,2189,,shortlisted_from_wordfreq_seed
wfpt-02136,horrível,,,2190,,shortlisted_from_wordfreq_seed
wfpt-02137,idiota,,,2191,,shortlisted_from_wordfreq_seed
wfpt-02138,imaginar,,,2192,,shortlisted_from_wordfreq_seed
wfpt-02139,inteligência,,,2193,,shortlisted_from_wordfreq_seed
wfpt-02140,interesses,,,2194,,shortlisted_from_wordfreq_seed
wfpt-02141,justo,,,2195,,shortlisted_from_wordfreq_seed
wfpt-02142,latina,,,2196,,shortlisted_from_wordfreq_seed
wfpt-02143,levantar,,,2197,,shortlisted_from_wordfreq_seed
wfpt-02144,limite,,,2198,,shortlisted_from_wordfreq_seed
wfpt-02145,lucas,,,2199,,shortlisted_from_wordfreq_seed
wfpt-02146,líderes,,,2200,,shortlisted_from_wordfreq_seed
wfpt-02147,moradores,,,2201,,shortlisted_from_wordfreq_seed
wfpt-02148,motor,,,2202,,shortlisted_from_wordfreq_seed
wfpt-02149,oscar,,,2203,,shortlisted_from_wordfreq_seed
wfpt-02150,papa,,,2204,,shortlisted_from_wordfreq_seed
wfpt-02151,princípios,,,2205,,shortlisted_from_wordfreq_seed
wfpt-02152,querida,,,2206,,shortlisted_from_wordfreq_seed
wfpt-02153,quilômetros,,,2207,,shortlisted_from_wordfreq_seed
wfpt-02154,razões,,,2208,,shortlisted_from_wordfreq_seed
wfpt-02155,segredo,,,2209,,shortlisted_from_wordfreq_seed
wfpt-02156,situações,,,2210,,shortlisted_from_wordfreq_seed
wfpt-02157,tio,,,2211,,shortlisted_from_wordfreq_seed
wfpt-02158,turismo,,,2212,,shortlisted_from_wordfreq_seed
wfpt-02160,alcançar,,,2214,,shortlisted_from_wordfreq_seed
wfpt-02161,amizade,,,2215,,shortlisted_from_wordfreq_seed
wfpt-02162,atos,,,2216,,shortlisted_from_wordfreq_seed
wfpt-02163,atuais,,,2217,,shortlisted_from_wordfreq_seed
wfpt-02164,atuação,,,2218,,shortlisted_from_wordfreq_seed
wfpt-02165,ben,,,2219,,shortlisted_from_wordfreq_seed
wfpt-02166,canais,,,2220,,shortlisted_from_wordfreq_seed
wfpt-02167,cantar,,,2221,,shortlisted_from_wordfreq_seed
wfpt-02168,cartas,,,2222,,shortlisted_from_wordfreq_seed
wfpt-02169,caráter,,,2223,,shortlisted_from_wordfreq_seed
wfpt-02170,ceará,,,2224,,shortlisted_from_wordfreq_seed
wfpt-02171,cerveja,,,2225,,shortlisted_from_wordfreq_seed
wfpt-02172,colocou,,,2226,,shortlisted_from_wordfreq_seed
wfpt-02173,colégio,,,2227,,shortlisted_from_wordfreq_seed
wfpt-02174,continue,,,2228,,shortlisted_from_wordfreq_seed
wfpt-02175,desculpas,,,2229,,shortlisted_from_wordfreq_seed
wfpt-02176,edifício,,,2230,,shortlisted_from_wordfreq_seed
wfpt-02177,editora,,,2231,,shortlisted_from_wordfreq_seed
wfpt-02178,fazenda,,,2232,,shortlisted_from_wordfreq_seed
wfpt-02179,feminino,,,2233,,shortlisted_from_wordfreq_seed
wfpt-02180,gabriel,,,2234,,shortlisted_from_wordfreq_seed
wfpt-02181,gols,,,2235,,shortlisted_from_wordfreq_seed
wfpt-02182,grosso,,,2236,,shortlisted_from_wordfreq_seed
wfpt-02183,lançar,,,2237,,shortlisted_from_wordfreq_seed
wfpt-02184,letra,,,2238,,shortlisted_from_wordfreq_seed
wfpt-02185,ligado,,,2239,,shortlisted_from_wordfreq_seed
wfpt-02186,louis,,,2240,,shortlisted_from_wordfreq_seed
wfpt-02187,mandato,,,2241,,shortlisted_from_wordfreq_seed
wfpt-02188,mendes,,,2242,,shortlisted_from_wordfreq_seed
wfpt-02189,mentira,,,2243,,shortlisted_from_wordfreq_seed
wfpt-02190,mesmas,,,2244,,shortlisted_from_wordfreq_seed
wfpt-02191,mostrando,,,2245,,shortlisted_from_wordfreq_seed
wfpt-02192,nação,,,2246,,shortlisted_from_wordfreq_seed
wfpt-02193,ocidental,,,2247,,shortlisted_from_wordfreq_seed
wfpt-02194,oposição,,,2248,,shortlisted_from_wordfreq_seed
wfpt-02195,ouvido,,,2249,,shortlisted_from_wordfreq_seed
wfpt-02196,parecia,,,2250,,shortlisted_from_wordfreq_seed
wfpt-02197,passam,,,2251,,shortlisted_from_wordfreq_seed
wfpt-02198,realização,,,2252,,shortlisted_from_wordfreq_seed
wfpt-02199,relacionados,,,2253,,shortlisted_from_wordfreq_seed
wfpt-02200,resolução,,,2254,,shortlisted_from_wordfreq_seed
wfpt-02202,subir,,,2256,,shortlisted_from_wordfreq_seed
wfpt-02203,trem,,,2257,,shortlisted_from_wordfreq_seed
wfpt-02204,vinte,,,2258,,shortlisted_from_wordfreq_seed
wfpt-02205,virtual,,,2259,,shortlisted_from_wordfreq_seed
wfpt-02206,will,,,2260,,shortlisted_from_wordfreq_seed
wfpt-02207,árvore,,,2261,,shortlisted_from_wordfreq_seed
wfpt-02208,avião,,,2262,,shortlisted_from_wordfreq_seed
wfpt-02209,brincar,,,2263,,shortlisted_from_wordfreq_seed
wfpt-02210,castro,,,2264,,shortlisted_from_wordfreq_seed
wfpt-02211,centenas,,,2265,,shortlisted_from_wordfreq_seed
wfpt-02212,colegas,,,2266,,shortlisted_from_wordfreq_seed
wfpt-02213,considerada,,,2267,,shortlisted_from_wordfreq_seed
wfpt-02214,coronel,,,2268,,shortlisted_from_wordfreq_seed
wfpt-02215,crédito,,,2269,,shortlisted_from_wordfreq_seed
wfpt-02216,debate,,,2270,,shortlisted_from_wordfreq_seed
wfpt-02217,evolução,,,2271,,shortlisted_from_wordfreq_seed
wfpt-02218,fundos,,,2272,,shortlisted_from_wordfreq_seed
wfpt-02219,gato,,,2273,,shortlisted_from_wordfreq_seed
wfpt-02220,haviam,,,2274,,shortlisted_from_wordfreq_seed
wfpt-02221,inverno,,,2275,,shortlisted_from_wordfreq_seed
wfpt-02222,janela,,,2276,,shortlisted_from_wordfreq_seed
wfpt-02223,jornais,,,2277,,shortlisted_from_wordfreq_seed
wfpt-02224,nordeste,,,2278,,shortlisted_from_wordfreq_seed
wfpt-02225,objetivos,,,2279,,shortlisted_from_wordfreq_seed
wfpt-02226,oportunidades,,,2280,,shortlisted_from_wordfreq_seed
wfpt-02227,pago,,,2281,,shortlisted_from_wordfreq_seed
wfpt-02228,paixão,,,2282,,shortlisted_from_wordfreq_seed
wfpt-02229,pensam,,,2283,,shortlisted_from_wordfreq_seed
wfpt-02230,pensamentos,,,2284,,shortlisted_from_wordfreq_seed
wfpt-02231,pereira,,,2285,,shortlisted_from_wordfreq_seed
wfpt-02232,possíveis,,,2286,,shortlisted_from_wordfreq_seed
wfpt-02233,presos,,,2287,,shortlisted_from_wordfreq_seed
wfpt-02234,saindo,,,2288,,shortlisted_from_wordfreq_seed
wfpt-02235,seguidores,,,2289,,shortlisted_from_wordfreq_seed
wfpt-02236,sequência,,,2290,,shortlisted_from_wordfreq_seed
wfpt-02237,significado,,,2291,,shortlisted_from_wordfreq_seed
wfpt-02238,sobretudo,,,2292,,shortlisted_from_wordfreq_seed
wfpt-02239,terreno,,,2293,,shortlisted_from_wordfreq_seed
wfpt-02240,terão,,,2294,,shortlisted_from_wordfreq_seed
wfpt-02241,técnicas,,,2295,,shortlisted_from_wordfreq_seed
wfpt-02242,unido,,,2296,,shortlisted_from_wordfreq_seed
wfpt-02243,utilizada,,,2297,,shortlisted_from_wordfreq_seed
wfpt-02244,órgãos,,,2298,,shortlisted_from_wordfreq_seed
wfpt-02245,agradecer,,,2299,,shortlisted_from_wordfreq_seed
wfpt-02246,aldeia,,,2300,,shortlisted_from_wordfreq_seed
wfpt-02247,alternativa,,,2301,,shortlisted_from_wordfreq_seed
wfpt-02248,altos,,,2302,,shortlisted_from_wordfreq_seed
wfpt-02249,aparentemente,,,2303,,shortlisted_from_wordfreq_seed
wfpt-02250,apresentado,,,2304,,shortlisted_from_wordfreq_seed
wfpt-02251,aspectos,,,2305,,shortlisted_from_wordfreq_seed
wfpt-02252,biblioteca,,,2306,,shortlisted_from_wordfreq_seed
wfpt-02253,bloco,,,2307,,shortlisted_from_wordfreq_seed
wfpt-02254,cachorro,,,2308,,shortlisted_from_wordfreq_seed
wfpt-02255,carga,,,2309,,shortlisted_from_wordfreq_seed
wfpt-02256,cheguei,,,2310,,shortlisted_from_wordfreq_seed
wfpt-02257,clássico,,,2311,,shortlisted_from_wordfreq_seed
wfpt-02258,constante,,,2312,,shortlisted_from_wordfreq_seed
wfpt-02259,corrente,,,2313,,shortlisted_from_wordfreq_seed
wfpt-02260,cortar,,,2314,,shortlisted_from_wordfreq_seed
wfpt-02261,desenvolver,,,2315,,shortlisted_from_wordfreq_seed
wfpt-02262,digitais,,,2316,,shortlisted_from_wordfreq_seed
wfpt-02263,disco,,,2317,,shortlisted_from_wordfreq_seed
wfpt-02264,doente,,,2318,,shortlisted_from_wordfreq_seed
wfpt-02265,dura,,,2319,,shortlisted_from_wordfreq_seed
wfpt-02266,escala,,,2320,,shortlisted_from_wordfreq_seed
wfpt-02267,etapa,,,2321,,shortlisted_from_wordfreq_seed
wfpt-02268,execução,,,2322,,shortlisted_from_wordfreq_seed
wfpt-02269,felipe,,,2323,,shortlisted_from_wordfreq_seed
wfpt-02270,ferramenta,,,2324,,shortlisted_from_wordfreq_seed
wfpt-02271,gelo,,,2325,,shortlisted_from_wordfreq_seed
wfpt-02272,gomes,,,2326,,shortlisted_from_wordfreq_seed
wfpt-02273,haja,,,2327,,shortlisted_from_wordfreq_seed
wfpt-02274,juntamente,,,2328,,shortlisted_from_wordfreq_seed
wfpt-02275,laboratório,,,2329,,shortlisted_from_wordfreq_seed
wfpt-02276,line,,,2330,,shortlisted_from_wordfreq_seed
wfpt-02278,mortes,,,2332,,shortlisted_from_wordfreq_seed
wfpt-02279,mães,,,2333,,shortlisted_from_wordfreq_seed
wfpt-02280,método,,,2334,,shortlisted_from_wordfreq_seed
wfpt-02281,objeto,,,2335,,shortlisted_from_wordfreq_seed
wfpt-02282,ocasião,,,2336,,shortlisted_from_wordfreq_seed
wfpt-02283,passe,,,2337,,shortlisted_from_wordfreq_seed
wfpt-02284,passos,,,2338,,shortlisted_from_wordfreq_seed
wfpt-02285,pedi,,,2339,,shortlisted_from_wordfreq_seed
wfpt-02286,pega,,,2340,,shortlisted_from_wordfreq_seed
wfpt-02287,peixe,,,2341,,shortlisted_from_wordfreq_seed
wfpt-02288,ponta,,,2342,,shortlisted_from_wordfreq_seed
wfpt-02289,portugueses,,,2343,,shortlisted_from_wordfreq_seed
wfpt-02290,privada,,,2344,,shortlisted_from_wordfreq_seed
wfpt-02291,votar,,,2345,,shortlisted_from_wordfreq_seed
wfpt-02292,vírus,,,2346,,shortlisted_from_wordfreq_seed
wfpt-02293,áudio,,,2347,,shortlisted_from_wordfreq_seed
wfpt-02294,alemão,,,2348,,shortlisted_from_wordfreq_seed
wfpt-02295,amar,,,2349,,shortlisted_from_wordfreq_seed
wfpt-02296,anual,,,2350,,shortlisted_from_wordfreq_seed
wfpt-02297,aprovação,,,2351,,shortlisted_from_wordfreq_seed
wfpt-02298,assumir,,,2352,,shortlisted_from_wordfreq_seed
wfpt-02299,ausência,,,2353,,shortlisted_from_wordfreq_seed
wfpt-02300,aviso,,,2354,,shortlisted_from_wordfreq_seed
wfpt-02301,barra,,,2355,,shortlisted_from_wordfreq_seed
wfpt-02302,bomba,,,2356,,shortlisted_from_wordfreq_seed
wfpt-02303,cantor,,,2357,,shortlisted_from_wordfreq_seed
wfpt-02304,canção,,,2358,,shortlisted_from_wordfreq_seed
wfpt-02305,certos,,,2359,,shortlisted_from_wordfreq_seed
wfpt-02306,claramente,,,2360,,shortlisted_from_wordfreq_seed
wfpt-02307,come,,,2361,,shortlisted_from_wordfreq_seed
wfpt-02308,comerciais,,,2362,,shortlisted_from_wordfreq_seed
wfpt-02309,compartilhar,,,2363,,shortlisted_from_wordfreq_seed
wfpt-02310,comunidades,,,2364,,shortlisted_from_wordfreq_seed
wfpt-02311,considerando,,,2365,,shortlisted_from_wordfreq_seed
wfpt-02312,conto,,,2366,,shortlisted_from_wordfreq_seed
wfpt-02313,decidir,,,2367,,shortlisted_from_wordfreq_seed
wfpt-02314,declarou,,,2368,,shortlisted_from_wordfreq_seed
wfpt-02315,descrição,,,2369,,shortlisted_from_wordfreq_seed
wfpt-02316,design,,,2370,,shortlisted_from_wordfreq_seed
wfpt-02317,encontrei,,,2371,,shortlisted_from_wordfreq_seed
wfpt-02318,errada,,,2372,,shortlisted_from_wordfreq_seed
wfpt-02319,europeu,,,2373,,shortlisted_from_wordfreq_seed
wfpt-02320,filosofia,,,2374,,shortlisted_from_wordfreq_seed
wfpt-02321,frequentemente,,,2375,,shortlisted_from_wordfreq_seed
wfpt-02322,gostam,,,2376,,shortlisted_from_wordfreq_seed
wfpt-02323,gostava,,,2377,,shortlisted_from_wordfreq_seed
wfpt-02324,impedir,,,2378,,shortlisted_from_wordfreq_seed
wfpt-02325,indica,,,2379,,shortlisted_from_wordfreq_seed
wfpt-02326,lança,,,2380,,shortlisted_from_wordfreq_seed
wfpt-02327,legais,,,2381,,shortlisted_from_wordfreq_seed
wfpt-02328,livres,,,2382,,shortlisted_from_wordfreq_seed
wfpt-02329,luis,,,2383,,shortlisted_from_wordfreq_seed
wfpt-02330,oficialmente,,,2384,,shortlisted_from_wordfreq_seed
wfpt-02331,originalmente,,,2385,,shortlisted_from_wordfreq_seed
wfpt-02332,paciente,,,2386,,shortlisted_from_wordfreq_seed
wfpt-02333,paula,,,2387,,shortlisted_from_wordfreq_seed
wfpt-02334,pegou,,,2388,,shortlisted_from_wordfreq_seed
wfpt-02335,piloto,,,2389,,shortlisted_from_wordfreq_seed
wfpt-02336,plantas,,,2390,,shortlisted_from_wordfreq_seed
wfpt-02337,populares,,,2391,,shortlisted_from_wordfreq_seed
wfpt-02339,queira,,,2393,,shortlisted_from_wordfreq_seed
wfpt-02340,redução,,,2394,,shortlisted_from_wordfreq_seed
wfpt-02341,revisão,,,2395,,shortlisted_from_wordfreq_seed
wfpt-02342,salário,,,2396,,shortlisted_from_wordfreq_seed
wfpt-02343,sequer,,,2397,,shortlisted_from_wordfreq_seed
wfpt-02344,siga,,,2398,,shortlisted_from_wordfreq_seed
wfpt-02345,surgiu,,,2399,,shortlisted_from_wordfreq_seed
wfpt-02346,tecnologias,,,2400,,shortlisted_from_wordfreq_seed
wfpt-02347,tia,,,2401,,shortlisted_from_wordfreq_seed
wfpt-02348,tido,,,2402,,shortlisted_from_wordfreq_seed
wfpt-02349,tirou,,,2403,,shortlisted_from_wordfreq_seed
wfpt-02350,volto,,,2404,,shortlisted_from_wordfreq_seed
wfpt-02351,abriu,,,2405,,shortlisted_from_wordfreq_seed
wfpt-02352,ajudou,,,2406,,shortlisted_from_wordfreq_seed
wfpt-02353,alves,,,2407,,shortlisted_from_wordfreq_seed
wfpt-02354,aproveitar,,,2408,,shortlisted_from_wordfreq_seed
wfpt-02355,bens,,,2409,,shortlisted_from_wordfreq_seed
wfpt-02356,classificação,,,2410,,shortlisted_from_wordfreq_seed
wfpt-02357,começam,,,2411,,shortlisted_from_wordfreq_seed
wfpt-02358,confusão,,,2412,,shortlisted_from_wordfreq_seed
wfpt-02359,conheci,,,2413,,shortlisted_from_wordfreq_seed
wfpt-02360,cria,,,2414,,shortlisted_from_wordfreq_seed
wfpt-02361,cursos,,,2415,,shortlisted_from_wordfreq_seed
wfpt-02362,definição,,,2416,,shortlisted_from_wordfreq_seed
wfpt-02363,deseja,,,2417,,shortlisted_from_wordfreq_seed
wfpt-02364,droga,,,2418,,shortlisted_from_wordfreq_seed
wfpt-02365,estratégia,,,2419,,shortlisted_from_wordfreq_seed
wfpt-02366,estudante,,,2420,,shortlisted_from_wordfreq_seed
wfpt-02367,exceto,,,2421,,shortlisted_from_wordfreq_seed
wfpt-02368,extensão,,,2422,,shortlisted_from_wordfreq_seed
wfpt-02369,facilmente,,,2423,,shortlisted_from_wordfreq_seed
wfpt-02370,feminina,,,2424,,shortlisted_from_wordfreq_seed
wfpt-02371,flor,,,2425,,shortlisted_from_wordfreq_seed
wfpt-02372,foda,,,2426,,shortlisted_from_wordfreq_seed
wfpt-02373,fugir,,,2427,,shortlisted_from_wordfreq_seed
wfpt-02374,fórum,,,2428,,shortlisted_from_wordfreq_seed
wfpt-02375,ilhas,,,2429,,shortlisted_from_wordfreq_seed
wfpt-02376,inimigos,,,2430,,shortlisted_from_wordfreq_seed
wfpt-02377,muda,,,2431,,shortlisted_from_wordfreq_seed
wfpt-02379,navio,,,2433,,shortlisted_from_wordfreq_seed
wfpt-02380,ouvindo,,,2434,,shortlisted_from_wordfreq_seed
wfpt-02381,palácio,,,2435,,shortlisted_from_wordfreq_seed
wfpt-02382,parceiro,,,2436,,shortlisted_from_wordfreq_seed
wfpt-02383,perguntou,,,2437,,shortlisted_from_wordfreq_seed
wfpt-02384,pertence,,,2438,,shortlisted_from_wordfreq_seed
wfpt-02385,peru,,,2439,,shortlisted_from_wordfreq_seed
wfpt-02386,química,,,2440,,shortlisted_from_wordfreq_seed
wfpt-02387,recebido,,,2441,,shortlisted_from_wordfreq_seed
wfpt-02388,secretaria,,,2442,,shortlisted_from_wordfreq_seed
wfpt-02389,solar,,,2443,,shortlisted_from_wordfreq_seed
wfpt-02390,tarefa,,,2444,,shortlisted_from_wordfreq_seed
wfpt-02391,temperatura,,,2445,,shortlisted_from_wordfreq_seed
wfpt-02392,tendência,,,2446,,shortlisted_from_wordfreq_seed
wfpt-02393,tens,,,2447,,shortlisted_from_wordfreq_seed
wfpt-02394,terror,,,2448,,shortlisted_from_wordfreq_seed
wfpt-02395,testes,,,2449,,shortlisted_from_wordfreq_seed
wfpt-02396,topo,,,2450,,shortlisted_from_wordfreq_seed
wfpt-02397,tradicionais,,,2451,,shortlisted_from_wordfreq_seed
wfpt-02398,turma,,,2452,,shortlisted_from_wordfreq_seed
wfpt-02399,urbana,,,2453,,shortlisted_from_wordfreq_seed
wfpt-02400,usados,,,2454,,shortlisted_from_wordfreq_seed
wfpt-02401,usou,,,2455,,shortlisted_from_wordfreq_seed
wfpt-02402,vaga,,,2456,,shortlisted_from_wordfreq_seed
wfpt-02403,virar,,,2457,,shortlisted_from_wordfreq_seed
wfpt-02404,vivem,,,2458,,shortlisted_from_wordfreq_seed
wfpt-02405,acerca,,,2459,,shortlisted_from_wordfreq_seed
wfpt-02406,advogados,,,2460,,shortlisted_from_wordfreq_seed
wfpt-02407,alex,,,2461,,shortlisted_from_wordfreq_seed
wfpt-02408,atualização,,,2462,,shortlisted_from_wordfreq_seed
wfpt-02409,autorização,,,2463,,shortlisted_from_wordfreq_seed
wfpt-02410,beijo,,,2464,,shortlisted_from_wordfreq_seed
wfpt-02411,cala,,,2465,,shortlisted_from_wordfreq_seed
wfpt-02412,cantora,,,2466,,shortlisted_from_wordfreq_seed
wfpt-02413,capazes,,,2467,,shortlisted_from_wordfreq_seed
wfpt-02414,chile,,,2468,,shortlisted_from_wordfreq_seed
wfpt-02415,científica,,,2469,,shortlisted_from_wordfreq_seed
wfpt-02416,custa,,,2470,,shortlisted_from_wordfreq_seed
wfpt-02417,cérebro,,,2471,,shortlisted_from_wordfreq_seed
wfpt-02418,daquela,,,2472,,shortlisted_from_wordfreq_seed
wfpt-02419,deveriam,,,2473,,shortlisted_from_wordfreq_seed
wfpt-02420,dicas,,,2474,,shortlisted_from_wordfreq_seed
wfpt-02421,dona,,,2475,,shortlisted_from_wordfreq_seed
wfpt-02422,elétrica,,,2476,,shortlisted_from_wordfreq_seed
wfpt-02423,estreia,,,2477,,shortlisted_from_wordfreq_seed
wfpt-02424,festas,,,2478,,shortlisted_from_wordfreq_seed
wfpt-02425,francesa,,,2479,,shortlisted_from_wordfreq_seed
wfpt-02426,fábrica,,,2480,,shortlisted_from_wordfreq_seed
wfpt-02427,igualmente,,,2481,,shortlisted_from_wordfreq_seed
wfpt-02428,intervenção,,,2482,,shortlisted_from_wordfreq_seed
wfpt-02429,lados,,,2483,,shortlisted_from_wordfreq_seed
wfpt-02430,levado,,,2484,,shortlisted_from_wordfreq_seed
wfpt-02431,louca,,,2485,,shortlisted_from_wordfreq_seed
wfpt-02432,manda,,,2486,,shortlisted_from_wordfreq_seed
wfpt-02433,marcado,,,2487,,shortlisted_from_wordfreq_seed
wfpt-02434,meninos,,,2488,,shortlisted_from_wordfreq_seed
wfpt-02435,ora,,,2489,,shortlisted_from_wordfreq_seed
wfpt-02436,pagamento,,,2490,,shortlisted_from_wordfreq_seed
wfpt-02437,partidos,,,2491,,shortlisted_from_wordfreq_seed
wfpt-02438,pau,,,2492,,shortlisted_from_wordfreq_seed
wfpt-02439,pernas,,,2493,,shortlisted_from_wordfreq_seed
wfpt-02440,precisava,,,2494,,shortlisted_from_wordfreq_seed
wfpt-02441,representante,,,2495,,shortlisted_from_wordfreq_seed
wfpt-02442,seção,,,2496,,shortlisted_from_wordfreq_seed
wfpt-02443,tratado,,,2497,,shortlisted_from_wordfreq_seed
wfpt-02444,trocar,,,2498,,shortlisted_from_wordfreq_seed
wfpt-02445,universal,,,2499,,shortlisted_from_wordfreq_seed
wfpt-02446,utilização,,,2500,,shortlisted_from_wordfreq_seed
wfpt-02447,vermelha,,,2501,,shortlisted_from_wordfreq_seed
wfpt-02448,ásia,,,2502,,shortlisted_from_wordfreq_seed
wfpt-02449,aceita,,,2503,,shortlisted_from_wordfreq_seed
wfpt-02450,adultos,,,2504,,shortlisted_from_wordfreq_seed
wfpt-02451,assistência,,,2505,,shortlisted_from_wordfreq_seed
wfpt-02452,atriz,,,2506,,shortlisted_from_wordfreq_seed
wfpt-02453,bate,,,2507,,shortlisted_from_wordfreq_seed
wfpt-02454,brincadeira,,,2508,,shortlisted_from_wordfreq_seed
wfpt-02455,conquista,,,2509,,shortlisted_from_wordfreq_seed
wfpt-02456,convidados,,,2510,,shortlisted_from_wordfreq_seed
wfpt-02457,corre,,,2511,,shortlisted_from_wordfreq_seed
wfpt-02458,day,,,2512,,shortlisted_from_wordfreq_seed
wfpt-02460,entregar,,,2514,,shortlisted_from_wordfreq_seed
wfpt-02461,espaços,,,2515,,shortlisted_from_wordfreq_seed
wfpt-02462,ferreira,,,2516,,shortlisted_from_wordfreq_seed
wfpt-02463,finais,,,2517,,shortlisted_from_wordfreq_seed
wfpt-02464,impressão,,,2518,,shortlisted_from_wordfreq_seed
wfpt-02465,inglaterra,,,2519,,shortlisted_from_wordfreq_seed
wfpt-02466,inteligente,,,2520,,shortlisted_from_wordfreq_seed
wfpt-02467,iorque,,,2521,,shortlisted_from_wordfreq_seed
wfpt-02468,levaram,,,2522,,shortlisted_from_wordfreq_seed
wfpt-02469,meta,,,2523,,shortlisted_from_wordfreq_seed
wfpt-02470,médica,,,2524,,shortlisted_from_wordfreq_seed
wfpt-02471,neto,,,2525,,shortlisted_from_wordfreq_seed
wfpt-02472,oferta,,,2526,,shortlisted_from_wordfreq_seed
wfpt-02473,paraná,,,2527,,shortlisted_from_wordfreq_seed
wfpt-02474,peguei,,,2528,,shortlisted_from_wordfreq_seed
wfpt-02475,perdendo,,,2529,,shortlisted_from_wordfreq_seed
wfpt-02476,pessoalmente,,,2530,,shortlisted_from_wordfreq_seed
wfpt-02477,peço,,,2531,,shortlisted_from_wordfreq_seed
wfpt-02478,piscina,,,2532,,shortlisted_from_wordfreq_seed
wfpt-02479,povos,,,2533,,shortlisted_from_wordfreq_seed
wfpt-02480,preocupação,,,2534,,shortlisted_from_wordfreq_seed
wfpt-02481,raça,,,2535,,shortlisted_from_wordfreq_seed
wfpt-02482,residência,,,2536,,shortlisted_from_wordfreq_seed
wfpt-02483,respondeu,,,2537,,shortlisted_from_wordfreq_seed
wfpt-02484,restaurante,,,2538,,shortlisted_from_wordfreq_seed
wfpt-02485,rodrigues,,,2539,,shortlisted_from_wordfreq_seed
wfpt-02486,roma,,,2540,,shortlisted_from_wordfreq_seed
wfpt-02487,sofrimento,,,2541,,shortlisted_from_wordfreq_seed
wfpt-02488,sub,,,2542,,shortlisted_from_wordfreq_seed
wfpt-02489,termina,,,2543,,shortlisted_from_wordfreq_seed
wfpt-02490,tivemos,,,2544,,shortlisted_from_wordfreq_seed
wfpt-02491,toca,,,2545,,shortlisted_from_wordfreq_seed
wfpt-02492,veículo,,,2546,,shortlisted_from_wordfreq_seed
wfpt-02493,virou,,,2547,,shortlisted_from_wordfreq_seed
wfpt-02494,vivendo,,,2548,,shortlisted_from_wordfreq_seed
wfpt-02495,útil,,,2549,,shortlisted_from_wordfreq_seed
wfpt-02496,alerta,,,2551,,shortlisted_from_wordfreq_seed
wfpt-02497,antonio,,,2552,,shortlisted_from_wordfreq_seed
wfpt-02498,antônio,,,2553,,shortlisted_from_wordfreq_seed
wfpt-02499,art,,,2554,,shortlisted_from_wordfreq_seed
wfpt-02500,atingir,,,2555,,shortlisted_from_wordfreq_seed
wfpt-02501,ator,,,2556,,shortlisted_from_wordfreq_seed
wfpt-02502,açúcar,,,2557,,shortlisted_from_wordfreq_seed
wfpt-02503,bancos,,,2558,,shortlisted_from_wordfreq_seed
wfpt-02504,big,,,2559,,shortlisted_from_wordfreq_seed
wfpt-02505,bolo,,,2560,,shortlisted_from_wordfreq_seed
wfpt-02506,catarina,,,2561,,shortlisted_from_wordfreq_seed
wfpt-02507,chocolate,,,2562,,shortlisted_from_wordfreq_seed
wfpt-02508,chorar,,,2563,,shortlisted_from_wordfreq_seed
wfpt-02509,civis,,,2564,,shortlisted_from_wordfreq_seed
wfpt-02510,comitê,,,2565,,shortlisted_from_wordfreq_seed
wfpt-02511,conexão,,,2566,,shortlisted_from_wordfreq_seed
wfpt-02512,conhecidos,,,2567,,shortlisted_from_wordfreq_seed
wfpt-02513,conheça,,,2568,,shortlisted_from_wordfreq_seed
wfpt-02514,conosco,,,2569,,shortlisted_from_wordfreq_seed
wfpt-02515,dançar,,,2570,,shortlisted_from_wordfreq_seed
wfpt-02516,deixem,,,2571,,shortlisted_from_wordfreq_seed
wfpt-02517,doenças,,,2572,,shortlisted_from_wordfreq_seed
wfpt-02518,equipes,,,2573,,shortlisted_from_wordfreq_seed
wfpt-02519,estabelecer,,,2574,,shortlisted_from_wordfreq_seed
wfpt-02520,estejam,,,2575,,shortlisted_from_wordfreq_seed
wfpt-02521,façam,,,2576,,shortlisted_from_wordfreq_seed
wfpt-02522,frequência,,,2577,,shortlisted_from_wordfreq_seed
wfpt-02523,gabinete,,,2578,,shortlisted_from_wordfreq_seed
wfpt-02524,game,,,2579,,shortlisted_from_wordfreq_seed
wfpt-02525,industrial,,,2580,,shortlisted_from_wordfreq_seed
wfpt-02526,inimigo,,,2581,,shortlisted_from_wordfreq_seed
wfpt-02527,juntar,,,2582,,shortlisted_from_wordfreq_seed
wfpt-02528,larga,,,2583,,shortlisted_from_wordfreq_seed
wfpt-02529,ligações,,,2584,,shortlisted_from_wordfreq_seed
wfpt-02530,localizada,,,2585,,shortlisted_from_wordfreq_seed
wfpt-02531,manutenção,,,2586,,shortlisted_from_wordfreq_seed
wfpt-02532,mark,,,2587,,shortlisted_from_wordfreq_seed
wfpt-02533,mistura,,,2588,,shortlisted_from_wordfreq_seed
wfpt-02534,necessidades,,,2589,,shortlisted_from_wordfreq_seed
wfpt-02535,ordens,,,2590,,shortlisted_from_wordfreq_seed
wfpt-02536,patrimônio,,,2591,,shortlisted_from_wordfreq_seed
wfpt-02537,preparar,,,2592,,shortlisted_from_wordfreq_seed
wfpt-02538,propostas,,,2593,,shortlisted_from_wordfreq_seed
wfpt-02539,regra,,,2594,,shortlisted_from_wordfreq_seed
wfpt-02540,revela,,,2595,,shortlisted_from_wordfreq_seed
wfpt-02541,rodada,,,2596,,shortlisted_from_wordfreq_seed
wfpt-02542,romance,,,2597,,shortlisted_from_wordfreq_seed
wfpt-02543,samba,,,2598,,shortlisted_from_wordfreq_seed
wfpt-02544,semelhante,,,2599,,shortlisted_from_wordfreq_seed
wfpt-02545,sentindo,,,2600,,shortlisted_from_wordfreq_seed
wfpt-02546,soluções,,,2601,,shortlisted_from_wordfreq_seed
wfpt-02547,souza,,,2602,,shortlisted_from_wordfreq_seed
wfpt-02548,símbolo,,,2603,,shortlisted_from_wordfreq_seed
wfpt-02549,transformar,,,2604,,shortlisted_from_wordfreq_seed
wfpt-02550,usam,,,2605,,shortlisted_from_wordfreq_seed
wfpt-02551,variedade,,,2606,,shortlisted_from_wordfreq_seed
wfpt-02552,vestido,,,2607,,shortlisted_from_wordfreq_seed
wfpt-02553,alcance,,,2608,,shortlisted_from_wordfreq_seed
wfpt-02554,alexandre,,,2609,,shortlisted_from_wordfreq_seed
wfpt-02555,arthur,,,2610,,shortlisted_from_wordfreq_seed
wfpt-02556,atender,,,2611,,shortlisted_from_wordfreq_seed
wfpt-02557,atletas,,,2612,,shortlisted_from_wordfreq_seed
wfpt-02558,barulho,,,2613,,shortlisted_from_wordfreq_seed
wfpt-02559,black,,,2614,,shortlisted_from_wordfreq_seed
wfpt-02560,braços,,,2615,,shortlisted_from_wordfreq_seed
wfpt-02561,carvalho,,,2616,,shortlisted_from_wordfreq_seed
wfpt-02562,categorias,,,2617,,shortlisted_from_wordfreq_seed
wfpt-02563,católica,,,2618,,shortlisted_from_wordfreq_seed
wfpt-02564,causar,,,2619,,shortlisted_from_wordfreq_seed
wfpt-02565,cento,,,2620,,shortlisted_from_wordfreq_seed
wfpt-02566,chris,,,2621,,shortlisted_from_wordfreq_seed
wfpt-02567,cidadão,,,2622,,shortlisted_from_wordfreq_seed
wfpt-02568,computadores,,,2623,,shortlisted_from_wordfreq_seed
wfpt-02569,conclusão,,,2624,,shortlisted_from_wordfreq_seed
wfpt-02570,criando,,,2625,,shortlisted_from_wordfreq_seed
wfpt-02571,desafios,,,2626,,shortlisted_from_wordfreq_seed
wfpt-02572,destaca,,,2627,,shortlisted_from_wordfreq_seed
wfpt-02573,doutor,,,2628,,shortlisted_from_wordfreq_seed
wfpt-02575,entrega,,,2630,,shortlisted_from_wordfreq_seed
wfpt-02577,escreve,,,2632,,shortlisted_from_wordfreq_seed
wfpt-02578,especialistas,,,2633,,shortlisted_from_wordfreq_seed
wfpt-02579,esperava,,,2634,,shortlisted_from_wordfreq_seed
wfpt-02580,famosa,,,2636,,shortlisted_from_wordfreq_seed
wfpt-02581,fará,,,2637,,shortlisted_from_wordfreq_seed
wfpt-02582,histórica,,,2638,,shortlisted_from_wordfreq_seed
wfpt-02583,irei,,,2639,,shortlisted_from_wordfreq_seed
wfpt-02584,jogou,,,2640,,shortlisted_from_wordfreq_seed
wfpt-02585,max,,,2641,,shortlisted_from_wordfreq_seed
wfpt-02586,métodos,,,2642,,shortlisted_from_wordfreq_seed
wfpt-02587,negros,,,2643,,shortlisted_from_wordfreq_seed
wfpt-02588,parlamento,,,2644,,shortlisted_from_wordfreq_seed
wfpt-02589,parou,,,2645,,shortlisted_from_wordfreq_seed
wfpt-02590,penal,,,2646,,shortlisted_from_wordfreq_seed
wfpt-02591,petróleo,,,2647,,shortlisted_from_wordfreq_seed
wfpt-02592,pop,,,2648,,shortlisted_from_wordfreq_seed
wfpt-02593,propaganda,,,2649,,shortlisted_from_wordfreq_seed
wfpt-02594,shopping,,,2650,,shortlisted_from_wordfreq_seed
wfpt-02595,shows,,,2651,,shortlisted_from_wordfreq_seed
wfpt-02596,sofrer,,,2652,,shortlisted_from_wordfreq_seed
wfpt-02597,sofreu,,,2653,,shortlisted_from_wordfreq_seed
wfpt-02598,sérgio,,,2654,,shortlisted_from_wordfreq_seed
wfpt-02599,tomada,,,2655,,shortlisted_from_wordfreq_seed
wfpt-02600,trânsito,,,2656,,shortlisted_from_wordfreq_seed
wfpt-02601,vendas,,,2657,,shortlisted_from_wordfreq_seed
wfpt-02602,vieram,,,2658,,shortlisted_from_wordfreq_seed
wfpt-02603,órgão,,,2659,,shortlisted_from_wordfreq_seed
wfpt-02604,alimentar,,,2660,,shortlisted_from_wordfreq_seed
wfpt-02605,aliás,,,2661,,shortlisted_from_wordfreq_seed
wfpt-02606,apoiar,,,2662,,shortlisted_from_wordfreq_seed
wfpt-02607,baixar,,,2663,,shortlisted_from_wordfreq_seed
wfpt-02608,bolsonaro,,,2664,,shortlisted_from_wordfreq_seed
wfpt-02609,canadá,,,2665,,shortlisted_from_wordfreq_seed
wfpt-02610,certas,,,2666,,shortlisted_from_wordfreq_seed
wfpt-02611,ciclo,,,2667,,shortlisted_from_wordfreq_seed
wfpt-02612,cirurgia,,,2668,,shortlisted_from_wordfreq_seed
wfpt-02613,colega,,,2669,,shortlisted_from_wordfreq_seed
wfpt-02614,deixam,,,2670,,shortlisted_from_wordfreq_seed
wfpt-02615,descobri,,,2671,,shortlisted_from_wordfreq_seed
wfpt-02616,descobriu,,,2672,,shortlisted_from_wordfreq_seed
wfpt-02617,desenvolvido,,,2673,,shortlisted_from_wordfreq_seed
wfpt-02618,divulgar,,,2674,,shortlisted_from_wordfreq_seed
wfpt-02619,endereço,,,2675,,shortlisted_from_wordfreq_seed
wfpt-02620,enviou,,,2676,,shortlisted_from_wordfreq_seed
wfpt-02621,envolvendo,,,2677,,shortlisted_from_wordfreq_seed
wfpt-02622,estivesse,,,2678,,shortlisted_from_wordfreq_seed
wfpt-02623,estrangeiros,,,2679,,shortlisted_from_wordfreq_seed
wfpt-02625,fifa,,,2681,,shortlisted_from_wordfreq_seed
wfpt-02626,henry,,,2682,,shortlisted_from_wordfreq_seed
wfpt-02627,herói,,,2683,,shortlisted_from_wordfreq_seed
wfpt-02628,house,,,2684,,shortlisted_from_wordfreq_seed
wfpt-02629,jack,,,2685,,shortlisted_from_wordfreq_seed
wfpt-02630,joga,,,2686,,shortlisted_from_wordfreq_seed
wfpt-02631,kim,,,2687,,shortlisted_from_wordfreq_seed
wfpt-02632,lendo,,,2688,,shortlisted_from_wordfreq_seed
wfpt-02633,luís,,,2689,,shortlisted_from_wordfreq_seed
wfpt-02634,marcas,,,2690,,shortlisted_from_wordfreq_seed
wfpt-02635,matou,,,2691,,shortlisted_from_wordfreq_seed
wfpt-02636,pacientes,,,2692,,shortlisted_from_wordfreq_seed
wfpt-02637,passageiros,,,2693,,shortlisted_from_wordfreq_seed
wfpt-02638,pedras,,,2694,,shortlisted_from_wordfreq_seed
wfpt-02639,peito,,,2695,,shortlisted_from_wordfreq_seed
wfpt-02640,personalidade,,,2696,,shortlisted_from_wordfreq_seed
wfpt-02641,perspectiva,,,2697,,shortlisted_from_wordfreq_seed
wfpt-02642,poesia,,,2698,,shortlisted_from_wordfreq_seed
wfpt-02643,prefiro,,,2699,,shortlisted_from_wordfreq_seed
wfpt-02644,privado,,,2700,,shortlisted_from_wordfreq_seed
wfpt-02645,recém,,,2701,,shortlisted_from_wordfreq_seed
wfpt-02646,seguiu,,,2702,,shortlisted_from_wordfreq_seed
wfpt-02647,treino,,,2703,,shortlisted_from_wordfreq_seed
wfpt-02648,agenda,,,2704,,shortlisted_from_wordfreq_seed
wfpt-02650,aplicação,,,2706,,shortlisted_from_wordfreq_seed
wfpt-02651,baseada,,,2707,,shortlisted_from_wordfreq_seed
wfpt-02652,beira,,,2708,,shortlisted_from_wordfreq_seed
wfpt-02653,cansado,,,2709,,shortlisted_from_wordfreq_seed
wfpt-02654,centros,,,2710,,shortlisted_from_wordfreq_seed
wfpt-02655,chá,,,2711,,shortlisted_from_wordfreq_seed
wfpt-02656,colômbia,,,2713,,shortlisted_from_wordfreq_seed
wfpt-02657,combustível,,,2714,,shortlisted_from_wordfreq_seed
wfpt-02658,conseguiram,,,2715,,shortlisted_from_wordfreq_seed
wfpt-02659,contando,,,2716,,shortlisted_from_wordfreq_seed
wfpt-02660,correndo,,,2717,,shortlisted_from_wordfreq_seed
wfpt-02661,diego,,,2718,,shortlisted_from_wordfreq_seed
wfpt-02662,drama,,,2719,,shortlisted_from_wordfreq_seed
wfpt-02663,editor,,,2720,,shortlisted_from_wordfreq_seed
wfpt-02664,egito,,,2721,,shortlisted_from_wordfreq_seed
wfpt-02665,especialista,,,2722,,shortlisted_from_wordfreq_seed
wfpt-02666,existir,,,2723,,shortlisted_from_wordfreq_seed
wfpt-02667,fechado,,,2724,,shortlisted_from_wordfreq_seed
wfpt-02668,fundador,,,2725,,shortlisted_from_wordfreq_seed
wfpt-02670,iii,,,2727,,shortlisted_from_wordfreq_seed
wfpt-02671,impostos,,,2728,,shortlisted_from_wordfreq_seed
wfpt-02672,impressionante,,,2729,,shortlisted_from_wordfreq_seed
wfpt-02673,incêndio,,,2730,,shortlisted_from_wordfreq_seed
wfpt-02674,individual,,,2731,,shortlisted_from_wordfreq_seed
wfpt-02675,jogando,,,2732,,shortlisted_from_wordfreq_seed
wfpt-02676,lançada,,,2733,,shortlisted_from_wordfreq_seed
wfpt-02677,like,,,2734,,shortlisted_from_wordfreq_seed
wfpt-02678,lojas,,,2735,,shortlisted_from_wordfreq_seed
wfpt-02679,man,,,2736,,shortlisted_from_wordfreq_seed
wfpt-02680,maravilhosa,,,2737,,shortlisted_from_wordfreq_seed
wfpt-02681,moeda,,,2738,,shortlisted_from_wordfreq_seed
wfpt-02682,montanhas,,,2739,,shortlisted_from_wordfreq_seed
wfpt-02683,morre,,,2740,,shortlisted_from_wordfreq_seed
wfpt-02684,organizado,,,2741,,shortlisted_from_wordfreq_seed
wfpt-02685,oriente,,,2742,,shortlisted_from_wordfreq_seed
wfpt-02686,particularmente,,,2743,,shortlisted_from_wordfreq_seed
wfpt-02687,peixes,,,2744,,shortlisted_from_wordfreq_seed
wfpt-02688,perante,,,2745,,shortlisted_from_wordfreq_seed
wfpt-02689,produtores,,,2746,,shortlisted_from_wordfreq_seed
wfpt-02690,propriedades,,,2747,,shortlisted_from_wordfreq_seed
wfpt-02691,publicar,,,2748,,shortlisted_from_wordfreq_seed
wfpt-02692,robert,,,2749,,shortlisted_from_wordfreq_seed
wfpt-02693,saia,,,2750,,shortlisted_from_wordfreq_seed
wfpt-02694,salão,,,2751,,shortlisted_from_wordfreq_seed
wfpt-02695,tempestade,,,2752,,shortlisted_from_wordfreq_seed
wfpt-02696,treinador,,,2753,,shortlisted_from_wordfreq_seed
wfpt-02697,unidas,,,2754,,shortlisted_from_wordfreq_seed
wfpt-02698,utilizar,,,2755,,shortlisted_from_wordfreq_seed
wfpt-02699,van,,,2756,,shortlisted_from_wordfreq_seed
wfpt-02700,acaso,,,2759,,shortlisted_from_wordfreq_seed
wfpt-02701,achou,,,2760,,shortlisted_from_wordfreq_seed
wfpt-02702,agradeço,,,2761,,shortlisted_from_wordfreq_seed
wfpt-02703,ambas,,,2762,,shortlisted_from_wordfreq_seed
wfpt-02704,austrália,,,2763,,shortlisted_from_wordfreq_seed
wfpt-02706,colocado,,,2765,,shortlisted_from_wordfreq_seed
wfpt-02707,coluna,,,2766,,shortlisted_from_wordfreq_seed
wfpt-02708,conflitos,,,2767,,shortlisted_from_wordfreq_seed
wfpt-02709,considera,,,2768,,shortlisted_from_wordfreq_seed
wfpt-02710,creio,,,2769,,shortlisted_from_wordfreq_seed
wfpt-02711,cumprir,,,2770,,shortlisted_from_wordfreq_seed
wfpt-02712,cura,,,2771,,shortlisted_from_wordfreq_seed
wfpt-02713,dedo,,,2772,,shortlisted_from_wordfreq_seed
wfpt-02714,dificuldade,,,2773,,shortlisted_from_wordfreq_seed
wfpt-02715,direta,,,2774,,shortlisted_from_wordfreq_seed
wfpt-02716,equipamentos,,,2775,,shortlisted_from_wordfreq_seed
wfpt-02717,fazê,,,2776,,shortlisted_from_wordfreq_seed
wfpt-02719,federação,,,2778,,shortlisted_from_wordfreq_seed
wfpt-02720,identificação,,,2779,,shortlisted_from_wordfreq_seed
wfpt-02721,instrumento,,,2780,,shortlisted_from_wordfreq_seed
wfpt-02722,moderna,,,2781,,shortlisted_from_wordfreq_seed
wfpt-02723,morreram,,,2782,,shortlisted_from_wordfreq_seed
wfpt-02724,nesses,,,2783,,shortlisted_from_wordfreq_seed
wfpt-02725,nuclear,,,2784,,shortlisted_from_wordfreq_seed
wfpt-02726,objetos,,,2785,,shortlisted_from_wordfreq_seed
wfpt-02727,padrões,,,2786,,shortlisted_from_wordfreq_seed
wfpt-02728,paredes,,,2787,,shortlisted_from_wordfreq_seed
wfpt-02729,parem,,,2788,,shortlisted_from_wordfreq_seed
wfpt-02730,permanente,,,2789,,shortlisted_from_wordfreq_seed
wfpt-02731,pobres,,,2790,,shortlisted_from_wordfreq_seed
wfpt-02732,preta,,,2791,,shortlisted_from_wordfreq_seed
wfpt-02733,primo,,,2792,,shortlisted_from_wordfreq_seed
wfpt-02734,produzido,,,2793,,shortlisted_from_wordfreq_seed
wfpt-02735,projecto,,,2794,,shortlisted_from_wordfreq_seed
wfpt-02736,provar,,,2795,,shortlisted_from_wordfreq_seed
wfpt-02737,próximas,,,2796,,shortlisted_from_wordfreq_seed
wfpt-02738,quebrar,,,2797,,shortlisted_from_wordfreq_seed
wfpt-02739,ranking,,,2798,,shortlisted_from_wordfreq_seed
wfpt-02740,realizados,,,2799,,shortlisted_from_wordfreq_seed
wfpt-02741,relacionadas,,,2800,,shortlisted_from_wordfreq_seed
wfpt-02742,repente,,,2801,,shortlisted_from_wordfreq_seed
wfpt-02743,representação,,,2802,,shortlisted_from_wordfreq_seed
wfpt-02744,responde,,,2803,,shortlisted_from_wordfreq_seed
wfpt-02745,rios,,,2804,,shortlisted_from_wordfreq_seed
wfpt-02746,seca,,,2805,,shortlisted_from_wordfreq_seed
wfpt-02747,sentem,,,2806,,shortlisted_from_wordfreq_seed
wfpt-02748,supremo,,,2807,,shortlisted_from_wordfreq_seed
wfpt-02749,teremos,,,2808,,shortlisted_from_wordfreq_seed
wfpt-02750,turno,,,2809,,shortlisted_from_wordfreq_seed
wfpt-02751,vantagem,,,2810,,shortlisted_from_wordfreq_seed
wfpt-02752,vazio,,,2811,,shortlisted_from_wordfreq_seed
wfpt-02753,viagens,,,2812,,shortlisted_from_wordfreq_seed
wfpt-02754,vizinhos,,,2813,,shortlisted_from_wordfreq_seed
wfpt-02755,índice,,,2814,,shortlisted_from_wordfreq_seed
wfpt-02756,abordagem,,,2815,,shortlisted_from_wordfreq_seed
wfpt-02757,aliança,,,2816,,shortlisted_from_wordfreq_seed
wfpt-02759,atacar,,,2818,,shortlisted_from_wordfreq_seed
wfpt-02760,bairros,,,2819,,shortlisted_from_wordfreq_seed
wfpt-02761,cadeira,,,2820,,shortlisted_from_wordfreq_seed
wfpt-02762,cai,,,2821,,shortlisted_from_wordfreq_seed
wfpt-02763,castelo,,,2822,,shortlisted_from_wordfreq_seed
wfpt-02764,caça,,,2823,,shortlisted_from_wordfreq_seed
wfpt-02765,chamadas,,,2824,,shortlisted_from_wordfreq_seed
wfpt-02766,coloque,,,2825,,shortlisted_from_wordfreq_seed
wfpt-02767,comprei,,,2826,,shortlisted_from_wordfreq_seed
wfpt-02768,considerar,,,2827,,shortlisted_from_wordfreq_seed
wfpt-02769,cresceu,,,2828,,shortlisted_from_wordfreq_seed
wfpt-02770,cães,,,2829,,shortlisted_from_wordfreq_seed
wfpt-02771,derrota,,,2830,,shortlisted_from_wordfreq_seed
wfpt-02772,determinado,,,2831,,shortlisted_from_wordfreq_seed
wfpt-02773,diferenças,,,2832,,shortlisted_from_wordfreq_seed
wfpt-02774,eis,,,2833,,shortlisted_from_wordfreq_seed
wfpt-02775,estarão,,,2834,,shortlisted_from_wordfreq_seed
wfpt-02776,estruturas,,,2835,,shortlisted_from_wordfreq_seed
wfpt-02777,exercício,,,2836,,shortlisted_from_wordfreq_seed
wfpt-02778,físico,,,2837,,shortlisted_from_wordfreq_seed
wfpt-02779,glória,,,2838,,shortlisted_from_wordfreq_seed
wfpt-02780,home,,,2839,,shortlisted_from_wordfreq_seed
wfpt-02781,jornalistas,,,2840,,shortlisted_from_wordfreq_seed
wfpt-02782,lógica,,,2841,,shortlisted_from_wordfreq_seed
wfpt-02783,marcar,,,2842,,shortlisted_from_wordfreq_seed
wfpt-02784,mel,,,2843,,shortlisted_from_wordfreq_seed
wfpt-02785,participou,,,2844,,shortlisted_from_wordfreq_seed
wfpt-02786,pará,,,2845,,shortlisted_from_wordfreq_seed
wfpt-02787,percebi,,,2846,,shortlisted_from_wordfreq_seed
wfpt-02788,pinto,,,2847,,shortlisted_from_wordfreq_seed
wfpt-02789,puder,,,2848,,shortlisted_from_wordfreq_seed
wfpt-02790,quão,,,2849,,shortlisted_from_wordfreq_seed
wfpt-02791,recuperar,,,2850,,shortlisted_from_wordfreq_seed
wfpt-02792,revelou,,,2851,,shortlisted_from_wordfreq_seed
wfpt-02793,seguem,,,2852,,shortlisted_from_wordfreq_seed
wfpt-02794,suporte,,,2853,,shortlisted_from_wordfreq_seed
wfpt-02795,tropas,,,2854,,shortlisted_from_wordfreq_seed
wfpt-02796,vemos,,,2855,,shortlisted_from_wordfreq_seed
wfpt-02797,vencedor,,,2856,,shortlisted_from_wordfreq_seed
wfpt-02798,verificar,,,2857,,shortlisted_from_wordfreq_seed
wfpt-02799,acabaram,,,2858,,shortlisted_from_wordfreq_seed
wfpt-02800,adolescente,,,2859,,shortlisted_from_wordfreq_seed
wfpt-02801,anúncio,,,2860,,shortlisted_from_wordfreq_seed
wfpt-02802,arquitetura,,,2861,,shortlisted_from_wordfreq_seed
wfpt-02803,bíblia,,,2862,,shortlisted_from_wordfreq_seed
wfpt-02804,cabe,,,2863,,shortlisted_from_wordfreq_seed
wfpt-02805,carioca,,,2864,,shortlisted_from_wordfreq_seed
wfpt-02806,causas,,,2865,,shortlisted_from_wordfreq_seed
wfpt-02807,chamados,,,2866,,shortlisted_from_wordfreq_seed
wfpt-02808,charles,,,2867,,shortlisted_from_wordfreq_seed
wfpt-02809,chinês,,,2868,,shortlisted_from_wordfreq_seed
wfpt-02810,cruzeiro,,,2869,,shortlisted_from_wordfreq_seed
wfpt-02811,dentes,,,2870,,shortlisted_from_wordfreq_seed
wfpt-02812,depressão,,,2871,,shortlisted_from_wordfreq_seed
wfpt-02813,destruição,,,2872,,shortlisted_from_wordfreq_seed
wfpt-02814,dívida,,,2873,,shortlisted_from_wordfreq_seed
wfpt-02815,empresário,,,2874,,shortlisted_from_wordfreq_seed
wfpt-02816,enviado,,,2875,,shortlisted_from_wordfreq_seed
wfpt-02817,envolvidos,,,2876,,shortlisted_from_wordfreq_seed
wfpt-02818,esforços,,,2877,,shortlisted_from_wordfreq_seed
wfpt-02819,esqueci,,,2878,,shortlisted_from_wordfreq_seed
wfpt-02820,expectativa,,,2879,,shortlisted_from_wordfreq_seed
wfpt-02821,extra,,,2880,,shortlisted_from_wordfreq_seed
wfpt-02822,fale,,,2881,,shortlisted_from_wordfreq_seed
wfpt-02823,falha,,,2882,,shortlisted_from_wordfreq_seed
wfpt-02824,financeira,,,2883,,shortlisted_from_wordfreq_seed
wfpt-02825,gigante,,,2884,,shortlisted_from_wordfreq_seed
wfpt-02826,gostou,,,2885,,shortlisted_from_wordfreq_seed
wfpt-02827,grécia,,,2886,,shortlisted_from_wordfreq_seed
wfpt-02828,habilidades,,,2887,,shortlisted_from_wordfreq_seed
wfpt-02829,inicialmente,,,2888,,shortlisted_from_wordfreq_seed
wfpt-02831,juan,,,2890,,shortlisted_from_wordfreq_seed
wfpt-02832,machado,,,2891,,shortlisted_from_wordfreq_seed
wfpt-02833,mamãe,,,2892,,shortlisted_from_wordfreq_seed
wfpt-02834,manuel,,,2893,,shortlisted_from_wordfreq_seed
wfpt-02835,montanha,,,2894,,shortlisted_from_wordfreq_seed
wfpt-02836,novidade,,,2895,,shortlisted_from_wordfreq_seed
wfpt-02837,orçamento,,,2896,,shortlisted_from_wordfreq_seed
wfpt-02838,papo,,,2897,,shortlisted_from_wordfreq_seed
wfpt-02839,pense,,,2898,,shortlisted_from_wordfreq_seed
wfpt-02840,pernambuco,,,2899,,shortlisted_from_wordfreq_seed
wfpt-02841,pescoço,,,2900,,shortlisted_from_wordfreq_seed
wfpt-02842,posições,,,2901,,shortlisted_from_wordfreq_seed
wfpt-02844,prima,,,2903,,shortlisted_from_wordfreq_seed
wfpt-02845,quebra,,,2904,,shortlisted_from_wordfreq_seed
wfpt-02846,ramos,,,2905,,shortlisted_from_wordfreq_seed
wfpt-02847,realizadas,,,2906,,shortlisted_from_wordfreq_seed
wfpt-02848,recife,,,2907,,shortlisted_from_wordfreq_seed
wfpt-02849,resumo,,,2908,,shortlisted_from_wordfreq_seed
wfpt-02850,richard,,,2909,,shortlisted_from_wordfreq_seed
wfpt-02851,sono,,,2910,,shortlisted_from_wordfreq_seed
wfpt-02852,séries,,,2911,,shortlisted_from_wordfreq_seed
wfpt-02853,talento,,,2912,,shortlisted_from_wordfreq_seed
wfpt-02854,tensão,,,2913,,shortlisted_from_wordfreq_seed
wfpt-02856,tomando,,,2915,,shortlisted_from_wordfreq_seed
wfpt-02857,tornaram,,,2916,,shortlisted_from_wordfreq_seed
wfpt-02858,transferência,,,2917,,shortlisted_from_wordfreq_seed
wfpt-02859,your,,,2918,,shortlisted_from_wordfreq_seed
wfpt-02860,óleo,,,2919,,shortlisted_from_wordfreq_seed
wfpt-02861,acusado,,,2920,,shortlisted_from_wordfreq_seed
wfpt-02862,altamente,,,2921,,shortlisted_from_wordfreq_seed
wfpt-02863,antigas,,,2923,,shortlisted_from_wordfreq_seed
wfpt-02864,assistente,,,2924,,shortlisted_from_wordfreq_seed
wfpt-02865,avaliação,,,2925,,shortlisted_from_wordfreq_seed
wfpt-02866,bob,,,2926,,shortlisted_from_wordfreq_seed
wfpt-02867,brancos,,,2927,,shortlisted_from_wordfreq_seed
wfpt-02868,briga,,,2928,,shortlisted_from_wordfreq_seed
wfpt-02869,cerimônia,,,2929,,shortlisted_from_wordfreq_seed
wfpt-02870,chaves,,,2930,,shortlisted_from_wordfreq_seed
wfpt-02871,city,,,2931,,shortlisted_from_wordfreq_seed
wfpt-02872,comparação,,,2932,,shortlisted_from_wordfreq_seed
wfpt-02873,consequências,,,2933,,shortlisted_from_wordfreq_seed
wfpt-02874,constitucional,,,2934,,shortlisted_from_wordfreq_seed
wfpt-02875,convidado,,,2935,,shortlisted_from_wordfreq_seed
wfpt-02876,convite,,,2936,,shortlisted_from_wordfreq_seed
wfpt-02877,curitiba,,,2937,,shortlisted_from_wordfreq_seed
wfpt-02878,defende,,,2938,,shortlisted_from_wordfreq_seed
wfpt-02879,deixaram,,,2939,,shortlisted_from_wordfreq_seed
wfpt-02880,deixei,,,2940,,shortlisted_from_wordfreq_seed
wfpt-02881,documentário,,,2941,,shortlisted_from_wordfreq_seed
wfpt-02882,encontrada,,,2942,,shortlisted_from_wordfreq_seed
wfpt-02883,entidade,,,2943,,shortlisted_from_wordfreq_seed
wfpt-02884,espécies,,,2944,,shortlisted_from_wordfreq_seed
wfpt-02885,estranha,,,2945,,shortlisted_from_wordfreq_seed
wfpt-02886,ficava,,,2946,,shortlisted_from_wordfreq_seed
wfpt-02888,https,,,2948,,shortlisted_from_wordfreq_seed
wfpt-02889,iguais,,,2949,,shortlisted_from_wordfreq_seed
wfpt-02890,indicado,,,2950,,shortlisted_from_wordfreq_seed
wfpt-02891,instalação,,,2951,,shortlisted_from_wordfreq_seed
wfpt-02892,instrumentos,,,2952,,shortlisted_from_wordfreq_seed
wfpt-02893,interna,,,2953,,shortlisted_from_wordfreq_seed
wfpt-02894,jornalismo,,,2954,,shortlisted_from_wordfreq_seed
wfpt-02895,lago,,,2955,,shortlisted_from_wordfreq_seed
wfpt-02896,lembre,,,2956,,shortlisted_from_wordfreq_seed
wfpt-02898,madrugada,,,2958,,shortlisted_from_wordfreq_seed
wfpt-02899,marcou,,,2959,,shortlisted_from_wordfreq_seed
wfpt-02900,martin,,,2960,,shortlisted_from_wordfreq_seed
wfpt-02901,ministros,,,2961,,shortlisted_from_wordfreq_seed
wfpt-02902,morar,,,2962,,shortlisted_from_wordfreq_seed
wfpt-02903,mostram,,,2963,,shortlisted_from_wordfreq_seed
wfpt-02904,motorista,,,2964,,shortlisted_from_wordfreq_seed
wfpt-02905,news,,,2965,,shortlisted_from_wordfreq_seed
wfpt-02906,noites,,,2966,,shortlisted_from_wordfreq_seed
wfpt-02907,orientação,,,2967,,shortlisted_from_wordfreq_seed
wfpt-02908,ouviu,,,2968,,shortlisted_from_wordfreq_seed
wfpt-02909,perde,,,2969,,shortlisted_from_wordfreq_seed
wfpt-02910,postos,,,2970,,shortlisted_from_wordfreq_seed
wfpt-02911,publicações,,,2971,,shortlisted_from_wordfreq_seed
wfpt-02912,recentes,,,2972,,shortlisted_from_wordfreq_seed
wfpt-02913,reduzir,,,2973,,shortlisted_from_wordfreq_seed
wfpt-02914,ribeiro,,,2974,,shortlisted_from_wordfreq_seed
wfpt-02915,russa,,,2975,,shortlisted_from_wordfreq_seed
wfpt-02916,taylor,,,2976,,shortlisted_from_wordfreq_seed
wfpt-02917,teriam,,,2977,,shortlisted_from_wordfreq_seed
wfpt-02918,tour,,,2978,,shortlisted_from_wordfreq_seed
wfpt-02919,usadas,,,2979,,shortlisted_from_wordfreq_seed
wfpt-02920,utilizando,,,2980,,shortlisted_from_wordfreq_seed
wfpt-02921,venezuela,,,2981,,shortlisted_from_wordfreq_seed
wfpt-02922,adolescentes,,,2983,,shortlisted_from_wordfreq_seed
wfpt-02923,almeida,,,2984,,shortlisted_from_wordfreq_seed
wfpt-02924,aparência,,,2985,,shortlisted_from_wordfreq_seed
wfpt-02925,apresentam,,,2986,,shortlisted_from_wordfreq_seed
wfpt-02926,aprovado,,,2987,,shortlisted_from_wordfreq_seed
wfpt-02927,areia,,,2988,,shortlisted_from_wordfreq_seed
wfpt-02928,arroz,,,2989,,shortlisted_from_wordfreq_seed
wfpt-02929,aumenta,,,2990,,shortlisted_from_wordfreq_seed
wfpt-02930,basicamente,,,2991,,shortlisted_from_wordfreq_seed
wfpt-02932,capítulo,,,2993,,shortlisted_from_wordfreq_seed
wfpt-02933,cavalo,,,2994,,shortlisted_from_wordfreq_seed
wfpt-02934,chamam,,,2995,,shortlisted_from_wordfreq_seed
wfpt-02935,choque,,,2996,,shortlisted_from_wordfreq_seed
wfpt-02936,concentração,,,2997,,shortlisted_from_wordfreq_seed
wfpt-02937,conversas,,,2998,,shortlisted_from_wordfreq_seed
wfpt-02938,corinthians,,,2999,,shortlisted_from_wordfreq_seed
wfpt-02939,coroa,,,3000,,shortlisted_from_wordfreq_seed
wfpt-02940,cunha,,,3001,,shortlisted_from_wordfreq_seed
wfpt-02941,descoberta,,,3002,,shortlisted_from_wordfreq_seed
wfpt-02942,desistir,,,3003,,shortlisted_from_wordfreq_seed
wfpt-02943,dica,,,3004,,shortlisted_from_wordfreq_seed
wfpt-02944,escolhido,,,3005,,shortlisted_from_wordfreq_seed
wfpt-02945,esqueça,,,3006,,shortlisted_from_wordfreq_seed
wfpt-02946,euros,,,3007,,shortlisted_from_wordfreq_seed
wfpt-02947,explosão,,,3008,,shortlisted_from_wordfreq_seed
wfpt-02948,ficamos,,,3009,,shortlisted_from_wordfreq_seed
wfpt-02949,financiamento,,,3010,,shortlisted_from_wordfreq_seed
wfpt-02950,fizemos,,,3011,,shortlisted_from_wordfreq_seed
wfpt-02951,fluxo,,,3012,,shortlisted_from_wordfreq_seed
wfpt-02952,formado,,,3013,,shortlisted_from_wordfreq_seed
wfpt-02953,formar,,,3014,,shortlisted_from_wordfreq_seed
wfpt-02954,frank,,,3015,,shortlisted_from_wordfreq_seed
wfpt-02955,identificar,,,3016,,shortlisted_from_wordfreq_seed
wfpt-02956,indivíduo,,,3017,,shortlisted_from_wordfreq_seed
wfpt-02957,international,,,3018,,shortlisted_from_wordfreq_seed
wfpt-02958,intitulado,,,3019,,shortlisted_from_wordfreq_seed
wfpt-02959,jornada,,,3020,,shortlisted_from_wordfreq_seed
wfpt-02961,lee,,,3022,,shortlisted_from_wordfreq_seed
wfpt-02962,lenda,,,3023,,shortlisted_from_wordfreq_seed
wfpt-02963,life,,,3024,,shortlisted_from_wordfreq_seed
wfpt-02964,links,,,3025,,shortlisted_from_wordfreq_seed
wfpt-02965,martins,,,3026,,shortlisted_from_wordfreq_seed
wfpt-02966,metal,,,3027,,shortlisted_from_wordfreq_seed
wfpt-02967,nariz,,,3028,,shortlisted_from_wordfreq_seed
wfpt-02968,núcleo,,,3029,,shortlisted_from_wordfreq_seed
wfpt-02969,obviamente,,,3030,,shortlisted_from_wordfreq_seed
wfpt-02970,ocupação,,,3031,,shortlisted_from_wordfreq_seed
wfpt-02971,organizar,,,3032,,shortlisted_from_wordfreq_seed
wfpt-02972,percebe,,,3033,,shortlisted_from_wordfreq_seed
wfpt-02973,permissão,,,3034,,shortlisted_from_wordfreq_seed
wfpt-02974,pintura,,,3035,,shortlisted_from_wordfreq_seed
wfpt-02975,prata,,,3036,,shortlisted_from_wordfreq_seed
wfpt-02976,provável,,,3037,,shortlisted_from_wordfreq_seed
wfpt-02977,recebi,,,3038,,shortlisted_from_wordfreq_seed
wfpt-02978,relativamente,,,3039,,shortlisted_from_wordfreq_seed
wfpt-02979,retirada,,,3040,,shortlisted_from_wordfreq_seed
wfpt-02980,retirar,,,3041,,shortlisted_from_wordfreq_seed
wfpt-02981,rocha,,,3042,,shortlisted_from_wordfreq_seed
wfpt-02982,senão,,,3044,,shortlisted_from_wordfreq_seed
wfpt-02983,tabela,,,3045,,shortlisted_from_wordfreq_seed
wfpt-02984,tiros,,,3046,,shortlisted_from_wordfreq_seed
wfpt-02985,trinta,,,3047,,shortlisted_from_wordfreq_seed
wfpt-02986,títulos,,,3048,,shortlisted_from_wordfreq_seed
wfpt-02987,universidades,,,3049,,shortlisted_from_wordfreq_seed
wfpt-02988,visual,,,3050,,shortlisted_from_wordfreq_seed
wfpt-02989,voo,,,3051,,shortlisted_from_wordfreq_seed
wfpt-02990,âmbito,,,3052,,shortlisted_from_wordfreq_seed
wfpt-02991,alice,,,3053,,shortlisted_from_wordfreq_seed
wfpt-02992,altas,,,3054,,shortlisted_from_wordfreq_seed
wfpt-02993,anjo,,,3055,,shortlisted_from_wordfreq_seed
wfpt-02994,aspecto,,,3056,,shortlisted_from_wordfreq_seed
wfpt-02995,center,,,3057,,shortlisted_from_wordfreq_seed
wfpt-02996,chances,,,3058,,shortlisted_from_wordfreq_seed
wfpt-02997,colocando,,,3059,,shortlisted_from_wordfreq_seed
wfpt-02998,compromisso,,,3060,,shortlisted_from_wordfreq_seed
wfpt-02999,comprou,,,3061,,shortlisted_from_wordfreq_seed
wfpt-03000,confiar,,,3062,,shortlisted_from_wordfreq_seed
wfpt-03001,conheceu,,,3063,,shortlisted_from_wordfreq_seed
wfpt-03002,crítico,,,3064,,shortlisted_from_wordfreq_seed
wfpt-03003,cão,,,3065,,shortlisted_from_wordfreq_seed
wfpt-03004,dava,,,3066,,shortlisted_from_wordfreq_seed
wfpt-03005,definitivamente,,,3067,,shortlisted_from_wordfreq_seed
wfpt-03006,dever,,,3068,,shortlisted_from_wordfreq_seed
wfpt-03007,difíceis,,,3069,,shortlisted_from_wordfreq_seed
wfpt-03008,duro,,,3070,,shortlisted_from_wordfreq_seed
wfpt-03009,entregue,,,3071,,shortlisted_from_wordfreq_seed
wfpt-03010,equipamento,,,3072,,shortlisted_from_wordfreq_seed
wfpt-03011,europeus,,,3073,,shortlisted_from_wordfreq_seed
wfpt-03012,exame,,,3074,,shortlisted_from_wordfreq_seed
wfpt-03013,expansão,,,3075,,shortlisted_from_wordfreq_seed
wfpt-03014,explicação,,,3076,,shortlisted_from_wordfreq_seed
wfpt-03015,falamos,,,3077,,shortlisted_from_wordfreq_seed
wfpt-03016,falso,,,3078,,shortlisted_from_wordfreq_seed
wfpt-03017,fila,,,3079,,shortlisted_from_wordfreq_seed
wfpt-03018,flamengo,,,3080,,shortlisted_from_wordfreq_seed
wfpt-03019,ganhando,,,3081,,shortlisted_from_wordfreq_seed
wfpt-03020,gustavo,,,3082,,shortlisted_from_wordfreq_seed
wfpt-03021,hipótese,,,3083,,shortlisted_from_wordfreq_seed
wfpt-03022,inferior,,,3084,,shortlisted_from_wordfreq_seed
wfpt-03023,iniciou,,,3085,,shortlisted_from_wordfreq_seed
wfpt-03024,instalações,,,3086,,shortlisted_from_wordfreq_seed
wfpt-03025,introdução,,,3087,,shortlisted_from_wordfreq_seed
wfpt-03026,italiano,,,3088,,shortlisted_from_wordfreq_seed
wfpt-03027,lar,,,3089,,shortlisted_from_wordfreq_seed
wfpt-03028,limpa,,,3090,,shortlisted_from_wordfreq_seed
wfpt-03029,mental,,,3091,,shortlisted_from_wordfreq_seed
wfpt-03030,máxima,,,3092,,shortlisted_from_wordfreq_seed
wfpt-03031,off,,,3093,,shortlisted_from_wordfreq_seed
wfpt-03032,opções,,,3094,,shortlisted_from_wordfreq_seed
wfpt-03033,out,,,3095,,shortlisted_from_wordfreq_seed
wfpt-03034,participaram,,,3096,,shortlisted_from_wordfreq_seed
wfpt-03035,pastor,,,3097,,shortlisted_from_wordfreq_seed
wfpt-03036,perna,,,3098,,shortlisted_from_wordfreq_seed
wfpt-03037,piores,,,3099,,shortlisted_from_wordfreq_seed
wfpt-03038,planta,,,3100,,shortlisted_from_wordfreq_seed
wfpt-03039,pronta,,,3101,,shortlisted_from_wordfreq_seed
wfpt-03040,queijo,,,3102,,shortlisted_from_wordfreq_seed
wfpt-03041,querendo,,,3103,,shortlisted_from_wordfreq_seed
wfpt-03042,registros,,,3104,,shortlisted_from_wordfreq_seed
wfpt-03043,religiosa,,,3105,,shortlisted_from_wordfreq_seed
wfpt-03044,ritmo,,,3106,,shortlisted_from_wordfreq_seed
wfpt-03045,rotina,,,3107,,shortlisted_from_wordfreq_seed
wfpt-03046,sofre,,,3108,,shortlisted_from_wordfreq_seed
wfpt-03047,sorriso,,,3109,,shortlisted_from_wordfreq_seed
wfpt-03048,soube,,,3110,,shortlisted_from_wordfreq_seed
wfpt-03049,superfície,,,3111,,shortlisted_from_wordfreq_seed
wfpt-03050,temer,,,3112,,shortlisted_from_wordfreq_seed
wfpt-03051,trabalhou,,,3113,,shortlisted_from_wordfreq_seed
wfpt-03052,vagas,,,3114,,shortlisted_from_wordfreq_seed
wfpt-03053,vasco,,,3115,,shortlisted_from_wordfreq_seed
wfpt-03054,victor,,,3116,,shortlisted_from_wordfreq_seed
wfpt-03055,acordar,,,3117,,shortlisted_from_wordfreq_seed
wfpt-03056,amigas,,,3118,,shortlisted_from_wordfreq_seed
wfpt-03057,andando,,,3119,,shortlisted_from_wordfreq_seed
wfpt-03058,arena,,,3120,,shortlisted_from_wordfreq_seed
wfpt-03059,aventura,,,3121,,shortlisted_from_wordfreq_seed
wfpt-03060,baby,,,3122,,shortlisted_from_wordfreq_seed
wfpt-03061,bateu,,,3123,,shortlisted_from_wordfreq_seed
wfpt-03062,bebida,,,3124,,shortlisted_from_wordfreq_seed
wfpt-03063,caminhos,,,3125,,shortlisted_from_wordfreq_seed
wfpt-03064,campanhas,,,3126,,shortlisted_from_wordfreq_seed
wfpt-03065,campus,,,3127,,shortlisted_from_wordfreq_seed
wfpt-03066,chamando,,,3128,,shortlisted_from_wordfreq_seed
wfpt-03067,cientistas,,,3129,,shortlisted_from_wordfreq_seed
wfpt-03068,complicado,,,3130,,shortlisted_from_wordfreq_seed
wfpt-03069,composto,,,3131,,shortlisted_from_wordfreq_seed
wfpt-03070,conquistar,,,3132,,shortlisted_from_wordfreq_seed
wfpt-03071,diria,,,3133,,shortlisted_from_wordfreq_seed
wfpt-03072,disposição,,,3134,,shortlisted_from_wordfreq_seed
wfpt-03073,ditadura,,,3135,,shortlisted_from_wordfreq_seed
wfpt-03074,elemento,,,3136,,shortlisted_from_wordfreq_seed
wfpt-03075,elenco,,,3137,,shortlisted_from_wordfreq_seed
wfpt-03076,esconder,,,3138,,shortlisted_from_wordfreq_seed
wfpt-03077,escuro,,,3139,,shortlisted_from_wordfreq_seed
wfpt-03078,existentes,,,3140,,shortlisted_from_wordfreq_seed
wfpt-03079,fluminense,,,3141,,shortlisted_from_wordfreq_seed
wfpt-03080,fornecer,,,3142,,shortlisted_from_wordfreq_seed
wfpt-03081,frases,,,3143,,shortlisted_from_wordfreq_seed
wfpt-03082,habilidade,,,3144,,shortlisted_from_wordfreq_seed
wfpt-03083,ideal,,,3145,,shortlisted_from_wordfreq_seed
wfpt-03084,individuais,,,3146,,shortlisted_from_wordfreq_seed
wfpt-03085,informar,,,3147,,shortlisted_from_wordfreq_seed
wfpt-03086,inspiração,,,3148,,shortlisted_from_wordfreq_seed
wfpt-03087,invasão,,,3149,,shortlisted_from_wordfreq_seed
wfpt-03088,investimento,,,3150,,shortlisted_from_wordfreq_seed
wfpt-03089,jean,,,3151,,shortlisted_from_wordfreq_seed
wfpt-03090,judeus,,,3152,,shortlisted_from_wordfreq_seed
wfpt-03091,judicial,,,3153,,shortlisted_from_wordfreq_seed
wfpt-03092,little,,,3154,,shortlisted_from_wordfreq_seed
wfpt-03093,major,,,3155,,shortlisted_from_wordfreq_seed
wfpt-03094,marinha,,,3156,,shortlisted_from_wordfreq_seed
wfpt-03095,mega,,,3157,,shortlisted_from_wordfreq_seed
wfpt-03096,memórias,,,3158,,shortlisted_from_wordfreq_seed
wfpt-03097,miss,,,3159,,shortlisted_from_wordfreq_seed
wfpt-03098,necessária,,,3160,,shortlisted_from_wordfreq_seed
wfpt-03099,pego,,,3161,,shortlisted_from_wordfreq_seed
wfpt-03101,positivo,,,3163,,shortlisted_from_wordfreq_seed
wfpt-03102,preparado,,,3164,,shortlisted_from_wordfreq_seed
wfpt-03103,presa,,,3165,,shortlisted_from_wordfreq_seed
wfpt-03104,realizou,,,3166,,shortlisted_from_wordfreq_seed
wfpt-03105,rota,,,3167,,shortlisted_from_wordfreq_seed
wfpt-03106,sal,,,3168,,shortlisted_from_wordfreq_seed
wfpt-03107,taxas,,,3169,,shortlisted_from_wordfreq_seed
wfpt-03108,transição,,,3170,,shortlisted_from_wordfreq_seed
wfpt-03109,trecho,,,3171,,shortlisted_from_wordfreq_seed
wfpt-03110,velhos,,,3172,,shortlisted_from_wordfreq_seed
wfpt-03111,venceu,,,3173,,shortlisted_from_wordfreq_seed
wfpt-03112,versões,,,3174,,shortlisted_from_wordfreq_seed
wfpt-03115,árabe,,,3177,,shortlisted_from_wordfreq_seed
wfpt-03116,absolutamente,,,3178,,shortlisted_from_wordfreq_seed
wfpt-03117,ajudando,,,3179,,shortlisted_from_wordfreq_seed
wfpt-03118,amarelo,,,3180,,shortlisted_from_wordfreq_seed
wfpt-03119,ampla,,,3181,,shortlisted_from_wordfreq_seed
wfpt-03120,aparecem,,,3182,,shortlisted_from_wordfreq_seed
wfpt-03121,aprendi,,,3183,,shortlisted_from_wordfreq_seed
wfpt-03122,assinatura,,,3184,,shortlisted_from_wordfreq_seed
wfpt-03123,aérea,,,3185,,shortlisted_from_wordfreq_seed
wfpt-03124,benefícios,,,3186,,shortlisted_from_wordfreq_seed
wfpt-03125,casado,,,3187,,shortlisted_from_wordfreq_seed
wfpt-03126,cem,,,3188,,shortlisted_from_wordfreq_seed
wfpt-03127,circulação,,,3189,,shortlisted_from_wordfreq_seed
wfpt-03128,condenado,,,3190,,shortlisted_from_wordfreq_seed
wfpt-03129,considerados,,,3191,,shortlisted_from_wordfreq_seed
wfpt-03130,consiste,,,3192,,shortlisted_from_wordfreq_seed
wfpt-03131,continuam,,,3193,,shortlisted_from_wordfreq_seed
wfpt-03132,cooperação,,,3194,,shortlisted_from_wordfreq_seed
wfpt-03133,copo,,,3195,,shortlisted_from_wordfreq_seed
wfpt-03134,custos,,,3196,,shortlisted_from_wordfreq_seed
wfpt-03135,células,,,3197,,shortlisted_from_wordfreq_seed
wfpt-03136,dedos,,,3198,,shortlisted_from_wordfreq_seed
wfpt-03137,entidades,,,3199,,shortlisted_from_wordfreq_seed
wfpt-03138,escritores,,,3200,,shortlisted_from_wordfreq_seed
wfpt-03139,específico,,,3201,,shortlisted_from_wordfreq_seed
wfpt-03140,fiquem,,,3202,,shortlisted_from_wordfreq_seed
wfpt-03141,franco,,,3203,,shortlisted_from_wordfreq_seed
wfpt-03142,fria,,,3204,,shortlisted_from_wordfreq_seed
wfpt-03143,funcionar,,,3205,,shortlisted_from_wordfreq_seed
wfpt-03144,garotas,,,3206,,shortlisted_from_wordfreq_seed
wfpt-03145,guilherme,,,3207,,shortlisted_from_wordfreq_seed
wfpt-03146,hein,,,3208,,shortlisted_from_wordfreq_seed
wfpt-03147,incluem,,,3209,,shortlisted_from_wordfreq_seed
wfpt-03148,interpretação,,,3210,,shortlisted_from_wordfreq_seed
wfpt-03149,juntas,,,3211,,shortlisted_from_wordfreq_seed
wfpt-03150,limpeza,,,3212,,shortlisted_from_wordfreq_seed
wfpt-03151,maneiras,,,3213,,shortlisted_from_wordfreq_seed
wfpt-03152,marina,,,3214,,shortlisted_from_wordfreq_seed
wfpt-03153,mary,,,3215,,shortlisted_from_wordfreq_seed
wfpt-03154,microsoft,,,3216,,shortlisted_from_wordfreq_seed
wfpt-03155,moderno,,,3217,,shortlisted_from_wordfreq_seed
wfpt-03156,olimpíadas,,,3218,,shortlisted_from_wordfreq_seed
wfpt-03157,organizada,,,3219,,shortlisted_from_wordfreq_seed
wfpt-03158,pedidos,,,3220,,shortlisted_from_wordfreq_seed
wfpt-03159,perguntando,,,3221,,shortlisted_from_wordfreq_seed
wfpt-03160,permanece,,,3222,,shortlisted_from_wordfreq_seed
wfpt-03161,poderoso,,,3223,,shortlisted_from_wordfreq_seed
wfpt-03162,primavera,,,3224,,shortlisted_from_wordfreq_seed
wfpt-03163,progresso,,,3225,,shortlisted_from_wordfreq_seed
wfpt-03164,pôr,,,3226,,shortlisted_from_wordfreq_seed
wfpt-03165,regionais,,,3227,,shortlisted_from_wordfreq_seed
wfpt-03166,renato,,,3228,,shortlisted_from_wordfreq_seed
wfpt-03167,resta,,,3229,,shortlisted_from_wordfreq_seed
wfpt-03168,rir,,,3230,,shortlisted_from_wordfreq_seed
wfpt-03169,roubar,,,3231,,shortlisted_from_wordfreq_seed
wfpt-03170,rumo,,,3232,,shortlisted_from_wordfreq_seed
wfpt-03171,santiago,,,3233,,shortlisted_from_wordfreq_seed
wfpt-03172,semelhantes,,,3234,,shortlisted_from_wordfreq_seed
wfpt-03173,sombra,,,3235,,shortlisted_from_wordfreq_seed
wfpt-03174,stf,,,3236,,shortlisted_from_wordfreq_seed
wfpt-03175,sujeito,,,3237,,shortlisted_from_wordfreq_seed
wfpt-03176,tentei,,,3238,,shortlisted_from_wordfreq_seed
wfpt-03177,torre,,,3239,,shortlisted_from_wordfreq_seed
wfpt-03178,vigilância,,,3240,,shortlisted_from_wordfreq_seed
wfpt-03179,virgem,,,3241,,shortlisted_from_wordfreq_seed
wfpt-03180,walter,,,3242,,shortlisted_from_wordfreq_seed
wfpt-03181,website,,,3243,,shortlisted_from_wordfreq_seed
wfpt-03182,william,,,3244,,shortlisted_from_wordfreq_seed
wfpt-03183,acreditam,,,3246,,shortlisted_from_wordfreq_seed
wfpt-03184,alan,,,3247,,shortlisted_from_wordfreq_seed
wfpt-03185,atores,,,3248,,shortlisted_from_wordfreq_seed
wfpt-03186,avó,,,3249,,shortlisted_from_wordfreq_seed
wfpt-03187,baixos,,,3250,,shortlisted_from_wordfreq_seed
wfpt-03188,compras,,,3251,,shortlisted_from_wordfreq_seed
wfpt-03189,conteúdos,,,3252,,shortlisted_from_wordfreq_seed
wfpt-03190,continente,,,3253,,shortlisted_from_wordfreq_seed
wfpt-03191,correto,,,3254,,shortlisted_from_wordfreq_seed
wfpt-03192,demanda,,,3255,,shortlisted_from_wordfreq_seed
wfpt-03193,des,,,3256,,shortlisted_from_wordfreq_seed
wfpt-03194,desenhos,,,3257,,shortlisted_from_wordfreq_seed
wfpt-03195,especificamente,,,3258,,shortlisted_from_wordfreq_seed
wfpt-03196,esquece,,,3259,,shortlisted_from_wordfreq_seed
wfpt-03197,estima,,,3260,,shortlisted_from_wordfreq_seed
wfpt-03198,estradas,,,3261,,shortlisted_from_wordfreq_seed
wfpt-03199,estúdio,,,3262,,shortlisted_from_wordfreq_seed
wfpt-03200,expectativas,,,3263,,shortlisted_from_wordfreq_seed
wfpt-03201,fantasia,,,3264,,shortlisted_from_wordfreq_seed
wfpt-03202,financeiro,,,3265,,shortlisted_from_wordfreq_seed
wfpt-03203,fotografias,,,3266,,shortlisted_from_wordfreq_seed
wfpt-03204,indígenas,,,3267,,shortlisted_from_wordfreq_seed
wfpt-03205,infraestrutura,,,3268,,shortlisted_from_wordfreq_seed
wfpt-03206,interno,,,3269,,shortlisted_from_wordfreq_seed
wfpt-03207,loucura,,,3270,,shortlisted_from_wordfreq_seed
wfpt-03208,masculino,,,3271,,shortlisted_from_wordfreq_seed
wfpt-03209,metrô,,,3272,,shortlisted_from_wordfreq_seed
wfpt-03211,nessas,,,3274,,shortlisted_from_wordfreq_seed
wfpt-03212,noção,,,3275,,shortlisted_from_wordfreq_seed
wfpt-03213,park,,,3276,,shortlisted_from_wordfreq_seed
wfpt-03215,perdão,,,3278,,shortlisted_from_wordfreq_seed
wfpt-03216,performance,,,3279,,shortlisted_from_wordfreq_seed
wfpt-03217,poderão,,,3280,,shortlisted_from_wordfreq_seed
wfpt-03218,publicidade,,,3281,,shortlisted_from_wordfreq_seed
wfpt-03219,recebendo,,,3282,,shortlisted_from_wordfreq_seed
wfpt-03220,receita,,,3283,,shortlisted_from_wordfreq_seed
wfpt-03221,red,,,3284,,shortlisted_from_wordfreq_seed
wfpt-03222,regular,,,3285,,shortlisted_from_wordfreq_seed
wfpt-03223,resgate,,,3286,,shortlisted_from_wordfreq_seed
wfpt-03224,ricos,,,3287,,shortlisted_from_wordfreq_seed
wfpt-03225,riscos,,,3288,,shortlisted_from_wordfreq_seed
wfpt-03226,seguido,,,3289,,shortlisted_from_wordfreq_seed
wfpt-03227,senso,,,3290,,shortlisted_from_wordfreq_seed
wfpt-03228,setores,,,3291,,shortlisted_from_wordfreq_seed
wfpt-03229,testemunhas,,,3292,,shortlisted_from_wordfreq_seed
wfpt-03230,this,,,3293,,shortlisted_from_wordfreq_seed
wfpt-03231,tênis,,,3294,,shortlisted_from_wordfreq_seed
wfpt-03232,urgente,,,3295,,shortlisted_from_wordfreq_seed
wfpt-03233,utilizados,,,3296,,shortlisted_from_wordfreq_seed
wfpt-03234,vieira,,,3297,,shortlisted_from_wordfreq_seed
wfpt-03235,vivemos,,,3298,,shortlisted_from_wordfreq_seed
wfpt-03236,windows,,,3299,,shortlisted_from_wordfreq_seed
wfpt-03237,álcool,,,3300,,shortlisted_from_wordfreq_seed
wfpt-03238,acontecem,,,3301,,shortlisted_from_wordfreq_seed
wfpt-03239,acontecimentos,,,3302,,shortlisted_from_wordfreq_seed
wfpt-03240,adorei,,,3303,,shortlisted_from_wordfreq_seed
wfpt-03241,ajude,,,3304,,shortlisted_from_wordfreq_seed
wfpt-03242,atingiu,,,3305,,shortlisted_from_wordfreq_seed
wfpt-03243,atitudes,,,3306,,shortlisted_from_wordfreq_seed
wfpt-03244,atua,,,3307,,shortlisted_from_wordfreq_seed
wfpt-03245,autora,,,3308,,shortlisted_from_wordfreq_seed
wfpt-03246,bill,,,3309,,shortlisted_from_wordfreq_seed
wfpt-03247,calendário,,,3310,,shortlisted_from_wordfreq_seed
wfpt-03249,chegam,,,3312,,shortlisted_from_wordfreq_seed
wfpt-03250,classes,,,3313,,shortlisted_from_wordfreq_seed
wfpt-03251,coelho,,,3314,,shortlisted_from_wordfreq_seed
wfpt-03252,composta,,,3315,,shortlisted_from_wordfreq_seed
wfpt-03253,conseguimos,,,3316,,shortlisted_from_wordfreq_seed
wfpt-03254,consequência,,,3317,,shortlisted_from_wordfreq_seed
wfpt-03255,convenção,,,3318,,shortlisted_from_wordfreq_seed
wfpt-03256,crescente,,,3319,,shortlisted_from_wordfreq_seed
wfpt-03257,cópia,,,3320,,shortlisted_from_wordfreq_seed
wfpt-03258,dedicado,,,3321,,shortlisted_from_wordfreq_seed
wfpt-03259,define,,,3322,,shortlisted_from_wordfreq_seed
wfpt-03260,duração,,,3323,,shortlisted_from_wordfreq_seed
wfpt-03261,encontrados,,,3324,,shortlisted_from_wordfreq_seed
wfpt-03262,entendeu,,,3325,,shortlisted_from_wordfreq_seed
wfpt-03263,equilíbrio,,,3326,,shortlisted_from_wordfreq_seed
wfpt-03264,exceção,,,3327,,shortlisted_from_wordfreq_seed
wfpt-03265,externa,,,3328,,shortlisted_from_wordfreq_seed
wfpt-03266,federais,,,3329,,shortlisted_from_wordfreq_seed
wfpt-03267,forem,,,3330,,shortlisted_from_wordfreq_seed
wfpt-03268,free,,,3331,,shortlisted_from_wordfreq_seed
wfpt-03269,funcionamento,,,3332,,shortlisted_from_wordfreq_seed
wfpt-03270,gama,,,3333,,shortlisted_from_wordfreq_seed
wfpt-03271,ganho,,,3334,,shortlisted_from_wordfreq_seed
wfpt-03272,lance,,,3335,,shortlisted_from_wordfreq_seed
wfpt-03273,lavar,,,3336,,shortlisted_from_wordfreq_seed
wfpt-03274,legenda,,,3337,,shortlisted_from_wordfreq_seed
wfpt-03275,leitor,,,3338,,shortlisted_from_wordfreq_seed
wfpt-03276,leitores,,,3339,,shortlisted_from_wordfreq_seed
wfpt-03277,levam,,,3340,,shortlisted_from_wordfreq_seed
wfpt-03278,maia,,,3341,,shortlisted_from_wordfreq_seed
wfpt-03280,michel,,,3343,,shortlisted_from_wordfreq_seed
wfpt-03281,morrendo,,,3344,,shortlisted_from_wordfreq_seed
wfpt-03282,moça,,,3345,,shortlisted_from_wordfreq_seed
wfpt-03283,máquinas,,,3346,,shortlisted_from_wordfreq_seed
wfpt-03284,ondas,,,3347,,shortlisted_from_wordfreq_seed
wfpt-03285,open,,,3348,,shortlisted_from_wordfreq_seed
wfpt-03286,papai,,,3349,,shortlisted_from_wordfreq_seed
wfpt-03287,paraíso,,,3350,,shortlisted_from_wordfreq_seed
wfpt-03288,pare,,,3351,,shortlisted_from_wordfreq_seed
wfpt-03289,pensou,,,3352,,shortlisted_from_wordfreq_seed
wfpt-03290,pleno,,,3353,,shortlisted_from_wordfreq_seed
wfpt-03291,podendo,,,3354,,shortlisted_from_wordfreq_seed
wfpt-03292,posteriormente,,,3355,,shortlisted_from_wordfreq_seed
wfpt-03293,receberam,,,3356,,shortlisted_from_wordfreq_seed
wfpt-03294,reuniões,,,3357,,shortlisted_from_wordfreq_seed
wfpt-03295,revolta,,,3358,,shortlisted_from_wordfreq_seed
wfpt-03296,ridículo,,,3359,,shortlisted_from_wordfreq_seed
wfpt-03297,salto,,,3360,,shortlisted_from_wordfreq_seed
wfpt-03298,street,,,3361,,shortlisted_from_wordfreq_seed
wfpt-03299,suicídio,,,3362,,shortlisted_from_wordfreq_seed
wfpt-03300,tim,,,3363,,shortlisted_from_wordfreq_seed
wfpt-03301,trabalham,,,3364,,shortlisted_from_wordfreq_seed
wfpt-03302,vinha,,,3365,,shortlisted_from_wordfreq_seed
wfpt-03303,vizinho,,,3366,,shortlisted_from_wordfreq_seed
wfpt-03305,aceito,,,3368,,shortlisted_from_wordfreq_seed
wfpt-03306,angeles,,,3369,,shortlisted_from_wordfreq_seed
wfpt-03307,animação,,,3370,,shortlisted_from_wordfreq_seed
wfpt-03308,anna,,,3371,,shortlisted_from_wordfreq_seed
wfpt-03309,araújo,,,3372,,shortlisted_from_wordfreq_seed
wfpt-03310,argumento,,,3373,,shortlisted_from_wordfreq_seed
wfpt-03311,bala,,,3374,,shortlisted_from_wordfreq_seed
wfpt-03312,bicicleta,,,3375,,shortlisted_from_wordfreq_seed
wfpt-03313,cabelos,,,3376,,shortlisted_from_wordfreq_seed
wfpt-03314,cadê,,,3377,,shortlisted_from_wordfreq_seed
wfpt-03315,canções,,,3378,,shortlisted_from_wordfreq_seed
wfpt-03316,carregar,,,3379,,shortlisted_from_wordfreq_seed
wfpt-03317,companhias,,,3380,,shortlisted_from_wordfreq_seed
wfpt-03318,comunista,,,3381,,shortlisted_from_wordfreq_seed
wfpt-03319,concordo,,,3382,,shortlisted_from_wordfreq_seed
wfpt-03320,decide,,,3383,,shortlisted_from_wordfreq_seed
wfpt-03321,destruir,,,3384,,shortlisted_from_wordfreq_seed
wfpt-03322,diretora,,,3385,,shortlisted_from_wordfreq_seed
wfpt-03323,diversidade,,,3386,,shortlisted_from_wordfreq_seed
wfpt-03324,diálogo,,,3387,,shortlisted_from_wordfreq_seed
wfpt-03325,eliminar,,,3388,,shortlisted_from_wordfreq_seed
wfpt-03326,elite,,,3389,,shortlisted_from_wordfreq_seed
wfpt-03327,embaixada,,,3390,,shortlisted_from_wordfreq_seed
wfpt-03328,envolvido,,,3391,,shortlisted_from_wordfreq_seed
wfpt-03329,escolar,,,3392,,shortlisted_from_wordfreq_seed
wfpt-03330,espelho,,,3393,,shortlisted_from_wordfreq_seed
wfpt-03331,esperamos,,,3394,,shortlisted_from_wordfreq_seed
wfpt-03332,esquema,,,3395,,shortlisted_from_wordfreq_seed
wfpt-03333,estatísticas,,,3396,,shortlisted_from_wordfreq_seed
wfpt-03334,explicou,,,3397,,shortlisted_from_wordfreq_seed
wfpt-03335,fatores,,,3398,,shortlisted_from_wordfreq_seed
wfpt-03336,fazemos,,,3399,,shortlisted_from_wordfreq_seed
wfpt-03337,firme,,,3400,,shortlisted_from_wordfreq_seed
wfpt-03338,fraco,,,3401,,shortlisted_from_wordfreq_seed
wfpt-03339,gerar,,,3402,,shortlisted_from_wordfreq_seed
wfpt-03340,governos,,,3403,,shortlisted_from_wordfreq_seed
wfpt-03341,gravação,,,3404,,shortlisted_from_wordfreq_seed
wfpt-03342,graves,,,3405,,shortlisted_from_wordfreq_seed
wfpt-03343,greve,,,3406,,shortlisted_from_wordfreq_seed
wfpt-03344,guardar,,,3407,,shortlisted_from_wordfreq_seed
wfpt-03345,hugo,,,3408,,shortlisted_from_wordfreq_seed
wfpt-03346,humanas,,,3409,,shortlisted_from_wordfreq_seed
wfpt-03347,imagine,,,3411,,shortlisted_from_wordfreq_seed
wfpt-03348,iniciar,,,3412,,shortlisted_from_wordfreq_seed
wfpt-03349,instagram,,,3413,,shortlisted_from_wordfreq_seed
wfpt-03350,integrantes,,,3414,,shortlisted_from_wordfreq_seed
wfpt-03351,inúmeras,,,3415,,shortlisted_from_wordfreq_seed
wfpt-03352,joe,,,3416,,shortlisted_from_wordfreq_seed
wfpt-03353,junta,,,3417,,shortlisted_from_wordfreq_seed
wfpt-03354,lady,,,3418,,shortlisted_from_wordfreq_seed
wfpt-03355,lição,,,3419,,shortlisted_from_wordfreq_seed
wfpt-03357,matando,,,3421,,shortlisted_from_wordfreq_seed
wfpt-03358,moto,,,3422,,shortlisted_from_wordfreq_seed
wfpt-03359,nascido,,,3423,,shortlisted_from_wordfreq_seed
wfpt-03360,olhada,,,3424,,shortlisted_from_wordfreq_seed
wfpt-03361,ovos,,,3425,,shortlisted_from_wordfreq_seed
wfpt-03362,paciência,,,3426,,shortlisted_from_wordfreq_seed
wfpt-03363,pacífico,,,3427,,shortlisted_from_wordfreq_seed
wfpt-03364,parceiros,,,3428,,shortlisted_from_wordfreq_seed
wfpt-03365,partiu,,,3429,,shortlisted_from_wordfreq_seed
wfpt-03366,positiva,,,3430,,shortlisted_from_wordfreq_seed
wfpt-03367,prato,,,3431,,shortlisted_from_wordfreq_seed
wfpt-03368,preocupar,,,3432,,shortlisted_from_wordfreq_seed
wfpt-03369,ramo,,,3433,,shortlisted_from_wordfreq_seed
wfpt-03370,reconhecer,,,3434,,shortlisted_from_wordfreq_seed
wfpt-03371,recurso,,,3435,,shortlisted_from_wordfreq_seed
wfpt-03372,roteiro,,,3436,,shortlisted_from_wordfreq_seed
wfpt-03373,sarah,,,3437,,shortlisted_from_wordfreq_seed
wfpt-03374,superar,,,3438,,shortlisted_from_wordfreq_seed
wfpt-03375,surge,,,3439,,shortlisted_from_wordfreq_seed
wfpt-03376,torcida,,,3440,,shortlisted_from_wordfreq_seed
wfpt-03377,transportes,,,3441,,shortlisted_from_wordfreq_seed
wfpt-03378,tristeza,,,3442,,shortlisted_from_wordfreq_seed
wfpt-03379,técnicos,,,3443,,shortlisted_from_wordfreq_seed
wfpt-03380,vidro,,,3444,,shortlisted_from_wordfreq_seed
wfpt-03381,vira,,,3445,,shortlisted_from_wordfreq_seed
wfpt-03382,voltando,,,3446,,shortlisted_from_wordfreq_seed
wfpt-03383,abertos,,,3447,,shortlisted_from_wordfreq_seed
wfpt-03384,acabam,,,3448,,shortlisted_from_wordfreq_seed
wfpt-03385,alimentação,,,3449,,shortlisted_from_wordfreq_seed
wfpt-03386,alterações,,,3450,,shortlisted_from_wordfreq_seed
wfpt-03387,amplamente,,,3451,,shortlisted_from_wordfreq_seed
wfpt-03388,antónio,,,3452,,shortlisted_from_wordfreq_seed
wfpt-03389,apaixonado,,,3453,,shortlisted_from_wordfreq_seed
wfpt-03390,ativa,,,3454,,shortlisted_from_wordfreq_seed
wfpt-03391,barcelona,,,3455,,shortlisted_from_wordfreq_seed
wfpt-03392,bordo,,,3456,,shortlisted_from_wordfreq_seed
wfpt-03393,brilhante,,,3457,,shortlisted_from_wordfreq_seed
wfpt-03394,básica,,,3458,,shortlisted_from_wordfreq_seed
wfpt-03395,carteira,,,3459,,shortlisted_from_wordfreq_seed
wfpt-03396,causou,,,3460,,shortlisted_from_wordfreq_seed
wfpt-03397,chamo,,,3461,,shortlisted_from_wordfreq_seed
wfpt-03398,circunstâncias,,,3462,,shortlisted_from_wordfreq_seed
wfpt-03399,composição,,,3463,,shortlisted_from_wordfreq_seed
wfpt-03400,comunicações,,,3464,,shortlisted_from_wordfreq_seed
wfpt-03401,cristãos,,,3465,,shortlisted_from_wordfreq_seed
wfpt-03402,descobre,,,3466,,shortlisted_from_wordfreq_seed
wfpt-03403,dirigir,,,3467,,shortlisted_from_wordfreq_seed
wfpt-03404,distante,,,3468,,shortlisted_from_wordfreq_seed
wfpt-03405,dormindo,,,3469,,shortlisted_from_wordfreq_seed
wfpt-03406,dvd,,,3470,,shortlisted_from_wordfreq_seed
wfpt-03407,elevado,,,3471,,shortlisted_from_wordfreq_seed
wfpt-03408,ensaio,,,3472,,shortlisted_from_wordfreq_seed
wfpt-03410,escritos,,,3474,,shortlisted_from_wordfreq_seed
wfpt-03411,fizer,,,3475,,shortlisted_from_wordfreq_seed
wfpt-03412,folhas,,,3476,,shortlisted_from_wordfreq_seed
wfpt-03413,gostosa,,,3477,,shortlisted_from_wordfreq_seed
wfpt-03414,graduação,,,3478,,shortlisted_from_wordfreq_seed
wfpt-03415,graus,,,3479,,shortlisted_from_wordfreq_seed
wfpt-03416,ido,,,3480,,shortlisted_from_wordfreq_seed
wfpt-03417,ilegal,,,3481,,shortlisted_from_wordfreq_seed
wfpt-03418,império,,,3482,,shortlisted_from_wordfreq_seed
wfpt-03419,informou,,,3483,,shortlisted_from_wordfreq_seed
wfpt-03420,investimentos,,,3484,,shortlisted_from_wordfreq_seed
wfpt-03421,jackson,,,3485,,shortlisted_from_wordfreq_seed
wfpt-03422,latino,,,3486,,shortlisted_from_wordfreq_seed
wfpt-03423,les,,,3487,,shortlisted_from_wordfreq_seed
wfpt-03424,levanta,,,3488,,shortlisted_from_wordfreq_seed
wfpt-03425,limpar,,,3489,,shortlisted_from_wordfreq_seed
wfpt-03426,madrid,,,3490,,shortlisted_from_wordfreq_seed
wfpt-03427,manifestação,,,3491,,shortlisted_from_wordfreq_seed
wfpt-03428,manifestações,,,3492,,shortlisted_from_wordfreq_seed
wfpt-03429,mano,,,3493,,shortlisted_from_wordfreq_seed
wfpt-03430,maranhão,,,3494,,shortlisted_from_wordfreq_seed
wfpt-03431,margem,,,3495,,shortlisted_from_wordfreq_seed
wfpt-03432,mariana,,,3496,,shortlisted_from_wordfreq_seed
wfpt-03433,marketing,,,3497,,shortlisted_from_wordfreq_seed
wfpt-03434,mexer,,,3498,,shortlisted_from_wordfreq_seed
wfpt-03435,mina,,,3499,,shortlisted_from_wordfreq_seed
wfpt-03436,more,,,3500,,shortlisted_from_wordfreq_seed
wfpt-03437,morro,,,3501,,shortlisted_from_wordfreq_seed
wfpt-03439,observar,,,3503,,shortlisted_from_wordfreq_seed
wfpt-03440,ocorrido,,,3504,,shortlisted_from_wordfreq_seed
wfpt-03442,papéis,,,3506,,shortlisted_from_wordfreq_seed
wfpt-03444,pergunto,,,3508,,shortlisted_from_wordfreq_seed
wfpt-03445,pesado,,,3509,,shortlisted_from_wordfreq_seed
wfpt-03446,placa,,,3510,,shortlisted_from_wordfreq_seed
wfpt-03447,possivelmente,,,3511,,shortlisted_from_wordfreq_seed
wfpt-03448,pura,,,3512,,shortlisted_from_wordfreq_seed
wfpt-03449,recorde,,,3513,,shortlisted_from_wordfreq_seed
wfpt-03450,reis,,,3514,,shortlisted_from_wordfreq_seed
wfpt-03451,relatórios,,,3515,,shortlisted_from_wordfreq_seed
wfpt-03452,religioso,,,3516,,shortlisted_from_wordfreq_seed
wfpt-03453,revistas,,,3517,,shortlisted_from_wordfreq_seed
wfpt-03454,salas,,,3518,,shortlisted_from_wordfreq_seed
wfpt-03455,salários,,,3519,,shortlisted_from_wordfreq_seed
wfpt-03456,steve,,,3520,,shortlisted_from_wordfreq_seed
wfpt-03457,séculos,,,3521,,shortlisted_from_wordfreq_seed
wfpt-03458,tchau,,,3522,,shortlisted_from_wordfreq_seed
wfpt-03459,tenente,,,3523,,shortlisted_from_wordfreq_seed
wfpt-03460,teto,,,3524,,shortlisted_from_wordfreq_seed
wfpt-03461,titular,,,3525,,shortlisted_from_wordfreq_seed
wfpt-03462,urbano,,,3526,,shortlisted_from_wordfreq_seed
wfpt-03463,vivos,,,3527,,shortlisted_from_wordfreq_seed
wfpt-03464,voltei,,,3528,,shortlisted_from_wordfreq_seed
wfpt-03465,zonas,,,3529,,shortlisted_from_wordfreq_seed
wfpt-03466,índios,,,3530,,shortlisted_from_wordfreq_seed
wfpt-03467,óculos,,,3531,,shortlisted_from_wordfreq_seed
wfpt-03468,adeus,,,3532,,shortlisted_from_wordfreq_seed
wfpt-03469,alberto,,,3533,,shortlisted_from_wordfreq_seed
wfpt-03470,avaliar,,,3534,,shortlisted_from_wordfreq_seed
wfpt-03471,califórnia,,,3535,,shortlisted_from_wordfreq_seed
wfpt-03472,carinho,,,3536,,shortlisted_from_wordfreq_seed
wfpt-03473,charlie,,,3537,,shortlisted_from_wordfreq_seed
wfpt-03474,cidadania,,,3538,,shortlisted_from_wordfreq_seed
wfpt-03475,clubes,,,3539,,shortlisted_from_wordfreq_seed
wfpt-03476,coletiva,,,3540,,shortlisted_from_wordfreq_seed
wfpt-03477,coletivo,,,3541,,shortlisted_from_wordfreq_seed
wfpt-03478,combater,,,3542,,shortlisted_from_wordfreq_seed
wfpt-03479,conhecem,,,3543,,shortlisted_from_wordfreq_seed
wfpt-03480,conselhos,,,3544,,shortlisted_from_wordfreq_seed
wfpt-03481,construído,,,3545,,shortlisted_from_wordfreq_seed
wfpt-03482,contribuir,,,3546,,shortlisted_from_wordfreq_seed
wfpt-03483,criados,,,3547,,shortlisted_from_wordfreq_seed
wfpt-03484,críticos,,,3548,,shortlisted_from_wordfreq_seed
wfpt-03485,cuba,,,3549,,shortlisted_from_wordfreq_seed
wfpt-03486,determinar,,,3550,,shortlisted_from_wordfreq_seed
wfpt-03487,deverá,,,3551,,shortlisted_from_wordfreq_seed
wfpt-03488,dezenas,,,3552,,shortlisted_from_wordfreq_seed
wfpt-03489,dores,,,3554,,shortlisted_from_wordfreq_seed
wfpt-03490,encontros,,,3555,,shortlisted_from_wordfreq_seed
wfpt-03491,envolve,,,3556,,shortlisted_from_wordfreq_seed
wfpt-03492,episódios,,,3557,,shortlisted_from_wordfreq_seed
wfpt-03493,estiveram,,,3558,,shortlisted_from_wordfreq_seed
wfpt-03494,estrangeiro,,,3559,,shortlisted_from_wordfreq_seed
wfpt-03495,falsa,,,3560,,shortlisted_from_wordfreq_seed
wfpt-03496,famosos,,,3561,,shortlisted_from_wordfreq_seed
wfpt-03497,foder,,,3562,,shortlisted_from_wordfreq_seed
wfpt-03498,fundamentais,,,3563,,shortlisted_from_wordfreq_seed
wfpt-03499,gastar,,,3564,,shortlisted_from_wordfreq_seed
wfpt-03500,gerente,,,3565,,shortlisted_from_wordfreq_seed
wfpt-03501,gil,,,3566,,shortlisted_from_wordfreq_seed
wfpt-03502,gravar,,,3567,,shortlisted_from_wordfreq_seed
wfpt-03503,gritar,,,3568,,shortlisted_from_wordfreq_seed
wfpt-03504,imagina,,,3569,,shortlisted_from_wordfreq_seed
wfpt-03505,investigar,,,3570,,shortlisted_from_wordfreq_seed
wfpt-03506,laura,,,3571,,shortlisted_from_wordfreq_seed
wfpt-03507,leonardo,,,3572,,shortlisted_from_wordfreq_seed
wfpt-03508,ligados,,,3573,,shortlisted_from_wordfreq_seed
wfpt-03509,marcada,,,3574,,shortlisted_from_wordfreq_seed
wfpt-03510,medalha,,,3575,,shortlisted_from_wordfreq_seed
wfpt-03511,más,,,3576,,shortlisted_from_wordfreq_seed
wfpt-03512,oceano,,,3577,,shortlisted_from_wordfreq_seed
wfpt-03513,opiniões,,,3578,,shortlisted_from_wordfreq_seed
wfpt-03514,ouve,,,3579,,shortlisted_from_wordfreq_seed
wfpt-03515,palmeiras,,,3580,,shortlisted_from_wordfreq_seed
wfpt-03516,parlamentar,,,3581,,shortlisted_from_wordfreq_seed
wfpt-03517,produtor,,,3582,,shortlisted_from_wordfreq_seed
wfpt-03518,reportagem,,,3583,,shortlisted_from_wordfreq_seed
wfpt-03519,reunir,,,3584,,shortlisted_from_wordfreq_seed
wfpt-03520,riqueza,,,3585,,shortlisted_from_wordfreq_seed
wfpt-03521,saudável,,,3586,,shortlisted_from_wordfreq_seed
wfpt-03522,sentar,,,3587,,shortlisted_from_wordfreq_seed
wfpt-03523,sentença,,,3588,,shortlisted_from_wordfreq_seed
wfpt-03524,sindicato,,,3589,,shortlisted_from_wordfreq_seed
wfpt-03525,sugere,,,3590,,shortlisted_from_wordfreq_seed
wfpt-03526,superiores,,,3591,,shortlisted_from_wordfreq_seed
wfpt-03527,suspeito,,,3592,,shortlisted_from_wordfreq_seed
wfpt-03528,terrível,,,3593,,shortlisted_from_wordfreq_seed
wfpt-03529,tony,,,3594,,shortlisted_from_wordfreq_seed
wfpt-03530,acontecido,,,3595,,shortlisted_from_wordfreq_seed
wfpt-03531,acusações,,,3596,,shortlisted_from_wordfreq_seed
wfpt-03532,adora,,,3597,,shortlisted_from_wordfreq_seed
wfpt-03533,anjos,,,3598,,shortlisted_from_wordfreq_seed
wfpt-03534,autoria,,,3599,,shortlisted_from_wordfreq_seed
wfpt-03535,avanço,,,3600,,shortlisted_from_wordfreq_seed
wfpt-03536,barbosa,,,3601,,shortlisted_from_wordfreq_seed
wfpt-03537,cartões,,,3602,,shortlisted_from_wordfreq_seed
wfpt-03538,chico,,,3603,,shortlisted_from_wordfreq_seed
wfpt-03539,combinação,,,3604,,shortlisted_from_wordfreq_seed
wfpt-03540,companheiro,,,3605,,shortlisted_from_wordfreq_seed
wfpt-03541,contos,,,3606,,shortlisted_from_wordfreq_seed
wfpt-03542,contribuição,,,3607,,shortlisted_from_wordfreq_seed
wfpt-03543,controlo,,,3608,,shortlisted_from_wordfreq_seed
wfpt-03544,criatividade,,,3609,,shortlisted_from_wordfreq_seed
wfpt-03545,círculo,,,3610,,shortlisted_from_wordfreq_seed
wfpt-03546,deixo,,,3611,,shortlisted_from_wordfreq_seed
wfpt-03548,dispositivo,,,3613,,shortlisted_from_wordfreq_seed
wfpt-03549,domingos,,,3614,,shortlisted_from_wordfreq_seed
wfpt-03550,download,,,3615,,shortlisted_from_wordfreq_seed
wfpt-03551,esportes,,,3616,,shortlisted_from_wordfreq_seed
wfpt-03552,estações,,,3617,,shortlisted_from_wordfreq_seed
wfpt-03553,exclusivamente,,,3618,,shortlisted_from_wordfreq_seed
wfpt-03554,favorito,,,3619,,shortlisted_from_wordfreq_seed
wfpt-03555,fernandes,,,3620,,shortlisted_from_wordfreq_seed
wfpt-03556,formada,,,3621,,shortlisted_from_wordfreq_seed
wfpt-03557,fuga,,,3622,,shortlisted_from_wordfreq_seed
wfpt-03558,fórmula,,,3623,,shortlisted_from_wordfreq_seed
wfpt-03559,imenso,,,3624,,shortlisted_from_wordfreq_seed
wfpt-03560,incluir,,,3625,,shortlisted_from_wordfreq_seed
wfpt-03561,instruções,,,3626,,shortlisted_from_wordfreq_seed
wfpt-03562,interessa,,,3627,,shortlisted_from_wordfreq_seed
wfpt-03563,interessado,,,3628,,shortlisted_from_wordfreq_seed
wfpt-03564,iremos,,,3629,,shortlisted_from_wordfreq_seed
wfpt-03565,mike,,,3630,,shortlisted_from_wordfreq_seed
wfpt-03566,moro,,,3631,,shortlisted_from_wordfreq_seed
wfpt-03567,naturalmente,,,3632,,shortlisted_from_wordfreq_seed
wfpt-03568,observação,,,3633,,shortlisted_from_wordfreq_seed
wfpt-03569,perigoso,,,3634,,shortlisted_from_wordfreq_seed
wfpt-03570,permitindo,,,3635,,shortlisted_from_wordfreq_seed
wfpt-03571,postou,,,3636,,shortlisted_from_wordfreq_seed
wfpt-03572,postura,,,3637,,shortlisted_from_wordfreq_seed
wfpt-03573,profissão,,,3638,,shortlisted_from_wordfreq_seed
wfpt-03574,põe,,,3639,,shortlisted_from_wordfreq_seed
wfpt-03575,relacionado,,,3640,,shortlisted_from_wordfreq_seed
wfpt-03576,relógio,,,3641,,shortlisted_from_wordfreq_seed
wfpt-03577,reúne,,,3642,,shortlisted_from_wordfreq_seed
wfpt-03578,roda,,,3643,,shortlisted_from_wordfreq_seed
wfpt-03579,segredos,,,3644,,shortlisted_from_wordfreq_seed
wfpt-03580,star,,,3645,,shortlisted_from_wordfreq_seed
wfpt-03581,sudeste,,,3646,,shortlisted_from_wordfreq_seed
wfpt-03582,tese,,,3647,,shortlisted_from_wordfreq_seed
wfpt-03583,that,,,3648,,shortlisted_from_wordfreq_seed
wfpt-03584,thomas,,,3649,,shortlisted_from_wordfreq_seed
wfpt-03585,tirando,,,3650,,shortlisted_from_wordfreq_seed
wfpt-03586,uruguai,,,3651,,shortlisted_from_wordfreq_seed
wfpt-03587,vozes,,,3652,,shortlisted_from_wordfreq_seed
wfpt-03588,óbvio,,,3653,,shortlisted_from_wordfreq_seed
wfpt-03589,achava,,,3655,,shortlisted_from_wordfreq_seed
wfpt-03590,adulto,,,3656,,shortlisted_from_wordfreq_seed
wfpt-03591,agradável,,,3657,,shortlisted_from_wordfreq_seed
wfpt-03592,ambientais,,,3658,,shortlisted_from_wordfreq_seed
wfpt-03593,aparelho,,,3659,,shortlisted_from_wordfreq_seed
wfpt-03594,apresentando,,,3660,,shortlisted_from_wordfreq_seed
wfpt-03595,assinado,,,3661,,shortlisted_from_wordfreq_seed
wfpt-03596,avisar,,,3662,,shortlisted_from_wordfreq_seed
wfpt-03597,aviões,,,3663,,shortlisted_from_wordfreq_seed
wfpt-03598,baile,,,3664,,shortlisted_from_wordfreq_seed
wfpt-03599,barriga,,,3665,,shortlisted_from_wordfreq_seed
wfpt-03600,best,,,3666,,shortlisted_from_wordfreq_seed
wfpt-03601,bolso,,,3667,,shortlisted_from_wordfreq_seed
wfpt-03602,bunda,,,3668,,shortlisted_from_wordfreq_seed
wfpt-03603,chinesa,,,3669,,shortlisted_from_wordfreq_seed
wfpt-03604,coloquei,,,3670,,shortlisted_from_wordfreq_seed
wfpt-03605,confronto,,,3671,,shortlisted_from_wordfreq_seed
wfpt-03606,conservação,,,3672,,shortlisted_from_wordfreq_seed
wfpt-03607,correio,,,3673,,shortlisted_from_wordfreq_seed
wfpt-03608,câmeras,,,3674,,shortlisted_from_wordfreq_seed
wfpt-03609,decidi,,,3675,,shortlisted_from_wordfreq_seed
wfpt-03610,deixado,,,3676,,shortlisted_from_wordfreq_seed
wfpt-03611,demonstrar,,,3677,,shortlisted_from_wordfreq_seed
wfpt-03612,diariamente,,,3678,,shortlisted_from_wordfreq_seed
wfpt-03613,dividir,,,3679,,shortlisted_from_wordfreq_seed
wfpt-03614,encontramos,,,3680,,shortlisted_from_wordfreq_seed
wfpt-03615,entrando,,,3681,,shortlisted_from_wordfreq_seed
wfpt-03616,escapar,,,3682,,shortlisted_from_wordfreq_seed
wfpt-03617,escrevendo,,,3683,,shortlisted_from_wordfreq_seed
wfpt-03618,essencial,,,3684,,shortlisted_from_wordfreq_seed
wfpt-03619,estabelecimento,,,3685,,shortlisted_from_wordfreq_seed
wfpt-03620,estávamos,,,3686,,shortlisted_from_wordfreq_seed
wfpt-03621,evidências,,,3687,,shortlisted_from_wordfreq_seed
wfpt-03622,falava,,,3688,,shortlisted_from_wordfreq_seed
wfpt-03623,fenômeno,,,3689,,shortlisted_from_wordfreq_seed
wfpt-03624,feriado,,,3690,,shortlisted_from_wordfreq_seed
wfpt-03625,ficará,,,3691,,shortlisted_from_wordfreq_seed
wfpt-03626,franceses,,,3692,,shortlisted_from_wordfreq_seed
wfpt-03627,fronteiras,,,3693,,shortlisted_from_wordfreq_seed
wfpt-03628,galeria,,,3694,,shortlisted_from_wordfreq_seed
wfpt-03629,geografia,,,3695,,shortlisted_from_wordfreq_seed
wfpt-03630,heróis,,,3696,,shortlisted_from_wordfreq_seed
wfpt-03631,imagino,,,3697,,shortlisted_from_wordfreq_seed
wfpt-03632,incidente,,,3698,,shortlisted_from_wordfreq_seed
wfpt-03633,independentes,,,3699,,shortlisted_from_wordfreq_seed
wfpt-03634,irmãs,,,3700,,shortlisted_from_wordfreq_seed
wfpt-03635,justamente,,,3701,,shortlisted_from_wordfreq_seed
wfpt-03636,lava,,,3702,,shortlisted_from_wordfreq_seed
wfpt-03637,lopes,,,3703,,shortlisted_from_wordfreq_seed
wfpt-03638,mantendo,,,3704,,shortlisted_from_wordfreq_seed
wfpt-03639,meter,,,3705,,shortlisted_from_wordfreq_seed
wfpt-03640,móveis,,,3706,,shortlisted_from_wordfreq_seed
wfpt-03641,nervoso,,,3707,,shortlisted_from_wordfreq_seed
wfpt-03642,nobre,,,3708,,shortlisted_from_wordfreq_seed
wfpt-03643,olhe,,,3709,,shortlisted_from_wordfreq_seed
wfpt-03644,paraguai,,,3710,,shortlisted_from_wordfreq_seed
wfpt-03645,planejamento,,,3711,,shortlisted_from_wordfreq_seed
wfpt-03646,preparação,,,3712,,shortlisted_from_wordfreq_seed
wfpt-03647,prioridade,,,3713,,shortlisted_from_wordfreq_seed
wfpt-03648,privacidade,,,3714,,shortlisted_from_wordfreq_seed
wfpt-03649,promessa,,,3715,,shortlisted_from_wordfreq_seed
wfpt-03650,proprietário,,,3716,,shortlisted_from_wordfreq_seed
wfpt-03651,pró,,,3717,,shortlisted_from_wordfreq_seed
wfpt-03653,quadrinhos,,,3719,,shortlisted_from_wordfreq_seed
wfpt-03654,raízes,,,3720,,shortlisted_from_wordfreq_seed
wfpt-03655,recuperação,,,3721,,shortlisted_from_wordfreq_seed
wfpt-03656,religiosos,,,3722,,shortlisted_from_wordfreq_seed
wfpt-03657,representar,,,3723,,shortlisted_from_wordfreq_seed
wfpt-03658,resultou,,,3724,,shortlisted_from_wordfreq_seed
wfpt-03659,roubo,,,3725,,shortlisted_from_wordfreq_seed
wfpt-03660,sam,,,3726,,shortlisted_from_wordfreq_seed
wfpt-03661,scott,,,3727,,shortlisted_from_wordfreq_seed
wfpt-03662,similar,,,3728,,shortlisted_from_wordfreq_seed
wfpt-03663,soares,,,3729,,shortlisted_from_wordfreq_seed
wfpt-03664,tente,,,3730,,shortlisted_from_wordfreq_seed
wfpt-03665,tiago,,,3731,,shortlisted_from_wordfreq_seed
wfpt-03666,tráfego,,,3732,,shortlisted_from_wordfreq_seed
wfpt-03667,turquia,,,3733,,shortlisted_from_wordfreq_seed
wfpt-03668,universitário,,,3734,,shortlisted_from_wordfreq_seed
wfpt-03669,valeu,,,3735,,shortlisted_from_wordfreq_seed
wfpt-03670,vinda,,,3736,,shortlisted_from_wordfreq_seed
wfpt-03671,visitas,,,3737,,shortlisted_from_wordfreq_seed
wfpt-03672,absurdo,,,3738,,shortlisted_from_wordfreq_seed
wfpt-03673,acompanhado,,,3739,,shortlisted_from_wordfreq_seed
wfpt-03674,acção,,,3740,,shortlisted_from_wordfreq_seed
wfpt-03675,americanas,,,3741,,shortlisted_from_wordfreq_seed
wfpt-03676,anunciado,,,3742,,shortlisted_from_wordfreq_seed
wfpt-03677,assume,,,3743,,shortlisted_from_wordfreq_seed
wfpt-03678,atlético,,,3744,,shortlisted_from_wordfreq_seed
wfpt-03679,barco,,,3745,,shortlisted_from_wordfreq_seed
wfpt-03680,brincando,,,3746,,shortlisted_from_wordfreq_seed
wfpt-03681,básico,,,3747,,shortlisted_from_wordfreq_seed
wfpt-03682,circuito,,,3748,,shortlisted_from_wordfreq_seed
wfpt-03683,comentou,,,3749,,shortlisted_from_wordfreq_seed
wfpt-03684,companheiros,,,3750,,shortlisted_from_wordfreq_seed
wfpt-03685,compreender,,,3751,,shortlisted_from_wordfreq_seed
wfpt-03686,constantemente,,,3752,,shortlisted_from_wordfreq_seed
wfpt-03687,construída,,,3753,,shortlisted_from_wordfreq_seed
wfpt-03688,cortes,,,3754,,shortlisted_from_wordfreq_seed
wfpt-03689,culturas,,,3755,,shortlisted_from_wordfreq_seed
wfpt-03690,daria,,,3756,,shortlisted_from_wordfreq_seed
wfpt-03691,demonstra,,,3757,,shortlisted_from_wordfreq_seed
wfpt-03692,deuses,,,3758,,shortlisted_from_wordfreq_seed
wfpt-03693,direcção,,,3759,,shortlisted_from_wordfreq_seed
wfpt-03694,disney,,,3760,,shortlisted_from_wordfreq_seed
wfpt-03695,disto,,,3761,,shortlisted_from_wordfreq_seed
wfpt-03696,eletrônico,,,3762,,shortlisted_from_wordfreq_seed
wfpt-03697,email,,,3763,,shortlisted_from_wordfreq_seed
wfpt-03698,escravos,,,3764,,shortlisted_from_wordfreq_seed
wfpt-03699,exige,,,3765,,shortlisted_from_wordfreq_seed
wfpt-03700,fama,,,3766,,shortlisted_from_wordfreq_seed
wfpt-03701,ficaria,,,3767,,shortlisted_from_wordfreq_seed
wfpt-03702,figuras,,,3768,,shortlisted_from_wordfreq_seed
wfpt-03703,filhas,,,3769,,shortlisted_from_wordfreq_seed
wfpt-03704,florestas,,,3770,,shortlisted_from_wordfreq_seed
wfpt-03705,frota,,,3771,,shortlisted_from_wordfreq_seed
wfpt-03706,grávida,,,3772,,shortlisted_from_wordfreq_seed
wfpt-03707,houver,,,3773,,shortlisted_from_wordfreq_seed
wfpt-03708,implementação,,,3774,,shortlisted_from_wordfreq_seed
wfpt-03709,inclusão,,,3775,,shortlisted_from_wordfreq_seed
wfpt-03710,indicação,,,3776,,shortlisted_from_wordfreq_seed
wfpt-03711,japonês,,,3777,,shortlisted_from_wordfreq_seed
wfpt-03712,júnior,,,3778,,shortlisted_from_wordfreq_seed
wfpt-03713,lindas,,,3779,,shortlisted_from_wordfreq_seed
wfpt-03714,lutas,,,3780,,shortlisted_from_wordfreq_seed
wfpt-03715,luxo,,,3781,,shortlisted_from_wordfreq_seed
wfpt-03716,lágrimas,,,3782,,shortlisted_from_wordfreq_seed
wfpt-03717,manteve,,,3783,,shortlisted_from_wordfreq_seed
wfpt-03718,manual,,,3784,,shortlisted_from_wordfreq_seed
wfpt-03719,marques,,,3785,,shortlisted_from_wordfreq_seed
wfpt-03720,mário,,,3786,,shortlisted_from_wordfreq_seed
wfpt-03721,neve,,,3787,,shortlisted_from_wordfreq_seed
wfpt-03722,ocupado,,,3788,,shortlisted_from_wordfreq_seed
wfpt-03723,oficina,,,3789,,shortlisted_from_wordfreq_seed
wfpt-03724,pacote,,,3790,,shortlisted_from_wordfreq_seed
wfpt-03725,passeio,,,3791,,shortlisted_from_wordfreq_seed
wfpt-03726,poeta,,,3792,,shortlisted_from_wordfreq_seed
wfpt-03727,prestar,,,3793,,shortlisted_from_wordfreq_seed
wfpt-03728,prémio,,,3794,,shortlisted_from_wordfreq_seed
wfpt-03729,publicados,,,3795,,shortlisted_from_wordfreq_seed
wfpt-03730,puro,,,3796,,shortlisted_from_wordfreq_seed
wfpt-03731,ray,,,3797,,shortlisted_from_wordfreq_seed
wfpt-03733,representam,,,3799,,shortlisted_from_wordfreq_seed
wfpt-03734,reprodução,,,3800,,shortlisted_from_wordfreq_seed
wfpt-03735,rurais,,,3801,,shortlisted_from_wordfreq_seed
wfpt-03736,saudades,,,3802,,shortlisted_from_wordfreq_seed
wfpt-03737,seguros,,,3803,,shortlisted_from_wordfreq_seed
wfpt-03738,sofá,,,3804,,shortlisted_from_wordfreq_seed
wfpt-03739,sustentável,,,3805,,shortlisted_from_wordfreq_seed
wfpt-03740,sócio,,,3806,,shortlisted_from_wordfreq_seed
wfpt-03741,taça,,,3807,,shortlisted_from_wordfreq_seed
wfpt-03742,templo,,,3808,,shortlisted_from_wordfreq_seed
wfpt-03743,terapia,,,3809,,shortlisted_from_wordfreq_seed
wfpt-03744,trilha,,,3810,,shortlisted_from_wordfreq_seed
wfpt-03745,utiliza,,,3811,,shortlisted_from_wordfreq_seed
wfpt-03746,vejam,,,3812,,shortlisted_from_wordfreq_seed
wfpt-03747,whatsapp,,,3814,,shortlisted_from_wordfreq_seed
wfpt-03748,ética,,,3815,,shortlisted_from_wordfreq_seed
wfpt-03749,analisar,,,3816,,shortlisted_from_wordfreq_seed
wfpt-03750,assegurar,,,3817,,shortlisted_from_wordfreq_seed
wfpt-03751,atendimento,,,3818,,shortlisted_from_wordfreq_seed
wfpt-03752,atleta,,,3819,,shortlisted_from_wordfreq_seed
wfpt-03753,barato,,,3820,,shortlisted_from_wordfreq_seed
wfpt-03754,bombas,,,3821,,shortlisted_from_wordfreq_seed
wfpt-03755,cia,,,3822,,shortlisted_from_wordfreq_seed
wfpt-03756,confirmou,,,3823,,shortlisted_from_wordfreq_seed
wfpt-03757,cresce,,,3824,,shortlisted_from_wordfreq_seed
wfpt-03758,criador,,,3825,,shortlisted_from_wordfreq_seed
wfpt-03759,cuidados,,,3826,,shortlisted_from_wordfreq_seed
wfpt-03760,descreve,,,3827,,shortlisted_from_wordfreq_seed
wfpt-03761,emoção,,,3828,,shortlisted_from_wordfreq_seed
wfpt-03762,emoções,,,3829,,shortlisted_from_wordfreq_seed
wfpt-03763,empresários,,,3830,,shortlisted_from_wordfreq_seed
wfpt-03764,encontraram,,,3831,,shortlisted_from_wordfreq_seed
wfpt-03765,escolhas,,,3832,,shortlisted_from_wordfreq_seed
wfpt-03766,escrevi,,,3833,,shortlisted_from_wordfreq_seed
wfpt-03767,estarei,,,3834,,shortlisted_from_wordfreq_seed
wfpt-03768,estatuto,,,3835,,shortlisted_from_wordfreq_seed
wfpt-03769,explorar,,,3836,,shortlisted_from_wordfreq_seed
wfpt-03770,fantástico,,,3837,,shortlisted_from_wordfreq_seed
wfpt-03771,género,,,3838,,shortlisted_from_wordfreq_seed
wfpt-03772,imigrantes,,,3840,,shortlisted_from_wordfreq_seed
wfpt-03773,imposto,,,3841,,shortlisted_from_wordfreq_seed
wfpt-03774,intelectual,,,3842,,shortlisted_from_wordfreq_seed
wfpt-03775,interessados,,,3843,,shortlisted_from_wordfreq_seed
wfpt-03776,ligada,,,3844,,shortlisted_from_wordfreq_seed
wfpt-03777,literalmente,,,3845,,shortlisted_from_wordfreq_seed
wfpt-03778,moscou,,,3846,,shortlisted_from_wordfreq_seed
wfpt-03779,mundiais,,,3847,,shortlisted_from_wordfreq_seed
wfpt-03780,nick,,,3848,,shortlisted_from_wordfreq_seed
wfpt-03781,objectivo,,,3849,,shortlisted_from_wordfreq_seed
wfpt-03782,onu,,,3850,,shortlisted_from_wordfreq_seed
wfpt-03783,permanecer,,,3852,,shortlisted_from_wordfreq_seed
wfpt-03784,posta,,,3853,,shortlisted_from_wordfreq_seed
wfpt-03785,primeiramente,,,3854,,shortlisted_from_wordfreq_seed
wfpt-03786,profunda,,,3855,,shortlisted_from_wordfreq_seed
wfpt-03787,prêmios,,,3856,,shortlisted_from_wordfreq_seed
wfpt-03788,pânico,,,3857,,shortlisted_from_wordfreq_seed
wfpt-03789,quaisquer,,,3858,,shortlisted_from_wordfreq_seed
wfpt-03790,queriam,,,3859,,shortlisted_from_wordfreq_seed
wfpt-03791,radio,,,3860,,shortlisted_from_wordfreq_seed
wfpt-03792,reconhecido,,,3861,,shortlisted_from_wordfreq_seed
wfpt-03793,repetir,,,3862,,shortlisted_from_wordfreq_seed
wfpt-03794,reservas,,,3863,,shortlisted_from_wordfreq_seed
wfpt-03795,sms,,,3864,,shortlisted_from_wordfreq_seed
wfpt-03796,síria,,,3865,,shortlisted_from_wordfreq_seed
wfpt-03797,toneladas,,,3866,,shortlisted_from_wordfreq_seed
wfpt-03798,ultimamente,,,3867,,shortlisted_from_wordfreq_seed
wfpt-03800,viveu,,,3869,,shortlisted_from_wordfreq_seed
wfpt-03801,abandonar,,,3871,,shortlisted_from_wordfreq_seed
wfpt-03802,abertas,,,3872,,shortlisted_from_wordfreq_seed
wfpt-03803,abrigo,,,3873,,shortlisted_from_wordfreq_seed
wfpt-03804,aconteça,,,3874,,shortlisted_from_wordfreq_seed
wfpt-03805,administrativa,,,3875,,shortlisted_from_wordfreq_seed
wfpt-03806,ajudá,,,3876,,shortlisted_from_wordfreq_seed
wfpt-03807,amei,,,3877,,shortlisted_from_wordfreq_seed
wfpt-03808,apresentações,,,3878,,shortlisted_from_wordfreq_seed
wfpt-03809,armadas,,,3879,,shortlisted_from_wordfreq_seed
wfpt-03810,arrumar,,,3880,,shortlisted_from_wordfreq_seed
wfpt-03811,ativo,,,3881,,shortlisted_from_wordfreq_seed
wfpt-03812,bebidas,,,3882,,shortlisted_from_wordfreq_seed
wfpt-03813,botafogo,,,3883,,shortlisted_from_wordfreq_seed
wfpt-03814,boy,,,3884,,shortlisted_from_wordfreq_seed
wfpt-03815,britânico,,,3885,,shortlisted_from_wordfreq_seed
wfpt-03816,cansada,,,3886,,shortlisted_from_wordfreq_seed
wfpt-03817,casais,,,3887,,shortlisted_from_wordfreq_seed
wfpt-03818,cobre,,,3888,,shortlisted_from_wordfreq_seed
wfpt-03819,comemorar,,,3889,,shortlisted_from_wordfreq_seed
wfpt-03820,criminal,,,3890,,shortlisted_from_wordfreq_seed
wfpt-03821,democrático,,,3891,,shortlisted_from_wordfreq_seed
wfpt-03822,desejar,,,3892,,shortlisted_from_wordfreq_seed
wfpt-03823,destacou,,,3893,,shortlisted_from_wordfreq_seed
wfpt-03824,diabo,,,3894,,shortlisted_from_wordfreq_seed
wfpt-03825,diminuir,,,3895,,shortlisted_from_wordfreq_seed
wfpt-03826,diversão,,,3896,,shortlisted_from_wordfreq_seed
wfpt-03827,encontradas,,,3897,,shortlisted_from_wordfreq_seed
wfpt-03828,entrei,,,3898,,shortlisted_from_wordfreq_seed
wfpt-03829,entrevistas,,,3899,,shortlisted_from_wordfreq_seed
wfpt-03830,escolheu,,,3900,,shortlisted_from_wordfreq_seed
wfpt-03831,esqueceu,,,3901,,shortlisted_from_wordfreq_seed
wfpt-03832,ficção,,,3902,,shortlisted_from_wordfreq_seed
wfpt-03833,fiel,,,3903,,shortlisted_from_wordfreq_seed
wfpt-03834,fio,,,3904,,shortlisted_from_wordfreq_seed
wfpt-03835,fita,,,3905,,shortlisted_from_wordfreq_seed
wfpt-03836,girl,,,3906,,shortlisted_from_wordfreq_seed
wfpt-03837,goiás,,,3907,,shortlisted_from_wordfreq_seed
wfpt-03838,goleiro,,,3908,,shortlisted_from_wordfreq_seed
wfpt-03839,igualdade,,,3909,,shortlisted_from_wordfreq_seed
wfpt-03840,indústrias,,,3910,,shortlisted_from_wordfreq_seed
wfpt-03841,inglesa,,,3911,,shortlisted_from_wordfreq_seed
wfpt-03842,intervalo,,,3912,,shortlisted_from_wordfreq_seed
wfpt-03843,intuito,,,3913,,shortlisted_from_wordfreq_seed
wfpt-03844,janelas,,,3914,,shortlisted_from_wordfreq_seed
wfpt-03846,king,,,3916,,shortlisted_from_wordfreq_seed
wfpt-03847,kong,,,3917,,shortlisted_from_wordfreq_seed
wfpt-03848,laranja,,,3918,,shortlisted_from_wordfreq_seed
wfpt-03849,media,,,3919,,shortlisted_from_wordfreq_seed
wfpt-03850,mistério,,,3920,,shortlisted_from_wordfreq_seed
wfpt-03851,municipais,,,3921,,shortlisted_from_wordfreq_seed
wfpt-03852,necessárias,,,3922,,shortlisted_from_wordfreq_seed
wfpt-03853,nelson,,,3923,,shortlisted_from_wordfreq_seed
wfpt-03854,not,,,3924,,shortlisted_from_wordfreq_seed
wfpt-03855,parto,,,3925,,shortlisted_from_wordfreq_seed
wfpt-03856,perfeitamente,,,3927,,shortlisted_from_wordfreq_seed
wfpt-03857,plataformas,,,3928,,shortlisted_from_wordfreq_seed
wfpt-03858,play,,,3929,,shortlisted_from_wordfreq_seed
wfpt-03859,podiam,,,3930,,shortlisted_from_wordfreq_seed
wfpt-03860,power,,,3931,,shortlisted_from_wordfreq_seed
wfpt-03861,preocupa,,,3932,,shortlisted_from_wordfreq_seed
wfpt-03862,preocupado,,,3933,,shortlisted_from_wordfreq_seed
wfpt-03863,preservação,,,3934,,shortlisted_from_wordfreq_seed
wfpt-03864,promete,,,3935,,shortlisted_from_wordfreq_seed
wfpt-03865,psdb,,,3936,,shortlisted_from_wordfreq_seed
wfpt-03866,recebem,,,3937,,shortlisted_from_wordfreq_seed
wfpt-03867,referências,,,3938,,shortlisted_from_wordfreq_seed
wfpt-03868,resolveu,,,3939,,shortlisted_from_wordfreq_seed
wfpt-03869,senha,,,3940,,shortlisted_from_wordfreq_seed
wfpt-03870,sexuais,,,3941,,shortlisted_from_wordfreq_seed
wfpt-03871,sinceramente,,,3942,,shortlisted_from_wordfreq_seed
wfpt-03872,soldado,,,3943,,shortlisted_from_wordfreq_seed
wfpt-03873,some,,,3944,,shortlisted_from_wordfreq_seed
wfpt-03874,tornam,,,3945,,shortlisted_from_wordfreq_seed
wfpt-03875,transformou,,,3946,,shortlisted_from_wordfreq_seed
wfpt-03877,turistas,,,3948,,shortlisted_from_wordfreq_seed
wfpt-03878,tweets,,,3949,,shortlisted_from_wordfreq_seed
wfpt-03879,venham,,,3950,,shortlisted_from_wordfreq_seed
wfpt-03880,venho,,,3951,,shortlisted_from_wordfreq_seed
wfpt-03881,abraço,,,3952,,shortlisted_from_wordfreq_seed
wfpt-03882,absoluta,,,3953,,shortlisted_from_wordfreq_seed
wfpt-03883,acampamento,,,3954,,shortlisted_from_wordfreq_seed
wfpt-03884,afastar,,,3955,,shortlisted_from_wordfreq_seed
wfpt-03885,aires,,,3956,,shortlisted_from_wordfreq_seed
wfpt-03886,aliados,,,3957,,shortlisted_from_wordfreq_seed
wfpt-03887,aponta,,,3958,,shortlisted_from_wordfreq_seed
wfpt-03888,assinar,,,3959,,shortlisted_from_wordfreq_seed
wfpt-03889,atingido,,,3960,,shortlisted_from_wordfreq_seed
wfpt-03890,auxílio,,,3961,,shortlisted_from_wordfreq_seed
wfpt-03891,avô,,,3962,,shortlisted_from_wordfreq_seed
wfpt-03892,bases,,,3963,,shortlisted_from_wordfreq_seed
wfpt-03893,brian,,,3964,,shortlisted_from_wordfreq_seed
wfpt-03894,cantando,,,3965,,shortlisted_from_wordfreq_seed
wfpt-03895,caralho,,,3966,,shortlisted_from_wordfreq_seed
wfpt-03896,chegamos,,,3967,,shortlisted_from_wordfreq_seed
wfpt-03897,club,,,3968,,shortlisted_from_wordfreq_seed
wfpt-03898,consideração,,,3969,,shortlisted_from_wordfreq_seed
wfpt-03899,corações,,,3970,,shortlisted_from_wordfreq_seed
wfpt-03900,criminosos,,,3971,,shortlisted_from_wordfreq_seed
wfpt-03901,cristina,,,3972,,shortlisted_from_wordfreq_seed
wfpt-03902,critérios,,,3973,,shortlisted_from_wordfreq_seed
wfpt-03903,créditos,,,3974,,shortlisted_from_wordfreq_seed
wfpt-03904,demasiado,,,3975,,shortlisted_from_wordfreq_seed
wfpt-03905,denúncia,,,3976,,shortlisted_from_wordfreq_seed
wfpt-03906,descrever,,,3977,,shortlisted_from_wordfreq_seed
wfpt-03907,deserto,,,3978,,shortlisted_from_wordfreq_seed
wfpt-03908,dimensão,,,3979,,shortlisted_from_wordfreq_seed
wfpt-03910,dna,,,3981,,shortlisted_from_wordfreq_seed
wfpt-03911,doze,,,3982,,shortlisted_from_wordfreq_seed
wfpt-03912,engenheiro,,,3983,,shortlisted_from_wordfreq_seed
wfpt-03913,entraram,,,3984,,shortlisted_from_wordfreq_seed
wfpt-03914,esquerdo,,,3985,,shortlisted_from_wordfreq_seed
wfpt-03915,estaduais,,,3986,,shortlisted_from_wordfreq_seed
wfpt-03916,evidência,,,3987,,shortlisted_from_wordfreq_seed
wfpt-03917,ficha,,,3988,,shortlisted_from_wordfreq_seed
wfpt-03918,fornece,,,3989,,shortlisted_from_wordfreq_seed
wfpt-03919,frango,,,3990,,shortlisted_from_wordfreq_seed
wfpt-03920,gerações,,,3991,,shortlisted_from_wordfreq_seed
wfpt-03921,gostoso,,,3992,,shortlisted_from_wordfreq_seed
wfpt-03922,independentemente,,,3993,,shortlisted_from_wordfreq_seed
wfpt-03923,integração,,,3994,,shortlisted_from_wordfreq_seed
wfpt-03924,investigações,,,3995,,shortlisted_from_wordfreq_seed
wfpt-03925,iraque,,,3996,,shortlisted_from_wordfreq_seed
wfpt-03927,jato,,,3998,,shortlisted_from_wordfreq_seed
wfpt-03928,júri,,,3999,,shortlisted_from_wordfreq_seed
wfpt-03929,ligo,,,4000,,shortlisted_from_wordfreq_seed
wfpt-03930,magia,,,4001,,shortlisted_from_wordfreq_seed
wfpt-03931,maluco,,,4002,,shortlisted_from_wordfreq_seed
wfpt-03932,marcha,,,4003,,shortlisted_from_wordfreq_seed
wfpt-03933,matérias,,,4004,,shortlisted_from_wordfreq_seed
wfpt-03934,mentir,,,4005,,shortlisted_from_wordfreq_seed
wfpt-03935,moedas,,,4006,,shortlisted_from_wordfreq_seed
wfpt-03936,narrativa,,,4007,,shortlisted_from_wordfreq_seed
wfpt-03937,nascer,,,4008,,shortlisted_from_wordfreq_seed
wfpt-03938,necessários,,,4009,,shortlisted_from_wordfreq_seed
wfpt-03939,negociações,,,4010,,shortlisted_from_wordfreq_seed
wfpt-03940,novidades,,,4011,,shortlisted_from_wordfreq_seed
wfpt-03941,painel,,,4012,,shortlisted_from_wordfreq_seed
wfpt-03942,pedaço,,,4013,,shortlisted_from_wordfreq_seed
wfpt-03943,postar,,,4014,,shortlisted_from_wordfreq_seed
wfpt-03944,preconceito,,,4015,,shortlisted_from_wordfreq_seed
wfpt-03945,prisioneiros,,,4016,,shortlisted_from_wordfreq_seed
wfpt-03946,profundo,,,4017,,shortlisted_from_wordfreq_seed
wfpt-03947,quadros,,,4018,,shortlisted_from_wordfreq_seed
wfpt-03948,recepção,,,4019,,shortlisted_from_wordfreq_seed
wfpt-03949,salvo,,,4020,,shortlisted_from_wordfreq_seed
wfpt-03950,sara,,,4021,,shortlisted_from_wordfreq_seed
wfpt-03951,sentiu,,,4022,,shortlisted_from_wordfreq_seed
wfpt-03952,substituir,,,4023,,shortlisted_from_wordfreq_seed
wfpt-03953,tocou,,,4025,,shortlisted_from_wordfreq_seed
wfpt-03954,torcedores,,,4026,,shortlisted_from_wordfreq_seed
wfpt-03955,trabalhava,,,4027,,shortlisted_from_wordfreq_seed
wfpt-03956,treinar,,,4028,,shortlisted_from_wordfreq_seed
wfpt-03957,vais,,,4029,,shortlisted_from_wordfreq_seed
wfpt-03958,vimos,,,4030,,shortlisted_from_wordfreq_seed
wfpt-03959,vistas,,,4031,,shortlisted_from_wordfreq_seed
wfpt-03960,acusação,,,4032,,shortlisted_from_wordfreq_seed
wfpt-03961,adam,,,4033,,shortlisted_from_wordfreq_seed
wfpt-03962,adiante,,,4034,,shortlisted_from_wordfreq_seed
wfpt-03963,agências,,,4035,,shortlisted_from_wordfreq_seed
wfpt-03964,aluno,,,4036,,shortlisted_from_wordfreq_seed
wfpt-03965,anel,,,4037,,shortlisted_from_wordfreq_seed
wfpt-03966,are,,,4038,,shortlisted_from_wordfreq_seed
wfpt-03967,associações,,,4039,,shortlisted_from_wordfreq_seed
wfpt-03968,aumentou,,,4040,,shortlisted_from_wordfreq_seed
wfpt-03969,autonomia,,,4041,,shortlisted_from_wordfreq_seed
wfpt-03970,back,,,4042,,shortlisted_from_wordfreq_seed
wfpt-03971,bandas,,,4043,,shortlisted_from_wordfreq_seed
wfpt-03972,batista,,,4044,,shortlisted_from_wordfreq_seed
wfpt-03973,brilho,,,4046,,shortlisted_from_wordfreq_seed
wfpt-03974,buenos,,,4047,,shortlisted_from_wordfreq_seed
wfpt-03975,candidatura,,,4048,,shortlisted_from_wordfreq_seed
wfpt-03976,cargos,,,4049,,shortlisted_from_wordfreq_seed
wfpt-03977,comendo,,,4050,,shortlisted_from_wordfreq_seed
wfpt-03978,completar,,,4051,,shortlisted_from_wordfreq_seed
wfpt-03979,contagem,,,4052,,shortlisted_from_wordfreq_seed
wfpt-03980,continuou,,,4053,,shortlisted_from_wordfreq_seed
wfpt-03981,debaixo,,,4054,,shortlisted_from_wordfreq_seed
wfpt-03982,delegacia,,,4055,,shortlisted_from_wordfreq_seed
wfpt-03983,demora,,,4056,,shortlisted_from_wordfreq_seed
wfpt-03984,demorar,,,4057,,shortlisted_from_wordfreq_seed
wfpt-03985,desconhecido,,,4058,,shortlisted_from_wordfreq_seed
wfpt-03986,desfile,,,4059,,shortlisted_from_wordfreq_seed
wfpt-03987,dieta,,,4060,,shortlisted_from_wordfreq_seed
wfpt-03988,divulgado,,,4061,,shortlisted_from_wordfreq_seed
wfpt-03989,dói,,,4062,,shortlisted_from_wordfreq_seed
wfpt-03990,emissora,,,4063,,shortlisted_from_wordfreq_seed
wfpt-03991,entretenimento,,,4064,,shortlisted_from_wordfreq_seed
wfpt-03992,espetáculo,,,4065,,shortlisted_from_wordfreq_seed
wfpt-03993,estabilidade,,,4066,,shortlisted_from_wordfreq_seed
wfpt-03994,estando,,,4067,,shortlisted_from_wordfreq_seed
wfpt-03995,eventualmente,,,4068,,shortlisted_from_wordfreq_seed
wfpt-03996,extrema,,,4069,,shortlisted_from_wordfreq_seed
wfpt-03997,faziam,,,4070,,shortlisted_from_wordfreq_seed
wfpt-03998,formal,,,4071,,shortlisted_from_wordfreq_seed
wfpt-03999,garantia,,,4072,,shortlisted_from_wordfreq_seed
wfpt-04000,guiné,,,4073,,shortlisted_from_wordfreq_seed
wfpt-04001,imediato,,,4074,,shortlisted_from_wordfreq_seed
wfpt-04002,inúmeros,,,4075,,shortlisted_from_wordfreq_seed
wfpt-04003,julgar,,,4076,,shortlisted_from_wordfreq_seed
wfpt-04004,kit,,,4077,,shortlisted_from_wordfreq_seed
wfpt-04005,larry,,,4078,,shortlisted_from_wordfreq_seed
wfpt-04006,leo,,,4079,,shortlisted_from_wordfreq_seed
wfpt-04007,maconha,,,4080,,shortlisted_from_wordfreq_seed
wfpt-04008,miami,,,4081,,shortlisted_from_wordfreq_seed
wfpt-04009,monstro,,,4083,,shortlisted_from_wordfreq_seed
wfpt-04010,moreira,,,4084,,shortlisted_from_wordfreq_seed
wfpt-04011,mínima,,,4085,,shortlisted_from_wordfreq_seed
wfpt-04012,originais,,,4086,,shortlisted_from_wordfreq_seed
wfpt-04013,parado,,,4087,,shortlisted_from_wordfreq_seed
wfpt-04014,passagens,,,4088,,shortlisted_from_wordfreq_seed
wfpt-04015,perdida,,,4089,,shortlisted_from_wordfreq_seed
wfpt-04016,pesquisadores,,,4090,,shortlisted_from_wordfreq_seed
wfpt-04017,plena,,,4091,,shortlisted_from_wordfreq_seed
wfpt-04018,poderosa,,,4092,,shortlisted_from_wordfreq_seed
wfpt-04019,porte,,,4093,,shortlisted_from_wordfreq_seed
wfpt-04020,possibilidades,,,4094,,shortlisted_from_wordfreq_seed
wfpt-04021,potência,,,4095,,shortlisted_from_wordfreq_seed
wfpt-04022,prender,,,4096,,shortlisted_from_wordfreq_seed
wfpt-04023,preparando,,,4097,,shortlisted_from_wordfreq_seed
wfpt-04024,press,,,4098,,shortlisted_from_wordfreq_seed
wfpt-04025,prestes,,,4099,,shortlisted_from_wordfreq_seed
wfpt-04026,prof,,,4100,,shortlisted_from_wordfreq_seed
wfpt-04027,protesto,,,4101,,shortlisted_from_wordfreq_seed
wfpt-04028,pude,,,4102,,shortlisted_from_wordfreq_seed
wfpt-04029,rabo,,,4103,,shortlisted_from_wordfreq_seed
wfpt-04030,realiza,,,4104,,shortlisted_from_wordfreq_seed
wfpt-04031,reconhece,,,4105,,shortlisted_from_wordfreq_seed
wfpt-04032,reflexão,,,4106,,shortlisted_from_wordfreq_seed
wfpt-04033,relatos,,,4107,,shortlisted_from_wordfreq_seed
wfpt-04034,ronaldo,,,4108,,shortlisted_from_wordfreq_seed
wfpt-04035,russos,,,4109,,shortlisted_from_wordfreq_seed
wfpt-04036,satélite,,,4110,,shortlisted_from_wordfreq_seed
wfpt-04037,sobrevivência,,,4111,,shortlisted_from_wordfreq_seed
wfpt-04038,suspeita,,,4112,,shortlisted_from_wordfreq_seed
wfpt-04040,transformação,,,4114,,shortlisted_from_wordfreq_seed
wfpt-04041,uniforme,,,4115,,shortlisted_from_wordfreq_seed
wfpt-04042,usp,,,4116,,shortlisted_from_wordfreq_seed
wfpt-04043,únicos,,,4117,,shortlisted_from_wordfreq_seed
wfpt-04044,adaptação,,,4118,,shortlisted_from_wordfreq_seed
wfpt-04045,ajudem,,,4119,,shortlisted_from_wordfreq_seed
wfpt-04046,alternativas,,,4120,,shortlisted_from_wordfreq_seed
wfpt-04047,amostra,,,4121,,shortlisted_from_wordfreq_seed
wfpt-04048,ansiedade,,,4122,,shortlisted_from_wordfreq_seed
wfpt-04049,aplicativo,,,4123,,shortlisted_from_wordfreq_seed
wfpt-04050,aprovada,,,4124,,shortlisted_from_wordfreq_seed
wfpt-04051,assassinado,,,4125,,shortlisted_from_wordfreq_seed
wfpt-04052,brown,,,4126,,shortlisted_from_wordfreq_seed
wfpt-04053,caminhão,,,4127,,shortlisted_from_wordfreq_seed
wfpt-04054,caos,,,4128,,shortlisted_from_wordfreq_seed
wfpt-04055,característica,,,4129,,shortlisted_from_wordfreq_seed
wfpt-04056,cardoso,,,4130,,shortlisted_from_wordfreq_seed
wfpt-04057,casada,,,4131,,shortlisted_from_wordfreq_seed
wfpt-04058,chicago,,,4132,,shortlisted_from_wordfreq_seed
wfpt-04059,clínica,,,4133,,shortlisted_from_wordfreq_seed
wfpt-04060,cobra,,,4134,,shortlisted_from_wordfreq_seed
wfpt-04061,comenta,,,4135,,shortlisted_from_wordfreq_seed
wfpt-04062,comentar,,,4136,,shortlisted_from_wordfreq_seed
wfpt-04063,compreensão,,,4137,,shortlisted_from_wordfreq_seed
wfpt-04064,conceitos,,,4138,,shortlisted_from_wordfreq_seed
wfpt-04065,consulta,,,4139,,shortlisted_from_wordfreq_seed
wfpt-04066,contribuições,,,4140,,shortlisted_from_wordfreq_seed
wfpt-04067,daquelas,,,4141,,shortlisted_from_wordfreq_seed
wfpt-04068,democrática,,,4142,,shortlisted_from_wordfreq_seed
wfpt-04069,eletrônica,,,4143,,shortlisted_from_wordfreq_seed
wfpt-04070,empregos,,,4144,,shortlisted_from_wordfreq_seed
wfpt-04071,encontre,,,4145,,shortlisted_from_wordfreq_seed
wfpt-04072,entenda,,,4146,,shortlisted_from_wordfreq_seed
wfpt-04073,envolver,,,4147,,shortlisted_from_wordfreq_seed
wfpt-04074,envolvimento,,,4148,,shortlisted_from_wordfreq_seed
wfpt-04075,escuta,,,4149,,shortlisted_from_wordfreq_seed
wfpt-04076,espanhola,,,4150,,shortlisted_from_wordfreq_seed
wfpt-04077,faltam,,,4151,,shortlisted_from_wordfreq_seed
wfpt-04078,febre,,,4152,,shortlisted_from_wordfreq_seed
wfpt-04079,ficado,,,4153,,shortlisted_from_wordfreq_seed
wfpt-04080,funcionário,,,4154,,shortlisted_from_wordfreq_seed
wfpt-04081,hong,,,4155,,shortlisted_from_wordfreq_seed
wfpt-04082,junior,,,4156,,shortlisted_from_wordfreq_seed
wfpt-04083,largo,,,4157,,shortlisted_from_wordfreq_seed
wfpt-04084,lateral,,,4158,,shortlisted_from_wordfreq_seed
wfpt-04085,lembrando,,,4159,,shortlisted_from_wordfreq_seed
wfpt-04086,mario,,,4160,,shortlisted_from_wordfreq_seed
wfpt-04087,maus,,,4161,,shortlisted_from_wordfreq_seed
wfpt-04088,morais,,,4162,,shortlisted_from_wordfreq_seed
wfpt-04089,músico,,,4163,,shortlisted_from_wordfreq_seed
wfpt-04090,negativo,,,4164,,shortlisted_from_wordfreq_seed
wfpt-04091,nestes,,,4165,,shortlisted_from_wordfreq_seed
wfpt-04092,oral,,,4166,,shortlisted_from_wordfreq_seed
wfpt-04093,ouvidos,,,4167,,shortlisted_from_wordfreq_seed
wfpt-04094,ouça,,,4168,,shortlisted_from_wordfreq_seed
wfpt-04095,pensava,,,4169,,shortlisted_from_wordfreq_seed
wfpt-04096,perseguição,,,4170,,shortlisted_from_wordfreq_seed
wfpt-04097,poema,,,4171,,shortlisted_from_wordfreq_seed
wfpt-04098,populações,,,4172,,shortlisted_from_wordfreq_seed
wfpt-04099,procurador,,,4173,,shortlisted_from_wordfreq_seed
wfpt-04100,profundamente,,,4174,,shortlisted_from_wordfreq_seed
wfpt-04101,psicologia,,,4175,,shortlisted_from_wordfreq_seed
wfpt-04102,reformas,,,4176,,shortlisted_from_wordfreq_seed
wfpt-04103,repórter,,,4177,,shortlisted_from_wordfreq_seed
wfpt-04104,retrato,,,4178,,shortlisted_from_wordfreq_seed
wfpt-04105,rodas,,,4179,,shortlisted_from_wordfreq_seed
wfpt-04106,salva,,,4180,,shortlisted_from_wordfreq_seed
wfpt-04107,sentia,,,4181,,shortlisted_from_wordfreq_seed
wfpt-04108,simon,,,4182,,shortlisted_from_wordfreq_seed
wfpt-04109,sintomas,,,4183,,shortlisted_from_wordfreq_seed
wfpt-04110,suave,,,4184,,shortlisted_from_wordfreq_seed
wfpt-04111,suspensão,,,4185,,shortlisted_from_wordfreq_seed
wfpt-04112,tag,,,4186,,shortlisted_from_wordfreq_seed
wfpt-04113,tento,,,4187,,shortlisted_from_wordfreq_seed
wfpt-04114,torres,,,4188,,shortlisted_from_wordfreq_seed
wfpt-04115,vencedores,,,4189,,shortlisted_from_wordfreq_seed
wfpt-04116,verdadeiros,,,4190,,shortlisted_from_wordfreq_seed
wfpt-04117,verdes,,,4191,,shortlisted_from_wordfreq_seed
wfpt-04118,vistos,,,4192,,shortlisted_from_wordfreq_seed
wfpt-04119,vitórias,,,4193,,shortlisted_from_wordfreq_seed
wfpt-04120,acredite,,,4195,,shortlisted_from_wordfreq_seed
wfpt-04121,alemães,,,4196,,shortlisted_from_wordfreq_seed
wfpt-04122,amazônia,,,4197,,shortlisted_from_wordfreq_seed
wfpt-04123,andrade,,,4198,,shortlisted_from_wordfreq_seed
wfpt-04124,android,,,4199,,shortlisted_from_wordfreq_seed
wfpt-04125,aplicações,,,4200,,shortlisted_from_wordfreq_seed
wfpt-04126,apresentada,,,4201,,shortlisted_from_wordfreq_seed
wfpt-04127,associado,,,4202,,shortlisted_from_wordfreq_seed
wfpt-04128,assumiu,,,4203,,shortlisted_from_wordfreq_seed
wfpt-04129,atmosfera,,,4204,,shortlisted_from_wordfreq_seed
wfpt-04130,atrair,,,4205,,shortlisted_from_wordfreq_seed
wfpt-04131,atraso,,,4206,,shortlisted_from_wordfreq_seed
wfpt-04132,atuar,,,4207,,shortlisted_from_wordfreq_seed
wfpt-04133,aumentando,,,4208,,shortlisted_from_wordfreq_seed
wfpt-04134,aço,,,4209,,shortlisted_from_wordfreq_seed
wfpt-04136,bando,,,4211,,shortlisted_from_wordfreq_seed
wfpt-04137,braga,,,4212,,shortlisted_from_wordfreq_seed
wfpt-04138,causando,,,4213,,shortlisted_from_wordfreq_seed
wfpt-04139,contemporânea,,,4215,,shortlisted_from_wordfreq_seed
wfpt-04140,cristã,,,4216,,shortlisted_from_wordfreq_seed
wfpt-04141,cujos,,,4217,,shortlisted_from_wordfreq_seed
wfpt-04142,césar,,,4218,,shortlisted_from_wordfreq_seed
wfpt-04143,desculpe,,,4219,,shortlisted_from_wordfreq_seed
wfpt-04144,dignidade,,,4220,,shortlisted_from_wordfreq_seed
wfpt-04145,director,,,4221,,shortlisted_from_wordfreq_seed
wfpt-04146,discussões,,,4222,,shortlisted_from_wordfreq_seed
wfpt-04147,disposto,,,4223,,shortlisted_from_wordfreq_seed
wfpt-04148,dose,,,4224,,shortlisted_from_wordfreq_seed
wfpt-04149,durou,,,4225,,shortlisted_from_wordfreq_seed
wfpt-04150,editorial,,,4226,,shortlisted_from_wordfreq_seed
wfpt-04151,emocional,,,4227,,shortlisted_from_wordfreq_seed
wfpt-04152,equivalente,,,4228,,shortlisted_from_wordfreq_seed
wfpt-04153,eric,,,4229,,shortlisted_from_wordfreq_seed
wfpt-04154,espada,,,4230,,shortlisted_from_wordfreq_seed
wfpt-04155,esperado,,,4231,,shortlisted_from_wordfreq_seed
wfpt-04156,existente,,,4232,,shortlisted_from_wordfreq_seed
wfpt-04157,extinção,,,4233,,shortlisted_from_wordfreq_seed
wfpt-04158,fator,,,4234,,shortlisted_from_wordfreq_seed
wfpt-04159,fechada,,,4235,,shortlisted_from_wordfreq_seed
wfpt-04160,fábio,,,4236,,shortlisted_from_wordfreq_seed
wfpt-04161,grátis,,,4237,,shortlisted_from_wordfreq_seed
wfpt-04162,hino,,,4238,,shortlisted_from_wordfreq_seed
wfpt-04163,hospitais,,,4239,,shortlisted_from_wordfreq_seed
wfpt-04164,indicar,,,4240,,shortlisted_from_wordfreq_seed
wfpt-04165,itens,,,4241,,shortlisted_from_wordfreq_seed
wfpt-04166,kevin,,,4242,,shortlisted_from_wordfreq_seed
wfpt-04167,libertação,,,4243,,shortlisted_from_wordfreq_seed
wfpt-04168,limpo,,,4244,,shortlisted_from_wordfreq_seed
wfpt-04169,manaus,,,4245,,shortlisted_from_wordfreq_seed
wfpt-04170,metro,,,4246,,shortlisted_from_wordfreq_seed
wfpt-04171,micro,,,4247,,shortlisted_from_wordfreq_seed
wfpt-04172,mini,,,4248,,shortlisted_from_wordfreq_seed
wfpt-04173,misericórdia,,,4249,,shortlisted_from_wordfreq_seed
wfpt-04174,mito,,,4250,,shortlisted_from_wordfreq_seed
wfpt-04175,montagem,,,4251,,shortlisted_from_wordfreq_seed
wfpt-04176,mudando,,,4252,,shortlisted_from_wordfreq_seed
wfpt-04177,multidão,,,4253,,shortlisted_from_wordfreq_seed
wfpt-04178,máscara,,,4254,,shortlisted_from_wordfreq_seed
wfpt-04179,nasce,,,4255,,shortlisted_from_wordfreq_seed
wfpt-04181,negar,,,4257,,shortlisted_from_wordfreq_seed
wfpt-04182,net,,,4258,,shortlisted_from_wordfreq_seed
wfpt-04183,normas,,,4259,,shortlisted_from_wordfreq_seed
wfpt-04184,odeia,,,4260,,shortlisted_from_wordfreq_seed
wfpt-04185,percebo,,,4261,,shortlisted_from_wordfreq_seed
wfpt-04186,previsto,,,4262,,shortlisted_from_wordfreq_seed
wfpt-04187,procure,,,4263,,shortlisted_from_wordfreq_seed
wfpt-04188,promovido,,,4264,,shortlisted_from_wordfreq_seed
wfpt-04189,raramente,,,4265,,shortlisted_from_wordfreq_seed
wfpt-04190,retornar,,,4266,,shortlisted_from_wordfreq_seed
wfpt-04191,ruins,,,4267,,shortlisted_from_wordfreq_seed
wfpt-04192,segurar,,,4268,,shortlisted_from_wordfreq_seed
wfpt-04193,sobreviver,,,4269,,shortlisted_from_wordfreq_seed
wfpt-04194,solta,,,4270,,shortlisted_from_wordfreq_seed
wfpt-04195,tentativas,,,4271,,shortlisted_from_wordfreq_seed
wfpt-04196,trazendo,,,4272,,shortlisted_from_wordfreq_seed
wfpt-04197,tráfico,,,4273,,shortlisted_from_wordfreq_seed
wfpt-04199,utilizadas,,,4275,,shortlisted_from_wordfreq_seed
wfpt-04200,vereador,,,4276,,shortlisted_from_wordfreq_seed
wfpt-04201,vestir,,,4277,,shortlisted_from_wordfreq_seed
wfpt-04202,vindos,,,4278,,shortlisted_from_wordfreq_seed
wfpt-04203,volte,,,4279,,shortlisted_from_wordfreq_seed
wfpt-04204,vossa,,,4280,,shortlisted_from_wordfreq_seed
wfpt-04205,árabes,,,4281,,shortlisted_from_wordfreq_seed
wfpt-04206,actualmente,,,4282,,shortlisted_from_wordfreq_seed
wfpt-04207,africano,,,4283,,shortlisted_from_wordfreq_seed
wfpt-04208,amplo,,,4284,,shortlisted_from_wordfreq_seed
wfpt-04209,apagar,,,4285,,shortlisted_from_wordfreq_seed
wfpt-04210,apple,,,4286,,shortlisted_from_wordfreq_seed
wfpt-04211,arco,,,4287,,shortlisted_from_wordfreq_seed
wfpt-04212,associados,,,4288,,shortlisted_from_wordfreq_seed
wfpt-04213,augusto,,,4289,,shortlisted_from_wordfreq_seed
wfpt-04214,auxiliar,,,4290,,shortlisted_from_wordfreq_seed
wfpt-04215,avançar,,,4291,,shortlisted_from_wordfreq_seed
wfpt-04216,belas,,,4292,,shortlisted_from_wordfreq_seed
wfpt-04217,botão,,,4293,,shortlisted_from_wordfreq_seed
wfpt-04218,caridade,,,4294,,shortlisted_from_wordfreq_seed
wfpt-04219,carol,,,4295,,shortlisted_from_wordfreq_seed
wfpt-04220,componentes,,,4296,,shortlisted_from_wordfreq_seed
wfpt-04221,concessão,,,4297,,shortlisted_from_wordfreq_seed
wfpt-04222,conduta,,,4298,,shortlisted_from_wordfreq_seed
wfpt-04223,confortável,,,4299,,shortlisted_from_wordfreq_seed
wfpt-04224,conquistou,,,4300,,shortlisted_from_wordfreq_seed
wfpt-04225,continuo,,,4301,,shortlisted_from_wordfreq_seed
wfpt-04226,curiosidade,,,4302,,shortlisted_from_wordfreq_seed
wfpt-04227,dan,,,4303,,shortlisted_from_wordfreq_seed
wfpt-04228,daquilo,,,4304,,shortlisted_from_wordfreq_seed
wfpt-04229,derrubar,,,4305,,shortlisted_from_wordfreq_seed
wfpt-04230,don,,,4306,,shortlisted_from_wordfreq_seed
wfpt-04231,edições,,,4307,,shortlisted_from_wordfreq_seed
wfpt-04232,eleitores,,,4308,,shortlisted_from_wordfreq_seed
wfpt-04233,eletrônicos,,,4309,,shortlisted_from_wordfreq_seed
wfpt-04234,falado,,,4310,,shortlisted_from_wordfreq_seed
wfpt-04235,fortemente,,,4311,,shortlisted_from_wordfreq_seed
wfpt-04236,garcia,,,4312,,shortlisted_from_wordfreq_seed
wfpt-04237,gasolina,,,4313,,shortlisted_from_wordfreq_seed
wfpt-04238,gatos,,,4314,,shortlisted_from_wordfreq_seed
wfpt-04239,gera,,,4315,,shortlisted_from_wordfreq_seed
wfpt-04240,idioma,,,4316,,shortlisted_from_wordfreq_seed
wfpt-04241,idéias,,,4317,,shortlisted_from_wordfreq_seed
wfpt-04242,japonesa,,,4318,,shortlisted_from_wordfreq_seed
wfpt-04243,long,,,4319,,shortlisted_from_wordfreq_seed
wfpt-04244,lutando,,,4320,,shortlisted_from_wordfreq_seed
wfpt-04245,mandei,,,4321,,shortlisted_from_wordfreq_seed
wfpt-04246,maquiagem,,,4322,,shortlisted_from_wordfreq_seed
wfpt-04247,maravilha,,,4323,,shortlisted_from_wordfreq_seed
wfpt-04248,mentiras,,,4324,,shortlisted_from_wordfreq_seed
wfpt-04249,móvel,,,4325,,shortlisted_from_wordfreq_seed
wfpt-04250,músicos,,,4326,,shortlisted_from_wordfreq_seed
wfpt-04251,neves,,,4327,,shortlisted_from_wordfreq_seed
wfpt-04252,noiva,,,4328,,shortlisted_from_wordfreq_seed
wfpt-04253,obrigação,,,4329,,shortlisted_from_wordfreq_seed
wfpt-04254,ocorrer,,,4330,,shortlisted_from_wordfreq_seed
wfpt-04255,ocupa,,,4331,,shortlisted_from_wordfreq_seed
wfpt-04256,percebeu,,,4332,,shortlisted_from_wordfreq_seed
wfpt-04257,perderam,,,4333,,shortlisted_from_wordfreq_seed
wfpt-04258,pib,,,4334,,shortlisted_from_wordfreq_seed
wfpt-04259,pobreza,,,4335,,shortlisted_from_wordfreq_seed
wfpt-04260,previsão,,,4336,,shortlisted_from_wordfreq_seed
wfpt-04261,procedimento,,,4337,,shortlisted_from_wordfreq_seed
wfpt-04262,produz,,,4338,,shortlisted_from_wordfreq_seed
wfpt-04263,protecção,,,4339,,shortlisted_from_wordfreq_seed
wfpt-04264,rap,,,4340,,shortlisted_from_wordfreq_seed
wfpt-04265,respeitar,,,4341,,shortlisted_from_wordfreq_seed
wfpt-04266,reuniu,,,4342,,shortlisted_from_wordfreq_seed
wfpt-04267,romântico,,,4343,,shortlisted_from_wordfreq_seed
wfpt-04268,sabes,,,4344,,shortlisted_from_wordfreq_seed
wfpt-04269,saem,,,4345,,shortlisted_from_wordfreq_seed
wfpt-04270,separação,,,4346,,shortlisted_from_wordfreq_seed
wfpt-04271,sessões,,,4347,,shortlisted_from_wordfreq_seed
wfpt-04272,set,,,4348,,shortlisted_from_wordfreq_seed
wfpt-04273,single,,,4349,,shortlisted_from_wordfreq_seed
wfpt-04274,sinta,,,4350,,shortlisted_from_wordfreq_seed
wfpt-04275,sopa,,,4351,,shortlisted_from_wordfreq_seed
wfpt-04276,sousa,,,4352,,shortlisted_from_wordfreq_seed
wfpt-04278,supostamente,,,4354,,shortlisted_from_wordfreq_seed
wfpt-04279,thiago,,,4355,,shortlisted_from_wordfreq_seed
wfpt-04280,tocando,,,4356,,shortlisted_from_wordfreq_seed
wfpt-04281,torneio,,,4357,,shortlisted_from_wordfreq_seed
wfpt-04282,tradições,,,4358,,shortlisted_from_wordfreq_seed
wfpt-04283,videos,,,4359,,shortlisted_from_wordfreq_seed
wfpt-04284,vigor,,,4360,,shortlisted_from_wordfreq_seed
wfpt-04285,vingança,,,4361,,shortlisted_from_wordfreq_seed
wfpt-04286,visa,,,4362,,shortlisted_from_wordfreq_seed
wfpt-04288,acessar,,,4364,,shortlisted_from_wordfreq_seed
wfpt-04289,actual,,,4365,,shortlisted_from_wordfreq_seed
wfpt-04290,afonso,,,4366,,shortlisted_from_wordfreq_seed
wfpt-04291,amado,,,4367,,shortlisted_from_wordfreq_seed
wfpt-04292,amante,,,4368,,shortlisted_from_wordfreq_seed
wfpt-04293,apaixonada,,,4369,,shortlisted_from_wordfreq_seed
wfpt-04294,aposta,,,4370,,shortlisted_from_wordfreq_seed
wfpt-04295,aprendeu,,,4371,,shortlisted_from_wordfreq_seed
wfpt-04296,assalto,,,4372,,shortlisted_from_wordfreq_seed
wfpt-04297,ativos,,,4373,,shortlisted_from_wordfreq_seed
wfpt-04298,benefício,,,4374,,shortlisted_from_wordfreq_seed
wfpt-04299,bento,,,4375,,shortlisted_from_wordfreq_seed
wfpt-04300,bernardo,,,4376,,shortlisted_from_wordfreq_seed
wfpt-04301,bombeiros,,,4377,,shortlisted_from_wordfreq_seed
wfpt-04302,caramba,,,4378,,shortlisted_from_wordfreq_seed
wfpt-04303,chegado,,,4379,,shortlisted_from_wordfreq_seed
wfpt-04304,chegue,,,4380,,shortlisted_from_wordfreq_seed
wfpt-04305,científico,,,4381,,shortlisted_from_wordfreq_seed
wfpt-04306,cola,,,4382,,shortlisted_from_wordfreq_seed
wfpt-04307,começamos,,,4383,,shortlisted_from_wordfreq_seed
wfpt-04308,criminoso,,,4384,,shortlisted_from_wordfreq_seed
wfpt-04309,cristão,,,4385,,shortlisted_from_wordfreq_seed
wfpt-04310,desastre,,,4386,,shortlisted_from_wordfreq_seed
wfpt-04311,down,,,4387,,shortlisted_from_wordfreq_seed
wfpt-04312,duplo,,,4388,,shortlisted_from_wordfreq_seed
wfpt-04313,elizabeth,,,4389,,shortlisted_from_wordfreq_seed
wfpt-04314,estupro,,,4390,,shortlisted_from_wordfreq_seed
wfpt-04315,estágio,,,4391,,shortlisted_from_wordfreq_seed
wfpt-04316,exibição,,,4392,,shortlisted_from_wordfreq_seed
wfpt-04317,faixas,,,4393,,shortlisted_from_wordfreq_seed
wfpt-04318,fernanda,,,4394,,shortlisted_from_wordfreq_seed
wfpt-04320,fruto,,,4396,,shortlisted_from_wordfreq_seed
wfpt-04321,games,,,4397,,shortlisted_from_wordfreq_seed
wfpt-04322,garganta,,,4398,,shortlisted_from_wordfreq_seed
wfpt-04323,gravidade,,,4399,,shortlisted_from_wordfreq_seed
wfpt-04324,green,,,4400,,shortlisted_from_wordfreq_seed
wfpt-04325,históricos,,,4401,,shortlisted_from_wordfreq_seed
wfpt-04326,incríveis,,,4402,,shortlisted_from_wordfreq_seed
wfpt-04327,inscrição,,,4403,,shortlisted_from_wordfreq_seed
wfpt-04328,inter,,,4404,,shortlisted_from_wordfreq_seed
wfpt-04329,jones,,,4405,,shortlisted_from_wordfreq_seed
wfpt-04330,julia,,,4406,,shortlisted_from_wordfreq_seed
wfpt-04331,libertadores,,,4407,,shortlisted_from_wordfreq_seed
wfpt-04332,lobo,,,4408,,shortlisted_from_wordfreq_seed
wfpt-04333,mac,,,4409,,shortlisted_from_wordfreq_seed
wfpt-04334,mateus,,,4410,,shortlisted_from_wordfreq_seed
wfpt-04335,mecanismo,,,4411,,shortlisted_from_wordfreq_seed
wfpt-04336,monteiro,,,4412,,shortlisted_from_wordfreq_seed
wfpt-04337,necessariamente,,,4413,,shortlisted_from_wordfreq_seed
wfpt-04338,normais,,,4414,,shortlisted_from_wordfreq_seed
wfpt-04339,ofereceu,,,4415,,shortlisted_from_wordfreq_seed
wfpt-04340,ovo,,,4416,,shortlisted_from_wordfreq_seed
wfpt-04341,passava,,,4417,,shortlisted_from_wordfreq_seed
wfpt-04342,percurso,,,4418,,shortlisted_from_wordfreq_seed
wfpt-04343,podes,,,4419,,shortlisted_from_wordfreq_seed
wfpt-04344,policia,,,4420,,shortlisted_from_wordfreq_seed
wfpt-04345,polêmica,,,4421,,shortlisted_from_wordfreq_seed
wfpt-04346,possamos,,,4422,,shortlisted_from_wordfreq_seed
wfpt-04347,prefere,,,4423,,shortlisted_from_wordfreq_seed
wfpt-04348,prevenção,,,4424,,shortlisted_from_wordfreq_seed
wfpt-04349,proibido,,,4425,,shortlisted_from_wordfreq_seed
wfpt-04350,reputação,,,4426,,shortlisted_from_wordfreq_seed
wfpt-04351,restante,,,4427,,shortlisted_from_wordfreq_seed
wfpt-04352,rita,,,4428,,shortlisted_from_wordfreq_seed
wfpt-04353,sagrado,,,4429,,shortlisted_from_wordfreq_seed
wfpt-04354,secretária,,,4430,,shortlisted_from_wordfreq_seed
wfpt-04355,semi,,,4431,,shortlisted_from_wordfreq_seed
wfpt-04356,serviu,,,4432,,shortlisted_from_wordfreq_seed
wfpt-04357,suposto,,,4433,,shortlisted_from_wordfreq_seed
wfpt-04358,tivessem,,,4434,,shortlisted_from_wordfreq_seed
wfpt-04359,tragédia,,,4435,,shortlisted_from_wordfreq_seed
wfpt-04360,valer,,,4436,,shortlisted_from_wordfreq_seed
wfpt-04361,vende,,,4437,,shortlisted_from_wordfreq_seed
wfpt-04362,vias,,,4438,,shortlisted_from_wordfreq_seed
wfpt-04363,vindas,,,4439,,shortlisted_from_wordfreq_seed
wfpt-04364,voltas,,,4440,,shortlisted_from_wordfreq_seed
wfpt-04365,ácido,,,4441,,shortlisted_from_wordfreq_seed
wfpt-04366,acidentes,,,4442,,shortlisted_from_wordfreq_seed
wfpt-04367,africana,,,4443,,shortlisted_from_wordfreq_seed
wfpt-04368,amanda,,,4444,,shortlisted_from_wordfreq_seed
wfpt-04369,ameaças,,,4445,,shortlisted_from_wordfreq_seed
wfpt-04370,aranha,,,4446,,shortlisted_from_wordfreq_seed
wfpt-04371,argumentos,,,4447,,shortlisted_from_wordfreq_seed
wfpt-04372,bandidos,,,4448,,shortlisted_from_wordfreq_seed
wfpt-04373,bbc,,,4449,,shortlisted_from_wordfreq_seed
wfpt-04374,buraco,,,4450,,shortlisted_from_wordfreq_seed
wfpt-04375,cabeças,,,4451,,shortlisted_from_wordfreq_seed
wfpt-04376,celebração,,,4452,,shortlisted_from_wordfreq_seed
wfpt-04377,colonial,,,4453,,shortlisted_from_wordfreq_seed
wfpt-04378,comunicar,,,4454,,shortlisted_from_wordfreq_seed
wfpt-04379,concorda,,,4455,,shortlisted_from_wordfreq_seed
wfpt-04380,consideradas,,,4456,,shortlisted_from_wordfreq_seed
wfpt-04381,conter,,,4457,,shortlisted_from_wordfreq_seed
wfpt-04382,correspondente,,,4458,,shortlisted_from_wordfreq_seed
wfpt-04383,costume,,,4459,,shortlisted_from_wordfreq_seed
wfpt-04384,dama,,,4460,,shortlisted_from_wordfreq_seed
wfpt-04385,defendeu,,,4461,,shortlisted_from_wordfreq_seed
wfpt-04386,definir,,,4462,,shortlisted_from_wordfreq_seed
wfpt-04387,dependendo,,,4463,,shortlisted_from_wordfreq_seed
wfpt-04388,descansar,,,4464,,shortlisted_from_wordfreq_seed
wfpt-04389,descoberto,,,4465,,shortlisted_from_wordfreq_seed
wfpt-04390,determinada,,,4466,,shortlisted_from_wordfreq_seed
wfpt-04391,edward,,,4467,,shortlisted_from_wordfreq_seed
wfpt-04392,eliminação,,,4468,,shortlisted_from_wordfreq_seed
wfpt-04393,empregados,,,4469,,shortlisted_from_wordfreq_seed
wfpt-04394,entendem,,,4470,,shortlisted_from_wordfreq_seed
wfpt-04395,equador,,,4471,,shortlisted_from_wordfreq_seed
wfpt-04396,escutar,,,4472,,shortlisted_from_wordfreq_seed
wfpt-04397,estarem,,,4473,,shortlisted_from_wordfreq_seed
wfpt-04398,estás,,,4474,,shortlisted_from_wordfreq_seed
wfpt-04399,exames,,,4475,,shortlisted_from_wordfreq_seed
wfpt-04400,excelência,,,4476,,shortlisted_from_wordfreq_seed
wfpt-04401,facilitar,,,4477,,shortlisted_from_wordfreq_seed
wfpt-04402,fechamento,,,4478,,shortlisted_from_wordfreq_seed
wfpt-04403,financeiros,,,4479,,shortlisted_from_wordfreq_seed
wfpt-04404,fingir,,,4480,,shortlisted_from_wordfreq_seed
wfpt-04405,furacão,,,4481,,shortlisted_from_wordfreq_seed
wfpt-04406,gastos,,,4482,,shortlisted_from_wordfreq_seed
wfpt-04407,grêmio,,,4483,,shortlisted_from_wordfreq_seed
wfpt-04408,ingressos,,,4484,,shortlisted_from_wordfreq_seed
wfpt-04409,inicia,,,4485,,shortlisted_from_wordfreq_seed
wfpt-04410,integral,,,4486,,shortlisted_from_wordfreq_seed
wfpt-04411,iphone,,,4487,,shortlisted_from_wordfreq_seed
wfpt-04412,jurídica,,,4488,,shortlisted_from_wordfreq_seed
wfpt-04413,juízes,,,4489,,shortlisted_from_wordfreq_seed
wfpt-04414,legado,,,4490,,shortlisted_from_wordfreq_seed
wfpt-04415,legislativa,,,4491,,shortlisted_from_wordfreq_seed
wfpt-04416,legislativo,,,4492,,shortlisted_from_wordfreq_seed
wfpt-04417,lembranças,,,4493,,shortlisted_from_wordfreq_seed
wfpt-04418,lembrou,,,4494,,shortlisted_from_wordfreq_seed
wfpt-04419,min,,,4495,,shortlisted_from_wordfreq_seed
wfpt-04420,mudaram,,,4497,,shortlisted_from_wordfreq_seed
wfpt-04421,multa,,,4498,,shortlisted_from_wordfreq_seed
wfpt-04422,nave,,,4499,,shortlisted_from_wordfreq_seed
wfpt-04423,paraíba,,,4500,,shortlisted_from_wordfreq_seed
wfpt-04424,particulares,,,4501,,shortlisted_from_wordfreq_seed
wfpt-04425,perca,,,4502,,shortlisted_from_wordfreq_seed
wfpt-04426,permitem,,,4503,,shortlisted_from_wordfreq_seed
wfpt-04427,permitido,,,4504,,shortlisted_from_wordfreq_seed
wfpt-04428,pimenta,,,4505,,shortlisted_from_wordfreq_seed
wfpt-04429,plástico,,,4506,,shortlisted_from_wordfreq_seed
wfpt-04430,pouquinho,,,4507,,shortlisted_from_wordfreq_seed
wfpt-04431,produzida,,,4508,,shortlisted_from_wordfreq_seed
wfpt-04432,prometeu,,,4509,,shortlisted_from_wordfreq_seed
wfpt-04433,proprietários,,,4510,,shortlisted_from_wordfreq_seed
wfpt-04434,protocolo,,,4511,,shortlisted_from_wordfreq_seed
wfpt-04435,raiz,,,4512,,shortlisted_from_wordfreq_seed
wfpt-04436,recusou,,,4513,,shortlisted_from_wordfreq_seed
wfpt-04437,redação,,,4514,,shortlisted_from_wordfreq_seed
wfpt-04438,remédio,,,4515,,shortlisted_from_wordfreq_seed
wfpt-04439,revelar,,,4516,,shortlisted_from_wordfreq_seed
wfpt-04440,rose,,,4517,,shortlisted_from_wordfreq_seed
wfpt-04441,saíram,,,4518,,shortlisted_from_wordfreq_seed
wfpt-04442,senta,,,4519,,shortlisted_from_wordfreq_seed
wfpt-04443,smith,,,4520,,shortlisted_from_wordfreq_seed
wfpt-04444,suficientes,,,4521,,shortlisted_from_wordfreq_seed
wfpt-04445,séria,,,4522,,shortlisted_from_wordfreq_seed
wfpt-04446,tesouro,,,4523,,shortlisted_from_wordfreq_seed
wfpt-04447,todavia,,,4524,,shortlisted_from_wordfreq_seed
wfpt-04448,what,,,4525,,shortlisted_from_wordfreq_seed
wfpt-04449,wilson,,,4526,,shortlisted_from_wordfreq_seed
wfpt-04451,afirmar,,,4528,,shortlisted_from_wordfreq_seed
wfpt-04452,amazonas,,,4529,,shortlisted_from_wordfreq_seed
wfpt-04453,atinge,,,4530,,shortlisted_from_wordfreq_seed
wfpt-04454,biologia,,,4531,,shortlisted_from_wordfreq_seed
wfpt-04455,blocos,,,4532,,shortlisted_from_wordfreq_seed
wfpt-04456,calar,,,4533,,shortlisted_from_wordfreq_seed
wfpt-04457,caminhada,,,4534,,shortlisted_from_wordfreq_seed
wfpt-04458,can,,,4535,,shortlisted_from_wordfreq_seed
wfpt-04459,carbono,,,4536,,shortlisted_from_wordfreq_seed
wfpt-04460,circular,,,4537,,shortlisted_from_wordfreq_seed
wfpt-04461,comprimento,,,4538,,shortlisted_from_wordfreq_seed
wfpt-04462,comunicado,,,4539,,shortlisted_from_wordfreq_seed
wfpt-04463,conhecemos,,,4540,,shortlisted_from_wordfreq_seed
wfpt-04464,conhecia,,,4541,,shortlisted_from_wordfreq_seed
wfpt-04465,conhecidas,,,4542,,shortlisted_from_wordfreq_seed
wfpt-04466,contam,,,4543,,shortlisted_from_wordfreq_seed
wfpt-04467,contendo,,,4544,,shortlisted_from_wordfreq_seed
wfpt-04468,corta,,,4545,,shortlisted_from_wordfreq_seed
wfpt-04469,country,,,4546,,shortlisted_from_wordfreq_seed
wfpt-04470,decorrer,,,4547,,shortlisted_from_wordfreq_seed
wfpt-04471,descreveu,,,4548,,shortlisted_from_wordfreq_seed
wfpt-04472,descubra,,,4549,,shortlisted_from_wordfreq_seed
wfpt-04473,despesas,,,4550,,shortlisted_from_wordfreq_seed
wfpt-04474,doces,,,4551,,shortlisted_from_wordfreq_seed
wfpt-04475,duvido,,,4552,,shortlisted_from_wordfreq_seed
wfpt-04476,econômicas,,,4553,,shortlisted_from_wordfreq_seed
wfpt-04477,educacional,,,4554,,shortlisted_from_wordfreq_seed
wfpt-04478,eixo,,,4555,,shortlisted_from_wordfreq_seed
wfpt-04479,embaixador,,,4556,,shortlisted_from_wordfreq_seed
wfpt-04480,emily,,,4557,,shortlisted_from_wordfreq_seed
wfpt-04481,espiritual,,,4558,,shortlisted_from_wordfreq_seed
wfpt-04482,esquecido,,,4559,,shortlisted_from_wordfreq_seed
wfpt-04483,estacionamento,,,4560,,shortlisted_from_wordfreq_seed
wfpt-04484,ganhei,,,4561,,shortlisted_from_wordfreq_seed
wfpt-04485,good,,,4562,,shortlisted_from_wordfreq_seed
wfpt-04486,herança,,,4563,,shortlisted_from_wordfreq_seed
wfpt-04487,informa,,,4564,,shortlisted_from_wordfreq_seed
wfpt-04488,iniciais,,,4565,,shortlisted_from_wordfreq_seed
wfpt-04489,interação,,,4566,,shortlisted_from_wordfreq_seed
wfpt-04490,interessantes,,,4567,,shortlisted_from_wordfreq_seed
wfpt-04491,mala,,,4568,,shortlisted_from_wordfreq_seed
wfpt-04492,manoel,,,4569,,shortlisted_from_wordfreq_seed
wfpt-04493,melo,,,4570,,shortlisted_from_wordfreq_seed
wfpt-04494,milho,,,4571,,shortlisted_from_wordfreq_seed
wfpt-04495,paisagem,,,4572,,shortlisted_from_wordfreq_seed
wfpt-04496,pan,,,4573,,shortlisted_from_wordfreq_seed
wfpt-04497,parecido,,,4574,,shortlisted_from_wordfreq_seed
wfpt-04498,parentes,,,4575,,shortlisted_from_wordfreq_seed
wfpt-04499,percepção,,,4576,,shortlisted_from_wordfreq_seed
wfpt-04500,pesca,,,4577,,shortlisted_from_wordfreq_seed
wfpt-04501,placas,,,4578,,shortlisted_from_wordfreq_seed
wfpt-04502,popularidade,,,4579,,shortlisted_from_wordfreq_seed
wfpt-04504,prepara,,,4581,,shortlisted_from_wordfreq_seed
wfpt-04505,presidencial,,,4582,,shortlisted_from_wordfreq_seed
wfpt-04506,privadas,,,4583,,shortlisted_from_wordfreq_seed
wfpt-04507,protestos,,,4584,,shortlisted_from_wordfreq_seed
wfpt-04508,pôde,,,4585,,shortlisted_from_wordfreq_seed
wfpt-04509,quartos,,,4586,,shortlisted_from_wordfreq_seed
wfpt-04510,quinto,,,4587,,shortlisted_from_wordfreq_seed
wfpt-04511,raro,,,4588,,shortlisted_from_wordfreq_seed
wfpt-04512,reações,,,4589,,shortlisted_from_wordfreq_seed
wfpt-04513,relevante,,,4590,,shortlisted_from_wordfreq_seed
wfpt-04514,resenha,,,4591,,shortlisted_from_wordfreq_seed
wfpt-04515,respectivamente,,,4592,,shortlisted_from_wordfreq_seed
wfpt-04516,roger,,,4593,,shortlisted_from_wordfreq_seed
wfpt-04517,rui,,,4594,,shortlisted_from_wordfreq_seed
wfpt-04518,sabor,,,4595,,shortlisted_from_wordfreq_seed
wfpt-04519,senhores,,,4596,,shortlisted_from_wordfreq_seed
wfpt-04520,significativa,,,4597,,shortlisted_from_wordfreq_seed
wfpt-04521,sofrendo,,,4598,,shortlisted_from_wordfreq_seed
wfpt-04522,solidariedade,,,4599,,shortlisted_from_wordfreq_seed
wfpt-04523,suíça,,,4600,,shortlisted_from_wordfreq_seed
wfpt-04524,tendências,,,4601,,shortlisted_from_wordfreq_seed
wfpt-04525,tomé,,,4602,,shortlisted_from_wordfreq_seed
wfpt-04526,trabalhador,,,4603,,shortlisted_from_wordfreq_seed
wfpt-04527,unhas,,,4604,,shortlisted_from_wordfreq_seed
wfpt-04528,violação,,,4605,,shortlisted_from_wordfreq_seed
wfpt-04529,vizinhança,,,4606,,shortlisted_from_wordfreq_seed
wfpt-04530,abuso,,,4607,,shortlisted_from_wordfreq_seed
wfpt-04531,aceitou,,,4608,,shortlisted_from_wordfreq_seed
wfpt-04532,acontecerá,,,4609,,shortlisted_from_wordfreq_seed
wfpt-04533,acorda,,,4610,,shortlisted_from_wordfreq_seed
wfpt-04534,aguentar,,,4611,,shortlisted_from_wordfreq_seed
wfpt-04535,american,,,4612,,shortlisted_from_wordfreq_seed
wfpt-04536,assassino,,,4613,,shortlisted_from_wordfreq_seed
wfpt-04537,balas,,,4614,,shortlisted_from_wordfreq_seed
wfpt-04538,brazil,,,4615,,shortlisted_from_wordfreq_seed
wfpt-04539,cabral,,,4616,,shortlisted_from_wordfreq_seed
wfpt-04540,caindo,,,4617,,shortlisted_from_wordfreq_seed
wfpt-04541,campinas,,,4618,,shortlisted_from_wordfreq_seed
wfpt-04542,chato,,,4619,,shortlisted_from_wordfreq_seed
wfpt-04543,chorando,,,4620,,shortlisted_from_wordfreq_seed
wfpt-04544,cigarro,,,4621,,shortlisted_from_wordfreq_seed
wfpt-04545,clipe,,,4622,,shortlisted_from_wordfreq_seed
wfpt-04546,conseguido,,,4623,,shortlisted_from_wordfreq_seed
wfpt-04547,conseguindo,,,4624,,shortlisted_from_wordfreq_seed
wfpt-04548,coordenador,,,4625,,shortlisted_from_wordfreq_seed
wfpt-04549,corredor,,,4626,,shortlisted_from_wordfreq_seed
wfpt-04550,crer,,,4627,,shortlisted_from_wordfreq_seed
wfpt-04551,curioso,,,4628,,shortlisted_from_wordfreq_seed
wfpt-04552,dedicada,,,4629,,shortlisted_from_wordfreq_seed
wfpt-04553,descer,,,4630,,shortlisted_from_wordfreq_seed
wfpt-04554,desespero,,,4631,,shortlisted_from_wordfreq_seed
wfpt-04555,detalhe,,,4632,,shortlisted_from_wordfreq_seed
wfpt-04556,divertido,,,4633,,shortlisted_from_wordfreq_seed
wfpt-04557,dragão,,,4634,,shortlisted_from_wordfreq_seed
wfpt-04558,eficaz,,,4635,,shortlisted_from_wordfreq_seed
wfpt-04559,ensina,,,4636,,shortlisted_from_wordfreq_seed
wfpt-04560,específica,,,4637,,shortlisted_from_wordfreq_seed
wfpt-04561,estabelecido,,,4638,,shortlisted_from_wordfreq_seed
wfpt-04562,estratégias,,,4639,,shortlisted_from_wordfreq_seed
wfpt-04563,estável,,,4640,,shortlisted_from_wordfreq_seed
wfpt-04564,evidente,,,4641,,shortlisted_from_wordfreq_seed
wfpt-04565,exato,,,4642,,shortlisted_from_wordfreq_seed
wfpt-04566,expor,,,4643,,shortlisted_from_wordfreq_seed
wfpt-04567,expressar,,,4644,,shortlisted_from_wordfreq_seed
wfpt-04568,falhas,,,4645,,shortlisted_from_wordfreq_seed
wfpt-04569,felizmente,,,4646,,shortlisted_from_wordfreq_seed
wfpt-04570,finanças,,,4647,,shortlisted_from_wordfreq_seed
wfpt-04571,fred,,,4648,,shortlisted_from_wordfreq_seed
wfpt-04572,fumar,,,4649,,shortlisted_from_wordfreq_seed
wfpt-04573,gilberto,,,4650,,shortlisted_from_wordfreq_seed
wfpt-04574,guimarães,,,4651,,shortlisted_from_wordfreq_seed
wfpt-04575,homicídio,,,4652,,shortlisted_from_wordfreq_seed
wfpt-04576,inscrições,,,4653,,shortlisted_from_wordfreq_seed
wfpt-04577,intensidade,,,4654,,shortlisted_from_wordfreq_seed
wfpt-04578,internos,,,4655,,shortlisted_from_wordfreq_seed
wfpt-04579,jane,,,4656,,shortlisted_from_wordfreq_seed
wfpt-04580,japoneses,,,4657,,shortlisted_from_wordfreq_seed
wfpt-04581,last,,,4658,,shortlisted_from_wordfreq_seed
wfpt-04582,leu,,,4659,,shortlisted_from_wordfreq_seed
wfpt-04583,lisa,,,4660,,shortlisted_from_wordfreq_seed
wfpt-04584,mantido,,,4661,,shortlisted_from_wordfreq_seed
wfpt-04585,mercados,,,4662,,shortlisted_from_wordfreq_seed
wfpt-04586,motores,,,4663,,shortlisted_from_wordfreq_seed
wfpt-04587,muro,,,4664,,shortlisted_from_wordfreq_seed
wfpt-04588,ocorrem,,,4666,,shortlisted_from_wordfreq_seed
wfpt-04589,ocupar,,,4667,,shortlisted_from_wordfreq_seed
wfpt-04590,precisamente,,,4668,,shortlisted_from_wordfreq_seed
wfpt-04591,preocupada,,,4669,,shortlisted_from_wordfreq_seed
wfpt-04592,pressa,,,4670,,shortlisted_from_wordfreq_seed
wfpt-04593,profundidade,,,4671,,shortlisted_from_wordfreq_seed
wfpt-04594,raios,,,4672,,shortlisted_from_wordfreq_seed
wfpt-04595,recado,,,4673,,shortlisted_from_wordfreq_seed
wfpt-04596,record,,,4674,,shortlisted_from_wordfreq_seed
wfpt-04597,relato,,,4675,,shortlisted_from_wordfreq_seed
wfpt-04598,sensível,,,4676,,shortlisted_from_wordfreq_seed
wfpt-04599,soubesse,,,4677,,shortlisted_from_wordfreq_seed
wfpt-04600,suspeitos,,,4678,,shortlisted_from_wordfreq_seed
wfpt-04601,tecido,,,4679,,shortlisted_from_wordfreq_seed
wfpt-04602,tentam,,,4680,,shortlisted_from_wordfreq_seed
wfpt-04603,tentaram,,,4681,,shortlisted_from_wordfreq_seed
wfpt-04604,territórios,,,4682,,shortlisted_from_wordfreq_seed
wfpt-04605,tomei,,,4683,,shortlisted_from_wordfreq_seed
wfpt-04606,tranquilo,,,4684,,shortlisted_from_wordfreq_seed
wfpt-04607,transmitir,,,4685,,shortlisted_from_wordfreq_seed
wfpt-04608,tribo,,,4686,,shortlisted_from_wordfreq_seed
wfpt-04609,vaca,,,4687,,shortlisted_from_wordfreq_seed
wfpt-04610,aborto,,,4688,,shortlisted_from_wordfreq_seed
wfpt-04611,adequado,,,4689,,shortlisted_from_wordfreq_seed
wfpt-04612,admitir,,,4690,,shortlisted_from_wordfreq_seed
wfpt-04613,afirmando,,,4691,,shortlisted_from_wordfreq_seed
wfpt-04614,age,,,4692,,shortlisted_from_wordfreq_seed
wfpt-04615,anime,,,4693,,shortlisted_from_wordfreq_seed
wfpt-04616,anuncia,,,4694,,shortlisted_from_wordfreq_seed
wfpt-04617,app,,,4695,,shortlisted_from_wordfreq_seed
wfpt-04618,asas,,,4696,,shortlisted_from_wordfreq_seed
wfpt-04619,assistindo,,,4697,,shortlisted_from_wordfreq_seed
wfpt-04620,aéreo,,,4698,,shortlisted_from_wordfreq_seed
wfpt-04621,bad,,,4699,,shortlisted_from_wordfreq_seed
wfpt-04622,bebe,,,4700,,shortlisted_from_wordfreq_seed
wfpt-04623,bebês,,,4701,,shortlisted_from_wordfreq_seed
wfpt-04624,berlim,,,4702,,shortlisted_from_wordfreq_seed
wfpt-04625,bolívia,,,4703,,shortlisted_from_wordfreq_seed
wfpt-04626,canta,,,4704,,shortlisted_from_wordfreq_seed
wfpt-04627,carolina,,,4705,,shortlisted_from_wordfreq_seed
wfpt-04628,cavalos,,,4706,,shortlisted_from_wordfreq_seed
wfpt-04629,celebrar,,,4707,,shortlisted_from_wordfreq_seed
wfpt-04630,celulares,,,4708,,shortlisted_from_wordfreq_seed
wfpt-04631,chuvas,,,4709,,shortlisted_from_wordfreq_seed
wfpt-04632,cobrir,,,4710,,shortlisted_from_wordfreq_seed
wfpt-04633,con,,,4711,,shortlisted_from_wordfreq_seed
wfpt-04634,conduzir,,,4712,,shortlisted_from_wordfreq_seed
wfpt-04635,confirmar,,,4713,,shortlisted_from_wordfreq_seed
wfpt-04636,continuidade,,,4714,,shortlisted_from_wordfreq_seed
wfpt-04637,convencer,,,4715,,shortlisted_from_wordfreq_seed
wfpt-04639,culto,,,4717,,shortlisted_from_wordfreq_seed
wfpt-04640,declarações,,,4718,,shortlisted_from_wordfreq_seed
wfpt-04641,definido,,,4719,,shortlisted_from_wordfreq_seed
wfpt-04642,desenvolvidos,,,4720,,shortlisted_from_wordfreq_seed
wfpt-04643,doação,,,4721,,shortlisted_from_wordfreq_seed
wfpt-04644,edifícios,,,4722,,shortlisted_from_wordfreq_seed
wfpt-04646,espacial,,,4724,,shortlisted_from_wordfreq_seed
wfpt-04647,estive,,,4725,,shortlisted_from_wordfreq_seed
wfpt-04648,exercer,,,4726,,shortlisted_from_wordfreq_seed
wfpt-04649,feio,,,4727,,shortlisted_from_wordfreq_seed
wfpt-04650,feridos,,,4728,,shortlisted_from_wordfreq_seed
wfpt-04651,filipe,,,4729,,shortlisted_from_wordfreq_seed
wfpt-04652,fiscal,,,4730,,shortlisted_from_wordfreq_seed
wfpt-04653,gays,,,4731,,shortlisted_from_wordfreq_seed
wfpt-04654,gratuito,,,4732,,shortlisted_from_wordfreq_seed
wfpt-04655,guerras,,,4733,,shortlisted_from_wordfreq_seed
wfpt-04656,imaginação,,,4734,,shortlisted_from_wordfreq_seed
wfpt-04657,intenso,,,4735,,shortlisted_from_wordfreq_seed
wfpt-04658,jim,,,4736,,shortlisted_from_wordfreq_seed
wfpt-04659,jogada,,,4737,,shortlisted_from_wordfreq_seed
wfpt-04660,judiciário,,,4738,,shortlisted_from_wordfreq_seed
wfpt-04661,jurídico,,,4739,,shortlisted_from_wordfreq_seed
wfpt-04662,juízo,,,4740,,shortlisted_from_wordfreq_seed
wfpt-04663,kelly,,,4741,,shortlisted_from_wordfreq_seed
wfpt-04664,lgbt,,,4742,,shortlisted_from_wordfreq_seed
wfpt-04665,luzes,,,4743,,shortlisted_from_wordfreq_seed
wfpt-04666,mix,,,4744,,shortlisted_from_wordfreq_seed
wfpt-04668,motivação,,,4746,,shortlisted_from_wordfreq_seed
wfpt-04670,musicais,,,4748,,shortlisted_from_wordfreq_seed
wfpt-04671,nomeadamente,,,4749,,shortlisted_from_wordfreq_seed
wfpt-04672,obteve,,,4750,,shortlisted_from_wordfreq_seed
wfpt-04673,operacional,,,4751,,shortlisted_from_wordfreq_seed
wfpt-04674,parlamentares,,,4752,,shortlisted_from_wordfreq_seed
wfpt-04675,perguntei,,,4753,,shortlisted_from_wordfreq_seed
wfpt-04676,petrobras,,,4754,,shortlisted_from_wordfreq_seed
wfpt-04677,pizza,,,4755,,shortlisted_from_wordfreq_seed
wfpt-04678,premiação,,,4756,,shortlisted_from_wordfreq_seed
wfpt-04679,prevê,,,4757,,shortlisted_from_wordfreq_seed
wfpt-04680,produzidos,,,4758,,shortlisted_from_wordfreq_seed
wfpt-04681,prometo,,,4759,,shortlisted_from_wordfreq_seed
wfpt-04682,reclamar,,,4760,,shortlisted_from_wordfreq_seed
wfpt-04683,remédios,,,4761,,shortlisted_from_wordfreq_seed
wfpt-04684,salve,,,4762,,shortlisted_from_wordfreq_seed
wfpt-04685,seco,,,4763,,shortlisted_from_wordfreq_seed
wfpt-04686,servidor,,,4764,,shortlisted_from_wordfreq_seed
wfpt-04687,sexy,,,4765,,shortlisted_from_wordfreq_seed
wfpt-04688,sociedades,,,4766,,shortlisted_from_wordfreq_seed
wfpt-04689,sorteio,,,4767,,shortlisted_from_wordfreq_seed
wfpt-04690,tarefas,,,4768,,shortlisted_from_wordfreq_seed
wfpt-04691,teixeira,,,4769,,shortlisted_from_wordfreq_seed
wfpt-04692,tornado,,,4770,,shortlisted_from_wordfreq_seed
wfpt-04693,tratados,,,4771,,shortlisted_from_wordfreq_seed
wfpt-04694,tínhamos,,,4772,,shortlisted_from_wordfreq_seed
wfpt-04695,utilizam,,,4773,,shortlisted_from_wordfreq_seed
wfpt-04696,vendidos,,,4774,,shortlisted_from_wordfreq_seed
wfpt-04697,visível,,,4775,,shortlisted_from_wordfreq_seed
wfpt-04698,voar,,,4776,,shortlisted_from_wordfreq_seed
wfpt-04699,voltaram,,,4777,,shortlisted_from_wordfreq_seed
wfpt-04700,vêem,,,4778,,shortlisted_from_wordfreq_seed
wfpt-04701,acesse,,,4779,,shortlisted_from_wordfreq_seed
wfpt-04702,acreditamos,,,4780,,shortlisted_from_wordfreq_seed
wfpt-04703,adianta,,,4781,,shortlisted_from_wordfreq_seed
wfpt-04704,adicional,,,4782,,shortlisted_from_wordfreq_seed
wfpt-04705,afro,,,4783,,shortlisted_from_wordfreq_seed
wfpt-04706,amarela,,,4784,,shortlisted_from_wordfreq_seed
wfpt-04707,animado,,,4785,,shortlisted_from_wordfreq_seed
wfpt-04708,análises,,,4786,,shortlisted_from_wordfreq_seed
wfpt-04709,aquecimento,,,4787,,shortlisted_from_wordfreq_seed
wfpt-04710,atende,,,4788,,shortlisted_from_wordfreq_seed
wfpt-04711,belém,,,4789,,shortlisted_from_wordfreq_seed
wfpt-04712,benfica,,,4790,,shortlisted_from_wordfreq_seed
wfpt-04713,básicos,,,4791,,shortlisted_from_wordfreq_seed
wfpt-04714,caio,,,4792,,shortlisted_from_wordfreq_seed
wfpt-04715,caminhar,,,4793,,shortlisted_from_wordfreq_seed
wfpt-04716,carl,,,4794,,shortlisted_from_wordfreq_seed
wfpt-04717,chineses,,,4795,,shortlisted_from_wordfreq_seed
wfpt-04718,citado,,,4796,,shortlisted_from_wordfreq_seed
wfpt-04719,colaboradores,,,4797,,shortlisted_from_wordfreq_seed
wfpt-04720,conceição,,,4798,,shortlisted_from_wordfreq_seed
wfpt-04721,concluiu,,,4799,,shortlisted_from_wordfreq_seed
wfpt-04722,confesso,,,4800,,shortlisted_from_wordfreq_seed
wfpt-04723,confirmado,,,4801,,shortlisted_from_wordfreq_seed
wfpt-04724,conhecimentos,,,4802,,shortlisted_from_wordfreq_seed
wfpt-04725,contacto,,,4803,,shortlisted_from_wordfreq_seed
wfpt-04726,coordenação,,,4804,,shortlisted_from_wordfreq_seed
wfpt-04727,crescendo,,,4805,,shortlisted_from_wordfreq_seed
wfpt-04728,cuida,,,4806,,shortlisted_from_wordfreq_seed
wfpt-04729,decidiram,,,4807,,shortlisted_from_wordfreq_seed
wfpt-04730,delegado,,,4808,,shortlisted_from_wordfreq_seed
wfpt-04731,depoimento,,,4809,,shortlisted_from_wordfreq_seed
wfpt-04732,desejos,,,4810,,shortlisted_from_wordfreq_seed
wfpt-04733,determinação,,,4811,,shortlisted_from_wordfreq_seed
wfpt-04734,diana,,,4812,,shortlisted_from_wordfreq_seed
wfpt-04735,encerramento,,,4813,,shortlisted_from_wordfreq_seed
wfpt-04736,escolhe,,,4814,,shortlisted_from_wordfreq_seed
wfpt-04737,estatal,,,4815,,shortlisted_from_wordfreq_seed
wfpt-04738,expressa,,,4816,,shortlisted_from_wordfreq_seed
wfpt-04739,fases,,,4817,,shortlisted_from_wordfreq_seed
wfpt-04740,fumaça,,,4818,,shortlisted_from_wordfreq_seed
wfpt-04741,gordo,,,4819,,shortlisted_from_wordfreq_seed
wfpt-04742,gritando,,,4820,,shortlisted_from_wordfreq_seed
wfpt-04743,group,,,4821,,shortlisted_from_wordfreq_seed
wfpt-04744,houvesse,,,4822,,shortlisted_from_wordfreq_seed
wfpt-04745,iam,,,4823,,shortlisted_from_wordfreq_seed
wfpt-04746,ignorar,,,4824,,shortlisted_from_wordfreq_seed
wfpt-04747,indicam,,,4825,,shortlisted_from_wordfreq_seed
wfpt-04748,indígena,,,4826,,shortlisted_from_wordfreq_seed
wfpt-04749,informado,,,4827,,shortlisted_from_wordfreq_seed
wfpt-04750,inocente,,,4828,,shortlisted_from_wordfreq_seed
wfpt-04751,inovação,,,4829,,shortlisted_from_wordfreq_seed
wfpt-04752,levo,,,4830,,shortlisted_from_wordfreq_seed
wfpt-04753,liberal,,,4831,,shortlisted_from_wordfreq_seed
wfpt-04754,ligando,,,4832,,shortlisted_from_wordfreq_seed
wfpt-04755,ligou,,,4833,,shortlisted_from_wordfreq_seed
wfpt-04756,longas,,,4834,,shortlisted_from_wordfreq_seed
wfpt-04757,mapas,,,4835,,shortlisted_from_wordfreq_seed
wfpt-04758,merecem,,,4836,,shortlisted_from_wordfreq_seed
wfpt-04759,miranda,,,4837,,shortlisted_from_wordfreq_seed
wfpt-04760,music,,,4838,,shortlisted_from_wordfreq_seed
wfpt-04761,negativa,,,4839,,shortlisted_from_wordfreq_seed
wfpt-04762,ocorreram,,,4840,,shortlisted_from_wordfreq_seed
wfpt-04763,pablo,,,4841,,shortlisted_from_wordfreq_seed
wfpt-04764,passamos,,,4842,,shortlisted_from_wordfreq_seed
wfpt-04765,patrick,,,4843,,shortlisted_from_wordfreq_seed
wfpt-04766,pdf,,,4844,,shortlisted_from_wordfreq_seed
wfpt-04767,piadas,,,4845,,shortlisted_from_wordfreq_seed
wfpt-04768,promove,,,4846,,shortlisted_from_wordfreq_seed
wfpt-04769,prontos,,,4847,,shortlisted_from_wordfreq_seed
wfpt-04770,provocar,,,4848,,shortlisted_from_wordfreq_seed
wfpt-04771,regresso,,,4849,,shortlisted_from_wordfreq_seed
wfpt-04772,relacionada,,,4850,,shortlisted_from_wordfreq_seed
wfpt-04773,restaurantes,,,4851,,shortlisted_from_wordfreq_seed
wfpt-04774,resulta,,,4852,,shortlisted_from_wordfreq_seed
wfpt-04775,rodovia,,,4853,,shortlisted_from_wordfreq_seed
wfpt-04776,ryan,,,4854,,shortlisted_from_wordfreq_seed
wfpt-04777,semestre,,,4855,,shortlisted_from_wordfreq_seed
wfpt-04778,seminário,,,4856,,shortlisted_from_wordfreq_seed
wfpt-04779,servidores,,,4857,,shortlisted_from_wordfreq_seed
wfpt-04780,sofrem,,,4858,,shortlisted_from_wordfreq_seed
wfpt-04781,subiu,,,4859,,shortlisted_from_wordfreq_seed
wfpt-04782,suco,,,4860,,shortlisted_from_wordfreq_seed
wfpt-04783,sérvia,,,4861,,shortlisted_from_wordfreq_seed
wfpt-04784,texas,,,4862,,shortlisted_from_wordfreq_seed
wfpt-04785,tome,,,4863,,shortlisted_from_wordfreq_seed
wfpt-04787,vantagens,,,4865,,shortlisted_from_wordfreq_seed
wfpt-04788,vendido,,,4866,,shortlisted_from_wordfreq_seed
wfpt-04789,vereadores,,,4867,,shortlisted_from_wordfreq_seed
wfpt-04790,vicente,,,4868,,shortlisted_from_wordfreq_seed
wfpt-04791,voluntários,,,4869,,shortlisted_from_wordfreq_seed
wfpt-04792,white,,,4870,,shortlisted_from_wordfreq_seed
wfpt-04793,acadêmicos,,,4871,,shortlisted_from_wordfreq_seed
wfpt-04794,adicionais,,,4872,,shortlisted_from_wordfreq_seed
wfpt-04795,adversário,,,4873,,shortlisted_from_wordfreq_seed
wfpt-04796,alô,,,4874,,shortlisted_from_wordfreq_seed
wfpt-04797,ando,,,4875,,shortlisted_from_wordfreq_seed
wfpt-04798,andrew,,,4876,,shortlisted_from_wordfreq_seed
wfpt-04799,argentino,,,4877,,shortlisted_from_wordfreq_seed
wfpt-04800,atacante,,,4878,,shortlisted_from_wordfreq_seed
wfpt-04801,atração,,,4879,,shortlisted_from_wordfreq_seed
wfpt-04802,bloqueio,,,4880,,shortlisted_from_wordfreq_seed
wfpt-04803,caixas,,,4881,,shortlisted_from_wordfreq_seed
wfpt-04804,camada,,,4882,,shortlisted_from_wordfreq_seed
wfpt-04805,camila,,,4883,,shortlisted_from_wordfreq_seed
wfpt-04806,cientista,,,4884,,shortlisted_from_wordfreq_seed
wfpt-04807,coleta,,,4885,,shortlisted_from_wordfreq_seed
wfpt-04808,comece,,,4886,,shortlisted_from_wordfreq_seed
wfpt-04809,concerto,,,4887,,shortlisted_from_wordfreq_seed
wfpt-04810,confio,,,4888,,shortlisted_from_wordfreq_seed
wfpt-04811,considerou,,,4889,,shortlisted_from_wordfreq_seed
wfpt-04812,contratos,,,4890,,shortlisted_from_wordfreq_seed
wfpt-04813,conversando,,,4891,,shortlisted_from_wordfreq_seed
wfpt-04814,crença,,,4892,,shortlisted_from_wordfreq_seed
wfpt-04815,dará,,,4893,,shortlisted_from_wordfreq_seed
wfpt-04816,deficiência,,,4894,,shortlisted_from_wordfreq_seed
wfpt-04817,dimensões,,,4895,,shortlisted_from_wordfreq_seed
wfpt-04818,dividido,,,4896,,shortlisted_from_wordfreq_seed
wfpt-04819,doutorado,,,4897,,shortlisted_from_wordfreq_seed
wfpt-04820,doutrina,,,4898,,shortlisted_from_wordfreq_seed
wfpt-04821,empate,,,4899,,shortlisted_from_wordfreq_seed
wfpt-04822,envie,,,4900,,shortlisted_from_wordfreq_seed
wfpt-04823,estatística,,,4901,,shortlisted_from_wordfreq_seed
wfpt-04824,exigências,,,4902,,shortlisted_from_wordfreq_seed
wfpt-04825,faca,,,4903,,shortlisted_from_wordfreq_seed
wfpt-04826,falsas,,,4904,,shortlisted_from_wordfreq_seed
wfpt-04827,fazerem,,,4905,,shortlisted_from_wordfreq_seed
wfpt-04828,fecha,,,4906,,shortlisted_from_wordfreq_seed
wfpt-04829,ferido,,,4907,,shortlisted_from_wordfreq_seed
wfpt-04830,funcionando,,,4908,,shortlisted_from_wordfreq_seed
wfpt-04831,físicos,,,4909,,shortlisted_from_wordfreq_seed
wfpt-04832,garante,,,4910,,shortlisted_from_wordfreq_seed
wfpt-04833,garrafa,,,4911,,shortlisted_from_wordfreq_seed
wfpt-04834,get,,,4912,,shortlisted_from_wordfreq_seed
wfpt-04835,geórgia,,,4913,,shortlisted_from_wordfreq_seed
wfpt-04836,giro,,,4914,,shortlisted_from_wordfreq_seed
wfpt-04837,gonçalves,,,4915,,shortlisted_from_wordfreq_seed
wfpt-04838,gravidez,,,4916,,shortlisted_from_wordfreq_seed
wfpt-04839,grito,,,4917,,shortlisted_from_wordfreq_seed
wfpt-04840,gráfico,,,4918,,shortlisted_from_wordfreq_seed
wfpt-04841,guerreiro,,,4919,,shortlisted_from_wordfreq_seed
wfpt-04842,havendo,,,4920,,shortlisted_from_wordfreq_seed
wfpt-04843,historia,,,4921,,shortlisted_from_wordfreq_seed
wfpt-04845,imediata,,,4923,,shortlisted_from_wordfreq_seed
wfpt-04846,impede,,,4924,,shortlisted_from_wordfreq_seed
wfpt-04847,importo,,,4925,,shortlisted_from_wordfreq_seed
wfpt-04848,instante,,,4926,,shortlisted_from_wordfreq_seed
wfpt-04849,joaquim,,,4927,,shortlisted_from_wordfreq_seed
wfpt-04850,johnny,,,4928,,shortlisted_from_wordfreq_seed
wfpt-04851,justin,,,4929,,shortlisted_from_wordfreq_seed
wfpt-04852,lido,,,4930,,shortlisted_from_wordfreq_seed
wfpt-04853,longos,,,4931,,shortlisted_from_wordfreq_seed
wfpt-04854,lucro,,,4932,,shortlisted_from_wordfreq_seed
wfpt-04855,lábios,,,4933,,shortlisted_from_wordfreq_seed
wfpt-04856,mandado,,,4934,,shortlisted_from_wordfreq_seed
wfpt-04857,meados,,,4935,,shortlisted_from_wordfreq_seed
wfpt-04858,medicamentos,,,4936,,shortlisted_from_wordfreq_seed
wfpt-04859,navios,,,4937,,shortlisted_from_wordfreq_seed
wfpt-04860,notar,,,4938,,shortlisted_from_wordfreq_seed
wfpt-04861,participa,,,4939,,shortlisted_from_wordfreq_seed
wfpt-04862,participando,,,4940,,shortlisted_from_wordfreq_seed
wfpt-04863,pegando,,,4941,,shortlisted_from_wordfreq_seed
wfpt-04864,permitiu,,,4942,,shortlisted_from_wordfreq_seed
wfpt-04865,pesada,,,4943,,shortlisted_from_wordfreq_seed
wfpt-04866,pesquisar,,,4944,,shortlisted_from_wordfreq_seed
wfpt-04867,promessas,,,4945,,shortlisted_from_wordfreq_seed
wfpt-04868,protagonista,,,4946,,shortlisted_from_wordfreq_seed
wfpt-04869,péssimo,,,4947,,shortlisted_from_wordfreq_seed
wfpt-04870,quebrou,,,4948,,shortlisted_from_wordfreq_seed
wfpt-04871,quinze,,,4949,,shortlisted_from_wordfreq_seed
wfpt-04872,rapazes,,,4950,,shortlisted_from_wordfreq_seed
wfpt-04873,sabedoria,,,4951,,shortlisted_from_wordfreq_seed
wfpt-04875,sementes,,,4953,,shortlisted_from_wordfreq_seed
wfpt-04876,similares,,,4954,,shortlisted_from_wordfreq_seed
wfpt-04877,sobe,,,4955,,shortlisted_from_wordfreq_seed
wfpt-04878,sobreviventes,,,4956,,shortlisted_from_wordfreq_seed
wfpt-04879,sons,,,4957,,shortlisted_from_wordfreq_seed
wfpt-04880,sport,,,4958,,shortlisted_from_wordfreq_seed
wfpt-04881,sujo,,,4959,,shortlisted_from_wordfreq_seed
wfpt-04882,telecomunicações,,,4960,,shortlisted_from_wordfreq_seed
wfpt-04883,teorias,,,4961,,shortlisted_from_wordfreq_seed
wfpt-04884,unir,,,4962,,shortlisted_from_wordfreq_seed
wfpt-04885,vivia,,,4963,,shortlisted_from_wordfreq_seed
wfpt-04886,way,,,4964,,shortlisted_from_wordfreq_seed
wfpt-04887,west,,,4965,,shortlisted_from_wordfreq_seed
wfpt-04888,acordado,,,4967,,shortlisted_from_wordfreq_seed
wfpt-04889,ajudam,,,4968,,shortlisted_from_wordfreq_seed
wfpt-04890,alagoas,,,4969,,shortlisted_from_wordfreq_seed
wfpt-04891,alemã,,,4970,,shortlisted_from_wordfreq_seed
wfpt-04892,almas,,,4971,,shortlisted_from_wordfreq_seed
wfpt-04893,amam,,,4972,,shortlisted_from_wordfreq_seed
wfpt-04894,anunciar,,,4973,,shortlisted_from_wordfreq_seed
wfpt-04895,armada,,,4974,,shortlisted_from_wordfreq_seed
wfpt-04896,ate,,,4975,,shortlisted_from_wordfreq_seed
wfpt-04897,borges,,,4976,,shortlisted_from_wordfreq_seed
wfpt-04898,cadeiras,,,4977,,shortlisted_from_wordfreq_seed
wfpt-04899,campeões,,,4978,,shortlisted_from_wordfreq_seed
wfpt-04900,captura,,,4979,,shortlisted_from_wordfreq_seed
wfpt-04901,cemitério,,,4980,,shortlisted_from_wordfreq_seed
wfpt-04902,chefes,,,4981,,shortlisted_from_wordfreq_seed
wfpt-04903,civilização,,,4982,,shortlisted_from_wordfreq_seed
wfpt-04904,coincidência,,,4983,,shortlisted_from_wordfreq_seed
wfpt-04905,colar,,,4984,,shortlisted_from_wordfreq_seed
wfpt-04906,compre,,,4985,,shortlisted_from_wordfreq_seed
wfpt-04907,computação,,,4986,,shortlisted_from_wordfreq_seed
wfpt-04908,comédia,,,4987,,shortlisted_from_wordfreq_seed
wfpt-04909,conquistas,,,4988,,shortlisted_from_wordfreq_seed
wfpt-04910,consiga,,,4989,,shortlisted_from_wordfreq_seed
wfpt-04911,conte,,,4990,,shortlisted_from_wordfreq_seed
wfpt-04912,coreia,,,4991,,shortlisted_from_wordfreq_seed
wfpt-04913,corresponde,,,4992,,shortlisted_from_wordfreq_seed
wfpt-04914,costuma,,,4993,,shortlisted_from_wordfreq_seed
wfpt-04915,dano,,,4994,,shortlisted_from_wordfreq_seed
wfpt-04916,datas,,,4995,,shortlisted_from_wordfreq_seed
wfpt-04917,desenvolveu,,,4996,,shortlisted_from_wordfreq_seed
wfpt-04918,diretoria,,,4997,,shortlisted_from_wordfreq_seed
wfpt-04919,divulgou,,,4998,,shortlisted_from_wordfreq_seed
wfpt-04920,documentação,,,4999,,shortlisted_from_wordfreq_seed
wfpt-04921,donos,,,5000,,shortlisted_from_wordfreq_seed
wfpt-04922,elevada,,,5001,,shortlisted_from_wordfreq_seed
wfpt-04923,entram,,,5002,,shortlisted_from_wordfreq_seed
wfpt-04924,etapas,,,5003,,shortlisted_from_wordfreq_seed
wfpt-04925,euro,,,5004,,shortlisted_from_wordfreq_seed
wfpt-04926,financeiras,,,5005,,shortlisted_from_wordfreq_seed
wfpt-04927,flash,,,5006,,shortlisted_from_wordfreq_seed
wfpt-04928,forçado,,,5007,,shortlisted_from_wordfreq_seed
wfpt-04929,fraude,,,5008,,shortlisted_from_wordfreq_seed
wfpt-04930,fundada,,,5009,,shortlisted_from_wordfreq_seed
wfpt-04931,fátima,,,5010,,shortlisted_from_wordfreq_seed
wfpt-04932,galinha,,,5011,,shortlisted_from_wordfreq_seed
wfpt-04933,hitler,,,5012,,shortlisted_from_wordfreq_seed
wfpt-04934,imensa,,,5013,,shortlisted_from_wordfreq_seed
wfpt-04935,ingresso,,,5014,,shortlisted_from_wordfreq_seed
wfpt-04936,jason,,,5015,,shortlisted_from_wordfreq_seed
wfpt-04937,justa,,,5016,,shortlisted_from_wordfreq_seed
wfpt-04938,ladrão,,,5017,,shortlisted_from_wordfreq_seed
wfpt-04939,ligadas,,,5018,,shortlisted_from_wordfreq_seed
wfpt-04940,limitado,,,5019,,shortlisted_from_wordfreq_seed
wfpt-04941,loira,,,5020,,shortlisted_from_wordfreq_seed
wfpt-04942,mama,,,5021,,shortlisted_from_wordfreq_seed
wfpt-04943,margens,,,5022,,shortlisted_from_wordfreq_seed
wfpt-04944,melhora,,,5023,,shortlisted_from_wordfreq_seed
wfpt-04945,metropolitana,,,5024,,shortlisted_from_wordfreq_seed
wfpt-04946,milhas,,,5025,,shortlisted_from_wordfreq_seed
wfpt-04947,missa,,,5026,,shortlisted_from_wordfreq_seed
wfpt-04948,monitoramento,,,5027,,shortlisted_from_wordfreq_seed
wfpt-04949,montar,,,5028,,shortlisted_from_wordfreq_seed
wfpt-04950,moura,,,5029,,shortlisted_from_wordfreq_seed
wfpt-04951,mudei,,,5030,,shortlisted_from_wordfreq_seed
wfpt-04952,observando,,,5031,,shortlisted_from_wordfreq_seed
wfpt-04953,ocupada,,,5032,,shortlisted_from_wordfreq_seed
wfpt-04954,old,,,5033,,shortlisted_from_wordfreq_seed
wfpt-04955,ouço,,,5034,,shortlisted_from_wordfreq_seed
wfpt-04956,pistas,,,5035,,shortlisted_from_wordfreq_seed
wfpt-04957,pontes,,,5036,,shortlisted_from_wordfreq_seed
wfpt-04958,preservar,,,5037,,shortlisted_from_wordfreq_seed
wfpt-04959,procuram,,,5038,,shortlisted_from_wordfreq_seed
wfpt-04960,quarenta,,,5039,,shortlisted_from_wordfreq_seed
wfpt-04961,radical,,,5040,,shortlisted_from_wordfreq_seed
wfpt-04962,religiosas,,,5041,,shortlisted_from_wordfreq_seed
wfpt-04963,residentes,,,5042,,shortlisted_from_wordfreq_seed
wfpt-04964,separar,,,5043,,shortlisted_from_wordfreq_seed
wfpt-04965,society,,,5044,,shortlisted_from_wordfreq_seed
wfpt-04966,terroristas,,,5045,,shortlisted_from_wordfreq_seed
wfpt-04967,testar,,,5046,,shortlisted_from_wordfreq_seed
wfpt-04968,tirei,,,5047,,shortlisted_from_wordfreq_seed
wfpt-04969,transparência,,,5048,,shortlisted_from_wordfreq_seed
wfpt-04970,united,,,5049,,shortlisted_from_wordfreq_seed
wfpt-04971,usava,,,5050,,shortlisted_from_wordfreq_seed
wfpt-04972,usei,,,5051,,shortlisted_from_wordfreq_seed
wfpt-04973,viola,,,5052,,shortlisted_from_wordfreq_seed
wfpt-04974,vizinha,,,5053,,shortlisted_from_wordfreq_seed
wfpt-04975,voltado,,,5054,,shortlisted_from_wordfreq_seed
wfpt-04976,who,,,5055,,shortlisted_from_wordfreq_seed
wfpt-04977,administrativo,,,5056,,shortlisted_from_wordfreq_seed
wfpt-04978,aids,,,5057,,shortlisted_from_wordfreq_seed
wfpt-04979,alcançou,,,5058,,shortlisted_from_wordfreq_seed
wfpt-04980,andamento,,,5059,,shortlisted_from_wordfreq_seed
wfpt-04981,anne,,,5060,,shortlisted_from_wordfreq_seed
wfpt-04982,armado,,,5061,,shortlisted_from_wordfreq_seed
wfpt-04983,artístico,,,5062,,shortlisted_from_wordfreq_seed
wfpt-04984,atacado,,,5063,,shortlisted_from_wordfreq_seed
wfpt-04985,atualizado,,,5064,,shortlisted_from_wordfreq_seed
wfpt-04986,batendo,,,5065,,shortlisted_from_wordfreq_seed
wfpt-04987,batman,,,5066,,shortlisted_from_wordfreq_seed
wfpt-04988,bonitas,,,5067,,shortlisted_from_wordfreq_seed
wfpt-04989,buscando,,,5068,,shortlisted_from_wordfreq_seed
wfpt-04990,básicas,,,5069,,shortlisted_from_wordfreq_seed
wfpt-04992,centrais,,,5071,,shortlisted_from_wordfreq_seed
wfpt-04993,colocada,,,5072,,shortlisted_from_wordfreq_seed
wfpt-04994,concordar,,,5073,,shortlisted_from_wordfreq_seed
wfpt-04995,conseguia,,,5074,,shortlisted_from_wordfreq_seed
wfpt-04996,conselheiro,,,5075,,shortlisted_from_wordfreq_seed
wfpt-04997,consequentemente,,,5076,,shortlisted_from_wordfreq_seed
wfpt-04998,correntes,,,5077,,shortlisted_from_wordfreq_seed
wfpt-04999,costumes,,,5078,,shortlisted_from_wordfreq_seed
wfpt-05000,criadas,,,5079,,shortlisted_from_wordfreq_seed
wfpt-05001,debates,,,5080,,shortlisted_from_wordfreq_seed
wfpt-05002,defensor,,,5081,,shortlisted_from_wordfreq_seed
wfpt-05003,demonstração,,,5082,,shortlisted_from_wordfreq_seed
wfpt-05004,destacar,,,5083,,shortlisted_from_wordfreq_seed
wfpt-05005,deveríamos,,,5084,,shortlisted_from_wordfreq_seed
wfpt-05006,diretores,,,5085,,shortlisted_from_wordfreq_seed
wfpt-05007,disciplina,,,5086,,shortlisted_from_wordfreq_seed
wfpt-05008,divertir,,,5087,,shortlisted_from_wordfreq_seed
wfpt-05009,dobro,,,5088,,shortlisted_from_wordfreq_seed
wfpt-05010,econômicos,,,5089,,shortlisted_from_wordfreq_seed
wfpt-05011,emissão,,,5090,,shortlisted_from_wordfreq_seed
wfpt-05012,empregado,,,5091,,shortlisted_from_wordfreq_seed
wfpt-05013,empréstimo,,,5092,,shortlisted_from_wordfreq_seed
wfpt-05014,ensinou,,,5093,,shortlisted_from_wordfreq_seed
wfpt-05015,enviados,,,5094,,shortlisted_from_wordfreq_seed
wfpt-05016,esfera,,,5095,,shortlisted_from_wordfreq_seed
wfpt-05017,estresse,,,5096,,shortlisted_from_wordfreq_seed
wfpt-05018,eva,,,5097,,shortlisted_from_wordfreq_seed
wfpt-05019,experimentar,,,5098,,shortlisted_from_wordfreq_seed
wfpt-05020,extremo,,,5099,,shortlisted_from_wordfreq_seed
wfpt-05021,fracasso,,,5100,,shortlisted_from_wordfreq_seed
wfpt-05022,ganham,,,5101,,shortlisted_from_wordfreq_seed
wfpt-05023,ganharam,,,5102,,shortlisted_from_wordfreq_seed
wfpt-05024,grego,,,5103,,shortlisted_from_wordfreq_seed
wfpt-05025,haveria,,,5104,,shortlisted_from_wordfreq_seed
wfpt-05026,hollywood,,,5105,,shortlisted_from_wordfreq_seed
wfpt-05027,iniciativas,,,5106,,shortlisted_from_wordfreq_seed
wfpt-05028,integrante,,,5107,,shortlisted_from_wordfreq_seed
wfpt-05029,intenções,,,5108,,shortlisted_from_wordfreq_seed
wfpt-05030,isabel,,,5109,,shortlisted_from_wordfreq_seed
wfpt-05031,joseph,,,5110,,shortlisted_from_wordfreq_seed
wfpt-05032,levada,,,5111,,shortlisted_from_wordfreq_seed
wfpt-05033,luto,,,5112,,shortlisted_from_wordfreq_seed
wfpt-05034,macho,,,5113,,shortlisted_from_wordfreq_seed
wfpt-05035,mecanismos,,,5114,,shortlisted_from_wordfreq_seed
wfpt-05036,mecânica,,,5115,,shortlisted_from_wordfreq_seed
wfpt-05037,mágico,,,5116,,shortlisted_from_wordfreq_seed
wfpt-05038,nega,,,5117,,shortlisted_from_wordfreq_seed
wfpt-05039,negociação,,,5118,,shortlisted_from_wordfreq_seed
wfpt-05040,nestas,,,5119,,shortlisted_from_wordfreq_seed
wfpt-05041,nomeação,,,5120,,shortlisted_from_wordfreq_seed
wfpt-05042,norma,,,5121,,shortlisted_from_wordfreq_seed
wfpt-05043,now,,,5122,,shortlisted_from_wordfreq_seed
wfpt-05044,ocidente,,,5123,,shortlisted_from_wordfreq_seed
wfpt-05045,operar,,,5124,,shortlisted_from_wordfreq_seed
wfpt-05046,oriental,,,5125,,shortlisted_from_wordfreq_seed
wfpt-05047,partidas,,,5126,,shortlisted_from_wordfreq_seed
wfpt-05048,períodos,,,5127,,shortlisted_from_wordfreq_seed
wfpt-05049,possuir,,,5128,,shortlisted_from_wordfreq_seed
wfpt-05050,poço,,,5129,,shortlisted_from_wordfreq_seed
wfpt-05051,preocupações,,,5130,,shortlisted_from_wordfreq_seed
wfpt-05052,preparada,,,5131,,shortlisted_from_wordfreq_seed
wfpt-05053,procedimentos,,,5132,,shortlisted_from_wordfreq_seed
wfpt-05054,promotor,,,5133,,shortlisted_from_wordfreq_seed
wfpt-05055,propõe,,,5134,,shortlisted_from_wordfreq_seed
wfpt-05056,queima,,,5135,,shortlisted_from_wordfreq_seed
wfpt-05057,quiserem,,,5136,,shortlisted_from_wordfreq_seed
wfpt-05058,racismo,,,5137,,shortlisted_from_wordfreq_seed
wfpt-05059,radiação,,,5138,,shortlisted_from_wordfreq_seed
wfpt-05060,rapper,,,5139,,shortlisted_from_wordfreq_seed
wfpt-05061,refletir,,,5140,,shortlisted_from_wordfreq_seed
wfpt-05062,regularmente,,,5141,,shortlisted_from_wordfreq_seed
wfpt-05063,requer,,,5142,,shortlisted_from_wordfreq_seed
wfpt-05064,restos,,,5143,,shortlisted_from_wordfreq_seed
wfpt-05065,rádios,,,5144,,shortlisted_from_wordfreq_seed
wfpt-05066,selvagem,,,5145,,shortlisted_from_wordfreq_seed
wfpt-05067,senadores,,,5146,,shortlisted_from_wordfreq_seed
wfpt-05068,sentado,,,5147,,shortlisted_from_wordfreq_seed
wfpt-05069,servem,,,5148,,shortlisted_from_wordfreq_seed
wfpt-05070,sobrinho,,,5149,,shortlisted_from_wordfreq_seed
wfpt-05071,socialista,,,5150,,shortlisted_from_wordfreq_seed
wfpt-05072,south,,,5151,,shortlisted_from_wordfreq_seed
wfpt-05073,sucedido,,,5152,,shortlisted_from_wordfreq_seed
wfpt-05074,testemunha,,,5153,,shortlisted_from_wordfreq_seed
wfpt-05075,típico,,,5154,,shortlisted_from_wordfreq_seed
wfpt-05076,viria,,,5155,,shortlisted_from_wordfreq_seed
wfpt-05077,abc,,,5156,,shortlisted_from_wordfreq_seed
wfpt-05078,acabado,,,5157,,shortlisted_from_wordfreq_seed
wfpt-05079,acessível,,,5158,,shortlisted_from_wordfreq_seed
wfpt-05080,acompanha,,,5159,,shortlisted_from_wordfreq_seed
wfpt-05081,acordos,,,5160,,shortlisted_from_wordfreq_seed
wfpt-05082,adequada,,,5161,,shortlisted_from_wordfreq_seed
wfpt-05083,agrícola,,,5162,,shortlisted_from_wordfreq_seed
wfpt-05084,aliado,,,5163,,shortlisted_from_wordfreq_seed
wfpt-05085,aplicada,,,5164,,shortlisted_from_wordfreq_seed
wfpt-05086,aproveite,,,5165,,shortlisted_from_wordfreq_seed
wfpt-05087,aproxima,,,5166,,shortlisted_from_wordfreq_seed
wfpt-05088,assassinos,,,5167,,shortlisted_from_wordfreq_seed
wfpt-05089,assista,,,5168,,shortlisted_from_wordfreq_seed
wfpt-05090,barata,,,5169,,shortlisted_from_wordfreq_seed
wfpt-05091,barcos,,,5170,,shortlisted_from_wordfreq_seed
wfpt-05092,barros,,,5171,,shortlisted_from_wordfreq_seed
wfpt-05093,batalhão,,,5172,,shortlisted_from_wordfreq_seed
wfpt-05094,cachorros,,,5173,,shortlisted_from_wordfreq_seed
wfpt-05095,clássicos,,,5174,,shortlisted_from_wordfreq_seed
wfpt-05096,cobrar,,,5175,,shortlisted_from_wordfreq_seed
wfpt-05097,colo,,,5176,,shortlisted_from_wordfreq_seed
wfpt-05098,confirma,,,5177,,shortlisted_from_wordfreq_seed
wfpt-05099,corda,,,5178,,shortlisted_from_wordfreq_seed
wfpt-05100,cozinhar,,,5179,,shortlisted_from_wordfreq_seed
wfpt-05101,céus,,,5180,,shortlisted_from_wordfreq_seed
wfpt-05102,códigos,,,5181,,shortlisted_from_wordfreq_seed
wfpt-05103,davi,,,5182,,shortlisted_from_wordfreq_seed
wfpt-05104,deitar,,,5183,,shortlisted_from_wordfreq_seed
wfpt-05105,dispositivos,,,5184,,shortlisted_from_wordfreq_seed
wfpt-05106,diária,,,5185,,shortlisted_from_wordfreq_seed
wfpt-05107,doentes,,,5186,,shortlisted_from_wordfreq_seed
wfpt-05109,dívidas,,,5188,,shortlisted_from_wordfreq_seed
wfpt-05110,eficiente,,,5189,,shortlisted_from_wordfreq_seed
wfpt-05111,eleitos,,,5190,,shortlisted_from_wordfreq_seed
wfpt-05112,entendimento,,,5191,,shortlisted_from_wordfreq_seed
wfpt-05113,enviada,,,5192,,shortlisted_from_wordfreq_seed
wfpt-05114,escritórios,,,5193,,shortlisted_from_wordfreq_seed
wfpt-05115,específicos,,,5194,,shortlisted_from_wordfreq_seed
wfpt-05116,estranhos,,,5195,,shortlisted_from_wordfreq_seed
wfpt-05117,eterna,,,5196,,shortlisted_from_wordfreq_seed
wfpt-05118,fantasma,,,5197,,shortlisted_from_wordfreq_seed
wfpt-05119,formam,,,5198,,shortlisted_from_wordfreq_seed
wfpt-05120,freitas,,,5199,,shortlisted_from_wordfreq_seed
wfpt-05121,físicas,,,5200,,shortlisted_from_wordfreq_seed
wfpt-05122,got,,,5201,,shortlisted_from_wordfreq_seed
wfpt-05123,grana,,,5202,,shortlisted_from_wordfreq_seed
wfpt-05124,helena,,,5203,,shortlisted_from_wordfreq_seed
wfpt-05125,holanda,,,5204,,shortlisted_from_wordfreq_seed
wfpt-05126,horror,,,5205,,shortlisted_from_wordfreq_seed
wfpt-05127,ida,,,5206,,shortlisted_from_wordfreq_seed
wfpt-05129,imigração,,,5208,,shortlisted_from_wordfreq_seed
wfpt-05130,imperador,,,5209,,shortlisted_from_wordfreq_seed
wfpt-05131,importar,,,5210,,shortlisted_from_wordfreq_seed
wfpt-05132,inacreditável,,,5211,,shortlisted_from_wordfreq_seed
wfpt-05133,incomoda,,,5212,,shortlisted_from_wordfreq_seed
wfpt-05134,iniciado,,,5213,,shortlisted_from_wordfreq_seed
wfpt-05135,iriam,,,5214,,shortlisted_from_wordfreq_seed
wfpt-05136,irã,,,5215,,shortlisted_from_wordfreq_seed
wfpt-05137,ivan,,,5216,,shortlisted_from_wordfreq_seed
wfpt-05138,juliana,,,5217,,shortlisted_from_wordfreq_seed
wfpt-05139,just,,,5218,,shortlisted_from_wordfreq_seed
wfpt-05140,lesão,,,5219,,shortlisted_from_wordfreq_seed
wfpt-05141,levei,,,5220,,shortlisted_from_wordfreq_seed
wfpt-05142,listas,,,5221,,shortlisted_from_wordfreq_seed
wfpt-05143,look,,,5222,,shortlisted_from_wordfreq_seed
wfpt-05144,make,,,5223,,shortlisted_from_wordfreq_seed
wfpt-05145,masculina,,,5224,,shortlisted_from_wordfreq_seed
wfpt-05146,matt,,,5225,,shortlisted_from_wordfreq_seed
wfpt-05147,may,,,5226,,shortlisted_from_wordfreq_seed
wfpt-05148,mello,,,5227,,shortlisted_from_wordfreq_seed
wfpt-05149,mídias,,,5228,,shortlisted_from_wordfreq_seed
wfpt-05150,navegação,,,5229,,shortlisted_from_wordfreq_seed
wfpt-05151,negociar,,,5230,,shortlisted_from_wordfreq_seed
wfpt-05152,nobel,,,5231,,shortlisted_from_wordfreq_seed
wfpt-05153,ocasiões,,,5232,,shortlisted_from_wordfreq_seed
wfpt-05154,olhem,,,5233,,shortlisted_from_wordfreq_seed
wfpt-05155,olímpicos,,,5234,,shortlisted_from_wordfreq_seed
wfpt-05156,orlando,,,5235,,shortlisted_from_wordfreq_seed
wfpt-05157,participante,,,5236,,shortlisted_from_wordfreq_seed
wfpt-05158,piauí,,,5237,,shortlisted_from_wordfreq_seed
wfpt-05159,posts,,,5238,,shortlisted_from_wordfreq_seed
wfpt-05161,presidentes,,,5240,,shortlisted_from_wordfreq_seed
wfpt-05162,protege,,,5241,,shortlisted_from_wordfreq_seed
wfpt-05163,províncias,,,5242,,shortlisted_from_wordfreq_seed
wfpt-05164,prédios,,,5243,,shortlisted_from_wordfreq_seed
wfpt-05165,publicadas,,,5244,,shortlisted_from_wordfreq_seed
wfpt-05166,rachel,,,5245,,shortlisted_from_wordfreq_seed
wfpt-05167,rato,,,5246,,shortlisted_from_wordfreq_seed
wfpt-05168,recusa,,,5247,,shortlisted_from_wordfreq_seed
wfpt-05169,registo,,,5248,,shortlisted_from_wordfreq_seed
wfpt-05170,registrado,,,5249,,shortlisted_from_wordfreq_seed
wfpt-05171,secreta,,,5250,,shortlisted_from_wordfreq_seed
wfpt-05172,secreto,,,5251,,shortlisted_from_wordfreq_seed
wfpt-05173,selvagens,,,5252,,shortlisted_from_wordfreq_seed
wfpt-05174,significativo,,,5253,,shortlisted_from_wordfreq_seed
wfpt-05175,state,,,5254,,shortlisted_from_wordfreq_seed
wfpt-05176,substituição,,,5255,,shortlisted_from_wordfreq_seed
wfpt-05177,surgiram,,,5256,,shortlisted_from_wordfreq_seed
wfpt-05178,tava,,,5257,,shortlisted_from_wordfreq_seed
wfpt-05179,tendem,,,5258,,shortlisted_from_wordfreq_seed
wfpt-05180,terminal,,,5259,,shortlisted_from_wordfreq_seed
wfpt-05181,tinta,,,5260,,shortlisted_from_wordfreq_seed
wfpt-05182,tomadas,,,5261,,shortlisted_from_wordfreq_seed
wfpt-05183,ucrânia,,,5262,,shortlisted_from_wordfreq_seed
wfpt-05184,vadia,,,5263,,shortlisted_from_wordfreq_seed
wfpt-05185,verdadeiramente,,,5264,,shortlisted_from_wordfreq_seed
wfpt-05186,war,,,5265,,shortlisted_from_wordfreq_seed
wfpt-05187,acadêmico,,,5267,,shortlisted_from_wordfreq_seed
wfpt-05188,actividade,,,5268,,shortlisted_from_wordfreq_seed
wfpt-05189,actividades,,,5269,,shortlisted_from_wordfreq_seed
wfpt-05190,afeta,,,5270,,shortlisted_from_wordfreq_seed
wfpt-05191,aluguel,,,5271,,shortlisted_from_wordfreq_seed
wfpt-05192,andam,,,5272,,shortlisted_from_wordfreq_seed
wfpt-05193,anderson,,,5273,,shortlisted_from_wordfreq_seed
wfpt-05194,apelido,,,5274,,shortlisted_from_wordfreq_seed
wfpt-05195,aprendizado,,,5275,,shortlisted_from_wordfreq_seed
wfpt-05196,aprovou,,,5276,,shortlisted_from_wordfreq_seed
wfpt-05197,assinou,,,5277,,shortlisted_from_wordfreq_seed
wfpt-05198,aves,,,5278,,shortlisted_from_wordfreq_seed
wfpt-05199,baixas,,,5279,,shortlisted_from_wordfreq_seed
wfpt-05200,beijos,,,5280,,shortlisted_from_wordfreq_seed
wfpt-05201,blogs,,,5281,,shortlisted_from_wordfreq_seed
wfpt-05202,capitais,,,5282,,shortlisted_from_wordfreq_seed
wfpt-05203,carvão,,,5283,,shortlisted_from_wordfreq_seed
wfpt-05204,casou,,,5284,,shortlisted_from_wordfreq_seed
wfpt-05205,causado,,,5285,,shortlisted_from_wordfreq_seed
wfpt-05206,cometer,,,5286,,shortlisted_from_wordfreq_seed
wfpt-05207,construções,,,5287,,shortlisted_from_wordfreq_seed
wfpt-05208,contatos,,,5288,,shortlisted_from_wordfreq_seed
wfpt-05209,depósito,,,5289,,shortlisted_from_wordfreq_seed
wfpt-05210,desenvolvida,,,5290,,shortlisted_from_wordfreq_seed
wfpt-05211,dirigido,,,5291,,shortlisted_from_wordfreq_seed
wfpt-05212,dorme,,,5292,,shortlisted_from_wordfreq_seed
wfpt-05213,durar,,,5293,,shortlisted_from_wordfreq_seed
wfpt-05214,embaixo,,,5294,,shortlisted_from_wordfreq_seed
wfpt-05215,emenda,,,5295,,shortlisted_from_wordfreq_seed
wfpt-05216,esperam,,,5296,,shortlisted_from_wordfreq_seed
wfpt-05217,estaremos,,,5297,,shortlisted_from_wordfreq_seed
wfpt-05218,executar,,,5298,,shortlisted_from_wordfreq_seed
wfpt-05219,existia,,,5299,,shortlisted_from_wordfreq_seed
wfpt-05220,falaram,,,5300,,shortlisted_from_wordfreq_seed
wfpt-05221,ficarem,,,5301,,shortlisted_from_wordfreq_seed
wfpt-05222,filipinas,,,5302,,shortlisted_from_wordfreq_seed
wfpt-05223,first,,,5303,,shortlisted_from_wordfreq_seed
wfpt-05224,futuros,,,5304,,shortlisted_from_wordfreq_seed
wfpt-05225,gajo,,,5305,,shortlisted_from_wordfreq_seed
wfpt-05226,galera,,,5306,,shortlisted_from_wordfreq_seed
wfpt-05227,ginásio,,,5307,,shortlisted_from_wordfreq_seed
wfpt-05228,hit,,,5308,,shortlisted_from_wordfreq_seed
wfpt-05229,identificado,,,5309,,shortlisted_from_wordfreq_seed
wfpt-05230,idosos,,,5310,,shortlisted_from_wordfreq_seed
wfpt-05231,indonésia,,,5311,,shortlisted_from_wordfreq_seed
wfpt-05232,inquérito,,,5312,,shortlisted_from_wordfreq_seed
wfpt-05233,inspirado,,,5313,,shortlisted_from_wordfreq_seed
wfpt-05234,ira,,,5314,,shortlisted_from_wordfreq_seed
wfpt-05235,italiana,,,5315,,shortlisted_from_wordfreq_seed
wfpt-05236,jessica,,,5316,,shortlisted_from_wordfreq_seed
wfpt-05237,lama,,,5317,,shortlisted_from_wordfreq_seed
wfpt-05238,lento,,,5318,,shortlisted_from_wordfreq_seed
wfpt-05239,lindos,,,5319,,shortlisted_from_wordfreq_seed
wfpt-05240,mantenha,,,5320,,shortlisted_from_wordfreq_seed
wfpt-05241,matriz,,,5321,,shortlisted_from_wordfreq_seed
wfpt-05242,michelle,,,5322,,shortlisted_from_wordfreq_seed
wfpt-05243,mostrado,,,5323,,shortlisted_from_wordfreq_seed
wfpt-05244,mérito,,,5324,,shortlisted_from_wordfreq_seed
wfpt-05245,network,,,5325,,shortlisted_from_wordfreq_seed
wfpt-05246,observa,,,5326,,shortlisted_from_wordfreq_seed
wfpt-05247,oferecendo,,,5327,,shortlisted_from_wordfreq_seed
wfpt-05248,ossos,,,5328,,shortlisted_from_wordfreq_seed
wfpt-05250,pauta,,,5330,,shortlisted_from_wordfreq_seed
wfpt-05251,pedaços,,,5331,,shortlisted_from_wordfreq_seed
wfpt-05252,perdas,,,5332,,shortlisted_from_wordfreq_seed
wfpt-05253,piano,,,5333,,shortlisted_from_wordfreq_seed
wfpt-05254,poemas,,,5334,,shortlisted_from_wordfreq_seed
wfpt-05255,preferência,,,5335,,shortlisted_from_wordfreq_seed
wfpt-05256,preparados,,,5336,,shortlisted_from_wordfreq_seed
wfpt-05257,queimar,,,5337,,shortlisted_from_wordfreq_seed
wfpt-05258,quentes,,,5338,,shortlisted_from_wordfreq_seed
wfpt-05259,queres,,,5339,,shortlisted_from_wordfreq_seed
wfpt-05260,remover,,,5340,,shortlisted_from_wordfreq_seed
wfpt-05261,representando,,,5341,,shortlisted_from_wordfreq_seed
wfpt-05262,resolve,,,5342,,shortlisted_from_wordfreq_seed
wfpt-05263,respirar,,,5343,,shortlisted_from_wordfreq_seed
wfpt-05264,restantes,,,5344,,shortlisted_from_wordfreq_seed
wfpt-05265,restrições,,,5345,,shortlisted_from_wordfreq_seed
wfpt-05266,resíduos,,,5346,,shortlisted_from_wordfreq_seed
wfpt-05267,rogério,,,5347,,shortlisted_from_wordfreq_seed
wfpt-05268,salvou,,,5348,,shortlisted_from_wordfreq_seed
wfpt-05269,sapatos,,,5349,,shortlisted_from_wordfreq_seed
wfpt-05270,saudade,,,5350,,shortlisted_from_wordfreq_seed
wfpt-05271,sbt,,,5351,,shortlisted_from_wordfreq_seed
wfpt-05273,segui,,,5353,,shortlisted_from_wordfreq_seed
wfpt-05274,selo,,,5354,,shortlisted_from_wordfreq_seed
wfpt-05275,sir,,,5355,,shortlisted_from_wordfreq_seed
wfpt-05276,soltar,,,5356,,shortlisted_from_wordfreq_seed
wfpt-05277,sugestões,,,5357,,shortlisted_from_wordfreq_seed
wfpt-05278,sítios,,,5358,,shortlisted_from_wordfreq_seed
wfpt-05279,telefones,,,5359,,shortlisted_from_wordfreq_seed
wfpt-05280,tomado,,,5360,,shortlisted_from_wordfreq_seed
wfpt-05281,tortura,,,5361,,shortlisted_from_wordfreq_seed
wfpt-05282,trabalhado,,,5362,,shortlisted_from_wordfreq_seed
wfpt-05283,traduzido,,,5363,,shortlisted_from_wordfreq_seed
wfpt-05284,traição,,,5364,,shortlisted_from_wordfreq_seed
wfpt-05285,transforma,,,5365,,shortlisted_from_wordfreq_seed
wfpt-05286,trio,,,5366,,shortlisted_from_wordfreq_seed
wfpt-05287,tóquio,,,5367,,shortlisted_from_wordfreq_seed
wfpt-05288,ventos,,,5368,,shortlisted_from_wordfreq_seed
wfpt-05289,violão,,,5369,,shortlisted_from_wordfreq_seed
wfpt-05290,virtude,,,5370,,shortlisted_from_wordfreq_seed
wfpt-05291,visando,,,5371,,shortlisted_from_wordfreq_seed
wfpt-05292,voleibol,,,5372,,shortlisted_from_wordfreq_seed
wfpt-05293,vosso,,,5373,,shortlisted_from_wordfreq_seed
wfpt-05294,abrindo,,,5374,,shortlisted_from_wordfreq_seed
wfpt-05295,aceitação,,,5375,,shortlisted_from_wordfreq_seed
wfpt-05296,acreditava,,,5376,,shortlisted_from_wordfreq_seed
wfpt-05297,afeganistão,,,5377,,shortlisted_from_wordfreq_seed
wfpt-05298,aplicar,,,5378,,shortlisted_from_wordfreq_seed
wfpt-05299,aplicativos,,,5379,,shortlisted_from_wordfreq_seed
wfpt-05300,aproximar,,,5380,,shortlisted_from_wordfreq_seed
wfpt-05301,aquisição,,,5381,,shortlisted_from_wordfreq_seed
wfpt-05302,artística,,,5382,,shortlisted_from_wordfreq_seed
wfpt-05303,automaticamente,,,5383,,shortlisted_from_wordfreq_seed
wfpt-05304,barba,,,5384,,shortlisted_from_wordfreq_seed
wfpt-05305,boston,,,5385,,shortlisted_from_wordfreq_seed
wfpt-05306,britânica,,,5386,,shortlisted_from_wordfreq_seed
wfpt-05307,burro,,,5387,,shortlisted_from_wordfreq_seed
wfpt-05308,cancelar,,,5388,,shortlisted_from_wordfreq_seed
wfpt-05309,carrega,,,5389,,shortlisted_from_wordfreq_seed
wfpt-05310,celso,,,5390,,shortlisted_from_wordfreq_seed
wfpt-05311,chamas,,,5391,,shortlisted_from_wordfreq_seed
wfpt-05312,cinza,,,5392,,shortlisted_from_wordfreq_seed
wfpt-05313,colocação,,,5393,,shortlisted_from_wordfreq_seed
wfpt-05314,combina,,,5394,,shortlisted_from_wordfreq_seed
wfpt-05315,comeu,,,5395,,shortlisted_from_wordfreq_seed
wfpt-05316,compreende,,,5396,,shortlisted_from_wordfreq_seed
wfpt-05317,constitui,,,5397,,shortlisted_from_wordfreq_seed
wfpt-05318,consumidores,,,5398,,shortlisted_from_wordfreq_seed
wfpt-05319,contínua,,,5399,,shortlisted_from_wordfreq_seed
wfpt-05320,criatura,,,5400,,shortlisted_from_wordfreq_seed
wfpt-05321,cópias,,,5401,,shortlisted_from_wordfreq_seed
wfpt-05322,decidido,,,5402,,shortlisted_from_wordfreq_seed
wfpt-05323,demorou,,,5403,,shortlisted_from_wordfreq_seed
wfpt-05324,dente,,,5404,,shortlisted_from_wordfreq_seed
wfpt-05325,depender,,,5405,,shortlisted_from_wordfreq_seed
wfpt-05326,descanso,,,5406,,shortlisted_from_wordfreq_seed
wfpt-05327,desemprego,,,5407,,shortlisted_from_wordfreq_seed
wfpt-05328,destinado,,,5408,,shortlisted_from_wordfreq_seed
wfpt-05329,deusa,,,5409,,shortlisted_from_wordfreq_seed
wfpt-05330,deviam,,,5410,,shortlisted_from_wordfreq_seed
wfpt-05331,divide,,,5411,,shortlisted_from_wordfreq_seed
wfpt-05332,dólar,,,5412,,shortlisted_from_wordfreq_seed
wfpt-05333,emocionante,,,5414,,shortlisted_from_wordfreq_seed
wfpt-05334,empregada,,,5415,,shortlisted_from_wordfreq_seed
wfpt-05335,escolhi,,,5416,,shortlisted_from_wordfreq_seed
wfpt-05336,espalhar,,,5417,,shortlisted_from_wordfreq_seed
wfpt-05337,especializada,,,5418,,shortlisted_from_wordfreq_seed
wfpt-05338,esperanças,,,5419,,shortlisted_from_wordfreq_seed
wfpt-05339,estabelece,,,5420,,shortlisted_from_wordfreq_seed
wfpt-05340,estômago,,,5421,,shortlisted_from_wordfreq_seed
wfpt-05341,excesso,,,5422,,shortlisted_from_wordfreq_seed
wfpt-05342,expressões,,,5423,,shortlisted_from_wordfreq_seed
wfpt-05343,falsos,,,5424,,shortlisted_from_wordfreq_seed
wfpt-05344,favorita,,,5425,,shortlisted_from_wordfreq_seed
wfpt-05345,fechou,,,5426,,shortlisted_from_wordfreq_seed
wfpt-05346,fotógrafo,,,5427,,shortlisted_from_wordfreq_seed
wfpt-05347,fraca,,,5428,,shortlisted_from_wordfreq_seed
wfpt-05348,funcionam,,,5429,,shortlisted_from_wordfreq_seed
wfpt-05349,futura,,,5430,,shortlisted_from_wordfreq_seed
wfpt-05350,garagem,,,5431,,shortlisted_from_wordfreq_seed
wfpt-05351,governamentais,,,5432,,shortlisted_from_wordfreq_seed
wfpt-05353,hill,,,5434,,shortlisted_from_wordfreq_seed
wfpt-05354,intensa,,,5435,,shortlisted_from_wordfreq_seed
wfpt-05355,inveja,,,5436,,shortlisted_from_wordfreq_seed
wfpt-05356,investidores,,,5437,,shortlisted_from_wordfreq_seed
wfpt-05357,juntou,,,5438,,shortlisted_from_wordfreq_seed
wfpt-05358,líquido,,,5439,,shortlisted_from_wordfreq_seed
wfpt-05359,mencionado,,,5440,,shortlisted_from_wordfreq_seed
wfpt-05360,mesquita,,,5441,,shortlisted_from_wordfreq_seed
wfpt-05361,ministra,,,5442,,shortlisted_from_wordfreq_seed
wfpt-05362,modernos,,,5443,,shortlisted_from_wordfreq_seed
wfpt-05363,molho,,,5444,,shortlisted_from_wordfreq_seed
wfpt-05364,nunes,,,5445,,shortlisted_from_wordfreq_seed
wfpt-05365,ocorrência,,,5446,,shortlisted_from_wordfreq_seed
wfpt-05366,oficinas,,,5447,,shortlisted_from_wordfreq_seed
wfpt-05367,oposto,,,5448,,shortlisted_from_wordfreq_seed
wfpt-05368,pmdb,,,5449,,shortlisted_from_wordfreq_seed
wfpt-05369,portão,,,5450,,shortlisted_from_wordfreq_seed
wfpt-05370,positivas,,,5451,,shortlisted_from_wordfreq_seed
wfpt-05371,postagem,,,5452,,shortlisted_from_wordfreq_seed
wfpt-05372,prevista,,,5453,,shortlisted_from_wordfreq_seed
wfpt-05373,pudessem,,,5454,,shortlisted_from_wordfreq_seed
wfpt-05375,queridos,,,5456,,shortlisted_from_wordfreq_seed
wfpt-05376,químicos,,,5457,,shortlisted_from_wordfreq_seed
wfpt-05377,rebeldes,,,5458,,shortlisted_from_wordfreq_seed
wfpt-05378,recomendo,,,5459,,shortlisted_from_wordfreq_seed
wfpt-05379,referir,,,5460,,shortlisted_from_wordfreq_seed
wfpt-05380,relevantes,,,5461,,shortlisted_from_wordfreq_seed
wfpt-05381,rumores,,,5462,,shortlisted_from_wordfreq_seed
wfpt-05382,sabiam,,,5463,,shortlisted_from_wordfreq_seed
wfpt-05383,saí,,,5464,,shortlisted_from_wordfreq_seed
wfpt-05384,sentimos,,,5465,,shortlisted_from_wordfreq_seed
wfpt-05385,separados,,,5466,,shortlisted_from_wordfreq_seed
wfpt-05386,soma,,,5467,,shortlisted_from_wordfreq_seed
wfpt-05387,sonora,,,5468,,shortlisted_from_wordfreq_seed
wfpt-05388,suportar,,,5469,,shortlisted_from_wordfreq_seed
wfpt-05389,teclado,,,5470,,shortlisted_from_wordfreq_seed
wfpt-05390,terrorista,,,5471,,shortlisted_from_wordfreq_seed
wfpt-05391,testemunho,,,5472,,shortlisted_from_wordfreq_seed
wfpt-05392,trailer,,,5473,,shortlisted_from_wordfreq_seed
wfpt-05393,tribunais,,,5474,,shortlisted_from_wordfreq_seed
wfpt-05394,urbanos,,,5475,,shortlisted_from_wordfreq_seed
wfpt-05395,vanessa,,,5476,,shortlisted_from_wordfreq_seed
wfpt-05396,vargas,,,5477,,shortlisted_from_wordfreq_seed
wfpt-05397,vela,,,5478,,shortlisted_from_wordfreq_seed
wfpt-05398,vendendo,,,5479,,shortlisted_from_wordfreq_seed
wfpt-05399,vendeu,,,5480,,shortlisted_from_wordfreq_seed
wfpt-05400,viajando,,,5481,,shortlisted_from_wordfreq_seed
wfpt-05401,abandonado,,,5484,,shortlisted_from_wordfreq_seed
wfpt-05402,abandonou,,,5485,,shortlisted_from_wordfreq_seed
wfpt-05403,acompanhando,,,5486,,shortlisted_from_wordfreq_seed
wfpt-05404,adoção,,,5487,,shortlisted_from_wordfreq_seed
wfpt-05405,afirmação,,,5488,,shortlisted_from_wordfreq_seed
wfpt-05406,alvos,,,5489,,shortlisted_from_wordfreq_seed
wfpt-05407,amava,,,5490,,shortlisted_from_wordfreq_seed
wfpt-05408,apoia,,,5491,,shortlisted_from_wordfreq_seed
wfpt-05409,aprendizagem,,,5492,,shortlisted_from_wordfreq_seed
wfpt-05410,apresentador,,,5493,,shortlisted_from_wordfreq_seed
wfpt-05411,assassinatos,,,5494,,shortlisted_from_wordfreq_seed
wfpt-05412,atuando,,,5495,,shortlisted_from_wordfreq_seed
wfpt-05413,barreira,,,5496,,shortlisted_from_wordfreq_seed
wfpt-05414,batata,,,5497,,shortlisted_from_wordfreq_seed
wfpt-05415,beatriz,,,5498,,shortlisted_from_wordfreq_seed
wfpt-05416,bolsas,,,5499,,shortlisted_from_wordfreq_seed
wfpt-05417,bronze,,,5500,,shortlisted_from_wordfreq_seed
wfpt-05418,bruce,,,5501,,shortlisted_from_wordfreq_seed
wfpt-05419,calça,,,5502,,shortlisted_from_wordfreq_seed
wfpt-05420,cana,,,5503,,shortlisted_from_wordfreq_seed
wfpt-05421,causada,,,5504,,shortlisted_from_wordfreq_seed
wfpt-05422,coca,,,5505,,shortlisted_from_wordfreq_seed
wfpt-05423,completou,,,5506,,shortlisted_from_wordfreq_seed
wfpt-05424,concreto,,,5507,,shortlisted_from_wordfreq_seed
wfpt-05425,considero,,,5508,,shortlisted_from_wordfreq_seed
wfpt-05426,cotidiano,,,5509,,shortlisted_from_wordfreq_seed
wfpt-05427,crenças,,,5510,,shortlisted_from_wordfreq_seed
wfpt-05428,criticar,,,5511,,shortlisted_from_wordfreq_seed
wfpt-05429,cujas,,,5512,,shortlisted_from_wordfreq_seed
wfpt-05430,culpado,,,5513,,shortlisted_from_wordfreq_seed
wfpt-05431,curtir,,,5514,,shortlisted_from_wordfreq_seed
wfpt-05432,dadas,,,5515,,shortlisted_from_wordfreq_seed
wfpt-05433,defendendo,,,5516,,shortlisted_from_wordfreq_seed
wfpt-05434,demissão,,,5517,,shortlisted_from_wordfreq_seed
wfpt-05435,descendentes,,,5518,,shortlisted_from_wordfreq_seed
wfpt-05436,deter,,,5519,,shortlisted_from_wordfreq_seed
wfpt-05437,devagar,,,5520,,shortlisted_from_wordfreq_seed
wfpt-05438,diagnóstico,,,5521,,shortlisted_from_wordfreq_seed
wfpt-05439,diploma,,,5522,,shortlisted_from_wordfreq_seed
wfpt-05440,discos,,,5523,,shortlisted_from_wordfreq_seed
wfpt-05441,doido,,,5524,,shortlisted_from_wordfreq_seed
wfpt-05442,eletricidade,,,5525,,shortlisted_from_wordfreq_seed
wfpt-05443,emma,,,5526,,shortlisted_from_wordfreq_seed
wfpt-05444,encarar,,,5527,,shortlisted_from_wordfreq_seed
wfpt-05445,escolhida,,,5528,,shortlisted_from_wordfreq_seed
wfpt-05446,escravo,,,5529,,shortlisted_from_wordfreq_seed
wfpt-05447,específicas,,,5530,,shortlisted_from_wordfreq_seed
wfpt-05448,espere,,,5531,,shortlisted_from_wordfreq_seed
wfpt-05449,esquadrão,,,5532,,shortlisted_from_wordfreq_seed
wfpt-05450,estuda,,,5533,,shortlisted_from_wordfreq_seed
wfpt-05451,facilidade,,,5534,,shortlisted_from_wordfreq_seed
wfpt-05452,fechados,,,5535,,shortlisted_from_wordfreq_seed
wfpt-05453,flávio,,,5536,,shortlisted_from_wordfreq_seed
wfpt-05454,fortalecer,,,5537,,shortlisted_from_wordfreq_seed
wfpt-05455,fortuna,,,5538,,shortlisted_from_wordfreq_seed
wfpt-05456,gerou,,,5539,,shortlisted_from_wordfreq_seed
wfpt-05457,gravações,,,5540,,shortlisted_from_wordfreq_seed
wfpt-05458,impressões,,,5541,,shortlisted_from_wordfreq_seed
wfpt-05459,inútil,,,5542,,shortlisted_from_wordfreq_seed
wfpt-05460,jay,,,5543,,shortlisted_from_wordfreq_seed
wfpt-05461,laços,,,5544,,shortlisted_from_wordfreq_seed
wfpt-05462,leandro,,,5545,,shortlisted_from_wordfreq_seed
wfpt-05463,levante,,,5546,,shortlisted_from_wordfreq_seed
wfpt-05464,ligue,,,5547,,shortlisted_from_wordfreq_seed
wfpt-05465,limitada,,,5548,,shortlisted_from_wordfreq_seed
wfpt-05466,litoral,,,5549,,shortlisted_from_wordfreq_seed
wfpt-05467,livrar,,,5550,,shortlisted_from_wordfreq_seed
wfpt-05468,mando,,,5551,,shortlisted_from_wordfreq_seed
wfpt-05469,mexicano,,,5552,,shortlisted_from_wordfreq_seed
wfpt-05470,mineração,,,5553,,shortlisted_from_wordfreq_seed
wfpt-05471,modalidade,,,5554,,shortlisted_from_wordfreq_seed
wfpt-05472,mortal,,,5555,,shortlisted_from_wordfreq_seed
wfpt-05473,muçulmanos,,,5556,,shortlisted_from_wordfreq_seed
wfpt-05474,nasci,,,5557,,shortlisted_from_wordfreq_seed
wfpt-05475,nativos,,,5558,,shortlisted_from_wordfreq_seed
wfpt-05476,neles,,,5559,,shortlisted_from_wordfreq_seed
wfpt-05477,nervosa,,,5560,,shortlisted_from_wordfreq_seed
wfpt-05478,ocidentais,,,5561,,shortlisted_from_wordfreq_seed
wfpt-05479,ombro,,,5562,,shortlisted_from_wordfreq_seed
wfpt-05480,osso,,,5563,,shortlisted_from_wordfreq_seed
wfpt-05481,palestras,,,5564,,shortlisted_from_wordfreq_seed
wfpt-05482,pano,,,5565,,shortlisted_from_wordfreq_seed
wfpt-05483,parcial,,,5566,,shortlisted_from_wordfreq_seed
wfpt-05484,pasta,,,5567,,shortlisted_from_wordfreq_seed
wfpt-05485,pedimos,,,5568,,shortlisted_from_wordfreq_seed
wfpt-05486,planejado,,,5569,,shortlisted_from_wordfreq_seed
wfpt-05487,praticar,,,5570,,shortlisted_from_wordfreq_seed
wfpt-05488,prevenir,,,5571,,shortlisted_from_wordfreq_seed
wfpt-05489,publica,,,5572,,shortlisted_from_wordfreq_seed
wfpt-05490,páscoa,,,5573,,shortlisted_from_wordfreq_seed
wfpt-05491,queixa,,,5574,,shortlisted_from_wordfreq_seed
wfpt-05492,recebemos,,,5575,,shortlisted_from_wordfreq_seed
wfpt-05493,roubado,,,5576,,shortlisted_from_wordfreq_seed
wfpt-05495,segurando,,,5578,,shortlisted_from_wordfreq_seed
wfpt-05496,sermos,,,5579,,shortlisted_from_wordfreq_seed
wfpt-05497,sonhar,,,5580,,shortlisted_from_wordfreq_seed
wfpt-05498,temperaturas,,,5581,,shortlisted_from_wordfreq_seed
wfpt-05499,trajetória,,,5582,,shortlisted_from_wordfreq_seed
wfpt-05500,trechos,,,5583,,shortlisted_from_wordfreq_seed
wfpt-05501,une,,,5584,,shortlisted_from_wordfreq_seed
wfpt-05502,usina,,,5585,,shortlisted_from_wordfreq_seed
wfpt-05503,vegas,,,5586,,shortlisted_from_wordfreq_seed
wfpt-05504,vestidos,,,5587,,shortlisted_from_wordfreq_seed
wfpt-05505,virada,,,5588,,shortlisted_from_wordfreq_seed
wfpt-05506,acabo,,,5589,,shortlisted_from_wordfreq_seed
wfpt-05507,acertar,,,5590,,shortlisted_from_wordfreq_seed
wfpt-05508,afasta,,,5591,,shortlisted_from_wordfreq_seed
wfpt-05509,algodão,,,5592,,shortlisted_from_wordfreq_seed
wfpt-05510,alterar,,,5593,,shortlisted_from_wordfreq_seed
wfpt-05511,alteração,,,5594,,shortlisted_from_wordfreq_seed
wfpt-05512,amostras,,,5595,,shortlisted_from_wordfreq_seed
wfpt-05513,anúncios,,,5596,,shortlisted_from_wordfreq_seed
wfpt-05514,aprendendo,,,5597,,shortlisted_from_wordfreq_seed
wfpt-05515,ascensão,,,5598,,shortlisted_from_wordfreq_seed
wfpt-05516,aéreas,,,5599,,shortlisted_from_wordfreq_seed
wfpt-05517,bacana,,,5600,,shortlisted_from_wordfreq_seed
wfpt-05518,barbara,,,5601,,shortlisted_from_wordfreq_seed
wfpt-05519,beijar,,,5602,,shortlisted_from_wordfreq_seed
wfpt-05520,book,,,5603,,shortlisted_from_wordfreq_seed
wfpt-05521,bárbara,,,5604,,shortlisted_from_wordfreq_seed
wfpt-05522,camadas,,,5605,,shortlisted_from_wordfreq_seed
wfpt-05523,cego,,,5606,,shortlisted_from_wordfreq_seed
wfpt-05524,cerebral,,,5607,,shortlisted_from_wordfreq_seed
wfpt-05525,cheios,,,5608,,shortlisted_from_wordfreq_seed
wfpt-05526,claudia,,,5609,,shortlisted_from_wordfreq_seed
wfpt-05527,coimbra,,,5610,,shortlisted_from_wordfreq_seed
wfpt-05528,colônia,,,5611,,shortlisted_from_wordfreq_seed
wfpt-05529,congo,,,5612,,shortlisted_from_wordfreq_seed
wfpt-05530,consideram,,,5613,,shortlisted_from_wordfreq_seed
wfpt-05531,contente,,,5614,,shortlisted_from_wordfreq_seed
wfpt-05532,costumava,,,5615,,shortlisted_from_wordfreq_seed
wfpt-05533,critica,,,5616,,shortlisted_from_wordfreq_seed
wfpt-05534,cruel,,,5617,,shortlisted_from_wordfreq_seed
wfpt-05535,culinária,,,5618,,shortlisted_from_wordfreq_seed
wfpt-05536,curtas,,,5619,,shortlisted_from_wordfreq_seed
wfpt-05537,definida,,,5620,,shortlisted_from_wordfreq_seed
wfpt-05538,digam,,,5621,,shortlisted_from_wordfreq_seed
wfpt-05539,dirigentes,,,5622,,shortlisted_from_wordfreq_seed
wfpt-05540,dita,,,5623,,shortlisted_from_wordfreq_seed
wfpt-05541,económica,,,5624,,shortlisted_from_wordfreq_seed
wfpt-05542,entregou,,,5625,,shortlisted_from_wordfreq_seed
wfpt-05543,escada,,,5626,,shortlisted_from_wordfreq_seed
wfpt-05544,esclarecer,,,5627,,shortlisted_from_wordfreq_seed
wfpt-05545,esconde,,,5628,,shortlisted_from_wordfreq_seed
wfpt-05546,escondido,,,5629,,shortlisted_from_wordfreq_seed
wfpt-05547,escrevo,,,5630,,shortlisted_from_wordfreq_seed
wfpt-05548,escritora,,,5631,,shortlisted_from_wordfreq_seed
wfpt-05549,espanhóis,,,5632,,shortlisted_from_wordfreq_seed
wfpt-05550,esquina,,,5633,,shortlisted_from_wordfreq_seed
wfpt-05551,exportação,,,5634,,shortlisted_from_wordfreq_seed
wfpt-05552,feridas,,,5635,,shortlisted_from_wordfreq_seed
wfpt-05553,fizesse,,,5636,,shortlisted_from_wordfreq_seed
wfpt-05554,florestal,,,5637,,shortlisted_from_wordfreq_seed
wfpt-05555,fugiu,,,5638,,shortlisted_from_wordfreq_seed
wfpt-05556,geladeira,,,5639,,shortlisted_from_wordfreq_seed
wfpt-05557,gigantes,,,5640,,shortlisted_from_wordfreq_seed
wfpt-05558,gratuita,,,5641,,shortlisted_from_wordfreq_seed
wfpt-05559,hectares,,,5642,,shortlisted_from_wordfreq_seed
wfpt-05560,hábitos,,,5643,,shortlisted_from_wordfreq_seed
wfpt-05561,ian,,,5644,,shortlisted_from_wordfreq_seed
wfpt-05562,integridade,,,5645,,shortlisted_from_wordfreq_seed
wfpt-05563,lentamente,,,5646,,shortlisted_from_wordfreq_seed
wfpt-05564,liberação,,,5647,,shortlisted_from_wordfreq_seed
wfpt-05565,loucos,,,5648,,shortlisted_from_wordfreq_seed
wfpt-05566,lucros,,,5649,,shortlisted_from_wordfreq_seed
wfpt-05567,maracanã,,,5650,,shortlisted_from_wordfreq_seed
wfpt-05568,marta,,,5651,,shortlisted_from_wordfreq_seed
wfpt-05569,massacre,,,5652,,shortlisted_from_wordfreq_seed
wfpt-05570,melhoria,,,5653,,shortlisted_from_wordfreq_seed
wfpt-05571,mestrado,,,5654,,shortlisted_from_wordfreq_seed
wfpt-05572,mineiro,,,5655,,shortlisted_from_wordfreq_seed
wfpt-05573,mobilidade,,,5656,,shortlisted_from_wordfreq_seed
wfpt-05574,modos,,,5657,,shortlisted_from_wordfreq_seed
wfpt-05575,moraes,,,5658,,shortlisted_from_wordfreq_seed
wfpt-05576,mortas,,,5659,,shortlisted_from_wordfreq_seed
wfpt-05577,mudam,,,5660,,shortlisted_from_wordfreq_seed
wfpt-05578,national,,,5661,,shortlisted_from_wordfreq_seed
wfpt-05579,nina,,,5662,,shortlisted_from_wordfreq_seed
wfpt-05581,nuvens,,,5664,,shortlisted_from_wordfreq_seed
wfpt-05582,onze,,,5665,,shortlisted_from_wordfreq_seed
wfpt-05583,pagando,,,5666,,shortlisted_from_wordfreq_seed
wfpt-05584,pagos,,,5667,,shortlisted_from_wordfreq_seed
wfpt-05585,parcela,,,5668,,shortlisted_from_wordfreq_seed
wfpt-05586,pares,,,5669,,shortlisted_from_wordfreq_seed
wfpt-05587,pedem,,,5670,,shortlisted_from_wordfreq_seed
wfpt-05588,penas,,,5671,,shortlisted_from_wordfreq_seed
wfpt-05589,perfume,,,5672,,shortlisted_from_wordfreq_seed
wfpt-05590,pergunte,,,5673,,shortlisted_from_wordfreq_seed
wfpt-05591,praga,,,5674,,shortlisted_from_wordfreq_seed
wfpt-05592,presta,,,5675,,shortlisted_from_wordfreq_seed
wfpt-05593,provoca,,,5676,,shortlisted_from_wordfreq_seed
wfpt-05594,reconstrução,,,5677,,shortlisted_from_wordfreq_seed
wfpt-05595,registrou,,,5678,,shortlisted_from_wordfreq_seed
wfpt-05596,religiões,,,5679,,shortlisted_from_wordfreq_seed
wfpt-05597,remoção,,,5680,,shortlisted_from_wordfreq_seed
wfpt-05598,resistir,,,5681,,shortlisted_from_wordfreq_seed
wfpt-05599,reta,,,5682,,shortlisted_from_wordfreq_seed
wfpt-05600,revelação,,,5683,,shortlisted_from_wordfreq_seed
wfpt-05601,rousseff,,,5684,,shortlisted_from_wordfreq_seed
wfpt-05602,sampaio,,,5685,,shortlisted_from_wordfreq_seed
wfpt-05603,segmento,,,5686,,shortlisted_from_wordfreq_seed
wfpt-05604,sporting,,,5687,,shortlisted_from_wordfreq_seed
wfpt-05605,suja,,,5688,,shortlisted_from_wordfreq_seed
wfpt-05606,síndrome,,,5689,,shortlisted_from_wordfreq_seed
wfpt-05607,tailândia,,,5690,,shortlisted_from_wordfreq_seed
wfpt-05608,telemóvel,,,5691,,shortlisted_from_wordfreq_seed
wfpt-05609,temática,,,5692,,shortlisted_from_wordfreq_seed
wfpt-05610,trama,,,5693,,shortlisted_from_wordfreq_seed
wfpt-05611,tranquila,,,5694,,shortlisted_from_wordfreq_seed
wfpt-05612,transmitido,,,5695,,shortlisted_from_wordfreq_seed
wfpt-05613,vital,,,5696,,shortlisted_from_wordfreq_seed
wfpt-05614,vôlei,,,5697,,shortlisted_from_wordfreq_seed
wfpt-05615,xix,,,5698,,shortlisted_from_wordfreq_seed
wfpt-05616,acabe,,,5699,,shortlisted_from_wordfreq_seed
wfpt-05617,achando,,,5700,,shortlisted_from_wordfreq_seed
wfpt-05618,acompanhe,,,5701,,shortlisted_from_wordfreq_seed
wfpt-05619,advogada,,,5702,,shortlisted_from_wordfreq_seed
wfpt-05620,aguenta,,,5703,,shortlisted_from_wordfreq_seed
wfpt-05621,alimento,,,5704,,shortlisted_from_wordfreq_seed
wfpt-05622,aprenda,,,5705,,shortlisted_from_wordfreq_seed
wfpt-05623,aprende,,,5706,,shortlisted_from_wordfreq_seed
wfpt-05624,atacou,,,5707,,shortlisted_from_wordfreq_seed
wfpt-05625,ave,,,5708,,shortlisted_from_wordfreq_seed
wfpt-05626,aventuras,,,5709,,shortlisted_from_wordfreq_seed
wfpt-05627,basquete,,,5710,,shortlisted_from_wordfreq_seed
wfpt-05628,bastidores,,,5711,,shortlisted_from_wordfreq_seed
wfpt-05629,besteira,,,5712,,shortlisted_from_wordfreq_seed
wfpt-05630,bolas,,,5713,,shortlisted_from_wordfreq_seed
wfpt-05631,borracha,,,5714,,shortlisted_from_wordfreq_seed
wfpt-05632,brinquedos,,,5715,,shortlisted_from_wordfreq_seed
wfpt-05633,cinquenta,,,5716,,shortlisted_from_wordfreq_seed
wfpt-05634,circo,,,5717,,shortlisted_from_wordfreq_seed
wfpt-05635,clássica,,,5718,,shortlisted_from_wordfreq_seed
wfpt-05636,colocados,,,5719,,shortlisted_from_wordfreq_seed
wfpt-05637,comparado,,,5720,,shortlisted_from_wordfreq_seed
wfpt-05638,condenação,,,5721,,shortlisted_from_wordfreq_seed
wfpt-05639,conspiração,,,5722,,shortlisted_from_wordfreq_seed
wfpt-05640,criaram,,,5723,,shortlisted_from_wordfreq_seed
wfpt-05641,cálculo,,,5724,,shortlisted_from_wordfreq_seed
wfpt-05642,dedicar,,,5725,,shortlisted_from_wordfreq_seed
wfpt-05643,desconto,,,5726,,shortlisted_from_wordfreq_seed
wfpt-05644,descrito,,,5727,,shortlisted_from_wordfreq_seed
wfpt-05645,divulgada,,,5728,,shortlisted_from_wordfreq_seed
wfpt-05647,elogios,,,5730,,shortlisted_from_wordfreq_seed
wfpt-05648,encher,,,5731,,shortlisted_from_wordfreq_seed
wfpt-05649,escândalo,,,5732,,shortlisted_from_wordfreq_seed
wfpt-05650,essência,,,5733,,shortlisted_from_wordfreq_seed
wfpt-05651,exteriores,,,5734,,shortlisted_from_wordfreq_seed
wfpt-05652,farão,,,5735,,shortlisted_from_wordfreq_seed
wfpt-05653,favoritos,,,5736,,shortlisted_from_wordfreq_seed
wfpt-05654,feijão,,,5737,,shortlisted_from_wordfreq_seed
wfpt-05655,fiéis,,,5738,,shortlisted_from_wordfreq_seed
wfpt-05656,gado,,,5739,,shortlisted_from_wordfreq_seed
wfpt-05657,garotos,,,5740,,shortlisted_from_wordfreq_seed
wfpt-05658,gira,,,5741,,shortlisted_from_wordfreq_seed
wfpt-05659,gozar,,,5742,,shortlisted_from_wordfreq_seed
wfpt-05660,gratuitamente,,,5743,,shortlisted_from_wordfreq_seed
wfpt-05661,guitarra,,,5744,,shortlisted_from_wordfreq_seed
wfpt-05662,happy,,,5745,,shortlisted_from_wordfreq_seed
wfpt-05663,hipóteses,,,5746,,shortlisted_from_wordfreq_seed
wfpt-05664,impactos,,,5747,,shortlisted_from_wordfreq_seed
wfpt-05665,impulso,,,5748,,shortlisted_from_wordfreq_seed
wfpt-05666,infecção,,,5749,,shortlisted_from_wordfreq_seed
wfpt-05667,inocentes,,,5750,,shortlisted_from_wordfreq_seed
wfpt-05668,institucional,,,5751,,shortlisted_from_wordfreq_seed
wfpt-05669,jerusalém,,,5752,,shortlisted_from_wordfreq_seed
wfpt-05670,jogado,,,5753,,shortlisted_from_wordfreq_seed
wfpt-05671,judeu,,,5754,,shortlisted_from_wordfreq_seed
wfpt-05672,junte,,,5755,,shortlisted_from_wordfreq_seed
wfpt-05673,juvenil,,,5756,,shortlisted_from_wordfreq_seed
wfpt-05674,lembram,,,5757,,shortlisted_from_wordfreq_seed
wfpt-05675,libras,,,5758,,shortlisted_from_wordfreq_seed
wfpt-05676,mande,,,5759,,shortlisted_from_wordfreq_seed
wfpt-05677,maratona,,,5760,,shortlisted_from_wordfreq_seed
wfpt-05678,mediante,,,5761,,shortlisted_from_wordfreq_seed
wfpt-05679,mexe,,,5762,,shortlisted_from_wordfreq_seed
wfpt-05680,miller,,,5763,,shortlisted_from_wordfreq_seed
wfpt-05681,missões,,,5764,,shortlisted_from_wordfreq_seed
wfpt-05683,negras,,,5766,,shortlisted_from_wordfreq_seed
wfpt-05684,olhares,,,5767,,shortlisted_from_wordfreq_seed
wfpt-05685,origens,,,5768,,shortlisted_from_wordfreq_seed
wfpt-05686,pagam,,,5769,,shortlisted_from_wordfreq_seed
wfpt-05687,palmas,,,5770,,shortlisted_from_wordfreq_seed
wfpt-05688,paradas,,,5771,,shortlisted_from_wordfreq_seed
wfpt-05689,part,,,5772,,shortlisted_from_wordfreq_seed
wfpt-05690,participam,,,5773,,shortlisted_from_wordfreq_seed
wfpt-05691,pausa,,,5774,,shortlisted_from_wordfreq_seed
wfpt-05692,per,,,5775,,shortlisted_from_wordfreq_seed
wfpt-05693,perdidos,,,5776,,shortlisted_from_wordfreq_seed
wfpt-05694,perdoar,,,5777,,shortlisted_from_wordfreq_seed
wfpt-05695,personalidades,,,5778,,shortlisted_from_wordfreq_seed
wfpt-05696,pinheiro,,,5779,,shortlisted_from_wordfreq_seed
wfpt-05697,piso,,,5780,,shortlisted_from_wordfreq_seed
wfpt-05698,placar,,,5781,,shortlisted_from_wordfreq_seed
wfpt-05699,prestação,,,5782,,shortlisted_from_wordfreq_seed
wfpt-05700,privados,,,5783,,shortlisted_from_wordfreq_seed
wfpt-05701,project,,,5784,,shortlisted_from_wordfreq_seed
wfpt-05702,raquel,,,5785,,shortlisted_from_wordfreq_seed
wfpt-05703,referido,,,5786,,shortlisted_from_wordfreq_seed
wfpt-05704,registrar,,,5787,,shortlisted_from_wordfreq_seed
wfpt-05705,relacionamentos,,,5788,,shortlisted_from_wordfreq_seed
wfpt-05706,responsabilidades,,,5789,,shortlisted_from_wordfreq_seed
wfpt-05707,rick,,,5790,,shortlisted_from_wordfreq_seed
wfpt-05708,sacrifício,,,5791,,shortlisted_from_wordfreq_seed
wfpt-05709,sagrada,,,5792,,shortlisted_from_wordfreq_seed
wfpt-05710,serei,,,5793,,shortlisted_from_wordfreq_seed
wfpt-05711,surpreendente,,,5794,,shortlisted_from_wordfreq_seed
wfpt-05712,suécia,,,5795,,shortlisted_from_wordfreq_seed
wfpt-05713,team,,,5796,,shortlisted_from_wordfreq_seed
wfpt-05714,traduzir,,,5797,,shortlisted_from_wordfreq_seed
wfpt-05715,tratam,,,5798,,shortlisted_from_wordfreq_seed
wfpt-05716,turnê,,,5799,,shortlisted_from_wordfreq_seed
wfpt-05717,unesco,,,5800,,shortlisted_from_wordfreq_seed
wfpt-05718,urgência,,,5801,,shortlisted_from_wordfreq_seed
wfpt-05719,viana,,,5802,,shortlisted_from_wordfreq_seed
wfpt-05720,visitou,,,5803,,shortlisted_from_wordfreq_seed
wfpt-05721,young,,,5804,,shortlisted_from_wordfreq_seed
wfpt-05722,ênfase,,,5805,,shortlisted_from_wordfreq_seed
wfpt-05723,êxito,,,5806,,shortlisted_from_wordfreq_seed
wfpt-05724,absoluto,,,5807,,shortlisted_from_wordfreq_seed
wfpt-05725,acompanhamento,,,5808,,shortlisted_from_wordfreq_seed
wfpt-05726,administrador,,,5809,,shortlisted_from_wordfreq_seed
wfpt-05727,afirmam,,,5810,,shortlisted_from_wordfreq_seed
wfpt-05728,agressão,,,5811,,shortlisted_from_wordfreq_seed
wfpt-05729,amantes,,,5812,,shortlisted_from_wordfreq_seed
wfpt-05730,amy,,,5813,,shortlisted_from_wordfreq_seed
wfpt-05731,antigamente,,,5814,,shortlisted_from_wordfreq_seed
wfpt-05732,aparelhos,,,5815,,shortlisted_from_wordfreq_seed
wfpt-05733,apontar,,,5816,,shortlisted_from_wordfreq_seed
wfpt-05734,aposto,,,5817,,shortlisted_from_wordfreq_seed
wfpt-05735,apresentadas,,,5818,,shortlisted_from_wordfreq_seed
wfpt-05736,armados,,,5819,,shortlisted_from_wordfreq_seed
wfpt-05737,atrasado,,,5820,,shortlisted_from_wordfreq_seed
wfpt-05739,avanços,,,5822,,shortlisted_from_wordfreq_seed
wfpt-05740,azuis,,,5823,,shortlisted_from_wordfreq_seed
wfpt-05741,bacia,,,5824,,shortlisted_from_wordfreq_seed
wfpt-05742,bagunça,,,5825,,shortlisted_from_wordfreq_seed
wfpt-05743,banana,,,5826,,shortlisted_from_wordfreq_seed
wfpt-05744,barreiras,,,5827,,shortlisted_from_wordfreq_seed
wfpt-05745,buscam,,,5828,,shortlisted_from_wordfreq_seed
wfpt-05747,censo,,,5830,,shortlisted_from_wordfreq_seed
wfpt-05748,citar,,,5831,,shortlisted_from_wordfreq_seed
wfpt-05749,cláudio,,,5832,,shortlisted_from_wordfreq_seed
wfpt-05750,coco,,,5833,,shortlisted_from_wordfreq_seed
wfpt-05751,colocam,,,5834,,shortlisted_from_wordfreq_seed
wfpt-05752,combinado,,,5835,,shortlisted_from_wordfreq_seed
wfpt-05753,consta,,,5836,,shortlisted_from_wordfreq_seed
wfpt-05754,continuação,,,5837,,shortlisted_from_wordfreq_seed
wfpt-05755,criativa,,,5838,,shortlisted_from_wordfreq_seed
wfpt-05756,criei,,,5839,,shortlisted_from_wordfreq_seed
wfpt-05757,demônio,,,5840,,shortlisted_from_wordfreq_seed
wfpt-05758,dependência,,,5841,,shortlisted_from_wordfreq_seed
wfpt-05759,desenhar,,,5842,,shortlisted_from_wordfreq_seed
wfpt-05760,divórcio,,,5843,,shortlisted_from_wordfreq_seed
wfpt-05761,encontrava,,,5844,,shortlisted_from_wordfreq_seed
wfpt-05762,engano,,,5845,,shortlisted_from_wordfreq_seed
wfpt-05763,enormes,,,5846,,shortlisted_from_wordfreq_seed
wfpt-05764,envolvida,,,5847,,shortlisted_from_wordfreq_seed
wfpt-05765,estiverem,,,5848,,shortlisted_from_wordfreq_seed
wfpt-05766,exclusivo,,,5849,,shortlisted_from_wordfreq_seed
wfpt-05767,formulário,,,5850,,shortlisted_from_wordfreq_seed
wfpt-05768,fox,,,5851,,shortlisted_from_wordfreq_seed
wfpt-05769,gravado,,,5852,,shortlisted_from_wordfreq_seed
wfpt-05770,guerreiros,,,5853,,shortlisted_from_wordfreq_seed
wfpt-05771,hábito,,,5854,,shortlisted_from_wordfreq_seed
wfpt-05772,idiomas,,,5855,,shortlisted_from_wordfreq_seed
wfpt-05773,iluminação,,,5856,,shortlisted_from_wordfreq_seed
wfpt-05774,ilusão,,,5857,,shortlisted_from_wordfreq_seed
wfpt-05775,implantação,,,5858,,shortlisted_from_wordfreq_seed
wfpt-05776,infantis,,,5859,,shortlisted_from_wordfreq_seed
wfpt-05777,inicio,,,5860,,shortlisted_from_wordfreq_seed
wfpt-05778,integrado,,,5861,,shortlisted_from_wordfreq_seed
wfpt-05779,inteiramente,,,5862,,shortlisted_from_wordfreq_seed
wfpt-05780,interface,,,5863,,shortlisted_from_wordfreq_seed
wfpt-05781,lenta,,,5864,,shortlisted_from_wordfreq_seed
wfpt-05782,libertar,,,5865,,shortlisted_from_wordfreq_seed
wfpt-05783,marrocos,,,5866,,shortlisted_from_wordfreq_seed
wfpt-05784,meias,,,5867,,shortlisted_from_wordfreq_seed
wfpt-05785,mochila,,,5868,,shortlisted_from_wordfreq_seed
wfpt-05786,nuno,,,5869,,shortlisted_from_wordfreq_seed
wfpt-05787,obama,,,5870,,shortlisted_from_wordfreq_seed
wfpt-05788,observações,,,5871,,shortlisted_from_wordfreq_seed
wfpt-05789,obstáculos,,,5872,,shortlisted_from_wordfreq_seed
wfpt-05790,olímpico,,,5873,,shortlisted_from_wordfreq_seed
wfpt-05791,partilhar,,,5874,,shortlisted_from_wordfreq_seed
wfpt-05792,party,,,5875,,shortlisted_from_wordfreq_seed
wfpt-05793,pilotos,,,5876,,shortlisted_from_wordfreq_seed
wfpt-05794,pintar,,,5877,,shortlisted_from_wordfreq_seed
wfpt-05795,porco,,,5878,,shortlisted_from_wordfreq_seed
wfpt-05796,pratos,,,5879,,shortlisted_from_wordfreq_seed
wfpt-05797,probabilidade,,,5880,,shortlisted_from_wordfreq_seed
wfpt-05798,procurou,,,5881,,shortlisted_from_wordfreq_seed
wfpt-05799,produtora,,,5882,,shortlisted_from_wordfreq_seed
wfpt-05800,puxa,,,5883,,shortlisted_from_wordfreq_seed
wfpt-05801,puxar,,,5884,,shortlisted_from_wordfreq_seed
wfpt-05802,qualificação,,,5885,,shortlisted_from_wordfreq_seed
wfpt-05803,raul,,,5886,,shortlisted_from_wordfreq_seed
wfpt-05804,rebelde,,,5887,,shortlisted_from_wordfreq_seed
wfpt-05805,reconhecida,,,5888,,shortlisted_from_wordfreq_seed
wfpt-05806,ribeirão,,,5889,,shortlisted_from_wordfreq_seed
wfpt-05807,satisfeito,,,5890,,shortlisted_from_wordfreq_seed
wfpt-05808,seios,,,5891,,shortlisted_from_wordfreq_seed
wfpt-05809,sentidos,,,5892,,shortlisted_from_wordfreq_seed
wfpt-05810,sexualidade,,,5893,,shortlisted_from_wordfreq_seed
wfpt-05811,sugestão,,,5894,,shortlisted_from_wordfreq_seed
wfpt-05812,surgimento,,,5895,,shortlisted_from_wordfreq_seed
wfpt-05813,things,,,5896,,shortlisted_from_wordfreq_seed
wfpt-05814,traga,,,5897,,shortlisted_from_wordfreq_seed
wfpt-05815,trump,,,5898,,shortlisted_from_wordfreq_seed
wfpt-05816,two,,,5899,,shortlisted_from_wordfreq_seed
wfpt-05817,variam,,,5900,,shortlisted_from_wordfreq_seed
wfpt-05818,vence,,,5901,,shortlisted_from_wordfreq_seed
wfpt-05819,vermelhas,,,5902,,shortlisted_from_wordfreq_seed
wfpt-05820,volante,,,5903,,shortlisted_from_wordfreq_seed
wfpt-05821,únicas,,,5904,,shortlisted_from_wordfreq_seed
wfpt-05822,abandono,,,5906,,shortlisted_from_wordfreq_seed
wfpt-05823,adolescência,,,5907,,shortlisted_from_wordfreq_seed
wfpt-05824,agrícolas,,,5908,,shortlisted_from_wordfreq_seed
wfpt-05825,ambientes,,,5909,,shortlisted_from_wordfreq_seed
wfpt-05826,animada,,,5910,,shortlisted_from_wordfreq_seed
wfpt-05827,apanhar,,,5911,,shortlisted_from_wordfreq_seed
wfpt-05828,atravessar,,,5912,,shortlisted_from_wordfreq_seed
wfpt-05829,beach,,,5913,,shortlisted_from_wordfreq_seed
wfpt-05830,bico,,,5914,,shortlisted_from_wordfreq_seed
wfpt-05831,billy,,,5915,,shortlisted_from_wordfreq_seed
wfpt-05832,biodiversidade,,,5916,,shortlisted_from_wordfreq_seed
wfpt-05833,bravo,,,5917,,shortlisted_from_wordfreq_seed
wfpt-05834,bruto,,,5918,,shortlisted_from_wordfreq_seed
wfpt-05835,cavaleiro,,,5919,,shortlisted_from_wordfreq_seed
wfpt-05836,chapa,,,5920,,shortlisted_from_wordfreq_seed
wfpt-05837,cintura,,,5921,,shortlisted_from_wordfreq_seed
wfpt-05838,clark,,,5922,,shortlisted_from_wordfreq_seed
wfpt-05839,colapso,,,5923,,shortlisted_from_wordfreq_seed
wfpt-05840,colocaram,,,5924,,shortlisted_from_wordfreq_seed
wfpt-05841,coma,,,5925,,shortlisted_from_wordfreq_seed
wfpt-05842,concelho,,,5926,,shortlisted_from_wordfreq_seed
wfpt-05843,confia,,,5927,,shortlisted_from_wordfreq_seed
wfpt-05844,confirmação,,,5928,,shortlisted_from_wordfreq_seed
wfpt-05845,conforto,,,5929,,shortlisted_from_wordfreq_seed
wfpt-05846,consenso,,,5930,,shortlisted_from_wordfreq_seed
wfpt-05847,contratar,,,5931,,shortlisted_from_wordfreq_seed
wfpt-05848,cristiano,,,5932,,shortlisted_from_wordfreq_seed
wfpt-05849,curva,,,5933,,shortlisted_from_wordfreq_seed
wfpt-05850,demandas,,,5934,,shortlisted_from_wordfreq_seed
wfpt-05851,desenvolve,,,5935,,shortlisted_from_wordfreq_seed
wfpt-05852,dinâmica,,,5936,,shortlisted_from_wordfreq_seed
wfpt-05853,douglas,,,5937,,shortlisted_from_wordfreq_seed
wfpt-05854,enfrenta,,,5938,,shortlisted_from_wordfreq_seed
wfpt-05855,enganar,,,5939,,shortlisted_from_wordfreq_seed
wfpt-05856,entendendo,,,5940,,shortlisted_from_wordfreq_seed
wfpt-05857,escravidão,,,5941,,shortlisted_from_wordfreq_seed
wfpt-05858,estilos,,,5942,,shortlisted_from_wordfreq_seed
wfpt-05859,estragar,,,5943,,shortlisted_from_wordfreq_seed
wfpt-05860,estátua,,,5944,,shortlisted_from_wordfreq_seed
wfpt-05861,eterno,,,5945,,shortlisted_from_wordfreq_seed
wfpt-05862,exclusiva,,,5946,,shortlisted_from_wordfreq_seed
wfpt-05863,executado,,,5947,,shortlisted_from_wordfreq_seed
wfpt-05864,faleceu,,,5948,,shortlisted_from_wordfreq_seed
wfpt-05865,ferimentos,,,5949,,shortlisted_from_wordfreq_seed
wfpt-05866,florianópolis,,,5950,,shortlisted_from_wordfreq_seed
wfpt-05867,ford,,,5951,,shortlisted_from_wordfreq_seed
wfpt-05868,formando,,,5952,,shortlisted_from_wordfreq_seed
wfpt-05869,frutas,,,5953,,shortlisted_from_wordfreq_seed
wfpt-05870,goste,,,5954,,shortlisted_from_wordfreq_seed
wfpt-05871,hip,,,5955,,shortlisted_from_wordfreq_seed
wfpt-05872,how,,,5956,,shortlisted_from_wordfreq_seed
wfpt-05873,howard,,,5957,,shortlisted_from_wordfreq_seed
wfpt-05874,hungria,,,5958,,shortlisted_from_wordfreq_seed
wfpt-05875,imaginei,,,5959,,shortlisted_from_wordfreq_seed
wfpt-05876,impeachment,,,5960,,shortlisted_from_wordfreq_seed
wfpt-05877,informática,,,5961,,shortlisted_from_wordfreq_seed
wfpt-05878,internas,,,5962,,shortlisted_from_wordfreq_seed
wfpt-05879,ironia,,,5963,,shortlisted_from_wordfreq_seed
wfpt-05880,johnson,,,5964,,shortlisted_from_wordfreq_seed
wfpt-05881,lewis,,,5965,,shortlisted_from_wordfreq_seed
wfpt-05882,liberado,,,5966,,shortlisted_from_wordfreq_seed
wfpt-05883,massagem,,,5967,,shortlisted_from_wordfreq_seed
wfpt-05884,mensal,,,5968,,shortlisted_from_wordfreq_seed
wfpt-05885,mostraram,,,5969,,shortlisted_from_wordfreq_seed
wfpt-05886,mude,,,5970,,shortlisted_from_wordfreq_seed
wfpt-05887,mudo,,,5971,,shortlisted_from_wordfreq_seed
wfpt-05888,mágica,,,5972,,shortlisted_from_wordfreq_seed
wfpt-05889,note,,,5973,,shortlisted_from_wordfreq_seed
wfpt-05890,olhei,,,5974,,shortlisted_from_wordfreq_seed
wfpt-05891,pagou,,,5975,,shortlisted_from_wordfreq_seed
wfpt-05892,paquistão,,,5976,,shortlisted_from_wordfreq_seed
wfpt-05893,paralelo,,,5977,,shortlisted_from_wordfreq_seed
wfpt-05894,parcialmente,,,5978,,shortlisted_from_wordfreq_seed
wfpt-05895,parente,,,5979,,shortlisted_from_wordfreq_seed
wfpt-05896,passaporte,,,5980,,shortlisted_from_wordfreq_seed
wfpt-05897,pequim,,,5982,,shortlisted_from_wordfreq_seed
wfpt-05898,permita,,,5983,,shortlisted_from_wordfreq_seed
wfpt-05899,pesadelo,,,5984,,shortlisted_from_wordfreq_seed
wfpt-05900,pires,,,5985,,shortlisted_from_wordfreq_seed
wfpt-05901,plus,,,5986,,shortlisted_from_wordfreq_seed
wfpt-05902,poderosos,,,5987,,shortlisted_from_wordfreq_seed
wfpt-05903,procuro,,,5988,,shortlisted_from_wordfreq_seed
wfpt-05904,punição,,,5989,,shortlisted_from_wordfreq_seed
wfpt-05905,pátio,,,5990,,shortlisted_from_wordfreq_seed
wfpt-05906,pátria,,,5991,,shortlisted_from_wordfreq_seed
wfpt-05907,queiroz,,,5992,,shortlisted_from_wordfreq_seed
wfpt-05908,reality,,,5993,,shortlisted_from_wordfreq_seed
wfpt-05909,reflete,,,5994,,shortlisted_from_wordfreq_seed
wfpt-05910,renan,,,5995,,shortlisted_from_wordfreq_seed
wfpt-05911,resolvido,,,5996,,shortlisted_from_wordfreq_seed
wfpt-05912,ritual,,,5997,,shortlisted_from_wordfreq_seed
wfpt-05913,rival,,,5998,,shortlisted_from_wordfreq_seed
wfpt-05914,rosas,,,5999,,shortlisted_from_wordfreq_seed
wfpt-05915,school,,,6000,,shortlisted_from_wordfreq_seed
wfpt-05916,simpatia,,,6001,,shortlisted_from_wordfreq_seed
wfpt-05917,sofia,,,6002,,shortlisted_from_wordfreq_seed
wfpt-05918,story,,,6003,,shortlisted_from_wordfreq_seed
wfpt-05919,sucedida,,,6004,,shortlisted_from_wordfreq_seed
wfpt-05920,surgem,,,6005,,shortlisted_from_wordfreq_seed
wfpt-05921,testamento,,,6006,,shortlisted_from_wordfreq_seed
wfpt-05922,trazem,,,6007,,shortlisted_from_wordfreq_seed
wfpt-05923,tripulação,,,6008,,shortlisted_from_wordfreq_seed
wfpt-05924,trono,,,6009,,shortlisted_from_wordfreq_seed
wfpt-05925,usá,,,6010,,shortlisted_from_wordfreq_seed
wfpt-05926,vazia,,,6011,,shortlisted_from_wordfreq_seed
wfpt-05927,visuais,,,6012,,shortlisted_from_wordfreq_seed
wfpt-05928,votou,,,6013,,shortlisted_from_wordfreq_seed
wfpt-05931,abençoe,,,6016,,shortlisted_from_wordfreq_seed
wfpt-05932,acabando,,,6017,,shortlisted_from_wordfreq_seed
wfpt-05933,acadêmica,,,6018,,shortlisted_from_wordfreq_seed
wfpt-05934,acertou,,,6019,,shortlisted_from_wordfreq_seed
wfpt-05935,acessos,,,6020,,shortlisted_from_wordfreq_seed
wfpt-05936,acrescentou,,,6021,,shortlisted_from_wordfreq_seed
wfpt-05937,amada,,,6022,,shortlisted_from_wordfreq_seed
wfpt-05938,amador,,,6023,,shortlisted_from_wordfreq_seed
wfpt-05939,amamos,,,6024,,shortlisted_from_wordfreq_seed
wfpt-05940,america,,,6025,,shortlisted_from_wordfreq_seed
wfpt-05941,apresentados,,,6026,,shortlisted_from_wordfreq_seed
wfpt-05942,aproximação,,,6027,,shortlisted_from_wordfreq_seed
wfpt-05943,armando,,,6028,,shortlisted_from_wordfreq_seed
wfpt-05944,arredores,,,6029,,shortlisted_from_wordfreq_seed
wfpt-05945,artificial,,,6030,,shortlisted_from_wordfreq_seed
wfpt-05946,associada,,,6031,,shortlisted_from_wordfreq_seed
wfpt-05947,bancada,,,6032,,shortlisted_from_wordfreq_seed
wfpt-05948,beta,,,6033,,shortlisted_from_wordfreq_seed
wfpt-05949,blue,,,6034,,shortlisted_from_wordfreq_seed
wfpt-05950,brancas,,,6035,,shortlisted_from_wordfreq_seed
wfpt-05951,call,,,6036,,shortlisted_from_wordfreq_seed
wfpt-05952,calças,,,6037,,shortlisted_from_wordfreq_seed
wfpt-05953,carla,,,6038,,shortlisted_from_wordfreq_seed
wfpt-05954,casamentos,,,6039,,shortlisted_from_wordfreq_seed
wfpt-05955,ciúmes,,,6040,,shortlisted_from_wordfreq_seed
wfpt-05956,comemora,,,6041,,shortlisted_from_wordfreq_seed
wfpt-05957,concluir,,,6042,,shortlisted_from_wordfreq_seed
wfpt-05958,constantes,,,6043,,shortlisted_from_wordfreq_seed
wfpt-05959,continuem,,,6044,,shortlisted_from_wordfreq_seed
wfpt-05960,correta,,,6045,,shortlisted_from_wordfreq_seed
wfpt-05961,creme,,,6046,,shortlisted_from_wordfreq_seed
wfpt-05962,cumprimento,,,6047,,shortlisted_from_wordfreq_seed
wfpt-05963,câmbio,,,6048,,shortlisted_from_wordfreq_seed
wfpt-05964,dali,,,6049,,shortlisted_from_wordfreq_seed
wfpt-05965,dean,,,6050,,shortlisted_from_wordfreq_seed
wfpt-05966,destruído,,,6051,,shortlisted_from_wordfreq_seed
wfpt-05967,dicionário,,,6052,,shortlisted_from_wordfreq_seed
wfpt-05968,digno,,,6053,,shortlisted_from_wordfreq_seed
wfpt-05969,doméstica,,,6054,,shortlisted_from_wordfreq_seed
wfpt-05970,dourado,,,6055,,shortlisted_from_wordfreq_seed
wfpt-05971,educado,,,6056,,shortlisted_from_wordfreq_seed
wfpt-05972,eficiência,,,6057,,shortlisted_from_wordfreq_seed
wfpt-05973,ensaios,,,6058,,shortlisted_from_wordfreq_seed
wfpt-05974,escolhidos,,,6059,,shortlisted_from_wordfreq_seed
wfpt-05975,essenciais,,,6060,,shortlisted_from_wordfreq_seed
wfpt-05976,estariam,,,6061,,shortlisted_from_wordfreq_seed
wfpt-05977,estrangeira,,,6062,,shortlisted_from_wordfreq_seed
wfpt-05978,favela,,,6063,,shortlisted_from_wordfreq_seed
wfpt-05979,ferida,,,6064,,shortlisted_from_wordfreq_seed
wfpt-05980,finalidade,,,6065,,shortlisted_from_wordfreq_seed
wfpt-05981,full,,,6066,,shortlisted_from_wordfreq_seed
wfpt-05982,gerenciamento,,,6067,,shortlisted_from_wordfreq_seed
wfpt-05983,goiânia,,,6068,,shortlisted_from_wordfreq_seed
wfpt-05984,gritos,,,6069,,shortlisted_from_wordfreq_seed
wfpt-05985,harmonia,,,6070,,shortlisted_from_wordfreq_seed
wfpt-05986,here,,,6071,,shortlisted_from_wordfreq_seed
wfpt-05987,horários,,,6072,,shortlisted_from_wordfreq_seed
wfpt-05988,hotéis,,,6073,,shortlisted_from_wordfreq_seed
wfpt-05989,ideais,,,6074,,shortlisted_from_wordfreq_seed
wfpt-05990,idiotas,,,6075,,shortlisted_from_wordfreq_seed
wfpt-05991,ignorância,,,6076,,shortlisted_from_wordfreq_seed
wfpt-05992,incapaz,,,6077,,shortlisted_from_wordfreq_seed
wfpt-05993,infeliz,,,6078,,shortlisted_from_wordfreq_seed
wfpt-05994,instrução,,,6079,,shortlisted_from_wordfreq_seed
wfpt-05995,integrar,,,6080,,shortlisted_from_wordfreq_seed
wfpt-05997,jeff,,,6082,,shortlisted_from_wordfreq_seed
wfpt-05998,jimmy,,,6083,,shortlisted_from_wordfreq_seed
wfpt-05999,joelho,,,6084,,shortlisted_from_wordfreq_seed
wfpt-06000,julgado,,,6085,,shortlisted_from_wordfreq_seed
wfpt-06001,lavagem,,,6086,,shortlisted_from_wordfreq_seed
wfpt-06002,marinho,,,6087,,shortlisted_from_wordfreq_seed
wfpt-06003,marte,,,6088,,shortlisted_from_wordfreq_seed
wfpt-06004,massas,,,6089,,shortlisted_from_wordfreq_seed
wfpt-06005,mia,,,6090,,shortlisted_from_wordfreq_seed
wfpt-06006,move,,,6091,,shortlisted_from_wordfreq_seed
wfpt-06007,mudado,,,6092,,shortlisted_from_wordfreq_seed
wfpt-06008,netflix,,,6093,,shortlisted_from_wordfreq_seed
wfpt-06009,notável,,,6094,,shortlisted_from_wordfreq_seed
wfpt-06010,ordenou,,,6095,,shortlisted_from_wordfreq_seed
wfpt-06011,palestra,,,6096,,shortlisted_from_wordfreq_seed
wfpt-06012,pediram,,,6097,,shortlisted_from_wordfreq_seed
wfpt-06013,perdemos,,,6098,,shortlisted_from_wordfreq_seed
wfpt-06014,perigosa,,,6099,,shortlisted_from_wordfreq_seed
wfpt-06015,praias,,,6100,,shortlisted_from_wordfreq_seed
wfpt-06016,proximidade,,,6101,,shortlisted_from_wordfreq_seed
wfpt-06017,péssima,,,6102,,shortlisted_from_wordfreq_seed
wfpt-06018,quantia,,,6103,,shortlisted_from_wordfreq_seed
wfpt-06019,quieto,,,6104,,shortlisted_from_wordfreq_seed
wfpt-06020,recolher,,,6105,,shortlisted_from_wordfreq_seed
wfpt-06021,reconheceu,,,6106,,shortlisted_from_wordfreq_seed
wfpt-06022,refugiados,,,6107,,shortlisted_from_wordfreq_seed
wfpt-06023,regina,,,6108,,shortlisted_from_wordfreq_seed
wfpt-06024,registrada,,,6109,,shortlisted_from_wordfreq_seed
wfpt-06025,registrados,,,6110,,shortlisted_from_wordfreq_seed
wfpt-06026,regulamento,,,6111,,shortlisted_from_wordfreq_seed
wfpt-06027,relaxar,,,6112,,shortlisted_from_wordfreq_seed
wfpt-06028,repercussão,,,6113,,shortlisted_from_wordfreq_seed
wfpt-06029,retirado,,,6114,,shortlisted_from_wordfreq_seed
wfpt-06030,rever,,,6115,,shortlisted_from_wordfreq_seed
wfpt-06031,saga,,,6116,,shortlisted_from_wordfreq_seed
wfpt-06032,salvação,,,6117,,shortlisted_from_wordfreq_seed
wfpt-06033,satisfação,,,6118,,shortlisted_from_wordfreq_seed
wfpt-06034,sector,,,6119,,shortlisted_from_wordfreq_seed
wfpt-06035,seguiram,,,6120,,shortlisted_from_wordfreq_seed
wfpt-06036,sentada,,,6121,,shortlisted_from_wordfreq_seed
wfpt-06037,sergio,,,6122,,shortlisted_from_wordfreq_seed
wfpt-06038,sigam,,,6123,,shortlisted_from_wordfreq_seed
wfpt-06039,sigla,,,6124,,shortlisted_from_wordfreq_seed
wfpt-06040,soviética,,,6125,,shortlisted_from_wordfreq_seed
wfpt-06041,subindo,,,6126,,shortlisted_from_wordfreq_seed
wfpt-06042,surgir,,,6127,,shortlisted_from_wordfreq_seed
wfpt-06043,tags,,,6128,,shortlisted_from_wordfreq_seed
wfpt-06044,troféu,,,6129,,shortlisted_from_wordfreq_seed
wfpt-06045,vara,,,6130,,shortlisted_from_wordfreq_seed
wfpt-06046,velhas,,,6131,,shortlisted_from_wordfreq_seed
wfpt-06047,visite,,,6132,,shortlisted_from_wordfreq_seed
wfpt-06048,voltam,,,6133,,shortlisted_from_wordfreq_seed
wfpt-06049,acompanhada,,,6134,,shortlisted_from_wordfreq_seed
wfpt-06050,acordei,,,6135,,shortlisted_from_wordfreq_seed
wfpt-06051,acre,,,6136,,shortlisted_from_wordfreq_seed
wfpt-06052,ala,,,6137,,shortlisted_from_wordfreq_seed
wfpt-06053,aldeias,,,6138,,shortlisted_from_wordfreq_seed
wfpt-06054,anunciada,,,6139,,shortlisted_from_wordfreq_seed
wfpt-06055,apropriado,,,6140,,shortlisted_from_wordfreq_seed
wfpt-06056,aproveitando,,,6141,,shortlisted_from_wordfreq_seed
wfpt-06057,ataca,,,6142,,shortlisted_from_wordfreq_seed
wfpt-06058,band,,,6143,,shortlisted_from_wordfreq_seed
wfpt-06059,bandido,,,6144,,shortlisted_from_wordfreq_seed
wfpt-06060,bloquear,,,6145,,shortlisted_from_wordfreq_seed
wfpt-06061,cantos,,,6146,,shortlisted_from_wordfreq_seed
wfpt-06062,caros,,,6147,,shortlisted_from_wordfreq_seed
wfpt-06063,carregando,,,6148,,shortlisted_from_wordfreq_seed
wfpt-06064,case,,,6149,,shortlisted_from_wordfreq_seed
wfpt-06065,certificado,,,6150,,shortlisted_from_wordfreq_seed
wfpt-06066,chamava,,,6151,,shortlisted_from_wordfreq_seed
wfpt-06067,christian,,,6152,,shortlisted_from_wordfreq_seed
wfpt-06068,coberta,,,6153,,shortlisted_from_wordfreq_seed
wfpt-06069,compositor,,,6154,,shortlisted_from_wordfreq_seed
wfpt-06070,concorrer,,,6155,,shortlisted_from_wordfreq_seed
wfpt-06071,conde,,,6156,,shortlisted_from_wordfreq_seed
wfpt-06072,conferir,,,6157,,shortlisted_from_wordfreq_seed
wfpt-06073,confiável,,,6158,,shortlisted_from_wordfreq_seed
wfpt-06074,contratado,,,6159,,shortlisted_from_wordfreq_seed
wfpt-06075,convencional,,,6160,,shortlisted_from_wordfreq_seed
wfpt-06076,convida,,,6161,,shortlisted_from_wordfreq_seed
wfpt-06077,costumam,,,6162,,shortlisted_from_wordfreq_seed
wfpt-06078,cultivo,,,6163,,shortlisted_from_wordfreq_seed
wfpt-06080,destacando,,,6165,,shortlisted_from_wordfreq_seed
wfpt-06081,determina,,,6166,,shortlisted_from_wordfreq_seed
wfpt-06082,determinados,,,6167,,shortlisted_from_wordfreq_seed
wfpt-06083,dirige,,,6168,,shortlisted_from_wordfreq_seed
wfpt-06084,distinção,,,6169,,shortlisted_from_wordfreq_seed
wfpt-06085,divina,,,6170,,shortlisted_from_wordfreq_seed
wfpt-06086,doações,,,6171,,shortlisted_from_wordfreq_seed
wfpt-06087,elétrico,,,6172,,shortlisted_from_wordfreq_seed
wfpt-06088,entradas,,,6173,,shortlisted_from_wordfreq_seed
wfpt-06089,envolveu,,,6174,,shortlisted_from_wordfreq_seed
wfpt-06090,essencialmente,,,6175,,shortlisted_from_wordfreq_seed
wfpt-06091,faltando,,,6176,,shortlisted_from_wordfreq_seed
wfpt-06092,familia,,,6177,,shortlisted_from_wordfreq_seed
wfpt-06093,famosas,,,6178,,shortlisted_from_wordfreq_seed
wfpt-06094,favorável,,,6179,,shortlisted_from_wordfreq_seed
wfpt-06096,franquia,,,6181,,shortlisted_from_wordfreq_seed
wfpt-06097,frutos,,,6182,,shortlisted_from_wordfreq_seed
wfpt-06098,futuras,,,6183,,shortlisted_from_wordfreq_seed
wfpt-06099,galo,,,6184,,shortlisted_from_wordfreq_seed
wfpt-06100,genética,,,6185,,shortlisted_from_wordfreq_seed
wfpt-06101,gesto,,,6186,,shortlisted_from_wordfreq_seed
wfpt-06102,gordon,,,6187,,shortlisted_from_wordfreq_seed
wfpt-06103,gostaríamos,,,6188,,shortlisted_from_wordfreq_seed
wfpt-06104,guardas,,,6189,,shortlisted_from_wordfreq_seed
wfpt-06105,hey,,,6190,,shortlisted_from_wordfreq_seed
wfpt-06106,high,,,6191,,shortlisted_from_wordfreq_seed
wfpt-06107,ideologia,,,6192,,shortlisted_from_wordfreq_seed
wfpt-06108,igor,,,6193,,shortlisted_from_wordfreq_seed
wfpt-06109,implica,,,6194,,shortlisted_from_wordfreq_seed
wfpt-06110,inauguração,,,6195,,shortlisted_from_wordfreq_seed
wfpt-06111,indiana,,,6196,,shortlisted_from_wordfreq_seed
wfpt-06112,indiano,,,6197,,shortlisted_from_wordfreq_seed
wfpt-06113,jardins,,,6198,,shortlisted_from_wordfreq_seed
wfpt-06114,jazz,,,6199,,shortlisted_from_wordfreq_seed
wfpt-06115,lançaram,,,6200,,shortlisted_from_wordfreq_seed
wfpt-06116,lazer,,,6201,,shortlisted_from_wordfreq_seed
wfpt-06117,leal,,,6202,,shortlisted_from_wordfreq_seed
wfpt-06118,lembrança,,,6203,,shortlisted_from_wordfreq_seed
wfpt-06119,levados,,,6204,,shortlisted_from_wordfreq_seed
wfpt-06120,levantamento,,,6205,,shortlisted_from_wordfreq_seed
wfpt-06121,linux,,,6206,,shortlisted_from_wordfreq_seed
wfpt-06122,luciano,,,6207,,shortlisted_from_wordfreq_seed
wfpt-06123,lógico,,,6208,,shortlisted_from_wordfreq_seed
wfpt-06124,mails,,,6209,,shortlisted_from_wordfreq_seed
wfpt-06125,malas,,,6210,,shortlisted_from_wordfreq_seed
wfpt-06126,malta,,,6211,,shortlisted_from_wordfreq_seed
wfpt-06127,morrem,,,6212,,shortlisted_from_wordfreq_seed
wfpt-06128,mortais,,,6213,,shortlisted_from_wordfreq_seed
wfpt-06129,namorados,,,6214,,shortlisted_from_wordfreq_seed
wfpt-06130,never,,,6215,,shortlisted_from_wordfreq_seed
wfpt-06131,nigéria,,,6216,,shortlisted_from_wordfreq_seed
wfpt-06132,noticias,,,6217,,shortlisted_from_wordfreq_seed
wfpt-06133,nuvem,,,6218,,shortlisted_from_wordfreq_seed
wfpt-06134,olhou,,,6219,,shortlisted_from_wordfreq_seed
wfpt-06135,organismo,,,6220,,shortlisted_from_wordfreq_seed
wfpt-06136,orgulhosa,,,6221,,shortlisted_from_wordfreq_seed
wfpt-06137,outono,,,6222,,shortlisted_from_wordfreq_seed
wfpt-06138,oxigênio,,,6223,,shortlisted_from_wordfreq_seed
wfpt-06139,perry,,,6224,,shortlisted_from_wordfreq_seed
wfpt-06140,perspectivas,,,6225,,shortlisted_from_wordfreq_seed
wfpt-06141,pertencem,,,6226,,shortlisted_from_wordfreq_seed
wfpt-06142,pesquisador,,,6227,,shortlisted_from_wordfreq_seed
wfpt-06143,piedade,,,6228,,shortlisted_from_wordfreq_seed
wfpt-06144,potter,,,6229,,shortlisted_from_wordfreq_seed
wfpt-06145,precisão,,,6230,,shortlisted_from_wordfreq_seed
wfpt-06146,processar,,,6231,,shortlisted_from_wordfreq_seed
wfpt-06147,protegido,,,6232,,shortlisted_from_wordfreq_seed
wfpt-06148,quadrados,,,6233,,shortlisted_from_wordfreq_seed
wfpt-06149,relativa,,,6234,,shortlisted_from_wordfreq_seed
wfpt-06150,respondendo,,,6235,,shortlisted_from_wordfreq_seed
wfpt-06151,samuel,,,6236,,shortlisted_from_wordfreq_seed
wfpt-06152,saído,,,6237,,shortlisted_from_wordfreq_seed
wfpt-06153,sincero,,,6238,,shortlisted_from_wordfreq_seed
wfpt-06154,situado,,,6239,,shortlisted_from_wordfreq_seed
wfpt-06155,sobrenome,,,6240,,shortlisted_from_wordfreq_seed
wfpt-06156,solteiro,,,6241,,shortlisted_from_wordfreq_seed
wfpt-06157,solto,,,6242,,shortlisted_from_wordfreq_seed
wfpt-06158,sugeriu,,,6243,,shortlisted_from_wordfreq_seed
wfpt-06159,supervisão,,,6244,,shortlisted_from_wordfreq_seed
wfpt-06160,surpreende,,,6245,,shortlisted_from_wordfreq_seed
wfpt-06161,tigre,,,6246,,shortlisted_from_wordfreq_seed
wfpt-06162,turístico,,,6247,,shortlisted_from_wordfreq_seed
wfpt-06163,típica,,,6248,,shortlisted_from_wordfreq_seed
wfpt-06164,tópico,,,6249,,shortlisted_from_wordfreq_seed
wfpt-06165,una,,,6250,,shortlisted_from_wordfreq_seed
wfpt-06166,vietnã,,,6251,,shortlisted_from_wordfreq_seed
wfpt-06167,visualizar,,,6252,,shortlisted_from_wordfreq_seed
wfpt-06168,work,,,6253,,shortlisted_from_wordfreq_seed
wfpt-06169,ângulo,,,6254,,shortlisted_from_wordfreq_seed
wfpt-06170,ícone,,,6255,,shortlisted_from_wordfreq_seed
wfpt-06171,índices,,,6256,,shortlisted_from_wordfreq_seed
wfpt-06172,abastecimento,,,6257,,shortlisted_from_wordfreq_seed
wfpt-06173,adotar,,,6258,,shortlisted_from_wordfreq_seed
wfpt-06174,almoçar,,,6259,,shortlisted_from_wordfreq_seed
wfpt-06175,andy,,,6260,,shortlisted_from_wordfreq_seed
wfpt-06176,ansioso,,,6261,,shortlisted_from_wordfreq_seed
wfpt-06177,apareceram,,,6262,,shortlisted_from_wordfreq_seed
wfpt-06178,apelo,,,6263,,shortlisted_from_wordfreq_seed
wfpt-06179,atirar,,,6264,,shortlisted_from_wordfreq_seed
wfpt-06180,automóveis,,,6265,,shortlisted_from_wordfreq_seed
wfpt-06181,autorizado,,,6266,,shortlisted_from_wordfreq_seed
wfpt-06182,baseados,,,6267,,shortlisted_from_wordfreq_seed
wfpt-06183,boatos,,,6268,,shortlisted_from_wordfreq_seed
wfpt-06184,bocado,,,6269,,shortlisted_from_wordfreq_seed
wfpt-06185,boi,,,6270,,shortlisted_from_wordfreq_seed
wfpt-06186,bêbado,,,6271,,shortlisted_from_wordfreq_seed
wfpt-06187,capturar,,,6272,,shortlisted_from_wordfreq_seed
wfpt-06188,capítulos,,,6273,,shortlisted_from_wordfreq_seed
wfpt-06189,cartaz,,,6274,,shortlisted_from_wordfreq_seed
wfpt-06190,comboio,,,6275,,shortlisted_from_wordfreq_seed
wfpt-06191,comentando,,,6276,,shortlisted_from_wordfreq_seed
wfpt-06192,concentrar,,,6277,,shortlisted_from_wordfreq_seed
wfpt-06193,concepção,,,6278,,shortlisted_from_wordfreq_seed
wfpt-06194,conexões,,,6279,,shortlisted_from_wordfreq_seed
wfpt-06195,coral,,,6280,,shortlisted_from_wordfreq_seed
wfpt-06196,crises,,,6281,,shortlisted_from_wordfreq_seed
wfpt-06197,câmaras,,,6282,,shortlisted_from_wordfreq_seed
wfpt-06198,dave,,,6283,,shortlisted_from_wordfreq_seed
wfpt-06199,davis,,,6284,,shortlisted_from_wordfreq_seed
wfpt-06200,declarado,,,6285,,shortlisted_from_wordfreq_seed
wfpt-06201,desaparecer,,,6286,,shortlisted_from_wordfreq_seed
wfpt-06202,descobertas,,,6287,,shortlisted_from_wordfreq_seed
wfpt-06203,despertar,,,6288,,shortlisted_from_wordfreq_seed
wfpt-06204,diminuição,,,6289,,shortlisted_from_wordfreq_seed
wfpt-06205,duarte,,,6290,,shortlisted_from_wordfreq_seed
wfpt-06206,envolvidas,,,6291,,shortlisted_from_wordfreq_seed
wfpt-06207,estabelecida,,,6292,,shortlisted_from_wordfreq_seed
wfpt-06208,exigir,,,6293,,shortlisted_from_wordfreq_seed
wfpt-06209,expandir,,,6294,,shortlisted_from_wordfreq_seed
wfpt-06210,extraordinário,,,6295,,shortlisted_from_wordfreq_seed
wfpt-06211,feia,,,6296,,shortlisted_from_wordfreq_seed
wfpt-06212,frequentes,,,6297,,shortlisted_from_wordfreq_seed
wfpt-06213,fígado,,,6298,,shortlisted_from_wordfreq_seed
wfpt-06214,homicídios,,,6299,,shortlisted_from_wordfreq_seed
wfpt-06215,hop,,,6300,,shortlisted_from_wordfreq_seed
wfpt-06216,hot,,,6301,,shortlisted_from_wordfreq_seed
wfpt-06217,incentivo,,,6302,,shortlisted_from_wordfreq_seed
wfpt-06218,iniciada,,,6303,,shortlisted_from_wordfreq_seed
wfpt-06219,instalado,,,6304,,shortlisted_from_wordfreq_seed
wfpt-06220,instalar,,,6305,,shortlisted_from_wordfreq_seed
wfpt-06221,investir,,,6306,,shortlisted_from_wordfreq_seed
wfpt-06222,inácio,,,6307,,shortlisted_from_wordfreq_seed
wfpt-06223,joana,,,6309,,shortlisted_from_wordfreq_seed
wfpt-06224,jonas,,,6310,,shortlisted_from_wordfreq_seed
wfpt-06225,know,,,6311,,shortlisted_from_wordfreq_seed
wfpt-06226,lagoa,,,6312,,shortlisted_from_wordfreq_seed
wfpt-06227,lagos,,,6313,,shortlisted_from_wordfreq_seed
wfpt-06228,league,,,6314,,shortlisted_from_wordfreq_seed
wfpt-06229,levantou,,,6315,,shortlisted_from_wordfreq_seed
wfpt-06230,limão,,,6316,,shortlisted_from_wordfreq_seed
wfpt-06231,manipulação,,,6317,,shortlisted_from_wordfreq_seed
wfpt-06232,men,,,6318,,shortlisted_from_wordfreq_seed
wfpt-06233,mencionar,,,6319,,shortlisted_from_wordfreq_seed
wfpt-06234,mentes,,,6320,,shortlisted_from_wordfreq_seed
wfpt-06235,metragem,,,6321,,shortlisted_from_wordfreq_seed
wfpt-06236,mostre,,,6322,,shortlisted_from_wordfreq_seed
wfpt-06237,navegador,,,6323,,shortlisted_from_wordfreq_seed
wfpt-06238,negativos,,,6324,,shortlisted_from_wordfreq_seed
wfpt-06239,obrigatório,,,6325,,shortlisted_from_wordfreq_seed
wfpt-06240,olímpica,,,6326,,shortlisted_from_wordfreq_seed
wfpt-06241,over,,,6327,,shortlisted_from_wordfreq_seed
wfpt-06242,pacotes,,,6328,,shortlisted_from_wordfreq_seed
wfpt-06243,parecida,,,6329,,shortlisted_from_wordfreq_seed
wfpt-06244,pato,,,6330,,shortlisted_from_wordfreq_seed
wfpt-06245,planalto,,,6331,,shortlisted_from_wordfreq_seed
wfpt-06246,point,,,6332,,shortlisted_from_wordfreq_seed
wfpt-06247,poluição,,,6333,,shortlisted_from_wordfreq_seed
wfpt-06248,polícias,,,6334,,shortlisted_from_wordfreq_seed
wfpt-06249,positivos,,,6335,,shortlisted_from_wordfreq_seed
wfpt-06250,presas,,,6336,,shortlisted_from_wordfreq_seed
wfpt-06251,proporção,,,6337,,shortlisted_from_wordfreq_seed
wfpt-06252,proposto,,,6338,,shortlisted_from_wordfreq_seed
wfpt-06253,provocou,,,6339,,shortlisted_from_wordfreq_seed
wfpt-06254,publicamente,,,6340,,shortlisted_from_wordfreq_seed
wfpt-06255,pular,,,6341,,shortlisted_from_wordfreq_seed
wfpt-06256,quartel,,,6342,,shortlisted_from_wordfreq_seed
wfpt-06257,quintal,,,6343,,shortlisted_from_wordfreq_seed
wfpt-06258,secção,,,6344,,shortlisted_from_wordfreq_seed
wfpt-06259,sofrido,,,6345,,shortlisted_from_wordfreq_seed
wfpt-06260,sumiu,,,6346,,shortlisted_from_wordfreq_seed
wfpt-06263,tanque,,,6349,,shortlisted_from_wordfreq_seed
wfpt-06264,tatuagem,,,6350,,shortlisted_from_wordfreq_seed
wfpt-06265,tire,,,6351,,shortlisted_from_wordfreq_seed
wfpt-06266,tomo,,,6352,,shortlisted_from_wordfreq_seed
wfpt-06267,trabalhamos,,,6353,,shortlisted_from_wordfreq_seed
wfpt-06268,trato,,,6354,,shortlisted_from_wordfreq_seed
wfpt-06269,tropa,,,6355,,shortlisted_from_wordfreq_seed
wfpt-06270,variação,,,6356,,shortlisted_from_wordfreq_seed
wfpt-06271,variações,,,6357,,shortlisted_from_wordfreq_seed
wfpt-06272,visibilidade,,,6358,,shortlisted_from_wordfreq_seed
wfpt-06273,úteis,,,6359,,shortlisted_from_wordfreq_seed
wfpt-06274,about,,,6361,,shortlisted_from_wordfreq_seed
wfpt-06275,abri,,,6362,,shortlisted_from_wordfreq_seed
wfpt-06276,action,,,6363,,shortlisted_from_wordfreq_seed
wfpt-06277,adesão,,,6364,,shortlisted_from_wordfreq_seed
wfpt-06278,adicionar,,,6365,,shortlisted_from_wordfreq_seed
wfpt-06279,africanos,,,6366,,shortlisted_from_wordfreq_seed
wfpt-06280,alegando,,,6367,,shortlisted_from_wordfreq_seed
wfpt-06281,altitude,,,6368,,shortlisted_from_wordfreq_seed
wfpt-06282,alívio,,,6369,,shortlisted_from_wordfreq_seed
wfpt-06283,anualmente,,,6370,,shortlisted_from_wordfreq_seed
wfpt-06284,aparente,,,6371,,shortlisted_from_wordfreq_seed
wfpt-06285,apontam,,,6372,,shortlisted_from_wordfreq_seed
wfpt-06286,apresentaram,,,6373,,shortlisted_from_wordfreq_seed
wfpt-06287,atlântico,,,6374,,shortlisted_from_wordfreq_seed
wfpt-06289,awards,,,6376,,shortlisted_from_wordfreq_seed
wfpt-06290,batalhas,,,6377,,shortlisted_from_wordfreq_seed
wfpt-06291,besta,,,6378,,shortlisted_from_wordfreq_seed
wfpt-06292,bibliotecas,,,6379,,shortlisted_from_wordfreq_seed
wfpt-06293,bilhão,,,6380,,shortlisted_from_wordfreq_seed
wfpt-06294,box,,,6381,,shortlisted_from_wordfreq_seed
wfpt-06295,brava,,,6382,,shortlisted_from_wordfreq_seed
wfpt-06296,caetano,,,6383,,shortlisted_from_wordfreq_seed
wfpt-06297,caneta,,,6384,,shortlisted_from_wordfreq_seed
wfpt-06298,capitalismo,,,6385,,shortlisted_from_wordfreq_seed
wfpt-06299,caribe,,,6386,,shortlisted_from_wordfreq_seed
wfpt-06300,censura,,,6387,,shortlisted_from_wordfreq_seed
wfpt-06301,cita,,,6388,,shortlisted_from_wordfreq_seed
wfpt-06302,comerciantes,,,6389,,shortlisted_from_wordfreq_seed
wfpt-06303,comparar,,,6390,,shortlisted_from_wordfreq_seed
wfpt-06304,concordou,,,6391,,shortlisted_from_wordfreq_seed
wfpt-06305,confederação,,,6392,,shortlisted_from_wordfreq_seed
wfpt-06306,confuso,,,6393,,shortlisted_from_wordfreq_seed
wfpt-06307,consumidor,,,6394,,shortlisted_from_wordfreq_seed
wfpt-06308,contraste,,,6395,,shortlisted_from_wordfreq_seed
wfpt-06309,contínuo,,,6396,,shortlisted_from_wordfreq_seed
wfpt-06310,coreano,,,6397,,shortlisted_from_wordfreq_seed
wfpt-06311,correu,,,6398,,shortlisted_from_wordfreq_seed
wfpt-06312,criaturas,,,6399,,shortlisted_from_wordfreq_seed
wfpt-06313,declarar,,,6400,,shortlisted_from_wordfreq_seed
wfpt-06314,desaparecimento,,,6402,,shortlisted_from_wordfreq_seed
wfpt-06315,desejam,,,6403,,shortlisted_from_wordfreq_seed
wfpt-06316,designer,,,6404,,shortlisted_from_wordfreq_seed
wfpt-06317,desistiu,,,6405,,shortlisted_from_wordfreq_seed
wfpt-06318,desligar,,,6406,,shortlisted_from_wordfreq_seed
wfpt-06319,despedida,,,6407,,shortlisted_from_wordfreq_seed
wfpt-06320,desporto,,,6408,,shortlisted_from_wordfreq_seed
wfpt-06321,destruída,,,6409,,shortlisted_from_wordfreq_seed
wfpt-06322,directamente,,,6410,,shortlisted_from_wordfreq_seed
wfpt-06323,divino,,,6411,,shortlisted_from_wordfreq_seed
wfpt-06324,diários,,,6412,,shortlisted_from_wordfreq_seed
wfpt-06325,eleita,,,6413,,shortlisted_from_wordfreq_seed
wfpt-06326,eleitorais,,,6414,,shortlisted_from_wordfreq_seed
wfpt-06327,enredo,,,6415,,shortlisted_from_wordfreq_seed
wfpt-06328,espectadores,,,6416,,shortlisted_from_wordfreq_seed
wfpt-06329,espíritos,,,6417,,shortlisted_from_wordfreq_seed
wfpt-06330,explodir,,,6418,,shortlisted_from_wordfreq_seed
wfpt-06331,expulso,,,6419,,shortlisted_from_wordfreq_seed
wfpt-06332,externo,,,6420,,shortlisted_from_wordfreq_seed
wfpt-06333,exílio,,,6421,,shortlisted_from_wordfreq_seed
wfpt-06334,focar,,,6422,,shortlisted_from_wordfreq_seed
wfpt-06335,forçar,,,6423,,shortlisted_from_wordfreq_seed
wfpt-06336,fruta,,,6424,,shortlisted_from_wordfreq_seed
wfpt-06337,gabriela,,,6425,,shortlisted_from_wordfreq_seed
wfpt-06338,gráficos,,,6426,,shortlisted_from_wordfreq_seed
wfpt-06339,habitação,,,6427,,shortlisted_from_wordfreq_seed
wfpt-06340,hall,,,6428,,shortlisted_from_wordfreq_seed
wfpt-06341,hope,,,6429,,shortlisted_from_wordfreq_seed
wfpt-06342,incentivar,,,6430,,shortlisted_from_wordfreq_seed
wfpt-06343,indicada,,,6431,,shortlisted_from_wordfreq_seed
wfpt-06344,indicações,,,6432,,shortlisted_from_wordfreq_seed
wfpt-06345,inscritos,,,6433,,shortlisted_from_wordfreq_seed
wfpt-06346,intelectuais,,,6434,,shortlisted_from_wordfreq_seed
wfpt-06347,inteligentes,,,6435,,shortlisted_from_wordfreq_seed
wfpt-06348,ios,,,6436,,shortlisted_from_wordfreq_seed
wfpt-06349,jair,,,6437,,shortlisted_from_wordfreq_seed
wfpt-06350,jon,,,6438,,shortlisted_from_wordfreq_seed
wfpt-06351,jonathan,,,6439,,shortlisted_from_wordfreq_seed
wfpt-06352,largar,,,6440,,shortlisted_from_wordfreq_seed
wfpt-06353,largura,,,6441,,shortlisted_from_wordfreq_seed
wfpt-06354,lata,,,6442,,shortlisted_from_wordfreq_seed
wfpt-06355,liderado,,,6443,,shortlisted_from_wordfreq_seed
wfpt-06356,light,,,6444,,shortlisted_from_wordfreq_seed
wfpt-06357,liguei,,,6445,,shortlisted_from_wordfreq_seed
wfpt-06358,master,,,6446,,shortlisted_from_wordfreq_seed
wfpt-06359,mor,,,6447,,shortlisted_from_wordfreq_seed
wfpt-06360,mover,,,6448,,shortlisted_from_wordfreq_seed
wfpt-06361,namoro,,,6449,,shortlisted_from_wordfreq_seed
wfpt-06362,noel,,,6450,,shortlisted_from_wordfreq_seed
wfpt-06363,nomeado,,,6451,,shortlisted_from_wordfreq_seed
wfpt-06364,oliver,,,6452,,shortlisted_from_wordfreq_seed
wfpt-06365,organizou,,,6453,,shortlisted_from_wordfreq_seed
wfpt-06366,pacto,,,6454,,shortlisted_from_wordfreq_seed
wfpt-06367,palhaço,,,6455,,shortlisted_from_wordfreq_seed
wfpt-06368,panamá,,,6456,,shortlisted_from_wordfreq_seed
wfpt-06369,parei,,,6457,,shortlisted_from_wordfreq_seed
wfpt-06370,patrocínio,,,6458,,shortlisted_from_wordfreq_seed
wfpt-06371,pensado,,,6459,,shortlisted_from_wordfreq_seed
wfpt-06372,perfeição,,,6460,,shortlisted_from_wordfreq_seed
wfpt-06374,produziu,,,6462,,shortlisted_from_wordfreq_seed
wfpt-06375,pênis,,,6463,,shortlisted_from_wordfreq_seed
wfpt-06376,rara,,,6464,,shortlisted_from_wordfreq_seed
wfpt-06377,reabilitação,,,6465,,shortlisted_from_wordfreq_seed
wfpt-06378,realizando,,,6466,,shortlisted_from_wordfreq_seed
wfpt-06379,receitas,,,6467,,shortlisted_from_wordfreq_seed
wfpt-06380,refeição,,,6468,,shortlisted_from_wordfreq_seed
wfpt-06381,relata,,,6469,,shortlisted_from_wordfreq_seed
wfpt-06382,renovação,,,6470,,shortlisted_from_wordfreq_seed
wfpt-06383,residente,,,6471,,shortlisted_from_wordfreq_seed
wfpt-06384,respeita,,,6472,,shortlisted_from_wordfreq_seed
wfpt-06385,revelado,,,6473,,shortlisted_from_wordfreq_seed
wfpt-06386,saio,,,6474,,shortlisted_from_wordfreq_seed
wfpt-06387,secundário,,,6475,,shortlisted_from_wordfreq_seed
wfpt-06388,seguidos,,,6476,,shortlisted_from_wordfreq_seed
wfpt-06389,semelhança,,,6477,,shortlisted_from_wordfreq_seed
wfpt-06390,soja,,,6478,,shortlisted_from_wordfreq_seed
wfpt-06391,suficientemente,,,6479,,shortlisted_from_wordfreq_seed
wfpt-06392,talentos,,,6480,,shortlisted_from_wordfreq_seed
wfpt-06393,terminando,,,6481,,shortlisted_from_wordfreq_seed
wfpt-06394,transparente,,,6482,,shortlisted_from_wordfreq_seed
wfpt-06395,tristes,,,6483,,shortlisted_from_wordfreq_seed
wfpt-06396,vacina,,,6484,,shortlisted_from_wordfreq_seed
wfpt-06397,velas,,,6485,,shortlisted_from_wordfreq_seed
wfpt-06398,veneno,,,6486,,shortlisted_from_wordfreq_seed
wfpt-06399,vier,,,6487,,shortlisted_from_wordfreq_seed
wfpt-06400,violento,,,6488,,shortlisted_from_wordfreq_seed
wfpt-06401,visões,,,6489,,shortlisted_from_wordfreq_seed
wfpt-06402,voos,,,6490,,shortlisted_from_wordfreq_seed
wfpt-06403,walker,,,6491,,shortlisted_from_wordfreq_seed
wfpt-06404,xavier,,,6492,,shortlisted_from_wordfreq_seed
wfpt-06406,zagueiro,,,6494,,shortlisted_from_wordfreq_seed
wfpt-06407,acalmar,,,6495,,shortlisted_from_wordfreq_seed
wfpt-06408,acharam,,,6496,,shortlisted_from_wordfreq_seed
wfpt-06409,adquirir,,,6497,,shortlisted_from_wordfreq_seed
wfpt-06410,adulta,,,6498,,shortlisted_from_wordfreq_seed
wfpt-06411,aeroportos,,,6499,,shortlisted_from_wordfreq_seed
wfpt-06412,andrea,,,6500,,shortlisted_from_wordfreq_seed
wfpt-06413,ante,,,6501,,shortlisted_from_wordfreq_seed
wfpt-06414,aposentadoria,,,6502,,shortlisted_from_wordfreq_seed
wfpt-06415,arranjar,,,6503,,shortlisted_from_wordfreq_seed
wfpt-06416,atrações,,,6504,,shortlisted_from_wordfreq_seed
wfpt-06417,babaca,,,6505,,shortlisted_from_wordfreq_seed
wfpt-06418,bandeiras,,,6506,,shortlisted_from_wordfreq_seed
wfpt-06419,brinquedo,,,6507,,shortlisted_from_wordfreq_seed
wfpt-06420,business,,,6508,,shortlisted_from_wordfreq_seed
wfpt-06421,campeã,,,6509,,shortlisted_from_wordfreq_seed
wfpt-06422,casaco,,,6510,,shortlisted_from_wordfreq_seed
wfpt-06423,caxias,,,6511,,shortlisted_from_wordfreq_seed
wfpt-06424,cerco,,,6512,,shortlisted_from_wordfreq_seed
wfpt-06425,chapéu,,,6513,,shortlisted_from_wordfreq_seed
wfpt-06426,classificados,,,6514,,shortlisted_from_wordfreq_seed
wfpt-06427,cocaína,,,6515,,shortlisted_from_wordfreq_seed
wfpt-06428,colher,,,6516,,shortlisted_from_wordfreq_seed
wfpt-06429,complexidade,,,6517,,shortlisted_from_wordfreq_seed
wfpt-06430,concedido,,,6518,,shortlisted_from_wordfreq_seed
wfpt-06431,confirmada,,,6519,,shortlisted_from_wordfreq_seed
wfpt-06432,consciente,,,6520,,shortlisted_from_wordfreq_seed
wfpt-06433,considerável,,,6521,,shortlisted_from_wordfreq_seed
wfpt-06434,contratação,,,6522,,shortlisted_from_wordfreq_seed
wfpt-06435,convidar,,,6523,,shortlisted_from_wordfreq_seed
wfpt-06436,corporal,,,6524,,shortlisted_from_wordfreq_seed
wfpt-06437,corrigir,,,6525,,shortlisted_from_wordfreq_seed
wfpt-06438,cristal,,,6526,,shortlisted_from_wordfreq_seed
wfpt-06439,curar,,,6527,,shortlisted_from_wordfreq_seed
wfpt-06440,dançando,,,6528,,shortlisted_from_wordfreq_seed
wfpt-06441,declara,,,6529,,shortlisted_from_wordfreq_seed
wfpt-06442,defeito,,,6530,,shortlisted_from_wordfreq_seed
wfpt-06443,defensores,,,6531,,shortlisted_from_wordfreq_seed
wfpt-06444,denúncias,,,6532,,shortlisted_from_wordfreq_seed
wfpt-06445,desapareceu,,,6533,,shortlisted_from_wordfreq_seed
wfpt-06446,editar,,,6534,,shortlisted_from_wordfreq_seed
wfpt-06447,efetivamente,,,6535,,shortlisted_from_wordfreq_seed
wfpt-06448,eliminado,,,6536,,shortlisted_from_wordfreq_seed
wfpt-06449,envia,,,6537,,shortlisted_from_wordfreq_seed
wfpt-06450,envio,,,6538,,shortlisted_from_wordfreq_seed
wfpt-06451,estrangeiras,,,6539,,shortlisted_from_wordfreq_seed
wfpt-06452,estudando,,,6540,,shortlisted_from_wordfreq_seed
wfpt-06453,exercícios,,,6541,,shortlisted_from_wordfreq_seed
wfpt-06454,exibido,,,6542,,shortlisted_from_wordfreq_seed
wfpt-06455,extração,,,6543,,shortlisted_from_wordfreq_seed
wfpt-06456,folga,,,6544,,shortlisted_from_wordfreq_seed
wfpt-06457,golpes,,,6545,,shortlisted_from_wordfreq_seed
wfpt-06458,grand,,,6546,,shortlisted_from_wordfreq_seed
wfpt-06459,gratidão,,,6547,,shortlisted_from_wordfreq_seed
wfpt-06460,gráfica,,,6548,,shortlisted_from_wordfreq_seed
wfpt-06461,guarani,,,6549,,shortlisted_from_wordfreq_seed
wfpt-06462,humilde,,,6550,,shortlisted_from_wordfreq_seed
wfpt-06463,incomum,,,6551,,shortlisted_from_wordfreq_seed
wfpt-06464,itunes,,,6552,,shortlisted_from_wordfreq_seed
wfpt-06465,lendas,,,6553,,shortlisted_from_wordfreq_seed
wfpt-06466,marcando,,,6554,,shortlisted_from_wordfreq_seed
wfpt-06468,medalhas,,,6556,,shortlisted_from_wordfreq_seed
wfpt-06469,menção,,,6557,,shortlisted_from_wordfreq_seed
wfpt-06470,morena,,,6558,,shortlisted_from_wordfreq_seed
wfpt-06471,mtv,,,6559,,shortlisted_from_wordfreq_seed
wfpt-06473,negou,,,6561,,shortlisted_from_wordfreq_seed
wfpt-06474,nucleares,,,6562,,shortlisted_from_wordfreq_seed
wfpt-06475,observou,,,6563,,shortlisted_from_wordfreq_seed
wfpt-06476,ofensiva,,,6564,,shortlisted_from_wordfreq_seed
wfpt-06477,oferecem,,,6565,,shortlisted_from_wordfreq_seed
wfpt-06478,oferecido,,,6566,,shortlisted_from_wordfreq_seed
wfpt-06479,palma,,,6567,,shortlisted_from_wordfreq_seed
wfpt-06480,parcerias,,,6568,,shortlisted_from_wordfreq_seed
wfpt-06481,perguntam,,,6569,,shortlisted_from_wordfreq_seed
wfpt-06482,planejando,,,6570,,shortlisted_from_wordfreq_seed
wfpt-06483,pretendo,,,6571,,shortlisted_from_wordfreq_seed
wfpt-06484,prioridades,,,6572,,shortlisted_from_wordfreq_seed
wfpt-06485,proibição,,,6573,,shortlisted_from_wordfreq_seed
wfpt-06486,psicológico,,,6574,,shortlisted_from_wordfreq_seed
wfpt-06487,quadra,,,6575,,shortlisted_from_wordfreq_seed
wfpt-06488,quantidades,,,6576,,shortlisted_from_wordfreq_seed
wfpt-06489,razoável,,,6577,,shortlisted_from_wordfreq_seed
wfpt-06490,receio,,,6578,,shortlisted_from_wordfreq_seed
wfpt-06491,residências,,,6579,,shortlisted_from_wordfreq_seed
wfpt-06492,responda,,,6580,,shortlisted_from_wordfreq_seed
wfpt-06493,revolucionário,,,6581,,shortlisted_from_wordfreq_seed
wfpt-06494,rola,,,6582,,shortlisted_from_wordfreq_seed
wfpt-06495,seriamente,,,6583,,shortlisted_from_wordfreq_seed
wfpt-06496,situada,,,6584,,shortlisted_from_wordfreq_seed
wfpt-06497,substância,,,6585,,shortlisted_from_wordfreq_seed
wfpt-06498,surpreender,,,6586,,shortlisted_from_wordfreq_seed
wfpt-06499,símbolos,,,6587,,shortlisted_from_wordfreq_seed
wfpt-06500,tecidos,,,6588,,shortlisted_from_wordfreq_seed
wfpt-06501,terminei,,,6589,,shortlisted_from_wordfreq_seed
wfpt-06502,tomaram,,,6590,,shortlisted_from_wordfreq_seed
wfpt-06503,traduções,,,6591,,shortlisted_from_wordfreq_seed
wfpt-06504,transar,,,6592,,shortlisted_from_wordfreq_seed
wfpt-06505,traços,,,6593,,shortlisted_from_wordfreq_seed
wfpt-06506,término,,,6594,,shortlisted_from_wordfreq_seed
wfpt-06507,universitária,,,6595,,shortlisted_from_wordfreq_seed
wfpt-06508,vasta,,,6596,,shortlisted_from_wordfreq_seed
wfpt-06509,veem,,,6597,,shortlisted_from_wordfreq_seed
wfpt-06510,view,,,6598,,shortlisted_from_wordfreq_seed
wfpt-06511,virtuais,,,6599,,shortlisted_from_wordfreq_seed
wfpt-06512,visualizações,,,6600,,shortlisted_from_wordfreq_seed
wfpt-06513,vitor,,,6601,,shortlisted_from_wordfreq_seed
wfpt-06515,abra,,,6604,,shortlisted_from_wordfreq_seed
wfpt-06516,aceite,,,6605,,shortlisted_from_wordfreq_seed
wfpt-06517,acordou,,,6606,,shortlisted_from_wordfreq_seed
wfpt-06519,adorar,,,6608,,shortlisted_from_wordfreq_seed
wfpt-06520,air,,,6609,,shortlisted_from_wordfreq_seed
wfpt-06521,amaral,,,6610,,shortlisted_from_wordfreq_seed
wfpt-06522,armazenamento,,,6611,,shortlisted_from_wordfreq_seed
wfpt-06523,armário,,,6612,,shortlisted_from_wordfreq_seed
wfpt-06524,arquiteto,,,6613,,shortlisted_from_wordfreq_seed
wfpt-06525,assis,,,6614,,shortlisted_from_wordfreq_seed
wfpt-06526,atualizações,,,6615,,shortlisted_from_wordfreq_seed
wfpt-06527,batida,,,6616,,shortlisted_from_wordfreq_seed
wfpt-06528,candidata,,,6617,,shortlisted_from_wordfreq_seed
wfpt-06529,causados,,,6618,,shortlisted_from_wordfreq_seed
wfpt-06530,cinemas,,,6619,,shortlisted_from_wordfreq_seed
wfpt-06531,claras,,,6620,,shortlisted_from_wordfreq_seed
wfpt-06532,coberto,,,6621,,shortlisted_from_wordfreq_seed
wfpt-06533,cometeu,,,6622,,shortlisted_from_wordfreq_seed
wfpt-06534,complicada,,,6623,,shortlisted_from_wordfreq_seed
wfpt-06535,comprado,,,6624,,shortlisted_from_wordfreq_seed
wfpt-06536,concorrência,,,6625,,shortlisted_from_wordfreq_seed
wfpt-06537,confrontos,,,6626,,shortlisted_from_wordfreq_seed
wfpt-06538,construiu,,,6627,,shortlisted_from_wordfreq_seed
wfpt-06539,consultor,,,6628,,shortlisted_from_wordfreq_seed
wfpt-06540,continuaram,,,6629,,shortlisted_from_wordfreq_seed
wfpt-06541,controla,,,6630,,shortlisted_from_wordfreq_seed
wfpt-06542,corridas,,,6631,,shortlisted_from_wordfreq_seed
wfpt-06543,criadores,,,6632,,shortlisted_from_wordfreq_seed
wfpt-06544,cúpula,,,6633,,shortlisted_from_wordfreq_seed
wfpt-06545,damos,,,6634,,shortlisted_from_wordfreq_seed
wfpt-06546,dance,,,6635,,shortlisted_from_wordfreq_seed
wfpt-06547,descobriram,,,6636,,shortlisted_from_wordfreq_seed
wfpt-06548,desenvolvendo,,,6637,,shortlisted_from_wordfreq_seed
wfpt-06549,devolver,,,6638,,shortlisted_from_wordfreq_seed
wfpt-06550,discriminação,,,6639,,shortlisted_from_wordfreq_seed
wfpt-06551,discursos,,,6640,,shortlisted_from_wordfreq_seed
wfpt-06552,discutindo,,,6641,,shortlisted_from_wordfreq_seed
wfpt-06553,disputar,,,6642,,shortlisted_from_wordfreq_seed
wfpt-06554,dividida,,,6643,,shortlisted_from_wordfreq_seed
wfpt-06555,dominar,,,6644,,shortlisted_from_wordfreq_seed
wfpt-06556,donald,,,6645,,shortlisted_from_wordfreq_seed
wfpt-06557,drive,,,6646,,shortlisted_from_wordfreq_seed
wfpt-06558,eleitor,,,6647,,shortlisted_from_wordfreq_seed
wfpt-06559,encerrar,,,6648,,shortlisted_from_wordfreq_seed
wfpt-06560,end,,,6649,,shortlisted_from_wordfreq_seed
wfpt-06561,explicações,,,6650,,shortlisted_from_wordfreq_seed
wfpt-06562,fachada,,,6651,,shortlisted_from_wordfreq_seed
wfpt-06563,falecido,,,6652,,shortlisted_from_wordfreq_seed
wfpt-06564,fantástica,,,6653,,shortlisted_from_wordfreq_seed
wfpt-06565,farinha,,,6654,,shortlisted_from_wordfreq_seed
wfpt-06566,fisicamente,,,6655,,shortlisted_from_wordfreq_seed
wfpt-06567,foge,,,6656,,shortlisted_from_wordfreq_seed
wfpt-06568,fresco,,,6657,,shortlisted_from_wordfreq_seed
wfpt-06569,fumo,,,6658,,shortlisted_from_wordfreq_seed
wfpt-06570,gaúcho,,,6659,,shortlisted_from_wordfreq_seed
wfpt-06571,geraldo,,,6660,,shortlisted_from_wordfreq_seed
wfpt-06572,gerando,,,6661,,shortlisted_from_wordfreq_seed
wfpt-06573,grama,,,6662,,shortlisted_from_wordfreq_seed
wfpt-06574,inevitável,,,6663,,shortlisted_from_wordfreq_seed
wfpt-06575,inflação,,,6664,,shortlisted_from_wordfreq_seed
wfpt-06576,inspirada,,,6665,,shortlisted_from_wordfreq_seed
wfpt-06577,isolamento,,,6666,,shortlisted_from_wordfreq_seed
wfpt-06578,jennifer,,,6667,,shortlisted_from_wordfreq_seed
wfpt-06579,judiciais,,,6668,,shortlisted_from_wordfreq_seed
wfpt-06580,legendas,,,6669,,shortlisted_from_wordfreq_seed
wfpt-06581,macacos,,,6670,,shortlisted_from_wordfreq_seed
wfpt-06582,manga,,,6671,,shortlisted_from_wordfreq_seed
wfpt-06583,mansão,,,6672,,shortlisted_from_wordfreq_seed
wfpt-06584,minerais,,,6673,,shortlisted_from_wordfreq_seed
wfpt-06585,montes,,,6674,,shortlisted_from_wordfreq_seed
wfpt-06586,moradia,,,6675,,shortlisted_from_wordfreq_seed
wfpt-06588,multi,,,6677,,shortlisted_from_wordfreq_seed
wfpt-06589,mundos,,,6678,,shortlisted_from_wordfreq_seed
wfpt-06590,office,,,6679,,shortlisted_from_wordfreq_seed
wfpt-06591,orações,,,6680,,shortlisted_from_wordfreq_seed
wfpt-06592,parceira,,,6681,,shortlisted_from_wordfreq_seed
wfpt-06593,parques,,,6682,,shortlisted_from_wordfreq_seed
wfpt-06594,partindo,,,6683,,shortlisted_from_wordfreq_seed
wfpt-06595,pensamos,,,6684,,shortlisted_from_wordfreq_seed
wfpt-06596,pico,,,6685,,shortlisted_from_wordfreq_seed
wfpt-06597,piorar,,,6686,,shortlisted_from_wordfreq_seed
wfpt-06598,poderíamos,,,6687,,shortlisted_from_wordfreq_seed
wfpt-06599,posterior,,,6688,,shortlisted_from_wordfreq_seed
wfpt-06600,privilégio,,,6689,,shortlisted_from_wordfreq_seed
wfpt-06601,produções,,,6690,,shortlisted_from_wordfreq_seed
wfpt-06602,profeta,,,6691,,shortlisted_from_wordfreq_seed
wfpt-06603,prol,,,6692,,shortlisted_from_wordfreq_seed
wfpt-06604,promovendo,,,6693,,shortlisted_from_wordfreq_seed
wfpt-06605,propôs,,,6694,,shortlisted_from_wordfreq_seed
wfpt-06606,provenientes,,,6695,,shortlisted_from_wordfreq_seed
wfpt-06607,radicais,,,6696,,shortlisted_from_wordfreq_seed
wfpt-06608,realizaram,,,6697,,shortlisted_from_wordfreq_seed
wfpt-06609,reduzida,,,6698,,shortlisted_from_wordfreq_seed
wfpt-06610,rejeição,,,6699,,shortlisted_from_wordfreq_seed
wfpt-06611,respiração,,,6700,,shortlisted_from_wordfreq_seed
wfpt-06612,rindo,,,6701,,shortlisted_from_wordfreq_seed
wfpt-06613,road,,,6702,,shortlisted_from_wordfreq_seed
wfpt-06614,robin,,,6703,,shortlisted_from_wordfreq_seed
wfpt-06615,romero,,,6704,,shortlisted_from_wordfreq_seed
wfpt-06616,sandra,,,6705,,shortlisted_from_wordfreq_seed
wfpt-06617,semanal,,,6706,,shortlisted_from_wordfreq_seed
wfpt-06618,service,,,6707,,shortlisted_from_wordfreq_seed
wfpt-06619,sinopse,,,6708,,shortlisted_from_wordfreq_seed
wfpt-06620,sociologia,,,6709,,shortlisted_from_wordfreq_seed
wfpt-06621,solidão,,,6710,,shortlisted_from_wordfreq_seed
wfpt-06622,sorvete,,,6711,,shortlisted_from_wordfreq_seed
wfpt-06623,sra,,,6712,,shortlisted_from_wordfreq_seed
wfpt-06625,substâncias,,,6714,,shortlisted_from_wordfreq_seed
wfpt-06626,terrenos,,,6715,,shortlisted_from_wordfreq_seed
wfpt-06627,terço,,,6716,,shortlisted_from_wordfreq_seed
wfpt-06628,transformando,,,6717,,shortlisted_from_wordfreq_seed
wfpt-06629,tratava,,,6718,,shortlisted_from_wordfreq_seed
wfpt-06630,táxi,,,6719,,shortlisted_from_wordfreq_seed
wfpt-06631,túnel,,,6720,,shortlisted_from_wordfreq_seed
wfpt-06632,university,,,6721,,shortlisted_from_wordfreq_seed
wfpt-06633,usaram,,,6722,,shortlisted_from_wordfreq_seed
wfpt-06634,vendedor,,,6723,,shortlisted_from_wordfreq_seed
wfpt-06635,verá,,,6724,,shortlisted_from_wordfreq_seed
wfpt-06636,vilas,,,6725,,shortlisted_from_wordfreq_seed
wfpt-06637,vivas,,,6726,,shortlisted_from_wordfreq_seed
wfpt-06638,vivi,,,6727,,shortlisted_from_wordfreq_seed
wfpt-06639,williams,,,6728,,shortlisted_from_wordfreq_seed
wfpt-06640,acontecimento,,,6729,,shortlisted_from_wordfreq_seed
wfpt-06641,agindo,,,6730,,shortlisted_from_wordfreq_seed
wfpt-06642,agradar,,,6731,,shortlisted_from_wordfreq_seed
wfpt-06643,agricultores,,,6732,,shortlisted_from_wordfreq_seed
wfpt-06644,albert,,,6733,,shortlisted_from_wordfreq_seed
wfpt-06645,assembléia,,,6734,,shortlisted_from_wordfreq_seed
wfpt-06646,atrasada,,,6735,,shortlisted_from_wordfreq_seed
wfpt-06647,atualidade,,,6736,,shortlisted_from_wordfreq_seed
wfpt-06648,baixe,,,6737,,shortlisted_from_wordfreq_seed
wfpt-06649,bares,,,6738,,shortlisted_from_wordfreq_seed
wfpt-06650,britânicos,,,6739,,shortlisted_from_wordfreq_seed
wfpt-06651,caderno,,,6740,,shortlisted_from_wordfreq_seed
wfpt-06652,caminhões,,,6741,,shortlisted_from_wordfreq_seed
wfpt-06653,caracteres,,,6742,,shortlisted_from_wordfreq_seed
wfpt-06654,castigo,,,6743,,shortlisted_from_wordfreq_seed
wfpt-06655,científicos,,,6744,,shortlisted_from_wordfreq_seed
wfpt-06656,combinar,,,6745,,shortlisted_from_wordfreq_seed
wfpt-06657,componente,,,6746,,shortlisted_from_wordfreq_seed
wfpt-06658,consulado,,,6747,,shortlisted_from_wordfreq_seed
wfpt-06659,controlada,,,6748,,shortlisted_from_wordfreq_seed
wfpt-06660,controlado,,,6749,,shortlisted_from_wordfreq_seed
wfpt-06661,couro,,,6750,,shortlisted_from_wordfreq_seed
wfpt-06663,denominado,,,6752,,shortlisted_from_wordfreq_seed
wfpt-06664,determinadas,,,6753,,shortlisted_from_wordfreq_seed
wfpt-06665,doc,,,6754,,shortlisted_from_wordfreq_seed
wfpt-06666,dormiu,,,6755,,shortlisted_from_wordfreq_seed
wfpt-06667,dra,,,6756,,shortlisted_from_wordfreq_seed
wfpt-06668,east,,,6757,,shortlisted_from_wordfreq_seed
wfpt-06669,engenheiros,,,6758,,shortlisted_from_wordfreq_seed
wfpt-06670,escura,,,6759,,shortlisted_from_wordfreq_seed
wfpt-06671,estivessem,,,6760,,shortlisted_from_wordfreq_seed
wfpt-06672,fabricação,,,6761,,shortlisted_from_wordfreq_seed
wfpt-06673,feminista,,,6762,,shortlisted_from_wordfreq_seed
wfpt-06674,fornecimento,,,6763,,shortlisted_from_wordfreq_seed
wfpt-06675,fundadores,,,6764,,shortlisted_from_wordfreq_seed
wfpt-06676,garantiu,,,6765,,shortlisted_from_wordfreq_seed
wfpt-06677,garrafas,,,6766,,shortlisted_from_wordfreq_seed
wfpt-06678,gata,,,6767,,shortlisted_from_wordfreq_seed
wfpt-06679,girls,,,6768,,shortlisted_from_wordfreq_seed
wfpt-06680,gregos,,,6769,,shortlisted_from_wordfreq_seed
wfpt-06681,gripe,,,6770,,shortlisted_from_wordfreq_seed
wfpt-06682,históricas,,,6771,,shortlisted_from_wordfreq_seed
wfpt-06683,imóveis,,,6772,,shortlisted_from_wordfreq_seed
wfpt-06684,incluído,,,6773,,shortlisted_from_wordfreq_seed
wfpt-06685,indicando,,,6774,,shortlisted_from_wordfreq_seed
wfpt-06686,invisível,,,6775,,shortlisted_from_wordfreq_seed
wfpt-06687,jacob,,,6776,,shortlisted_from_wordfreq_seed
wfpt-06688,jerry,,,6777,,shortlisted_from_wordfreq_seed
wfpt-06689,julio,,,6778,,shortlisted_from_wordfreq_seed
wfpt-06690,karen,,,6779,,shortlisted_from_wordfreq_seed
wfpt-06691,kids,,,6780,,shortlisted_from_wordfreq_seed
wfpt-06692,lamento,,,6781,,shortlisted_from_wordfreq_seed
wfpt-06693,let,,,6782,,shortlisted_from_wordfreq_seed
wfpt-06694,limitações,,,6783,,shortlisted_from_wordfreq_seed
wfpt-06695,litros,,,6784,,shortlisted_from_wordfreq_seed
wfpt-06696,localidade,,,6785,,shortlisted_from_wordfreq_seed
wfpt-06697,maluca,,,6786,,shortlisted_from_wordfreq_seed
wfpt-06698,maurício,,,6787,,shortlisted_from_wordfreq_seed
wfpt-06699,memorial,,,6788,,shortlisted_from_wordfreq_seed
wfpt-06700,mesas,,,6789,,shortlisted_from_wordfreq_seed
wfpt-06701,mestres,,,6790,,shortlisted_from_wordfreq_seed
wfpt-06702,metas,,,6791,,shortlisted_from_wordfreq_seed
wfpt-06703,night,,,6792,,shortlisted_from_wordfreq_seed
wfpt-06704,non,,,6793,,shortlisted_from_wordfreq_seed
wfpt-06705,obrigações,,,6794,,shortlisted_from_wordfreq_seed
wfpt-06706,organismos,,,6795,,shortlisted_from_wordfreq_seed
wfpt-06707,pareceu,,,6796,,shortlisted_from_wordfreq_seed
wfpt-06708,passear,,,6797,,shortlisted_from_wordfreq_seed
wfpt-06709,povoado,,,6798,,shortlisted_from_wordfreq_seed
wfpt-06710,preferem,,,6799,,shortlisted_from_wordfreq_seed
wfpt-06711,prévia,,,6800,,shortlisted_from_wordfreq_seed
wfpt-06712,puderam,,,6801,,shortlisted_from_wordfreq_seed
wfpt-06714,qualidades,,,6803,,shortlisted_from_wordfreq_seed
wfpt-06715,questionar,,,6804,,shortlisted_from_wordfreq_seed
wfpt-06716,racista,,,6805,,shortlisted_from_wordfreq_seed
wfpt-06717,reflexo,,,6806,,shortlisted_from_wordfreq_seed
wfpt-06718,relevância,,,6807,,shortlisted_from_wordfreq_seed
wfpt-06719,renata,,,6808,,shortlisted_from_wordfreq_seed
wfpt-06720,respectivos,,,6809,,shortlisted_from_wordfreq_seed
wfpt-06721,resultar,,,6810,,shortlisted_from_wordfreq_seed
wfpt-06722,saibam,,,6811,,shortlisted_from_wordfreq_seed
wfpt-06723,simone,,,6812,,shortlisted_from_wordfreq_seed
wfpt-06724,simultaneamente,,,6813,,shortlisted_from_wordfreq_seed
wfpt-06725,sorrir,,,6814,,shortlisted_from_wordfreq_seed
wfpt-06726,sugerir,,,6815,,shortlisted_from_wordfreq_seed
wfpt-06727,terei,,,6816,,shortlisted_from_wordfreq_seed
wfpt-06728,tons,,,6817,,shortlisted_from_wordfreq_seed
wfpt-06729,tratando,,,6818,,shortlisted_from_wordfreq_seed
wfpt-06730,tropical,,,6819,,shortlisted_from_wordfreq_seed
wfpt-06731,valente,,,6820,,shortlisted_from_wordfreq_seed
wfpt-06732,vaticano,,,6821,,shortlisted_from_wordfreq_seed
wfpt-06733,verdadeiras,,,6822,,shortlisted_from_wordfreq_seed
wfpt-06734,villa,,,6823,,shortlisted_from_wordfreq_seed
wfpt-06735,wall,,,6824,,shortlisted_from_wordfreq_seed
wfpt-06736,when,,,6825,,shortlisted_from_wordfreq_seed
wfpt-06737,xvi,,,6826,,shortlisted_from_wordfreq_seed
wfpt-06738,xxi,,,6827,,shortlisted_from_wordfreq_seed
wfpt-06740,acompanhou,,,6829,,shortlisted_from_wordfreq_seed
wfpt-06741,acostumado,,,6830,,shortlisted_from_wordfreq_seed
wfpt-06742,acrescenta,,,6831,,shortlisted_from_wordfreq_seed
wfpt-06743,acções,,,6832,,shortlisted_from_wordfreq_seed
wfpt-06744,afastado,,,6833,,shortlisted_from_wordfreq_seed
wfpt-06745,ampliar,,,6834,,shortlisted_from_wordfreq_seed
wfpt-06746,amém,,,6835,,shortlisted_from_wordfreq_seed
wfpt-06747,andares,,,6836,,shortlisted_from_wordfreq_seed
wfpt-06748,apertar,,,6837,,shortlisted_from_wordfreq_seed
wfpt-06749,arábia,,,6838,,shortlisted_from_wordfreq_seed
wfpt-06750,associadas,,,6839,,shortlisted_from_wordfreq_seed
wfpt-06751,azar,,,6840,,shortlisted_from_wordfreq_seed
wfpt-06752,bang,,,6841,,shortlisted_from_wordfreq_seed
wfpt-06753,bebendo,,,6842,,shortlisted_from_wordfreq_seed
wfpt-06754,bobo,,,6843,,shortlisted_from_wordfreq_seed
wfpt-06755,bondade,,,6844,,shortlisted_from_wordfreq_seed
wfpt-06756,chef,,,6845,,shortlisted_from_wordfreq_seed
wfpt-06757,combustíveis,,,6846,,shortlisted_from_wordfreq_seed
wfpt-06758,comi,,,6847,,shortlisted_from_wordfreq_seed
wfpt-06759,conclusões,,,6848,,shortlisted_from_wordfreq_seed
wfpt-06760,condenados,,,6849,,shortlisted_from_wordfreq_seed
wfpt-06761,considere,,,6850,,shortlisted_from_wordfreq_seed
wfpt-06762,convidou,,,6851,,shortlisted_from_wordfreq_seed
wfpt-06763,coordenadas,,,6852,,shortlisted_from_wordfreq_seed
wfpt-06764,corredores,,,6853,,shortlisted_from_wordfreq_seed
wfpt-06765,coutinho,,,6854,,shortlisted_from_wordfreq_seed
wfpt-06766,cover,,,6855,,shortlisted_from_wordfreq_seed
wfpt-06767,criativo,,,6856,,shortlisted_from_wordfreq_seed
wfpt-06768,critério,,,6857,,shortlisted_from_wordfreq_seed
wfpt-06769,currículo,,,6858,,shortlisted_from_wordfreq_seed
wfpt-06770,dead,,,6859,,shortlisted_from_wordfreq_seed
wfpt-06771,demitido,,,6860,,shortlisted_from_wordfreq_seed
wfpt-06772,demonstrou,,,6861,,shortlisted_from_wordfreq_seed
wfpt-06773,dennis,,,6862,,shortlisted_from_wordfreq_seed
wfpt-06774,departamentos,,,6863,,shortlisted_from_wordfreq_seed
wfpt-06775,deputada,,,6864,,shortlisted_from_wordfreq_seed
wfpt-06776,destinada,,,6865,,shortlisted_from_wordfreq_seed
wfpt-06777,determinou,,,6866,,shortlisted_from_wordfreq_seed
wfpt-06779,diárias,,,6868,,shortlisted_from_wordfreq_seed
wfpt-06780,domínios,,,6869,,shortlisted_from_wordfreq_seed
wfpt-06782,editores,,,6871,,shortlisted_from_wordfreq_seed
wfpt-06783,ego,,,6872,,shortlisted_from_wordfreq_seed
wfpt-06784,elena,,,6873,,shortlisted_from_wordfreq_seed
wfpt-06785,encontrará,,,6874,,shortlisted_from_wordfreq_seed
wfpt-06786,entusiasmo,,,6875,,shortlisted_from_wordfreq_seed
wfpt-06787,est,,,6876,,shortlisted_from_wordfreq_seed
wfpt-06788,expresso,,,6878,,shortlisted_from_wordfreq_seed
wfpt-06789,fabricante,,,6879,,shortlisted_from_wordfreq_seed
wfpt-06790,fina,,,6880,,shortlisted_from_wordfreq_seed
wfpt-06791,fios,,,6881,,shortlisted_from_wordfreq_seed
wfpt-06792,fiscais,,,6882,,shortlisted_from_wordfreq_seed
wfpt-06793,fornecedores,,,6883,,shortlisted_from_wordfreq_seed
wfpt-06794,fundado,,,6884,,shortlisted_from_wordfreq_seed
wfpt-06795,funk,,,6885,,shortlisted_from_wordfreq_seed
wfpt-06796,fusão,,,6886,,shortlisted_from_wordfreq_seed
wfpt-06797,fáceis,,,6887,,shortlisted_from_wordfreq_seed
wfpt-06798,galvão,,,6888,,shortlisted_from_wordfreq_seed
wfpt-06799,gases,,,6889,,shortlisted_from_wordfreq_seed
wfpt-06800,gatilho,,,6890,,shortlisted_from_wordfreq_seed
wfpt-06801,gloria,,,6891,,shortlisted_from_wordfreq_seed
wfpt-06802,grossa,,,6892,,shortlisted_from_wordfreq_seed
wfpt-06803,habitual,,,6893,,shortlisted_from_wordfreq_seed
wfpt-06804,imóvel,,,6894,,shortlisted_from_wordfreq_seed
wfpt-06805,infra,,,6895,,shortlisted_from_wordfreq_seed
wfpt-06806,invadir,,,6896,,shortlisted_from_wordfreq_seed
wfpt-06808,lemos,,,6898,,shortlisted_from_wordfreq_seed
wfpt-06809,lesões,,,6899,,shortlisted_from_wordfreq_seed
wfpt-06810,levá,,,6900,,shortlisted_from_wordfreq_seed
wfpt-06811,liberar,,,6901,,shortlisted_from_wordfreq_seed
wfpt-06812,literária,,,6902,,shortlisted_from_wordfreq_seed
wfpt-06813,lições,,,6903,,shortlisted_from_wordfreq_seed
wfpt-06814,luke,,,6904,,shortlisted_from_wordfreq_seed
wfpt-06815,magalhães,,,6905,,shortlisted_from_wordfreq_seed
wfpt-06816,manteiga,,,6906,,shortlisted_from_wordfreq_seed
wfpt-06817,mantida,,,6907,,shortlisted_from_wordfreq_seed
wfpt-06818,mantêm,,,6908,,shortlisted_from_wordfreq_seed
wfpt-06819,marie,,,6909,,shortlisted_from_wordfreq_seed
wfpt-06820,mataram,,,6910,,shortlisted_from_wordfreq_seed
wfpt-06821,medeiros,,,6911,,shortlisted_from_wordfreq_seed
wfpt-06822,moreno,,,6912,,shortlisted_from_wordfreq_seed
wfpt-06823,morgan,,,6913,,shortlisted_from_wordfreq_seed
wfpt-06824,mísseis,,,6914,,shortlisted_from_wordfreq_seed
wfpt-06825,módulo,,,6915,,shortlisted_from_wordfreq_seed
wfpt-06826,negativas,,,6916,,shortlisted_from_wordfreq_seed
wfpt-06827,novinha,,,6917,,shortlisted_from_wordfreq_seed
wfpt-06828,observado,,,6918,,shortlisted_from_wordfreq_seed
wfpt-06829,perdem,,,6919,,shortlisted_from_wordfreq_seed
wfpt-06830,pinturas,,,6920,,shortlisted_from_wordfreq_seed
wfpt-06831,poeira,,,6921,,shortlisted_from_wordfreq_seed
wfpt-06832,portuguesas,,,6922,,shortlisted_from_wordfreq_seed
wfpt-06833,posicionamento,,,6923,,shortlisted_from_wordfreq_seed
wfpt-06834,praças,,,6924,,shortlisted_from_wordfreq_seed
wfpt-06835,preferido,,,6925,,shortlisted_from_wordfreq_seed
wfpt-06836,primos,,,6926,,shortlisted_from_wordfreq_seed
wfpt-06837,procurado,,,6927,,shortlisted_from_wordfreq_seed
wfpt-06838,profundas,,,6928,,shortlisted_from_wordfreq_seed
wfpt-06839,proibida,,,6929,,shortlisted_from_wordfreq_seed
wfpt-06840,propriamente,,,6930,,shortlisted_from_wordfreq_seed
wfpt-06841,pára,,,6931,,shortlisted_from_wordfreq_seed
wfpt-06842,reforçar,,,6932,,shortlisted_from_wordfreq_seed
wfpt-06843,refúgio,,,6933,,shortlisted_from_wordfreq_seed
wfpt-06844,reitor,,,6934,,shortlisted_from_wordfreq_seed
wfpt-06845,relatou,,,6935,,shortlisted_from_wordfreq_seed
wfpt-06846,rendimento,,,6936,,shortlisted_from_wordfreq_seed
wfpt-06847,representado,,,6937,,shortlisted_from_wordfreq_seed
wfpt-06848,repressão,,,6938,,shortlisted_from_wordfreq_seed
wfpt-06849,resume,,,6939,,shortlisted_from_wordfreq_seed
wfpt-06850,roubou,,,6940,,shortlisted_from_wordfreq_seed
wfpt-06851,santuário,,,6941,,shortlisted_from_wordfreq_seed
wfpt-06852,saudita,,,6942,,shortlisted_from_wordfreq_seed
wfpt-06853,sean,,,6943,,shortlisted_from_wordfreq_seed
wfpt-06854,selecionados,,,6944,,shortlisted_from_wordfreq_seed
wfpt-06855,servido,,,6945,,shortlisted_from_wordfreq_seed
wfpt-06856,soberania,,,6946,,shortlisted_from_wordfreq_seed
wfpt-06857,stan,,,6947,,shortlisted_from_wordfreq_seed
wfpt-06858,sujeitos,,,6948,,shortlisted_from_wordfreq_seed
wfpt-06859,suprema,,,6949,,shortlisted_from_wordfreq_seed
wfpt-06860,surpresas,,,6950,,shortlisted_from_wordfreq_seed
wfpt-06861,tende,,,6951,,shortlisted_from_wordfreq_seed
wfpt-06862,tentado,,,6952,,shortlisted_from_wordfreq_seed
wfpt-06863,terrorismo,,,6953,,shortlisted_from_wordfreq_seed
wfpt-06864,torne,,,6954,,shortlisted_from_wordfreq_seed
wfpt-06865,trabalhista,,,6955,,shortlisted_from_wordfreq_seed
wfpt-06866,tradutor,,,6956,,shortlisted_from_wordfreq_seed
wfpt-06867,transportar,,,6957,,shortlisted_from_wordfreq_seed
wfpt-06868,tributo,,,6958,,shortlisted_from_wordfreq_seed
wfpt-06869,trouxeram,,,6959,,shortlisted_from_wordfreq_seed
wfpt-06870,urbanas,,,6960,,shortlisted_from_wordfreq_seed
wfpt-06871,usamos,,,6961,,shortlisted_from_wordfreq_seed
wfpt-06872,utilidade,,,6962,,shortlisted_from_wordfreq_seed
wfpt-06873,vapor,,,6963,,shortlisted_from_wordfreq_seed
wfpt-06874,vera,,,6964,,shortlisted_from_wordfreq_seed
wfpt-06875,verdades,,,6965,,shortlisted_from_wordfreq_seed
wfpt-06876,virá,,,6966,,shortlisted_from_wordfreq_seed
wfpt-06877,vladimir,,,6967,,shortlisted_from_wordfreq_seed
wfpt-06878,abreu,,,6968,,shortlisted_from_wordfreq_seed
wfpt-06879,aconteceram,,,6969,,shortlisted_from_wordfreq_seed
wfpt-06880,admite,,,6970,,shortlisted_from_wordfreq_seed
wfpt-06881,adversários,,,6971,,shortlisted_from_wordfreq_seed
wfpt-06882,américas,,,6972,,shortlisted_from_wordfreq_seed
wfpt-06883,aplicado,,,6973,,shortlisted_from_wordfreq_seed
wfpt-06884,apoiado,,,6974,,shortlisted_from_wordfreq_seed
wfpt-06885,apontou,,,6975,,shortlisted_from_wordfreq_seed
wfpt-06886,apostar,,,6976,,shortlisted_from_wordfreq_seed
wfpt-06887,arrecadação,,,6977,,shortlisted_from_wordfreq_seed
wfpt-06888,asiático,,,6978,,shortlisted_from_wordfreq_seed
wfpt-06889,assustador,,,6979,,shortlisted_from_wordfreq_seed
wfpt-06890,atenas,,,6980,,shortlisted_from_wordfreq_seed
wfpt-06891,atentado,,,6981,,shortlisted_from_wordfreq_seed
wfpt-06892,atlas,,,6982,,shortlisted_from_wordfreq_seed
wfpt-06893,atualizar,,,6983,,shortlisted_from_wordfreq_seed
wfpt-06894,automóvel,,,6984,,shortlisted_from_wordfreq_seed
wfpt-06895,autorais,,,6985,,shortlisted_from_wordfreq_seed
wfpt-06896,avós,,,6986,,shortlisted_from_wordfreq_seed
wfpt-06897,balanço,,,6987,,shortlisted_from_wordfreq_seed
wfpt-06898,biografia,,,6988,,shortlisted_from_wordfreq_seed
wfpt-06899,bonitos,,,6989,,shortlisted_from_wordfreq_seed
wfpt-06900,brigar,,,6990,,shortlisted_from_wordfreq_seed
wfpt-06901,bush,,,6991,,shortlisted_from_wordfreq_seed
wfpt-06902,camiseta,,,6992,,shortlisted_from_wordfreq_seed
wfpt-06903,cbf,,,6993,,shortlisted_from_wordfreq_seed
wfpt-06904,cds,,,6994,,shortlisted_from_wordfreq_seed
wfpt-06905,chamaram,,,6995,,shortlisted_from_wordfreq_seed
wfpt-06906,chat,,,6996,,shortlisted_from_wordfreq_seed
wfpt-06907,cheias,,,6997,,shortlisted_from_wordfreq_seed
wfpt-06908,churrasco,,,6998,,shortlisted_from_wordfreq_seed
wfpt-06909,competência,,,6999,,shortlisted_from_wordfreq_seed
wfpt-06910,complexa,,,7000,,shortlisted_from_wordfreq_seed
wfpt-06911,conferências,,,7001,,shortlisted_from_wordfreq_seed
wfpt-06912,constituem,,,7002,,shortlisted_from_wordfreq_seed
wfpt-06913,cordas,,,7003,,shortlisted_from_wordfreq_seed
wfpt-06914,credibilidade,,,7004,,shortlisted_from_wordfreq_seed
wfpt-06915,credo,,,7005,,shortlisted_from_wordfreq_seed
wfpt-06916,cuidando,,,7006,,shortlisted_from_wordfreq_seed
wfpt-06917,danilo,,,7007,,shortlisted_from_wordfreq_seed
wfpt-06918,decidimos,,,7008,,shortlisted_from_wordfreq_seed
wfpt-06919,defeitos,,,7009,,shortlisted_from_wordfreq_seed
wfpt-06920,definitiva,,,7010,,shortlisted_from_wordfreq_seed
wfpt-06921,desce,,,7011,,shortlisted_from_wordfreq_seed
wfpt-06922,difusão,,,7012,,shortlisted_from_wordfreq_seed
wfpt-06923,diogo,,,7013,,shortlisted_from_wordfreq_seed
wfpt-06924,diretrizes,,,7014,,shortlisted_from_wordfreq_seed
wfpt-06925,dispostos,,,7015,,shortlisted_from_wordfreq_seed
wfpt-06926,doar,,,7016,,shortlisted_from_wordfreq_seed
wfpt-06927,dylan,,,7017,,shortlisted_from_wordfreq_seed
wfpt-06928,dêem,,,7018,,shortlisted_from_wordfreq_seed
wfpt-06929,emissoras,,,7019,,shortlisted_from_wordfreq_seed
wfpt-06930,entendido,,,7020,,shortlisted_from_wordfreq_seed
wfpt-06931,enxergar,,,7021,,shortlisted_from_wordfreq_seed
wfpt-06932,escudo,,,7022,,shortlisted_from_wordfreq_seed
wfpt-06933,especializado,,,7023,,shortlisted_from_wordfreq_seed
wfpt-06934,estudou,,,7024,,shortlisted_from_wordfreq_seed
wfpt-06935,executiva,,,7025,,shortlisted_from_wordfreq_seed
wfpt-06936,experimento,,,7026,,shortlisted_from_wordfreq_seed
wfpt-06937,faltar,,,7027,,shortlisted_from_wordfreq_seed
wfpt-06938,femininas,,,7028,,shortlisted_from_wordfreq_seed
wfpt-06939,friends,,,7029,,shortlisted_from_wordfreq_seed
wfpt-06940,grade,,,7030,,shortlisted_from_wordfreq_seed
wfpt-06941,guedes,,,7031,,shortlisted_from_wordfreq_seed
wfpt-06942,incidentes,,,7032,,shortlisted_from_wordfreq_seed
wfpt-06943,infinito,,,7033,,shortlisted_from_wordfreq_seed
wfpt-06944,information,,,7034,,shortlisted_from_wordfreq_seed
wfpt-06945,interagir,,,7035,,shortlisted_from_wordfreq_seed
wfpt-06946,intercâmbio,,,7036,,shortlisted_from_wordfreq_seed
wfpt-06947,irlanda,,,7037,,shortlisted_from_wordfreq_seed
wfpt-06948,iso,,,7038,,shortlisted_from_wordfreq_seed
wfpt-06949,jordan,,,7039,,shortlisted_from_wordfreq_seed
wfpt-06950,justificar,,,7040,,shortlisted_from_wordfreq_seed
wfpt-06951,kennedy,,,7041,,shortlisted_from_wordfreq_seed
wfpt-06952,lema,,,7042,,shortlisted_from_wordfreq_seed
wfpt-06953,lembrei,,,7043,,shortlisted_from_wordfreq_seed
wfpt-06954,liderar,,,7044,,shortlisted_from_wordfreq_seed
wfpt-06955,lorena,,,7045,,shortlisted_from_wordfreq_seed
wfpt-06956,lucrativos,,,7046,,shortlisted_from_wordfreq_seed
wfpt-06957,manifestantes,,,7047,,shortlisted_from_wordfreq_seed
wfpt-06958,mate,,,7048,,shortlisted_from_wordfreq_seed
wfpt-06959,melhorias,,,7049,,shortlisted_from_wordfreq_seed
wfpt-06960,mencionou,,,7050,,shortlisted_from_wordfreq_seed
wfpt-06961,mobilização,,,7051,,shortlisted_from_wordfreq_seed
wfpt-06962,monstros,,,7052,,shortlisted_from_wordfreq_seed
wfpt-06963,morando,,,7053,,shortlisted_from_wordfreq_seed
wfpt-06964,musica,,,7054,,shortlisted_from_wordfreq_seed
wfpt-06965,observatório,,,7055,,shortlisted_from_wordfreq_seed
wfpt-06966,obtido,,,7056,,shortlisted_from_wordfreq_seed
wfpt-06967,opera,,,7057,,shortlisted_from_wordfreq_seed
wfpt-06968,orelha,,,7058,,shortlisted_from_wordfreq_seed
wfpt-06969,orquestra,,,7059,,shortlisted_from_wordfreq_seed
wfpt-06970,page,,,7060,,shortlisted_from_wordfreq_seed
wfpt-06971,panorama,,,7061,,shortlisted_from_wordfreq_seed
wfpt-06972,pareça,,,7062,,shortlisted_from_wordfreq_seed
wfpt-06973,passados,,,7063,,shortlisted_from_wordfreq_seed
wfpt-06974,perfis,,,7064,,shortlisted_from_wordfreq_seed
wfpt-06975,permanecem,,,7065,,shortlisted_from_wordfreq_seed
wfpt-06976,pontuação,,,7066,,shortlisted_from_wordfreq_seed
wfpt-06977,postado,,,7067,,shortlisted_from_wordfreq_seed
wfpt-06978,preocupados,,,7068,,shortlisted_from_wordfreq_seed
wfpt-06979,pretendia,,,7069,,shortlisted_from_wordfreq_seed
wfpt-06980,processamento,,,7070,,shortlisted_from_wordfreq_seed
wfpt-06981,proteínas,,,7071,,shortlisted_from_wordfreq_seed
wfpt-06983,reagir,,,7073,,shortlisted_from_wordfreq_seed
wfpt-06984,reclamações,,,7074,,shortlisted_from_wordfreq_seed
wfpt-06985,reduzido,,,7075,,shortlisted_from_wordfreq_seed
wfpt-06986,reforço,,,7076,,shortlisted_from_wordfreq_seed
wfpt-06987,requisitos,,,7077,,shortlisted_from_wordfreq_seed
wfpt-06988,resolvi,,,7078,,shortlisted_from_wordfreq_seed
wfpt-06989,saint,,,7079,,shortlisted_from_wordfreq_seed
wfpt-06990,saldo,,,7080,,shortlisted_from_wordfreq_seed
wfpt-06991,sapato,,,7081,,shortlisted_from_wordfreq_seed
wfpt-06992,sensibilidade,,,7082,,shortlisted_from_wordfreq_seed
wfpt-06993,seremos,,,7083,,shortlisted_from_wordfreq_seed
wfpt-06994,sky,,,7084,,shortlisted_from_wordfreq_seed
wfpt-06995,sombras,,,7085,,shortlisted_from_wordfreq_seed
wfpt-06996,stephen,,,7086,,shortlisted_from_wordfreq_seed
wfpt-06997,stop,,,7087,,shortlisted_from_wordfreq_seed
wfpt-06998,suspenso,,,7088,,shortlisted_from_wordfreq_seed
wfpt-07000,terceiros,,,7090,,shortlisted_from_wordfreq_seed
wfpt-07001,teresa,,,7091,,shortlisted_from_wordfreq_seed
wfpt-07002,tricolor,,,7092,,shortlisted_from_wordfreq_seed
wfpt-07003,turco,,,7093,,shortlisted_from_wordfreq_seed
wfpt-07004,túmulo,,,7094,,shortlisted_from_wordfreq_seed
wfpt-07005,urso,,,7095,,shortlisted_from_wordfreq_seed
wfpt-07006,varia,,,7096,,shortlisted_from_wordfreq_seed
wfpt-07007,vaz,,,7097,,shortlisted_from_wordfreq_seed
wfpt-07008,victoria,,,7098,,shortlisted_from_wordfreq_seed
wfpt-07009,voando,,,7099,,shortlisted_from_wordfreq_seed
wfpt-07010,voice,,,7100,,shortlisted_from_wordfreq_seed
wfpt-07011,voltada,,,7101,,shortlisted_from_wordfreq_seed
wfpt-07012,want,,,7102,,shortlisted_from_wordfreq_seed
wfpt-07013,xadrez,,,7103,,shortlisted_from_wordfreq_seed
wfpt-07014,asa,,,7104,,shortlisted_from_wordfreq_seed
wfpt-07015,barras,,,7105,,shortlisted_from_wordfreq_seed
wfpt-07016,bicho,,,7106,,shortlisted_from_wordfreq_seed
wfpt-07017,bilhete,,,7107,,shortlisted_from_wordfreq_seed
wfpt-07018,boletim,,,7108,,shortlisted_from_wordfreq_seed
wfpt-07019,brito,,,7109,,shortlisted_from_wordfreq_seed
wfpt-07020,bueno,,,7110,,shortlisted_from_wordfreq_seed
wfpt-07021,buracos,,,7111,,shortlisted_from_wordfreq_seed
wfpt-07022,carneiro,,,7112,,shortlisted_from_wordfreq_seed
wfpt-07023,carter,,,7113,,shortlisted_from_wordfreq_seed
wfpt-07024,cavaleiros,,,7114,,shortlisted_from_wordfreq_seed
wfpt-07025,caçar,,,7115,,shortlisted_from_wordfreq_seed
wfpt-07026,cenários,,,7116,,shortlisted_from_wordfreq_seed
wfpt-07027,chip,,,7117,,shortlisted_from_wordfreq_seed
wfpt-07028,ciclistas,,,7118,,shortlisted_from_wordfreq_seed
wfpt-07029,cineasta,,,7119,,shortlisted_from_wordfreq_seed
wfpt-07030,cinzas,,,7120,,shortlisted_from_wordfreq_seed
wfpt-07031,climáticas,,,7121,,shortlisted_from_wordfreq_seed
wfpt-07032,colaborar,,,7122,,shortlisted_from_wordfreq_seed
wfpt-07033,cole,,,7123,,shortlisted_from_wordfreq_seed
wfpt-07034,competir,,,7124,,shortlisted_from_wordfreq_seed
wfpt-07035,concedida,,,7125,,shortlisted_from_wordfreq_seed
wfpt-07036,conclui,,,7126,,shortlisted_from_wordfreq_seed
wfpt-07037,concorrentes,,,7127,,shortlisted_from_wordfreq_seed
wfpt-07038,conectar,,,7128,,shortlisted_from_wordfreq_seed
wfpt-07039,conjunta,,,7129,,shortlisted_from_wordfreq_seed
wfpt-07040,construindo,,,7130,,shortlisted_from_wordfreq_seed
wfpt-07041,continental,,,7131,,shortlisted_from_wordfreq_seed
wfpt-07042,dai,,,7132,,shortlisted_from_wordfreq_seed
wfpt-07043,delicioso,,,7133,,shortlisted_from_wordfreq_seed
wfpt-07044,delta,,,7134,,shortlisted_from_wordfreq_seed
wfpt-07045,denunciar,,,7135,,shortlisted_from_wordfreq_seed
wfpt-07046,dera,,,7136,,shortlisted_from_wordfreq_seed
wfpt-07047,derrotar,,,7137,,shortlisted_from_wordfreq_seed
wfpt-07048,desconhecida,,,7138,,shortlisted_from_wordfreq_seed
wfpt-07049,diamante,,,7139,,shortlisted_from_wordfreq_seed
wfpt-07050,dificilmente,,,7140,,shortlisted_from_wordfreq_seed
wfpt-07051,dirigiu,,,7141,,shortlisted_from_wordfreq_seed
wfpt-07052,distantes,,,7142,,shortlisted_from_wordfreq_seed
wfpt-07053,distintas,,,7143,,shortlisted_from_wordfreq_seed
wfpt-07054,doméstico,,,7144,,shortlisted_from_wordfreq_seed
wfpt-07055,duque,,,7145,,shortlisted_from_wordfreq_seed
wfpt-07056,eco,,,7146,,shortlisted_from_wordfreq_seed
wfpt-07057,elegante,,,7147,,shortlisted_from_wordfreq_seed
wfpt-07058,elevador,,,7148,,shortlisted_from_wordfreq_seed
wfpt-07059,empresarial,,,7149,,shortlisted_from_wordfreq_seed
wfpt-07060,emprestado,,,7150,,shortlisted_from_wordfreq_seed
wfpt-07061,encontrando,,,7151,,shortlisted_from_wordfreq_seed
wfpt-07062,engraçada,,,7152,,shortlisted_from_wordfreq_seed
wfpt-07063,escuridão,,,7153,,shortlisted_from_wordfreq_seed
wfpt-07064,esquadra,,,7154,,shortlisted_from_wordfreq_seed
wfpt-07065,exposições,,,7155,,shortlisted_from_wordfreq_seed
wfpt-07066,family,,,7156,,shortlisted_from_wordfreq_seed
wfpt-07067,formalmente,,,7157,,shortlisted_from_wordfreq_seed
wfpt-07068,frágil,,,7158,,shortlisted_from_wordfreq_seed
wfpt-07069,fábricas,,,7159,,shortlisted_from_wordfreq_seed
wfpt-07070,gene,,,7160,,shortlisted_from_wordfreq_seed
wfpt-07071,gold,,,7161,,shortlisted_from_wordfreq_seed
wfpt-07072,gota,,,7162,,shortlisted_from_wordfreq_seed
wfpt-07073,governamental,,,7163,,shortlisted_from_wordfreq_seed
wfpt-07074,gravou,,,7164,,shortlisted_from_wordfreq_seed
wfpt-07075,guy,,,7165,,shortlisted_from_wordfreq_seed
wfpt-07076,harvard,,,7166,,shortlisted_from_wordfreq_seed
wfpt-07077,historicamente,,,7167,,shortlisted_from_wordfreq_seed
wfpt-07078,horta,,,7168,,shortlisted_from_wordfreq_seed
wfpt-07079,industriais,,,7169,,shortlisted_from_wordfreq_seed
wfpt-07080,insegurança,,,7170,,shortlisted_from_wordfreq_seed
wfpt-07081,interferência,,,7171,,shortlisted_from_wordfreq_seed
wfpt-07082,interpretar,,,7172,,shortlisted_from_wordfreq_seed
wfpt-07083,jersey,,,7173,,shortlisted_from_wordfreq_seed
wfpt-07084,josh,,,7174,,shortlisted_from_wordfreq_seed
wfpt-07085,júlio,,,7175,,shortlisted_from_wordfreq_seed
wfpt-07086,lida,,,7176,,shortlisted_from_wordfreq_seed
wfpt-07087,lincoln,,,7177,,shortlisted_from_wordfreq_seed
wfpt-07088,macau,,,7178,,shortlisted_from_wordfreq_seed
wfpt-07089,manifesto,,,7179,,shortlisted_from_wordfreq_seed
wfpt-07090,marcus,,,7180,,shortlisted_from_wordfreq_seed
wfpt-07091,matheus,,,7181,,shortlisted_from_wordfreq_seed
wfpt-07092,mete,,,7182,,shortlisted_from_wordfreq_seed
wfpt-07093,mexicana,,,7183,,shortlisted_from_wordfreq_seed
wfpt-07094,microfone,,,7184,,shortlisted_from_wordfreq_seed
wfpt-07095,mira,,,7185,,shortlisted_from_wordfreq_seed
wfpt-07096,modernas,,,7186,,shortlisted_from_wordfreq_seed
wfpt-07097,mole,,,7187,,shortlisted_from_wordfreq_seed
wfpt-07098,morada,,,7188,,shortlisted_from_wordfreq_seed
wfpt-07099,movimentação,,,7189,,shortlisted_from_wordfreq_seed
wfpt-07100,múltiplas,,,7190,,shortlisted_from_wordfreq_seed
wfpt-07101,nicole,,,7191,,shortlisted_from_wordfreq_seed
wfpt-07102,novelas,,,7192,,shortlisted_from_wordfreq_seed
wfpt-07103,ocorrendo,,,7193,,shortlisted_from_wordfreq_seed
wfpt-07104,palestina,,,7194,,shortlisted_from_wordfreq_seed
wfpt-07105,partilha,,,7195,,shortlisted_from_wordfreq_seed
wfpt-07106,património,,,7196,,shortlisted_from_wordfreq_seed
wfpt-07107,peitos,,,7197,,shortlisted_from_wordfreq_seed
wfpt-07108,pierre,,,7198,,shortlisted_from_wordfreq_seed
wfpt-07109,polo,,,7199,,shortlisted_from_wordfreq_seed
wfpt-07110,porção,,,7200,,shortlisted_from_wordfreq_seed
wfpt-07111,precisou,,,7201,,shortlisted_from_wordfreq_seed
wfpt-07112,preencher,,,7202,,shortlisted_from_wordfreq_seed
wfpt-07113,publico,,,7203,,shortlisted_from_wordfreq_seed
wfpt-07114,pássaros,,,7204,,shortlisted_from_wordfreq_seed
wfpt-07115,quilos,,,7205,,shortlisted_from_wordfreq_seed
wfpt-07116,quisesse,,,7206,,shortlisted_from_wordfreq_seed
wfpt-07117,rapariga,,,7207,,shortlisted_from_wordfreq_seed
wfpt-07118,ratos,,,7208,,shortlisted_from_wordfreq_seed
wfpt-07119,reféns,,,7209,,shortlisted_from_wordfreq_seed
wfpt-07120,relaxa,,,7210,,shortlisted_from_wordfreq_seed
wfpt-07121,restrição,,,7211,,shortlisted_from_wordfreq_seed
wfpt-07122,rivais,,,7212,,shortlisted_from_wordfreq_seed
wfpt-07123,romano,,,7213,,shortlisted_from_wordfreq_seed
wfpt-07124,rondônia,,,7214,,shortlisted_from_wordfreq_seed
wfpt-07125,sargento,,,7215,,shortlisted_from_wordfreq_seed
wfpt-07126,secundária,,,7216,,shortlisted_from_wordfreq_seed
wfpt-07127,sobrinha,,,7217,,shortlisted_from_wordfreq_seed
wfpt-07128,solteira,,,7218,,shortlisted_from_wordfreq_seed
wfpt-07129,sozinhos,,,7219,,shortlisted_from_wordfreq_seed
wfpt-07130,sucessos,,,7220,,shortlisted_from_wordfreq_seed
wfpt-07131,supermercado,,,7221,,shortlisted_from_wordfreq_seed
wfpt-07132,sustentar,,,7222,,shortlisted_from_wordfreq_seed
wfpt-07133,sócios,,,7223,,shortlisted_from_wordfreq_seed
wfpt-07134,tanques,,,7224,,shortlisted_from_wordfreq_seed
wfpt-07135,tesão,,,7225,,shortlisted_from_wordfreq_seed
wfpt-07136,transformado,,,7226,,shortlisted_from_wordfreq_seed
wfpt-07137,tubo,,,7227,,shortlisted_from_wordfreq_seed
wfpt-07138,tópicos,,,7228,,shortlisted_from_wordfreq_seed
wfpt-07139,ultra,,,7229,,shortlisted_from_wordfreq_seed
wfpt-07140,utilizador,,,7230,,shortlisted_from_wordfreq_seed
wfpt-07141,vegetais,,,7231,,shortlisted_from_wordfreq_seed
wfpt-07142,vilão,,,7232,,shortlisted_from_wordfreq_seed
wfpt-07143,viúva,,,7233,,shortlisted_from_wordfreq_seed
wfpt-07145,vício,,,7235,,shortlisted_from_wordfreq_seed
wfpt-07146,acervo,,,7237,,shortlisted_from_wordfreq_seed
wfpt-07147,adaptar,,,7238,,shortlisted_from_wordfreq_seed
wfpt-07148,alexander,,,7239,,shortlisted_from_wordfreq_seed
wfpt-07149,almirante,,,7240,,shortlisted_from_wordfreq_seed
wfpt-07150,amanhecer,,,7241,,shortlisted_from_wordfreq_seed
wfpt-07151,angel,,,7242,,shortlisted_from_wordfreq_seed
wfpt-07152,apartamentos,,,7243,,shortlisted_from_wordfreq_seed
wfpt-07153,apreciar,,,7244,,shortlisted_from_wordfreq_seed
wfpt-07154,arriscar,,,7245,,shortlisted_from_wordfreq_seed
wfpt-07155,atrai,,,7246,,shortlisted_from_wordfreq_seed
wfpt-07156,atribuição,,,7247,,shortlisted_from_wordfreq_seed
wfpt-07157,avançada,,,7248,,shortlisted_from_wordfreq_seed
wfpt-07158,avisa,,,7249,,shortlisted_from_wordfreq_seed
wfpt-07159,azevedo,,,7250,,shortlisted_from_wordfreq_seed
wfpt-07160,barragem,,,7251,,shortlisted_from_wordfreq_seed
wfpt-07161,bella,,,7252,,shortlisted_from_wordfreq_seed
wfpt-07162,bruxelas,,,7253,,shortlisted_from_wordfreq_seed
wfpt-07163,but,,,7254,,shortlisted_from_wordfreq_seed
wfpt-07164,bélgica,,,7255,,shortlisted_from_wordfreq_seed
wfpt-07165,bônus,,,7256,,shortlisted_from_wordfreq_seed
wfpt-07166,calmo,,,7257,,shortlisted_from_wordfreq_seed
wfpt-07167,cantou,,,7258,,shortlisted_from_wordfreq_seed
wfpt-07168,cap,,,7259,,shortlisted_from_wordfreq_seed
wfpt-07169,claros,,,7260,,shortlisted_from_wordfreq_seed
wfpt-07170,condicionado,,,7261,,shortlisted_from_wordfreq_seed
wfpt-07171,confusa,,,7262,,shortlisted_from_wordfreq_seed
wfpt-07172,contribui,,,7263,,shortlisted_from_wordfreq_seed
wfpt-07173,coro,,,7264,,shortlisted_from_wordfreq_seed
wfpt-07174,cuide,,,7266,,shortlisted_from_wordfreq_seed
wfpt-07175,death,,,7267,,shortlisted_from_wordfreq_seed
wfpt-07176,dem,,,7268,,shortlisted_from_wordfreq_seed
wfpt-07177,desaparecido,,,7269,,shortlisted_from_wordfreq_seed
wfpt-07178,dispõe,,,7270,,shortlisted_from_wordfreq_seed
wfpt-07179,diziam,,,7271,,shortlisted_from_wordfreq_seed
wfpt-07180,domésticos,,,7272,,shortlisted_from_wordfreq_seed
wfpt-07181,dubai,,,7273,,shortlisted_from_wordfreq_seed
wfpt-07182,económico,,,7274,,shortlisted_from_wordfreq_seed
wfpt-07183,eddie,,,7275,,shortlisted_from_wordfreq_seed
wfpt-07184,educacionais,,,7276,,shortlisted_from_wordfreq_seed
wfpt-07185,enviadas,,,7277,,shortlisted_from_wordfreq_seed
wfpt-07186,equipas,,,7278,,shortlisted_from_wordfreq_seed
wfpt-07187,esportivo,,,7279,,shortlisted_from_wordfreq_seed
wfpt-07188,esqueçam,,,7280,,shortlisted_from_wordfreq_seed
wfpt-07189,estabelecimentos,,,7281,,shortlisted_from_wordfreq_seed
wfpt-07190,exclusão,,,7282,,shortlisted_from_wordfreq_seed
wfpt-07191,externas,,,7283,,shortlisted_from_wordfreq_seed
wfpt-07192,faltava,,,7284,,shortlisted_from_wordfreq_seed
wfpt-07193,falência,,,7285,,shortlisted_from_wordfreq_seed
wfpt-07194,farmácia,,,7286,,shortlisted_from_wordfreq_seed
wfpt-07195,formatos,,,7287,,shortlisted_from_wordfreq_seed
wfpt-07196,fracos,,,7288,,shortlisted_from_wordfreq_seed
wfpt-07197,frequente,,,7289,,shortlisted_from_wordfreq_seed
wfpt-07198,gerado,,,7290,,shortlisted_from_wordfreq_seed
wfpt-07199,gorda,,,7291,,shortlisted_from_wordfreq_seed
wfpt-07200,gostamos,,,7292,,shortlisted_from_wordfreq_seed
wfpt-07202,identificados,,,7294,,shortlisted_from_wordfreq_seed
wfpt-07203,importam,,,7295,,shortlisted_from_wordfreq_seed
wfpt-07204,incomodar,,,7296,,shortlisted_from_wordfreq_seed
wfpt-07205,incêndios,,,7297,,shortlisted_from_wordfreq_seed
wfpt-07206,influências,,,7298,,shortlisted_from_wordfreq_seed
wfpt-07207,informe,,,7299,,shortlisted_from_wordfreq_seed
wfpt-07208,institute,,,7300,,shortlisted_from_wordfreq_seed
wfpt-07209,intitulada,,,7301,,shortlisted_from_wordfreq_seed
wfpt-07210,kate,,,7302,,shortlisted_from_wordfreq_seed
wfpt-07211,lançados,,,7303,,shortlisted_from_wordfreq_seed
wfpt-07212,lançando,,,7304,,shortlisted_from_wordfreq_seed
wfpt-07213,legalmente,,,7305,,shortlisted_from_wordfreq_seed
wfpt-07214,leves,,,7306,,shortlisted_from_wordfreq_seed
wfpt-07215,localizados,,,7307,,shortlisted_from_wordfreq_seed
wfpt-07216,macaco,,,7308,,shortlisted_from_wordfreq_seed
wfpt-07217,maçã,,,7309,,shortlisted_from_wordfreq_seed
wfpt-07218,money,,,7310,,shortlisted_from_wordfreq_seed
wfpt-07219,mota,,,7311,,shortlisted_from_wordfreq_seed
wfpt-07220,músculos,,,7312,,shortlisted_from_wordfreq_seed
wfpt-07221,nascida,,,7313,,shortlisted_from_wordfreq_seed
wfpt-07222,ouvimos,,,7314,,shortlisted_from_wordfreq_seed
wfpt-07223,panela,,,7315,,shortlisted_from_wordfreq_seed
wfpt-07224,pareço,,,7316,,shortlisted_from_wordfreq_seed
wfpt-07225,petição,,,7317,,shortlisted_from_wordfreq_seed
wfpt-07227,pontas,,,7319,,shortlisted_from_wordfreq_seed
wfpt-07228,porcaria,,,7320,,shortlisted_from_wordfreq_seed
wfpt-07229,pornô,,,7321,,shortlisted_from_wordfreq_seed
wfpt-07230,potenciais,,,7322,,shortlisted_from_wordfreq_seed
wfpt-07231,precisando,,,7323,,shortlisted_from_wordfreq_seed
wfpt-07232,preocupe,,,7324,,shortlisted_from_wordfreq_seed
wfpt-07233,prisões,,,7325,,shortlisted_from_wordfreq_seed
wfpt-07234,propor,,,7326,,shortlisted_from_wordfreq_seed
wfpt-07235,protegida,,,7327,,shortlisted_from_wordfreq_seed
wfpt-07236,quebrado,,,7328,,shortlisted_from_wordfreq_seed
wfpt-07237,queiram,,,7329,,shortlisted_from_wordfreq_seed
wfpt-07238,quilómetros,,,7330,,shortlisted_from_wordfreq_seed
wfpt-07239,recompensa,,,7331,,shortlisted_from_wordfreq_seed
wfpt-07240,recorrer,,,7332,,shortlisted_from_wordfreq_seed
wfpt-07241,romântica,,,7333,,shortlisted_from_wordfreq_seed
wfpt-07242,ross,,,7334,,shortlisted_from_wordfreq_seed
wfpt-07243,rápidos,,,7335,,shortlisted_from_wordfreq_seed
wfpt-07244,safada,,,7336,,shortlisted_from_wordfreq_seed
wfpt-07245,saneamento,,,7337,,shortlisted_from_wordfreq_seed
wfpt-07246,sexto,,,7338,,shortlisted_from_wordfreq_seed
wfpt-07247,steven,,,7339,,shortlisted_from_wordfreq_seed
wfpt-07248,stories,,,7340,,shortlisted_from_wordfreq_seed
wfpt-07249,take,,,7341,,shortlisted_from_wordfreq_seed
wfpt-07250,temporária,,,7342,,shortlisted_from_wordfreq_seed
wfpt-07251,testa,,,7343,,shortlisted_from_wordfreq_seed
wfpt-07252,tiraram,,,7344,,shortlisted_from_wordfreq_seed
wfpt-07253,trans,,,7345,,shortlisted_from_wordfreq_seed
wfpt-07254,transferido,,,7346,,shortlisted_from_wordfreq_seed
wfpt-07255,tratada,,,7347,,shortlisted_from_wordfreq_seed
wfpt-07256,trigo,,,7348,,shortlisted_from_wordfreq_seed
wfpt-07257,valorizar,,,7349,,shortlisted_from_wordfreq_seed
wfpt-07258,variar,,,7350,,shortlisted_from_wordfreq_seed
wfpt-07259,vencedora,,,7351,,shortlisted_from_wordfreq_seed
wfpt-07260,veremos,,,7352,,shortlisted_from_wordfreq_seed
wfpt-07261,viaja,,,7353,,shortlisted_from_wordfreq_seed
wfpt-07262,voluntário,,,7354,,shortlisted_from_wordfreq_seed
wfpt-07263,véspera,,,7355,,shortlisted_from_wordfreq_seed
wfpt-07264,wagner,,,7356,,shortlisted_from_wordfreq_seed
wfpt-07265,xbox,,,7357,,shortlisted_from_wordfreq_seed
wfpt-07266,álvaro,,,7359,,shortlisted_from_wordfreq_seed
wfpt-07267,aguardando,,,7360,,shortlisted_from_wordfreq_seed
wfpt-07268,ajudaram,,,7361,,shortlisted_from_wordfreq_seed
wfpt-07269,album,,,7362,,shortlisted_from_wordfreq_seed
wfpt-07270,alfa,,,7363,,shortlisted_from_wordfreq_seed
wfpt-07271,ancestrais,,,7364,,shortlisted_from_wordfreq_seed
wfpt-07272,aparecendo,,,7365,,shortlisted_from_wordfreq_seed
wfpt-07273,apoiando,,,7366,,shortlisted_from_wordfreq_seed
wfpt-07274,barry,,,7367,,shortlisted_from_wordfreq_seed
wfpt-07275,beto,,,7368,,shortlisted_from_wordfreq_seed
wfpt-07276,canadense,,,7369,,shortlisted_from_wordfreq_seed
wfpt-07277,capela,,,7370,,shortlisted_from_wordfreq_seed
wfpt-07278,caçadores,,,7371,,shortlisted_from_wordfreq_seed
wfpt-07279,caíram,,,7372,,shortlisted_from_wordfreq_seed
wfpt-07280,citando,,,7373,,shortlisted_from_wordfreq_seed
wfpt-07281,classificado,,,7374,,shortlisted_from_wordfreq_seed
wfpt-07282,começado,,,7375,,shortlisted_from_wordfreq_seed
wfpt-07283,competições,,,7376,,shortlisted_from_wordfreq_seed
wfpt-07284,comportamentos,,,7377,,shortlisted_from_wordfreq_seed
wfpt-07285,compõem,,,7378,,shortlisted_from_wordfreq_seed
wfpt-07286,condução,,,7379,,shortlisted_from_wordfreq_seed
wfpt-07287,controvérsia,,,7380,,shortlisted_from_wordfreq_seed
wfpt-07288,convidada,,,7381,,shortlisted_from_wordfreq_seed
wfpt-07289,convocado,,,7382,,shortlisted_from_wordfreq_seed
wfpt-07290,corra,,,7383,,shortlisted_from_wordfreq_seed
wfpt-07291,criam,,,7384,,shortlisted_from_wordfreq_seed
wfpt-07292,delegação,,,7385,,shortlisted_from_wordfreq_seed
wfpt-07293,dentista,,,7386,,shortlisted_from_wordfreq_seed
wfpt-07294,desculpem,,,7387,,shortlisted_from_wordfreq_seed
wfpt-07295,desvio,,,7388,,shortlisted_from_wordfreq_seed
wfpt-07296,diamantes,,,7389,,shortlisted_from_wordfreq_seed
wfpt-07297,dirigida,,,7390,,shortlisted_from_wordfreq_seed
wfpt-07298,discute,,,7391,,shortlisted_from_wordfreq_seed
wfpt-07299,energias,,,7392,,shortlisted_from_wordfreq_seed
wfpt-07300,energética,,,7393,,shortlisted_from_wordfreq_seed
wfpt-07301,erradas,,,7394,,shortlisted_from_wordfreq_seed
wfpt-07302,esgoto,,,7395,,shortlisted_from_wordfreq_seed
wfpt-07303,esportiva,,,7396,,shortlisted_from_wordfreq_seed
wfpt-07304,estimado,,,7397,,shortlisted_from_wordfreq_seed
wfpt-07305,estimativa,,,7398,,shortlisted_from_wordfreq_seed
wfpt-07306,estréia,,,7399,,shortlisted_from_wordfreq_seed
wfpt-07307,estética,,,7400,,shortlisted_from_wordfreq_seed
wfpt-07308,exigem,,,7401,,shortlisted_from_wordfreq_seed
wfpt-07309,externos,,,7402,,shortlisted_from_wordfreq_seed
wfpt-07310,extras,,,7403,,shortlisted_from_wordfreq_seed
wfpt-07311,falantes,,,7404,,shortlisted_from_wordfreq_seed
wfpt-07312,fazendas,,,7405,,shortlisted_from_wordfreq_seed
wfpt-07313,feiras,,,7406,,shortlisted_from_wordfreq_seed
wfpt-07314,feminismo,,,7407,,shortlisted_from_wordfreq_seed
wfpt-07315,filmar,,,7408,,shortlisted_from_wordfreq_seed
wfpt-07316,fixo,,,7409,,shortlisted_from_wordfreq_seed
wfpt-07317,formou,,,7410,,shortlisted_from_wordfreq_seed
wfpt-07318,franca,,,7411,,shortlisted_from_wordfreq_seed
wfpt-07319,freguesia,,,7412,,shortlisted_from_wordfreq_seed
wfpt-07320,funcionou,,,7413,,shortlisted_from_wordfreq_seed
wfpt-07321,funeral,,,7414,,shortlisted_from_wordfreq_seed
wfpt-07322,gentil,,,7415,,shortlisted_from_wordfreq_seed
wfpt-07323,gêmeos,,,7416,,shortlisted_from_wordfreq_seed
wfpt-07324,gênio,,,7417,,shortlisted_from_wordfreq_seed
wfpt-07325,hard,,,7418,,shortlisted_from_wordfreq_seed
wfpt-07326,have,,,7419,,shortlisted_from_wordfreq_seed
wfpt-07327,imaginava,,,7420,,shortlisted_from_wordfreq_seed
wfpt-07328,implementar,,,7421,,shortlisted_from_wordfreq_seed
wfpt-07329,ingleses,,,7422,,shortlisted_from_wordfreq_seed
wfpt-07330,insetos,,,7423,,shortlisted_from_wordfreq_seed
wfpt-07331,insiste,,,7424,,shortlisted_from_wordfreq_seed
wfpt-07332,instalada,,,7425,,shortlisted_from_wordfreq_seed
wfpt-07333,interessada,,,7426,,shortlisted_from_wordfreq_seed
wfpt-07334,island,,,7427,,shortlisted_from_wordfreq_seed
wfpt-07335,isolado,,,7428,,shortlisted_from_wordfreq_seed
wfpt-07336,literário,,,7429,,shortlisted_from_wordfreq_seed
wfpt-07337,livremente,,,7430,,shortlisted_from_wordfreq_seed
wfpt-07338,lutou,,,7431,,shortlisted_from_wordfreq_seed
wfpt-07339,machucar,,,7432,,shortlisted_from_wordfreq_seed
wfpt-07340,maravilhosas,,,7433,,shortlisted_from_wordfreq_seed
wfpt-07341,medir,,,7434,,shortlisted_from_wordfreq_seed
wfpt-07342,mercadorias,,,7435,,shortlisted_from_wordfreq_seed
wfpt-07343,militantes,,,7436,,shortlisted_from_wordfreq_seed
wfpt-07344,mitos,,,7437,,shortlisted_from_wordfreq_seed
wfpt-07345,morava,,,7438,,shortlisted_from_wordfreq_seed
wfpt-07346,morrido,,,7439,,shortlisted_from_wordfreq_seed
wfpt-07347,namorar,,,7440,,shortlisted_from_wordfreq_seed
wfpt-07348,obrigados,,,7441,,shortlisted_from_wordfreq_seed
wfpt-07349,orgulhoso,,,7442,,shortlisted_from_wordfreq_seed
wfpt-07350,patrão,,,7443,,shortlisted_from_wordfreq_seed
wfpt-07351,people,,,7444,,shortlisted_from_wordfreq_seed
wfpt-07352,plateia,,,7445,,shortlisted_from_wordfreq_seed
wfpt-07353,pokémon,,,7446,,shortlisted_from_wordfreq_seed
wfpt-07354,politicamente,,,7447,,shortlisted_from_wordfreq_seed
wfpt-07355,premiado,,,7448,,shortlisted_from_wordfreq_seed
wfpt-07356,primária,,,7449,,shortlisted_from_wordfreq_seed
wfpt-07357,projectos,,,7450,,shortlisted_from_wordfreq_seed
wfpt-07358,promovida,,,7451,,shortlisted_from_wordfreq_seed
wfpt-07359,protagonistas,,,7452,,shortlisted_from_wordfreq_seed
wfpt-07360,proteja,,,7453,,shortlisted_from_wordfreq_seed
wfpt-07361,radar,,,7454,,shortlisted_from_wordfreq_seed
wfpt-07362,recebida,,,7455,,shortlisted_from_wordfreq_seed
wfpt-07363,recebidos,,,7456,,shortlisted_from_wordfreq_seed
wfpt-07364,recebo,,,7457,,shortlisted_from_wordfreq_seed
wfpt-07365,referindo,,,7458,,shortlisted_from_wordfreq_seed
wfpt-07366,reflexões,,,7459,,shortlisted_from_wordfreq_seed
wfpt-07367,regimento,,,7460,,shortlisted_from_wordfreq_seed
wfpt-07368,regulamentação,,,7461,,shortlisted_from_wordfreq_seed
wfpt-07369,resgatar,,,7462,,shortlisted_from_wordfreq_seed
wfpt-07370,retiro,,,7463,,shortlisted_from_wordfreq_seed
wfpt-07371,rezar,,,7464,,shortlisted_from_wordfreq_seed
wfpt-07372,romanos,,,7465,,shortlisted_from_wordfreq_seed
wfpt-07373,sandy,,,7466,,shortlisted_from_wordfreq_seed
wfpt-07374,seguidas,,,7467,,shortlisted_from_wordfreq_seed
wfpt-07375,sensores,,,7468,,shortlisted_from_wordfreq_seed
wfpt-07376,significar,,,7469,,shortlisted_from_wordfreq_seed
wfpt-07377,sindicatos,,,7470,,shortlisted_from_wordfreq_seed
wfpt-07378,sobra,,,7471,,shortlisted_from_wordfreq_seed
wfpt-07379,subida,,,7472,,shortlisted_from_wordfreq_seed
wfpt-07380,sustentabilidade,,,7473,,shortlisted_from_wordfreq_seed
wfpt-07381,system,,,7474,,shortlisted_from_wordfreq_seed
wfpt-07382,sérios,,,7475,,shortlisted_from_wordfreq_seed
wfpt-07383,taiwan,,,7476,,shortlisted_from_wordfreq_seed
wfpt-07384,temporariamente,,,7477,,shortlisted_from_wordfreq_seed
wfpt-07385,tentava,,,7478,,shortlisted_from_wordfreq_seed
wfpt-07386,terminado,,,7479,,shortlisted_from_wordfreq_seed
wfpt-07387,tiverem,,,7480,,shortlisted_from_wordfreq_seed
wfpt-07388,tribos,,,7481,,shortlisted_from_wordfreq_seed
wfpt-07389,tse,,,7482,,shortlisted_from_wordfreq_seed
wfpt-07390,tutorial,,,7483,,shortlisted_from_wordfreq_seed
wfpt-07391,tyler,,,7484,,shortlisted_from_wordfreq_seed
wfpt-07392,uol,,,7485,,shortlisted_from_wordfreq_seed
wfpt-07393,utilizadores,,,7486,,shortlisted_from_wordfreq_seed
wfpt-07394,variados,,,7487,,shortlisted_from_wordfreq_seed
wfpt-07395,vermelhos,,,7488,,shortlisted_from_wordfreq_seed
wfpt-07396,vivido,,,7489,,shortlisted_from_wordfreq_seed
wfpt-07397,wayne,,,7490,,shortlisted_from_wordfreq_seed
wfpt-07398,acto,,,7491,,shortlisted_from_wordfreq_seed
wfpt-07399,adotado,,,7492,,shortlisted_from_wordfreq_seed
wfpt-07400,agradecemos,,,7493,,shortlisted_from_wordfreq_seed
wfpt-07401,aproveita,,,7494,,shortlisted_from_wordfreq_seed
wfpt-07402,arrepender,,,7495,,shortlisted_from_wordfreq_seed
wfpt-07403,articulação,,,7496,,shortlisted_from_wordfreq_seed
wfpt-07404,assento,,,7497,,shortlisted_from_wordfreq_seed
wfpt-07405,austin,,,7498,,shortlisted_from_wordfreq_seed
wfpt-07406,baía,,,7499,,shortlisted_from_wordfreq_seed
wfpt-07407,beyoncé,,,7500,,shortlisted_from_wordfreq_seed
wfpt-07409,boneca,,,7502,,shortlisted_from_wordfreq_seed
wfpt-07410,brigadeiro,,,7503,,shortlisted_from_wordfreq_seed
wfpt-07411,cameron,,,7504,,shortlisted_from_wordfreq_seed
wfpt-07412,car,,,7505,,shortlisted_from_wordfreq_seed
wfpt-07413,católicos,,,7506,,shortlisted_from_wordfreq_seed
wfpt-07414,causam,,,7507,,shortlisted_from_wordfreq_seed
wfpt-07415,celebridades,,,7508,,shortlisted_from_wordfreq_seed
wfpt-07416,colaborador,,,7509,,shortlisted_from_wordfreq_seed
wfpt-07417,consentimento,,,7510,,shortlisted_from_wordfreq_seed
wfpt-07418,continuará,,,7511,,shortlisted_from_wordfreq_seed
wfpt-07419,copiar,,,7512,,shortlisted_from_wordfreq_seed
wfpt-07420,criminosa,,,7513,,shortlisted_from_wordfreq_seed
wfpt-07421,criticou,,,7514,,shortlisted_from_wordfreq_seed
wfpt-07422,crônica,,,7515,,shortlisted_from_wordfreq_seed
wfpt-07423,curiosa,,,7516,,shortlisted_from_wordfreq_seed
wfpt-07424,dedicação,,,7517,,shortlisted_from_wordfreq_seed
wfpt-07425,deixamos,,,7518,,shortlisted_from_wordfreq_seed
wfpt-07426,democrata,,,7519,,shortlisted_from_wordfreq_seed
wfpt-07427,desgraça,,,7520,,shortlisted_from_wordfreq_seed
wfpt-07428,disser,,,7521,,shortlisted_from_wordfreq_seed
wfpt-07429,duelo,,,7522,,shortlisted_from_wordfreq_seed
wfpt-07430,efetiva,,,7523,,shortlisted_from_wordfreq_seed
wfpt-07431,empréstimos,,,7524,,shortlisted_from_wordfreq_seed
wfpt-07432,escreva,,,7525,,shortlisted_from_wordfreq_seed
wfpt-07433,escritas,,,7526,,shortlisted_from_wordfreq_seed
wfpt-07434,estimular,,,7527,,shortlisted_from_wordfreq_seed
wfpt-07435,explicando,,,7528,,shortlisted_from_wordfreq_seed
wfpt-07436,fofo,,,7529,,shortlisted_from_wordfreq_seed
wfpt-07437,golfo,,,7530,,shortlisted_from_wordfreq_seed
wfpt-07438,governantes,,,7531,,shortlisted_from_wordfreq_seed
wfpt-07439,governar,,,7532,,shortlisted_from_wordfreq_seed
wfpt-07440,grega,,,7533,,shortlisted_from_wordfreq_seed
wfpt-07441,helicóptero,,,7534,,shortlisted_from_wordfreq_seed
wfpt-07442,investigadores,,,7535,,shortlisted_from_wordfreq_seed
wfpt-07443,islâmico,,,7536,,shortlisted_from_wordfreq_seed
wfpt-07444,jan,,,7537,,shortlisted_from_wordfreq_seed
wfpt-07445,julian,,,7538,,shortlisted_from_wordfreq_seed
wfpt-07446,lamentável,,,7539,,shortlisted_from_wordfreq_seed
wfpt-07447,lançamentos,,,7540,,shortlisted_from_wordfreq_seed
wfpt-07448,lara,,,7541,,shortlisted_from_wordfreq_seed
wfpt-07449,law,,,7542,,shortlisted_from_wordfreq_seed
wfpt-07450,magnitude,,,7543,,shortlisted_from_wordfreq_seed
wfpt-07451,malásia,,,7544,,shortlisted_from_wordfreq_seed
wfpt-07452,maravilhas,,,7545,,shortlisted_from_wordfreq_seed
wfpt-07453,matam,,,7546,,shortlisted_from_wordfreq_seed
wfpt-07454,mendonça,,,7547,,shortlisted_from_wordfreq_seed
wfpt-07455,merdas,,,7548,,shortlisted_from_wordfreq_seed
wfpt-07456,migração,,,7549,,shortlisted_from_wordfreq_seed
wfpt-07457,monitor,,,7551,,shortlisted_from_wordfreq_seed
wfpt-07458,máscaras,,,7552,,shortlisted_from_wordfreq_seed
wfpt-07459,nativa,,,7553,,shortlisted_from_wordfreq_seed
wfpt-07460,ninho,,,7554,,shortlisted_from_wordfreq_seed
wfpt-07461,nogueira,,,7555,,shortlisted_from_wordfreq_seed
wfpt-07462,noroeste,,,7556,,shortlisted_from_wordfreq_seed
wfpt-07463,noticia,,,7557,,shortlisted_from_wordfreq_seed
wfpt-07464,notou,,,7558,,shortlisted_from_wordfreq_seed
wfpt-07465,painéis,,,7559,,shortlisted_from_wordfreq_seed
wfpt-07466,pensão,,,7560,,shortlisted_from_wordfreq_seed
wfpt-07467,pistola,,,7561,,shortlisted_from_wordfreq_seed
wfpt-07468,pneus,,,7562,,shortlisted_from_wordfreq_seed
wfpt-07469,poetas,,,7563,,shortlisted_from_wordfreq_seed
wfpt-07470,proporcionar,,,7564,,shortlisted_from_wordfreq_seed
wfpt-07471,psd,,,7565,,shortlisted_from_wordfreq_seed
wfpt-07472,quadrilha,,,7566,,shortlisted_from_wordfreq_seed
wfpt-07473,queen,,,7567,,shortlisted_from_wordfreq_seed
wfpt-07474,racial,,,7568,,shortlisted_from_wordfreq_seed
wfpt-07475,representações,,,7569,,shortlisted_from_wordfreq_seed
wfpt-07477,right,,,7571,,shortlisted_from_wordfreq_seed
wfpt-07478,risos,,,7572,,shortlisted_from_wordfreq_seed
wfpt-07479,salada,,,7573,,shortlisted_from_wordfreq_seed
wfpt-07480,sofreram,,,7574,,shortlisted_from_wordfreq_seed
wfpt-07481,substituto,,,7575,,shortlisted_from_wordfreq_seed
wfpt-07482,sudoeste,,,7576,,shortlisted_from_wordfreq_seed
wfpt-07483,sugerem,,,7577,,shortlisted_from_wordfreq_seed
wfpt-07484,sus,,,7578,,shortlisted_from_wordfreq_seed
wfpt-07485,suspeitas,,,7579,,shortlisted_from_wordfreq_seed
wfpt-07486,tolerância,,,7580,,shortlisted_from_wordfreq_seed
wfpt-07487,tradicionalmente,,,7581,,shortlisted_from_wordfreq_seed
wfpt-07488,was,,,7582,,shortlisted_from_wordfreq_seed
wfpt-07489,árbitro,,,7583,,shortlisted_from_wordfreq_seed
wfpt-07490,éramos,,,7584,,shortlisted_from_wordfreq_seed
wfpt-07491,ídolo,,,7585,,shortlisted_from_wordfreq_seed
wfpt-07492,ótimos,,,7586,,shortlisted_from_wordfreq_seed
wfpt-07493,abandonada,,,7587,,shortlisted_from_wordfreq_seed
wfpt-07494,abraçar,,,7588,,shortlisted_from_wordfreq_seed
wfpt-07495,abu,,,7589,,shortlisted_from_wordfreq_seed
wfpt-07496,achamos,,,7590,,shortlisted_from_wordfreq_seed
wfpt-07497,again,,,7591,,shortlisted_from_wordfreq_seed
wfpt-07498,anal,,,7592,,shortlisted_from_wordfreq_seed
wfpt-07499,anthony,,,7593,,shortlisted_from_wordfreq_seed
wfpt-07500,army,,,7594,,shortlisted_from_wordfreq_seed
wfpt-07501,assinada,,,7595,,shortlisted_from_wordfreq_seed
wfpt-07502,assusta,,,7596,,shortlisted_from_wordfreq_seed
wfpt-07503,atraente,,,7597,,shortlisted_from_wordfreq_seed
wfpt-07504,avançado,,,7598,,shortlisted_from_wordfreq_seed
wfpt-07505,bacon,,,7599,,shortlisted_from_wordfreq_seed
wfpt-07506,baiano,,,7600,,shortlisted_from_wordfreq_seed
wfpt-07507,balão,,,7601,,shortlisted_from_wordfreq_seed
wfpt-07508,baseadas,,,7602,,shortlisted_from_wordfreq_seed
wfpt-07509,benjamin,,,7603,,shortlisted_from_wordfreq_seed
wfpt-07510,brad,,,7604,,shortlisted_from_wordfreq_seed
wfpt-07511,brigada,,,7605,,shortlisted_from_wordfreq_seed
wfpt-07512,brinde,,,7606,,shortlisted_from_wordfreq_seed
wfpt-07513,brother,,,7607,,shortlisted_from_wordfreq_seed
wfpt-07514,buceta,,,7608,,shortlisted_from_wordfreq_seed
wfpt-07515,bulgária,,,7609,,shortlisted_from_wordfreq_seed
wfpt-07516,cargas,,,7610,,shortlisted_from_wordfreq_seed
wfpt-07517,cláudia,,,7612,,shortlisted_from_wordfreq_seed
wfpt-07518,colheita,,,7613,,shortlisted_from_wordfreq_seed
wfpt-07519,complexos,,,7614,,shortlisted_from_wordfreq_seed
wfpt-07520,comprando,,,7615,,shortlisted_from_wordfreq_seed
wfpt-07521,configuração,,,7616,,shortlisted_from_wordfreq_seed
wfpt-07522,conservador,,,7617,,shortlisted_from_wordfreq_seed
wfpt-07523,contemporâneo,,,7618,,shortlisted_from_wordfreq_seed
wfpt-07524,cooper,,,7619,,shortlisted_from_wordfreq_seed
wfpt-07525,correm,,,7620,,shortlisted_from_wordfreq_seed
wfpt-07526,decente,,,7621,,shortlisted_from_wordfreq_seed
wfpt-07527,deslocamento,,,7622,,shortlisted_from_wordfreq_seed
wfpt-07528,destinos,,,7623,,shortlisted_from_wordfreq_seed
wfpt-07529,detesto,,,7624,,shortlisted_from_wordfreq_seed
wfpt-07530,detido,,,7625,,shortlisted_from_wordfreq_seed
wfpt-07531,devidamente,,,7626,,shortlisted_from_wordfreq_seed
wfpt-07532,dirigindo,,,7627,,shortlisted_from_wordfreq_seed
wfpt-07533,divulgados,,,7628,,shortlisted_from_wordfreq_seed
wfpt-07534,dominante,,,7629,,shortlisted_from_wordfreq_seed
wfpt-07535,dúzia,,,7630,,shortlisted_from_wordfreq_seed
wfpt-07536,economista,,,7631,,shortlisted_from_wordfreq_seed
wfpt-07537,eleger,,,7632,,shortlisted_from_wordfreq_seed
wfpt-07538,elevação,,,7633,,shortlisted_from_wordfreq_seed
wfpt-07539,empreendimentos,,,7634,,shortlisted_from_wordfreq_seed
wfpt-07540,escolares,,,7635,,shortlisted_from_wordfreq_seed
wfpt-07541,estimação,,,7636,,shortlisted_from_wordfreq_seed
wfpt-07542,executivos,,,7637,,shortlisted_from_wordfreq_seed
wfpt-07543,exibe,,,7638,,shortlisted_from_wordfreq_seed
wfpt-07544,favoráveis,,,7639,,shortlisted_from_wordfreq_seed
wfpt-07545,fechadas,,,7640,,shortlisted_from_wordfreq_seed
wfpt-07546,fixa,,,7641,,shortlisted_from_wordfreq_seed
wfpt-07547,flórida,,,7642,,shortlisted_from_wordfreq_seed
wfpt-07548,ganhos,,,7643,,shortlisted_from_wordfreq_seed
wfpt-07549,gasto,,,7644,,shortlisted_from_wordfreq_seed
wfpt-07550,gelado,,,7645,,shortlisted_from_wordfreq_seed
wfpt-07551,guatemala,,,7646,,shortlisted_from_wordfreq_seed
wfpt-07552,gêneros,,,7647,,shortlisted_from_wordfreq_seed
wfpt-07553,ilegais,,,7648,,shortlisted_from_wordfreq_seed
wfpt-07554,impor,,,7649,,shortlisted_from_wordfreq_seed
wfpt-07555,invadiu,,,7650,,shortlisted_from_wordfreq_seed
wfpt-07556,justificativa,,,7651,,shortlisted_from_wordfreq_seed
wfpt-07557,ladrões,,,7652,,shortlisted_from_wordfreq_seed
wfpt-07558,lana,,,7653,,shortlisted_from_wordfreq_seed
wfpt-07559,lealdade,,,7654,,shortlisted_from_wordfreq_seed
wfpt-07560,leilão,,,7655,,shortlisted_from_wordfreq_seed
wfpt-07561,lideranças,,,7656,,shortlisted_from_wordfreq_seed
wfpt-07562,lobos,,,7657,,shortlisted_from_wordfreq_seed
wfpt-07563,mancha,,,7658,,shortlisted_from_wordfreq_seed
wfpt-07564,maré,,,7659,,shortlisted_from_wordfreq_seed
wfpt-07565,matthew,,,7660,,shortlisted_from_wordfreq_seed
wfpt-07566,mecânico,,,7661,,shortlisted_from_wordfreq_seed
wfpt-07567,moisés,,,7662,,shortlisted_from_wordfreq_seed
wfpt-07568,montado,,,7663,,shortlisted_from_wordfreq_seed
wfpt-07569,museus,,,7664,,shortlisted_from_wordfreq_seed
wfpt-07570,márcio,,,7665,,shortlisted_from_wordfreq_seed
wfpt-07571,múltiplos,,,7666,,shortlisted_from_wordfreq_seed
wfpt-07572,naquilo,,,7667,,shortlisted_from_wordfreq_seed
wfpt-07573,navegar,,,7668,,shortlisted_from_wordfreq_seed
wfpt-07574,noivo,,,7669,,shortlisted_from_wordfreq_seed
wfpt-07575,notificação,,,7670,,shortlisted_from_wordfreq_seed
wfpt-07576,obrigatória,,,7671,,shortlisted_from_wordfreq_seed
wfpt-07577,obtenção,,,7672,,shortlisted_from_wordfreq_seed
wfpt-07578,ocupados,,,7673,,shortlisted_from_wordfreq_seed
wfpt-07579,ofensa,,,7674,,shortlisted_from_wordfreq_seed
wfpt-07580,organizados,,,7675,,shortlisted_from_wordfreq_seed
wfpt-07581,orgânica,,,7676,,shortlisted_from_wordfreq_seed
wfpt-07582,pagamentos,,,7677,,shortlisted_from_wordfreq_seed
wfpt-07583,pandemia,,,7678,,shortlisted_from_wordfreq_seed
wfpt-07584,pararam,,,7679,,shortlisted_from_wordfreq_seed
wfpt-07585,pegue,,,7680,,shortlisted_from_wordfreq_seed
wfpt-07586,permanência,,,7681,,shortlisted_from_wordfreq_seed
wfpt-07587,planetas,,,7682,,shortlisted_from_wordfreq_seed
wfpt-07588,poste,,,7683,,shortlisted_from_wordfreq_seed
wfpt-07589,prejudicar,,,7684,,shortlisted_from_wordfreq_seed
wfpt-07590,prejuízo,,,7685,,shortlisted_from_wordfreq_seed
wfpt-07591,previamente,,,7686,,shortlisted_from_wordfreq_seed
wfpt-07592,pôs,,,7687,,shortlisted_from_wordfreq_seed
wfpt-07593,referida,,,7688,,shortlisted_from_wordfreq_seed
wfpt-07594,regulares,,,7689,,shortlisted_from_wordfreq_seed
wfpt-07595,reside,,,7690,,shortlisted_from_wordfreq_seed
wfpt-07596,resultando,,,7691,,shortlisted_from_wordfreq_seed
wfpt-07597,rolando,,,7692,,shortlisted_from_wordfreq_seed
wfpt-07598,salgado,,,7693,,shortlisted_from_wordfreq_seed
wfpt-07599,sebastião,,,7694,,shortlisted_from_wordfreq_seed
wfpt-07600,selva,,,7695,,shortlisted_from_wordfreq_seed
wfpt-07601,sessenta,,,7696,,shortlisted_from_wordfreq_seed
wfpt-07602,singular,,,7697,,shortlisted_from_wordfreq_seed
wfpt-07603,sun,,,7698,,shortlisted_from_wordfreq_seed
wfpt-07604,tapete,,,7699,,shortlisted_from_wordfreq_seed
wfpt-07605,tavares,,,7700,,shortlisted_from_wordfreq_seed
wfpt-07606,ted,,,7701,,shortlisted_from_wordfreq_seed
wfpt-07607,telhado,,,7702,,shortlisted_from_wordfreq_seed
wfpt-07608,tenhamos,,,7703,,shortlisted_from_wordfreq_seed
wfpt-07609,terrestre,,,7704,,shortlisted_from_wordfreq_seed
wfpt-07610,tirado,,,7705,,shortlisted_from_wordfreq_seed
wfpt-07611,today,,,7706,,shortlisted_from_wordfreq_seed
wfpt-07612,toledo,,,7707,,shortlisted_from_wordfreq_seed
wfpt-07613,torta,,,7708,,shortlisted_from_wordfreq_seed
wfpt-07614,totalidade,,,7709,,shortlisted_from_wordfreq_seed
wfpt-07615,tratou,,,7710,,shortlisted_from_wordfreq_seed
wfpt-07616,trocas,,,7711,,shortlisted_from_wordfreq_seed
wfpt-07617,ultrapassar,,,7712,,shortlisted_from_wordfreq_seed
wfpt-07618,universitários,,,7713,,shortlisted_from_wordfreq_seed
wfpt-07619,viajou,,,7714,,shortlisted_from_wordfreq_seed
wfpt-07620,visitante,,,7715,,shortlisted_from_wordfreq_seed
wfpt-07621,válido,,,7716,,shortlisted_from_wordfreq_seed
wfpt-07623,xuxa,,,7718,,shortlisted_from_wordfreq_seed
wfpt-07624,índio,,,7719,,shortlisted_from_wordfreq_seed
wfpt-07625,acusados,,,7720,,shortlisted_from_wordfreq_seed
wfpt-07626,advocacia,,,7721,,shortlisted_from_wordfreq_seed
wfpt-07627,africanas,,,7722,,shortlisted_from_wordfreq_seed
wfpt-07628,ajudado,,,7723,,shortlisted_from_wordfreq_seed
wfpt-07629,alcançado,,,7724,,shortlisted_from_wordfreq_seed
wfpt-07630,alckmin,,,7725,,shortlisted_from_wordfreq_seed
wfpt-07631,amores,,,7726,,shortlisted_from_wordfreq_seed
wfpt-07632,angela,,,7727,,shortlisted_from_wordfreq_seed
wfpt-07633,apocalipse,,,7728,,shortlisted_from_wordfreq_seed
wfpt-07634,apoiou,,,7729,,shortlisted_from_wordfreq_seed
wfpt-07635,apostas,,,7730,,shortlisted_from_wordfreq_seed
wfpt-07636,argélia,,,7731,,shortlisted_from_wordfreq_seed
wfpt-07637,atacando,,,7732,,shortlisted_from_wordfreq_seed
wfpt-07638,atravessa,,,7733,,shortlisted_from_wordfreq_seed
wfpt-07639,beija,,,7734,,shortlisted_from_wordfreq_seed
wfpt-07640,bienal,,,7735,,shortlisted_from_wordfreq_seed
wfpt-07642,boxe,,,7737,,shortlisted_from_wordfreq_seed
wfpt-07643,cardíaco,,,7738,,shortlisted_from_wordfreq_seed
wfpt-07644,caroline,,,7739,,shortlisted_from_wordfreq_seed
wfpt-07645,cat,,,7740,,shortlisted_from_wordfreq_seed
wfpt-07646,caverna,,,7741,,shortlisted_from_wordfreq_seed
wfpt-07647,chame,,,7742,,shortlisted_from_wordfreq_seed
wfpt-07648,chamei,,,7743,,shortlisted_from_wordfreq_seed
wfpt-07649,compensação,,,7744,,shortlisted_from_wordfreq_seed
wfpt-07650,conectado,,,7745,,shortlisted_from_wordfreq_seed
wfpt-07651,consultado,,,7746,,shortlisted_from_wordfreq_seed
wfpt-07652,conversão,,,7747,,shortlisted_from_wordfreq_seed
wfpt-07653,cortou,,,7748,,shortlisted_from_wordfreq_seed
wfpt-07654,cross,,,7749,,shortlisted_from_wordfreq_seed
wfpt-07655,cruzamento,,,7750,,shortlisted_from_wordfreq_seed
wfpt-07656,custou,,,7751,,shortlisted_from_wordfreq_seed
wfpt-07657,declínio,,,7752,,shortlisted_from_wordfreq_seed
wfpt-07658,denise,,,7753,,shortlisted_from_wordfreq_seed
wfpt-07659,depoimentos,,,7754,,shortlisted_from_wordfreq_seed
wfpt-07660,destruiu,,,7755,,shortlisted_from_wordfreq_seed
wfpt-07661,detenção,,,7756,,shortlisted_from_wordfreq_seed
wfpt-07662,disposta,,,7757,,shortlisted_from_wordfreq_seed
wfpt-07663,distribuídos,,,7758,,shortlisted_from_wordfreq_seed
wfpt-07664,divertida,,,7759,,shortlisted_from_wordfreq_seed
wfpt-07665,empreendimento,,,7760,,shortlisted_from_wordfreq_seed
wfpt-07666,endereços,,,7761,,shortlisted_from_wordfreq_seed
wfpt-07667,enterrado,,,7762,,shortlisted_from_wordfreq_seed
wfpt-07668,estabelecidos,,,7763,,shortlisted_from_wordfreq_seed
wfpt-07669,eternidade,,,7764,,shortlisted_from_wordfreq_seed
wfpt-07670,europeias,,,7765,,shortlisted_from_wordfreq_seed
wfpt-07671,exibir,,,7766,,shortlisted_from_wordfreq_seed
wfpt-07672,existiu,,,7767,,shortlisted_from_wordfreq_seed
wfpt-07673,expedição,,,7768,,shortlisted_from_wordfreq_seed
wfpt-07674,experimental,,,7769,,shortlisted_from_wordfreq_seed
wfpt-07675,fino,,,7770,,shortlisted_from_wordfreq_seed
wfpt-07676,flora,,,7771,,shortlisted_from_wordfreq_seed
wfpt-07677,food,,,7772,,shortlisted_from_wordfreq_seed
wfpt-07678,forno,,,7773,,shortlisted_from_wordfreq_seed
wfpt-07679,freire,,,7774,,shortlisted_from_wordfreq_seed
wfpt-07680,ganhamos,,,7775,,shortlisted_from_wordfreq_seed
wfpt-07681,gasta,,,7776,,shortlisted_from_wordfreq_seed
wfpt-07682,gordura,,,7777,,shortlisted_from_wordfreq_seed
wfpt-07683,grant,,,7778,,shortlisted_from_wordfreq_seed
wfpt-07684,historiador,,,7779,,shortlisted_from_wordfreq_seed
wfpt-07685,hiv,,,7780,,shortlisted_from_wordfreq_seed
wfpt-07686,honesto,,,7781,,shortlisted_from_wordfreq_seed
wfpt-07687,impediu,,,7782,,shortlisted_from_wordfreq_seed
wfpt-07688,inferiores,,,7783,,shortlisted_from_wordfreq_seed
wfpt-07689,inocência,,,7784,,shortlisted_from_wordfreq_seed
wfpt-07690,inspirou,,,7785,,shortlisted_from_wordfreq_seed
wfpt-07691,integra,,,7786,,shortlisted_from_wordfreq_seed
wfpt-07692,invenção,,,7787,,shortlisted_from_wordfreq_seed
wfpt-07693,irem,,,7788,,shortlisted_from_wordfreq_seed
wfpt-07694,irmandade,,,7789,,shortlisted_from_wordfreq_seed
wfpt-07695,juros,,,7790,,shortlisted_from_wordfreq_seed
wfpt-07696,land,,,7791,,shortlisted_from_wordfreq_seed
wfpt-07697,laser,,,7792,,shortlisted_from_wordfreq_seed
wfpt-07698,lauren,,,7793,,shortlisted_from_wordfreq_seed
wfpt-07699,levará,,,7794,,shortlisted_from_wordfreq_seed
wfpt-07700,levava,,,7795,,shortlisted_from_wordfreq_seed
wfpt-07701,liberais,,,7796,,shortlisted_from_wordfreq_seed
wfpt-07702,líbia,,,7797,,shortlisted_from_wordfreq_seed
wfpt-07703,marcados,,,7798,,shortlisted_from_wordfreq_seed
wfpt-07704,maturidade,,,7799,,shortlisted_from_wordfreq_seed
wfpt-07705,mentindo,,,7800,,shortlisted_from_wordfreq_seed
wfpt-07706,mercedes,,,7801,,shortlisted_from_wordfreq_seed
wfpt-07707,misterioso,,,7802,,shortlisted_from_wordfreq_seed
wfpt-07708,miséria,,,7803,,shortlisted_from_wordfreq_seed
wfpt-07709,moram,,,7804,,shortlisted_from_wordfreq_seed
wfpt-07710,natação,,,7805,,shortlisted_from_wordfreq_seed
wfpt-07711,necessita,,,7806,,shortlisted_from_wordfreq_seed
wfpt-07712,ninja,,,7807,,shortlisted_from_wordfreq_seed
wfpt-07713,nua,,,7808,,shortlisted_from_wordfreq_seed
wfpt-07714,numero,,,7809,,shortlisted_from_wordfreq_seed
wfpt-07715,ofício,,,7810,,shortlisted_from_wordfreq_seed
wfpt-07716,patente,,,7811,,shortlisted_from_wordfreq_seed
wfpt-07717,percebido,,,7812,,shortlisted_from_wordfreq_seed
wfpt-07718,persa,,,7813,,shortlisted_from_wordfreq_seed
wfpt-07719,pescadores,,,7814,,shortlisted_from_wordfreq_seed
wfpt-07720,pesos,,,7815,,shortlisted_from_wordfreq_seed
wfpt-07721,pirata,,,7816,,shortlisted_from_wordfreq_seed
wfpt-07722,planeja,,,7817,,shortlisted_from_wordfreq_seed
wfpt-07723,primário,,,7818,,shortlisted_from_wordfreq_seed
wfpt-07724,produzidas,,,7819,,shortlisted_from_wordfreq_seed
wfpt-07725,protestantes,,,7820,,shortlisted_from_wordfreq_seed
wfpt-07726,queimando,,,7821,,shortlisted_from_wordfreq_seed
wfpt-07727,read,,,7822,,shortlisted_from_wordfreq_seed
wfpt-07728,recomendações,,,7823,,shortlisted_from_wordfreq_seed
wfpt-07729,renúncia,,,7824,,shortlisted_from_wordfreq_seed
wfpt-07730,report,,,7825,,shortlisted_from_wordfreq_seed
wfpt-07731,ressalta,,,7826,,shortlisted_from_wordfreq_seed
wfpt-07732,restauração,,,7827,,shortlisted_from_wordfreq_seed
wfpt-07733,retornou,,,7828,,shortlisted_from_wordfreq_seed
wfpt-07734,reunidos,,,7829,,shortlisted_from_wordfreq_seed
wfpt-07735,robô,,,7830,,shortlisted_from_wordfreq_seed
wfpt-07736,roy,,,7831,,shortlisted_from_wordfreq_seed
wfpt-07737,rss,,,7832,,shortlisted_from_wordfreq_seed
wfpt-07738,secas,,,7833,,shortlisted_from_wordfreq_seed
wfpt-07739,sertão,,,7834,,shortlisted_from_wordfreq_seed
wfpt-07740,sex,,,7835,,shortlisted_from_wordfreq_seed
wfpt-07741,sic,,,7836,,shortlisted_from_wordfreq_seed
wfpt-07742,silvio,,,7837,,shortlisted_from_wordfreq_seed
wfpt-07743,sino,,,7838,,shortlisted_from_wordfreq_seed
wfpt-07744,stone,,,7839,,shortlisted_from_wordfreq_seed
wfpt-07745,suporta,,,7840,,shortlisted_from_wordfreq_seed
wfpt-07746,suposta,,,7841,,shortlisted_from_wordfreq_seed
wfpt-07747,their,,,7842,,shortlisted_from_wordfreq_seed
wfpt-07748,toalha,,,7843,,shortlisted_from_wordfreq_seed
wfpt-07749,torcer,,,7844,,shortlisted_from_wordfreq_seed
wfpt-07750,transferir,,,7845,,shortlisted_from_wordfreq_seed
wfpt-07751,troco,,,7846,,shortlisted_from_wordfreq_seed
wfpt-07752,tubarão,,,7847,,shortlisted_from_wordfreq_seed
wfpt-07753,vegetação,,,7848,,shortlisted_from_wordfreq_seed
wfpt-07754,violenta,,,7849,,shortlisted_from_wordfreq_seed
wfpt-07755,vip,,,7850,,shortlisted_from_wordfreq_seed
wfpt-07756,wars,,,7851,,shortlisted_from_wordfreq_seed
wfpt-07757,year,,,7852,,shortlisted_from_wordfreq_seed
wfpt-07758,acrescentar,,,7853,,shortlisted_from_wordfreq_seed
wfpt-07759,adoram,,,7854,,shortlisted_from_wordfreq_seed
wfpt-07760,afetar,,,7855,,shortlisted_from_wordfreq_seed
wfpt-07761,alfredo,,,7856,,shortlisted_from_wordfreq_seed
wfpt-07762,ameaçada,,,7857,,shortlisted_from_wordfreq_seed
wfpt-07763,ansiosa,,,7858,,shortlisted_from_wordfreq_seed
wfpt-07765,aprova,,,7860,,shortlisted_from_wordfreq_seed
wfpt-07766,arbitragem,,,7861,,shortlisted_from_wordfreq_seed
wfpt-07767,assessor,,,7862,,shortlisted_from_wordfreq_seed
wfpt-07768,assisti,,,7863,,shortlisted_from_wordfreq_seed
wfpt-07769,atento,,,7864,,shortlisted_from_wordfreq_seed
wfpt-07770,audição,,,7865,,shortlisted_from_wordfreq_seed
wfpt-07771,auge,,,7866,,shortlisted_from_wordfreq_seed
wfpt-07772,brilhantes,,,7867,,shortlisted_from_wordfreq_seed
wfpt-07773,brincadeiras,,,7868,,shortlisted_from_wordfreq_seed
wfpt-07774,caminha,,,7869,,shortlisted_from_wordfreq_seed
wfpt-07775,cancelado,,,7870,,shortlisted_from_wordfreq_seed
wfpt-07776,capacidades,,,7871,,shortlisted_from_wordfreq_seed
wfpt-07777,carregado,,,7872,,shortlisted_from_wordfreq_seed
wfpt-07778,carrinho,,,7873,,shortlisted_from_wordfreq_seed
wfpt-07779,catálogo,,,7874,,shortlisted_from_wordfreq_seed
wfpt-07780,cela,,,7875,,shortlisted_from_wordfreq_seed
wfpt-07781,cesar,,,7876,,shortlisted_from_wordfreq_seed
wfpt-07782,charlotte,,,7877,,shortlisted_from_wordfreq_seed
wfpt-07783,chateada,,,7878,,shortlisted_from_wordfreq_seed
wfpt-07784,choro,,,7879,,shortlisted_from_wordfreq_seed
wfpt-07785,chumbo,,,7880,,shortlisted_from_wordfreq_seed
wfpt-07786,chute,,,7881,,shortlisted_from_wordfreq_seed
wfpt-07787,citação,,,7882,,shortlisted_from_wordfreq_seed
wfpt-07788,colonização,,,7883,,shortlisted_from_wordfreq_seed
wfpt-07789,compartilha,,,7884,,shortlisted_from_wordfreq_seed
wfpt-07790,compromissos,,,7885,,shortlisted_from_wordfreq_seed
wfpt-07791,concedeu,,,7886,,shortlisted_from_wordfreq_seed
wfpt-07792,concluído,,,7887,,shortlisted_from_wordfreq_seed
wfpt-07793,contêm,,,7888,,shortlisted_from_wordfreq_seed
wfpt-07794,conviver,,,7889,,shortlisted_from_wordfreq_seed
wfpt-07795,corretamente,,,7890,,shortlisted_from_wordfreq_seed
wfpt-07796,crie,,,7891,,shortlisted_from_wordfreq_seed
wfpt-07797,debater,,,7892,,shortlisted_from_wordfreq_seed
wfpt-07798,dedica,,,7893,,shortlisted_from_wordfreq_seed
wfpt-07799,deixava,,,7894,,shortlisted_from_wordfreq_seed
wfpt-07800,dependente,,,7895,,shortlisted_from_wordfreq_seed
wfpt-07801,desgraçado,,,7896,,shortlisted_from_wordfreq_seed
wfpt-07802,destacam,,,7897,,shortlisted_from_wordfreq_seed
wfpt-07803,detetive,,,7898,,shortlisted_from_wordfreq_seed
wfpt-07804,dormi,,,7899,,shortlisted_from_wordfreq_seed
wfpt-07805,duvida,,,7900,,shortlisted_from_wordfreq_seed
wfpt-07806,ensinando,,,7901,,shortlisted_from_wordfreq_seed
wfpt-07807,entendemos,,,7902,,shortlisted_from_wordfreq_seed
wfpt-07808,enviando,,,7903,,shortlisted_from_wordfreq_seed
wfpt-07809,envolvem,,,7904,,shortlisted_from_wordfreq_seed
wfpt-07810,esperto,,,7905,,shortlisted_from_wordfreq_seed
wfpt-07811,espetacular,,,7906,,shortlisted_from_wordfreq_seed
wfpt-07812,estabelecidas,,,7907,,shortlisted_from_wordfreq_seed
wfpt-07813,estudantil,,,7908,,shortlisted_from_wordfreq_seed
wfpt-07814,estádios,,,7909,,shortlisted_from_wordfreq_seed
wfpt-07815,faculdades,,,7910,,shortlisted_from_wordfreq_seed
wfpt-07816,fantasmas,,,7911,,shortlisted_from_wordfreq_seed
wfpt-07817,fatal,,,7912,,shortlisted_from_wordfreq_seed
wfpt-07818,festivais,,,7913,,shortlisted_from_wordfreq_seed
wfpt-07819,force,,,7914,,shortlisted_from_wordfreq_seed
wfpt-07820,francis,,,7915,,shortlisted_from_wordfreq_seed
wfpt-07821,ganhe,,,7916,,shortlisted_from_wordfreq_seed
wfpt-07822,generais,,,7917,,shortlisted_from_wordfreq_seed
wfpt-07823,gps,,,7918,,shortlisted_from_wordfreq_seed
wfpt-07824,grace,,,7919,,shortlisted_from_wordfreq_seed
wfpt-07825,gradualmente,,,7920,,shortlisted_from_wordfreq_seed
wfpt-07826,granada,,,7921,,shortlisted_from_wordfreq_seed
wfpt-07827,hum,,,7922,,shortlisted_from_wordfreq_seed
wfpt-07828,idades,,,7923,,shortlisted_from_wordfreq_seed
wfpt-07829,iguaçu,,,7924,,shortlisted_from_wordfreq_seed
wfpt-07830,ilustração,,,7925,,shortlisted_from_wordfreq_seed
wfpt-07831,incluiu,,,7926,,shortlisted_from_wordfreq_seed
wfpt-07832,indicados,,,7927,,shortlisted_from_wordfreq_seed
wfpt-07833,ingredientes,,,7928,,shortlisted_from_wordfreq_seed
wfpt-07834,iniciaram,,,7929,,shortlisted_from_wordfreq_seed
wfpt-07835,introduzir,,,7930,,shortlisted_from_wordfreq_seed
wfpt-07836,inventar,,,7931,,shortlisted_from_wordfreq_seed
wfpt-07837,irregularidades,,,7932,,shortlisted_from_wordfreq_seed
wfpt-07838,italianos,,,7933,,shortlisted_from_wordfreq_seed
wfpt-07839,item,,,7934,,shortlisted_from_wordfreq_seed
wfpt-07840,jaime,,,7935,,shortlisted_from_wordfreq_seed
wfpt-07841,jogaram,,,7936,,shortlisted_from_wordfreq_seed
wfpt-07842,jurisdição,,,7937,,shortlisted_from_wordfreq_seed
wfpt-07843,laterais,,,7938,,shortlisted_from_wordfreq_seed
wfpt-07844,legislativas,,,7939,,shortlisted_from_wordfreq_seed
wfpt-07845,levaria,,,7940,,shortlisted_from_wordfreq_seed
wfpt-07846,lorde,,,7941,,shortlisted_from_wordfreq_seed
wfpt-07848,luiza,,,7943,,shortlisted_from_wordfreq_seed
wfpt-07849,maduro,,,7944,,shortlisted_from_wordfreq_seed
wfpt-07850,marvel,,,7945,,shortlisted_from_wordfreq_seed
wfpt-07851,mauro,,,7946,,shortlisted_from_wordfreq_seed
wfpt-07852,medos,,,7947,,shortlisted_from_wordfreq_seed
wfpt-07853,mentais,,,7948,,shortlisted_from_wordfreq_seed
wfpt-07854,monumento,,,7949,,shortlisted_from_wordfreq_seed
wfpt-07855,muralha,,,7950,,shortlisted_from_wordfreq_seed
wfpt-07856,muros,,,7951,,shortlisted_from_wordfreq_seed
wfpt-07857,nacionalidade,,,7952,,shortlisted_from_wordfreq_seed
wfpt-07858,nancy,,,7953,,shortlisted_from_wordfreq_seed
wfpt-07859,nicholas,,,7954,,shortlisted_from_wordfreq_seed
wfpt-07860,noturno,,,7955,,shortlisted_from_wordfreq_seed
wfpt-07862,other,,,7957,,shortlisted_from_wordfreq_seed
wfpt-07863,our,,,7958,,shortlisted_from_wordfreq_seed
wfpt-07864,ouviram,,,7959,,shortlisted_from_wordfreq_seed
wfpt-07865,penha,,,7960,,shortlisted_from_wordfreq_seed
wfpt-07866,pia,,,7961,,shortlisted_from_wordfreq_seed
wfpt-07867,pica,,,7962,,shortlisted_from_wordfreq_seed
wfpt-07868,place,,,7963,,shortlisted_from_wordfreq_seed
wfpt-07869,precioso,,,7964,,shortlisted_from_wordfreq_seed
wfpt-07870,prisioneiro,,,7965,,shortlisted_from_wordfreq_seed
wfpt-07871,proximidades,,,7966,,shortlisted_from_wordfreq_seed
wfpt-07872,puto,,,7967,,shortlisted_from_wordfreq_seed
wfpt-07873,realizam,,,7968,,shortlisted_from_wordfreq_seed
wfpt-07874,rebelião,,,7969,,shortlisted_from_wordfreq_seed
wfpt-07875,reduz,,,7970,,shortlisted_from_wordfreq_seed
wfpt-07876,rendeu,,,7971,,shortlisted_from_wordfreq_seed
wfpt-07877,repito,,,7972,,shortlisted_from_wordfreq_seed
wfpt-07878,retorna,,,7973,,shortlisted_from_wordfreq_seed
wfpt-07879,segmentos,,,7974,,shortlisted_from_wordfreq_seed
wfpt-07880,sergipe,,,7975,,shortlisted_from_wordfreq_seed
wfpt-07881,servindo,,,7976,,shortlisted_from_wordfreq_seed
wfpt-07882,sigilo,,,7977,,shortlisted_from_wordfreq_seed
wfpt-07883,suma,,,7978,,shortlisted_from_wordfreq_seed
wfpt-07884,suprimentos,,,7979,,shortlisted_from_wordfreq_seed
wfpt-07885,tampa,,,7980,,shortlisted_from_wordfreq_seed
wfpt-07886,telefonia,,,7981,,shortlisted_from_wordfreq_seed
wfpt-07887,tomás,,,7982,,shortlisted_from_wordfreq_seed
wfpt-07888,touro,,,7983,,shortlisted_from_wordfreq_seed
wfpt-07889,trago,,,7984,,shortlisted_from_wordfreq_seed
wfpt-07890,tranquilidade,,,7985,,shortlisted_from_wordfreq_seed
wfpt-07891,trauma,,,7986,,shortlisted_from_wordfreq_seed
wfpt-07892,trens,,,7987,,shortlisted_from_wordfreq_seed
wfpt-07893,trevas,,,7988,,shortlisted_from_wordfreq_seed
wfpt-07894,tweet,,,7989,,shortlisted_from_wordfreq_seed
wfpt-07895,varias,,,7990,,shortlisted_from_wordfreq_seed
wfpt-07896,variáveis,,,7991,,shortlisted_from_wordfreq_seed
wfpt-07897,vestindo,,,7992,,shortlisted_from_wordfreq_seed
wfpt-07898,íris,,,7993,,shortlisted_from_wordfreq_seed
wfpt-07899,abordar,,,7994,,shortlisted_from_wordfreq_seed
wfpt-07900,acabamos,,,7995,,shortlisted_from_wordfreq_seed
wfpt-07901,aguiar,,,7996,,shortlisted_from_wordfreq_seed
wfpt-07902,alegou,,,7997,,shortlisted_from_wordfreq_seed
wfpt-07903,alguem,,,7998,,shortlisted_from_wordfreq_seed
wfpt-07904,analisa,,,7999,,shortlisted_from_wordfreq_seed
wfpt-07905,apertado,,,8000,,shortlisted_from_wordfreq_seed
wfpt-07906,aprovar,,,8001,,shortlisted_from_wordfreq_seed
wfpt-07907,arranjo,,,8002,,shortlisted_from_wordfreq_seed
wfpt-07908,artísticas,,,8003,,shortlisted_from_wordfreq_seed
wfpt-07909,atingindo,,,8004,,shortlisted_from_wordfreq_seed
wfpt-07910,atletismo,,,8005,,shortlisted_from_wordfreq_seed
wfpt-07911,atuam,,,8006,,shortlisted_from_wordfreq_seed
wfpt-07912,autorizada,,,8007,,shortlisted_from_wordfreq_seed
wfpt-07913,balada,,,8008,,shortlisted_from_wordfreq_seed
wfpt-07914,beneficiar,,,8009,,shortlisted_from_wordfreq_seed
wfpt-07915,bretanha,,,8010,,shortlisted_from_wordfreq_seed
wfpt-07916,brooklyn,,,8011,,shortlisted_from_wordfreq_seed
wfpt-07917,calado,,,8012,,shortlisted_from_wordfreq_seed
wfpt-07918,camisas,,,8013,,shortlisted_from_wordfreq_seed
wfpt-07919,care,,,8014,,shortlisted_from_wordfreq_seed
wfpt-07920,carácter,,,8015,,shortlisted_from_wordfreq_seed
wfpt-07921,católico,,,8016,,shortlisted_from_wordfreq_seed
wfpt-07922,caído,,,8017,,shortlisted_from_wordfreq_seed
wfpt-07923,chuveiro,,,8018,,shortlisted_from_wordfreq_seed
wfpt-07924,complementar,,,8019,,shortlisted_from_wordfreq_seed
wfpt-07925,compor,,,8020,,shortlisted_from_wordfreq_seed
wfpt-07926,comunistas,,,8021,,shortlisted_from_wordfreq_seed
wfpt-07927,concentra,,,8022,,shortlisted_from_wordfreq_seed
wfpt-07928,contava,,,8023,,shortlisted_from_wordfreq_seed
wfpt-07929,contratou,,,8024,,shortlisted_from_wordfreq_seed
wfpt-07930,contribuiu,,,8025,,shortlisted_from_wordfreq_seed
wfpt-07931,cota,,,8026,,shortlisted_from_wordfreq_seed
wfpt-07932,covid,,,8027,,shortlisted_from_wordfreq_seed
wfpt-07933,crucial,,,8028,,shortlisted_from_wordfreq_seed
wfpt-07934,custar,,,8029,,shortlisted_from_wordfreq_seed
wfpt-07935,célula,,,8030,,shortlisted_from_wordfreq_seed
wfpt-07936,círculos,,,8031,,shortlisted_from_wordfreq_seed
wfpt-07937,danny,,,8032,,shortlisted_from_wordfreq_seed
wfpt-07938,days,,,8033,,shortlisted_from_wordfreq_seed
wfpt-07939,decorrência,,,8034,,shortlisted_from_wordfreq_seed
wfpt-07940,denominada,,,8035,,shortlisted_from_wordfreq_seed
wfpt-07941,dependem,,,8036,,shortlisted_from_wordfreq_seed
wfpt-07942,derivado,,,8037,,shortlisted_from_wordfreq_seed
wfpt-07943,destaques,,,8038,,shortlisted_from_wordfreq_seed
wfpt-07944,digamos,,,8039,,shortlisted_from_wordfreq_seed
wfpt-07945,dinamarca,,,8040,,shortlisted_from_wordfreq_seed
wfpt-07946,directo,,,8041,,shortlisted_from_wordfreq_seed
wfpt-07947,diretas,,,8042,,shortlisted_from_wordfreq_seed
wfpt-07948,distúrbios,,,8043,,shortlisted_from_wordfreq_seed
wfpt-07949,divulga,,,8044,,shortlisted_from_wordfreq_seed
wfpt-07950,edson,,,8045,,shortlisted_from_wordfreq_seed
wfpt-07951,elias,,,8046,,shortlisted_from_wordfreq_seed
wfpt-07952,escadas,,,8047,,shortlisted_from_wordfreq_seed
wfpt-07953,escalada,,,8048,,shortlisted_from_wordfreq_seed
wfpt-07954,espectro,,,8049,,shortlisted_from_wordfreq_seed
wfpt-07955,executados,,,8050,,shortlisted_from_wordfreq_seed
wfpt-07956,expostos,,,8051,,shortlisted_from_wordfreq_seed
wfpt-07957,fast,,,8052,,shortlisted_from_wordfreq_seed
wfpt-07958,fauna,,,8053,,shortlisted_from_wordfreq_seed
wfpt-07959,ferrari,,,8054,,shortlisted_from_wordfreq_seed
wfpt-07960,filtro,,,8055,,shortlisted_from_wordfreq_seed
wfpt-07961,foz,,,8056,,shortlisted_from_wordfreq_seed
wfpt-07962,fugiram,,,8057,,shortlisted_from_wordfreq_seed
wfpt-07963,ginástica,,,8058,,shortlisted_from_wordfreq_seed
wfpt-07964,great,,,8059,,shortlisted_from_wordfreq_seed
wfpt-07965,hamilton,,,8060,,shortlisted_from_wordfreq_seed
wfpt-07966,han,,,8061,,shortlisted_from_wordfreq_seed
wfpt-07967,ibge,,,8062,,shortlisted_from_wordfreq_seed
wfpt-07968,imaginando,,,8063,,shortlisted_from_wordfreq_seed
wfpt-07969,influenciar,,,8064,,shortlisted_from_wordfreq_seed
wfpt-07970,injustiça,,,8065,,shortlisted_from_wordfreq_seed
wfpt-07971,injusto,,,8066,,shortlisted_from_wordfreq_seed
wfpt-07972,inventou,,,8067,,shortlisted_from_wordfreq_seed
wfpt-07973,janet,,,8068,,shortlisted_from_wordfreq_seed
wfpt-07974,jin,,,8069,,shortlisted_from_wordfreq_seed
wfpt-07975,jose,,,8070,,shortlisted_from_wordfreq_seed
wfpt-07976,khan,,,8071,,shortlisted_from_wordfreq_seed
wfpt-07977,leituras,,,8072,,shortlisted_from_wordfreq_seed
wfpt-07978,lembrado,,,8073,,shortlisted_from_wordfreq_seed
wfpt-07979,localidades,,,8074,,shortlisted_from_wordfreq_seed
wfpt-07980,lucy,,,8075,,shortlisted_from_wordfreq_seed
wfpt-07981,magazine,,,8076,,shortlisted_from_wordfreq_seed
wfpt-07982,manhattan,,,8077,,shortlisted_from_wordfreq_seed
wfpt-07983,manobra,,,8078,,shortlisted_from_wordfreq_seed
wfpt-07984,manto,,,8079,,shortlisted_from_wordfreq_seed
wfpt-07985,médicas,,,8080,,shortlisted_from_wordfreq_seed
wfpt-07986,nasceram,,,8081,,shortlisted_from_wordfreq_seed
wfpt-07987,nathan,,,8082,,shortlisted_from_wordfreq_seed
wfpt-07988,obriga,,,8083,,shortlisted_from_wordfreq_seed
wfpt-07989,omar,,,8084,,shortlisted_from_wordfreq_seed
wfpt-07990,operacionais,,,8085,,shortlisted_from_wordfreq_seed
wfpt-07991,parker,,,8086,,shortlisted_from_wordfreq_seed
wfpt-07992,parâmetros,,,8087,,shortlisted_from_wordfreq_seed
wfpt-07993,permaneceu,,,8088,,shortlisted_from_wordfreq_seed
wfpt-07994,pesadas,,,8089,,shortlisted_from_wordfreq_seed
wfpt-07995,portos,,,8090,,shortlisted_from_wordfreq_seed
wfpt-07996,precise,,,8091,,shortlisted_from_wordfreq_seed
wfpt-07997,prefeitos,,,8092,,shortlisted_from_wordfreq_seed
wfpt-07998,procuradoria,,,8093,,shortlisted_from_wordfreq_seed
wfpt-07999,produzem,,,8094,,shortlisted_from_wordfreq_seed
wfpt-08000,projetado,,,8095,,shortlisted_from_wordfreq_seed
wfpt-08001,provocando,,,8096,,shortlisted_from_wordfreq_seed
wfpt-08002,quadrado,,,8097,,shortlisted_from_wordfreq_seed
wfpt-08003,quartas,,,8098,,shortlisted_from_wordfreq_seed
wfpt-08004,raros,,,8099,,shortlisted_from_wordfreq_seed
wfpt-08005,reclamação,,,8100,,shortlisted_from_wordfreq_seed
wfpt-08006,redonda,,,8101,,shortlisted_from_wordfreq_seed
wfpt-08007,relativas,,,8102,,shortlisted_from_wordfreq_seed
wfpt-08008,residencial,,,8103,,shortlisted_from_wordfreq_seed
wfpt-08009,revelam,,,8104,,shortlisted_from_wordfreq_seed
wfpt-08010,rey,,,8105,,shortlisted_from_wordfreq_seed
wfpt-08011,roxo,,,8106,,shortlisted_from_wordfreq_seed
wfpt-08012,secretos,,,8107,,shortlisted_from_wordfreq_seed
wfpt-08013,seio,,,8108,,shortlisted_from_wordfreq_seed
wfpt-08014,sensíveis,,,8109,,shortlisted_from_wordfreq_seed
wfpt-08015,separa,,,8110,,shortlisted_from_wordfreq_seed
wfpt-08016,separado,,,8111,,shortlisted_from_wordfreq_seed
wfpt-08017,serie,,,8112,,shortlisted_from_wordfreq_seed
wfpt-08018,series,,,8113,,shortlisted_from_wordfreq_seed
wfpt-08019,short,,,8114,,shortlisted_from_wordfreq_seed
wfpt-08020,sinônimo,,,8115,,shortlisted_from_wordfreq_seed
wfpt-08021,sobreviveu,,,8116,,shortlisted_from_wordfreq_seed
wfpt-08022,souber,,,8117,,shortlisted_from_wordfreq_seed
wfpt-08023,suicida,,,8118,,shortlisted_from_wordfreq_seed
wfpt-08024,superou,,,8119,,shortlisted_from_wordfreq_seed
wfpt-08025,surpreso,,,8120,,shortlisted_from_wordfreq_seed
wfpt-08026,temporário,,,8121,,shortlisted_from_wordfreq_seed
wfpt-08027,tiroteio,,,8122,,shortlisted_from_wordfreq_seed
wfpt-08028,tocantins,,,8123,,shortlisted_from_wordfreq_seed
wfpt-08029,torná,,,8124,,shortlisted_from_wordfreq_seed
wfpt-08030,treze,,,8125,,shortlisted_from_wordfreq_seed
wfpt-08031,valem,,,8126,,shortlisted_from_wordfreq_seed
wfpt-08032,vazamento,,,8127,,shortlisted_from_wordfreq_seed
wfpt-08033,vertical,,,8128,,shortlisted_from_wordfreq_seed
wfpt-08034,virão,,,8129,,shortlisted_from_wordfreq_seed
wfpt-08035,vôo,,,8130,,shortlisted_from_wordfreq_seed
wfpt-08036,watson,,,8131,,shortlisted_from_wordfreq_seed
wfpt-08037,álbuns,,,8132,,shortlisted_from_wordfreq_seed
wfpt-08038,abriga,,,8134,,shortlisted_from_wordfreq_seed
wfpt-08039,acreditando,,,8135,,shortlisted_from_wordfreq_seed
wfpt-08040,adivinha,,,8136,,shortlisted_from_wordfreq_seed
wfpt-08041,admiro,,,8137,,shortlisted_from_wordfreq_seed
wfpt-08042,admitiu,,,8138,,shortlisted_from_wordfreq_seed
wfpt-08043,adriano,,,8139,,shortlisted_from_wordfreq_seed
wfpt-08044,africa,,,8140,,shortlisted_from_wordfreq_seed
wfpt-08045,altar,,,8141,,shortlisted_from_wordfreq_seed
wfpt-08046,alternativo,,,8142,,shortlisted_from_wordfreq_seed
wfpt-08047,amadores,,,8143,,shortlisted_from_wordfreq_seed
wfpt-08048,amigável,,,8144,,shortlisted_from_wordfreq_seed
wfpt-08049,andava,,,8145,,shortlisted_from_wordfreq_seed
wfpt-08050,anéis,,,8146,,shortlisted_from_wordfreq_seed
wfpt-08051,anônimo,,,8147,,shortlisted_from_wordfreq_seed
wfpt-08052,aplica,,,8148,,shortlisted_from_wordfreq_seed
wfpt-08053,armênia,,,8149,,shortlisted_from_wordfreq_seed
wfpt-08054,assentos,,,8150,,shortlisted_from_wordfreq_seed
wfpt-08055,assédio,,,8151,,shortlisted_from_wordfreq_seed
wfpt-08056,automático,,,8152,,shortlisted_from_wordfreq_seed
wfpt-08057,baseia,,,8153,,shortlisted_from_wordfreq_seed
wfpt-08058,batom,,,8154,,shortlisted_from_wordfreq_seed
wfpt-08059,blá,,,8155,,shortlisted_from_wordfreq_seed
wfpt-08060,bobby,,,8156,,shortlisted_from_wordfreq_seed
wfpt-08061,brevemente,,,8157,,shortlisted_from_wordfreq_seed
wfpt-08062,brutal,,,8158,,shortlisted_from_wordfreq_seed
wfpt-08063,caia,,,8159,,shortlisted_from_wordfreq_seed
wfpt-08064,calçada,,,8160,,shortlisted_from_wordfreq_seed
wfpt-08065,cancelada,,,8161,,shortlisted_from_wordfreq_seed
wfpt-08066,cardíaca,,,8162,,shortlisted_from_wordfreq_seed
wfpt-08067,carona,,,8163,,shortlisted_from_wordfreq_seed
wfpt-08068,cercado,,,8164,,shortlisted_from_wordfreq_seed
wfpt-08069,charme,,,8165,,shortlisted_from_wordfreq_seed
wfpt-08070,chateado,,,8166,,shortlisted_from_wordfreq_seed
wfpt-08071,citados,,,8167,,shortlisted_from_wordfreq_seed
wfpt-08072,coligação,,,8168,,shortlisted_from_wordfreq_seed
wfpt-08073,comunitário,,,8169,,shortlisted_from_wordfreq_seed
wfpt-08074,conceder,,,8170,,shortlisted_from_wordfreq_seed
wfpt-08075,copacabana,,,8171,,shortlisted_from_wordfreq_seed
wfpt-08076,costumo,,,8172,,shortlisted_from_wordfreq_seed
wfpt-08077,cpi,,,8173,,shortlisted_from_wordfreq_seed
wfpt-08078,cruzar,,,8174,,shortlisted_from_wordfreq_seed
wfpt-08079,dedicou,,,8175,,shortlisted_from_wordfreq_seed
wfpt-08080,demonstrações,,,8176,,shortlisted_from_wordfreq_seed
wfpt-08081,dependentes,,,8177,,shortlisted_from_wordfreq_seed
wfpt-08082,desenvolvedores,,,8178,,shortlisted_from_wordfreq_seed
wfpt-08083,designado,,,8179,,shortlisted_from_wordfreq_seed
wfpt-08084,desigualdade,,,8180,,shortlisted_from_wordfreq_seed
wfpt-08085,detém,,,8181,,shortlisted_from_wordfreq_seed
wfpt-08086,distribuir,,,8182,,shortlisted_from_wordfreq_seed
wfpt-08087,elaborado,,,8183,,shortlisted_from_wordfreq_seed
wfpt-08088,enem,,,8184,,shortlisted_from_wordfreq_seed
wfpt-08089,enfrentam,,,8185,,shortlisted_from_wordfreq_seed
wfpt-08090,enfrentando,,,8186,,shortlisted_from_wordfreq_seed
wfpt-08091,entorno,,,8187,,shortlisted_from_wordfreq_seed
wfpt-08092,espalhados,,,8188,,shortlisted_from_wordfreq_seed
wfpt-08093,estende,,,8189,,shortlisted_from_wordfreq_seed
wfpt-08094,estranhas,,,8190,,shortlisted_from_wordfreq_seed
wfpt-08095,exigência,,,8191,,shortlisted_from_wordfreq_seed
wfpt-08096,exista,,,8192,,shortlisted_from_wordfreq_seed
wfpt-08097,experimente,,,8193,,shortlisted_from_wordfreq_seed
wfpt-08098,expulsão,,,8194,,shortlisted_from_wordfreq_seed
wfpt-08099,fadas,,,8195,,shortlisted_from_wordfreq_seed
wfpt-08100,falhou,,,8196,,shortlisted_from_wordfreq_seed
wfpt-08101,farol,,,8197,,shortlisted_from_wordfreq_seed
wfpt-08102,filhotes,,,8198,,shortlisted_from_wordfreq_seed
wfpt-08103,fonseca,,,8199,,shortlisted_from_wordfreq_seed
wfpt-08104,forçada,,,8200,,shortlisted_from_wordfreq_seed
wfpt-08105,foundation,,,8201,,shortlisted_from_wordfreq_seed
wfpt-08106,fraternidade,,,8202,,shortlisted_from_wordfreq_seed
wfpt-08107,fúria,,,8203,,shortlisted_from_wordfreq_seed
wfpt-08108,gary,,,8204,,shortlisted_from_wordfreq_seed
wfpt-08109,governante,,,8205,,shortlisted_from_wordfreq_seed
wfpt-08110,gramado,,,8206,,shortlisted_from_wordfreq_seed
wfpt-08111,gratuitos,,,8207,,shortlisted_from_wordfreq_seed
wfpt-08112,havido,,,8208,,shortlisted_from_wordfreq_seed
wfpt-08113,his,,,8209,,shortlisted_from_wordfreq_seed
wfpt-08114,homossexuais,,,8210,,shortlisted_from_wordfreq_seed
wfpt-08115,identifica,,,8211,,shortlisted_from_wordfreq_seed
wfpt-08117,joel,,,8213,,shortlisted_from_wordfreq_seed
wfpt-08118,lanche,,,8214,,shortlisted_from_wordfreq_seed
wfpt-08119,legalização,,,8215,,shortlisted_from_wordfreq_seed
wfpt-08120,leio,,,8216,,shortlisted_from_wordfreq_seed
wfpt-08121,liderada,,,8217,,shortlisted_from_wordfreq_seed
wfpt-08122,localizar,,,8218,,shortlisted_from_wordfreq_seed
wfpt-08123,logan,,,8219,,shortlisted_from_wordfreq_seed
wfpt-08124,logística,,,8220,,shortlisted_from_wordfreq_seed
wfpt-08125,maldição,,,8221,,shortlisted_from_wordfreq_seed
wfpt-08126,mandando,,,8222,,shortlisted_from_wordfreq_seed
wfpt-08127,marrom,,,8223,,shortlisted_from_wordfreq_seed
wfpt-08128,marshall,,,8224,,shortlisted_from_wordfreq_seed
wfpt-08129,mec,,,8225,,shortlisted_from_wordfreq_seed
wfpt-08130,mineral,,,8226,,shortlisted_from_wordfreq_seed
wfpt-08131,mobile,,,8227,,shortlisted_from_wordfreq_seed
wfpt-08132,modalidades,,,8228,,shortlisted_from_wordfreq_seed
wfpt-08133,monarquia,,,8229,,shortlisted_from_wordfreq_seed
wfpt-08134,nasa,,,8230,,shortlisted_from_wordfreq_seed
wfpt-08135,nelas,,,8231,,shortlisted_from_wordfreq_seed
wfpt-08136,netos,,,8232,,shortlisted_from_wordfreq_seed
wfpt-08137,neymar,,,8233,,shortlisted_from_wordfreq_seed
wfpt-08139,nobres,,,8235,,shortlisted_from_wordfreq_seed
wfpt-08140,ocupando,,,8236,,shortlisted_from_wordfreq_seed
wfpt-08141,ombros,,,8237,,shortlisted_from_wordfreq_seed
wfpt-08142,ong,,,8238,,shortlisted_from_wordfreq_seed
wfpt-08143,only,,,8239,,shortlisted_from_wordfreq_seed
wfpt-08144,operadores,,,8240,,shortlisted_from_wordfreq_seed
wfpt-08145,oxford,,,8241,,shortlisted_from_wordfreq_seed
wfpt-08146,participado,,,8242,,shortlisted_from_wordfreq_seed
wfpt-08147,plenário,,,8243,,shortlisted_from_wordfreq_seed
wfpt-08148,postal,,,8244,,shortlisted_from_wordfreq_seed
wfpt-08149,prendeu,,,8245,,shortlisted_from_wordfreq_seed
wfpt-08150,preste,,,8246,,shortlisted_from_wordfreq_seed
wfpt-08151,prever,,,8247,,shortlisted_from_wordfreq_seed
wfpt-08152,projeção,,,8248,,shortlisted_from_wordfreq_seed
wfpt-08153,protegendo,,,8249,,shortlisted_from_wordfreq_seed
wfpt-08154,proteína,,,8250,,shortlisted_from_wordfreq_seed
wfpt-08155,provou,,,8251,,shortlisted_from_wordfreq_seed
wfpt-08156,raças,,,8252,,shortlisted_from_wordfreq_seed
wfpt-08157,recusar,,,8253,,shortlisted_from_wordfreq_seed
wfpt-08158,render,,,8254,,shortlisted_from_wordfreq_seed
wfpt-08159,repete,,,8255,,shortlisted_from_wordfreq_seed
wfpt-08160,retrata,,,8256,,shortlisted_from_wordfreq_seed
wfpt-08161,rodovias,,,8257,,shortlisted_from_wordfreq_seed
wfpt-08162,roque,,,8258,,shortlisted_from_wordfreq_seed
wfpt-08163,rosário,,,8259,,shortlisted_from_wordfreq_seed
wfpt-08164,ruído,,,8260,,shortlisted_from_wordfreq_seed
wfpt-08165,say,,,8261,,shortlisted_from_wordfreq_seed
wfpt-08166,shawn,,,8262,,shortlisted_from_wordfreq_seed
wfpt-08167,simpática,,,8263,,shortlisted_from_wordfreq_seed
wfpt-08168,sirva,,,8264,,shortlisted_from_wordfreq_seed
wfpt-08169,soa,,,8265,,shortlisted_from_wordfreq_seed
wfpt-08170,store,,,8266,,shortlisted_from_wordfreq_seed
wfpt-08171,temporadas,,,8267,,shortlisted_from_wordfreq_seed
wfpt-08172,temporal,,,8268,,shortlisted_from_wordfreq_seed
wfpt-08173,transtorno,,,8269,,shortlisted_from_wordfreq_seed
wfpt-08174,trazido,,,8270,,shortlisted_from_wordfreq_seed
wfpt-08175,turcos,,,8271,,shortlisted_from_wordfreq_seed
wfpt-08177,ultima,,,8273,,shortlisted_from_wordfreq_seed
wfpt-08178,variadas,,,8274,,shortlisted_from_wordfreq_seed
wfpt-08179,vcs,,,8275,,shortlisted_from_wordfreq_seed
wfpt-08180,vinham,,,8276,,shortlisted_from_wordfreq_seed
wfpt-08181,viviam,,,8277,,shortlisted_from_wordfreq_seed
wfpt-08182,votado,,,8278,,shortlisted_from_wordfreq_seed
wfpt-08183,vulnerável,,,8279,,shortlisted_from_wordfreq_seed
wfpt-08184,yang,,,8280,,shortlisted_from_wordfreq_seed
wfpt-08185,adotada,,,8281,,shortlisted_from_wordfreq_seed
wfpt-08186,agua,,,8282,,shortlisted_from_wordfreq_seed
wfpt-08187,aguarda,,,8283,,shortlisted_from_wordfreq_seed
wfpt-08188,aguento,,,8284,,shortlisted_from_wordfreq_seed
wfpt-08189,alicia,,,8285,,shortlisted_from_wordfreq_seed
wfpt-08190,andei,,,8286,,shortlisted_from_wordfreq_seed
wfpt-08191,apaixonados,,,8287,,shortlisted_from_wordfreq_seed
wfpt-08192,apanhado,,,8288,,shortlisted_from_wordfreq_seed
wfpt-08193,apresentadora,,,8289,,shortlisted_from_wordfreq_seed
wfpt-08194,assistiu,,,8290,,shortlisted_from_wordfreq_seed
wfpt-08195,atacaram,,,8291,,shortlisted_from_wordfreq_seed
wfpt-08196,auditoria,,,8292,,shortlisted_from_wordfreq_seed
wfpt-08197,bagagem,,,8293,,shortlisted_from_wordfreq_seed
wfpt-08198,bastos,,,8294,,shortlisted_from_wordfreq_seed
wfpt-08199,batatas,,,8295,,shortlisted_from_wordfreq_seed
wfpt-08200,bianca,,,8296,,shortlisted_from_wordfreq_seed
wfpt-08201,bio,,,8297,,shortlisted_from_wordfreq_seed
wfpt-08202,boom,,,8298,,shortlisted_from_wordfreq_seed
wfpt-08203,botar,,,8299,,shortlisted_from_wordfreq_seed
wfpt-08204,brinca,,,8300,,shortlisted_from_wordfreq_seed
wfpt-08205,bullying,,,8301,,shortlisted_from_wordfreq_seed
wfpt-08206,camarões,,,8302,,shortlisted_from_wordfreq_seed
wfpt-08207,cartola,,,8303,,shortlisted_from_wordfreq_seed
wfpt-08208,chelsea,,,8304,,shortlisted_from_wordfreq_seed
wfpt-08209,científicas,,,8305,,shortlisted_from_wordfreq_seed
wfpt-08210,citou,,,8306,,shortlisted_from_wordfreq_seed
wfpt-08211,colina,,,8307,,shortlisted_from_wordfreq_seed
wfpt-08212,comemorações,,,8308,,shortlisted_from_wordfreq_seed
wfpt-08213,comunitária,,,8309,,shortlisted_from_wordfreq_seed
wfpt-08214,conduzido,,,8310,,shortlisted_from_wordfreq_seed
wfpt-08215,confiante,,,8311,,shortlisted_from_wordfreq_seed
wfpt-08216,contei,,,8312,,shortlisted_from_wordfreq_seed
wfpt-08217,correia,,,8313,,shortlisted_from_wordfreq_seed
wfpt-08218,correios,,,8314,,shortlisted_from_wordfreq_seed
wfpt-08219,corruptos,,,8315,,shortlisted_from_wordfreq_seed
wfpt-08220,cortado,,,8316,,shortlisted_from_wordfreq_seed
wfpt-08221,custódia,,,8317,,shortlisted_from_wordfreq_seed
wfpt-08222,dark,,,8318,,shortlisted_from_wordfreq_seed
wfpt-08223,defendem,,,8319,,shortlisted_from_wordfreq_seed
wfpt-08224,deixá,,,8320,,shortlisted_from_wordfreq_seed
wfpt-08225,delícia,,,8321,,shortlisted_from_wordfreq_seed
wfpt-08226,dengue,,,8322,,shortlisted_from_wordfreq_seed
wfpt-08227,dirá,,,8323,,shortlisted_from_wordfreq_seed
wfpt-08228,disparar,,,8324,,shortlisted_from_wordfreq_seed
wfpt-08229,distintos,,,8325,,shortlisted_from_wordfreq_seed
wfpt-08230,dog,,,8326,,shortlisted_from_wordfreq_seed
wfpt-08231,efetivo,,,8327,,shortlisted_from_wordfreq_seed
wfpt-08232,eficácia,,,8328,,shortlisted_from_wordfreq_seed
wfpt-08233,encomenda,,,8329,,shortlisted_from_wordfreq_seed
wfpt-08234,entrado,,,8330,,shortlisted_from_wordfreq_seed
wfpt-08235,entregues,,,8331,,shortlisted_from_wordfreq_seed
wfpt-08236,exposto,,,8332,,shortlisted_from_wordfreq_seed
wfpt-08237,extraordinária,,,8333,,shortlisted_from_wordfreq_seed
wfpt-08238,falem,,,8334,,shortlisted_from_wordfreq_seed
wfpt-08239,ficasse,,,8335,,shortlisted_from_wordfreq_seed
wfpt-08240,fire,,,8336,,shortlisted_from_wordfreq_seed
wfpt-08241,fixe,,,8337,,shortlisted_from_wordfreq_seed
wfpt-08242,france,,,8338,,shortlisted_from_wordfreq_seed
wfpt-08243,fraqueza,,,8339,,shortlisted_from_wordfreq_seed
wfpt-08244,funcional,,,8340,,shortlisted_from_wordfreq_seed
wfpt-08245,galáxia,,,8341,,shortlisted_from_wordfreq_seed
wfpt-08246,geográfica,,,8342,,shortlisted_from_wordfreq_seed
wfpt-08247,gerador,,,8343,,shortlisted_from_wordfreq_seed
wfpt-08248,gospel,,,8344,,shortlisted_from_wordfreq_seed
wfpt-08249,grato,,,8345,,shortlisted_from_wordfreq_seed
wfpt-08250,grão,,,8346,,shortlisted_from_wordfreq_seed
wfpt-08251,hardware,,,8347,,shortlisted_from_wordfreq_seed
wfpt-08252,harris,,,8348,,shortlisted_from_wordfreq_seed
wfpt-08253,imaginário,,,8349,,shortlisted_from_wordfreq_seed
wfpt-08254,inscrever,,,8350,,shortlisted_from_wordfreq_seed
wfpt-08255,instância,,,8351,,shortlisted_from_wordfreq_seed
wfpt-08256,interrupção,,,8352,,shortlisted_from_wordfreq_seed
wfpt-08257,jogam,,,8353,,shortlisted_from_wordfreq_seed
wfpt-08258,justifica,,,8354,,shortlisted_from_wordfreq_seed
wfpt-08259,legítimo,,,8355,,shortlisted_from_wordfreq_seed
wfpt-08260,limita,,,8356,,shortlisted_from_wordfreq_seed
wfpt-08261,linguística,,,8357,,shortlisted_from_wordfreq_seed
wfpt-08262,livraria,,,8358,,shortlisted_from_wordfreq_seed
wfpt-08263,lúcia,,,8359,,shortlisted_from_wordfreq_seed
wfpt-08264,mera,,,8360,,shortlisted_from_wordfreq_seed
wfpt-08265,mergulho,,,8361,,shortlisted_from_wordfreq_seed
wfpt-08266,modificações,,,8362,,shortlisted_from_wordfreq_seed
wfpt-08267,morador,,,8363,,shortlisted_from_wordfreq_seed
wfpt-08268,motoristas,,,8364,,shortlisted_from_wordfreq_seed
wfpt-08269,mônica,,,8365,,shortlisted_from_wordfreq_seed
wfpt-08270,neo,,,8366,,shortlisted_from_wordfreq_seed
wfpt-08271,odiar,,,8367,,shortlisted_from_wordfreq_seed
wfpt-08272,operador,,,8368,,shortlisted_from_wordfreq_seed
wfpt-08273,organiza,,,8369,,shortlisted_from_wordfreq_seed
wfpt-08274,pareciam,,,8370,,shortlisted_from_wordfreq_seed
wfpt-08275,passadas,,,8371,,shortlisted_from_wordfreq_seed
wfpt-08276,percorrer,,,8372,,shortlisted_from_wordfreq_seed
wfpt-08277,perfeitos,,,8373,,shortlisted_from_wordfreq_seed
wfpt-08278,perigos,,,8374,,shortlisted_from_wordfreq_seed
wfpt-08279,piratas,,,8375,,shortlisted_from_wordfreq_seed
wfpt-08280,postando,,,8376,,shortlisted_from_wordfreq_seed
wfpt-08281,prende,,,8377,,shortlisted_from_wordfreq_seed
wfpt-08282,pássaro,,,8378,,shortlisted_from_wordfreq_seed
wfpt-08283,quebrada,,,8379,,shortlisted_from_wordfreq_seed
wfpt-08284,quebrando,,,8380,,shortlisted_from_wordfreq_seed
wfpt-08285,raras,,,8381,,shortlisted_from_wordfreq_seed
wfpt-08286,reclama,,,8382,,shortlisted_from_wordfreq_seed
wfpt-08287,recordar,,,8383,,shortlisted_from_wordfreq_seed
wfpt-08288,retomar,,,8384,,shortlisted_from_wordfreq_seed
wfpt-08289,reuters,,,8385,,shortlisted_from_wordfreq_seed
wfpt-08290,ricas,,,8386,,shortlisted_from_wordfreq_seed
wfpt-08291,rochas,,,8387,,shortlisted_from_wordfreq_seed
wfpt-08292,ronda,,,8388,,shortlisted_from_wordfreq_seed
wfpt-08293,ruínas,,,8389,,shortlisted_from_wordfreq_seed
wfpt-08294,schmidt,,,8390,,shortlisted_from_wordfreq_seed
wfpt-08295,see,,,8391,,shortlisted_from_wordfreq_seed
wfpt-08296,sejamos,,,8392,,shortlisted_from_wordfreq_seed
wfpt-08297,separadas,,,8393,,shortlisted_from_wordfreq_seed
wfpt-08298,soberano,,,8394,,shortlisted_from_wordfreq_seed
wfpt-08299,stress,,,8395,,shortlisted_from_wordfreq_seed
wfpt-08300,sucessão,,,8396,,shortlisted_from_wordfreq_seed
wfpt-08301,sudão,,,8397,,shortlisted_from_wordfreq_seed
wfpt-08302,sábio,,,8398,,shortlisted_from_wordfreq_seed
wfpt-08303,síntese,,,8399,,shortlisted_from_wordfreq_seed
wfpt-08304,tecnológica,,,8400,,shortlisted_from_wordfreq_seed
wfpt-08305,triunfo,,,8401,,shortlisted_from_wordfreq_seed
wfpt-08306,tática,,,8402,,shortlisted_from_wordfreq_seed
wfpt-08307,unida,,,8403,,shortlisted_from_wordfreq_seed
wfpt-08308,usem,,,8404,,shortlisted_from_wordfreq_seed
wfpt-08309,usos,,,8405,,shortlisted_from_wordfreq_seed
wfpt-08310,veste,,,8406,,shortlisted_from_wordfreq_seed
wfpt-08311,virando,,,8407,,shortlisted_from_wordfreq_seed
wfpt-08312,visíveis,,,8408,,shortlisted_from_wordfreq_seed
wfpt-08313,von,,,8409,,shortlisted_from_wordfreq_seed
wfpt-08314,vote,,,8410,,shortlisted_from_wordfreq_seed
wfpt-08315,workshop,,,8411,,shortlisted_from_wordfreq_seed
wfpt-08316,aborda,,,8412,,shortlisted_from_wordfreq_seed
wfpt-08317,acessíveis,,,8413,,shortlisted_from_wordfreq_seed
wfpt-08318,administrativas,,,8414,,shortlisted_from_wordfreq_seed
wfpt-08319,agradecimento,,,8415,,shortlisted_from_wordfreq_seed
wfpt-08320,albuquerque,,,8416,,shortlisted_from_wordfreq_seed
wfpt-08321,amorim,,,8417,,shortlisted_from_wordfreq_seed
wfpt-08322,amoroso,,,8418,,shortlisted_from_wordfreq_seed
wfpt-08323,ampliação,,,8419,,shortlisted_from_wordfreq_seed
wfpt-08324,analista,,,8420,,shortlisted_from_wordfreq_seed
wfpt-08325,antena,,,8421,,shortlisted_from_wordfreq_seed
wfpt-08326,arrancar,,,8422,,shortlisted_from_wordfreq_seed
wfpt-08327,arruda,,,8423,,shortlisted_from_wordfreq_seed
wfpt-08328,assumindo,,,8424,,shortlisted_from_wordfreq_seed
wfpt-08329,ativista,,,8425,,shortlisted_from_wordfreq_seed
wfpt-08330,audiências,,,8426,,shortlisted_from_wordfreq_seed
wfpt-08331,aurora,,,8427,,shortlisted_from_wordfreq_seed
wfpt-08332,australiano,,,8428,,shortlisted_from_wordfreq_seed
wfpt-08333,away,,,8429,,shortlisted_from_wordfreq_seed
wfpt-08334,bactérias,,,8430,,shortlisted_from_wordfreq_seed
wfpt-08335,balde,,,8431,,shortlisted_from_wordfreq_seed
wfpt-08336,baleado,,,8432,,shortlisted_from_wordfreq_seed
wfpt-08337,barão,,,8433,,shortlisted_from_wordfreq_seed
wfpt-08338,berço,,,8434,,shortlisted_from_wordfreq_seed
wfpt-08340,bruna,,,8436,,shortlisted_from_wordfreq_seed
wfpt-08341,bruxa,,,8437,,shortlisted_from_wordfreq_seed
wfpt-08342,caminhando,,,8438,,shortlisted_from_wordfreq_seed
wfpt-08343,cancelamento,,,8439,,shortlisted_from_wordfreq_seed
wfpt-08344,caçador,,,8440,,shortlisted_from_wordfreq_seed
wfpt-08345,cerrado,,,8441,,shortlisted_from_wordfreq_seed
wfpt-08346,chego,,,8442,,shortlisted_from_wordfreq_seed
wfpt-08347,colocadas,,,8443,,shortlisted_from_wordfreq_seed
wfpt-08348,colunas,,,8444,,shortlisted_from_wordfreq_seed
wfpt-08349,cometido,,,8445,,shortlisted_from_wordfreq_seed
wfpt-08350,compartilhamento,,,8446,,shortlisted_from_wordfreq_seed
wfpt-08351,complicações,,,8447,,shortlisted_from_wordfreq_seed
wfpt-08352,conduz,,,8448,,shortlisted_from_wordfreq_seed
wfpt-08353,conhecendo,,,8449,,shortlisted_from_wordfreq_seed
wfpt-08354,continuamos,,,8450,,shortlisted_from_wordfreq_seed
wfpt-08355,correspondência,,,8451,,shortlisted_from_wordfreq_seed
wfpt-08356,culpar,,,8452,,shortlisted_from_wordfreq_seed
wfpt-08357,curiosidades,,,8453,,shortlisted_from_wordfreq_seed
wfpt-08358,definiu,,,8454,,shortlisted_from_wordfreq_seed
wfpt-08359,demônios,,,8455,,shortlisted_from_wordfreq_seed
wfpt-08360,derivados,,,8456,,shortlisted_from_wordfreq_seed
wfpt-08361,derrotado,,,8457,,shortlisted_from_wordfreq_seed
wfpt-08362,desperdício,,,8458,,shortlisted_from_wordfreq_seed
wfpt-08363,deva,,,8459,,shortlisted_from_wordfreq_seed
wfpt-08364,devida,,,8460,,shortlisted_from_wordfreq_seed
wfpt-08365,disponibilidade,,,8461,,shortlisted_from_wordfreq_seed
wfpt-08366,disputas,,,8462,,shortlisted_from_wordfreq_seed
wfpt-08367,doer,,,8463,,shortlisted_from_wordfreq_seed
wfpt-08368,drake,,,8464,,shortlisted_from_wordfreq_seed
wfpt-08369,elevados,,,8465,,shortlisted_from_wordfreq_seed
wfpt-08370,ellen,,,8466,,shortlisted_from_wordfreq_seed
wfpt-08371,emitiu,,,8467,,shortlisted_from_wordfreq_seed
wfpt-08372,encerrado,,,8468,,shortlisted_from_wordfreq_seed
wfpt-08373,erva,,,8469,,shortlisted_from_wordfreq_seed
wfpt-08374,esquecimento,,,8470,,shortlisted_from_wordfreq_seed
wfpt-08375,estabeleceu,,,8471,,shortlisted_from_wordfreq_seed
wfpt-08376,estimativas,,,8472,,shortlisted_from_wordfreq_seed
wfpt-08377,exata,,,8473,,shortlisted_from_wordfreq_seed
wfpt-08378,extensa,,,8474,,shortlisted_from_wordfreq_seed
wfpt-08379,fabricantes,,,8475,,shortlisted_from_wordfreq_seed
wfpt-08380,falcão,,,8476,,shortlisted_from_wordfreq_seed
wfpt-08381,faltou,,,8477,,shortlisted_from_wordfreq_seed
wfpt-08382,fbi,,,8478,,shortlisted_from_wordfreq_seed
wfpt-08383,fibra,,,8479,,shortlisted_from_wordfreq_seed
wfpt-08384,filmagem,,,8480,,shortlisted_from_wordfreq_seed
wfpt-08385,firma,,,8481,,shortlisted_from_wordfreq_seed
wfpt-08386,fogos,,,8482,,shortlisted_from_wordfreq_seed
wfpt-08387,formatura,,,8483,,shortlisted_from_wordfreq_seed
wfpt-08388,frontal,,,8484,,shortlisted_from_wordfreq_seed
wfpt-08389,fugindo,,,8485,,shortlisted_from_wordfreq_seed
wfpt-08390,fundações,,,8486,,shortlisted_from_wordfreq_seed
wfpt-08391,globais,,,8487,,shortlisted_from_wordfreq_seed
wfpt-08392,gonçalo,,,8488,,shortlisted_from_wordfreq_seed
wfpt-08393,hipocrisia,,,8489,,shortlisted_from_wordfreq_seed
wfpt-08395,houston,,,8491,,shortlisted_from_wordfreq_seed
wfpt-08396,imobiliária,,,8492,,shortlisted_from_wordfreq_seed
wfpt-08397,imobiliário,,,8493,,shortlisted_from_wordfreq_seed
wfpt-08398,internacionalmente,,,8494,,shortlisted_from_wordfreq_seed
wfpt-08399,jurados,,,8495,,shortlisted_from_wordfreq_seed
wfpt-08400,lápis,,,8496,,shortlisted_from_wordfreq_seed
wfpt-08401,líbano,,,8497,,shortlisted_from_wordfreq_seed
wfpt-08402,lópez,,,8498,,shortlisted_from_wordfreq_seed
wfpt-08403,manifestar,,,8499,,shortlisted_from_wordfreq_seed
wfpt-08404,marília,,,8500,,shortlisted_from_wordfreq_seed
wfpt-08405,melhorou,,,8501,,shortlisted_from_wordfreq_seed
wfpt-08406,melissa,,,8502,,shortlisted_from_wordfreq_seed
wfpt-08407,menezes,,,8503,,shortlisted_from_wordfreq_seed
wfpt-08408,militante,,,8504,,shortlisted_from_wordfreq_seed
wfpt-08409,monge,,,8505,,shortlisted_from_wordfreq_seed
wfpt-08410,mundialmente,,,8506,,shortlisted_from_wordfreq_seed
wfpt-08411,next,,,8507,,shortlisted_from_wordfreq_seed
wfpt-08412,nojento,,,8508,,shortlisted_from_wordfreq_seed
wfpt-08413,norman,,,8509,,shortlisted_from_wordfreq_seed
wfpt-08414,numerosos,,,8510,,shortlisted_from_wordfreq_seed
wfpt-08415,organizadas,,,8511,,shortlisted_from_wordfreq_seed
wfpt-08416,parecendo,,,8512,,shortlisted_from_wordfreq_seed
wfpt-08417,partículas,,,8513,,shortlisted_from_wordfreq_seed
wfpt-08418,passará,,,8514,,shortlisted_from_wordfreq_seed
wfpt-08419,pensem,,,8515,,shortlisted_from_wordfreq_seed
wfpt-08420,percebem,,,8516,,shortlisted_from_wordfreq_seed
wfpt-08421,perdoe,,,8517,,shortlisted_from_wordfreq_seed
wfpt-08422,phil,,,8518,,shortlisted_from_wordfreq_seed
wfpt-08423,poderemos,,,8519,,shortlisted_from_wordfreq_seed
wfpt-08424,porcentagem,,,8520,,shortlisted_from_wordfreq_seed
wfpt-08425,preferida,,,8521,,shortlisted_from_wordfreq_seed
wfpt-08426,privilégios,,,8522,,shortlisted_from_wordfreq_seed
wfpt-08427,procurei,,,8523,,shortlisted_from_wordfreq_seed
wfpt-08428,promoveu,,,8524,,shortlisted_from_wordfreq_seed
wfpt-08429,prosperidade,,,8525,,shortlisted_from_wordfreq_seed
wfpt-08430,protetor,,,8526,,shortlisted_from_wordfreq_seed
wfpt-08431,químicas,,,8527,,shortlisted_from_wordfreq_seed
wfpt-08432,químico,,,8528,,shortlisted_from_wordfreq_seed
wfpt-08433,recorrente,,,8529,,shortlisted_from_wordfreq_seed
wfpt-08434,refeições,,,8530,,shortlisted_from_wordfreq_seed
wfpt-08435,registra,,,8531,,shortlisted_from_wordfreq_seed
wfpt-08436,regressar,,,8532,,shortlisted_from_wordfreq_seed
wfpt-08437,relativos,,,8533,,shortlisted_from_wordfreq_seed
wfpt-08438,repertório,,,8534,,shortlisted_from_wordfreq_seed
wfpt-08439,respira,,,8535,,shortlisted_from_wordfreq_seed
wfpt-08440,reuniram,,,8536,,shortlisted_from_wordfreq_seed
wfpt-08441,rituais,,,8537,,shortlisted_from_wordfreq_seed
wfpt-08442,rostos,,,8538,,shortlisted_from_wordfreq_seed
wfpt-08443,setenta,,,8540,,shortlisted_from_wordfreq_seed
wfpt-08444,soco,,,8541,,shortlisted_from_wordfreq_seed
wfpt-08445,solitário,,,8542,,shortlisted_from_wordfreq_seed
wfpt-08446,sorrindo,,,8543,,shortlisted_from_wordfreq_seed
wfpt-08447,sotaque,,,8544,,shortlisted_from_wordfreq_seed
wfpt-08448,spencer,,,8545,,shortlisted_from_wordfreq_seed
wfpt-08450,sólida,,,8547,,shortlisted_from_wordfreq_seed
wfpt-08451,teologia,,,8548,,shortlisted_from_wordfreq_seed
wfpt-08452,toa,,,8549,,shortlisted_from_wordfreq_seed
wfpt-08453,traseira,,,8550,,shortlisted_from_wordfreq_seed
wfpt-08454,tronco,,,8551,,shortlisted_from_wordfreq_seed
wfpt-08455,valorização,,,8552,,shortlisted_from_wordfreq_seed
wfpt-08456,vasto,,,8553,,shortlisted_from_wordfreq_seed
wfpt-08457,vegetal,,,8554,,shortlisted_from_wordfreq_seed
wfpt-08458,verificação,,,8555,,shortlisted_from_wordfreq_seed
wfpt-08459,vestibular,,,8556,,shortlisted_from_wordfreq_seed
wfpt-08460,viajantes,,,8557,,shortlisted_from_wordfreq_seed
wfpt-08461,vinicius,,,8558,,shortlisted_from_wordfreq_seed
wfpt-08462,voltamos,,,8559,,shortlisted_from_wordfreq_seed
wfpt-08463,vossos,,,8560,,shortlisted_from_wordfreq_seed
wfpt-08464,wallace,,,8561,,shortlisted_from_wordfreq_seed
wfpt-08465,wolf,,,8562,,shortlisted_from_wordfreq_seed
wfpt-08466,yuri,,,8563,,shortlisted_from_wordfreq_seed
wfpt-08467,aaron,,,8564,,shortlisted_from_wordfreq_seed
wfpt-08468,adição,,,8565,,shortlisted_from_wordfreq_seed
wfpt-08469,adotou,,,8566,,shortlisted_from_wordfreq_seed
wfpt-08470,adquirido,,,8567,,shortlisted_from_wordfreq_seed
wfpt-08471,adriana,,,8568,,shortlisted_from_wordfreq_seed
wfpt-08472,after,,,8569,,shortlisted_from_wordfreq_seed
wfpt-08473,aguardar,,,8570,,shortlisted_from_wordfreq_seed
wfpt-08474,alho,,,8571,,shortlisted_from_wordfreq_seed
wfpt-08475,apaixonar,,,8572,,shortlisted_from_wordfreq_seed
wfpt-08476,apontado,,,8573,,shortlisted_from_wordfreq_seed
wfpt-08477,aproximando,,,8574,,shortlisted_from_wordfreq_seed
wfpt-08478,ativamente,,,8575,,shortlisted_from_wordfreq_seed
wfpt-08479,bay,,,8576,,shortlisted_from_wordfreq_seed
wfpt-08480,bicicletas,,,8577,,shortlisted_from_wordfreq_seed
wfpt-08481,body,,,8578,,shortlisted_from_wordfreq_seed
wfpt-08482,bond,,,8579,,shortlisted_from_wordfreq_seed
wfpt-08483,borboleta,,,8580,,shortlisted_from_wordfreq_seed
wfpt-08484,buscas,,,8581,,shortlisted_from_wordfreq_seed
wfpt-08485,cabine,,,8582,,shortlisted_from_wordfreq_seed
wfpt-08486,cabos,,,8583,,shortlisted_from_wordfreq_seed
wfpt-08487,camponeses,,,8584,,shortlisted_from_wordfreq_seed
wfpt-08488,cantores,,,8585,,shortlisted_from_wordfreq_seed
wfpt-08489,capturado,,,8586,,shortlisted_from_wordfreq_seed
wfpt-08490,chamamos,,,8587,,shortlisted_from_wordfreq_seed
wfpt-08491,clã,,,8588,,shortlisted_from_wordfreq_seed
wfpt-08492,coloco,,,8589,,shortlisted_from_wordfreq_seed
wfpt-08493,colorado,,,8590,,shortlisted_from_wordfreq_seed
wfpt-08494,condado,,,8591,,shortlisted_from_wordfreq_seed
wfpt-08495,condutor,,,8592,,shortlisted_from_wordfreq_seed
wfpt-08496,constituído,,,8593,,shortlisted_from_wordfreq_seed
wfpt-08497,crescem,,,8594,,shortlisted_from_wordfreq_seed
wfpt-08498,cristianismo,,,8595,,shortlisted_from_wordfreq_seed
wfpt-08499,cunhado,,,8596,,shortlisted_from_wordfreq_seed
wfpt-08500,curtos,,,8597,,shortlisted_from_wordfreq_seed
wfpt-08501,cálculos,,,8598,,shortlisted_from_wordfreq_seed
wfpt-08502,daniela,,,8599,,shortlisted_from_wordfreq_seed
wfpt-08503,decisivo,,,8600,,shortlisted_from_wordfreq_seed
wfpt-08504,definidas,,,8601,,shortlisted_from_wordfreq_seed
wfpt-08505,definidos,,,8602,,shortlisted_from_wordfreq_seed
wfpt-08506,densidade,,,8603,,shortlisted_from_wordfreq_seed
wfpt-08507,desapareceram,,,8604,,shortlisted_from_wordfreq_seed
wfpt-08508,desconhecidos,,,8605,,shortlisted_from_wordfreq_seed
wfpt-08509,destruindo,,,8606,,shortlisted_from_wordfreq_seed
wfpt-08510,dick,,,8607,,shortlisted_from_wordfreq_seed
wfpt-08511,diminui,,,8608,,shortlisted_from_wordfreq_seed
wfpt-08512,dirigente,,,8609,,shortlisted_from_wordfreq_seed
wfpt-08513,distribuído,,,8610,,shortlisted_from_wordfreq_seed
wfpt-08514,ditado,,,8611,,shortlisted_from_wordfreq_seed
wfpt-08515,divididos,,,8612,,shortlisted_from_wordfreq_seed
wfpt-08516,diálogos,,,8613,,shortlisted_from_wordfreq_seed
wfpt-08517,dourada,,,8614,,shortlisted_from_wordfreq_seed
wfpt-08518,encarregado,,,8615,,shortlisted_from_wordfreq_seed
wfpt-08519,encerrou,,,8616,,shortlisted_from_wordfreq_seed
wfpt-08520,esferas,,,8617,,shortlisted_from_wordfreq_seed
wfpt-08521,estratégica,,,8618,,shortlisted_from_wordfreq_seed
wfpt-08522,exemplar,,,8619,,shortlisted_from_wordfreq_seed
wfpt-08523,exemplares,,,8620,,shortlisted_from_wordfreq_seed
wfpt-08524,faces,,,8621,,shortlisted_from_wordfreq_seed
wfpt-08525,factos,,,8622,,shortlisted_from_wordfreq_seed
wfpt-08526,falas,,,8623,,shortlisted_from_wordfreq_seed
wfpt-08527,fidelidade,,,8624,,shortlisted_from_wordfreq_seed
wfpt-08528,filósofo,,,8625,,shortlisted_from_wordfreq_seed
wfpt-08529,finalistas,,,8626,,shortlisted_from_wordfreq_seed
wfpt-08530,garantido,,,8628,,shortlisted_from_wordfreq_seed
wfpt-08531,garantindo,,,8629,,shortlisted_from_wordfreq_seed
wfpt-08532,governadores,,,8630,,shortlisted_from_wordfreq_seed
wfpt-08533,greg,,,8631,,shortlisted_from_wordfreq_seed
wfpt-08534,gritou,,,8632,,shortlisted_from_wordfreq_seed
wfpt-08535,grã,,,8633,,shortlisted_from_wordfreq_seed
wfpt-08536,hierarquia,,,8634,,shortlisted_from_wordfreq_seed
wfpt-08537,higiene,,,8635,,shortlisted_from_wordfreq_seed
wfpt-08538,improvável,,,8636,,shortlisted_from_wordfreq_seed
wfpt-08539,inconsciente,,,8637,,shortlisted_from_wordfreq_seed
wfpt-08540,intimidade,,,8638,,shortlisted_from_wordfreq_seed
wfpt-08541,inédita,,,8639,,shortlisted_from_wordfreq_seed
wfpt-08542,júlia,,,8640,,shortlisted_from_wordfreq_seed
wfpt-08543,lagoas,,,8641,,shortlisted_from_wordfreq_seed
wfpt-08544,leonard,,,8642,,shortlisted_from_wordfreq_seed
wfpt-08545,liam,,,8643,,shortlisted_from_wordfreq_seed
wfpt-08546,lourenço,,,8644,,shortlisted_from_wordfreq_seed
wfpt-08547,maldade,,,8645,,shortlisted_from_wordfreq_seed
wfpt-08548,manchete,,,8646,,shortlisted_from_wordfreq_seed
wfpt-08549,mexendo,,,8647,,shortlisted_from_wordfreq_seed
wfpt-08550,milton,,,8648,,shortlisted_from_wordfreq_seed
wfpt-08551,misteriosa,,,8649,,shortlisted_from_wordfreq_seed
wfpt-08552,monges,,,8650,,shortlisted_from_wordfreq_seed
wfpt-08553,morra,,,8651,,shortlisted_from_wordfreq_seed
wfpt-08554,mortalidade,,,8652,,shortlisted_from_wordfreq_seed
wfpt-08555,mosquito,,,8653,,shortlisted_from_wordfreq_seed
wfpt-08556,médias,,,8654,,shortlisted_from_wordfreq_seed
wfpt-08557,naval,,,8655,,shortlisted_from_wordfreq_seed
wfpt-08558,noruega,,,8656,,shortlisted_from_wordfreq_seed
wfpt-08559,obrigar,,,8657,,shortlisted_from_wordfreq_seed
wfpt-08560,obtidos,,,8658,,shortlisted_from_wordfreq_seed
wfpt-08561,okay,,,8659,,shortlisted_from_wordfreq_seed
wfpt-08562,ola,,,8660,,shortlisted_from_wordfreq_seed
wfpt-08563,optou,,,8661,,shortlisted_from_wordfreq_seed
wfpt-08564,patrulha,,,8662,,shortlisted_from_wordfreq_seed
wfpt-08565,pec,,,8663,,shortlisted_from_wordfreq_seed
wfpt-08566,perseguir,,,8664,,shortlisted_from_wordfreq_seed
wfpt-08567,pesados,,,8665,,shortlisted_from_wordfreq_seed
wfpt-08568,plenamente,,,8666,,shortlisted_from_wordfreq_seed
wfpt-08569,polônia,,,8667,,shortlisted_from_wordfreq_seed
wfpt-08570,postagens,,,8668,,shortlisted_from_wordfreq_seed
wfpt-08571,preliminar,,,8669,,shortlisted_from_wordfreq_seed
wfpt-08572,prepare,,,8670,,shortlisted_from_wordfreq_seed
wfpt-08573,presidenciais,,,8671,,shortlisted_from_wordfreq_seed
wfpt-08574,previdência,,,8672,,shortlisted_from_wordfreq_seed
wfpt-08575,promocional,,,8673,,shortlisted_from_wordfreq_seed
wfpt-08576,prosseguir,,,8674,,shortlisted_from_wordfreq_seed
wfpt-08577,realista,,,8675,,shortlisted_from_wordfreq_seed
wfpt-08578,reeleição,,,8676,,shortlisted_from_wordfreq_seed
wfpt-08579,regulação,,,8677,,shortlisted_from_wordfreq_seed
wfpt-08580,remoto,,,8678,,shortlisted_from_wordfreq_seed
wfpt-08581,retratos,,,8679,,shortlisted_from_wordfreq_seed
wfpt-08582,robôs,,,8680,,shortlisted_from_wordfreq_seed
wfpt-08583,run,,,8681,,shortlisted_from_wordfreq_seed
wfpt-08584,ruth,,,8682,,shortlisted_from_wordfreq_seed
wfpt-08585,sacerdote,,,8683,,shortlisted_from_wordfreq_seed
wfpt-08586,secar,,,8684,,shortlisted_from_wordfreq_seed
wfpt-08587,sequestro,,,8685,,shortlisted_from_wordfreq_seed
wfpt-08588,simpático,,,8686,,shortlisted_from_wordfreq_seed
wfpt-08589,sin,,,8687,,shortlisted_from_wordfreq_seed
wfpt-08590,sincera,,,8688,,shortlisted_from_wordfreq_seed
wfpt-08591,softwares,,,8689,,shortlisted_from_wordfreq_seed
wfpt-08592,sos,,,8690,,shortlisted_from_wordfreq_seed
wfpt-08593,square,,,8691,,shortlisted_from_wordfreq_seed
wfpt-08594,sugerindo,,,8692,,shortlisted_from_wordfreq_seed
wfpt-08595,susto,,,8693,,shortlisted_from_wordfreq_seed
wfpt-08596,tapa,,,8694,,shortlisted_from_wordfreq_seed
wfpt-08597,tecnológico,,,8695,,shortlisted_from_wordfreq_seed
wfpt-08598,tel,,,8696,,shortlisted_from_wordfreq_seed
wfpt-08599,telas,,,8697,,shortlisted_from_wordfreq_seed
wfpt-08600,terríveis,,,8698,,shortlisted_from_wordfreq_seed
wfpt-08601,three,,,8699,,shortlisted_from_wordfreq_seed
wfpt-08602,torcedor,,,8700,,shortlisted_from_wordfreq_seed
wfpt-08603,tremendo,,,8701,,shortlisted_from_wordfreq_seed
wfpt-08604,vagina,,,8702,,shortlisted_from_wordfreq_seed
wfpt-08605,verem,,,8703,,shortlisted_from_wordfreq_seed
wfpt-08606,vovó,,,8704,,shortlisted_from_wordfreq_seed
wfpt-08607,válida,,,8705,,shortlisted_from_wordfreq_seed
wfpt-08608,wesley,,,8706,,shortlisted_from_wordfreq_seed
wfpt-08609,áustria,,,8707,,shortlisted_from_wordfreq_seed
wfpt-08610,ópera,,,8708,,shortlisted_from_wordfreq_seed
wfpt-08611,útero,,,8709,,shortlisted_from_wordfreq_seed
wfpt-08612,adeptos,,,8710,,shortlisted_from_wordfreq_seed
wfpt-08613,agradece,,,8711,,shortlisted_from_wordfreq_seed
wfpt-08614,alarme,,,8712,,shortlisted_from_wordfreq_seed
wfpt-08615,alimenta,,,8713,,shortlisted_from_wordfreq_seed
wfpt-08616,animados,,,8714,,shortlisted_from_wordfreq_seed
wfpt-08617,apuração,,,8715,,shortlisted_from_wordfreq_seed
wfpt-08618,ata,,,8716,,shortlisted_from_wordfreq_seed
wfpt-08619,atuou,,,8717,,shortlisted_from_wordfreq_seed
wfpt-08620,avaliações,,,8718,,shortlisted_from_wordfreq_seed
wfpt-08621,banner,,,8719,,shortlisted_from_wordfreq_seed
wfpt-08622,baterias,,,8720,,shortlisted_from_wordfreq_seed
wfpt-08623,bebé,,,8721,,shortlisted_from_wordfreq_seed
wfpt-08624,bin,,,8722,,shortlisted_from_wordfreq_seed
wfpt-08625,blusa,,,8723,,shortlisted_from_wordfreq_seed
wfpt-08626,borda,,,8724,,shortlisted_from_wordfreq_seed
wfpt-08627,bota,,,8725,,shortlisted_from_wordfreq_seed
wfpt-08628,cachoeira,,,8726,,shortlisted_from_wordfreq_seed
wfpt-08629,carmen,,,8728,,shortlisted_from_wordfreq_seed
wfpt-08630,cessar,,,8729,,shortlisted_from_wordfreq_seed
wfpt-08631,chora,,,8730,,shortlisted_from_wordfreq_seed
wfpt-08632,ciclos,,,8731,,shortlisted_from_wordfreq_seed
wfpt-08633,ciente,,,8732,,shortlisted_from_wordfreq_seed
wfpt-08634,cine,,,8733,,shortlisted_from_wordfreq_seed
wfpt-08635,citada,,,8734,,shortlisted_from_wordfreq_seed
wfpt-08636,cobrança,,,8735,,shortlisted_from_wordfreq_seed
wfpt-08637,columbia,,,8736,,shortlisted_from_wordfreq_seed
wfpt-08638,comissões,,,8737,,shortlisted_from_wordfreq_seed
wfpt-08639,comité,,,8738,,shortlisted_from_wordfreq_seed
wfpt-08640,compara,,,8739,,shortlisted_from_wordfreq_seed
wfpt-08641,confundir,,,8740,,shortlisted_from_wordfreq_seed
wfpt-08642,consideravelmente,,,8741,,shortlisted_from_wordfreq_seed
wfpt-08643,continuamente,,,8742,,shortlisted_from_wordfreq_seed
wfpt-08644,convencionais,,,8743,,shortlisted_from_wordfreq_seed
wfpt-08645,conveniente,,,8744,,shortlisted_from_wordfreq_seed
wfpt-08646,corretor,,,8745,,shortlisted_from_wordfreq_seed
wfpt-08647,deitado,,,8746,,shortlisted_from_wordfreq_seed
wfpt-08648,delegados,,,8747,,shortlisted_from_wordfreq_seed
wfpt-08649,demonstram,,,8748,,shortlisted_from_wordfreq_seed
wfpt-08650,demos,,,8749,,shortlisted_from_wordfreq_seed
wfpt-08651,depósitos,,,8750,,shortlisted_from_wordfreq_seed
wfpt-08652,descrita,,,8751,,shortlisted_from_wordfreq_seed
wfpt-08653,desenvolvidas,,,8752,,shortlisted_from_wordfreq_seed
wfpt-08654,desesperada,,,8753,,shortlisted_from_wordfreq_seed
wfpt-08655,desesperado,,,8754,,shortlisted_from_wordfreq_seed
wfpt-08656,disciplinas,,,8755,,shortlisted_from_wordfreq_seed
wfpt-08657,docente,,,8756,,shortlisted_from_wordfreq_seed
wfpt-08658,doida,,,8757,,shortlisted_from_wordfreq_seed
wfpt-08659,dramática,,,8758,,shortlisted_from_wordfreq_seed
wfpt-08660,elétricos,,,8759,,shortlisted_from_wordfreq_seed
wfpt-08661,emitido,,,8760,,shortlisted_from_wordfreq_seed
wfpt-08662,encerra,,,8761,,shortlisted_from_wordfreq_seed
wfpt-08663,espionagem,,,8762,,shortlisted_from_wordfreq_seed
wfpt-08664,estadia,,,8763,,shortlisted_from_wordfreq_seed
wfpt-08665,etiópia,,,8764,,shortlisted_from_wordfreq_seed
wfpt-08666,evangélica,,,8765,,shortlisted_from_wordfreq_seed
wfpt-08667,evitando,,,8766,,shortlisted_from_wordfreq_seed
wfpt-08668,exagero,,,8767,,shortlisted_from_wordfreq_seed
wfpt-08669,explicado,,,8768,,shortlisted_from_wordfreq_seed
wfpt-08670,fechando,,,8769,,shortlisted_from_wordfreq_seed
wfpt-08671,fiscalização,,,8770,,shortlisted_from_wordfreq_seed
wfpt-08672,florida,,,8771,,shortlisted_from_wordfreq_seed
wfpt-08673,foca,,,8772,,shortlisted_from_wordfreq_seed
wfpt-08674,formados,,,8773,,shortlisted_from_wordfreq_seed
wfpt-08675,futsal,,,8774,,shortlisted_from_wordfreq_seed
wfpt-08676,garcía,,,8775,,shortlisted_from_wordfreq_seed
wfpt-08677,golfe,,,8776,,shortlisted_from_wordfreq_seed
wfpt-08678,gostando,,,8777,,shortlisted_from_wordfreq_seed
wfpt-08679,grita,,,8778,,shortlisted_from_wordfreq_seed
wfpt-08680,guiana,,,8779,,shortlisted_from_wordfreq_seed
wfpt-08681,haiti,,,8780,,shortlisted_from_wordfreq_seed
wfpt-08682,imunidade,,,8781,,shortlisted_from_wordfreq_seed
wfpt-08683,jake,,,8782,,shortlisted_from_wordfreq_seed
wfpt-08684,joelhos,,,8783,,shortlisted_from_wordfreq_seed
wfpt-08685,julie,,,8784,,shortlisted_from_wordfreq_seed
wfpt-08686,laboratórios,,,8785,,shortlisted_from_wordfreq_seed
wfpt-08687,macedo,,,8786,,shortlisted_from_wordfreq_seed
wfpt-08688,melhorando,,,8787,,shortlisted_from_wordfreq_seed
wfpt-08689,metais,,,8788,,shortlisted_from_wordfreq_seed
wfpt-08690,misto,,,8789,,shortlisted_from_wordfreq_seed
wfpt-08691,morumbi,,,8790,,shortlisted_from_wordfreq_seed
wfpt-08692,munição,,,8791,,shortlisted_from_wordfreq_seed
wfpt-08693,niterói,,,8792,,shortlisted_from_wordfreq_seed
wfpt-08694,nojo,,,8793,,shortlisted_from_wordfreq_seed
wfpt-08695,participe,,,8794,,shortlisted_from_wordfreq_seed
wfpt-08696,passem,,,8796,,shortlisted_from_wordfreq_seed
wfpt-08697,perceberam,,,8797,,shortlisted_from_wordfreq_seed
wfpt-08698,perigosos,,,8798,,shortlisted_from_wordfreq_seed
wfpt-08699,plantar,,,8799,,shortlisted_from_wordfreq_seed
wfpt-08700,podcast,,,8800,,shortlisted_from_wordfreq_seed
wfpt-08701,poderosas,,,8801,,shortlisted_from_wordfreq_seed
wfpt-08702,precedentes,,,8802,,shortlisted_from_wordfreq_seed
wfpt-08703,pressionar,,,8803,,shortlisted_from_wordfreq_seed
wfpt-08704,proporções,,,8804,,shortlisted_from_wordfreq_seed
wfpt-08705,proveniente,,,8805,,shortlisted_from_wordfreq_seed
wfpt-08707,queimado,,,8807,,shortlisted_from_wordfreq_seed
wfpt-08708,racional,,,8808,,shortlisted_from_wordfreq_seed
wfpt-08709,reconhecidos,,,8809,,shortlisted_from_wordfreq_seed
wfpt-08710,resultante,,,8810,,shortlisted_from_wordfreq_seed
wfpt-08711,reza,,,8811,,shortlisted_from_wordfreq_seed
wfpt-08712,rolar,,,8812,,shortlisted_from_wordfreq_seed
wfpt-08713,russell,,,8813,,shortlisted_from_wordfreq_seed
wfpt-08714,saraiva,,,8814,,shortlisted_from_wordfreq_seed
wfpt-08715,sebastian,,,8815,,shortlisted_from_wordfreq_seed
wfpt-08716,semanais,,,8816,,shortlisted_from_wordfreq_seed
wfpt-08717,senhoras,,,8817,,shortlisted_from_wordfreq_seed
wfpt-08718,sensual,,,8818,,shortlisted_from_wordfreq_seed
wfpt-08719,singapura,,,8819,,shortlisted_from_wordfreq_seed
wfpt-08720,solicitar,,,8820,,shortlisted_from_wordfreq_seed
wfpt-08721,solicitou,,,8821,,shortlisted_from_wordfreq_seed
wfpt-08722,son,,,8822,,shortlisted_from_wordfreq_seed
wfpt-08723,sonhei,,,8823,,shortlisted_from_wordfreq_seed
wfpt-08724,sony,,,8824,,shortlisted_from_wordfreq_seed
wfpt-08725,sophia,,,8825,,shortlisted_from_wordfreq_seed
wfpt-08726,stand,,,8826,,shortlisted_from_wordfreq_seed
wfpt-08727,sydney,,,8827,,shortlisted_from_wordfreq_seed
wfpt-08729,sétimo,,,8829,,shortlisted_from_wordfreq_seed
wfpt-08730,tensões,,,8830,,shortlisted_from_wordfreq_seed
wfpt-08731,tijuca,,,8831,,shortlisted_from_wordfreq_seed
wfpt-08732,trate,,,8832,,shortlisted_from_wordfreq_seed
wfpt-08733,under,,,8833,,shortlisted_from_wordfreq_seed
wfpt-08734,urnas,,,8834,,shortlisted_from_wordfreq_seed
wfpt-08735,vaso,,,8835,,shortlisted_from_wordfreq_seed
wfpt-08736,vendida,,,8836,,shortlisted_from_wordfreq_seed
wfpt-08737,verso,,,8837,,shortlisted_from_wordfreq_seed
wfpt-08738,veteranos,,,8838,,shortlisted_from_wordfreq_seed
wfpt-08739,viciado,,,8839,,shortlisted_from_wordfreq_seed
wfpt-08740,vii,,,8840,,shortlisted_from_wordfreq_seed
wfpt-08741,walt,,,8841,,shortlisted_from_wordfreq_seed
wfpt-08742,years,,,8842,,shortlisted_from_wordfreq_seed
wfpt-08743,águia,,,8843,,shortlisted_from_wordfreq_seed
wfpt-08744,aceleração,,,8844,,shortlisted_from_wordfreq_seed
wfpt-08745,agrada,,,8845,,shortlisted_from_wordfreq_seed
wfpt-08746,algarve,,,8846,,shortlisted_from_wordfreq_seed
wfpt-08747,alumínio,,,8847,,shortlisted_from_wordfreq_seed
wfpt-08748,ann,,,8848,,shortlisted_from_wordfreq_seed
wfpt-08749,aposentado,,,8849,,shortlisted_from_wordfreq_seed
wfpt-08750,assessoria,,,8850,,shortlisted_from_wordfreq_seed
wfpt-08751,assiste,,,8851,,shortlisted_from_wordfreq_seed
wfpt-08752,atraiu,,,8852,,shortlisted_from_wordfreq_seed
wfpt-08753,atrapalhar,,,8853,,shortlisted_from_wordfreq_seed
wfpt-08754,aumentam,,,8854,,shortlisted_from_wordfreq_seed
wfpt-08755,ball,,,8855,,shortlisted_from_wordfreq_seed
wfpt-08756,baratas,,,8856,,shortlisted_from_wordfreq_seed
wfpt-08757,bata,,,8857,,shortlisted_from_wordfreq_seed
wfpt-08758,caem,,,8858,,shortlisted_from_wordfreq_seed
wfpt-08759,cansei,,,8859,,shortlisted_from_wordfreq_seed
wfpt-08760,caracteriza,,,8860,,shortlisted_from_wordfreq_seed
wfpt-08761,ceo,,,8861,,shortlisted_from_wordfreq_seed
wfpt-08762,chan,,,8862,,shortlisted_from_wordfreq_seed
wfpt-08763,chegarem,,,8863,,shortlisted_from_wordfreq_seed
wfpt-08764,comparando,,,8864,,shortlisted_from_wordfreq_seed
wfpt-08765,comparecer,,,8865,,shortlisted_from_wordfreq_seed
wfpt-08766,compartilhe,,,8866,,shortlisted_from_wordfreq_seed
wfpt-08767,concertos,,,8867,,shortlisted_from_wordfreq_seed
wfpt-08768,condomínio,,,8868,,shortlisted_from_wordfreq_seed
wfpt-08769,confissão,,,8869,,shortlisted_from_wordfreq_seed
wfpt-08770,constitucionais,,,8870,,shortlisted_from_wordfreq_seed
wfpt-08771,contaminação,,,8871,,shortlisted_from_wordfreq_seed
wfpt-08772,cortada,,,8872,,shortlisted_from_wordfreq_seed
wfpt-08773,cotas,,,8873,,shortlisted_from_wordfreq_seed
wfpt-08774,craig,,,8874,,shortlisted_from_wordfreq_seed
wfpt-08775,croácia,,,8875,,shortlisted_from_wordfreq_seed
wfpt-08776,daily,,,8876,,shortlisted_from_wordfreq_seed
wfpt-08777,degradação,,,8877,,shortlisted_from_wordfreq_seed
wfpt-08778,democratas,,,8878,,shortlisted_from_wordfreq_seed
wfpt-08779,deriva,,,8879,,shortlisted_from_wordfreq_seed
wfpt-08780,desviar,,,8880,,shortlisted_from_wordfreq_seed
wfpt-08781,diesel,,,8881,,shortlisted_from_wordfreq_seed
wfpt-08782,dificil,,,8882,,shortlisted_from_wordfreq_seed
wfpt-08783,disponibiliza,,,8883,,shortlisted_from_wordfreq_seed
wfpt-08784,disponibilizado,,,8884,,shortlisted_from_wordfreq_seed
wfpt-08785,divisões,,,8885,,shortlisted_from_wordfreq_seed
wfpt-08786,elogio,,,8886,,shortlisted_from_wordfreq_seed
wfpt-08787,emissões,,,8887,,shortlisted_from_wordfreq_seed
wfpt-08788,emitir,,,8888,,shortlisted_from_wordfreq_seed
wfpt-08789,empreendedores,,,8889,,shortlisted_from_wordfreq_seed
wfpt-08790,english,,,8890,,shortlisted_from_wordfreq_seed
wfpt-08791,escape,,,8891,,shortlisted_from_wordfreq_seed
wfpt-08792,esposas,,,8892,,shortlisted_from_wordfreq_seed
wfpt-08793,ever,,,8893,,shortlisted_from_wordfreq_seed
wfpt-08794,excluir,,,8894,,shortlisted_from_wordfreq_seed
wfpt-08795,exposta,,,8895,,shortlisted_from_wordfreq_seed
wfpt-08796,fascinante,,,8896,,shortlisted_from_wordfreq_seed
wfpt-08797,fazes,,,8897,,shortlisted_from_wordfreq_seed
wfpt-08798,felix,,,8898,,shortlisted_from_wordfreq_seed
wfpt-08799,femininos,,,8899,,shortlisted_from_wordfreq_seed
wfpt-08800,fitas,,,8900,,shortlisted_from_wordfreq_seed
wfpt-08801,forró,,,8901,,shortlisted_from_wordfreq_seed
wfpt-08802,gaúcha,,,8902,,shortlisted_from_wordfreq_seed
wfpt-08803,gentileza,,,8903,,shortlisted_from_wordfreq_seed
wfpt-08804,god,,,8904,,shortlisted_from_wordfreq_seed
wfpt-08805,grata,,,8905,,shortlisted_from_wordfreq_seed
wfpt-08806,guias,,,8906,,shortlisted_from_wordfreq_seed
wfpt-08807,homossexual,,,8907,,shortlisted_from_wordfreq_seed
wfpt-08808,honduras,,,8908,,shortlisted_from_wordfreq_seed
wfpt-08809,humildade,,,8909,,shortlisted_from_wordfreq_seed
wfpt-08810,impresso,,,8910,,shortlisted_from_wordfreq_seed
wfpt-08811,incrivelmente,,,8911,,shortlisted_from_wordfreq_seed
wfpt-08812,intervenções,,,8912,,shortlisted_from_wordfreq_seed
wfpt-08813,israelense,,,8913,,shortlisted_from_wordfreq_seed
wfpt-08814,jamie,,,8914,,shortlisted_from_wordfreq_seed
wfpt-08815,juntaram,,,8915,,shortlisted_from_wordfreq_seed
wfpt-08816,jura,,,8916,,shortlisted_from_wordfreq_seed
wfpt-08817,karl,,,8917,,shortlisted_from_wordfreq_seed
wfpt-08818,ken,,,8918,,shortlisted_from_wordfreq_seed
wfpt-08819,lutam,,,8919,,shortlisted_from_wordfreq_seed
wfpt-08820,manchas,,,8920,,shortlisted_from_wordfreq_seed
wfpt-08821,mandaram,,,8921,,shortlisted_from_wordfreq_seed
wfpt-08822,mangueira,,,8922,,shortlisted_from_wordfreq_seed
wfpt-08823,mantê,,,8923,,shortlisted_from_wordfreq_seed
wfpt-08824,marcante,,,8924,,shortlisted_from_wordfreq_seed
wfpt-08825,marcaram,,,8925,,shortlisted_from_wordfreq_seed
wfpt-08826,menciona,,,8926,,shortlisted_from_wordfreq_seed
wfpt-08827,mercadoria,,,8927,,shortlisted_from_wordfreq_seed
wfpt-08828,merecia,,,8928,,shortlisted_from_wordfreq_seed
wfpt-08829,mitologia,,,8929,,shortlisted_from_wordfreq_seed
wfpt-08830,mona,,,8930,,shortlisted_from_wordfreq_seed
wfpt-08831,name,,,8931,,shortlisted_from_wordfreq_seed
wfpt-08833,orleans,,,8933,,shortlisted_from_wordfreq_seed
wfpt-08834,param,,,8934,,shortlisted_from_wordfreq_seed
wfpt-08835,pas,,,8935,,shortlisted_from_wordfreq_seed
wfpt-08836,passageiro,,,8936,,shortlisted_from_wordfreq_seed
wfpt-08837,perímetro,,,8937,,shortlisted_from_wordfreq_seed
wfpt-08838,pilar,,,8938,,shortlisted_from_wordfreq_seed
wfpt-08839,plantão,,,8939,,shortlisted_from_wordfreq_seed
wfpt-08840,poderem,,,8940,,shortlisted_from_wordfreq_seed
wfpt-08841,prado,,,8941,,shortlisted_from_wordfreq_seed
wfpt-08842,precisará,,,8942,,shortlisted_from_wordfreq_seed
wfpt-08843,pretos,,,8943,,shortlisted_from_wordfreq_seed
wfpt-08844,pulso,,,8944,,shortlisted_from_wordfreq_seed
wfpt-08845,quedas,,,8945,,shortlisted_from_wordfreq_seed
wfpt-08846,raciocínio,,,8946,,shortlisted_from_wordfreq_seed
wfpt-08847,raparigas,,,8947,,shortlisted_from_wordfreq_seed
wfpt-08848,recomendação,,,8948,,shortlisted_from_wordfreq_seed
wfpt-08849,recomeçar,,,8949,,shortlisted_from_wordfreq_seed
wfpt-08850,registradas,,,8950,,shortlisted_from_wordfreq_seed
wfpt-08851,reparar,,,8951,,shortlisted_from_wordfreq_seed
wfpt-08852,representada,,,8952,,shortlisted_from_wordfreq_seed
wfpt-08853,retirou,,,8953,,shortlisted_from_wordfreq_seed
wfpt-08854,river,,,8954,,shortlisted_from_wordfreq_seed
wfpt-08855,rotas,,,8955,,shortlisted_from_wordfreq_seed
wfpt-08856,saídas,,,8957,,shortlisted_from_wordfreq_seed
wfpt-08857,seda,,,8958,,shortlisted_from_wordfreq_seed
wfpt-08858,sena,,,8959,,shortlisted_from_wordfreq_seed
wfpt-08859,sera,,,8960,,shortlisted_from_wordfreq_seed
wfpt-08860,sexualmente,,,8961,,shortlisted_from_wordfreq_seed
wfpt-08861,she,,,8962,,shortlisted_from_wordfreq_seed
wfpt-08862,significativamente,,,8963,,shortlisted_from_wordfreq_seed
wfpt-08863,solos,,,8964,,shortlisted_from_wordfreq_seed
wfpt-08864,submarino,,,8965,,shortlisted_from_wordfreq_seed
wfpt-08865,substituído,,,8966,,shortlisted_from_wordfreq_seed
wfpt-08866,tentamos,,,8967,,shortlisted_from_wordfreq_seed
wfpt-08867,teresina,,,8968,,shortlisted_from_wordfreq_seed
wfpt-08868,timor,,,8969,,shortlisted_from_wordfreq_seed
wfpt-08869,tomam,,,8970,,shortlisted_from_wordfreq_seed
wfpt-08870,tona,,,8971,,shortlisted_from_wordfreq_seed
wfpt-08871,too,,,8972,,shortlisted_from_wordfreq_seed
wfpt-08872,transmitida,,,8973,,shortlisted_from_wordfreq_seed
wfpt-08873,trilhas,,,8974,,shortlisted_from_wordfreq_seed
wfpt-08874,triângulo,,,8975,,shortlisted_from_wordfreq_seed
wfpt-08875,trocou,,,8976,,shortlisted_from_wordfreq_seed
wfpt-08876,turísticos,,,8977,,shortlisted_from_wordfreq_seed
wfpt-08877,uau,,,8978,,shortlisted_from_wordfreq_seed
wfpt-08878,varanda,,,8979,,shortlisted_from_wordfreq_seed
wfpt-08879,variedades,,,8980,,shortlisted_from_wordfreq_seed
wfpt-08880,variável,,,8981,,shortlisted_from_wordfreq_seed
wfpt-08881,vazias,,,8982,,shortlisted_from_wordfreq_seed
wfpt-08882,vencido,,,8983,,shortlisted_from_wordfreq_seed
wfpt-08883,vincent,,,8984,,shortlisted_from_wordfreq_seed
wfpt-08884,violentos,,,8985,,shortlisted_from_wordfreq_seed
wfpt-08885,votaram,,,8986,,shortlisted_from_wordfreq_seed
wfpt-08886,watch,,,8987,,shortlisted_from_wordfreq_seed
wfpt-08887,ótimas,,,8988,,shortlisted_from_wordfreq_seed
wfpt-08888,abrangente,,,8989,,shortlisted_from_wordfreq_seed
wfpt-08889,abraços,,,8990,,shortlisted_from_wordfreq_seed
wfpt-08890,acordada,,,8991,,shortlisted_from_wordfreq_seed
wfpt-08891,aderir,,,8992,,shortlisted_from_wordfreq_seed
wfpt-08892,administradores,,,8993,,shortlisted_from_wordfreq_seed
wfpt-08893,admiração,,,8994,,shortlisted_from_wordfreq_seed
wfpt-08894,admito,,,8995,,shortlisted_from_wordfreq_seed
wfpt-08895,allen,,,8996,,shortlisted_from_wordfreq_seed
wfpt-08896,area,,,8997,,shortlisted_from_wordfreq_seed
wfpt-08897,arsenal,,,8998,,shortlisted_from_wordfreq_seed
wfpt-08898,artesanato,,,8999,,shortlisted_from_wordfreq_seed
wfpt-08899,asilo,,,9000,,shortlisted_from_wordfreq_seed
wfpt-08900,atentos,,,9001,,shortlisted_from_wordfreq_seed
wfpt-08901,ativistas,,,9002,,shortlisted_from_wordfreq_seed
wfpt-08902,atualizada,,,9003,,shortlisted_from_wordfreq_seed
wfpt-08903,ausente,,,9004,,shortlisted_from_wordfreq_seed
wfpt-08904,aviação,,,9005,,shortlisted_from_wordfreq_seed
wfpt-08905,balança,,,9006,,shortlisted_from_wordfreq_seed
wfpt-08906,baleia,,,9007,,shortlisted_from_wordfreq_seed
wfpt-08907,bilhetes,,,9008,,shortlisted_from_wordfreq_seed
wfpt-08908,boys,,,9009,,shortlisted_from_wordfreq_seed
wfpt-08909,cacau,,,9010,,shortlisted_from_wordfreq_seed
wfpt-08910,camargo,,,9011,,shortlisted_from_wordfreq_seed
wfpt-08911,camarão,,,9012,,shortlisted_from_wordfreq_seed
wfpt-08912,cano,,,9013,,shortlisted_from_wordfreq_seed
wfpt-08913,carreiras,,,9014,,shortlisted_from_wordfreq_seed
wfpt-08914,celebrado,,,9015,,shortlisted_from_wordfreq_seed
wfpt-08915,centímetros,,,9016,,shortlisted_from_wordfreq_seed
wfpt-08916,cesta,,,9017,,shortlisted_from_wordfreq_seed
wfpt-08917,chegará,,,9018,,shortlisted_from_wordfreq_seed
wfpt-08918,chileno,,,9019,,shortlisted_from_wordfreq_seed
wfpt-08919,cobertas,,,9020,,shortlisted_from_wordfreq_seed
wfpt-08920,coletivos,,,9021,,shortlisted_from_wordfreq_seed
wfpt-08921,collins,,,9022,,shortlisted_from_wordfreq_seed
wfpt-08922,colocá,,,9023,,shortlisted_from_wordfreq_seed
wfpt-08923,colombiano,,,9024,,shortlisted_from_wordfreq_seed
wfpt-08924,comidas,,,9025,,shortlisted_from_wordfreq_seed
wfpt-08925,compartilhando,,,9026,,shortlisted_from_wordfreq_seed
wfpt-08926,concluída,,,9027,,shortlisted_from_wordfreq_seed
wfpt-08927,confie,,,9028,,shortlisted_from_wordfreq_seed
wfpt-08928,conscientização,,,9029,,shortlisted_from_wordfreq_seed
wfpt-08929,consolidação,,,9030,,shortlisted_from_wordfreq_seed
wfpt-08930,continentes,,,9031,,shortlisted_from_wordfreq_seed
wfpt-08931,converter,,,9032,,shortlisted_from_wordfreq_seed
wfpt-08932,cordeiro,,,9033,,shortlisted_from_wordfreq_seed
wfpt-08933,correspondentes,,,9034,,shortlisted_from_wordfreq_seed
wfpt-08934,corrupto,,,9035,,shortlisted_from_wordfreq_seed
wfpt-08935,cumpriu,,,9036,,shortlisted_from_wordfreq_seed
wfpt-08936,dale,,,9037,,shortlisted_from_wordfreq_seed
wfpt-08937,dallas,,,9038,,shortlisted_from_wordfreq_seed
wfpt-08938,definições,,,9039,,shortlisted_from_wordfreq_seed
wfpt-08939,descendo,,,9040,,shortlisted_from_wordfreq_seed
wfpt-08940,destinados,,,9041,,shortlisted_from_wordfreq_seed
wfpt-08941,deveres,,,9042,,shortlisted_from_wordfreq_seed
wfpt-08942,distritos,,,9043,,shortlisted_from_wordfreq_seed
wfpt-08943,décimo,,,9044,,shortlisted_from_wordfreq_seed
wfpt-08944,earth,,,9045,,shortlisted_from_wordfreq_seed
wfpt-08945,emagrecer,,,9046,,shortlisted_from_wordfreq_seed
wfpt-08946,encontrá,,,9047,,shortlisted_from_wordfreq_seed
wfpt-08947,enfrentou,,,9048,,shortlisted_from_wordfreq_seed
wfpt-08948,estender,,,9049,,shortlisted_from_wordfreq_seed
wfpt-08949,estratégico,,,9050,,shortlisted_from_wordfreq_seed
wfpt-08950,estreita,,,9051,,shortlisted_from_wordfreq_seed
wfpt-08951,farei,,,9052,,shortlisted_from_wordfreq_seed
wfpt-08952,fera,,,9053,,shortlisted_from_wordfreq_seed
wfpt-08953,financiar,,,9054,,shortlisted_from_wordfreq_seed
wfpt-08954,find,,,9055,,shortlisted_from_wordfreq_seed
wfpt-08955,forum,,,9056,,shortlisted_from_wordfreq_seed
wfpt-08956,fundamento,,,9057,,shortlisted_from_wordfreq_seed
wfpt-08957,grammy,,,9058,,shortlisted_from_wordfreq_seed
wfpt-08958,hashtag,,,9059,,shortlisted_from_wordfreq_seed
wfpt-08959,incluídos,,,9060,,shortlisted_from_wordfreq_seed
wfpt-08960,influentes,,,9061,,shortlisted_from_wordfreq_seed
wfpt-08961,iniciando,,,9062,,shortlisted_from_wordfreq_seed
wfpt-08962,inseto,,,9063,,shortlisted_from_wordfreq_seed
wfpt-08963,integrada,,,9064,,shortlisted_from_wordfreq_seed
wfpt-08964,interino,,,9065,,shortlisted_from_wordfreq_seed
wfpt-08965,interpretações,,,9066,,shortlisted_from_wordfreq_seed
wfpt-08966,investigador,,,9067,,shortlisted_from_wordfreq_seed
wfpt-08967,inês,,,9068,,shortlisted_from_wordfreq_seed
wfpt-08968,irritado,,,9069,,shortlisted_from_wordfreq_seed
wfpt-08969,isolada,,,9070,,shortlisted_from_wordfreq_seed
wfpt-08970,lapa,,,9071,,shortlisted_from_wordfreq_seed
wfpt-08971,luanda,,,9072,,shortlisted_from_wordfreq_seed
wfpt-08972,lúcio,,,9073,,shortlisted_from_wordfreq_seed
wfpt-08973,manobras,,,9074,,shortlisted_from_wordfreq_seed
wfpt-08974,mantidos,,,9075,,shortlisted_from_wordfreq_seed
wfpt-08975,margaret,,,9076,,shortlisted_from_wordfreq_seed
wfpt-08976,maternidade,,,9077,,shortlisted_from_wordfreq_seed
wfpt-08977,medicamento,,,9078,,shortlisted_from_wordfreq_seed
wfpt-08978,nascidos,,,9079,,shortlisted_from_wordfreq_seed
wfpt-08979,nintendo,,,9080,,shortlisted_from_wordfreq_seed
wfpt-08980,paguei,,,9082,,shortlisted_from_wordfreq_seed
wfpt-08981,palha,,,9083,,shortlisted_from_wordfreq_seed
wfpt-08982,participações,,,9084,,shortlisted_from_wordfreq_seed
wfpt-08983,pastoral,,,9085,,shortlisted_from_wordfreq_seed
wfpt-08984,pecuária,,,9086,,shortlisted_from_wordfreq_seed
wfpt-08985,perigosas,,,9087,,shortlisted_from_wordfreq_seed
wfpt-08986,pesar,,,9088,,shortlisted_from_wordfreq_seed
wfpt-08988,poupar,,,9090,,shortlisted_from_wordfreq_seed
wfpt-08989,preferia,,,9091,,shortlisted_from_wordfreq_seed
wfpt-08990,prejuízos,,,9092,,shortlisted_from_wordfreq_seed
wfpt-08991,psicológica,,,9093,,shortlisted_from_wordfreq_seed
wfpt-08992,qui,,,9094,,shortlisted_from_wordfreq_seed
wfpt-08993,quieta,,,9095,,shortlisted_from_wordfreq_seed
wfpt-08994,raposa,,,9096,,shortlisted_from_wordfreq_seed
wfpt-08995,raymond,,,9097,,shortlisted_from_wordfreq_seed
wfpt-08996,rebecca,,,9098,,shortlisted_from_wordfreq_seed
wfpt-08997,reclamando,,,9099,,shortlisted_from_wordfreq_seed
wfpt-08998,restaurar,,,9100,,shortlisted_from_wordfreq_seed
wfpt-08999,reverter,,,9101,,shortlisted_from_wordfreq_seed
wfpt-09000,revolucionária,,,9102,,shortlisted_from_wordfreq_seed
wfpt-09001,rob,,,9103,,shortlisted_from_wordfreq_seed
wfpt-09002,réu,,,9104,,shortlisted_from_wordfreq_seed
wfpt-09003,samsung,,,9105,,shortlisted_from_wordfreq_seed
wfpt-09004,saímos,,,9106,,shortlisted_from_wordfreq_seed
wfpt-09005,sintam,,,9107,,shortlisted_from_wordfreq_seed
wfpt-09006,socialismo,,,9108,,shortlisted_from_wordfreq_seed
wfpt-09007,sri,,,9109,,shortlisted_from_wordfreq_seed
wfpt-09008,sucessor,,,9110,,shortlisted_from_wordfreq_seed
wfpt-09009,susan,,,9111,,shortlisted_from_wordfreq_seed
wfpt-09010,suíte,,,9112,,shortlisted_from_wordfreq_seed
wfpt-09011,tabaco,,,9113,,shortlisted_from_wordfreq_seed
wfpt-09012,tarifa,,,9114,,shortlisted_from_wordfreq_seed
wfpt-09013,terremoto,,,9115,,shortlisted_from_wordfreq_seed
wfpt-09014,tomara,,,9116,,shortlisted_from_wordfreq_seed
wfpt-09015,tommy,,,9117,,shortlisted_from_wordfreq_seed
wfpt-09016,trabalhei,,,9118,,shortlisted_from_wordfreq_seed
wfpt-09017,transmissões,,,9119,,shortlisted_from_wordfreq_seed
wfpt-09018,treta,,,9120,,shortlisted_from_wordfreq_seed
wfpt-09019,tumblr,,,9121,,shortlisted_from_wordfreq_seed
wfpt-09020,tumor,,,9122,,shortlisted_from_wordfreq_seed
wfpt-09021,usavam,,,9123,,shortlisted_from_wordfreq_seed
wfpt-09022,uva,,,9124,,shortlisted_from_wordfreq_seed
wfpt-09023,vendem,,,9125,,shortlisted_from_wordfreq_seed
wfpt-09024,verbo,,,9126,,shortlisted_from_wordfreq_seed
wfpt-09025,vire,,,9127,,shortlisted_from_wordfreq_seed
wfpt-09026,vocal,,,9128,,shortlisted_from_wordfreq_seed
wfpt-09027,vossas,,,9129,,shortlisted_from_wordfreq_seed
wfpt-09028,word,,,9130,,shortlisted_from_wordfreq_seed
wfpt-09029,wordpress,,,9131,,shortlisted_from_wordfreq_seed
wfpt-09030,abrigar,,,9132,,shortlisted_from_wordfreq_seed
wfpt-09031,aceitam,,,9133,,shortlisted_from_wordfreq_seed
wfpt-09032,acerto,,,9134,,shortlisted_from_wordfreq_seed
wfpt-09033,alega,,,9135,,shortlisted_from_wordfreq_seed
wfpt-09034,aliviar,,,9136,,shortlisted_from_wordfreq_seed
wfpt-09035,amadora,,,9137,,shortlisted_from_wordfreq_seed
wfpt-09036,analistas,,,9138,,shortlisted_from_wordfreq_seed
wfpt-09037,aparecimento,,,9139,,shortlisted_from_wordfreq_seed
wfpt-09038,apontando,,,9140,,shortlisted_from_wordfreq_seed
wfpt-09039,assassinada,,,9141,,shortlisted_from_wordfreq_seed
wfpt-09040,assinaturas,,,9142,,shortlisted_from_wordfreq_seed
wfpt-09041,assine,,,9143,,shortlisted_from_wordfreq_seed
wfpt-09042,atlântica,,,9144,,shortlisted_from_wordfreq_seed
wfpt-09043,bancário,,,9145,,shortlisted_from_wordfreq_seed
wfpt-09044,bissau,,,9146,,shortlisted_from_wordfreq_seed
wfpt-09045,cancro,,,9147,,shortlisted_from_wordfreq_seed
wfpt-09046,cansaço,,,9148,,shortlisted_from_wordfreq_seed
wfpt-09047,capitalista,,,9149,,shortlisted_from_wordfreq_seed
wfpt-09048,cartel,,,9150,,shortlisted_from_wordfreq_seed
wfpt-09049,centavos,,,9151,,shortlisted_from_wordfreq_seed
wfpt-09050,cerimónia,,,9152,,shortlisted_from_wordfreq_seed
wfpt-09051,chuck,,,9153,,shortlisted_from_wordfreq_seed
wfpt-09052,cirurgião,,,9154,,shortlisted_from_wordfreq_seed
wfpt-09053,comissário,,,9155,,shortlisted_from_wordfreq_seed
wfpt-09054,compensar,,,9156,,shortlisted_from_wordfreq_seed
wfpt-09055,comprometer,,,9157,,shortlisted_from_wordfreq_seed
wfpt-09056,congregação,,,9158,,shortlisted_from_wordfreq_seed
wfpt-09057,conselheiros,,,9159,,shortlisted_from_wordfreq_seed
wfpt-09058,contabilidade,,,9160,,shortlisted_from_wordfreq_seed
wfpt-09059,contratados,,,9161,,shortlisted_from_wordfreq_seed
wfpt-09060,contribuem,,,9162,,shortlisted_from_wordfreq_seed
wfpt-09061,contribuindo,,,9163,,shortlisted_from_wordfreq_seed
wfpt-09062,convencido,,,9164,,shortlisted_from_wordfreq_seed
wfpt-09063,convicção,,,9165,,shortlisted_from_wordfreq_seed
wfpt-09064,copos,,,9166,,shortlisted_from_wordfreq_seed
wfpt-09065,covarde,,,9167,,shortlisted_from_wordfreq_seed
wfpt-09066,criticado,,,9168,,shortlisted_from_wordfreq_seed
wfpt-09067,crônicas,,,9169,,shortlisted_from_wordfreq_seed
wfpt-09068,cuidadosamente,,,9170,,shortlisted_from_wordfreq_seed
wfpt-09069,dedicados,,,9171,,shortlisted_from_wordfreq_seed
wfpt-09070,demonstrando,,,9172,,shortlisted_from_wordfreq_seed
wfpt-09071,depressa,,,9173,,shortlisted_from_wordfreq_seed
wfpt-09072,descobrem,,,9174,,shortlisted_from_wordfreq_seed
wfpt-09073,descobrimos,,,9175,,shortlisted_from_wordfreq_seed
wfpt-09074,descobrindo,,,9176,,shortlisted_from_wordfreq_seed
wfpt-09075,digna,,,9177,,shortlisted_from_wordfreq_seed
wfpt-09076,distinguir,,,9178,,shortlisted_from_wordfreq_seed
wfpt-09077,diâmetro,,,9179,,shortlisted_from_wordfreq_seed
wfpt-09078,documentários,,,9180,,shortlisted_from_wordfreq_seed
wfpt-09079,edgar,,,9181,,shortlisted_from_wordfreq_seed
wfpt-09080,enche,,,9182,,shortlisted_from_wordfreq_seed
wfpt-09081,ensinamentos,,,9183,,shortlisted_from_wordfreq_seed
wfpt-09082,entro,,,9184,,shortlisted_from_wordfreq_seed
wfpt-09083,espalhou,,,9185,,shortlisted_from_wordfreq_seed
wfpt-09084,estudado,,,9186,,shortlisted_from_wordfreq_seed
wfpt-09085,expõe,,,9187,,shortlisted_from_wordfreq_seed
wfpt-09086,fabio,,,9188,,shortlisted_from_wordfreq_seed
wfpt-09087,faremos,,,9189,,shortlisted_from_wordfreq_seed
wfpt-09088,fecho,,,9190,,shortlisted_from_wordfreq_seed
wfpt-09089,fenômenos,,,9191,,shortlisted_from_wordfreq_seed
wfpt-09090,flagrante,,,9192,,shortlisted_from_wordfreq_seed
wfpt-09091,forçando,,,9193,,shortlisted_from_wordfreq_seed
wfpt-09092,fósseis,,,9194,,shortlisted_from_wordfreq_seed
wfpt-09093,gangue,,,9195,,shortlisted_from_wordfreq_seed
wfpt-09094,garantias,,,9196,,shortlisted_from_wordfreq_seed
wfpt-09095,gravando,,,9197,,shortlisted_from_wordfreq_seed
wfpt-09096,grãos,,,9198,,shortlisted_from_wordfreq_seed
wfpt-09097,helen,,,9199,,shortlisted_from_wordfreq_seed
wfpt-09098,honestidade,,,9200,,shortlisted_from_wordfreq_seed
wfpt-09099,impedindo,,,9201,,shortlisted_from_wordfreq_seed
wfpt-09100,incapacidade,,,9202,,shortlisted_from_wordfreq_seed
wfpt-09101,indenização,,,9203,,shortlisted_from_wordfreq_seed
wfpt-09102,instabilidade,,,9204,,shortlisted_from_wordfreq_seed
wfpt-09103,inteiros,,,9205,,shortlisted_from_wordfreq_seed
wfpt-09104,irregular,,,9206,,shortlisted_from_wordfreq_seed
wfpt-09105,islândia,,,9207,,shortlisted_from_wordfreq_seed
wfpt-09106,jamaica,,,9208,,shortlisted_from_wordfreq_seed
wfpt-09107,jogava,,,9209,,shortlisted_from_wordfreq_seed
wfpt-09108,latim,,,9210,,shortlisted_from_wordfreq_seed
wfpt-09109,legião,,,9211,,shortlisted_from_wordfreq_seed
wfpt-09110,legítima,,,9212,,shortlisted_from_wordfreq_seed
wfpt-09111,libertado,,,9213,,shortlisted_from_wordfreq_seed
wfpt-09112,localizadas,,,9214,,shortlisted_from_wordfreq_seed
wfpt-09113,londrina,,,9215,,shortlisted_from_wordfreq_seed
wfpt-09114,lote,,,9216,,shortlisted_from_wordfreq_seed
wfpt-09115,lutador,,,9217,,shortlisted_from_wordfreq_seed
wfpt-09116,madame,,,9218,,shortlisted_from_wordfreq_seed
wfpt-09117,madre,,,9219,,shortlisted_from_wordfreq_seed
wfpt-09118,manchester,,,9220,,shortlisted_from_wordfreq_seed
wfpt-09119,maravilhosos,,,9221,,shortlisted_from_wordfreq_seed
wfpt-09120,marcel,,,9222,,shortlisted_from_wordfreq_seed
wfpt-09121,obstante,,,9223,,shortlisted_from_wordfreq_seed
wfpt-09122,oitenta,,,9224,,shortlisted_from_wordfreq_seed
wfpt-09123,org,,,9225,,shortlisted_from_wordfreq_seed
wfpt-09124,orkut,,,9226,,shortlisted_from_wordfreq_seed
wfpt-09125,paiva,,,9227,,shortlisted_from_wordfreq_seed
wfpt-09126,pavilhão,,,9228,,shortlisted_from_wordfreq_seed
wfpt-09127,percebemos,,,9229,,shortlisted_from_wordfreq_seed
wfpt-09128,perdidas,,,9230,,shortlisted_from_wordfreq_seed
wfpt-09129,pertencentes,,,9231,,shortlisted_from_wordfreq_seed
wfpt-09130,pesa,,,9232,,shortlisted_from_wordfreq_seed
wfpt-09131,pilha,,,9233,,shortlisted_from_wordfreq_seed
wfpt-09132,planejada,,,9234,,shortlisted_from_wordfreq_seed
wfpt-09133,pornografia,,,9235,,shortlisted_from_wordfreq_seed
wfpt-09134,pretendem,,,9236,,shortlisted_from_wordfreq_seed
wfpt-09135,provisória,,,9237,,shortlisted_from_wordfreq_seed
wfpt-09136,psicólogo,,,9238,,shortlisted_from_wordfreq_seed
wfpt-09137,reciclagem,,,9239,,shortlisted_from_wordfreq_seed
wfpt-09138,registos,,,9240,,shortlisted_from_wordfreq_seed
wfpt-09139,relatado,,,9241,,shortlisted_from_wordfreq_seed
wfpt-09140,removido,,,9242,,shortlisted_from_wordfreq_seed
wfpt-09141,representados,,,9243,,shortlisted_from_wordfreq_seed
wfpt-09142,research,,,9244,,shortlisted_from_wordfreq_seed
wfpt-09143,resumindo,,,9245,,shortlisted_from_wordfreq_seed
wfpt-09144,reunindo,,,9246,,shortlisted_from_wordfreq_seed
wfpt-09145,revelando,,,9247,,shortlisted_from_wordfreq_seed
wfpt-09146,ridícula,,,9248,,shortlisted_from_wordfreq_seed
wfpt-09147,riquezas,,,9249,,shortlisted_from_wordfreq_seed
wfpt-09148,rolo,,,9250,,shortlisted_from_wordfreq_seed
wfpt-09149,romana,,,9251,,shortlisted_from_wordfreq_seed
wfpt-09150,romances,,,9252,,shortlisted_from_wordfreq_seed
wfpt-09151,romper,,,9253,,shortlisted_from_wordfreq_seed
wfpt-09153,rápidas,,,9255,,shortlisted_from_wordfreq_seed
wfpt-09154,seguras,,,9256,,shortlisted_from_wordfreq_seed
wfpt-09155,skate,,,9257,,shortlisted_from_wordfreq_seed
wfpt-09156,sobremesa,,,9258,,shortlisted_from_wordfreq_seed
wfpt-09157,solicitação,,,9259,,shortlisted_from_wordfreq_seed
wfpt-09158,sonhando,,,9260,,shortlisted_from_wordfreq_seed
wfpt-09159,sophie,,,9261,,shortlisted_from_wordfreq_seed
wfpt-09160,sorocaba,,,9262,,shortlisted_from_wordfreq_seed
wfpt-09161,summer,,,9263,,shortlisted_from_wordfreq_seed
wfpt-09162,sumo,,,9264,,shortlisted_from_wordfreq_seed
wfpt-09163,superficial,,,9265,,shortlisted_from_wordfreq_seed
wfpt-09164,sur,,,9266,,shortlisted_from_wordfreq_seed
wfpt-09165,surto,,,9267,,shortlisted_from_wordfreq_seed
wfpt-09166,suspensa,,,9268,,shortlisted_from_wordfreq_seed
wfpt-09167,tecnicamente,,,9269,,shortlisted_from_wordfreq_seed
wfpt-09168,telefônica,,,9270,,shortlisted_from_wordfreq_seed
wfpt-09169,terminaram,,,9271,,shortlisted_from_wordfreq_seed
wfpt-09170,titulares,,,9272,,shortlisted_from_wordfreq_seed
wfpt-09171,tomem,,,9273,,shortlisted_from_wordfreq_seed
wfpt-09172,trabalharam,,,9274,,shortlisted_from_wordfreq_seed
wfpt-09173,triplo,,,9275,,shortlisted_from_wordfreq_seed
wfpt-09174,village,,,9276,,shortlisted_from_wordfreq_seed
wfpt-09175,voa,,,9277,,shortlisted_from_wordfreq_seed
wfpt-09176,vocabulário,,,9278,,shortlisted_from_wordfreq_seed
wfpt-09177,volumes,,,9279,,shortlisted_from_wordfreq_seed
wfpt-09178,vácuo,,,9280,,shortlisted_from_wordfreq_seed
wfpt-09179,íntimo,,,9282,,shortlisted_from_wordfreq_seed
wfpt-09180,acabaria,,,9283,,shortlisted_from_wordfreq_seed
wfpt-09181,aceitando,,,9284,,shortlisted_from_wordfreq_seed
wfpt-09182,acontecia,,,9285,,shortlisted_from_wordfreq_seed
wfpt-09183,ademais,,,9286,,shortlisted_from_wordfreq_seed
wfpt-09184,amazon,,,9287,,shortlisted_from_wordfreq_seed
wfpt-09185,ameaçou,,,9288,,shortlisted_from_wordfreq_seed
wfpt-09186,aprendemos,,,9289,,shortlisted_from_wordfreq_seed
wfpt-09187,atingida,,,9290,,shortlisted_from_wordfreq_seed
wfpt-09188,auditório,,,9291,,shortlisted_from_wordfreq_seed
wfpt-09189,avança,,,9292,,shortlisted_from_wordfreq_seed
wfpt-09190,avatar,,,9293,,shortlisted_from_wordfreq_seed
wfpt-09191,bancária,,,9294,,shortlisted_from_wordfreq_seed
wfpt-09192,banheira,,,9295,,shortlisted_from_wordfreq_seed
wfpt-09193,bell,,,9296,,shortlisted_from_wordfreq_seed
wfpt-09194,belos,,,9297,,shortlisted_from_wordfreq_seed
wfpt-09195,bolha,,,9298,,shortlisted_from_wordfreq_seed
wfpt-09196,boneco,,,9299,,shortlisted_from_wordfreq_seed
wfpt-09197,brasileirão,,,9300,,shortlisted_from_wordfreq_seed
wfpt-09198,brigas,,,9301,,shortlisted_from_wordfreq_seed
wfpt-09199,burocracia,,,9302,,shortlisted_from_wordfreq_seed
wfpt-09200,cairo,,,9303,,shortlisted_from_wordfreq_seed
wfpt-09201,calada,,,9304,,shortlisted_from_wordfreq_seed
wfpt-09202,cega,,,9305,,shortlisted_from_wordfreq_seed
wfpt-09203,celebra,,,9306,,shortlisted_from_wordfreq_seed
wfpt-09204,chanceler,,,9307,,shortlisted_from_wordfreq_seed
wfpt-09205,chata,,,9308,,shortlisted_from_wordfreq_seed
wfpt-09206,chegava,,,9309,,shortlisted_from_wordfreq_seed
wfpt-09207,christopher,,,9310,,shortlisted_from_wordfreq_seed
wfpt-09208,ciclone,,,9311,,shortlisted_from_wordfreq_seed
wfpt-09209,coleções,,,9312,,shortlisted_from_wordfreq_seed
wfpt-09210,comandos,,,9313,,shortlisted_from_wordfreq_seed
wfpt-09211,comentarista,,,9314,,shortlisted_from_wordfreq_seed
wfpt-09212,compaixão,,,9315,,shortlisted_from_wordfreq_seed
wfpt-09213,companheira,,,9316,,shortlisted_from_wordfreq_seed
wfpt-09214,conservadores,,,9317,,shortlisted_from_wordfreq_seed
wfpt-09215,consistente,,,9318,,shortlisted_from_wordfreq_seed
wfpt-09216,cortesia,,,9319,,shortlisted_from_wordfreq_seed
wfpt-09217,criamos,,,9320,,shortlisted_from_wordfreq_seed
wfpt-09218,definitivo,,,9321,,shortlisted_from_wordfreq_seed
wfpt-09219,denominação,,,9322,,shortlisted_from_wordfreq_seed
wfpt-09220,desenhada,,,9323,,shortlisted_from_wordfreq_seed
wfpt-09221,devendo,,,9324,,shortlisted_from_wordfreq_seed
wfpt-09222,diferentemente,,,9325,,shortlisted_from_wordfreq_seed
wfpt-09223,diminuiu,,,9326,,shortlisted_from_wordfreq_seed
wfpt-09224,dream,,,9327,,shortlisted_from_wordfreq_seed
wfpt-09225,ecologia,,,9328,,shortlisted_from_wordfreq_seed
wfpt-09226,egoísta,,,9329,,shortlisted_from_wordfreq_seed
wfpt-09227,einstein,,,9330,,shortlisted_from_wordfreq_seed
wfpt-09228,enviaram,,,9331,,shortlisted_from_wordfreq_seed
wfpt-09229,epidemia,,,9332,,shortlisted_from_wordfreq_seed
wfpt-09230,escassez,,,9333,,shortlisted_from_wordfreq_seed
wfpt-09231,especialidade,,,9334,,shortlisted_from_wordfreq_seed
wfpt-09232,estrutural,,,9335,,shortlisted_from_wordfreq_seed
wfpt-09233,estágios,,,9336,,shortlisted_from_wordfreq_seed
wfpt-09234,eventual,,,9337,,shortlisted_from_wordfreq_seed
wfpt-09235,falada,,,9338,,shortlisted_from_wordfreq_seed
wfpt-09236,fantasias,,,9339,,shortlisted_from_wordfreq_seed
wfpt-09237,filtros,,,9340,,shortlisted_from_wordfreq_seed
wfpt-09238,formais,,,9341,,shortlisted_from_wordfreq_seed
wfpt-09239,franklin,,,9342,,shortlisted_from_wordfreq_seed
wfpt-09240,fresca,,,9343,,shortlisted_from_wordfreq_seed
wfpt-09241,félix,,,9344,,shortlisted_from_wordfreq_seed
wfpt-09242,genebra,,,9345,,shortlisted_from_wordfreq_seed
wfpt-09243,governança,,,9346,,shortlisted_from_wordfreq_seed
wfpt-09244,grandeza,,,9347,,shortlisted_from_wordfreq_seed
wfpt-09245,guardado,,,9348,,shortlisted_from_wordfreq_seed
wfpt-09246,hambúrguer,,,9349,,shortlisted_from_wordfreq_seed
wfpt-09247,heart,,,9350,,shortlisted_from_wordfreq_seed
wfpt-09248,herdeiro,,,9351,,shortlisted_from_wordfreq_seed
wfpt-09249,homenagens,,,9352,,shortlisted_from_wordfreq_seed
wfpt-09251,human,,,9354,,shortlisted_from_wordfreq_seed
wfpt-09252,impressa,,,9355,,shortlisted_from_wordfreq_seed
wfpt-09253,info,,,9356,,shortlisted_from_wordfreq_seed
wfpt-09254,interromper,,,9357,,shortlisted_from_wordfreq_seed
wfpt-09255,inédito,,,9358,,shortlisted_from_wordfreq_seed
wfpt-09256,jeans,,,9359,,shortlisted_from_wordfreq_seed
wfpt-09257,jogue,,,9360,,shortlisted_from_wordfreq_seed
wfpt-09258,joguei,,,9361,,shortlisted_from_wordfreq_seed
wfpt-09259,judas,,,9362,,shortlisted_from_wordfreq_seed
wfpt-09260,julga,,,9363,,shortlisted_from_wordfreq_seed
wfpt-09261,juntando,,,9364,,shortlisted_from_wordfreq_seed
wfpt-09262,limitar,,,9365,,shortlisted_from_wordfreq_seed
wfpt-09263,living,,,9366,,shortlisted_from_wordfreq_seed
wfpt-09264,lâmina,,,9367,,shortlisted_from_wordfreq_seed
wfpt-09265,lésbica,,,9368,,shortlisted_from_wordfreq_seed
wfpt-09266,mai,,,9369,,shortlisted_from_wordfreq_seed
wfpt-09267,mede,,,9370,,shortlisted_from_wordfreq_seed
wfpt-09268,monitorar,,,9371,,shortlisted_from_wordfreq_seed
wfpt-09269,motel,,,9372,,shortlisted_from_wordfreq_seed
wfpt-09270,murphy,,,9373,,shortlisted_from_wordfreq_seed
wfpt-09271,naqueles,,,9374,,shortlisted_from_wordfreq_seed
wfpt-09272,narrador,,,9375,,shortlisted_from_wordfreq_seed
wfpt-09273,neil,,,9376,,shortlisted_from_wordfreq_seed
wfpt-09274,nerd,,,9377,,shortlisted_from_wordfreq_seed
wfpt-09275,north,,,9378,,shortlisted_from_wordfreq_seed
wfpt-09276,organizadores,,,9379,,shortlisted_from_wordfreq_seed
wfpt-09277,paes,,,9380,,shortlisted_from_wordfreq_seed
wfpt-09278,pague,,,9381,,shortlisted_from_wordfreq_seed
wfpt-09280,península,,,9383,,shortlisted_from_wordfreq_seed
wfpt-09281,perdoa,,,9384,,shortlisted_from_wordfreq_seed
wfpt-09282,periferia,,,9385,,shortlisted_from_wordfreq_seed
wfpt-09283,pimentel,,,9386,,shortlisted_from_wordfreq_seed
wfpt-09285,podre,,,9388,,shortlisted_from_wordfreq_seed
wfpt-09286,portaria,,,9389,,shortlisted_from_wordfreq_seed
wfpt-09287,possuía,,,9390,,shortlisted_from_wordfreq_seed
wfpt-09288,produzindo,,,9391,,shortlisted_from_wordfreq_seed
wfpt-09289,programado,,,9392,,shortlisted_from_wordfreq_seed
wfpt-09290,prostitutas,,,9393,,shortlisted_from_wordfreq_seed
wfpt-09291,psol,,,9394,,shortlisted_from_wordfreq_seed
wfpt-09292,punho,,,9395,,shortlisted_from_wordfreq_seed
wfpt-09293,quanta,,,9396,,shortlisted_from_wordfreq_seed
wfpt-09294,receberá,,,9397,,shortlisted_from_wordfreq_seed
wfpt-09295,referem,,,9398,,shortlisted_from_wordfreq_seed
wfpt-09296,refrigerante,,,9399,,shortlisted_from_wordfreq_seed
wfpt-09297,renovar,,,9400,,shortlisted_from_wordfreq_seed
wfpt-09298,republicano,,,9401,,shortlisted_from_wordfreq_seed
wfpt-09299,respectivas,,,9402,,shortlisted_from_wordfreq_seed
wfpt-09300,sapo,,,9403,,shortlisted_from_wordfreq_seed
wfpt-09301,seattle,,,9404,,shortlisted_from_wordfreq_seed
wfpt-09302,seguia,,,9405,,shortlisted_from_wordfreq_seed
wfpt-09303,seguimos,,,9406,,shortlisted_from_wordfreq_seed
wfpt-09304,sitio,,,9407,,shortlisted_from_wordfreq_seed
wfpt-09305,sobrevivente,,,9408,,shortlisted_from_wordfreq_seed
wfpt-09306,solucionar,,,9409,,shortlisted_from_wordfreq_seed
wfpt-09307,sonha,,,9410,,shortlisted_from_wordfreq_seed
wfpt-09308,stanley,,,9411,,shortlisted_from_wordfreq_seed
wfpt-09309,submeter,,,9412,,shortlisted_from_wordfreq_seed
wfpt-09310,sócrates,,,9413,,shortlisted_from_wordfreq_seed
wfpt-09311,sólido,,,9414,,shortlisted_from_wordfreq_seed
wfpt-09312,territorial,,,9415,,shortlisted_from_wordfreq_seed
wfpt-09313,trilhos,,,9416,,shortlisted_from_wordfreq_seed
wfpt-09314,trindade,,,9417,,shortlisted_from_wordfreq_seed
wfpt-09315,true,,,9418,,shortlisted_from_wordfreq_seed
wfpt-09316,utilizou,,,9419,,shortlisted_from_wordfreq_seed
wfpt-09317,vendedores,,,9420,,shortlisted_from_wordfreq_seed
wfpt-09318,verifique,,,9421,,shortlisted_from_wordfreq_seed
wfpt-09319,vingar,,,9422,,shortlisted_from_wordfreq_seed
wfpt-09320,virginia,,,9423,,shortlisted_from_wordfreq_seed
wfpt-09321,ídolos,,,9424,,shortlisted_from_wordfreq_seed
wfpt-09322,abertamente,,,9426,,shortlisted_from_wordfreq_seed
wfpt-09323,abrange,,,9427,,shortlisted_from_wordfreq_seed
wfpt-09324,abrem,,,9428,,shortlisted_from_wordfreq_seed
wfpt-09325,abriram,,,9429,,shortlisted_from_wordfreq_seed
wfpt-09326,abundância,,,9430,,shortlisted_from_wordfreq_seed
wfpt-09327,acusou,,,9431,,shortlisted_from_wordfreq_seed
wfpt-09328,adaptado,,,9432,,shortlisted_from_wordfreq_seed
wfpt-09329,adorava,,,9433,,shortlisted_from_wordfreq_seed
wfpt-09330,ago,,,9434,,shortlisted_from_wordfreq_seed
wfpt-09331,agostinho,,,9435,,shortlisted_from_wordfreq_seed
wfpt-09332,aguarde,,,9436,,shortlisted_from_wordfreq_seed
wfpt-09333,amou,,,9437,,shortlisted_from_wordfreq_seed
wfpt-09334,anuais,,,9438,,shortlisted_from_wordfreq_seed
wfpt-09335,anunciaram,,,9439,,shortlisted_from_wordfreq_seed
wfpt-09336,arizona,,,9440,,shortlisted_from_wordfreq_seed
wfpt-09337,armadura,,,9441,,shortlisted_from_wordfreq_seed
wfpt-09338,assunção,,,9442,,shortlisted_from_wordfreq_seed
wfpt-09339,atribuído,,,9443,,shortlisted_from_wordfreq_seed
wfpt-09340,audiovisual,,,9444,,shortlisted_from_wordfreq_seed
wfpt-09341,automática,,,9445,,shortlisted_from_wordfreq_seed
wfpt-09342,avisou,,,9446,,shortlisted_from_wordfreq_seed
wfpt-09343,aécio,,,9447,,shortlisted_from_wordfreq_seed
wfpt-09344,banca,,,9448,,shortlisted_from_wordfreq_seed
wfpt-09345,boate,,,9450,,shortlisted_from_wordfreq_seed
wfpt-09346,bolsos,,,9451,,shortlisted_from_wordfreq_seed
wfpt-09347,calibre,,,9452,,shortlisted_from_wordfreq_seed
wfpt-09348,cearense,,,9453,,shortlisted_from_wordfreq_seed
wfpt-09349,ceder,,,9454,,shortlisted_from_wordfreq_seed
wfpt-09350,cerâmica,,,9455,,shortlisted_from_wordfreq_seed
wfpt-09351,cinto,,,9456,,shortlisted_from_wordfreq_seed
wfpt-09352,close,,,9457,,shortlisted_from_wordfreq_seed
wfpt-09353,colorido,,,9458,,shortlisted_from_wordfreq_seed
wfpt-09354,comem,,,9459,,shortlisted_from_wordfreq_seed
wfpt-09355,completos,,,9460,,shortlisted_from_wordfreq_seed
wfpt-09356,compostos,,,9461,,shortlisted_from_wordfreq_seed
wfpt-09357,comumente,,,9462,,shortlisted_from_wordfreq_seed
wfpt-09358,confessar,,,9463,,shortlisted_from_wordfreq_seed
wfpt-09359,conjuntos,,,9464,,shortlisted_from_wordfreq_seed
wfpt-09360,conquistado,,,9465,,shortlisted_from_wordfreq_seed
wfpt-09361,contador,,,9466,,shortlisted_from_wordfreq_seed
wfpt-09362,contribuíram,,,9467,,shortlisted_from_wordfreq_seed
wfpt-09363,convém,,,9468,,shortlisted_from_wordfreq_seed
wfpt-09364,cortina,,,9469,,shortlisted_from_wordfreq_seed
wfpt-09365,cronograma,,,9470,,shortlisted_from_wordfreq_seed
wfpt-09366,culpada,,,9471,,shortlisted_from_wordfreq_seed
wfpt-09367,demonstrado,,,9472,,shortlisted_from_wordfreq_seed
wfpt-09368,descanse,,,9473,,shortlisted_from_wordfreq_seed
wfpt-09369,desprezo,,,9474,,shortlisted_from_wordfreq_seed
wfpt-09370,destrói,,,9475,,shortlisted_from_wordfreq_seed
wfpt-09371,deverão,,,9476,,shortlisted_from_wordfreq_seed
wfpt-09372,diretos,,,9477,,shortlisted_from_wordfreq_seed
wfpt-09373,disparo,,,9478,,shortlisted_from_wordfreq_seed
wfpt-09374,dragões,,,9479,,shortlisted_from_wordfreq_seed
wfpt-09375,economias,,,9480,,shortlisted_from_wordfreq_seed
wfpt-09376,elefante,,,9481,,shortlisted_from_wordfreq_seed
wfpt-09377,elevar,,,9482,,shortlisted_from_wordfreq_seed
wfpt-09378,enfermeira,,,9483,,shortlisted_from_wordfreq_seed
wfpt-09379,enfiar,,,9484,,shortlisted_from_wordfreq_seed
wfpt-09380,escapou,,,9485,,shortlisted_from_wordfreq_seed
wfpt-09381,esqueceram,,,9486,,shortlisted_from_wordfreq_seed
wfpt-09382,existiam,,,9487,,shortlisted_from_wordfreq_seed
wfpt-09383,exportações,,,9488,,shortlisted_from_wordfreq_seed
wfpt-09384,facção,,,9489,,shortlisted_from_wordfreq_seed
wfpt-09385,falhar,,,9490,,shortlisted_from_wordfreq_seed
wfpt-09386,farsa,,,9491,,shortlisted_from_wordfreq_seed
wfpt-09387,feministas,,,9492,,shortlisted_from_wordfreq_seed
wfpt-09388,ficarão,,,9493,,shortlisted_from_wordfreq_seed
wfpt-09389,figueiredo,,,9494,,shortlisted_from_wordfreq_seed
wfpt-09390,fingindo,,,9495,,shortlisted_from_wordfreq_seed
wfpt-09391,fornecem,,,9496,,shortlisted_from_wordfreq_seed
wfpt-09392,foro,,,9497,,shortlisted_from_wordfreq_seed
wfpt-09393,fortalecimento,,,9498,,shortlisted_from_wordfreq_seed
wfpt-09394,forçados,,,9499,,shortlisted_from_wordfreq_seed
wfpt-09395,frei,,,9500,,shortlisted_from_wordfreq_seed
wfpt-09396,freqüência,,,9501,,shortlisted_from_wordfreq_seed
wfpt-09397,fôlego,,,9502,,shortlisted_from_wordfreq_seed
wfpt-09398,gelada,,,9503,,shortlisted_from_wordfreq_seed
wfpt-09399,genes,,,9504,,shortlisted_from_wordfreq_seed
wfpt-09400,guerrero,,,9505,,shortlisted_from_wordfreq_seed
wfpt-09401,helicópteros,,,9506,,shortlisted_from_wordfreq_seed
wfpt-09402,history,,,9507,,shortlisted_from_wordfreq_seed
wfpt-09404,ilustrações,,,9509,,shortlisted_from_wordfreq_seed
wfpt-09405,importação,,,9510,,shortlisted_from_wordfreq_seed
wfpt-09406,impressionado,,,9511,,shortlisted_from_wordfreq_seed
wfpt-09407,injeção,,,9512,,shortlisted_from_wordfreq_seed
wfpt-09408,inspirar,,,9513,,shortlisted_from_wordfreq_seed
wfpt-09409,jeremy,,,9514,,shortlisted_from_wordfreq_seed
wfpt-09410,journal,,,9515,,shortlisted_from_wordfreq_seed
wfpt-09411,kurt,,,9516,,shortlisted_from_wordfreq_seed
wfpt-09412,lane,,,9517,,shortlisted_from_wordfreq_seed
wfpt-09413,laço,,,9518,,shortlisted_from_wordfreq_seed
wfpt-09414,ligam,,,9519,,shortlisted_from_wordfreq_seed
wfpt-09415,ligeiramente,,,9520,,shortlisted_from_wordfreq_seed
wfpt-09416,linguagens,,,9521,,shortlisted_from_wordfreq_seed
wfpt-09417,lola,,,9522,,shortlisted_from_wordfreq_seed
wfpt-09418,low,,,9523,,shortlisted_from_wordfreq_seed
wfpt-09419,mae,,,9524,,shortlisted_from_wordfreq_seed
wfpt-09420,maldita,,,9525,,shortlisted_from_wordfreq_seed
wfpt-09421,mandam,,,9526,,shortlisted_from_wordfreq_seed
wfpt-09422,manifesta,,,9527,,shortlisted_from_wordfreq_seed
wfpt-09423,manipular,,,9528,,shortlisted_from_wordfreq_seed
wfpt-09424,marc,,,9529,,shortlisted_from_wordfreq_seed
wfpt-09425,marfim,,,9530,,shortlisted_from_wordfreq_seed
wfpt-09426,marginal,,,9531,,shortlisted_from_wordfreq_seed
wfpt-09427,matei,,,9532,,shortlisted_from_wordfreq_seed
wfpt-09428,maya,,,9533,,shortlisted_from_wordfreq_seed
wfpt-09429,mereço,,,9534,,shortlisted_from_wordfreq_seed
wfpt-09430,mergulhar,,,9535,,shortlisted_from_wordfreq_seed
wfpt-09431,miles,,,9536,,shortlisted_from_wordfreq_seed
wfpt-09432,minoria,,,9537,,shortlisted_from_wordfreq_seed
wfpt-09433,modernização,,,9538,,shortlisted_from_wordfreq_seed
wfpt-09434,nadar,,,9539,,shortlisted_from_wordfreq_seed
wfpt-09435,nicolas,,,9540,,shortlisted_from_wordfreq_seed
wfpt-09436,noturna,,,9541,,shortlisted_from_wordfreq_seed
wfpt-09437,obs,,,9542,,shortlisted_from_wordfreq_seed
wfpt-09438,observe,,,9543,,shortlisted_from_wordfreq_seed
wfpt-09439,ofender,,,9544,,shortlisted_from_wordfreq_seed
wfpt-09440,olham,,,9545,,shortlisted_from_wordfreq_seed
wfpt-09441,olimpíada,,,9546,,shortlisted_from_wordfreq_seed
wfpt-09442,operadoras,,,9547,,shortlisted_from_wordfreq_seed
wfpt-09443,palcos,,,9548,,shortlisted_from_wordfreq_seed
wfpt-09444,permanentemente,,,9549,,shortlisted_from_wordfreq_seed
wfpt-09445,permitirá,,,9550,,shortlisted_from_wordfreq_seed
wfpt-09446,pintor,,,9551,,shortlisted_from_wordfreq_seed
wfpt-09447,pipoca,,,9552,,shortlisted_from_wordfreq_seed
wfpt-09448,planejar,,,9553,,shortlisted_from_wordfreq_seed
wfpt-09449,plásticas,,,9554,,shortlisted_from_wordfreq_seed
wfpt-09450,porem,,,9555,,shortlisted_from_wordfreq_seed
wfpt-09451,precipitação,,,9556,,shortlisted_from_wordfreq_seed
wfpt-09452,presidenta,,,9557,,shortlisted_from_wordfreq_seed
wfpt-09453,prontas,,,9558,,shortlisted_from_wordfreq_seed
wfpt-09454,pros,,,9559,,shortlisted_from_wordfreq_seed
wfpt-09455,prático,,,9560,,shortlisted_from_wordfreq_seed
wfpt-09456,quadras,,,9561,,shortlisted_from_wordfreq_seed
wfpt-09457,qualificados,,,9562,,shortlisted_from_wordfreq_seed
wfpt-09458,queixas,,,9563,,shortlisted_from_wordfreq_seed
wfpt-09459,raimundo,,,9564,,shortlisted_from_wordfreq_seed
wfpt-09460,reclamam,,,9565,,shortlisted_from_wordfreq_seed
wfpt-09461,referentes,,,9566,,shortlisted_from_wordfreq_seed
wfpt-09462,reggae,,,9567,,shortlisted_from_wordfreq_seed
wfpt-09463,reinaldo,,,9568,,shortlisted_from_wordfreq_seed
wfpt-09464,rendimentos,,,9569,,shortlisted_from_wordfreq_seed
wfpt-09465,reportagens,,,9570,,shortlisted_from_wordfreq_seed
wfpt-09467,roberts,,,9572,,shortlisted_from_wordfreq_seed
wfpt-09468,robson,,,9573,,shortlisted_from_wordfreq_seed
wfpt-09469,ron,,,9574,,shortlisted_from_wordfreq_seed
wfpt-09470,rouba,,,9575,,shortlisted_from_wordfreq_seed
wfpt-09471,roubando,,,9576,,shortlisted_from_wordfreq_seed
wfpt-09472,sacos,,,9577,,shortlisted_from_wordfreq_seed
wfpt-09473,sarney,,,9578,,shortlisted_from_wordfreq_seed
wfpt-09474,seguranças,,,9579,,shortlisted_from_wordfreq_seed
wfpt-09475,sensacional,,,9580,,shortlisted_from_wordfreq_seed
wfpt-09476,sistemática,,,9581,,shortlisted_from_wordfreq_seed
wfpt-09477,talk,,,9582,,shortlisted_from_wordfreq_seed
wfpt-09478,terry,,,9583,,shortlisted_from_wordfreq_seed
wfpt-09479,there,,,9584,,shortlisted_from_wordfreq_seed
wfpt-09480,tirada,,,9585,,shortlisted_from_wordfreq_seed
wfpt-09481,tornaria,,,9586,,shortlisted_from_wordfreq_seed
wfpt-09482,toronto,,,9587,,shortlisted_from_wordfreq_seed
wfpt-09483,traficantes,,,9588,,shortlisted_from_wordfreq_seed
wfpt-09484,trair,,,9589,,shortlisted_from_wordfreq_seed
wfpt-09485,tratamentos,,,9590,,shortlisted_from_wordfreq_seed
wfpt-09486,treinos,,,9591,,shortlisted_from_wordfreq_seed
wfpt-09487,trágico,,,9592,,shortlisted_from_wordfreq_seed
wfpt-09488,tubos,,,9593,,shortlisted_from_wordfreq_seed
wfpt-09489,turca,,,9594,,shortlisted_from_wordfreq_seed
wfpt-09490,unanimidade,,,9595,,shortlisted_from_wordfreq_seed
wfpt-09491,uniformes,,,9596,,shortlisted_from_wordfreq_seed
wfpt-09492,verba,,,9597,,shortlisted_from_wordfreq_seed
wfpt-09493,verifica,,,9598,,shortlisted_from_wordfreq_seed
wfpt-09494,versos,,,9599,,shortlisted_from_wordfreq_seed
wfpt-09495,vigente,,,9600,,shortlisted_from_wordfreq_seed
wfpt-09496,voluntária,,,9601,,shortlisted_from_wordfreq_seed
wfpt-09497,zumbi,,,9602,,shortlisted_from_wordfreq_seed
wfpt-09498,àquela,,,9603,,shortlisted_from_wordfreq_seed
wfpt-09499,àqueles,,,9604,,shortlisted_from_wordfreq_seed
wfpt-09500,abordagens,,,9606,,shortlisted_from_wordfreq_seed
wfpt-09501,abusos,,,9607,,shortlisted_from_wordfreq_seed
wfpt-09502,administrar,,,9608,,shortlisted_from_wordfreq_seed
wfpt-09503,adquiriu,,,9609,,shortlisted_from_wordfreq_seed
wfpt-09504,afastou,,,9610,,shortlisted_from_wordfreq_seed
wfpt-09505,afetam,,,9611,,shortlisted_from_wordfreq_seed
wfpt-09506,afeto,,,9612,,shortlisted_from_wordfreq_seed
wfpt-09507,agitação,,,9613,,shortlisted_from_wordfreq_seed
wfpt-09508,agressivo,,,9614,,shortlisted_from_wordfreq_seed
wfpt-09509,alcança,,,9615,,shortlisted_from_wordfreq_seed
wfpt-09510,alegações,,,9616,,shortlisted_from_wordfreq_seed
wfpt-09511,alojamento,,,9617,,shortlisted_from_wordfreq_seed
wfpt-09512,ame,,,9618,,shortlisted_from_wordfreq_seed
wfpt-09513,aplausos,,,9619,,shortlisted_from_wordfreq_seed
wfpt-09514,arquipélago,,,9620,,shortlisted_from_wordfreq_seed
wfpt-09515,atacada,,,9621,,shortlisted_from_wordfreq_seed
wfpt-09516,aumentado,,,9622,,shortlisted_from_wordfreq_seed
wfpt-09517,aurélio,,,9623,,shortlisted_from_wordfreq_seed
wfpt-09518,autorizados,,,9624,,shortlisted_from_wordfreq_seed
wfpt-09519,barreto,,,9625,,shortlisted_from_wordfreq_seed
wfpt-09520,batido,,,9626,,shortlisted_from_wordfreq_seed
wfpt-09521,bike,,,9627,,shortlisted_from_wordfreq_seed
wfpt-09522,botões,,,9628,,shortlisted_from_wordfreq_seed
wfpt-09523,brenda,,,9629,,shortlisted_from_wordfreq_seed
wfpt-09524,bruxas,,,9630,,shortlisted_from_wordfreq_seed
wfpt-09525,cadeias,,,9631,,shortlisted_from_wordfreq_seed
wfpt-09526,capas,,,9632,,shortlisted_from_wordfreq_seed
wfpt-09527,carência,,,9633,,shortlisted_from_wordfreq_seed
wfpt-09528,casca,,,9634,,shortlisted_from_wordfreq_seed
wfpt-09529,certificação,,,9635,,shortlisted_from_wordfreq_seed
wfpt-09530,chover,,,9636,,shortlisted_from_wordfreq_seed
wfpt-09531,circuitos,,,9637,,shortlisted_from_wordfreq_seed
wfpt-09532,claudio,,,9638,,shortlisted_from_wordfreq_seed
wfpt-09533,colorida,,,9639,,shortlisted_from_wordfreq_seed
wfpt-09534,concursos,,,9640,,shortlisted_from_wordfreq_seed
wfpt-09535,confere,,,9641,,shortlisted_from_wordfreq_seed
wfpt-09536,confessou,,,9642,,shortlisted_from_wordfreq_seed
wfpt-09537,consertar,,,9643,,shortlisted_from_wordfreq_seed
wfpt-09538,constituída,,,9644,,shortlisted_from_wordfreq_seed
wfpt-09539,construídas,,,9645,,shortlisted_from_wordfreq_seed
wfpt-09540,convenções,,,9646,,shortlisted_from_wordfreq_seed
wfpt-09541,conversei,,,9647,,shortlisted_from_wordfreq_seed
wfpt-09542,convocação,,,9648,,shortlisted_from_wordfreq_seed
wfpt-09543,core,,,9649,,shortlisted_from_wordfreq_seed
wfpt-09544,couto,,,9650,,shortlisted_from_wordfreq_seed
wfpt-09545,crazy,,,9651,,shortlisted_from_wordfreq_seed
wfpt-09546,crê,,,9652,,shortlisted_from_wordfreq_seed
wfpt-09547,cuiabá,,,9653,,shortlisted_from_wordfreq_seed
wfpt-09548,cumprindo,,,9654,,shortlisted_from_wordfreq_seed
wfpt-09549,curvas,,,9655,,shortlisted_from_wordfreq_seed
wfpt-09550,deixarem,,,9656,,shortlisted_from_wordfreq_seed
wfpt-09551,deixaria,,,9657,,shortlisted_from_wordfreq_seed
wfpt-09552,deixará,,,9658,,shortlisted_from_wordfreq_seed
wfpt-09553,delicada,,,9659,,shortlisted_from_wordfreq_seed
wfpt-09554,desaparece,,,9660,,shortlisted_from_wordfreq_seed
wfpt-09555,desista,,,9661,,shortlisted_from_wordfreq_seed
wfpt-09556,destruídos,,,9662,,shortlisted_from_wordfreq_seed
wfpt-09557,detalhada,,,9663,,shortlisted_from_wordfreq_seed
wfpt-09558,disparos,,,9664,,shortlisted_from_wordfreq_seed
wfpt-09559,distâncias,,,9665,,shortlisted_from_wordfreq_seed
wfpt-09560,ditador,,,9666,,shortlisted_from_wordfreq_seed
wfpt-09561,duke,,,9667,,shortlisted_from_wordfreq_seed
wfpt-09562,duras,,,9668,,shortlisted_from_wordfreq_seed
wfpt-09563,eclipse,,,9669,,shortlisted_from_wordfreq_seed
wfpt-09564,editado,,,9670,,shortlisted_from_wordfreq_seed
wfpt-09565,egípcio,,,9671,,shortlisted_from_wordfreq_seed
wfpt-09566,encaixa,,,9672,,shortlisted_from_wordfreq_seed
wfpt-09567,escolheram,,,9673,,shortlisted_from_wordfreq_seed
wfpt-09568,estreou,,,9674,,shortlisted_from_wordfreq_seed
wfpt-09569,excelentes,,,9675,,shortlisted_from_wordfreq_seed
wfpt-09570,exceções,,,9676,,shortlisted_from_wordfreq_seed
wfpt-09571,exibida,,,9677,,shortlisted_from_wordfreq_seed
wfpt-09572,exigindo,,,9678,,shortlisted_from_wordfreq_seed
wfpt-09573,farias,,,9679,,shortlisted_from_wordfreq_seed
wfpt-09574,favoritas,,,9680,,shortlisted_from_wordfreq_seed
wfpt-09575,fiança,,,9681,,shortlisted_from_wordfreq_seed
wfpt-09576,fibras,,,9682,,shortlisted_from_wordfreq_seed
wfpt-09577,frias,,,9683,,shortlisted_from_wordfreq_seed
wfpt-09578,future,,,9684,,shortlisted_from_wordfreq_seed
wfpt-09579,gaga,,,9685,,shortlisted_from_wordfreq_seed
wfpt-09580,garanto,,,9686,,shortlisted_from_wordfreq_seed
wfpt-09581,gerada,,,9687,,shortlisted_from_wordfreq_seed
wfpt-09583,grey,,,9689,,shortlisted_from_wordfreq_seed
wfpt-09584,guardião,,,9690,,shortlisted_from_wordfreq_seed
wfpt-09585,harold,,,9691,,shortlisted_from_wordfreq_seed
wfpt-09586,holmes,,,9692,,shortlisted_from_wordfreq_seed
wfpt-09587,horrores,,,9693,,shortlisted_from_wordfreq_seed
wfpt-09588,hunter,,,9694,,shortlisted_from_wordfreq_seed
wfpt-09589,identificou,,,9695,,shortlisted_from_wordfreq_seed
wfpt-09590,imbecil,,,9696,,shortlisted_from_wordfreq_seed
wfpt-09591,iminente,,,9697,,shortlisted_from_wordfreq_seed
wfpt-09592,imperial,,,9698,,shortlisted_from_wordfreq_seed
wfpt-09593,imprimir,,,9699,,shortlisted_from_wordfreq_seed
wfpt-09594,india,,,9700,,shortlisted_from_wordfreq_seed
wfpt-09595,informal,,,9701,,shortlisted_from_wordfreq_seed
wfpt-09596,interferir,,,9702,,shortlisted_from_wordfreq_seed
wfpt-09597,interpretado,,,9703,,shortlisted_from_wordfreq_seed
wfpt-09598,investiga,,,9704,,shortlisted_from_wordfreq_seed
wfpt-09599,istambul,,,9705,,shortlisted_from_wordfreq_seed
wfpt-09600,java,,,9706,,shortlisted_from_wordfreq_seed
wfpt-09601,jurídicas,,,9707,,shortlisted_from_wordfreq_seed
wfpt-09602,juíza,,,9708,,shortlisted_from_wordfreq_seed
wfpt-09603,liberada,,,9709,,shortlisted_from_wordfreq_seed
wfpt-09604,liceu,,,9710,,shortlisted_from_wordfreq_seed
wfpt-09605,lingua,,,9711,,shortlisted_from_wordfreq_seed
wfpt-09606,luna,,,9712,,shortlisted_from_wordfreq_seed
wfpt-09607,léo,,,9713,,shortlisted_from_wordfreq_seed
wfpt-09608,macedônia,,,9714,,shortlisted_from_wordfreq_seed
wfpt-09609,maceió,,,9715,,shortlisted_from_wordfreq_seed
wfpt-09610,machista,,,9716,,shortlisted_from_wordfreq_seed
wfpt-09611,magoar,,,9717,,shortlisted_from_wordfreq_seed
wfpt-09612,mara,,,9718,,shortlisted_from_wordfreq_seed
wfpt-09613,martelo,,,9719,,shortlisted_from_wordfreq_seed
wfpt-09614,martha,,,9720,,shortlisted_from_wordfreq_seed
wfpt-09615,mentalidade,,,9721,,shortlisted_from_wordfreq_seed
wfpt-09616,missionário,,,9722,,shortlisted_from_wordfreq_seed
wfpt-09617,multas,,,9723,,shortlisted_from_wordfreq_seed
wfpt-09618,musa,,,9724,,shortlisted_from_wordfreq_seed
wfpt-09619,nativo,,,9725,,shortlisted_from_wordfreq_seed
wfpt-09620,naves,,,9726,,shortlisted_from_wordfreq_seed
wfpt-09621,negado,,,9727,,shortlisted_from_wordfreq_seed
wfpt-09622,negação,,,9728,,shortlisted_from_wordfreq_seed
wfpt-09623,nisto,,,9729,,shortlisted_from_wordfreq_seed
wfpt-09624,objectivos,,,9730,,shortlisted_from_wordfreq_seed
wfpt-09625,observador,,,9731,,shortlisted_from_wordfreq_seed
wfpt-09626,ocorridos,,,9732,,shortlisted_from_wordfreq_seed
wfpt-09627,odeiam,,,9733,,shortlisted_from_wordfreq_seed
wfpt-09628,pagas,,,9734,,shortlisted_from_wordfreq_seed
wfpt-09629,pagina,,,9735,,shortlisted_from_wordfreq_seed
wfpt-09630,patas,,,9736,,shortlisted_from_wordfreq_seed
wfpt-09631,peculiar,,,9737,,shortlisted_from_wordfreq_seed
wfpt-09632,pedia,,,9738,,shortlisted_from_wordfreq_seed
wfpt-09633,perfeitas,,,9739,,shortlisted_from_wordfreq_seed
wfpt-09634,perguntaram,,,9740,,shortlisted_from_wordfreq_seed
wfpt-09635,pertencente,,,9741,,shortlisted_from_wordfreq_seed
wfpt-09636,photo,,,9742,,shortlisted_from_wordfreq_seed
wfpt-09637,pilares,,,9743,,shortlisted_from_wordfreq_seed
wfpt-09638,pirâmide,,,9744,,shortlisted_from_wordfreq_seed
wfpt-09639,please,,,9745,,shortlisted_from_wordfreq_seed
wfpt-09640,porrada,,,9746,,shortlisted_from_wordfreq_seed
wfpt-09641,procurava,,,9747,,shortlisted_from_wordfreq_seed
wfpt-09642,prometido,,,9748,,shortlisted_from_wordfreq_seed
wfpt-09643,protegidos,,,9749,,shortlisted_from_wordfreq_seed
wfpt-09644,protocolos,,,9750,,shortlisted_from_wordfreq_seed
wfpt-09645,pulmão,,,9751,,shortlisted_from_wordfreq_seed
wfpt-09646,pênaltis,,,9752,,shortlisted_from_wordfreq_seed
wfpt-09647,reconstruir,,,9753,,shortlisted_from_wordfreq_seed
wfpt-09648,referente,,,9754,,shortlisted_from_wordfreq_seed
wfpt-09649,reivindicações,,,9755,,shortlisted_from_wordfreq_seed
wfpt-09650,relativo,,,9756,,shortlisted_from_wordfreq_seed
wfpt-09651,representou,,,9757,,shortlisted_from_wordfreq_seed
wfpt-09652,resistente,,,9758,,shortlisted_from_wordfreq_seed
wfpt-09653,roman,,,9759,,shortlisted_from_wordfreq_seed
wfpt-09654,salarial,,,9760,,shortlisted_from_wordfreq_seed
wfpt-09655,satisfazer,,,9761,,shortlisted_from_wordfreq_seed
wfpt-09656,secretas,,,9762,,shortlisted_from_wordfreq_seed
wfpt-09657,semente,,,9763,,shortlisted_from_wordfreq_seed
wfpt-09658,senadora,,,9764,,shortlisted_from_wordfreq_seed
wfpt-09659,side,,,9765,,shortlisted_from_wordfreq_seed
wfpt-09660,skype,,,9766,,shortlisted_from_wordfreq_seed
wfpt-09661,soro,,,9767,,shortlisted_from_wordfreq_seed
wfpt-09662,sustenta,,,9768,,shortlisted_from_wordfreq_seed
wfpt-09663,tamanha,,,9769,,shortlisted_from_wordfreq_seed
wfpt-09664,tell,,,9770,,shortlisted_from_wordfreq_seed
wfpt-09665,tempestades,,,9771,,shortlisted_from_wordfreq_seed
wfpt-09666,transando,,,9772,,shortlisted_from_wordfreq_seed
wfpt-09667,táticas,,,9773,,shortlisted_from_wordfreq_seed
wfpt-09668,ultimo,,,9774,,shortlisted_from_wordfreq_seed
wfpt-09669,verbas,,,9775,,shortlisted_from_wordfreq_seed
wfpt-09670,vestígios,,,9776,,shortlisted_from_wordfreq_seed
wfpt-09671,veterano,,,9777,,shortlisted_from_wordfreq_seed
wfpt-09672,virei,,,9778,,shortlisted_from_wordfreq_seed
wfpt-09673,visitando,,,9779,,shortlisted_from_wordfreq_seed
wfpt-09674,viveram,,,9780,,shortlisted_from_wordfreq_seed
wfpt-09675,water,,,9781,,shortlisted_from_wordfreq_seed
wfpt-09676,wikipédia,,,9782,,shortlisted_from_wordfreq_seed
wfpt-09678,aceitável,,,9786,,shortlisted_from_wordfreq_seed
wfpt-09679,acelerar,,,9787,,shortlisted_from_wordfreq_seed
wfpt-09680,adorável,,,9788,,shortlisted_from_wordfreq_seed
wfpt-09681,afastamento,,,9789,,shortlisted_from_wordfreq_seed
wfpt-09682,ajuste,,,9790,,shortlisted_from_wordfreq_seed
wfpt-09683,ajustes,,,9791,,shortlisted_from_wordfreq_seed
wfpt-09684,alem,,,9792,,shortlisted_from_wordfreq_seed
wfpt-09685,alianças,,,9793,,shortlisted_from_wordfreq_seed
wfpt-09686,aline,,,9794,,shortlisted_from_wordfreq_seed
wfpt-09687,ambição,,,9795,,shortlisted_from_wordfreq_seed
wfpt-09688,amizades,,,9796,,shortlisted_from_wordfreq_seed
wfpt-09689,amorosa,,,9797,,shortlisted_from_wordfreq_seed
wfpt-09690,analisando,,,9798,,shortlisted_from_wordfreq_seed
wfpt-09691,aparecido,,,9799,,shortlisted_from_wordfreq_seed
wfpt-09692,apetite,,,9800,,shortlisted_from_wordfreq_seed
wfpt-09693,assina,,,9801,,shortlisted_from_wordfreq_seed
wfpt-09694,avançou,,,9802,,shortlisted_from_wordfreq_seed
wfpt-09695,bank,,,9803,,shortlisted_from_wordfreq_seed
wfpt-09696,barroso,,,9804,,shortlisted_from_wordfreq_seed
wfpt-09697,bebo,,,9805,,shortlisted_from_wordfreq_seed
wfpt-09698,biológica,,,9806,,shortlisted_from_wordfreq_seed
wfpt-09699,bloqueado,,,9807,,shortlisted_from_wordfreq_seed
wfpt-09700,bêbada,,,9808,,shortlisted_from_wordfreq_seed
wfpt-09701,bênção,,,9809,,shortlisted_from_wordfreq_seed
wfpt-09702,calcinha,,,9810,,shortlisted_from_wordfreq_seed
wfpt-09703,camilo,,,9811,,shortlisted_from_wordfreq_seed
wfpt-09704,catarinense,,,9812,,shortlisted_from_wordfreq_seed
wfpt-09705,causadas,,,9813,,shortlisted_from_wordfreq_seed
wfpt-09706,cereais,,,9814,,shortlisted_from_wordfreq_seed
wfpt-09707,choice,,,9815,,shortlisted_from_wordfreq_seed
wfpt-09708,cinematográfica,,,9816,,shortlisted_from_wordfreq_seed
wfpt-09709,citações,,,9817,,shortlisted_from_wordfreq_seed
wfpt-09710,college,,,9818,,shortlisted_from_wordfreq_seed
wfpt-09711,complexas,,,9819,,shortlisted_from_wordfreq_seed
wfpt-09712,compradores,,,9820,,shortlisted_from_wordfreq_seed
wfpt-09713,comunismo,,,9821,,shortlisted_from_wordfreq_seed
wfpt-09714,conheceram,,,9822,,shortlisted_from_wordfreq_seed
wfpt-09715,connosco,,,9823,,shortlisted_from_wordfreq_seed
wfpt-09716,construíram,,,9824,,shortlisted_from_wordfreq_seed
wfpt-09717,continuava,,,9825,,shortlisted_from_wordfreq_seed
wfpt-09718,control,,,9826,,shortlisted_from_wordfreq_seed
wfpt-09719,crescido,,,9827,,shortlisted_from_wordfreq_seed
wfpt-09720,criminalidade,,,9828,,shortlisted_from_wordfreq_seed
wfpt-09721,cup,,,9829,,shortlisted_from_wordfreq_seed
wfpt-09722,definem,,,9830,,shortlisted_from_wordfreq_seed
wfpt-09723,derrotas,,,9831,,shortlisted_from_wordfreq_seed
wfpt-09724,derrubou,,,9832,,shortlisted_from_wordfreq_seed
wfpt-09725,desaparecidos,,,9833,,shortlisted_from_wordfreq_seed
wfpt-09726,desliga,,,9834,,shortlisted_from_wordfreq_seed
wfpt-09727,dominicana,,,9835,,shortlisted_from_wordfreq_seed
wfpt-09728,ecológico,,,9836,,shortlisted_from_wordfreq_seed
wfpt-09729,encosta,,,9837,,shortlisted_from_wordfreq_seed
wfpt-09730,engana,,,9838,,shortlisted_from_wordfreq_seed
wfpt-09731,escutando,,,9839,,shortlisted_from_wordfreq_seed
wfpt-09732,espalhadas,,,9840,,shortlisted_from_wordfreq_seed
wfpt-09733,esperei,,,9841,,shortlisted_from_wordfreq_seed
wfpt-09734,estatais,,,9842,,shortlisted_from_wordfreq_seed
wfpt-09735,eternamente,,,9843,,shortlisted_from_wordfreq_seed
wfpt-09736,examinar,,,9844,,shortlisted_from_wordfreq_seed
wfpt-09737,excepcional,,,9845,,shortlisted_from_wordfreq_seed
wfpt-09738,executada,,,9846,,shortlisted_from_wordfreq_seed
wfpt-09739,factor,,,9847,,shortlisted_from_wordfreq_seed
wfpt-09740,fazendeiro,,,9848,,shortlisted_from_wordfreq_seed
wfpt-09741,feat,,,9849,,shortlisted_from_wordfreq_seed
wfpt-09742,filmagens,,,9850,,shortlisted_from_wordfreq_seed
wfpt-09743,florence,,,9851,,shortlisted_from_wordfreq_seed
wfpt-09744,fornecendo,,,9852,,shortlisted_from_wordfreq_seed
wfpt-09745,fragmentos,,,9853,,shortlisted_from_wordfreq_seed
wfpt-09746,francesas,,,9854,,shortlisted_from_wordfreq_seed
wfpt-09747,genial,,,9855,,shortlisted_from_wordfreq_seed
wfpt-09748,help,,,9856,,shortlisted_from_wordfreq_seed
wfpt-09749,her,,,9857,,shortlisted_from_wordfreq_seed
wfpt-09750,heroína,,,9858,,shortlisted_from_wordfreq_seed
wfpt-09751,holandês,,,9859,,shortlisted_from_wordfreq_seed
wfpt-09752,hospedagem,,,9860,,shortlisted_from_wordfreq_seed
wfpt-09753,humilhação,,,9861,,shortlisted_from_wordfreq_seed
wfpt-09754,identidades,,,9862,,shortlisted_from_wordfreq_seed
wfpt-09755,implicações,,,9863,,shortlisted_from_wordfreq_seed
wfpt-09756,indicou,,,9864,,shortlisted_from_wordfreq_seed
wfpt-09757,indícios,,,9865,,shortlisted_from_wordfreq_seed
wfpt-09758,inesperado,,,9866,,shortlisted_from_wordfreq_seed
wfpt-09759,informados,,,9867,,shortlisted_from_wordfreq_seed
wfpt-09760,inspeção,,,9868,,shortlisted_from_wordfreq_seed
wfpt-09761,instalados,,,9869,,shortlisted_from_wordfreq_seed
wfpt-09762,instrutor,,,9870,,shortlisted_from_wordfreq_seed
wfpt-09763,instável,,,9871,,shortlisted_from_wordfreq_seed
wfpt-09764,interessar,,,9872,,shortlisted_from_wordfreq_seed
wfpt-09765,inúteis,,,9873,,shortlisted_from_wordfreq_seed
wfpt-09766,isaac,,,9874,,shortlisted_from_wordfreq_seed
wfpt-09767,isolados,,,9875,,shortlisted_from_wordfreq_seed
wfpt-09768,javier,,,9876,,shortlisted_from_wordfreq_seed
wfpt-09769,jefferson,,,9877,,shortlisted_from_wordfreq_seed
wfpt-09770,joinville,,,9878,,shortlisted_from_wordfreq_seed
wfpt-09771,knight,,,9879,,shortlisted_from_wordfreq_seed
wfpt-09772,lanterna,,,9880,,shortlisted_from_wordfreq_seed
wfpt-09773,lente,,,9881,,shortlisted_from_wordfreq_seed
wfpt-09774,lentes,,,9882,,shortlisted_from_wordfreq_seed
wfpt-09775,lia,,,9883,,shortlisted_from_wordfreq_seed
wfpt-09776,licitação,,,9884,,shortlisted_from_wordfreq_seed
wfpt-09777,lidando,,,9885,,shortlisted_from_wordfreq_seed
wfpt-09778,lidera,,,9886,,shortlisted_from_wordfreq_seed
wfpt-09779,lou,,,9887,,shortlisted_from_wordfreq_seed
wfpt-09780,made,,,9888,,shortlisted_from_wordfreq_seed
wfpt-09781,mantiveram,,,9889,,shortlisted_from_wordfreq_seed
wfpt-09782,maría,,,9890,,shortlisted_from_wordfreq_seed
wfpt-09783,mercosul,,,9891,,shortlisted_from_wordfreq_seed
wfpt-09784,messias,,,9892,,shortlisted_from_wordfreq_seed
wfpt-09785,moon,,,9893,,shortlisted_from_wordfreq_seed
wfpt-09786,mouse,,,9894,,shortlisted_from_wordfreq_seed
wfpt-09787,narração,,,9895,,shortlisted_from_wordfreq_seed
wfpt-09788,nativas,,,9896,,shortlisted_from_wordfreq_seed
wfpt-09789,nora,,,9897,,shortlisted_from_wordfreq_seed
wfpt-09790,objecto,,,9898,,shortlisted_from_wordfreq_seed
wfpt-09791,objetiva,,,9899,,shortlisted_from_wordfreq_seed
wfpt-09792,obstáculo,,,9900,,shortlisted_from_wordfreq_seed
wfpt-09793,olinda,,,9901,,shortlisted_from_wordfreq_seed
wfpt-09794,paisagens,,,9902,,shortlisted_from_wordfreq_seed
wfpt-09795,palhaços,,,9903,,shortlisted_from_wordfreq_seed
wfpt-09796,permanentes,,,9904,,shortlisted_from_wordfreq_seed
wfpt-09797,portões,,,9905,,shortlisted_from_wordfreq_seed
wfpt-09798,potencialmente,,,9906,,shortlisted_from_wordfreq_seed
wfpt-09799,pressões,,,9907,,shortlisted_from_wordfreq_seed
wfpt-09800,prestígio,,,9908,,shortlisted_from_wordfreq_seed
wfpt-09801,presídio,,,9909,,shortlisted_from_wordfreq_seed
wfpt-09802,princesas,,,9910,,shortlisted_from_wordfreq_seed
wfpt-09803,prudente,,,9911,,shortlisted_from_wordfreq_seed
wfpt-09804,public,,,9912,,shortlisted_from_wordfreq_seed
wfpt-09805,recolha,,,9913,,shortlisted_from_wordfreq_seed
wfpt-09806,recomenda,,,9914,,shortlisted_from_wordfreq_seed
wfpt-09807,relembrar,,,9915,,shortlisted_from_wordfreq_seed
wfpt-09808,reservado,,,9916,,shortlisted_from_wordfreq_seed
wfpt-09809,respeitado,,,9917,,shortlisted_from_wordfreq_seed
wfpt-09811,roubos,,,9919,,shortlisted_from_wordfreq_seed
wfpt-09812,rubro,,,9920,,shortlisted_from_wordfreq_seed
wfpt-09813,ruptura,,,9921,,shortlisted_from_wordfreq_seed
wfpt-09815,sabrina,,,9923,,shortlisted_from_wordfreq_seed
wfpt-09816,sanções,,,9924,,shortlisted_from_wordfreq_seed
wfpt-09817,sea,,,9925,,shortlisted_from_wordfreq_seed
wfpt-09818,semifinal,,,9926,,shortlisted_from_wordfreq_seed
wfpt-09819,significativas,,,9927,,shortlisted_from_wordfreq_seed
wfpt-09820,style,,,9928,,shortlisted_from_wordfreq_seed
wfpt-09821,submetido,,,9929,,shortlisted_from_wordfreq_seed
wfpt-09822,sábados,,,9930,,shortlisted_from_wordfreq_seed
wfpt-09823,tampouco,,,9931,,shortlisted_from_wordfreq_seed
wfpt-09825,tatuagens,,,9933,,shortlisted_from_wordfreq_seed
wfpt-09826,tecnológicas,,,9934,,shortlisted_from_wordfreq_seed
wfpt-09827,tecnológicos,,,9935,,shortlisted_from_wordfreq_seed
wfpt-09828,teríamos,,,9936,,shortlisted_from_wordfreq_seed
wfpt-09829,thor,,,9937,,shortlisted_from_wordfreq_seed
wfpt-09830,tiram,,,9938,,shortlisted_from_wordfreq_seed
wfpt-09831,trocando,,,9939,,shortlisted_from_wordfreq_seed
wfpt-09832,ufc,,,9940,,shortlisted_from_wordfreq_seed
wfpt-09833,vampiro,,,9941,,shortlisted_from_wordfreq_seed
wfpt-09834,voltados,,,9942,,shortlisted_from_wordfreq_seed
wfpt-09835,zelândia,,,9943,,shortlisted_from_wordfreq_seed
wfpt-09836,épocas,,,9944,,shortlisted_from_wordfreq_seed
wfpt-09837,abel,,,9946,,shortlisted_from_wordfreq_seed
wfpt-09838,ache,,,9947,,shortlisted_from_wordfreq_seed
wfpt-09839,act,,,9948,,shortlisted_from_wordfreq_seed
wfpt-09840,admissão,,,9949,,shortlisted_from_wordfreq_seed
wfpt-09841,alterado,,,9950,,shortlisted_from_wordfreq_seed
wfpt-09842,alugar,,,9951,,shortlisted_from_wordfreq_seed
wfpt-09843,ameaçar,,,9952,,shortlisted_from_wordfreq_seed
wfpt-09844,antepassados,,,9953,,shortlisted_from_wordfreq_seed
wfpt-09845,aproveitou,,,9954,,shortlisted_from_wordfreq_seed
wfpt-09846,assistentes,,,9955,,shortlisted_from_wordfreq_seed
wfpt-09847,atendeu,,,9956,,shortlisted_from_wordfreq_seed
wfpt-09848,atingiram,,,9957,,shortlisted_from_wordfreq_seed
wfpt-09849,avisos,,,9958,,shortlisted_from_wordfreq_seed
wfpt-09850,azerbaijão,,,9959,,shortlisted_from_wordfreq_seed
wfpt-09851,bandeirantes,,,9960,,shortlisted_from_wordfreq_seed
wfpt-09852,barro,,,9961,,shortlisted_from_wordfreq_seed
wfpt-09853,blogue,,,9962,,shortlisted_from_wordfreq_seed
wfpt-09854,bndes,,,9963,,shortlisted_from_wordfreq_seed
wfpt-09855,botas,,,9964,,shortlisted_from_wordfreq_seed
wfpt-09856,brilhar,,,9965,,shortlisted_from_wordfreq_seed
wfpt-09857,cafés,,,9966,,shortlisted_from_wordfreq_seed
wfpt-09858,capacitação,,,9967,,shortlisted_from_wordfreq_seed
wfpt-09859,capita,,,9968,,shortlisted_from_wordfreq_seed
wfpt-09860,cardeal,,,9969,,shortlisted_from_wordfreq_seed
wfpt-09861,cartazes,,,9970,,shortlisted_from_wordfreq_seed
wfpt-09862,casados,,,9971,,shortlisted_from_wordfreq_seed
wfpt-09863,chamem,,,9972,,shortlisted_from_wordfreq_seed
wfpt-09864,channel,,,9973,,shortlisted_from_wordfreq_seed
wfpt-09865,chapada,,,9974,,shortlisted_from_wordfreq_seed
wfpt-09866,cobrindo,,,9975,,shortlisted_from_wordfreq_seed
wfpt-09867,colisão,,,9976,,shortlisted_from_wordfreq_seed
wfpt-09868,comecem,,,9977,,shortlisted_from_wordfreq_seed
wfpt-09869,comemorando,,,9978,,shortlisted_from_wordfreq_seed
wfpt-09870,comuna,,,9979,,shortlisted_from_wordfreq_seed
wfpt-09871,conectados,,,9980,,shortlisted_from_wordfreq_seed
wfpt-09872,contado,,,9981,,shortlisted_from_wordfreq_seed
wfpt-09873,convenceu,,,9982,,shortlisted_from_wordfreq_seed
wfpt-09874,conversamos,,,9983,,shortlisted_from_wordfreq_seed
wfpt-09875,convivência,,,9984,,shortlisted_from_wordfreq_seed
wfpt-09876,curiosamente,,,9985,,shortlisted_from_wordfreq_seed
wfpt-09877,dantas,,,9986,,shortlisted_from_wordfreq_seed
wfpt-09878,decepção,,,9987,,shortlisted_from_wordfreq_seed
wfpt-09879,decidem,,,9988,,shortlisted_from_wordfreq_seed
wfpt-09880,desempenhar,,,9989,,shortlisted_from_wordfreq_seed
wfpt-09881,desfiles,,,9990,,shortlisted_from_wordfreq_seed
wfpt-09882,doses,,,9991,,shortlisted_from_wordfreq_seed
wfpt-09883,dragon,,,9992,,shortlisted_from_wordfreq_seed
wfpt-09884,dublado,,,9993,,shortlisted_from_wordfreq_seed
wfpt-09886,enterro,,,9995,,shortlisted_from_wordfreq_seed
wfpt-09887,equipado,,,9996,,shortlisted_from_wordfreq_seed
wfpt-09888,eras,,,9997,,shortlisted_from_wordfreq_seed
wfpt-09889,erik,,,9998,,shortlisted_from_wordfreq_seed
wfpt-09890,ervas,,,9999,,shortlisted_from_wordfreq_seed
wfpt-09891,escalão,,,10000,,shortlisted_from_wordfreq_seed
wfpt-09892,escondida,,,10001,,shortlisted_from_wordfreq_seed
wfpt-09893,escócia,,,10002,,shortlisted_from_wordfreq_seed
wfpt-09894,esquecendo,,,10003,,shortlisted_from_wordfreq_seed
wfpt-09895,ethan,,,10004,,shortlisted_from_wordfreq_seed
wfpt-09896,evacuação,,,10005,,shortlisted_from_wordfreq_seed
wfpt-09897,exactamente,,,10006,,shortlisted_from_wordfreq_seed
wfpt-09898,explodiu,,,10007,,shortlisted_from_wordfreq_seed
wfpt-09899,explosivos,,,10008,,shortlisted_from_wordfreq_seed
wfpt-09900,extremos,,,10009,,shortlisted_from_wordfreq_seed
wfpt-09902,filhote,,,10011,,shortlisted_from_wordfreq_seed
wfpt-09903,formiga,,,10012,,shortlisted_from_wordfreq_seed
wfpt-09904,frustração,,,10013,,shortlisted_from_wordfreq_seed
wfpt-09906,fundou,,,10015,,shortlisted_from_wordfreq_seed
wfpt-09907,fêmea,,,10016,,shortlisted_from_wordfreq_seed
wfpt-09908,gravemente,,,10017,,shortlisted_from_wordfreq_seed
wfpt-09909,harrison,,,10018,,shortlisted_from_wordfreq_seed
wfpt-09910,homenagear,,,10019,,shortlisted_from_wordfreq_seed
wfpt-09911,impedido,,,10020,,shortlisted_from_wordfreq_seed
wfpt-09912,indireta,,,10021,,shortlisted_from_wordfreq_seed
wfpt-09913,insistir,,,10022,,shortlisted_from_wordfreq_seed
wfpt-09914,interações,,,10023,,shortlisted_from_wordfreq_seed
wfpt-09915,into,,,10024,,shortlisted_from_wordfreq_seed
wfpt-09916,irlandês,,,10025,,shortlisted_from_wordfreq_seed
wfpt-09917,islâmica,,,10026,,shortlisted_from_wordfreq_seed
wfpt-09918,joan,,,10027,,shortlisted_from_wordfreq_seed
wfpt-09919,joyce,,,10028,,shortlisted_from_wordfreq_seed
wfpt-09921,lawrence,,,10030,,shortlisted_from_wordfreq_seed
wfpt-09922,legitimidade,,,10031,,shortlisted_from_wordfreq_seed
wfpt-09923,leon,,,10032,,shortlisted_from_wordfreq_seed
wfpt-09924,leões,,,10033,,shortlisted_from_wordfreq_seed
wfpt-09925,licenças,,,10034,,shortlisted_from_wordfreq_seed
wfpt-09926,list,,,10035,,shortlisted_from_wordfreq_seed
wfpt-09927,lord,,,10036,,shortlisted_from_wordfreq_seed
wfpt-09928,luana,,,10037,,shortlisted_from_wordfreq_seed
wfpt-09929,lésbicas,,,10038,,shortlisted_from_wordfreq_seed
wfpt-09930,madri,,,10039,,shortlisted_from_wordfreq_seed
wfpt-09931,mantinha,,,10040,,shortlisted_from_wordfreq_seed
wfpt-09932,marcial,,,10041,,shortlisted_from_wordfreq_seed
wfpt-09933,mares,,,10042,,shortlisted_from_wordfreq_seed
wfpt-09934,mariano,,,10043,,shortlisted_from_wordfreq_seed
wfpt-09935,mentor,,,10044,,shortlisted_from_wordfreq_seed
wfpt-09936,mickey,,,10045,,shortlisted_from_wordfreq_seed
wfpt-09937,milão,,,10046,,shortlisted_from_wordfreq_seed
wfpt-09938,mistérios,,,10047,,shortlisted_from_wordfreq_seed
wfpt-09939,molhado,,,10048,,shortlisted_from_wordfreq_seed
wfpt-09940,murilo,,,10049,,shortlisted_from_wordfreq_seed
wfpt-09941,nascente,,,10050,,shortlisted_from_wordfreq_seed
wfpt-09942,nazista,,,10051,,shortlisted_from_wordfreq_seed
wfpt-09943,nervos,,,10052,,shortlisted_from_wordfreq_seed
wfpt-09944,noah,,,10053,,shortlisted_from_wordfreq_seed
wfpt-09945,nomear,,,10054,,shortlisted_from_wordfreq_seed
wfpt-09946,noventa,,,10055,,shortlisted_from_wordfreq_seed
wfpt-09947,obedecer,,,10056,,shortlisted_from_wordfreq_seed
wfpt-09948,ofensivo,,,10057,,shortlisted_from_wordfreq_seed
wfpt-09949,paródia,,,10058,,shortlisted_from_wordfreq_seed
wfpt-09950,passaria,,,10059,,shortlisted_from_wordfreq_seed
wfpt-09951,paulinho,,,10060,,shortlisted_from_wordfreq_seed
wfpt-09952,peste,,,10061,,shortlisted_from_wordfreq_seed
wfpt-09953,pink,,,10062,,shortlisted_from_wordfreq_seed
wfpt-09954,polegadas,,,10063,,shortlisted_from_wordfreq_seed
wfpt-09955,portadores,,,10064,,shortlisted_from_wordfreq_seed
wfpt-09956,portela,,,10065,,shortlisted_from_wordfreq_seed
wfpt-09957,portátil,,,10066,,shortlisted_from_wordfreq_seed
wfpt-09958,prazeres,,,10067,,shortlisted_from_wordfreq_seed
wfpt-09959,preferiu,,,10068,,shortlisted_from_wordfreq_seed
wfpt-09960,prestou,,,10069,,shortlisted_from_wordfreq_seed
wfpt-09961,preventiva,,,10070,,shortlisted_from_wordfreq_seed
wfpt-09962,prime,,,10071,,shortlisted_from_wordfreq_seed
wfpt-09963,proeminente,,,10072,,shortlisted_from_wordfreq_seed
wfpt-09964,proíbe,,,10073,,shortlisted_from_wordfreq_seed
wfpt-09965,prévio,,,10074,,shortlisted_from_wordfreq_seed
wfpt-09966,pódio,,,10075,,shortlisted_from_wordfreq_seed
wfpt-09967,restrita,,,10076,,shortlisted_from_wordfreq_seed
wfpt-09968,retirados,,,10077,,shortlisted_from_wordfreq_seed
wfpt-09969,ritmos,,,10078,,shortlisted_from_wordfreq_seed
wfpt-09970,rodoviária,,,10079,,shortlisted_from_wordfreq_seed
wfpt-09971,rtp,,,10080,,shortlisted_from_wordfreq_seed
wfpt-09972,safado,,,10081,,shortlisted_from_wordfreq_seed
wfpt-09973,santidade,,,10082,,shortlisted_from_wordfreq_seed
wfpt-09974,satanás,,,10083,,shortlisted_from_wordfreq_seed
wfpt-09975,saudáveis,,,10084,,shortlisted_from_wordfreq_seed
wfpt-09976,search,,,10085,,shortlisted_from_wordfreq_seed
wfpt-09977,seções,,,10086,,shortlisted_from_wordfreq_seed
wfpt-09978,significados,,,10087,,shortlisted_from_wordfreq_seed
wfpt-09979,sobrou,,,10088,,shortlisted_from_wordfreq_seed
wfpt-09980,socialmente,,,10089,,shortlisted_from_wordfreq_seed
wfpt-09981,stefan,,,10090,,shortlisted_from_wordfreq_seed
wfpt-09982,suor,,,10091,,shortlisted_from_wordfreq_seed
wfpt-09983,teen,,,10092,,shortlisted_from_wordfreq_seed
wfpt-09984,teme,,,10093,,shortlisted_from_wordfreq_seed
wfpt-09985,ten,,,10094,,shortlisted_from_wordfreq_seed
wfpt-09986,teor,,,10095,,shortlisted_from_wordfreq_seed
wfpt-09987,tiras,,,10096,,shortlisted_from_wordfreq_seed
wfpt-09988,toques,,,10097,,shortlisted_from_wordfreq_seed
wfpt-09989,traduz,,,10098,,shortlisted_from_wordfreq_seed
wfpt-09990,transcrição,,,10099,,shortlisted_from_wordfreq_seed
wfpt-09991,trará,,,10100,,shortlisted_from_wordfreq_seed
wfpt-09992,traseiro,,,10101,,shortlisted_from_wordfreq_seed
wfpt-09993,usinas,,,10102,,shortlisted_from_wordfreq_seed
wfpt-09994,valley,,,10103,,shortlisted_from_wordfreq_seed
wfpt-09995,var,,,10104,,shortlisted_from_wordfreq_seed
wfpt-09996,veloso,,,10105,,shortlisted_from_wordfreq_seed
wfpt-09997,veronica,,,10106,,shortlisted_from_wordfreq_seed
wfpt-09998,versa,,,10107,,shortlisted_from_wordfreq_seed
wfpt-09999,versus,,,10108,,shortlisted_from_wordfreq_seed
wfpt-10000,vitais,,,10109,,shortlisted_from_wordfreq_seed
wfpt-10001,xícara,,,10110,,shortlisted_from_wordfreq_seed
wfpt-10002,zoológico,,,10111,,shortlisted_from_wordfreq_seed
wfpt-10003,abelhas,,,10112,,shortlisted_from_wordfreq_seed
wfpt-10004,abismo,,,10113,,shortlisted_from_wordfreq_seed
wfpt-10005,achado,,,10114,,shortlisted_from_wordfreq_seed
wfpt-10006,acreditem,,,10115,,shortlisted_from_wordfreq_seed
wfpt-10007,acrescentando,,,10116,,shortlisted_from_wordfreq_seed
wfpt-10008,acusar,,,10117,,shortlisted_from_wordfreq_seed
wfpt-10009,afim,,,10118,,shortlisted_from_wordfreq_seed
wfpt-10010,agulha,,,10119,,shortlisted_from_wordfreq_seed
wfpt-10011,alejandro,,,10120,,shortlisted_from_wordfreq_seed
wfpt-10012,alessandro,,,10121,,shortlisted_from_wordfreq_seed
wfpt-10013,alexandria,,,10122,,shortlisted_from_wordfreq_seed
wfpt-10014,aliada,,,10123,,shortlisted_from_wordfreq_seed
wfpt-10015,alturas,,,10124,,shortlisted_from_wordfreq_seed
wfpt-10016,aluna,,,10125,,shortlisted_from_wordfreq_seed
wfpt-10017,andou,,,10126,,shortlisted_from_wordfreq_seed
wfpt-10018,andre,,,10127,,shortlisted_from_wordfreq_seed
wfpt-10019,aparição,,,10128,,shortlisted_from_wordfreq_seed
wfpt-10020,aperto,,,10129,,shortlisted_from_wordfreq_seed
wfpt-10021,aprendiz,,,10130,,shortlisted_from_wordfreq_seed
wfpt-10022,apropriada,,,10131,,shortlisted_from_wordfreq_seed
wfpt-10023,arca,,,10132,,shortlisted_from_wordfreq_seed
wfpt-10024,argumenta,,,10133,,shortlisted_from_wordfreq_seed
wfpt-10025,arrogante,,,10134,,shortlisted_from_wordfreq_seed
wfpt-10026,assentamento,,,10135,,shortlisted_from_wordfreq_seed
wfpt-10027,astro,,,10136,,shortlisted_from_wordfreq_seed
wfpt-10028,atrasar,,,10137,,shortlisted_from_wordfreq_seed
wfpt-10029,audio,,,10138,,shortlisted_from_wordfreq_seed
wfpt-10030,barbie,,,10139,,shortlisted_from_wordfreq_seed
wfpt-10031,biscoito,,,10140,,shortlisted_from_wordfreq_seed
wfpt-10032,bobagem,,,10141,,shortlisted_from_wordfreq_seed
wfpt-10033,cadela,,,10142,,shortlisted_from_wordfreq_seed
wfpt-10034,cauda,,,10143,,shortlisted_from_wordfreq_seed
wfpt-10035,cebola,,,10144,,shortlisted_from_wordfreq_seed
wfpt-10036,cera,,,10145,,shortlisted_from_wordfreq_seed
wfpt-10037,cervejas,,,10146,,shortlisted_from_wordfreq_seed
wfpt-10038,chagas,,,10147,,shortlisted_from_wordfreq_seed
wfpt-10039,chen,,,10148,,shortlisted_from_wordfreq_seed
wfpt-10040,cheque,,,10149,,shortlisted_from_wordfreq_seed
wfpt-10041,cimento,,,10150,,shortlisted_from_wordfreq_seed
wfpt-10042,classificar,,,10151,,shortlisted_from_wordfreq_seed
wfpt-10043,coletar,,,10152,,shortlisted_from_wordfreq_seed
wfpt-10044,combatentes,,,10153,,shortlisted_from_wordfreq_seed
wfpt-10045,cometidos,,,10154,,shortlisted_from_wordfreq_seed
wfpt-10046,compartilhada,,,10155,,shortlisted_from_wordfreq_seed
wfpt-10047,compete,,,10156,,shortlisted_from_wordfreq_seed
wfpt-10048,compro,,,10157,,shortlisted_from_wordfreq_seed
wfpt-10049,concebido,,,10158,,shortlisted_from_wordfreq_seed
wfpt-10050,concorrente,,,10159,,shortlisted_from_wordfreq_seed
wfpt-10051,confiáveis,,,10160,,shortlisted_from_wordfreq_seed
wfpt-10052,conversou,,,10161,,shortlisted_from_wordfreq_seed
wfpt-10053,convites,,,10162,,shortlisted_from_wordfreq_seed
wfpt-10054,cool,,,10163,,shortlisted_from_wordfreq_seed
wfpt-10055,cova,,,10164,,shortlisted_from_wordfreq_seed
wfpt-10056,cyrus,,,10165,,shortlisted_from_wordfreq_seed
wfpt-10057,deficientes,,,10166,,shortlisted_from_wordfreq_seed
wfpt-10058,delgado,,,10167,,shortlisted_from_wordfreq_seed
wfpt-10059,desafiar,,,10168,,shortlisted_from_wordfreq_seed
wfpt-10060,desenvolvem,,,10169,,shortlisted_from_wordfreq_seed
wfpt-10061,destacado,,,10170,,shortlisted_from_wordfreq_seed
wfpt-10062,detectar,,,10171,,shortlisted_from_wordfreq_seed
wfpt-10063,detrás,,,10172,,shortlisted_from_wordfreq_seed
wfpt-10064,diminuindo,,,10173,,shortlisted_from_wordfreq_seed
wfpt-10065,disputada,,,10174,,shortlisted_from_wordfreq_seed
wfpt-10066,dourados,,,10175,,shortlisted_from_wordfreq_seed
wfpt-10067,editoras,,,10176,,shortlisted_from_wordfreq_seed
wfpt-10068,educar,,,10177,,shortlisted_from_wordfreq_seed
wfpt-10069,elo,,,10178,,shortlisted_from_wordfreq_seed
wfpt-10070,energético,,,10179,,shortlisted_from_wordfreq_seed
wfpt-10071,enganado,,,10180,,shortlisted_from_wordfreq_seed
wfpt-10072,entramos,,,10181,,shortlisted_from_wordfreq_seed
wfpt-10073,escuto,,,10182,,shortlisted_from_wordfreq_seed
wfpt-10074,estabelecendo,,,10183,,shortlisted_from_wordfreq_seed
wfpt-10075,estoque,,,10184,,shortlisted_from_wordfreq_seed
wfpt-10076,evidentemente,,,10185,,shortlisted_from_wordfreq_seed
wfpt-10077,experimentos,,,10186,,shortlisted_from_wordfreq_seed
wfpt-10078,expulsar,,,10187,,shortlisted_from_wordfreq_seed
wfpt-10079,fada,,,10188,,shortlisted_from_wordfreq_seed
wfpt-10080,feedback,,,10189,,shortlisted_from_wordfreq_seed
wfpt-10081,feriados,,,10190,,shortlisted_from_wordfreq_seed
wfpt-10082,ferir,,,10191,,shortlisted_from_wordfreq_seed
wfpt-10083,fotográfica,,,10192,,shortlisted_from_wordfreq_seed
wfpt-10084,freqüentemente,,,10193,,shortlisted_from_wordfreq_seed
wfpt-10085,garanta,,,10194,,shortlisted_from_wordfreq_seed
wfpt-10086,gerir,,,10195,,shortlisted_from_wordfreq_seed
wfpt-10087,getúlio,,,10196,,shortlisted_from_wordfreq_seed
wfpt-10088,harvey,,,10197,,shortlisted_from_wordfreq_seed
wfpt-10089,ice,,,10198,,shortlisted_from_wordfreq_seed
wfpt-10090,incerteza,,,10199,,shortlisted_from_wordfreq_seed
wfpt-10091,insistiu,,,10200,,shortlisted_from_wordfreq_seed
wfpt-10092,interessadas,,,10201,,shortlisted_from_wordfreq_seed
wfpt-10093,invadiram,,,10202,,shortlisted_from_wordfreq_seed
wfpt-10094,irritante,,,10203,,shortlisted_from_wordfreq_seed
wfpt-10095,jesse,,,10204,,shortlisted_from_wordfreq_seed
wfpt-10096,juliano,,,10205,,shortlisted_from_wordfreq_seed
wfpt-10097,kid,,,10206,,shortlisted_from_wordfreq_seed
wfpt-10098,lost,,,10207,,shortlisted_from_wordfreq_seed
wfpt-10099,mandatos,,,10208,,shortlisted_from_wordfreq_seed
wfpt-10100,matos,,,10209,,shortlisted_from_wordfreq_seed
wfpt-10101,medieval,,,10210,,shortlisted_from_wordfreq_seed
wfpt-10102,mineira,,,10211,,shortlisted_from_wordfreq_seed
wfpt-10103,minho,,,10212,,shortlisted_from_wordfreq_seed
wfpt-10104,minimizar,,,10213,,shortlisted_from_wordfreq_seed
wfpt-10105,monica,,,10214,,shortlisted_from_wordfreq_seed
wfpt-10106,mostrava,,,10215,,shortlisted_from_wordfreq_seed
wfpt-10107,músculo,,,10216,,shortlisted_from_wordfreq_seed
wfpt-10108,narrativas,,,10217,,shortlisted_from_wordfreq_seed
wfpt-10109,nazistas,,,10218,,shortlisted_from_wordfreq_seed
wfpt-10110,necessitam,,,10219,,shortlisted_from_wordfreq_seed
wfpt-10111,neta,,,10220,,shortlisted_from_wordfreq_seed
wfpt-10112,newton,,,10221,,shortlisted_from_wordfreq_seed
wfpt-10113,order,,,10222,,shortlisted_from_wordfreq_seed
wfpt-10114,orelhas,,,10223,,shortlisted_from_wordfreq_seed
wfpt-10115,outrora,,,10224,,shortlisted_from_wordfreq_seed
wfpt-10116,ouvia,,,10225,,shortlisted_from_wordfreq_seed
wfpt-10117,pacheco,,,10226,,shortlisted_from_wordfreq_seed
wfpt-10118,patrícia,,,10227,,shortlisted_from_wordfreq_seed
wfpt-10119,pegaram,,,10228,,shortlisted_from_wordfreq_seed
wfpt-10120,performances,,,10229,,shortlisted_from_wordfreq_seed
wfpt-10121,permitam,,,10230,,shortlisted_from_wordfreq_seed
wfpt-10122,pertencia,,,10231,,shortlisted_from_wordfreq_seed
wfpt-10123,pioneiro,,,10232,,shortlisted_from_wordfreq_seed
wfpt-10124,player,,,10233,,shortlisted_from_wordfreq_seed
wfpt-10125,populacional,,,10234,,shortlisted_from_wordfreq_seed
wfpt-10126,porcos,,,10235,,shortlisted_from_wordfreq_seed
wfpt-10127,preciosa,,,10236,,shortlisted_from_wordfreq_seed
wfpt-10128,precisei,,,10237,,shortlisted_from_wordfreq_seed
wfpt-10129,preliminares,,,10238,,shortlisted_from_wordfreq_seed
wfpt-10130,premiada,,,10239,,shortlisted_from_wordfreq_seed
wfpt-10131,preocupam,,,10240,,shortlisted_from_wordfreq_seed
wfpt-10132,prestando,,,10241,,shortlisted_from_wordfreq_seed
wfpt-10133,primas,,,10242,,shortlisted_from_wordfreq_seed
wfpt-10134,profundos,,,10243,,shortlisted_from_wordfreq_seed
wfpt-10135,proporciona,,,10244,,shortlisted_from_wordfreq_seed
wfpt-10136,prostituição,,,10245,,shortlisted_from_wordfreq_seed
wfpt-10137,protegidas,,,10246,,shortlisted_from_wordfreq_seed
wfpt-10138,proveito,,,10247,,shortlisted_from_wordfreq_seed
wfpt-10139,provincial,,,10248,,shortlisted_from_wordfreq_seed
wfpt-10140,punk,,,10249,,shortlisted_from_wordfreq_seed
wfpt-10141,queimada,,,10250,,shortlisted_from_wordfreq_seed
wfpt-10142,queríamos,,,10251,,shortlisted_from_wordfreq_seed
wfpt-10143,questionado,,,10252,,shortlisted_from_wordfreq_seed
wfpt-10145,ralph,,,10254,,shortlisted_from_wordfreq_seed
wfpt-10146,ram,,,10255,,shortlisted_from_wordfreq_seed
wfpt-10147,really,,,10256,,shortlisted_from_wordfreq_seed
wfpt-10148,receba,,,10257,,shortlisted_from_wordfreq_seed
wfpt-10149,reestruturação,,,10258,,shortlisted_from_wordfreq_seed
wfpt-10150,relator,,,10259,,shortlisted_from_wordfreq_seed
wfpt-10151,remix,,,10260,,shortlisted_from_wordfreq_seed
wfpt-10152,respondem,,,10261,,shortlisted_from_wordfreq_seed
wfpt-10153,ressaltar,,,10262,,shortlisted_from_wordfreq_seed
wfpt-10154,restrito,,,10263,,shortlisted_from_wordfreq_seed
wfpt-10155,reúnem,,,10264,,shortlisted_from_wordfreq_seed
wfpt-10156,ria,,,10265,,shortlisted_from_wordfreq_seed
wfpt-10157,rodar,,,10266,,shortlisted_from_wordfreq_seed
wfpt-10158,science,,,10267,,shortlisted_from_wordfreq_seed
wfpt-10159,segundas,,,10268,,shortlisted_from_wordfreq_seed
wfpt-10160,selecionadas,,,10269,,shortlisted_from_wordfreq_seed
wfpt-10161,servo,,,10270,,shortlisted_from_wordfreq_seed
wfpt-10162,sidney,,,10271,,shortlisted_from_wordfreq_seed
wfpt-10163,silveira,,,10272,,shortlisted_from_wordfreq_seed
wfpt-10164,sorrisos,,,10273,,shortlisted_from_wordfreq_seed
wfpt-10165,soul,,,10274,,shortlisted_from_wordfreq_seed
wfpt-10166,studio,,,10275,,shortlisted_from_wordfreq_seed
wfpt-10167,swift,,,10276,,shortlisted_from_wordfreq_seed
wfpt-10168,sétima,,,10277,,shortlisted_from_wordfreq_seed
wfpt-10169,sódio,,,10278,,shortlisted_from_wordfreq_seed
wfpt-10170,tabuleiro,,,10279,,shortlisted_from_wordfreq_seed
wfpt-10171,tentação,,,10280,,shortlisted_from_wordfreq_seed
wfpt-10172,tirem,,,10281,,shortlisted_from_wordfreq_seed
wfpt-10173,tomate,,,10282,,shortlisted_from_wordfreq_seed
wfpt-10174,tornarem,,,10283,,shortlisted_from_wordfreq_seed
wfpt-10175,transações,,,10284,,shortlisted_from_wordfreq_seed
wfpt-10176,transferidos,,,10285,,shortlisted_from_wordfreq_seed
wfpt-10177,trava,,,10286,,shortlisted_from_wordfreq_seed
wfpt-10178,turner,,,10287,,shortlisted_from_wordfreq_seed
wfpt-10179,umidade,,,10288,,shortlisted_from_wordfreq_seed
wfpt-10180,valia,,,10289,,shortlisted_from_wordfreq_seed
wfpt-10181,vestuário,,,10290,,shortlisted_from_wordfreq_seed
wfpt-10182,vinhos,,,10291,,shortlisted_from_wordfreq_seed
wfpt-10183,vitamina,,,10292,,shortlisted_from_wordfreq_seed
wfpt-10184,viável,,,10293,,shortlisted_from_wordfreq_seed
wfpt-10185,voltaria,,,10294,,shortlisted_from_wordfreq_seed
wfpt-10186,warren,,,10295,,shortlisted_from_wordfreq_seed
wfpt-10187,wellington,,,10296,,shortlisted_from_wordfreq_seed
wfpt-10188,íntegra,,,10297,,shortlisted_from_wordfreq_seed
wfpt-10189,abelha,,,10298,,shortlisted_from_wordfreq_seed
wfpt-10190,acalma,,,10299,,shortlisted_from_wordfreq_seed
wfpt-10191,achas,,,10300,,shortlisted_from_wordfreq_seed
wfpt-10192,alusão,,,10301,,shortlisted_from_wordfreq_seed
wfpt-10193,amazônica,,,10302,,shortlisted_from_wordfreq_seed
wfpt-10194,anexo,,,10303,,shortlisted_from_wordfreq_seed
wfpt-10195,antecedentes,,,10304,,shortlisted_from_wordfreq_seed
wfpt-10196,apaixona,,,10305,,shortlisted_from_wordfreq_seed
wfpt-10197,apoiam,,,10306,,shortlisted_from_wordfreq_seed
wfpt-10198,apreensão,,,10307,,shortlisted_from_wordfreq_seed
wfpt-10199,aquário,,,10308,,shortlisted_from_wordfreq_seed
wfpt-10200,ares,,,10309,,shortlisted_from_wordfreq_seed
wfpt-10201,armamento,,,10310,,shortlisted_from_wordfreq_seed
wfpt-10202,assassinados,,,10311,,shortlisted_from_wordfreq_seed
wfpt-10203,ativar,,,10312,,shortlisted_from_wordfreq_seed
wfpt-10204,atlanta,,,10313,,shortlisted_from_wordfreq_seed
wfpt-10205,autorizou,,,10314,,shortlisted_from_wordfreq_seed
wfpt-10206,avenidas,,,10315,,shortlisted_from_wordfreq_seed
wfpt-10207,aéreos,,,10316,,shortlisted_from_wordfreq_seed
wfpt-10208,baiana,,,10317,,shortlisted_from_wordfreq_seed
wfpt-10209,beth,,,10318,,shortlisted_from_wordfreq_seed
wfpt-10210,books,,,10319,,shortlisted_from_wordfreq_seed
wfpt-10211,brisa,,,10320,,shortlisted_from_wordfreq_seed
wfpt-10212,calhar,,,10321,,shortlisted_from_wordfreq_seed
wfpt-10213,canela,,,10322,,shortlisted_from_wordfreq_seed
wfpt-10214,cansados,,,10323,,shortlisted_from_wordfreq_seed
wfpt-10215,cariocas,,,10324,,shortlisted_from_wordfreq_seed
wfpt-10216,cavalaria,,,10325,,shortlisted_from_wordfreq_seed
wfpt-10217,cecília,,,10326,,shortlisted_from_wordfreq_seed
wfpt-10218,chase,,,10327,,shortlisted_from_wordfreq_seed
wfpt-10219,chi,,,10328,,shortlisted_from_wordfreq_seed
wfpt-10220,confederações,,,10329,,shortlisted_from_wordfreq_seed
wfpt-10221,confirmados,,,10330,,shortlisted_from_wordfreq_seed
wfpt-10222,consecutivo,,,10331,,shortlisted_from_wordfreq_seed
wfpt-10223,conseguirá,,,10332,,shortlisted_from_wordfreq_seed
wfpt-10224,consórcio,,,10333,,shortlisted_from_wordfreq_seed
wfpt-10225,contamos,,,10334,,shortlisted_from_wordfreq_seed
wfpt-10226,coordenadora,,,10335,,shortlisted_from_wordfreq_seed
wfpt-10227,coreana,,,10336,,shortlisted_from_wordfreq_seed
wfpt-10228,correspondem,,,10337,,shortlisted_from_wordfreq_seed
wfpt-10229,cortando,,,10338,,shortlisted_from_wordfreq_seed
wfpt-10230,cruzada,,,10339,,shortlisted_from_wordfreq_seed
wfpt-10231,damas,,,10340,,shortlisted_from_wordfreq_seed
wfpt-10232,danças,,,10341,,shortlisted_from_wordfreq_seed
wfpt-10233,deem,,,10342,,shortlisted_from_wordfreq_seed
wfpt-10234,delicado,,,10343,,shortlisted_from_wordfreq_seed
wfpt-10235,desceu,,,10344,,shortlisted_from_wordfreq_seed
wfpt-10236,desejava,,,10345,,shortlisted_from_wordfreq_seed
wfpt-10237,desfrutar,,,10346,,shortlisted_from_wordfreq_seed
wfpt-10238,dominação,,,10347,,shortlisted_from_wordfreq_seed
wfpt-10239,egípcios,,,10348,,shortlisted_from_wordfreq_seed
wfpt-10240,elaborar,,,10349,,shortlisted_from_wordfreq_seed
wfpt-10241,elevadas,,,10350,,shortlisted_from_wordfreq_seed
wfpt-10242,elisa,,,10351,,shortlisted_from_wordfreq_seed
wfpt-10243,engolir,,,10352,,shortlisted_from_wordfreq_seed
wfpt-10244,entenderam,,,10353,,shortlisted_from_wordfreq_seed
wfpt-10245,entrevistados,,,10354,,shortlisted_from_wordfreq_seed
wfpt-10246,escrava,,,10355,,shortlisted_from_wordfreq_seed
wfpt-10247,esportivos,,,10356,,shortlisted_from_wordfreq_seed
wfpt-10248,estarmos,,,10357,,shortlisted_from_wordfreq_seed
wfpt-10249,fan,,,10358,,shortlisted_from_wordfreq_seed
wfpt-10250,filas,,,10359,,shortlisted_from_wordfreq_seed
wfpt-10251,galaxy,,,10360,,shortlisted_from_wordfreq_seed
wfpt-10252,georgia,,,10361,,shortlisted_from_wordfreq_seed
wfpt-10253,gostaram,,,10362,,shortlisted_from_wordfreq_seed
wfpt-10254,graham,,,10363,,shortlisted_from_wordfreq_seed
wfpt-10255,gravada,,,10364,,shortlisted_from_wordfreq_seed
wfpt-10256,gray,,,10365,,shortlisted_from_wordfreq_seed
wfpt-10257,hanna,,,10366,,shortlisted_from_wordfreq_seed
wfpt-10258,homossexualidade,,,10367,,shortlisted_from_wordfreq_seed
wfpt-10259,honrar,,,10368,,shortlisted_from_wordfreq_seed
wfpt-10260,hélio,,,10369,,shortlisted_from_wordfreq_seed
wfpt-10261,inaugurado,,,10370,,shortlisted_from_wordfreq_seed
wfpt-10262,incidência,,,10371,,shortlisted_from_wordfreq_seed
wfpt-10263,influente,,,10372,,shortlisted_from_wordfreq_seed
wfpt-10264,informando,,,10373,,shortlisted_from_wordfreq_seed
wfpt-10265,ingrid,,,10374,,shortlisted_from_wordfreq_seed
wfpt-10266,inspira,,,10375,,shortlisted_from_wordfreq_seed
wfpt-10267,instalou,,,10376,,shortlisted_from_wordfreq_seed
wfpt-10268,interrogatório,,,10377,,shortlisted_from_wordfreq_seed
wfpt-10269,intolerância,,,10378,,shortlisted_from_wordfreq_seed
wfpt-10270,isabella,,,10379,,shortlisted_from_wordfreq_seed
wfpt-10271,jurista,,,10380,,shortlisted_from_wordfreq_seed
wfpt-10272,jurídicos,,,10381,,shortlisted_from_wordfreq_seed
wfpt-10273,keith,,,10382,,shortlisted_from_wordfreq_seed
wfpt-10274,kent,,,10383,,shortlisted_from_wordfreq_seed
wfpt-10275,key,,,10384,,shortlisted_from_wordfreq_seed
wfpt-10276,leito,,,10385,,shortlisted_from_wordfreq_seed
wfpt-10277,lembrem,,,10386,,shortlisted_from_wordfreq_seed
wfpt-10278,levadas,,,10387,,shortlisted_from_wordfreq_seed
wfpt-10279,liminar,,,10388,,shortlisted_from_wordfreq_seed
wfpt-10280,louise,,,10389,,shortlisted_from_wordfreq_seed
wfpt-10281,luciana,,,10390,,shortlisted_from_wordfreq_seed
wfpt-10282,macarrão,,,10391,,shortlisted_from_wordfreq_seed
wfpt-10283,maldito,,,10392,,shortlisted_from_wordfreq_seed
wfpt-10284,mania,,,10393,,shortlisted_from_wordfreq_seed
wfpt-10285,manifestou,,,10394,,shortlisted_from_wordfreq_seed
wfpt-10286,marcam,,,10395,,shortlisted_from_wordfreq_seed
wfpt-10287,mauricio,,,10396,,shortlisted_from_wordfreq_seed
wfpt-10288,mentiu,,,10397,,shortlisted_from_wordfreq_seed
wfpt-10289,merecer,,,10398,,shortlisted_from_wordfreq_seed
wfpt-10290,milionário,,,10399,,shortlisted_from_wordfreq_seed
wfpt-10291,modernidade,,,10400,,shortlisted_from_wordfreq_seed
wfpt-10292,moinho,,,10401,,shortlisted_from_wordfreq_seed
wfpt-10293,moore,,,10402,,shortlisted_from_wordfreq_seed
wfpt-10294,moças,,,10403,,shortlisted_from_wordfreq_seed
wfpt-10295,muscular,,,10404,,shortlisted_from_wordfreq_seed
wfpt-10296,nacionalista,,,10405,,shortlisted_from_wordfreq_seed
wfpt-10297,need,,,10406,,shortlisted_from_wordfreq_seed
wfpt-10298,ocupam,,,10407,,shortlisted_from_wordfreq_seed
wfpt-10299,ocupou,,,10408,,shortlisted_from_wordfreq_seed
wfpt-10300,paradigma,,,10409,,shortlisted_from_wordfreq_seed
wfpt-10301,paranaense,,,10410,,shortlisted_from_wordfreq_seed
wfpt-10302,penetração,,,10411,,shortlisted_from_wordfreq_seed
wfpt-10303,permitiram,,,10412,,shortlisted_from_wordfreq_seed
wfpt-10304,perpétua,,,10413,,shortlisted_from_wordfreq_seed
wfpt-10305,petista,,,10414,,shortlisted_from_wordfreq_seed
wfpt-10306,philip,,,10415,,shortlisted_from_wordfreq_seed
wfpt-10307,plaza,,,10416,,shortlisted_from_wordfreq_seed
wfpt-10308,pleito,,,10417,,shortlisted_from_wordfreq_seed
wfpt-10309,pratica,,,10418,,shortlisted_from_wordfreq_seed
wfpt-10310,praticado,,,10419,,shortlisted_from_wordfreq_seed
wfpt-10311,precisas,,,10420,,shortlisted_from_wordfreq_seed
wfpt-10312,precisavam,,,10421,,shortlisted_from_wordfreq_seed
wfpt-10313,precoce,,,10422,,shortlisted_from_wordfreq_seed
wfpt-10314,preguiça,,,10423,,shortlisted_from_wordfreq_seed
wfpt-10315,preparativos,,,10424,,shortlisted_from_wordfreq_seed
wfpt-10316,price,,,10425,,shortlisted_from_wordfreq_seed
wfpt-10317,propina,,,10426,,shortlisted_from_wordfreq_seed
wfpt-10318,punido,,,10427,,shortlisted_from_wordfreq_seed
wfpt-10319,qualificado,,,10428,,shortlisted_from_wordfreq_seed
wfpt-10320,quintas,,,10429,,shortlisted_from_wordfreq_seed
wfpt-10321,reconhecendo,,,10430,,shortlisted_from_wordfreq_seed
wfpt-10322,referendo,,,10431,,shortlisted_from_wordfreq_seed
wfpt-10323,referiu,,,10432,,shortlisted_from_wordfreq_seed
wfpt-10324,respondi,,,10433,,shortlisted_from_wordfreq_seed
wfpt-10325,riso,,,10434,,shortlisted_from_wordfreq_seed
wfpt-10326,rodríguez,,,10435,,shortlisted_from_wordfreq_seed
wfpt-10327,roraima,,,10436,,shortlisted_from_wordfreq_seed
wfpt-10328,satisfeita,,,10437,,shortlisted_from_wordfreq_seed
wfpt-10329,sentados,,,10438,,shortlisted_from_wordfreq_seed
wfpt-10330,simulação,,,10439,,shortlisted_from_wordfreq_seed
wfpt-10331,solitária,,,10440,,shortlisted_from_wordfreq_seed
wfpt-10332,soviético,,,10441,,shortlisted_from_wordfreq_seed
wfpt-10333,spray,,,10442,,shortlisted_from_wordfreq_seed
wfpt-10334,substitui,,,10443,,shortlisted_from_wordfreq_seed
wfpt-10335,subsídios,,,10444,,shortlisted_from_wordfreq_seed
wfpt-10336,supera,,,10445,,shortlisted_from_wordfreq_seed
wfpt-10337,sérias,,,10446,,shortlisted_from_wordfreq_seed
wfpt-10338,sírio,,,10447,,shortlisted_from_wordfreq_seed
wfpt-10339,trabalhistas,,,10448,,shortlisted_from_wordfreq_seed
wfpt-10340,transformações,,,10449,,shortlisted_from_wordfreq_seed
wfpt-10341,transmite,,,10450,,shortlisted_from_wordfreq_seed
wfpt-10342,uniu,,,10452,,shortlisted_from_wordfreq_seed
wfpt-10343,urina,,,10453,,shortlisted_from_wordfreq_seed
wfpt-10344,vasos,,,10454,,shortlisted_from_wordfreq_seed
wfpt-10345,vestida,,,10455,,shortlisted_from_wordfreq_seed
wfpt-10346,vinícius,,,10456,,shortlisted_from_wordfreq_seed
wfpt-10347,visualização,,,10457,,shortlisted_from_wordfreq_seed
wfpt-10348,vizinhas,,,10458,,shortlisted_from_wordfreq_seed
wfpt-10349,vocalista,,,10459,,shortlisted_from_wordfreq_seed
wfpt-10350,àquele,,,10461,,shortlisted_from_wordfreq_seed
wfpt-10352,órbita,,,10463,,shortlisted_from_wordfreq_seed
wfpt-10353,acessórios,,,10464,,shortlisted_from_wordfreq_seed
wfpt-10354,actos,,,10465,,shortlisted_from_wordfreq_seed
wfpt-10355,adequadas,,,10466,,shortlisted_from_wordfreq_seed
wfpt-10356,administrativos,,,10467,,shortlisted_from_wordfreq_seed
wfpt-10357,aeronave,,,10468,,shortlisted_from_wordfreq_seed
wfpt-10358,afetados,,,10469,,shortlisted_from_wordfreq_seed
wfpt-10359,agrária,,,10470,,shortlisted_from_wordfreq_seed
wfpt-10360,ajudará,,,10471,,shortlisted_from_wordfreq_seed
wfpt-10361,apareça,,,10472,,shortlisted_from_wordfreq_seed
wfpt-10362,argentinos,,,10473,,shortlisted_from_wordfreq_seed
wfpt-10363,arrependimento,,,10474,,shortlisted_from_wordfreq_seed
wfpt-10364,arrogância,,,10475,,shortlisted_from_wordfreq_seed
wfpt-10365,assinaram,,,10476,,shortlisted_from_wordfreq_seed
wfpt-10366,aumentaram,,,10477,,shortlisted_from_wordfreq_seed
wfpt-10367,blake,,,10478,,shortlisted_from_wordfreq_seed
wfpt-10368,bon,,,10479,,shortlisted_from_wordfreq_seed
wfpt-10369,bosque,,,10480,,shortlisted_from_wordfreq_seed
wfpt-10370,break,,,10481,,shortlisted_from_wordfreq_seed
wfpt-10371,caixão,,,10482,,shortlisted_from_wordfreq_seed
wfpt-10372,cam,,,10483,,shortlisted_from_wordfreq_seed
wfpt-10373,caravana,,,10484,,shortlisted_from_wordfreq_seed
wfpt-10374,castanho,,,10485,,shortlisted_from_wordfreq_seed
wfpt-10375,catherine,,,10486,,shortlisted_from_wordfreq_seed
wfpt-10376,caí,,,10487,,shortlisted_from_wordfreq_seed
wfpt-10377,cercada,,,10488,,shortlisted_from_wordfreq_seed
wfpt-10378,chocado,,,10489,,shortlisted_from_wordfreq_seed
wfpt-10379,ciro,,,10490,,shortlisted_from_wordfreq_seed
wfpt-10380,claire,,,10491,,shortlisted_from_wordfreq_seed
wfpt-10381,colunista,,,10492,,shortlisted_from_wordfreq_seed
wfpt-10382,comerciante,,,10493,,shortlisted_from_wordfreq_seed
wfpt-10383,começarem,,,10494,,shortlisted_from_wordfreq_seed
wfpt-10384,company,,,10495,,shortlisted_from_wordfreq_seed
wfpt-10385,compartilhado,,,10496,,shortlisted_from_wordfreq_seed
wfpt-10386,completas,,,10497,,shortlisted_from_wordfreq_seed
wfpt-10387,concessões,,,10498,,shortlisted_from_wordfreq_seed
wfpt-10388,conduziu,,,10499,,shortlisted_from_wordfreq_seed
wfpt-10389,conseguirem,,,10500,,shortlisted_from_wordfreq_seed
wfpt-10390,consultar,,,10501,,shortlisted_from_wordfreq_seed
wfpt-10391,contaram,,,10502,,shortlisted_from_wordfreq_seed
wfpt-10392,contextos,,,10503,,shortlisted_from_wordfreq_seed
wfpt-10393,continuando,,,10504,,shortlisted_from_wordfreq_seed
wfpt-10394,corpus,,,10505,,shortlisted_from_wordfreq_seed
wfpt-10395,criativas,,,10506,,shortlisted_from_wordfreq_seed
wfpt-10396,criminais,,,10507,,shortlisted_from_wordfreq_seed
wfpt-10397,criticando,,,10508,,shortlisted_from_wordfreq_seed
wfpt-10398,crânio,,,10509,,shortlisted_from_wordfreq_seed
wfpt-10399,deixada,,,10510,,shortlisted_from_wordfreq_seed
wfpt-10400,desastres,,,10511,,shortlisted_from_wordfreq_seed
wfpt-10401,desembargador,,,10512,,shortlisted_from_wordfreq_seed
wfpt-10402,devolve,,,10513,,shortlisted_from_wordfreq_seed
wfpt-10403,discutido,,,10514,,shortlisted_from_wordfreq_seed
wfpt-10404,disparou,,,10515,,shortlisted_from_wordfreq_seed
wfpt-10405,divulgadas,,,10516,,shortlisted_from_wordfreq_seed
wfpt-10406,divulgando,,,10517,,shortlisted_from_wordfreq_seed
wfpt-10407,egípcia,,,10518,,shortlisted_from_wordfreq_seed
wfpt-10408,elaborada,,,10519,,shortlisted_from_wordfreq_seed
wfpt-10409,elétricas,,,10520,,shortlisted_from_wordfreq_seed
wfpt-10410,encerrada,,,10521,,shortlisted_from_wordfreq_seed
wfpt-10411,encontrarem,,,10522,,shortlisted_from_wordfreq_seed
wfpt-10412,enrique,,,10523,,shortlisted_from_wordfreq_seed
wfpt-10413,equação,,,10524,,shortlisted_from_wordfreq_seed
wfpt-10414,errar,,,10525,,shortlisted_from_wordfreq_seed
wfpt-10415,estadunidense,,,10526,,shortlisted_from_wordfreq_seed
wfpt-10416,estudei,,,10527,,shortlisted_from_wordfreq_seed
wfpt-10417,estímulo,,,10528,,shortlisted_from_wordfreq_seed
wfpt-10418,evita,,,10529,,shortlisted_from_wordfreq_seed
wfpt-10419,excepto,,,10530,,shortlisted_from_wordfreq_seed
wfpt-10420,exerce,,,10531,,shortlisted_from_wordfreq_seed
wfpt-10421,experiente,,,10532,,shortlisted_from_wordfreq_seed
wfpt-10422,feed,,,10533,,shortlisted_from_wordfreq_seed
wfpt-10423,ficavam,,,10534,,shortlisted_from_wordfreq_seed
wfpt-10424,finalização,,,10535,,shortlisted_from_wordfreq_seed
wfpt-10425,fodendo,,,10536,,shortlisted_from_wordfreq_seed
wfpt-10426,formigas,,,10537,,shortlisted_from_wordfreq_seed
wfpt-10427,fotográfico,,,10538,,shortlisted_from_wordfreq_seed
wfpt-10428,gana,,,10539,,shortlisted_from_wordfreq_seed
wfpt-10429,ganhador,,,10540,,shortlisted_from_wordfreq_seed
wfpt-10430,gostado,,,10541,,shortlisted_from_wordfreq_seed
wfpt-10431,gostariam,,,10542,,shortlisted_from_wordfreq_seed
wfpt-10432,gostas,,,10543,,shortlisted_from_wordfreq_seed
wfpt-10433,guarulhos,,,10544,,shortlisted_from_wordfreq_seed
wfpt-10434,hannah,,,10545,,shortlisted_from_wordfreq_seed
wfpt-10435,horizontal,,,10546,,shortlisted_from_wordfreq_seed
wfpt-10436,identificada,,,10547,,shortlisted_from_wordfreq_seed
wfpt-10437,ignora,,,10548,,shortlisted_from_wordfreq_seed
wfpt-10438,intervir,,,10549,,shortlisted_from_wordfreq_seed
wfpt-10439,june,,,10550,,shortlisted_from_wordfreq_seed
wfpt-10440,legalidade,,,10551,,shortlisted_from_wordfreq_seed
wfpt-10441,lutaram,,,10552,,shortlisted_from_wordfreq_seed
wfpt-10442,lâmpada,,,10553,,shortlisted_from_wordfreq_seed
wfpt-10443,manuais,,,10554,,shortlisted_from_wordfreq_seed
wfpt-10444,mao,,,10555,,shortlisted_from_wordfreq_seed
wfpt-10445,marcação,,,10556,,shortlisted_from_wordfreq_seed
wfpt-10446,marcela,,,10557,,shortlisted_from_wordfreq_seed
wfpt-10447,marque,,,10558,,shortlisted_from_wordfreq_seed
wfpt-10448,matrícula,,,10559,,shortlisted_from_wordfreq_seed
wfpt-10449,mentiroso,,,10560,,shortlisted_from_wordfreq_seed
wfpt-10450,meteu,,,10561,,shortlisted_from_wordfreq_seed
wfpt-10451,mexicanos,,,10562,,shortlisted_from_wordfreq_seed
wfpt-10452,milímetros,,,10563,,shortlisted_from_wordfreq_seed
wfpt-10453,minério,,,10564,,shortlisted_from_wordfreq_seed
wfpt-10454,misturar,,,10565,,shortlisted_from_wordfreq_seed
wfpt-10455,mitchell,,,10566,,shortlisted_from_wordfreq_seed
wfpt-10456,modificação,,,10567,,shortlisted_from_wordfreq_seed
wfpt-10457,montante,,,10568,,shortlisted_from_wordfreq_seed
wfpt-10458,munições,,,10569,,shortlisted_from_wordfreq_seed
wfpt-10459,mínimos,,,10570,,shortlisted_from_wordfreq_seed
wfpt-10460,nascem,,,10571,,shortlisted_from_wordfreq_seed
wfpt-10461,nomeada,,,10572,,shortlisted_from_wordfreq_seed
wfpt-10462,noticiário,,,10573,,shortlisted_from_wordfreq_seed
wfpt-10463,notificações,,,10574,,shortlisted_from_wordfreq_seed
wfpt-10464,oitava,,,10575,,shortlisted_from_wordfreq_seed
wfpt-10465,olhava,,,10576,,shortlisted_from_wordfreq_seed
wfpt-10466,operadora,,,10577,,shortlisted_from_wordfreq_seed
wfpt-10467,otimista,,,10578,,shortlisted_from_wordfreq_seed
wfpt-10468,ouvem,,,10579,,shortlisted_from_wordfreq_seed
wfpt-10469,pacífica,,,10580,,shortlisted_from_wordfreq_seed
wfpt-10470,pastores,,,10581,,shortlisted_from_wordfreq_seed
wfpt-10471,patricia,,,10582,,shortlisted_from_wordfreq_seed
wfpt-10472,pegada,,,10583,,shortlisted_from_wordfreq_seed
wfpt-10473,pertencer,,,10584,,shortlisted_from_wordfreq_seed
wfpt-10474,plantações,,,10585,,shortlisted_from_wordfreq_seed
wfpt-10475,pneu,,,10586,,shortlisted_from_wordfreq_seed
wfpt-10476,politica,,,10587,,shortlisted_from_wordfreq_seed
wfpt-10477,pote,,,10588,,shortlisted_from_wordfreq_seed
wfpt-10478,preferir,,,10589,,shortlisted_from_wordfreq_seed
wfpt-10479,preparou,,,10590,,shortlisted_from_wordfreq_seed
wfpt-10480,procuramos,,,10591,,shortlisted_from_wordfreq_seed
wfpt-10481,produtivo,,,10592,,shortlisted_from_wordfreq_seed
wfpt-10482,promotoria,,,10593,,shortlisted_from_wordfreq_seed
wfpt-10483,propagação,,,10594,,shortlisted_from_wordfreq_seed
wfpt-10484,propósitos,,,10595,,shortlisted_from_wordfreq_seed
wfpt-10485,protegê,,,10596,,shortlisted_from_wordfreq_seed
wfpt-10486,prémios,,,10597,,shortlisted_from_wordfreq_seed
wfpt-10487,pérola,,,10598,,shortlisted_from_wordfreq_seed
wfpt-10488,recorda,,,10599,,shortlisted_from_wordfreq_seed
wfpt-10489,recrutamento,,,10600,,shortlisted_from_wordfreq_seed
wfpt-10490,reforça,,,10601,,shortlisted_from_wordfreq_seed
wfpt-10491,reforços,,,10602,,shortlisted_from_wordfreq_seed
wfpt-10492,reitoria,,,10603,,shortlisted_from_wordfreq_seed
wfpt-10493,rejeitado,,,10604,,shortlisted_from_wordfreq_seed
wfpt-10494,rejeitou,,,10605,,shortlisted_from_wordfreq_seed
wfpt-10495,relaciona,,,10606,,shortlisted_from_wordfreq_seed
wfpt-10496,reservatório,,,10607,,shortlisted_from_wordfreq_seed
wfpt-10497,rim,,,10608,,shortlisted_from_wordfreq_seed
wfpt-10498,saltar,,,10609,,shortlisted_from_wordfreq_seed
wfpt-10499,saltos,,,10610,,shortlisted_from_wordfreq_seed
wfpt-10500,selecionado,,,10611,,shortlisted_from_wordfreq_seed
wfpt-10501,selecção,,,10612,,shortlisted_from_wordfreq_seed
wfpt-10502,selos,,,10613,,shortlisted_from_wordfreq_seed
wfpt-10503,simplicidade,,,10614,,shortlisted_from_wordfreq_seed
wfpt-10504,sofria,,,10615,,shortlisted_from_wordfreq_seed
wfpt-10505,solares,,,10616,,shortlisted_from_wordfreq_seed
wfpt-10506,sombrio,,,10617,,shortlisted_from_wordfreq_seed
wfpt-10507,sugiro,,,10618,,shortlisted_from_wordfreq_seed
wfpt-10508,suspense,,,10619,,shortlisted_from_wordfreq_seed
wfpt-10509,tornará,,,10620,,shortlisted_from_wordfreq_seed
wfpt-10510,trabalhadora,,,10621,,shortlisted_from_wordfreq_seed
wfpt-10511,treinado,,,10622,,shortlisted_from_wordfreq_seed
wfpt-10512,tunísia,,,10623,,shortlisted_from_wordfreq_seed
wfpt-10513,turista,,,10624,,shortlisted_from_wordfreq_seed
wfpt-10514,tímido,,,10625,,shortlisted_from_wordfreq_seed
wfpt-10515,viii,,,10626,,shortlisted_from_wordfreq_seed
wfpt-10516,visitado,,,10627,,shortlisted_from_wordfreq_seed
wfpt-10517,visitaram,,,10628,,shortlisted_from_wordfreq_seed
wfpt-10518,voltava,,,10629,,shortlisted_from_wordfreq_seed
wfpt-10519,ward,,,10630,,shortlisted_from_wordfreq_seed
wfpt-10520,where,,,10631,,shortlisted_from_wordfreq_seed
wfpt-10521,women,,,10632,,shortlisted_from_wordfreq_seed
wfpt-10522,aceitamos,,,10634,,shortlisted_from_wordfreq_seed
wfpt-10523,acelerado,,,10635,,shortlisted_from_wordfreq_seed
wfpt-10524,acidentalmente,,,10636,,shortlisted_from_wordfreq_seed
wfpt-10525,acostumar,,,10637,,shortlisted_from_wordfreq_seed
wfpt-10526,acusada,,,10638,,shortlisted_from_wordfreq_seed
wfpt-10527,acústica,,,10639,,shortlisted_from_wordfreq_seed
wfpt-10528,adams,,,10640,,shortlisted_from_wordfreq_seed
wfpt-10529,afetado,,,10641,,shortlisted_from_wordfreq_seed
wfpt-10530,afins,,,10642,,shortlisted_from_wordfreq_seed
wfpt-10531,alfabeto,,,10643,,shortlisted_from_wordfreq_seed
wfpt-10532,ameaçado,,,10644,,shortlisted_from_wordfreq_seed
wfpt-10533,anatomia,,,10645,,shortlisted_from_wordfreq_seed
wfpt-10534,animar,,,10646,,shortlisted_from_wordfreq_seed
wfpt-10535,antecipação,,,10647,,shortlisted_from_wordfreq_seed
wfpt-10536,anão,,,10648,,shortlisted_from_wordfreq_seed
wfpt-10537,aparecida,,,10649,,shortlisted_from_wordfreq_seed
wfpt-10538,aposentar,,,10650,,shortlisted_from_wordfreq_seed
wfpt-10539,apresentava,,,10651,,shortlisted_from_wordfreq_seed
wfpt-10540,argumentou,,,10652,,shortlisted_from_wordfreq_seed
wfpt-10541,armazém,,,10653,,shortlisted_from_wordfreq_seed
wfpt-10542,ashley,,,10654,,shortlisted_from_wordfreq_seed
wfpt-10543,assistido,,,10655,,shortlisted_from_wordfreq_seed
wfpt-10544,assumido,,,10656,,shortlisted_from_wordfreq_seed
wfpt-10545,atendendo,,,10657,,shortlisted_from_wordfreq_seed
wfpt-10546,aveiro,,,10658,,shortlisted_from_wordfreq_seed
wfpt-10547,açores,,,10659,,shortlisted_from_wordfreq_seed
wfpt-10548,betty,,,10660,,shortlisted_from_wordfreq_seed
wfpt-10549,botânico,,,10661,,shortlisted_from_wordfreq_seed
wfpt-10550,brandão,,,10662,,shortlisted_from_wordfreq_seed
wfpt-10551,cacete,,,10663,,shortlisted_from_wordfreq_seed
wfpt-10552,calcular,,,10664,,shortlisted_from_wordfreq_seed
wfpt-10553,camisetas,,,10665,,shortlisted_from_wordfreq_seed
wfpt-10554,captar,,,10666,,shortlisted_from_wordfreq_seed
wfpt-10555,carregamento,,,10667,,shortlisted_from_wordfreq_seed
wfpt-10556,cartoon,,,10668,,shortlisted_from_wordfreq_seed
wfpt-10557,cativeiro,,,10669,,shortlisted_from_wordfreq_seed
wfpt-10558,chipre,,,10670,,shortlisted_from_wordfreq_seed
wfpt-10559,clinton,,,10671,,shortlisted_from_wordfreq_seed
wfpt-10560,colaborou,,,10672,,shortlisted_from_wordfreq_seed
wfpt-10561,coloquem,,,10673,,shortlisted_from_wordfreq_seed
wfpt-10562,comandar,,,10674,,shortlisted_from_wordfreq_seed
wfpt-10563,começava,,,10675,,shortlisted_from_wordfreq_seed
wfpt-10564,compatível,,,10676,,shortlisted_from_wordfreq_seed
wfpt-10565,comprometido,,,10677,,shortlisted_from_wordfreq_seed
wfpt-10566,compõe,,,10678,,shortlisted_from_wordfreq_seed
wfpt-10567,concede,,,10679,,shortlisted_from_wordfreq_seed
wfpt-10568,concordam,,,10680,,shortlisted_from_wordfreq_seed
wfpt-10569,conseguiria,,,10681,,shortlisted_from_wordfreq_seed
wfpt-10570,constrói,,,10682,,shortlisted_from_wordfreq_seed
wfpt-10571,contada,,,10683,,shortlisted_from_wordfreq_seed
wfpt-10572,contrapartida,,,10684,,shortlisted_from_wordfreq_seed
wfpt-10573,coordenar,,,10685,,shortlisted_from_wordfreq_seed
wfpt-10574,corajosa,,,10686,,shortlisted_from_wordfreq_seed
wfpt-10575,culpados,,,10687,,shortlisted_from_wordfreq_seed
wfpt-10576,damon,,,10688,,shortlisted_from_wordfreq_seed
wfpt-10577,declarada,,,10689,,shortlisted_from_wordfreq_seed
wfpt-10578,defesas,,,10690,,shortlisted_from_wordfreq_seed
wfpt-10579,denuncia,,,10691,,shortlisted_from_wordfreq_seed
wfpt-10580,descendente,,,10692,,shortlisted_from_wordfreq_seed
wfpt-10581,desvantagem,,,10693,,shortlisted_from_wordfreq_seed
wfpt-10582,dezoito,,,10694,,shortlisted_from_wordfreq_seed
wfpt-10583,diferencial,,,10695,,shortlisted_from_wordfreq_seed
wfpt-10584,dilema,,,10696,,shortlisted_from_wordfreq_seed
wfpt-10585,disponibilizar,,,10697,,shortlisted_from_wordfreq_seed
wfpt-10586,dizemos,,,10698,,shortlisted_from_wordfreq_seed
wfpt-10587,domina,,,10699,,shortlisted_from_wordfreq_seed
wfpt-10588,doutora,,,10700,,shortlisted_from_wordfreq_seed
wfpt-10589,engajamento,,,10701,,shortlisted_from_wordfreq_seed
wfpt-10590,errou,,,10702,,shortlisted_from_wordfreq_seed
wfpt-10591,escalar,,,10703,,shortlisted_from_wordfreq_seed
wfpt-10592,escultura,,,10704,,shortlisted_from_wordfreq_seed
wfpt-10593,escuras,,,10705,,shortlisted_from_wordfreq_seed
wfpt-10594,estadão,,,10706,,shortlisted_from_wordfreq_seed
wfpt-10595,estritamente,,,10707,,shortlisted_from_wordfreq_seed
wfpt-10596,europe,,,10708,,shortlisted_from_wordfreq_seed
wfpt-10597,evoluir,,,10709,,shortlisted_from_wordfreq_seed
wfpt-10598,exigiu,,,10710,,shortlisted_from_wordfreq_seed
wfpt-10599,experientes,,,10711,,shortlisted_from_wordfreq_seed
wfpt-10600,express,,,10712,,shortlisted_from_wordfreq_seed
wfpt-10601,extenso,,,10713,,shortlisted_from_wordfreq_seed
wfpt-10602,fabiano,,,10714,,shortlisted_from_wordfreq_seed
wfpt-10603,falavam,,,10715,,shortlisted_from_wordfreq_seed
wfpt-10604,falecimento,,,10716,,shortlisted_from_wordfreq_seed
wfpt-10605,farta,,,10717,,shortlisted_from_wordfreq_seed
wfpt-10606,farto,,,10718,,shortlisted_from_wordfreq_seed
wfpt-10607,finalizar,,,10719,,shortlisted_from_wordfreq_seed
wfpt-10608,flávia,,,10720,,shortlisted_from_wordfreq_seed
wfpt-10609,focado,,,10721,,shortlisted_from_wordfreq_seed
wfpt-10610,fogão,,,10722,,shortlisted_from_wordfreq_seed
wfpt-10611,folclore,,,10723,,shortlisted_from_wordfreq_seed
wfpt-10612,forever,,,10724,,shortlisted_from_wordfreq_seed
wfpt-10613,formações,,,10725,,shortlisted_from_wordfreq_seed
wfpt-10614,fortalece,,,10726,,shortlisted_from_wordfreq_seed
wfpt-10615,fotógrafos,,,10727,,shortlisted_from_wordfreq_seed
wfpt-10616,fundamentos,,,10728,,shortlisted_from_wordfreq_seed
wfpt-10617,galinhas,,,10729,,shortlisted_from_wordfreq_seed
wfpt-10618,gatinho,,,10730,,shortlisted_from_wordfreq_seed
wfpt-10619,gran,,,10731,,shortlisted_from_wordfreq_seed
wfpt-10620,guanabara,,,10732,,shortlisted_from_wordfreq_seed
wfpt-10621,guardian,,,10733,,shortlisted_from_wordfreq_seed
wfpt-10622,havana,,,10734,,shortlisted_from_wordfreq_seed
wfpt-10623,head,,,10735,,shortlisted_from_wordfreq_seed
wfpt-10624,hulk,,,10736,,shortlisted_from_wordfreq_seed
wfpt-10625,individualmente,,,10737,,shortlisted_from_wordfreq_seed
wfpt-10626,internamente,,,10738,,shortlisted_from_wordfreq_seed
wfpt-10627,investigando,,,10739,,shortlisted_from_wordfreq_seed
wfpt-10628,irônico,,,10740,,shortlisted_from_wordfreq_seed
wfpt-10629,joy,,,10741,,shortlisted_from_wordfreq_seed
wfpt-10630,juazeiro,,,10742,,shortlisted_from_wordfreq_seed
wfpt-10631,lenha,,,10743,,shortlisted_from_wordfreq_seed
wfpt-10632,likes,,,10744,,shortlisted_from_wordfreq_seed
wfpt-10633,localiza,,,10745,,shortlisted_from_wordfreq_seed
wfpt-10634,logotipo,,,10746,,shortlisted_from_wordfreq_seed
wfpt-10635,lorenzo,,,10747,,shortlisted_from_wordfreq_seed
wfpt-10636,lotado,,,10748,,shortlisted_from_wordfreq_seed
wfpt-10637,madison,,,10749,,shortlisted_from_wordfreq_seed
wfpt-10638,maestro,,,10750,,shortlisted_from_wordfreq_seed
wfpt-10639,majestade,,,10751,,shortlisted_from_wordfreq_seed
wfpt-10640,management,,,10752,,shortlisted_from_wordfreq_seed
wfpt-10641,mandioca,,,10753,,shortlisted_from_wordfreq_seed
wfpt-10642,marcantes,,,10754,,shortlisted_from_wordfreq_seed
wfpt-10643,marx,,,10755,,shortlisted_from_wordfreq_seed
wfpt-10644,mascote,,,10756,,shortlisted_from_wordfreq_seed
wfpt-10645,melodia,,,10757,,shortlisted_from_wordfreq_seed
wfpt-10646,mencionados,,,10758,,shortlisted_from_wordfreq_seed
wfpt-10647,morri,,,10759,,shortlisted_from_wordfreq_seed
wfpt-10648,mostro,,,10760,,shortlisted_from_wordfreq_seed
wfpt-10649,mártires,,,10761,,shortlisted_from_wordfreq_seed
wfpt-10650,nice,,,10762,,shortlisted_from_wordfreq_seed
wfpt-10651,nico,,,10763,,shortlisted_from_wordfreq_seed
wfpt-10652,ninguem,,,10764,,shortlisted_from_wordfreq_seed
wfpt-10653,obrigou,,,10765,,shortlisted_from_wordfreq_seed
wfpt-10654,ocasionalmente,,,10766,,shortlisted_from_wordfreq_seed
wfpt-10655,palpite,,,10767,,shortlisted_from_wordfreq_seed
wfpt-10656,parecidos,,,10768,,shortlisted_from_wordfreq_seed
wfpt-10657,patentes,,,10769,,shortlisted_from_wordfreq_seed
wfpt-10658,percebendo,,,10770,,shortlisted_from_wordfreq_seed
wfpt-10659,pisa,,,10771,,shortlisted_from_wordfreq_seed
wfpt-10660,plantio,,,10772,,shortlisted_from_wordfreq_seed
wfpt-10661,porno,,,10773,,shortlisted_from_wordfreq_seed
wfpt-10662,pouso,,,10774,,shortlisted_from_wordfreq_seed
wfpt-10663,preconceitos,,,10775,,shortlisted_from_wordfreq_seed
wfpt-10664,privatização,,,10776,,shortlisted_from_wordfreq_seed
wfpt-10665,produtividade,,,10777,,shortlisted_from_wordfreq_seed
wfpt-10666,provocado,,,10778,,shortlisted_from_wordfreq_seed
wfpt-10667,punir,,,10779,,shortlisted_from_wordfreq_seed
wfpt-10668,recebidas,,,10780,,shortlisted_from_wordfreq_seed
wfpt-10669,renovado,,,10781,,shortlisted_from_wordfreq_seed
wfpt-10670,repleta,,,10782,,shortlisted_from_wordfreq_seed
wfpt-10671,revolucionários,,,10783,,shortlisted_from_wordfreq_seed
wfpt-10672,rigor,,,10784,,shortlisted_from_wordfreq_seed
wfpt-10673,roll,,,10785,,shortlisted_from_wordfreq_seed
wfpt-10674,rígido,,,10786,,shortlisted_from_wordfreq_seed
wfpt-10675,sabão,,,10787,,shortlisted_from_wordfreq_seed
wfpt-10676,sacrifícios,,,10788,,shortlisted_from_wordfreq_seed
wfpt-10677,shop,,,10789,,shortlisted_from_wordfreq_seed
wfpt-10678,significativos,,,10790,,shortlisted_from_wordfreq_seed
wfpt-10679,significava,,,10791,,shortlisted_from_wordfreq_seed
wfpt-10680,signo,,,10792,,shortlisted_from_wordfreq_seed
wfpt-10681,submissão,,,10793,,shortlisted_from_wordfreq_seed
wfpt-10682,sucedidos,,,10794,,shortlisted_from_wordfreq_seed
wfpt-10683,sujeira,,,10795,,shortlisted_from_wordfreq_seed
wfpt-10684,surpreendeu,,,10796,,shortlisted_from_wordfreq_seed
wfpt-10685,surreal,,,10797,,shortlisted_from_wordfreq_seed
wfpt-10686,suspender,,,10798,,shortlisted_from_wordfreq_seed
wfpt-10687,thompson,,,10799,,shortlisted_from_wordfreq_seed
wfpt-10688,titulo,,,10800,,shortlisted_from_wordfreq_seed
wfpt-10689,tornei,,,10801,,shortlisted_from_wordfreq_seed
wfpt-10690,traje,,,10802,,shortlisted_from_wordfreq_seed
wfpt-10691,trazia,,,10803,,shortlisted_from_wordfreq_seed
wfpt-10692,treinados,,,10804,,shortlisted_from_wordfreq_seed
wfpt-10693,treinamentos,,,10805,,shortlisted_from_wordfreq_seed
wfpt-10694,treinando,,,10806,,shortlisted_from_wordfreq_seed
wfpt-10695,tres,,,10807,,shortlisted_from_wordfreq_seed
wfpt-10696,trilogia,,,10808,,shortlisted_from_wordfreq_seed
wfpt-10697,turística,,,10809,,shortlisted_from_wordfreq_seed
wfpt-10698,térmica,,,10810,,shortlisted_from_wordfreq_seed
wfpt-10699,veia,,,10811,,shortlisted_from_wordfreq_seed
wfpt-10700,viciada,,,10812,,shortlisted_from_wordfreq_seed
wfpt-10701,vulneráveis,,,10813,,shortlisted_from_wordfreq_seed
wfpt-10702,why,,,10814,,shortlisted_from_wordfreq_seed
wfpt-10703,abolição,,,10815,,shortlisted_from_wordfreq_seed
wfpt-10704,absurda,,,10816,,shortlisted_from_wordfreq_seed
wfpt-10705,acender,,,10817,,shortlisted_from_wordfreq_seed
wfpt-10706,acionistas,,,10818,,shortlisted_from_wordfreq_seed
wfpt-10707,acontecesse,,,10819,,shortlisted_from_wordfreq_seed
wfpt-10708,acústico,,,10820,,shortlisted_from_wordfreq_seed
wfpt-10709,adjunto,,,10821,,shortlisted_from_wordfreq_seed
wfpt-10710,admirar,,,10822,,shortlisted_from_wordfreq_seed
wfpt-10711,agregado,,,10823,,shortlisted_from_wordfreq_seed
wfpt-10712,agronegócio,,,10824,,shortlisted_from_wordfreq_seed
wfpt-10713,alfabetização,,,10825,,shortlisted_from_wordfreq_seed
wfpt-10714,allan,,,10826,,shortlisted_from_wordfreq_seed
wfpt-10715,angra,,,10827,,shortlisted_from_wordfreq_seed
wfpt-10716,ansiosos,,,10828,,shortlisted_from_wordfreq_seed
wfpt-10717,apaixonou,,,10829,,shortlisted_from_wordfreq_seed
wfpt-10718,atrasos,,,10830,,shortlisted_from_wordfreq_seed
wfpt-10719,atribuída,,,10831,,shortlisted_from_wordfreq_seed
wfpt-10720,august,,,10832,,shortlisted_from_wordfreq_seed
wfpt-10721,autoestima,,,10833,,shortlisted_from_wordfreq_seed
wfpt-10722,baixada,,,10834,,shortlisted_from_wordfreq_seed
wfpt-10723,baker,,,10835,,shortlisted_from_wordfreq_seed
wfpt-10724,barraca,,,10836,,shortlisted_from_wordfreq_seed
wfpt-10725,beatles,,,10837,,shortlisted_from_wordfreq_seed
wfpt-10726,beck,,,10838,,shortlisted_from_wordfreq_seed
wfpt-10727,beijando,,,10839,,shortlisted_from_wordfreq_seed
wfpt-10728,biológico,,,10840,,shortlisted_from_wordfreq_seed
wfpt-10729,british,,,10841,,shortlisted_from_wordfreq_seed
wfpt-10730,bruta,,,10842,,shortlisted_from_wordfreq_seed
wfpt-10731,budapeste,,,10843,,shortlisted_from_wordfreq_seed
wfpt-10732,bull,,,10844,,shortlisted_from_wordfreq_seed
wfpt-10733,cais,,,10845,,shortlisted_from_wordfreq_seed
wfpt-10734,caldas,,,10846,,shortlisted_from_wordfreq_seed
wfpt-10735,capacete,,,10847,,shortlisted_from_wordfreq_seed
wfpt-10736,careca,,,10848,,shortlisted_from_wordfreq_seed
wfpt-10737,carentes,,,10849,,shortlisted_from_wordfreq_seed
wfpt-10738,cegos,,,10850,,shortlisted_from_wordfreq_seed
wfpt-10739,celebridade,,,10851,,shortlisted_from_wordfreq_seed
wfpt-10740,centenário,,,10852,,shortlisted_from_wordfreq_seed
wfpt-10741,chique,,,10853,,shortlisted_from_wordfreq_seed
wfpt-10742,class,,,10854,,shortlisted_from_wordfreq_seed
wfpt-10743,clicar,,,10855,,shortlisted_from_wordfreq_seed
wfpt-10744,cofres,,,10856,,shortlisted_from_wordfreq_seed
wfpt-10745,colecção,,,10857,,shortlisted_from_wordfreq_seed
wfpt-10746,colin,,,10858,,shortlisted_from_wordfreq_seed
wfpt-10747,comediante,,,10859,,shortlisted_from_wordfreq_seed
wfpt-10748,comercialização,,,10860,,shortlisted_from_wordfreq_seed
wfpt-10749,completando,,,10861,,shortlisted_from_wordfreq_seed
wfpt-10750,comunhão,,,10862,,shortlisted_from_wordfreq_seed
wfpt-10751,condenada,,,10863,,shortlisted_from_wordfreq_seed
wfpt-10752,considerações,,,10864,,shortlisted_from_wordfreq_seed
wfpt-10753,construídos,,,10865,,shortlisted_from_wordfreq_seed
wfpt-10754,corporações,,,10866,,shortlisted_from_wordfreq_seed
wfpt-10755,correção,,,10867,,shortlisted_from_wordfreq_seed
wfpt-10756,coréia,,,10868,,shortlisted_from_wordfreq_seed
wfpt-10757,cresceram,,,10869,,shortlisted_from_wordfreq_seed
wfpt-10758,cristóvão,,,10870,,shortlisted_from_wordfreq_seed
wfpt-10759,cruzes,,,10871,,shortlisted_from_wordfreq_seed
wfpt-10760,cumpre,,,10872,,shortlisted_from_wordfreq_seed
wfpt-10761,darem,,,10873,,shortlisted_from_wordfreq_seed
wfpt-10762,descrevendo,,,10874,,shortlisted_from_wordfreq_seed
wfpt-10763,desejamos,,,10875,,shortlisted_from_wordfreq_seed
wfpt-10764,desiste,,,10876,,shortlisted_from_wordfreq_seed
wfpt-10765,desrespeito,,,10877,,shortlisted_from_wordfreq_seed
wfpt-10766,development,,,10878,,shortlisted_from_wordfreq_seed
wfpt-10767,ditas,,,10879,,shortlisted_from_wordfreq_seed
wfpt-10768,dormia,,,10880,,shortlisted_from_wordfreq_seed
wfpt-10769,dramático,,,10881,,shortlisted_from_wordfreq_seed
wfpt-10770,durmo,,,10882,,shortlisted_from_wordfreq_seed
wfpt-10772,económicas,,,10884,,shortlisted_from_wordfreq_seed
wfpt-10773,emboscada,,,10885,,shortlisted_from_wordfreq_seed
wfpt-10774,empresariais,,,10886,,shortlisted_from_wordfreq_seed
wfpt-10775,encantado,,,10887,,shortlisted_from_wordfreq_seed
wfpt-10776,encanto,,,10888,,shortlisted_from_wordfreq_seed
wfpt-10777,escuros,,,10889,,shortlisted_from_wordfreq_seed
wfpt-10778,espalha,,,10890,,shortlisted_from_wordfreq_seed
wfpt-10779,especializados,,,10891,,shortlisted_from_wordfreq_seed
wfpt-10780,especialização,,,10892,,shortlisted_from_wordfreq_seed
wfpt-10781,esperada,,,10893,,shortlisted_from_wordfreq_seed
wfpt-10782,excepção,,,10894,,shortlisted_from_wordfreq_seed
wfpt-10783,expulsa,,,10895,,shortlisted_from_wordfreq_seed
wfpt-10784,exércitos,,,10896,,shortlisted_from_wordfreq_seed
wfpt-10785,fixado,,,10897,,shortlisted_from_wordfreq_seed
wfpt-10786,foguete,,,10898,,shortlisted_from_wordfreq_seed
wfpt-10787,formaram,,,10899,,shortlisted_from_wordfreq_seed
wfpt-10788,generalizada,,,10900,,shortlisted_from_wordfreq_seed
wfpt-10789,grades,,,10901,,shortlisted_from_wordfreq_seed
wfpt-10790,habitam,,,10902,,shortlisted_from_wordfreq_seed
wfpt-10791,humberto,,,10903,,shortlisted_from_wordfreq_seed
wfpt-10792,hídricos,,,10904,,shortlisted_from_wordfreq_seed
wfpt-10793,ignorante,,,10905,,shortlisted_from_wordfreq_seed
wfpt-10794,incluída,,,10906,,shortlisted_from_wordfreq_seed
wfpt-10795,inesquecível,,,10907,,shortlisted_from_wordfreq_seed
wfpt-10796,inserção,,,10908,,shortlisted_from_wordfreq_seed
wfpt-10797,interiores,,,10909,,shortlisted_from_wordfreq_seed
wfpt-10798,interrompido,,,10910,,shortlisted_from_wordfreq_seed
wfpt-10799,intuição,,,10911,,shortlisted_from_wordfreq_seed
wfpt-10800,ipad,,,10912,,shortlisted_from_wordfreq_seed
wfpt-10801,jade,,,10913,,shortlisted_from_wordfreq_seed
wfpt-10802,jung,,,10914,,shortlisted_from_wordfreq_seed
wfpt-10803,juramento,,,10915,,shortlisted_from_wordfreq_seed
wfpt-10804,lares,,,10916,,shortlisted_from_wordfreq_seed
wfpt-10806,liberdades,,,10918,,shortlisted_from_wordfreq_seed
wfpt-10807,liderados,,,10919,,shortlisted_from_wordfreq_seed
wfpt-10808,luso,,,10920,,shortlisted_from_wordfreq_seed
wfpt-10809,machismo,,,10921,,shortlisted_from_wordfreq_seed
wfpt-10810,mago,,,10922,,shortlisted_from_wordfreq_seed
wfpt-10811,magra,,,10923,,shortlisted_from_wordfreq_seed
wfpt-10812,magro,,,10924,,shortlisted_from_wordfreq_seed
wfpt-10813,malha,,,10925,,shortlisted_from_wordfreq_seed
wfpt-10814,maridos,,,10926,,shortlisted_from_wordfreq_seed
wfpt-10815,matas,,,10927,,shortlisted_from_wordfreq_seed
wfpt-10817,meme,,,10929,,shortlisted_from_wordfreq_seed
wfpt-10818,mereceu,,,10930,,shortlisted_from_wordfreq_seed
wfpt-10819,mind,,,10931,,shortlisted_from_wordfreq_seed
wfpt-10820,miúda,,,10932,,shortlisted_from_wordfreq_seed
wfpt-10821,neutro,,,10933,,shortlisted_from_wordfreq_seed
wfpt-10822,ocorrida,,,10934,,shortlisted_from_wordfreq_seed
wfpt-10823,organizador,,,10935,,shortlisted_from_wordfreq_seed
wfpt-10824,patos,,,10936,,shortlisted_from_wordfreq_seed
wfpt-10825,pen,,,10937,,shortlisted_from_wordfreq_seed
wfpt-10826,personal,,,10938,,shortlisted_from_wordfreq_seed
wfpt-10827,pet,,,10939,,shortlisted_from_wordfreq_seed
wfpt-10828,phoenix,,,10940,,shortlisted_from_wordfreq_seed
wfpt-10829,prestam,,,10941,,shortlisted_from_wordfreq_seed
wfpt-10830,provedor,,,10942,,shortlisted_from_wordfreq_seed
wfpt-10831,psb,,,10943,,shortlisted_from_wordfreq_seed
wfpt-10832,psicóloga,,,10944,,shortlisted_from_wordfreq_seed
wfpt-10833,questiona,,,10945,,shortlisted_from_wordfreq_seed
wfpt-10834,rastreamento,,,10946,,shortlisted_from_wordfreq_seed
wfpt-10835,reacção,,,10947,,shortlisted_from_wordfreq_seed
wfpt-10836,rebaixamento,,,10948,,shortlisted_from_wordfreq_seed
wfpt-10837,regimes,,,10949,,shortlisted_from_wordfreq_seed
wfpt-10838,reinado,,,10950,,shortlisted_from_wordfreq_seed
wfpt-10839,renunciar,,,10951,,shortlisted_from_wordfreq_seed
wfpt-10840,resolveram,,,10952,,shortlisted_from_wordfreq_seed
wfpt-10841,retira,,,10953,,shortlisted_from_wordfreq_seed
wfpt-10842,reto,,,10954,,shortlisted_from_wordfreq_seed
wfpt-10843,retomada,,,10955,,shortlisted_from_wordfreq_seed
wfpt-10844,rima,,,10956,,shortlisted_from_wordfreq_seed
wfpt-10845,robinson,,,10957,,shortlisted_from_wordfreq_seed
wfpt-10846,role,,,10958,,shortlisted_from_wordfreq_seed
wfpt-10847,roubaram,,,10959,,shortlisted_from_wordfreq_seed
wfpt-10848,royal,,,10960,,shortlisted_from_wordfreq_seed
wfpt-10849,rpg,,,10961,,shortlisted_from_wordfreq_seed
wfpt-10850,saírem,,,10962,,shortlisted_from_wordfreq_seed
wfpt-10851,selecionar,,,10963,,shortlisted_from_wordfreq_seed
wfpt-10852,senhorita,,,10964,,shortlisted_from_wordfreq_seed
wfpt-10853,sentiram,,,10965,,shortlisted_from_wordfreq_seed
wfpt-10854,severo,,,10966,,shortlisted_from_wordfreq_seed
wfpt-10855,sogra,,,10967,,shortlisted_from_wordfreq_seed
wfpt-10856,song,,,10968,,shortlisted_from_wordfreq_seed
wfpt-10857,strong,,,10969,,shortlisted_from_wordfreq_seed
wfpt-10858,superman,,,10970,,shortlisted_from_wordfreq_seed
wfpt-10859,surra,,,10971,,shortlisted_from_wordfreq_seed
wfpt-10860,termine,,,10972,,shortlisted_from_wordfreq_seed
wfpt-10861,terrestres,,,10973,,shortlisted_from_wordfreq_seed
wfpt-10862,tiradentes,,,10974,,shortlisted_from_wordfreq_seed
wfpt-10863,tocha,,,10975,,shortlisted_from_wordfreq_seed
wfpt-10864,trabalhavam,,,10976,,shortlisted_from_wordfreq_seed
wfpt-10865,transformada,,,10977,,shortlisted_from_wordfreq_seed
wfpt-10866,travar,,,10978,,shortlisted_from_wordfreq_seed
wfpt-10867,típicas,,,10979,,shortlisted_from_wordfreq_seed
wfpt-10868,ultrapassou,,,10980,,shortlisted_from_wordfreq_seed
wfpt-10870,vampiros,,,10982,,shortlisted_from_wordfreq_seed
wfpt-10871,veneza,,,10983,,shortlisted_from_wordfreq_seed
wfpt-10872,vilões,,,10984,,shortlisted_from_wordfreq_seed
wfpt-10873,virem,,,10985,,shortlisted_from_wordfreq_seed
wfpt-10874,vol,,,10986,,shortlisted_from_wordfreq_seed
wfpt-10875,vulcão,,,10987,,shortlisted_from_wordfreq_seed
wfpt-10876,xangai,,,10988,,shortlisted_from_wordfreq_seed
wfpt-10877,xviii,,,10989,,shortlisted_from_wordfreq_seed
wfpt-10879,aceder,,,10991,,shortlisted_from_wordfreq_seed
wfpt-10880,acompanham,,,10992,,shortlisted_from_wordfreq_seed
wfpt-10881,adequadamente,,,10993,,shortlisted_from_wordfreq_seed
wfpt-10882,adoraria,,,10994,,shortlisted_from_wordfreq_seed
wfpt-10883,aguardo,,,10996,,shortlisted_from_wordfreq_seed
wfpt-10884,alertar,,,10997,,shortlisted_from_wordfreq_seed
wfpt-10885,alfred,,,10998,,shortlisted_from_wordfreq_seed
wfpt-10886,antropologia,,,10999,,shortlisted_from_wordfreq_seed
wfpt-10887,apoiada,,,11000,,shortlisted_from_wordfreq_seed
wfpt-10888,aprofundar,,,11001,,shortlisted_from_wordfreq_seed
wfpt-10889,armadilha,,,11002,,shortlisted_from_wordfreq_seed
wfpt-10890,arts,,,11003,,shortlisted_from_wordfreq_seed
wfpt-10891,artur,,,11004,,shortlisted_from_wordfreq_seed
wfpt-10892,assaltos,,,11005,,shortlisted_from_wordfreq_seed
wfpt-10893,assustada,,,11006,,shortlisted_from_wordfreq_seed
wfpt-10894,atuações,,,11007,,shortlisted_from_wordfreq_seed
wfpt-10895,avalia,,,11008,,shortlisted_from_wordfreq_seed
wfpt-10896,avisando,,,11009,,shortlisted_from_wordfreq_seed
wfpt-10897,award,,,11010,,shortlisted_from_wordfreq_seed
wfpt-10898,balcão,,,11011,,shortlisted_from_wordfreq_seed
wfpt-10899,balões,,,11012,,shortlisted_from_wordfreq_seed
wfpt-10900,bates,,,11013,,shortlisted_from_wordfreq_seed
wfpt-10901,batismo,,,11014,,shortlisted_from_wordfreq_seed
wfpt-10902,batizado,,,11015,,shortlisted_from_wordfreq_seed
wfpt-10904,bengala,,,11017,,shortlisted_from_wordfreq_seed
wfpt-10905,bezerra,,,11018,,shortlisted_from_wordfreq_seed
wfpt-10906,bolos,,,11019,,shortlisted_from_wordfreq_seed
wfpt-10907,campeonatos,,,11020,,shortlisted_from_wordfreq_seed
wfpt-10908,candidaturas,,,11021,,shortlisted_from_wordfreq_seed
wfpt-10909,cantada,,,11022,,shortlisted_from_wordfreq_seed
wfpt-10910,caseiro,,,11023,,shortlisted_from_wordfreq_seed
wfpt-10911,catalão,,,11024,,shortlisted_from_wordfreq_seed
wfpt-10913,champions,,,11026,,shortlisted_from_wordfreq_seed
wfpt-10914,child,,,11027,,shortlisted_from_wordfreq_seed
wfpt-10915,chutar,,,11028,,shortlisted_from_wordfreq_seed
wfpt-10916,clínicas,,,11029,,shortlisted_from_wordfreq_seed
wfpt-10917,coerente,,,11030,,shortlisted_from_wordfreq_seed
wfpt-10918,comandantes,,,11031,,shortlisted_from_wordfreq_seed
wfpt-10919,comparada,,,11032,,shortlisted_from_wordfreq_seed
wfpt-10920,comporta,,,11033,,shortlisted_from_wordfreq_seed
wfpt-10921,comprometida,,,11034,,shortlisted_from_wordfreq_seed
wfpt-10922,condenou,,,11035,,shortlisted_from_wordfreq_seed
wfpt-10923,conduzida,,,11036,,shortlisted_from_wordfreq_seed
wfpt-10924,convergência,,,11037,,shortlisted_from_wordfreq_seed
wfpt-10925,cordão,,,11038,,shortlisted_from_wordfreq_seed
wfpt-10926,coreanos,,,11039,,shortlisted_from_wordfreq_seed
wfpt-10927,correria,,,11040,,shortlisted_from_wordfreq_seed
wfpt-10928,corrêa,,,11041,,shortlisted_from_wordfreq_seed
wfpt-10929,crack,,,11042,,shortlisted_from_wordfreq_seed
wfpt-10930,cresci,,,11043,,shortlisted_from_wordfreq_seed
wfpt-10931,cultivar,,,11044,,shortlisted_from_wordfreq_seed
wfpt-10932,córrego,,,11045,,shortlisted_from_wordfreq_seed
wfpt-10933,dawn,,,11046,,shortlisted_from_wordfreq_seed
wfpt-10934,delito,,,11047,,shortlisted_from_wordfreq_seed
wfpt-10935,demo,,,11048,,shortlisted_from_wordfreq_seed
wfpt-10936,derek,,,11049,,shortlisted_from_wordfreq_seed
wfpt-10937,desagradável,,,11050,,shortlisted_from_wordfreq_seed
wfpt-10938,designers,,,11051,,shortlisted_from_wordfreq_seed
wfpt-10939,destruídas,,,11052,,shortlisted_from_wordfreq_seed
wfpt-10940,devoção,,,11053,,shortlisted_from_wordfreq_seed
wfpt-10941,dinossauros,,,11054,,shortlisted_from_wordfreq_seed
wfpt-10942,ecossistema,,,11055,,shortlisted_from_wordfreq_seed
wfpt-10943,editada,,,11056,,shortlisted_from_wordfreq_seed
wfpt-10944,emancipação,,,11057,,shortlisted_from_wordfreq_seed
wfpt-10945,embarque,,,11058,,shortlisted_from_wordfreq_seed
wfpt-10946,emendas,,,11059,,shortlisted_from_wordfreq_seed
wfpt-10947,emitida,,,11060,,shortlisted_from_wordfreq_seed
wfpt-10948,escova,,,11061,,shortlisted_from_wordfreq_seed
wfpt-10949,escreveram,,,11062,,shortlisted_from_wordfreq_seed
wfpt-10950,espetáculos,,,11063,,shortlisted_from_wordfreq_seed
wfpt-10951,estruturais,,,11064,,shortlisted_from_wordfreq_seed
wfpt-10952,etanol,,,11065,,shortlisted_from_wordfreq_seed
wfpt-10953,evans,,,11066,,shortlisted_from_wordfreq_seed
wfpt-10954,exagerado,,,11067,,shortlisted_from_wordfreq_seed
wfpt-10955,excessiva,,,11068,,shortlisted_from_wordfreq_seed
wfpt-10956,explora,,,11069,,shortlisted_from_wordfreq_seed
wfpt-10957,facções,,,11070,,shortlisted_from_wordfreq_seed
wfpt-10958,far,,,11071,,shortlisted_from_wordfreq_seed
wfpt-10959,fóruns,,,11072,,shortlisted_from_wordfreq_seed
wfpt-10960,garra,,,11073,,shortlisted_from_wordfreq_seed
wfpt-10961,garçom,,,11074,,shortlisted_from_wordfreq_seed
wfpt-10962,genético,,,11075,,shortlisted_from_wordfreq_seed
wfpt-10963,geram,,,11076,,shortlisted_from_wordfreq_seed
wfpt-10964,gilmar,,,11077,,shortlisted_from_wordfreq_seed
wfpt-10965,globalização,,,11078,,shortlisted_from_wordfreq_seed
wfpt-10966,gostem,,,11079,,shortlisted_from_wordfreq_seed
wfpt-10967,hits,,,11080,,shortlisted_from_wordfreq_seed
wfpt-10968,holocausto,,,11081,,shortlisted_from_wordfreq_seed
wfpt-10969,homofobia,,,11082,,shortlisted_from_wordfreq_seed
wfpt-10970,idoso,,,11083,,shortlisted_from_wordfreq_seed
wfpt-10971,impõe,,,11084,,shortlisted_from_wordfreq_seed
wfpt-10972,indiferente,,,11085,,shortlisted_from_wordfreq_seed
wfpt-10973,indiretamente,,,11086,,shortlisted_from_wordfreq_seed
wfpt-10974,inovador,,,11087,,shortlisted_from_wordfreq_seed
wfpt-10975,inovadora,,,11088,,shortlisted_from_wordfreq_seed
wfpt-10976,institutos,,,11089,,shortlisted_from_wordfreq_seed
wfpt-10977,intensamente,,,11090,,shortlisted_from_wordfreq_seed
wfpt-10978,ipanema,,,11091,,shortlisted_from_wordfreq_seed
wfpt-10979,ipiranga,,,11092,,shortlisted_from_wordfreq_seed
wfpt-10980,irene,,,11093,,shortlisted_from_wordfreq_seed
wfpt-10981,jacques,,,11094,,shortlisted_from_wordfreq_seed
wfpt-10982,jejum,,,11095,,shortlisted_from_wordfreq_seed
wfpt-10983,jogadas,,,11096,,shortlisted_from_wordfreq_seed
wfpt-10984,julgamentos,,,11097,,shortlisted_from_wordfreq_seed
wfpt-10985,killer,,,11098,,shortlisted_from_wordfreq_seed
wfpt-10986,lamenta,,,11099,,shortlisted_from_wordfreq_seed
wfpt-10987,legendado,,,11100,,shortlisted_from_wordfreq_seed
wfpt-10988,lembrava,,,11101,,shortlisted_from_wordfreq_seed
wfpt-10989,limpos,,,11102,,shortlisted_from_wordfreq_seed
wfpt-10990,listados,,,11103,,shortlisted_from_wordfreq_seed
wfpt-10991,lute,,,11104,,shortlisted_from_wordfreq_seed
wfpt-10992,mapeamento,,,11105,,shortlisted_from_wordfreq_seed
wfpt-10993,marley,,,11106,,shortlisted_from_wordfreq_seed
wfpt-10994,matá,,,11107,,shortlisted_from_wordfreq_seed
wfpt-10995,medição,,,11108,,shortlisted_from_wordfreq_seed
wfpt-10996,mercúrio,,,11109,,shortlisted_from_wordfreq_seed
wfpt-10997,movido,,,11110,,shortlisted_from_wordfreq_seed
wfpt-10998,mpf,,,11111,,shortlisted_from_wordfreq_seed
wfpt-10999,notebook,,,11112,,shortlisted_from_wordfreq_seed
wfpt-11000,obtida,,,11113,,shortlisted_from_wordfreq_seed
wfpt-11001,ohio,,,11114,,shortlisted_from_wordfreq_seed
wfpt-11002,operando,,,11115,,shortlisted_from_wordfreq_seed
wfpt-11003,padaria,,,11116,,shortlisted_from_wordfreq_seed
wfpt-11004,partidária,,,11117,,shortlisted_from_wordfreq_seed
wfpt-11005,partiram,,,11118,,shortlisted_from_wordfreq_seed
wfpt-11006,parágrafo,,,11119,,shortlisted_from_wordfreq_seed
wfpt-11007,passeios,,,11120,,shortlisted_from_wordfreq_seed
wfpt-11008,percy,,,11121,,shortlisted_from_wordfreq_seed
wfpt-11009,perguntado,,,11122,,shortlisted_from_wordfreq_seed
wfpt-11010,permitida,,,11123,,shortlisted_from_wordfreq_seed
wfpt-11011,pete,,,11124,,shortlisted_from_wordfreq_seed
wfpt-11012,pisar,,,11125,,shortlisted_from_wordfreq_seed
wfpt-11013,playboy,,,11126,,shortlisted_from_wordfreq_seed
wfpt-11014,plural,,,11127,,shortlisted_from_wordfreq_seed
wfpt-11015,plásticos,,,11128,,shortlisted_from_wordfreq_seed
wfpt-11016,polêmicas,,,11129,,shortlisted_from_wordfreq_seed
wfpt-11017,pondo,,,11130,,shortlisted_from_wordfreq_seed
wfpt-11018,previstos,,,11131,,shortlisted_from_wordfreq_seed
wfpt-11019,progressiva,,,11132,,shortlisted_from_wordfreq_seed
wfpt-11020,promovem,,,11133,,shortlisted_from_wordfreq_seed
wfpt-11021,publicitário,,,11134,,shortlisted_from_wordfreq_seed
wfpt-11022,pureza,,,11135,,shortlisted_from_wordfreq_seed
wfpt-11023,rapidez,,,11136,,shortlisted_from_wordfreq_seed
wfpt-11024,rastrear,,,11137,,shortlisted_from_wordfreq_seed
wfpt-11025,realidades,,,11138,,shortlisted_from_wordfreq_seed
wfpt-11026,reduzindo,,,11139,,shortlisted_from_wordfreq_seed
wfpt-11027,refletindo,,,11140,,shortlisted_from_wordfreq_seed
wfpt-11028,relevo,,,11141,,shortlisted_from_wordfreq_seed
wfpt-11029,repetindo,,,11142,,shortlisted_from_wordfreq_seed
wfpt-11030,repórteres,,,11143,,shortlisted_from_wordfreq_seed
wfpt-11031,retire,,,11144,,shortlisted_from_wordfreq_seed
wfpt-11032,review,,,11145,,shortlisted_from_wordfreq_seed
wfpt-11033,rossi,,,11146,,shortlisted_from_wordfreq_seed
wfpt-11034,russas,,,11147,,shortlisted_from_wordfreq_seed
wfpt-11035,ruy,,,11148,,shortlisted_from_wordfreq_seed
wfpt-11036,sairá,,,11149,,shortlisted_from_wordfreq_seed
wfpt-11037,sais,,,11150,,shortlisted_from_wordfreq_seed
wfpt-11038,satisfeitos,,,11151,,shortlisted_from_wordfreq_seed
wfpt-11039,second,,,11152,,shortlisted_from_wordfreq_seed
wfpt-11040,secret,,,11153,,shortlisted_from_wordfreq_seed
wfpt-11041,shakespeare,,,11154,,shortlisted_from_wordfreq_seed
wfpt-11042,significam,,,11155,,shortlisted_from_wordfreq_seed
wfpt-11043,slogan,,,11156,,shortlisted_from_wordfreq_seed
wfpt-11044,sonda,,,11157,,shortlisted_from_wordfreq_seed
wfpt-11045,states,,,11158,,shortlisted_from_wordfreq_seed
wfpt-11046,stewart,,,11159,,shortlisted_from_wordfreq_seed
wfpt-11047,stock,,,11160,,shortlisted_from_wordfreq_seed
wfpt-11048,streaming,,,11161,,shortlisted_from_wordfreq_seed
wfpt-11049,sueco,,,11162,,shortlisted_from_wordfreq_seed
wfpt-11050,sugerido,,,11163,,shortlisted_from_wordfreq_seed
wfpt-11051,suite,,,11164,,shortlisted_from_wordfreq_seed
wfpt-11052,tarifas,,,11165,,shortlisted_from_wordfreq_seed
wfpt-11053,tbm,,,11166,,shortlisted_from_wordfreq_seed
wfpt-11054,technology,,,11167,,shortlisted_from_wordfreq_seed
wfpt-11055,terapeuta,,,11168,,shortlisted_from_wordfreq_seed
wfpt-11056,terminam,,,11169,,shortlisted_from_wordfreq_seed
wfpt-11057,terraço,,,11170,,shortlisted_from_wordfreq_seed
wfpt-11058,they,,,11171,,shortlisted_from_wordfreq_seed
wfpt-11059,town,,,11172,,shortlisted_from_wordfreq_seed
wfpt-11060,trajeto,,,11173,,shortlisted_from_wordfreq_seed
wfpt-11061,transferências,,,11174,,shortlisted_from_wordfreq_seed
wfpt-11062,troço,,,11175,,shortlisted_from_wordfreq_seed
wfpt-11063,turnos,,,11176,,shortlisted_from_wordfreq_seed
wfpt-11064,unha,,,11177,,shortlisted_from_wordfreq_seed
wfpt-11065,vacinas,,,11178,,shortlisted_from_wordfreq_seed
wfpt-11066,vagabundo,,,11179,,shortlisted_from_wordfreq_seed
wfpt-11067,val,,,11180,,shortlisted_from_wordfreq_seed
wfpt-11068,validade,,,11181,,shortlisted_from_wordfreq_seed
wfpt-11069,vazios,,,11182,,shortlisted_from_wordfreq_seed
wfpt-11070,vergonhoso,,,11183,,shortlisted_from_wordfreq_seed
wfpt-11071,verificou,,,11184,,shortlisted_from_wordfreq_seed
wfpt-11072,viajante,,,11185,,shortlisted_from_wordfreq_seed
wfpt-11073,viatura,,,11186,,shortlisted_from_wordfreq_seed
wfpt-11074,viena,,,11187,,shortlisted_from_wordfreq_seed
wfpt-11075,vilarejo,,,11188,,shortlisted_from_wordfreq_seed
wfpt-11076,viral,,,11189,,shortlisted_from_wordfreq_seed
wfpt-11077,voltadas,,,11190,,shortlisted_from_wordfreq_seed
wfpt-11078,vomitar,,,11191,,shortlisted_from_wordfreq_seed
wfpt-11079,voou,,,11192,,shortlisted_from_wordfreq_seed
wfpt-11080,vínculo,,,11193,,shortlisted_from_wordfreq_seed
wfpt-11081,wang,,,11194,,shortlisted_from_wordfreq_seed
wfpt-11082,wifi,,,11195,,shortlisted_from_wordfreq_seed
wfpt-11083,xixi,,,11196,,shortlisted_from_wordfreq_seed
wfpt-11084,évora,,,11197,,shortlisted_from_wordfreq_seed
wfpt-11085,abandona,,,11199,,shortlisted_from_wordfreq_seed
wfpt-11086,aconteceria,,,11200,,shortlisted_from_wordfreq_seed
wfpt-11087,acorde,,,11201,,shortlisted_from_wordfreq_seed
wfpt-11088,adiciona,,,11202,,shortlisted_from_wordfreq_seed
wfpt-11089,agressiva,,,11203,,shortlisted_from_wordfreq_seed
wfpt-11090,alergia,,,11204,,shortlisted_from_wordfreq_seed
wfpt-11091,alimentares,,,11205,,shortlisted_from_wordfreq_seed
wfpt-11092,aplicadas,,,11206,,shortlisted_from_wordfreq_seed
wfpt-11093,aprendem,,,11207,,shortlisted_from_wordfreq_seed
wfpt-11094,apresente,,,11208,,shortlisted_from_wordfreq_seed
wfpt-11095,april,,,11209,,shortlisted_from_wordfreq_seed
wfpt-11096,ask,,,11211,,shortlisted_from_wordfreq_seed
wfpt-11097,atacados,,,11212,,shortlisted_from_wordfreq_seed
wfpt-11098,atributos,,,11213,,shortlisted_from_wordfreq_seed
wfpt-11099,avisei,,,11214,,shortlisted_from_wordfreq_seed
wfpt-11100,bati,,,11215,,shortlisted_from_wordfreq_seed
wfpt-11101,beba,,,11216,,shortlisted_from_wordfreq_seed
wfpt-11102,bigode,,,11217,,shortlisted_from_wordfreq_seed
wfpt-11103,blues,,,11218,,shortlisted_from_wordfreq_seed
wfpt-11104,blumenau,,,11219,,shortlisted_from_wordfreq_seed
wfpt-11105,bradley,,,11220,,shortlisted_from_wordfreq_seed
wfpt-11106,brigando,,,11221,,shortlisted_from_wordfreq_seed
wfpt-11107,cabra,,,11222,,shortlisted_from_wordfreq_seed
wfpt-11108,cal,,,11223,,shortlisted_from_wordfreq_seed
wfpt-11109,camp,,,11224,,shortlisted_from_wordfreq_seed
wfpt-11110,candidatar,,,11225,,shortlisted_from_wordfreq_seed
wfpt-11111,cel,,,11226,,shortlisted_from_wordfreq_seed
wfpt-11112,checar,,,11227,,shortlisted_from_wordfreq_seed
wfpt-11113,check,,,11228,,shortlisted_from_wordfreq_seed
wfpt-11114,chinesas,,,11229,,shortlisted_from_wordfreq_seed
wfpt-11115,christina,,,11230,,shortlisted_from_wordfreq_seed
wfpt-11116,coalizão,,,11231,,shortlisted_from_wordfreq_seed
wfpt-11117,cobertor,,,11232,,shortlisted_from_wordfreq_seed
wfpt-11118,coisinha,,,11233,,shortlisted_from_wordfreq_seed
wfpt-11119,compilação,,,11234,,shortlisted_from_wordfreq_seed
wfpt-11120,console,,,11235,,shortlisted_from_wordfreq_seed
wfpt-11121,consolidar,,,11236,,shortlisted_from_wordfreq_seed
wfpt-11122,constituinte,,,11237,,shortlisted_from_wordfreq_seed
wfpt-11123,consumir,,,11238,,shortlisted_from_wordfreq_seed
wfpt-11124,contenção,,,11239,,shortlisted_from_wordfreq_seed
wfpt-11125,controles,,,11240,,shortlisted_from_wordfreq_seed
wfpt-11126,controvérsias,,,11241,,shortlisted_from_wordfreq_seed
wfpt-11127,convocados,,,11242,,shortlisted_from_wordfreq_seed
wfpt-11128,costeira,,,11243,,shortlisted_from_wordfreq_seed
wfpt-11129,cut,,,11244,,shortlisted_from_wordfreq_seed
wfpt-11130,cápsula,,,11245,,shortlisted_from_wordfreq_seed
wfpt-11131,damasco,,,11246,,shortlisted_from_wordfreq_seed
wfpt-11132,desconfiança,,,11247,,shortlisted_from_wordfreq_seed
wfpt-11133,desportiva,,,11248,,shortlisted_from_wordfreq_seed
wfpt-11134,destinadas,,,11249,,shortlisted_from_wordfreq_seed
wfpt-11135,detalhado,,,11250,,shortlisted_from_wordfreq_seed
wfpt-11136,diplomática,,,11251,,shortlisted_from_wordfreq_seed
wfpt-11137,duplas,,,11252,,shortlisted_from_wordfreq_seed
wfpt-11138,duzentos,,,11253,,shortlisted_from_wordfreq_seed
wfpt-11139,economizar,,,11254,,shortlisted_from_wordfreq_seed
wfpt-11140,eficientes,,,11255,,shortlisted_from_wordfreq_seed
wfpt-11141,eixos,,,11256,,shortlisted_from_wordfreq_seed
wfpt-11142,encontravam,,,11257,,shortlisted_from_wordfreq_seed
wfpt-11143,errados,,,11258,,shortlisted_from_wordfreq_seed
wfpt-11144,escondidas,,,11259,,shortlisted_from_wordfreq_seed
wfpt-11145,escrevia,,,11260,,shortlisted_from_wordfreq_seed
wfpt-11146,espaciais,,,11261,,shortlisted_from_wordfreq_seed
wfpt-11147,espectáculo,,,11262,,shortlisted_from_wordfreq_seed
wfpt-11148,especulação,,,11263,,shortlisted_from_wordfreq_seed
wfpt-11149,everything,,,11264,,shortlisted_from_wordfreq_seed
wfpt-11150,existam,,,11265,,shortlisted_from_wordfreq_seed
wfpt-11151,explosões,,,11266,,shortlisted_from_wordfreq_seed
wfpt-11152,extrair,,,11267,,shortlisted_from_wordfreq_seed
wfpt-11153,fascista,,,11269,,shortlisted_from_wordfreq_seed
wfpt-11154,ferrar,,,11270,,shortlisted_from_wordfreq_seed
wfpt-11155,filmado,,,11271,,shortlisted_from_wordfreq_seed
wfpt-11156,five,,,11272,,shortlisted_from_wordfreq_seed
wfpt-11157,four,,,11273,,shortlisted_from_wordfreq_seed
wfpt-11158,furo,,,11274,,shortlisted_from_wordfreq_seed
wfpt-11159,geradores,,,11275,,shortlisted_from_wordfreq_seed
wfpt-11160,give,,,11276,,shortlisted_from_wordfreq_seed
wfpt-11161,glenn,,,11277,,shortlisted_from_wordfreq_seed
wfpt-11162,golo,,,11278,,shortlisted_from_wordfreq_seed
wfpt-11163,gostos,,,11279,,shortlisted_from_wordfreq_seed
wfpt-11164,hipócrita,,,11280,,shortlisted_from_wordfreq_seed
wfpt-11165,hmm,,,11281,,shortlisted_from_wordfreq_seed
wfpt-11166,horríveis,,,11282,,shortlisted_from_wordfreq_seed
wfpt-11167,hóspedes,,,11283,,shortlisted_from_wordfreq_seed
wfpt-11168,ignorado,,,11284,,shortlisted_from_wordfreq_seed
wfpt-11169,imaginem,,,11285,,shortlisted_from_wordfreq_seed
wfpt-11170,imaginou,,,11286,,shortlisted_from_wordfreq_seed
wfpt-11171,imposição,,,11287,,shortlisted_from_wordfreq_seed
wfpt-11172,informada,,,11288,,shortlisted_from_wordfreq_seed
wfpt-11173,inspirados,,,11289,,shortlisted_from_wordfreq_seed
wfpt-11174,intermediário,,,11290,,shortlisted_from_wordfreq_seed
wfpt-11175,internado,,,11291,,shortlisted_from_wordfreq_seed
wfpt-11176,interpreta,,,11292,,shortlisted_from_wordfreq_seed
wfpt-11177,interrompida,,,11293,,shortlisted_from_wordfreq_seed
wfpt-11178,intervalos,,,11294,,shortlisted_from_wordfreq_seed
wfpt-11179,invasores,,,11295,,shortlisted_from_wordfreq_seed
wfpt-11180,iris,,,11296,,shortlisted_from_wordfreq_seed
wfpt-11181,jun,,,11297,,shortlisted_from_wordfreq_seed
wfpt-11182,jóias,,,11298,,shortlisted_from_wordfreq_seed
wfpt-11183,kai,,,11299,,shortlisted_from_wordfreq_seed
wfpt-11184,led,,,11300,,shortlisted_from_wordfreq_seed
wfpt-11185,luvas,,,11301,,shortlisted_from_wordfreq_seed
wfpt-11186,machos,,,11302,,shortlisted_from_wordfreq_seed
wfpt-11187,marcadas,,,11303,,shortlisted_from_wordfreq_seed
wfpt-11188,marisa,,,11304,,shortlisted_from_wordfreq_seed
wfpt-11189,mars,,,11305,,shortlisted_from_wordfreq_seed
wfpt-11190,mediterrâneo,,,11306,,shortlisted_from_wordfreq_seed
wfpt-11191,metodologia,,,11307,,shortlisted_from_wordfreq_seed
wfpt-11192,muçulmano,,,11309,,shortlisted_from_wordfreq_seed
wfpt-11193,nutrição,,,11310,,shortlisted_from_wordfreq_seed
wfpt-11194,oab,,,11311,,shortlisted_from_wordfreq_seed
wfpt-11195,oferecida,,,11312,,shortlisted_from_wordfreq_seed
wfpt-11196,ofertas,,,11313,,shortlisted_from_wordfreq_seed
wfpt-11197,official,,,11314,,shortlisted_from_wordfreq_seed
wfpt-11198,orgânico,,,11315,,shortlisted_from_wordfreq_seed
wfpt-11199,padrinho,,,11316,,shortlisted_from_wordfreq_seed
wfpt-11200,paralisação,,,11317,,shortlisted_from_wordfreq_seed
wfpt-11201,partem,,,11318,,shortlisted_from_wordfreq_seed
wfpt-11202,pegam,,,11319,,shortlisted_from_wordfreq_seed
wfpt-11203,pensaram,,,11320,,shortlisted_from_wordfreq_seed
wfpt-11204,perito,,,11321,,shortlisted_from_wordfreq_seed
wfpt-11205,periódico,,,11322,,shortlisted_from_wordfreq_seed
wfpt-11206,perseguido,,,11323,,shortlisted_from_wordfreq_seed
wfpt-11207,peruano,,,11324,,shortlisted_from_wordfreq_seed
wfpt-11208,pinta,,,11325,,shortlisted_from_wordfreq_seed
wfpt-11209,pioneira,,,11326,,shortlisted_from_wordfreq_seed
wfpt-11210,playstation,,,11327,,shortlisted_from_wordfreq_seed
wfpt-11211,plástica,,,11328,,shortlisted_from_wordfreq_seed
wfpt-11212,positivamente,,,11329,,shortlisted_from_wordfreq_seed
wfpt-11213,possivel,,,11330,,shortlisted_from_wordfreq_seed
wfpt-11214,pretas,,,11331,,shortlisted_from_wordfreq_seed
wfpt-11215,psiquiatra,,,11332,,shortlisted_from_wordfreq_seed
wfpt-11216,quarentena,,,11333,,shortlisted_from_wordfreq_seed
wfpt-11217,queixo,,,11334,,shortlisted_from_wordfreq_seed
wfpt-11218,realizações,,,11335,,shortlisted_from_wordfreq_seed
wfpt-11219,recordo,,,11336,,shortlisted_from_wordfreq_seed
wfpt-11220,relacionar,,,11337,,shortlisted_from_wordfreq_seed
wfpt-11221,repouso,,,11338,,shortlisted_from_wordfreq_seed
wfpt-11222,ressurreição,,,11339,,shortlisted_from_wordfreq_seed
wfpt-11223,retiradas,,,11340,,shortlisted_from_wordfreq_seed
wfpt-11224,risada,,,11341,,shortlisted_from_wordfreq_seed
wfpt-11225,rotação,,,11342,,shortlisted_from_wordfreq_seed
wfpt-11226,rótulo,,,11343,,shortlisted_from_wordfreq_seed
wfpt-11227,sensações,,,11344,,shortlisted_from_wordfreq_seed
wfpt-11228,sentimental,,,11345,,shortlisted_from_wordfreq_seed
wfpt-11229,serpente,,,11346,,shortlisted_from_wordfreq_seed
wfpt-11230,silas,,,11347,,shortlisted_from_wordfreq_seed
wfpt-11231,simpson,,,11348,,shortlisted_from_wordfreq_seed
wfpt-11232,sinceridade,,,11349,,shortlisted_from_wordfreq_seed
wfpt-11233,sobrenatural,,,11350,,shortlisted_from_wordfreq_seed
wfpt-11234,sozinhas,,,11351,,shortlisted_from_wordfreq_seed
wfpt-11235,standard,,,11352,,shortlisted_from_wordfreq_seed
wfpt-11236,stuart,,,11353,,shortlisted_from_wordfreq_seed
wfpt-11237,superação,,,11354,,shortlisted_from_wordfreq_seed
wfpt-11238,surgindo,,,11355,,shortlisted_from_wordfreq_seed
wfpt-11239,sutil,,,11356,,shortlisted_from_wordfreq_seed
wfpt-11240,sérvio,,,11357,,shortlisted_from_wordfreq_seed
wfpt-11241,tabelas,,,11358,,shortlisted_from_wordfreq_seed
wfpt-11242,tanzânia,,,11359,,shortlisted_from_wordfreq_seed
wfpt-11243,teatral,,,11360,,shortlisted_from_wordfreq_seed
wfpt-11244,templos,,,11361,,shortlisted_from_wordfreq_seed
wfpt-11245,tenso,,,11362,,shortlisted_from_wordfreq_seed
wfpt-11246,terno,,,11363,,shortlisted_from_wordfreq_seed
wfpt-11247,testemunhar,,,11364,,shortlisted_from_wordfreq_seed
wfpt-11248,tijolos,,,11365,,shortlisted_from_wordfreq_seed
wfpt-11249,traduzida,,,11366,,shortlisted_from_wordfreq_seed
wfpt-11250,traiu,,,11367,,shortlisted_from_wordfreq_seed
wfpt-11251,trimestre,,,11368,,shortlisted_from_wordfreq_seed
wfpt-11252,trocado,,,11369,,shortlisted_from_wordfreq_seed
wfpt-11253,uganda,,,11370,,shortlisted_from_wordfreq_seed
wfpt-11254,vales,,,11371,,shortlisted_from_wordfreq_seed
wfpt-11255,valioso,,,11372,,shortlisted_from_wordfreq_seed
wfpt-11256,zumbis,,,11373,,shortlisted_from_wordfreq_seed
wfpt-11257,âncora,,,11374,,shortlisted_from_wordfreq_seed
wfpt-11258,abs,,,11375,,shortlisted_from_wordfreq_seed
wfpt-11259,acreditei,,,11376,,shortlisted_from_wordfreq_seed
wfpt-11260,aeronaves,,,11377,,shortlisted_from_wordfreq_seed
wfpt-11261,afetada,,,11378,,shortlisted_from_wordfreq_seed
wfpt-11262,agarrar,,,11379,,shortlisted_from_wordfreq_seed
wfpt-11263,agem,,,11380,,shortlisted_from_wordfreq_seed
wfpt-11264,agiu,,,11381,,shortlisted_from_wordfreq_seed
wfpt-11265,alegação,,,11382,,shortlisted_from_wordfreq_seed
wfpt-11266,algoritmo,,,11383,,shortlisted_from_wordfreq_seed
wfpt-11267,alpha,,,11384,,shortlisted_from_wordfreq_seed
wfpt-11268,ameaçando,,,11385,,shortlisted_from_wordfreq_seed
wfpt-11269,ancestral,,,11386,,shortlisted_from_wordfreq_seed
wfpt-11270,apaixonei,,,11387,,shortlisted_from_wordfreq_seed
wfpt-11271,apresento,,,11388,,shortlisted_from_wordfreq_seed
wfpt-11272,aproximou,,,11389,,shortlisted_from_wordfreq_seed
wfpt-11273,apurar,,,11390,,shortlisted_from_wordfreq_seed
wfpt-11274,arranjos,,,11391,,shortlisted_from_wordfreq_seed
wfpt-11275,arrecadar,,,11392,,shortlisted_from_wordfreq_seed
wfpt-11276,asfalto,,,11393,,shortlisted_from_wordfreq_seed
wfpt-11277,assustar,,,11394,,shortlisted_from_wordfreq_seed
wfpt-11278,atingidos,,,11395,,shortlisted_from_wordfreq_seed
wfpt-11279,australiana,,,11396,,shortlisted_from_wordfreq_seed
wfpt-11280,autônomo,,,11397,,shortlisted_from_wordfreq_seed
wfpt-11281,beisebol,,,11398,,shortlisted_from_wordfreq_seed
wfpt-11282,bizarro,,,11399,,shortlisted_from_wordfreq_seed
wfpt-11283,boris,,,11400,,shortlisted_from_wordfreq_seed
wfpt-11284,bosta,,,11401,,shortlisted_from_wordfreq_seed
wfpt-11285,bridge,,,11402,,shortlisted_from_wordfreq_seed
wfpt-11286,camisola,,,11403,,shortlisted_from_wordfreq_seed
wfpt-11287,cantam,,,11404,,shortlisted_from_wordfreq_seed
wfpt-11288,caracas,,,11405,,shortlisted_from_wordfreq_seed
wfpt-11289,castle,,,11406,,shortlisted_from_wordfreq_seed
wfpt-11290,catalunha,,,11407,,shortlisted_from_wordfreq_seed
wfpt-11291,cautela,,,11408,,shortlisted_from_wordfreq_seed
wfpt-11292,cavernas,,,11409,,shortlisted_from_wordfreq_seed
wfpt-11293,celeste,,,11410,,shortlisted_from_wordfreq_seed
wfpt-11294,certificar,,,11411,,shortlisted_from_wordfreq_seed
wfpt-11295,clipes,,,11412,,shortlisted_from_wordfreq_seed
wfpt-11296,color,,,11413,,shortlisted_from_wordfreq_seed
wfpt-11297,comanda,,,11414,,shortlisted_from_wordfreq_seed
wfpt-11298,composições,,,11415,,shortlisted_from_wordfreq_seed
wfpt-11299,comprometimento,,,11416,,shortlisted_from_wordfreq_seed
wfpt-11300,concentrado,,,11417,,shortlisted_from_wordfreq_seed
wfpt-11301,conseqüências,,,11418,,shortlisted_from_wordfreq_seed
wfpt-11302,conservadora,,,11419,,shortlisted_from_wordfreq_seed
wfpt-11303,contem,,,11420,,shortlisted_from_wordfreq_seed
wfpt-11304,contribuintes,,,11421,,shortlisted_from_wordfreq_seed
wfpt-11305,controlados,,,11422,,shortlisted_from_wordfreq_seed
wfpt-11306,convento,,,11423,,shortlisted_from_wordfreq_seed
wfpt-11307,cooperativa,,,11424,,shortlisted_from_wordfreq_seed
wfpt-11308,corri,,,11425,,shortlisted_from_wordfreq_seed
wfpt-11309,cuido,,,11426,,shortlisted_from_wordfreq_seed
wfpt-11310,declarando,,,11427,,shortlisted_from_wordfreq_seed
wfpt-11311,decorrentes,,,11428,,shortlisted_from_wordfreq_seed
wfpt-11312,decorreu,,,11429,,shortlisted_from_wordfreq_seed
wfpt-11313,deficiências,,,11430,,shortlisted_from_wordfreq_seed
wfpt-11314,demolição,,,11431,,shortlisted_from_wordfreq_seed
wfpt-11315,descritos,,,11432,,shortlisted_from_wordfreq_seed
wfpt-11316,descrições,,,11433,,shortlisted_from_wordfreq_seed
wfpt-11317,desenvolveram,,,11434,,shortlisted_from_wordfreq_seed
wfpt-11318,desportivo,,,11435,,shortlisted_from_wordfreq_seed
wfpt-11319,detroit,,,11436,,shortlisted_from_wordfreq_seed
wfpt-11320,diabetes,,,11437,,shortlisted_from_wordfreq_seed
wfpt-11321,diferenciar,,,11438,,shortlisted_from_wordfreq_seed
wfpt-11322,diretório,,,11439,,shortlisted_from_wordfreq_seed
wfpt-11323,discípulos,,,11440,,shortlisted_from_wordfreq_seed
wfpt-11324,distribuídas,,,11441,,shortlisted_from_wordfreq_seed
wfpt-11325,divertindo,,,11442,,shortlisted_from_wordfreq_seed
wfpt-11326,doloroso,,,11443,,shortlisted_from_wordfreq_seed
wfpt-11327,durma,,,11444,,shortlisted_from_wordfreq_seed
wfpt-11328,dutra,,,11445,,shortlisted_from_wordfreq_seed
wfpt-11329,débora,,,11446,,shortlisted_from_wordfreq_seed
wfpt-11330,ecológica,,,11447,,shortlisted_from_wordfreq_seed
wfpt-11331,economicamente,,,11448,,shortlisted_from_wordfreq_seed
wfpt-11332,edital,,,11449,,shortlisted_from_wordfreq_seed
wfpt-11333,elegeu,,,11450,,shortlisted_from_wordfreq_seed
wfpt-11334,eliminada,,,11451,,shortlisted_from_wordfreq_seed
wfpt-11335,escolhemos,,,11452,,shortlisted_from_wordfreq_seed
wfpt-11336,escrituras,,,11453,,shortlisted_from_wordfreq_seed
wfpt-11337,estudiosos,,,11454,,shortlisted_from_wordfreq_seed
wfpt-11338,etnia,,,11455,,shortlisted_from_wordfreq_seed
wfpt-11339,européia,,,11456,,shortlisted_from_wordfreq_seed
wfpt-11340,eventuais,,,11457,,shortlisted_from_wordfreq_seed
wfpt-11341,excluídos,,,11458,,shortlisted_from_wordfreq_seed
wfpt-11342,facial,,,11459,,shortlisted_from_wordfreq_seed
wfpt-11343,faro,,,11460,,shortlisted_from_wordfreq_seed
wfpt-11344,fashion,,,11461,,shortlisted_from_wordfreq_seed
wfpt-11345,film,,,11462,,shortlisted_from_wordfreq_seed
wfpt-11346,flexível,,,11463,,shortlisted_from_wordfreq_seed
wfpt-11347,fomentar,,,11464,,shortlisted_from_wordfreq_seed
wfpt-11348,fone,,,11465,,shortlisted_from_wordfreq_seed
wfpt-11349,forneceu,,,11466,,shortlisted_from_wordfreq_seed
wfpt-11350,fort,,,11467,,shortlisted_from_wordfreq_seed
wfpt-11351,forçou,,,11468,,shortlisted_from_wordfreq_seed
wfpt-11352,foste,,,11469,,shortlisted_from_wordfreq_seed
wfpt-11353,françois,,,11470,,shortlisted_from_wordfreq_seed
wfpt-11354,fértil,,,11471,,shortlisted_from_wordfreq_seed
wfpt-11355,ganhado,,,11472,,shortlisted_from_wordfreq_seed
wfpt-11356,gastando,,,11473,,shortlisted_from_wordfreq_seed
wfpt-11357,gastronomia,,,11474,,shortlisted_from_wordfreq_seed
wfpt-11358,gaveta,,,11475,,shortlisted_from_wordfreq_seed
wfpt-11359,gazeta,,,11476,,shortlisted_from_wordfreq_seed
wfpt-11360,halloween,,,11477,,shortlisted_from_wordfreq_seed
wfpt-11362,identificadas,,,11479,,shortlisted_from_wordfreq_seed
wfpt-11363,impedimento,,,11480,,shortlisted_from_wordfreq_seed
wfpt-11364,indicadores,,,11481,,shortlisted_from_wordfreq_seed
wfpt-11365,indiferença,,,11482,,shortlisted_from_wordfreq_seed
wfpt-11366,indignação,,,11483,,shortlisted_from_wordfreq_seed
wfpt-11367,inovadoras,,,11484,,shortlisted_from_wordfreq_seed
wfpt-11368,insuficiência,,,11485,,shortlisted_from_wordfreq_seed
wfpt-11369,juntam,,,11486,,shortlisted_from_wordfreq_seed
wfpt-11370,katherine,,,11487,,shortlisted_from_wordfreq_seed
wfpt-11371,left,,,11488,,shortlisted_from_wordfreq_seed
wfpt-11372,levy,,,11489,,shortlisted_from_wordfreq_seed
wfpt-11373,liberta,,,11490,,shortlisted_from_wordfreq_seed
wfpt-11374,licenciado,,,11491,,shortlisted_from_wordfreq_seed
wfpt-11375,liderou,,,11492,,shortlisted_from_wordfreq_seed
wfpt-11376,liso,,,11493,,shortlisted_from_wordfreq_seed
wfpt-11377,mali,,,11494,,shortlisted_from_wordfreq_seed
wfpt-11378,mason,,,11495,,shortlisted_from_wordfreq_seed
wfpt-11379,materno,,,11496,,shortlisted_from_wordfreq_seed
wfpt-11380,melody,,,11497,,shortlisted_from_wordfreq_seed
wfpt-11381,ministérios,,,11498,,shortlisted_from_wordfreq_seed
wfpt-11382,mista,,,11499,,shortlisted_from_wordfreq_seed
wfpt-11383,monopólio,,,11500,,shortlisted_from_wordfreq_seed
wfpt-11384,montada,,,11501,,shortlisted_from_wordfreq_seed
wfpt-11385,monumentos,,,11502,,shortlisted_from_wordfreq_seed
wfpt-11386,morder,,,11503,,shortlisted_from_wordfreq_seed
wfpt-11387,muçulmana,,,11504,,shortlisted_from_wordfreq_seed
wfpt-11388,mártir,,,11505,,shortlisted_from_wordfreq_seed
wfpt-11389,namorando,,,11506,,shortlisted_from_wordfreq_seed
wfpt-11390,narra,,,11507,,shortlisted_from_wordfreq_seed
wfpt-11391,nepal,,,11508,,shortlisted_from_wordfreq_seed
wfpt-11392,obrigando,,,11509,,shortlisted_from_wordfreq_seed
wfpt-11393,oitavo,,,11510,,shortlisted_from_wordfreq_seed
wfpt-11394,oponente,,,11511,,shortlisted_from_wordfreq_seed
wfpt-11395,ovelhas,,,11512,,shortlisted_from_wordfreq_seed
wfpt-11396,parecidas,,,11513,,shortlisted_from_wordfreq_seed
wfpt-11397,patrocinadores,,,11514,,shortlisted_from_wordfreq_seed
wfpt-11398,pelé,,,11515,,shortlisted_from_wordfreq_seed
wfpt-11399,perco,,,11516,,shortlisted_from_wordfreq_seed
wfpt-11400,pertences,,,11517,,shortlisted_from_wordfreq_seed
wfpt-11401,pipa,,,11518,,shortlisted_from_wordfreq_seed
wfpt-11402,portais,,,11519,,shortlisted_from_wordfreq_seed
wfpt-11403,poética,,,11520,,shortlisted_from_wordfreq_seed
wfpt-11404,preguiçoso,,,11521,,shortlisted_from_wordfreq_seed
wfpt-11405,pretty,,,11522,,shortlisted_from_wordfreq_seed
wfpt-11406,previstas,,,11523,,shortlisted_from_wordfreq_seed
wfpt-11407,previsões,,,11524,,shortlisted_from_wordfreq_seed
wfpt-11408,promoções,,,11525,,shortlisted_from_wordfreq_seed
wfpt-11409,puramente,,,11526,,shortlisted_from_wordfreq_seed
wfpt-11410,pênalti,,,11527,,shortlisted_from_wordfreq_seed
wfpt-11411,questionamentos,,,11528,,shortlisted_from_wordfreq_seed
wfpt-11412,reconhecidas,,,11529,,shortlisted_from_wordfreq_seed
wfpt-11413,recuar,,,11530,,shortlisted_from_wordfreq_seed
wfpt-11414,refém,,,11531,,shortlisted_from_wordfreq_seed
wfpt-11415,remanescentes,,,11532,,shortlisted_from_wordfreq_seed
wfpt-11416,remota,,,11533,,shortlisted_from_wordfreq_seed
wfpt-11417,renascimento,,,11534,,shortlisted_from_wordfreq_seed
wfpt-11418,repetidamente,,,11535,,shortlisted_from_wordfreq_seed
wfpt-11419,repita,,,11536,,shortlisted_from_wordfreq_seed
wfpt-11420,resoluções,,,11537,,shortlisted_from_wordfreq_seed
wfpt-11421,return,,,11538,,shortlisted_from_wordfreq_seed
wfpt-11422,rich,,,11539,,shortlisted_from_wordfreq_seed
wfpt-11423,saiam,,,11540,,shortlisted_from_wordfreq_seed
wfpt-11424,salgueiro,,,11541,,shortlisted_from_wordfreq_seed
wfpt-11425,salta,,,11542,,shortlisted_from_wordfreq_seed
wfpt-11426,seguimento,,,11543,,shortlisted_from_wordfreq_seed
wfpt-11427,semelhanças,,,11544,,shortlisted_from_wordfreq_seed
wfpt-11428,sentirem,,,11545,,shortlisted_from_wordfreq_seed
wfpt-11429,serena,,,11546,,shortlisted_from_wordfreq_seed
wfpt-11430,simbólico,,,11547,,shortlisted_from_wordfreq_seed
wfpt-11431,sinos,,,11548,,shortlisted_from_wordfreq_seed
wfpt-11432,situa,,,11549,,shortlisted_from_wordfreq_seed
wfpt-11433,slim,,,11550,,shortlisted_from_wordfreq_seed
wfpt-11434,somar,,,11551,,shortlisted_from_wordfreq_seed
wfpt-11435,sorria,,,11552,,shortlisted_from_wordfreq_seed
wfpt-11436,spa,,,11553,,shortlisted_from_wordfreq_seed
wfpt-11437,spam,,,11554,,shortlisted_from_wordfreq_seed
wfpt-11438,sports,,,11555,,shortlisted_from_wordfreq_seed
wfpt-11439,sugar,,,11556,,shortlisted_from_wordfreq_seed
wfpt-11440,sujeita,,,11557,,shortlisted_from_wordfreq_seed
wfpt-11441,sênior,,,11558,,shortlisted_from_wordfreq_seed
wfpt-11442,sólidos,,,11559,,shortlisted_from_wordfreq_seed
wfpt-11443,tartaruga,,,11560,,shortlisted_from_wordfreq_seed
wfpt-11444,terminais,,,11561,,shortlisted_from_wordfreq_seed
wfpt-11445,truques,,,11562,,shortlisted_from_wordfreq_seed
wfpt-11446,velocidades,,,11563,,shortlisted_from_wordfreq_seed
wfpt-11447,vencendo,,,11564,,shortlisted_from_wordfreq_seed
wfpt-11448,vendidas,,,11565,,shortlisted_from_wordfreq_seed
wfpt-11449,voltará,,,11566,,shortlisted_from_wordfreq_seed
wfpt-11450,vulnerabilidade,,,11567,,shortlisted_from_wordfreq_seed
wfpt-11451,western,,,11568,,shortlisted_from_wordfreq_seed
wfpt-11452,woman,,,11569,,shortlisted_from_wordfreq_seed
wfpt-11453,zeca,,,11570,,shortlisted_from_wordfreq_seed
wfpt-11454,ânimo,,,11571,,shortlisted_from_wordfreq_seed
wfpt-11455,acomodar,,,11572,,shortlisted_from_wordfreq_seed
wfpt-11456,acreditavam,,,11573,,shortlisted_from_wordfreq_seed
wfpt-11457,adicionado,,,11574,,shortlisted_from_wordfreq_seed
wfpt-11458,afirmaram,,,11575,,shortlisted_from_wordfreq_seed
wfpt-11459,afirmações,,,11576,,shortlisted_from_wordfreq_seed
wfpt-11460,alone,,,11577,,shortlisted_from_wordfreq_seed
wfpt-11461,alterada,,,11578,,shortlisted_from_wordfreq_seed
wfpt-11462,amargo,,,11579,,shortlisted_from_wordfreq_seed
wfpt-11463,ambulância,,,11580,,shortlisted_from_wordfreq_seed
wfpt-11464,anfitrião,,,11581,,shortlisted_from_wordfreq_seed
wfpt-11465,anita,,,11582,,shortlisted_from_wordfreq_seed
wfpt-11466,aproveitamento,,,11583,,shortlisted_from_wordfreq_seed
wfpt-11467,aquecer,,,11584,,shortlisted_from_wordfreq_seed
wfpt-11468,artilheiro,,,11585,,shortlisted_from_wordfreq_seed
wfpt-11469,assassinar,,,11586,,shortlisted_from_wordfreq_seed
wfpt-11470,association,,,11587,,shortlisted_from_wordfreq_seed
wfpt-11471,atingem,,,11588,,shortlisted_from_wordfreq_seed
wfpt-11472,atraído,,,11589,,shortlisted_from_wordfreq_seed
wfpt-11473,autoriza,,,11590,,shortlisted_from_wordfreq_seed
wfpt-11474,bernard,,,11591,,shortlisted_from_wordfreq_seed
wfpt-11475,boato,,,11592,,shortlisted_from_wordfreq_seed
wfpt-11476,cadernos,,,11593,,shortlisted_from_wordfreq_seed
wfpt-11477,cadáver,,,11594,,shortlisted_from_wordfreq_seed
wfpt-11478,camisinha,,,11595,,shortlisted_from_wordfreq_seed
wfpt-11479,canhão,,,11596,,shortlisted_from_wordfreq_seed
wfpt-11480,captação,,,11597,,shortlisted_from_wordfreq_seed
wfpt-11481,casino,,,11598,,shortlisted_from_wordfreq_seed
wfpt-11482,celebrações,,,11599,,shortlisted_from_wordfreq_seed
wfpt-11483,che,,,11600,,shortlisted_from_wordfreq_seed
wfpt-11484,cheguem,,,11601,,shortlisted_from_wordfreq_seed
wfpt-11485,chupar,,,11602,,shortlisted_from_wordfreq_seed
wfpt-11486,cineastas,,,11603,,shortlisted_from_wordfreq_seed
wfpt-11487,coitado,,,11604,,shortlisted_from_wordfreq_seed
wfpt-11488,comandado,,,11605,,shortlisted_from_wordfreq_seed
wfpt-11489,conquistando,,,11606,,shortlisted_from_wordfreq_seed
wfpt-11490,consumido,,,11607,,shortlisted_from_wordfreq_seed
wfpt-11491,criativos,,,11608,,shortlisted_from_wordfreq_seed
wfpt-11493,deficiente,,,11611,,shortlisted_from_wordfreq_seed
wfpt-11494,desfazer,,,11612,,shortlisted_from_wordfreq_seed
wfpt-11495,desordem,,,11613,,shortlisted_from_wordfreq_seed
wfpt-11496,diferenciada,,,11614,,shortlisted_from_wordfreq_seed
wfpt-11497,directa,,,11615,,shortlisted_from_wordfreq_seed
wfpt-11498,dispara,,,11616,,shortlisted_from_wordfreq_seed
wfpt-11499,dividem,,,11617,,shortlisted_from_wordfreq_seed
wfpt-11500,divididas,,,11618,,shortlisted_from_wordfreq_seed
wfpt-11501,dominado,,,11619,,shortlisted_from_wordfreq_seed
wfpt-11502,eleitorado,,,11620,,shortlisted_from_wordfreq_seed
wfpt-11503,elvis,,,11621,,shortlisted_from_wordfreq_seed
wfpt-11504,emerson,,,11622,,shortlisted_from_wordfreq_seed
wfpt-11505,empenho,,,11623,,shortlisted_from_wordfreq_seed
wfpt-11506,encara,,,11624,,shortlisted_from_wordfreq_seed
wfpt-11509,esculturas,,,11627,,shortlisted_from_wordfreq_seed
wfpt-11510,escutei,,,11628,,shortlisted_from_wordfreq_seed
wfpt-11511,esforçar,,,11629,,shortlisted_from_wordfreq_seed
wfpt-11512,espalhando,,,11630,,shortlisted_from_wordfreq_seed
wfpt-11513,esperavam,,,11631,,shortlisted_from_wordfreq_seed
wfpt-11514,esperta,,,11632,,shortlisted_from_wordfreq_seed
wfpt-11515,exatas,,,11633,,shortlisted_from_wordfreq_seed
wfpt-11516,exclusividade,,,11634,,shortlisted_from_wordfreq_seed
wfpt-11517,expulsos,,,11635,,shortlisted_from_wordfreq_seed
wfpt-11518,fitness,,,11636,,shortlisted_from_wordfreq_seed
wfpt-11519,focada,,,11637,,shortlisted_from_wordfreq_seed
wfpt-11520,foster,,,11638,,shortlisted_from_wordfreq_seed
wfpt-11521,freio,,,11639,,shortlisted_from_wordfreq_seed
wfpt-11522,fuzileiros,,,11640,,shortlisted_from_wordfreq_seed
wfpt-11523,fêmeas,,,11641,,shortlisted_from_wordfreq_seed
wfpt-11524,garantida,,,11642,,shortlisted_from_wordfreq_seed
wfpt-11525,genro,,,11643,,shortlisted_from_wordfreq_seed
wfpt-11526,gerald,,,11644,,shortlisted_from_wordfreq_seed
wfpt-11527,golos,,,11645,,shortlisted_from_wordfreq_seed
wfpt-11528,gravadas,,,11646,,shortlisted_from_wordfreq_seed
wfpt-11529,gravadora,,,11647,,shortlisted_from_wordfreq_seed
wfpt-11530,guarde,,,11648,,shortlisted_from_wordfreq_seed
wfpt-11531,haddad,,,11649,,shortlisted_from_wordfreq_seed
wfpt-11532,hills,,,11650,,shortlisted_from_wordfreq_seed
wfpt-11534,hudson,,,11652,,shortlisted_from_wordfreq_seed
wfpt-11535,inaceitável,,,11653,,shortlisted_from_wordfreq_seed
wfpt-11536,insuportável,,,11654,,shortlisted_from_wordfreq_seed
wfpt-11537,interativo,,,11655,,shortlisted_from_wordfreq_seed
wfpt-11538,internautas,,,11656,,shortlisted_from_wordfreq_seed
wfpt-11539,invasões,,,11657,,shortlisted_from_wordfreq_seed
wfpt-11540,inventário,,,11658,,shortlisted_from_wordfreq_seed
wfpt-11541,its,,,11659,,shortlisted_from_wordfreq_seed
wfpt-11542,ivete,,,11660,,shortlisted_from_wordfreq_seed
wfpt-11543,jessie,,,11661,,shortlisted_from_wordfreq_seed
wfpt-11544,kane,,,11662,,shortlisted_from_wordfreq_seed
wfpt-11545,lanka,,,11663,,shortlisted_from_wordfreq_seed
wfpt-11546,levem,,,11664,,shortlisted_from_wordfreq_seed
wfpt-11547,libera,,,11665,,shortlisted_from_wordfreq_seed
wfpt-11548,licenciamento,,,11666,,shortlisted_from_wordfreq_seed
wfpt-11549,licenciatura,,,11667,,shortlisted_from_wordfreq_seed
wfpt-11550,limitados,,,11668,,shortlisted_from_wordfreq_seed
wfpt-11551,liverpool,,,11669,,shortlisted_from_wordfreq_seed
wfpt-11552,lloyd,,,11670,,shortlisted_from_wordfreq_seed
wfpt-11553,lulu,,,11671,,shortlisted_from_wordfreq_seed
wfpt-11555,mandados,,,11673,,shortlisted_from_wordfreq_seed
wfpt-11556,manhãs,,,11674,,shortlisted_from_wordfreq_seed
wfpt-11557,mari,,,11675,,shortlisted_from_wordfreq_seed
wfpt-11558,masculinos,,,11676,,shortlisted_from_wordfreq_seed
wfpt-11559,matado,,,11677,,shortlisted_from_wordfreq_seed
wfpt-11560,meramente,,,11678,,shortlisted_from_wordfreq_seed
wfpt-11561,metáfora,,,11679,,shortlisted_from_wordfreq_seed
wfpt-11562,minorias,,,11680,,shortlisted_from_wordfreq_seed
wfpt-11563,modificar,,,11681,,shortlisted_from_wordfreq_seed
wfpt-11564,morning,,,11682,,shortlisted_from_wordfreq_seed
wfpt-11565,mosca,,,11683,,shortlisted_from_wordfreq_seed
wfpt-11566,mrs,,,11684,,shortlisted_from_wordfreq_seed
wfpt-11567,multimídia,,,11685,,shortlisted_from_wordfreq_seed
wfpt-11568,mural,,,11686,,shortlisted_from_wordfreq_seed
wfpt-11569,máfia,,,11687,,shortlisted_from_wordfreq_seed
wfpt-11570,nicarágua,,,11688,,shortlisted_from_wordfreq_seed
wfpt-11571,odebrecht,,,11689,,shortlisted_from_wordfreq_seed
wfpt-11572,opa,,,11690,,shortlisted_from_wordfreq_seed
wfpt-11573,operado,,,11691,,shortlisted_from_wordfreq_seed
wfpt-11574,operário,,,11692,,shortlisted_from_wordfreq_seed
wfpt-11575,orar,,,11693,,shortlisted_from_wordfreq_seed
wfpt-11576,ordenado,,,11694,,shortlisted_from_wordfreq_seed
wfpt-11577,orgasmo,,,11695,,shortlisted_from_wordfreq_seed
wfpt-11578,orientar,,,11696,,shortlisted_from_wordfreq_seed
wfpt-11579,oswaldo,,,11697,,shortlisted_from_wordfreq_seed
wfpt-11580,ouvintes,,,11698,,shortlisted_from_wordfreq_seed
wfpt-11581,panda,,,11699,,shortlisted_from_wordfreq_seed
wfpt-11582,partidários,,,11700,,shortlisted_from_wordfreq_seed
wfpt-11583,pat,,,11701,,shortlisted_from_wordfreq_seed
wfpt-11584,patamar,,,11702,,shortlisted_from_wordfreq_seed
wfpt-11585,paulino,,,11703,,shortlisted_from_wordfreq_seed
wfpt-11586,pedestres,,,11704,,shortlisted_from_wordfreq_seed
wfpt-11587,permaneceram,,,11705,,shortlisted_from_wordfreq_seed
wfpt-11588,philips,,,11706,,shortlisted_from_wordfreq_seed
wfpt-11589,pioneiros,,,11707,,shortlisted_from_wordfreq_seed
wfpt-11590,plantação,,,11708,,shortlisted_from_wordfreq_seed
wfpt-11591,preparem,,,11709,,shortlisted_from_wordfreq_seed
wfpt-11592,pretexto,,,11710,,shortlisted_from_wordfreq_seed
wfpt-11593,privilegiado,,,11711,,shortlisted_from_wordfreq_seed
wfpt-11594,profissionalismo,,,11712,,shortlisted_from_wordfreq_seed
wfpt-11595,proibir,,,11713,,shortlisted_from_wordfreq_seed
wfpt-11596,promotores,,,11714,,shortlisted_from_wordfreq_seed
wfpt-11597,proporcional,,,11715,,shortlisted_from_wordfreq_seed
wfpt-11598,prorrogação,,,11716,,shortlisted_from_wordfreq_seed
wfpt-11599,puc,,,11717,,shortlisted_from_wordfreq_seed
wfpt-11600,pulseira,,,11718,,shortlisted_from_wordfreq_seed
wfpt-11601,raphael,,,11719,,shortlisted_from_wordfreq_seed
wfpt-11602,receptor,,,11720,,shortlisted_from_wordfreq_seed
wfpt-11603,recordes,,,11721,,shortlisted_from_wordfreq_seed
wfpt-11604,recreio,,,11722,,shortlisted_from_wordfreq_seed
wfpt-11605,regulamentos,,,11723,,shortlisted_from_wordfreq_seed
wfpt-11606,relógios,,,11724,,shortlisted_from_wordfreq_seed
wfpt-11607,reservados,,,11725,,shortlisted_from_wordfreq_seed
wfpt-11608,resiste,,,11726,,shortlisted_from_wordfreq_seed
wfpt-11609,ressonância,,,11727,,shortlisted_from_wordfreq_seed
wfpt-11610,resultaram,,,11728,,shortlisted_from_wordfreq_seed
wfpt-11611,retórica,,,11729,,shortlisted_from_wordfreq_seed
wfpt-11612,roberta,,,11730,,shortlisted_from_wordfreq_seed
wfpt-11613,rodadas,,,11731,,shortlisted_from_wordfreq_seed
wfpt-11614,romeu,,,11732,,shortlisted_from_wordfreq_seed
wfpt-11615,rompimento,,,11733,,shortlisted_from_wordfreq_seed
wfpt-11616,réplica,,,11734,,shortlisted_from_wordfreq_seed
wfpt-11617,self,,,11736,,shortlisted_from_wordfreq_seed
wfpt-11618,senna,,,11737,,shortlisted_from_wordfreq_seed
wfpt-11619,server,,,11738,,shortlisted_from_wordfreq_seed
wfpt-11620,simão,,,11739,,shortlisted_from_wordfreq_seed
wfpt-11621,sintonia,,,11740,,shortlisted_from_wordfreq_seed
wfpt-11622,sorri,,,11741,,shortlisted_from_wordfreq_seed
wfpt-11623,southern,,,11742,,shortlisted_from_wordfreq_seed
wfpt-11624,spring,,,11743,,shortlisted_from_wordfreq_seed
wfpt-11625,submetidos,,,11744,,shortlisted_from_wordfreq_seed
wfpt-11626,substancial,,,11745,,shortlisted_from_wordfreq_seed
wfpt-11627,sumir,,,11746,,shortlisted_from_wordfreq_seed
wfpt-11628,supervisor,,,11747,,shortlisted_from_wordfreq_seed
wfpt-11629,surpreendido,,,11748,,shortlisted_from_wordfreq_seed
wfpt-11630,talentoso,,,11749,,shortlisted_from_wordfreq_seed
wfpt-11631,televisiva,,,11750,,shortlisted_from_wordfreq_seed
wfpt-11632,tesouros,,,11751,,shortlisted_from_wordfreq_seed
wfpt-11633,testando,,,11752,,shortlisted_from_wordfreq_seed
wfpt-11634,through,,,11754,,shortlisted_from_wordfreq_seed
wfpt-11635,tipicamente,,,11755,,shortlisted_from_wordfreq_seed
wfpt-11636,tocado,,,11756,,shortlisted_from_wordfreq_seed
wfpt-11637,tomamos,,,11757,,shortlisted_from_wordfreq_seed
wfpt-11638,transferida,,,11758,,shortlisted_from_wordfreq_seed
wfpt-11639,traço,,,11759,,shortlisted_from_wordfreq_seed
wfpt-11640,unicamente,,,11760,,shortlisted_from_wordfreq_seed
wfpt-11641,uno,,,11761,,shortlisted_from_wordfreq_seed
wfpt-11642,usual,,,11762,,shortlisted_from_wordfreq_seed
wfpt-11643,valendo,,,11763,,shortlisted_from_wordfreq_seed
wfpt-11644,vanguarda,,,11764,,shortlisted_from_wordfreq_seed
wfpt-11645,verbal,,,11765,,shortlisted_from_wordfreq_seed
wfpt-11646,vinagre,,,11766,,shortlisted_from_wordfreq_seed
wfpt-11647,vingadores,,,11767,,shortlisted_from_wordfreq_seed
wfpt-11648,violações,,,11768,,shortlisted_from_wordfreq_seed
wfpt-11649,violino,,,11769,,shortlisted_from_wordfreq_seed
wfpt-11650,virtudes,,,11770,,shortlisted_from_wordfreq_seed
wfpt-11651,vocação,,,11771,,shortlisted_from_wordfreq_seed
wfpt-11652,válidos,,,11772,,shortlisted_from_wordfreq_seed
wfpt-11653,véu,,,11773,,shortlisted_from_wordfreq_seed
wfpt-11654,walking,,,11774,,shortlisted_from_wordfreq_seed
wfpt-11655,zoom,,,11775,,shortlisted_from_wordfreq_seed
wfpt-11656,ávila,,,11776,,shortlisted_from_wordfreq_seed
wfpt-11657,étnicos,,,11777,,shortlisted_from_wordfreq_seed
wfpt-11658,abandonados,,,11779,,shortlisted_from_wordfreq_seed
wfpt-11659,absorção,,,11780,,shortlisted_from_wordfreq_seed
wfpt-11660,aceitas,,,11781,,shortlisted_from_wordfreq_seed
wfpt-11661,actor,,,11782,,shortlisted_from_wordfreq_seed
wfpt-11662,adivinhar,,,11783,,shortlisted_from_wordfreq_seed
wfpt-11663,adrenalina,,,11784,,shortlisted_from_wordfreq_seed
wfpt-11664,adão,,,11785,,shortlisted_from_wordfreq_seed
wfpt-11665,agressões,,,11786,,shortlisted_from_wordfreq_seed
wfpt-11666,ajudo,,,11787,,shortlisted_from_wordfreq_seed
wfpt-11667,aldo,,,11788,,shortlisted_from_wordfreq_seed
wfpt-11668,alegrias,,,11789,,shortlisted_from_wordfreq_seed
wfpt-11669,alencar,,,11790,,shortlisted_from_wordfreq_seed
wfpt-11670,alimentam,,,11791,,shortlisted_from_wordfreq_seed
wfpt-11671,alternativos,,,11792,,shortlisted_from_wordfreq_seed
wfpt-11672,angústia,,,11793,,shortlisted_from_wordfreq_seed
wfpt-11673,annie,,,11794,,shortlisted_from_wordfreq_seed
wfpt-11674,anotações,,,11795,,shortlisted_from_wordfreq_seed
wfpt-11675,apaga,,,11796,,shortlisted_from_wordfreq_seed
wfpt-11676,apanha,,,11797,,shortlisted_from_wordfreq_seed
wfpt-11677,aplicados,,,11798,,shortlisted_from_wordfreq_seed
wfpt-11678,ari,,,11799,,shortlisted_from_wordfreq_seed
wfpt-11679,arquitectura,,,11800,,shortlisted_from_wordfreq_seed
wfpt-11680,arranca,,,11801,,shortlisted_from_wordfreq_seed
wfpt-11681,artísticos,,,11802,,shortlisted_from_wordfreq_seed
wfpt-11682,ash,,,11803,,shortlisted_from_wordfreq_seed
wfpt-11683,atirando,,,11804,,shortlisted_from_wordfreq_seed
wfpt-11684,autêntico,,,11805,,shortlisted_from_wordfreq_seed
wfpt-11685,auxiliares,,,11806,,shortlisted_from_wordfreq_seed
wfpt-11686,ava,,,11807,,shortlisted_from_wordfreq_seed
wfpt-11687,avançados,,,11808,,shortlisted_from_wordfreq_seed
wfpt-11688,avançando,,,11809,,shortlisted_from_wordfreq_seed
wfpt-11689,azeite,,,11810,,shortlisted_from_wordfreq_seed
wfpt-11690,baratos,,,11811,,shortlisted_from_wordfreq_seed
wfpt-11691,barris,,,11812,,shortlisted_from_wordfreq_seed
wfpt-11692,bichos,,,11813,,shortlisted_from_wordfreq_seed
wfpt-11693,billboard,,,11814,,shortlisted_from_wordfreq_seed
wfpt-11694,bit,,,11815,,shortlisted_from_wordfreq_seed
wfpt-11695,boba,,,11816,,shortlisted_from_wordfreq_seed
wfpt-11696,bombardeio,,,11817,,shortlisted_from_wordfreq_seed
wfpt-11697,braz,,,11818,,shortlisted_from_wordfreq_seed
wfpt-11698,buscou,,,11819,,shortlisted_from_wordfreq_seed
wfpt-11699,caldeira,,,11820,,shortlisted_from_wordfreq_seed
wfpt-11700,campbell,,,11821,,shortlisted_from_wordfreq_seed
wfpt-11701,carlo,,,11822,,shortlisted_from_wordfreq_seed
wfpt-11702,carregador,,,11823,,shortlisted_from_wordfreq_seed
wfpt-11703,causaram,,,11824,,shortlisted_from_wordfreq_seed
wfpt-11704,cenoura,,,11825,,shortlisted_from_wordfreq_seed
wfpt-11705,certifique,,,11826,,shortlisted_from_wordfreq_seed
wfpt-11706,cicatrizes,,,11827,,shortlisted_from_wordfreq_seed
wfpt-11707,citadas,,,11828,,shortlisted_from_wordfreq_seed
wfpt-11708,classificada,,,11829,,shortlisted_from_wordfreq_seed
wfpt-11709,cogumelos,,,11830,,shortlisted_from_wordfreq_seed
wfpt-11710,colaterais,,,11831,,shortlisted_from_wordfreq_seed
wfpt-11711,colchão,,,11832,,shortlisted_from_wordfreq_seed
wfpt-11712,comemorou,,,11833,,shortlisted_from_wordfreq_seed
wfpt-11713,começará,,,11834,,shortlisted_from_wordfreq_seed
wfpt-11714,compartilham,,,11835,,shortlisted_from_wordfreq_seed
wfpt-11715,consultoria,,,11836,,shortlisted_from_wordfreq_seed
wfpt-11716,contactar,,,11837,,shortlisted_from_wordfreq_seed
wfpt-11717,contemporâneos,,,11838,,shortlisted_from_wordfreq_seed
wfpt-11718,contratada,,,11839,,shortlisted_from_wordfreq_seed
wfpt-11719,contrária,,,11840,,shortlisted_from_wordfreq_seed
wfpt-11720,convocou,,,11841,,shortlisted_from_wordfreq_seed
wfpt-11721,costura,,,11842,,shortlisted_from_wordfreq_seed
wfpt-11722,cruzado,,,11843,,shortlisted_from_wordfreq_seed
wfpt-11723,custam,,,11844,,shortlisted_from_wordfreq_seed
wfpt-11724,dani,,,11845,,shortlisted_from_wordfreq_seed
wfpt-11725,davam,,,11846,,shortlisted_from_wordfreq_seed
wfpt-11726,deliciosa,,,11847,,shortlisted_from_wordfreq_seed
wfpt-11727,descida,,,11848,,shortlisted_from_wordfreq_seed
wfpt-11728,desconhecidas,,,11849,,shortlisted_from_wordfreq_seed
wfpt-11729,deslocar,,,11850,,shortlisted_from_wordfreq_seed
wfpt-11730,despedir,,,11851,,shortlisted_from_wordfreq_seed
wfpt-11731,desperta,,,11852,,shortlisted_from_wordfreq_seed
wfpt-11732,detecção,,,11853,,shortlisted_from_wordfreq_seed
wfpt-11733,detrimento,,,11854,,shortlisted_from_wordfreq_seed
wfpt-11734,diabos,,,11855,,shortlisted_from_wordfreq_seed
wfpt-11735,dispor,,,11856,,shortlisted_from_wordfreq_seed
wfpt-11736,disseminação,,,11857,,shortlisted_from_wordfreq_seed
wfpt-11737,distrital,,,11858,,shortlisted_from_wordfreq_seed
wfpt-11738,dramas,,,11859,,shortlisted_from_wordfreq_seed
wfpt-11739,elefantes,,,11860,,shortlisted_from_wordfreq_seed
wfpt-11740,emocionais,,,11861,,shortlisted_from_wordfreq_seed
wfpt-11741,emocionalmente,,,11862,,shortlisted_from_wordfreq_seed
wfpt-11742,enfrentaram,,,11863,,shortlisted_from_wordfreq_seed
wfpt-11743,engraçados,,,11864,,shortlisted_from_wordfreq_seed
wfpt-11744,entrava,,,11865,,shortlisted_from_wordfreq_seed
wfpt-11746,escondidos,,,11867,,shortlisted_from_wordfreq_seed
wfpt-11747,espadas,,,11868,,shortlisted_from_wordfreq_seed
wfpt-11748,esperou,,,11869,,shortlisted_from_wordfreq_seed
wfpt-11749,esportivas,,,11870,,shortlisted_from_wordfreq_seed
wfpt-11750,estúpido,,,11871,,shortlisted_from_wordfreq_seed
wfpt-11751,evil,,,11872,,shortlisted_from_wordfreq_seed
wfpt-11752,exercido,,,11873,,shortlisted_from_wordfreq_seed
wfpt-11753,exibidos,,,11874,,shortlisted_from_wordfreq_seed
wfpt-11754,fariam,,,11875,,shortlisted_from_wordfreq_seed
wfpt-11755,fazendeiros,,,11876,,shortlisted_from_wordfreq_seed
wfpt-11756,feel,,,11877,,shortlisted_from_wordfreq_seed
wfpt-11757,fernández,,,11878,,shortlisted_from_wordfreq_seed
wfpt-11758,florestais,,,11879,,shortlisted_from_wordfreq_seed
wfpt-11759,fluxos,,,11880,,shortlisted_from_wordfreq_seed
wfpt-11760,fofa,,,11881,,shortlisted_from_wordfreq_seed
wfpt-11761,fornecedor,,,11882,,shortlisted_from_wordfreq_seed
wfpt-11762,fotografar,,,11883,,shortlisted_from_wordfreq_seed
wfpt-11763,frequentar,,,11884,,shortlisted_from_wordfreq_seed
wfpt-11764,front,,,11885,,shortlisted_from_wordfreq_seed
wfpt-11765,gastou,,,11886,,shortlisted_from_wordfreq_seed
wfpt-11766,generoso,,,11887,,shortlisted_from_wordfreq_seed
wfpt-11767,guerrilha,,,11888,,shortlisted_from_wordfreq_seed
wfpt-11768,gêmeas,,,11889,,shortlisted_from_wordfreq_seed
wfpt-11769,health,,,11890,,shortlisted_from_wordfreq_seed
wfpt-11770,ibope,,,11891,,shortlisted_from_wordfreq_seed
wfpt-11771,imortal,,,11892,,shortlisted_from_wordfreq_seed
wfpt-11772,imperatriz,,,11893,,shortlisted_from_wordfreq_seed
wfpt-11773,impressionada,,,11894,,shortlisted_from_wordfreq_seed
wfpt-11774,impressos,,,11895,,shortlisted_from_wordfreq_seed
wfpt-11775,inesperada,,,11896,,shortlisted_from_wordfreq_seed
wfpt-11776,infinita,,,11897,,shortlisted_from_wordfreq_seed
wfpt-11777,institucionais,,,11898,,shortlisted_from_wordfreq_seed
wfpt-11778,isbn,,,11899,,shortlisted_from_wordfreq_seed
wfpt-11779,ivo,,,11900,,shortlisted_from_wordfreq_seed
wfpt-11781,kiss,,,11902,,shortlisted_from_wordfreq_seed
wfpt-11782,lab,,,11903,,shortlisted_from_wordfreq_seed
wfpt-11783,lake,,,11904,,shortlisted_from_wordfreq_seed
wfpt-11784,latas,,,11905,,shortlisted_from_wordfreq_seed
wfpt-11785,leais,,,11906,,shortlisted_from_wordfreq_seed
wfpt-11786,levemente,,,11907,,shortlisted_from_wordfreq_seed
wfpt-11787,limpas,,,11908,,shortlisted_from_wordfreq_seed
wfpt-11788,lives,,,11909,,shortlisted_from_wordfreq_seed
wfpt-11789,loco,,,11910,,shortlisted_from_wordfreq_seed
wfpt-11790,machucou,,,11911,,shortlisted_from_wordfreq_seed
wfpt-11791,magistrado,,,11912,,shortlisted_from_wordfreq_seed
wfpt-11792,manuela,,,11913,,shortlisted_from_wordfreq_seed
wfpt-11793,medicação,,,11914,,shortlisted_from_wordfreq_seed
wfpt-11794,mexeu,,,11915,,shortlisted_from_wordfreq_seed
wfpt-11795,michele,,,11916,,shortlisted_from_wordfreq_seed
wfpt-11796,militância,,,11917,,shortlisted_from_wordfreq_seed
wfpt-11797,mineiros,,,11918,,shortlisted_from_wordfreq_seed
wfpt-11798,mútuo,,,11919,,shortlisted_from_wordfreq_seed
wfpt-11799,naruto,,,11920,,shortlisted_from_wordfreq_seed
wfpt-11800,ocupadas,,,11921,,shortlisted_from_wordfreq_seed
wfpt-11801,optar,,,11922,,shortlisted_from_wordfreq_seed
wfpt-11802,orientações,,,11923,,shortlisted_from_wordfreq_seed
wfpt-11803,orla,,,11924,,shortlisted_from_wordfreq_seed
wfpt-11804,otto,,,11925,,shortlisted_from_wordfreq_seed
wfpt-11805,padilha,,,11926,,shortlisted_from_wordfreq_seed
wfpt-11806,paralelamente,,,11927,,shortlisted_from_wordfreq_seed
wfpt-11807,passarem,,,11928,,shortlisted_from_wordfreq_seed
wfpt-11808,passavam,,,11929,,shortlisted_from_wordfreq_seed
wfpt-11809,passes,,,11930,,shortlisted_from_wordfreq_seed
wfpt-11810,penitenciária,,,11931,,shortlisted_from_wordfreq_seed
wfpt-11811,perturbar,,,11932,,shortlisted_from_wordfreq_seed
wfpt-11812,pesquisadora,,,11933,,shortlisted_from_wordfreq_seed
wfpt-11814,possibilita,,,11935,,shortlisted_from_wordfreq_seed
wfpt-11815,poços,,,11936,,shortlisted_from_wordfreq_seed
wfpt-11816,premium,,,11937,,shortlisted_from_wordfreq_seed
wfpt-11817,preocupante,,,11938,,shortlisted_from_wordfreq_seed
wfpt-11818,primordial,,,11939,,shortlisted_from_wordfreq_seed
wfpt-11819,problemática,,,11940,,shortlisted_from_wordfreq_seed
wfpt-11820,programada,,,11941,,shortlisted_from_wordfreq_seed
wfpt-11821,progressista,,,11942,,shortlisted_from_wordfreq_seed
wfpt-11822,provado,,,11943,,shortlisted_from_wordfreq_seed
wfpt-11823,providências,,,11944,,shortlisted_from_wordfreq_seed
wfpt-11824,pulmões,,,11945,,shortlisted_from_wordfreq_seed
wfpt-11825,putas,,,11946,,shortlisted_from_wordfreq_seed
wfpt-11827,quiseram,,,11948,,shortlisted_from_wordfreq_seed
wfpt-11828,racistas,,,11949,,shortlisted_from_wordfreq_seed
wfpt-11829,rancho,,,11950,,shortlisted_from_wordfreq_seed
wfpt-11830,reajuste,,,11951,,shortlisted_from_wordfreq_seed
wfpt-11831,reconheço,,,11952,,shortlisted_from_wordfreq_seed
wfpt-11832,referia,,,11953,,shortlisted_from_wordfreq_seed
wfpt-11833,relatar,,,11954,,shortlisted_from_wordfreq_seed
wfpt-11834,renal,,,11955,,shortlisted_from_wordfreq_seed
wfpt-11835,reproduzir,,,11956,,shortlisted_from_wordfreq_seed
wfpt-11836,resolvidos,,,11957,,shortlisted_from_wordfreq_seed
wfpt-11837,respeite,,,11958,,shortlisted_from_wordfreq_seed
wfpt-11838,rodoviário,,,11959,,shortlisted_from_wordfreq_seed
wfpt-11839,sabido,,,11960,,shortlisted_from_wordfreq_seed
wfpt-11840,secos,,,11961,,shortlisted_from_wordfreq_seed
wfpt-11841,sedes,,,11962,,shortlisted_from_wordfreq_seed
wfpt-11842,seleções,,,11963,,shortlisted_from_wordfreq_seed
wfpt-11843,senegal,,,11964,,shortlisted_from_wordfreq_seed
wfpt-11844,sentou,,,11965,,shortlisted_from_wordfreq_seed
wfpt-11845,separada,,,11966,,shortlisted_from_wordfreq_seed
wfpt-11846,sereia,,,11967,,shortlisted_from_wordfreq_seed
wfpt-11847,sertanejo,,,11968,,shortlisted_from_wordfreq_seed
wfpt-11848,sexos,,,11969,,shortlisted_from_wordfreq_seed
wfpt-11850,smartphones,,,11971,,shortlisted_from_wordfreq_seed
wfpt-11851,sobrevive,,,11972,,shortlisted_from_wordfreq_seed
wfpt-11852,solicitado,,,11973,,shortlisted_from_wordfreq_seed
wfpt-11853,traficante,,,11974,,shortlisted_from_wordfreq_seed
wfpt-11854,tratadas,,,11975,,shortlisted_from_wordfreq_seed
wfpt-11855,traçar,,,11976,,shortlisted_from_wordfreq_seed
wfpt-11856,típicos,,,11977,,shortlisted_from_wordfreq_seed
wfpt-11857,violar,,,11978,,shortlisted_from_wordfreq_seed
wfpt-11858,voltem,,,11979,,shortlisted_from_wordfreq_seed
wfpt-11859,wide,,,11980,,shortlisted_from_wordfreq_seed
wfpt-11860,ângulos,,,11981,,shortlisted_from_wordfreq_seed
wfpt-11861,acusa,,,11983,,shortlisted_from_wordfreq_seed
wfpt-11862,afetadas,,,11984,,shortlisted_from_wordfreq_seed
wfpt-11863,afetou,,,11985,,shortlisted_from_wordfreq_seed
wfpt-11864,agarra,,,11986,,shortlisted_from_wordfreq_seed
wfpt-11865,aguda,,,11987,,shortlisted_from_wordfreq_seed
wfpt-11866,alheia,,,11988,,shortlisted_from_wordfreq_seed
wfpt-11867,always,,,11989,,shortlisted_from_wordfreq_seed
wfpt-11868,ambicioso,,,11990,,shortlisted_from_wordfreq_seed
wfpt-11869,amplitude,,,11991,,shortlisted_from_wordfreq_seed
wfpt-11870,angelo,,,11992,,shortlisted_from_wordfreq_seed
wfpt-11871,animes,,,11993,,shortlisted_from_wordfreq_seed
wfpt-11872,anistia,,,11994,,shortlisted_from_wordfreq_seed
wfpt-11873,anotar,,,11995,,shortlisted_from_wordfreq_seed
wfpt-11874,anton,,,11996,,shortlisted_from_wordfreq_seed
wfpt-11875,apoiadores,,,11997,,shortlisted_from_wordfreq_seed
wfpt-11876,atirou,,,11998,,shortlisted_from_wordfreq_seed
wfpt-11877,ativas,,,11999,,shortlisted_from_wordfreq_seed
wfpt-11878,atrasados,,,12000,,shortlisted_from_wordfreq_seed
wfpt-11879,atravessando,,,12001,,shortlisted_from_wordfreq_seed
wfpt-11880,bangladesh,,,12002,,shortlisted_from_wordfreq_seed
wfpt-11881,beijou,,,12003,,shortlisted_from_wordfreq_seed
wfpt-11882,belga,,,12004,,shortlisted_from_wordfreq_seed
wfpt-11883,better,,,12005,,shortlisted_from_wordfreq_seed
wfpt-11884,brandon,,,12006,,shortlisted_from_wordfreq_seed
wfpt-11885,cachaça,,,12007,,shortlisted_from_wordfreq_seed
wfpt-11886,calvin,,,12008,,shortlisted_from_wordfreq_seed
wfpt-11887,canoas,,,12009,,shortlisted_from_wordfreq_seed
wfpt-11888,carmo,,,12010,,shortlisted_from_wordfreq_seed
wfpt-11889,casinha,,,12011,,shortlisted_from_wordfreq_seed
wfpt-11890,chore,,,12012,,shortlisted_from_wordfreq_seed
wfpt-11891,chorei,,,12013,,shortlisted_from_wordfreq_seed
wfpt-11892,classificou,,,12014,,shortlisted_from_wordfreq_seed
wfpt-11893,clássicas,,,12015,,shortlisted_from_wordfreq_seed
wfpt-11894,cobertos,,,12016,,shortlisted_from_wordfreq_seed
wfpt-11895,colocamos,,,12017,,shortlisted_from_wordfreq_seed
wfpt-11896,colombo,,,12018,,shortlisted_from_wordfreq_seed
wfpt-11897,combinam,,,12019,,shortlisted_from_wordfreq_seed
wfpt-11898,comparações,,,12020,,shortlisted_from_wordfreq_seed
wfpt-11899,competitivo,,,12021,,shortlisted_from_wordfreq_seed
wfpt-11900,competências,,,12022,,shortlisted_from_wordfreq_seed
wfpt-11901,comportar,,,12023,,shortlisted_from_wordfreq_seed
wfpt-11902,compram,,,12024,,shortlisted_from_wordfreq_seed
wfpt-11903,cone,,,12025,,shortlisted_from_wordfreq_seed
wfpt-11904,conheciam,,,12026,,shortlisted_from_wordfreq_seed
wfpt-11905,corporativa,,,12027,,shortlisted_from_wordfreq_seed
wfpt-11906,cristais,,,12028,,shortlisted_from_wordfreq_seed
wfpt-11907,crueldade,,,12029,,shortlisted_from_wordfreq_seed
wfpt-11908,cunhada,,,12030,,shortlisted_from_wordfreq_seed
wfpt-11909,degraus,,,12031,,shortlisted_from_wordfreq_seed
wfpt-11910,denunciou,,,12032,,shortlisted_from_wordfreq_seed
wfpt-11911,desaparecida,,,12033,,shortlisted_from_wordfreq_seed
wfpt-11912,descarga,,,12034,,shortlisted_from_wordfreq_seed
wfpt-11913,desconfortável,,,12035,,shortlisted_from_wordfreq_seed
wfpt-11914,desejado,,,12036,,shortlisted_from_wordfreq_seed
wfpt-11915,designação,,,12037,,shortlisted_from_wordfreq_seed
wfpt-11916,die,,,12038,,shortlisted_from_wordfreq_seed
wfpt-11917,diplomata,,,12039,,shortlisted_from_wordfreq_seed
wfpt-11918,direções,,,12040,,shortlisted_from_wordfreq_seed
wfpt-11919,distrair,,,12041,,shortlisted_from_wordfreq_seed
wfpt-11920,dividiu,,,12042,,shortlisted_from_wordfreq_seed
wfpt-11921,dobrar,,,12043,,shortlisted_from_wordfreq_seed
wfpt-11922,domésticas,,,12044,,shortlisted_from_wordfreq_seed
wfpt-11923,duncan,,,12045,,shortlisted_from_wordfreq_seed
wfpt-11924,ecrã,,,12046,,shortlisted_from_wordfreq_seed
wfpt-11925,educada,,,12047,,shortlisted_from_wordfreq_seed
wfpt-11926,educadores,,,12048,,shortlisted_from_wordfreq_seed
wfpt-11927,embarcar,,,12049,,shortlisted_from_wordfreq_seed
wfpt-11928,empatia,,,12050,,shortlisted_from_wordfreq_seed
wfpt-11929,encheu,,,12051,,shortlisted_from_wordfreq_seed
wfpt-11930,entrem,,,12052,,shortlisted_from_wordfreq_seed
wfpt-11931,escolho,,,12053,,shortlisted_from_wordfreq_seed
wfpt-11932,escondendo,,,12054,,shortlisted_from_wordfreq_seed
wfpt-11933,espessura,,,12055,,shortlisted_from_wordfreq_seed
wfpt-11934,espinha,,,12056,,shortlisted_from_wordfreq_seed
wfpt-11935,espiral,,,12057,,shortlisted_from_wordfreq_seed
wfpt-11936,espn,,,12058,,shortlisted_from_wordfreq_seed
wfpt-11937,esquemas,,,12059,,shortlisted_from_wordfreq_seed
wfpt-11938,excessivo,,,12060,,shortlisted_from_wordfreq_seed
wfpt-11939,explique,,,12061,,shortlisted_from_wordfreq_seed
wfpt-11940,fabricado,,,12062,,shortlisted_from_wordfreq_seed
wfpt-11941,falasse,,,12063,,shortlisted_from_wordfreq_seed
wfpt-11942,filmando,,,12064,,shortlisted_from_wordfreq_seed
wfpt-11943,firmes,,,12065,,shortlisted_from_wordfreq_seed
wfpt-11944,fogueira,,,12066,,shortlisted_from_wordfreq_seed
wfpt-11945,foguetes,,,12067,,shortlisted_from_wordfreq_seed
wfpt-11946,folia,,,12068,,shortlisted_from_wordfreq_seed
wfpt-11947,fungos,,,12069,,shortlisted_from_wordfreq_seed
wfpt-11948,gerenciar,,,12070,,shortlisted_from_wordfreq_seed
wfpt-11949,gestor,,,12071,,shortlisted_from_wordfreq_seed
wfpt-11950,golden,,,12072,,shortlisted_from_wordfreq_seed
wfpt-11951,gostosas,,,12073,,shortlisted_from_wordfreq_seed
wfpt-11952,gramas,,,12074,,shortlisted_from_wordfreq_seed
wfpt-11953,handebol,,,12075,,shortlisted_from_wordfreq_seed
wfpt-11954,hostil,,,12076,,shortlisted_from_wordfreq_seed
wfpt-11956,imposta,,,12078,,shortlisted_from_wordfreq_seed
wfpt-11957,inaugurada,,,12079,,shortlisted_from_wordfreq_seed
wfpt-11958,inc,,,12080,,shortlisted_from_wordfreq_seed
wfpt-11959,incapazes,,,12081,,shortlisted_from_wordfreq_seed
wfpt-11960,inconveniente,,,12082,,shortlisted_from_wordfreq_seed
wfpt-11961,indicador,,,12083,,shortlisted_from_wordfreq_seed
wfpt-11962,indie,,,12084,,shortlisted_from_wordfreq_seed
wfpt-11963,infarto,,,12085,,shortlisted_from_wordfreq_seed
wfpt-11964,insistem,,,12086,,shortlisted_from_wordfreq_seed
wfpt-11965,insuficiente,,,12087,,shortlisted_from_wordfreq_seed
wfpt-11966,intermediários,,,12088,,shortlisted_from_wordfreq_seed
wfpt-11967,intermédio,,,12089,,shortlisted_from_wordfreq_seed
wfpt-11968,isaías,,,12090,,shortlisted_from_wordfreq_seed
wfpt-11969,joias,,,12091,,shortlisted_from_wordfreq_seed
wfpt-11970,kansas,,,12092,,shortlisted_from_wordfreq_seed
wfpt-11971,lamentar,,,12093,,shortlisted_from_wordfreq_seed
wfpt-11972,letal,,,12094,,shortlisted_from_wordfreq_seed
wfpt-11973,levantando,,,12095,,shortlisted_from_wordfreq_seed
wfpt-11974,lins,,,12096,,shortlisted_from_wordfreq_seed
wfpt-11975,loucas,,,12097,,shortlisted_from_wordfreq_seed
wfpt-11976,louvor,,,12098,,shortlisted_from_wordfreq_seed
wfpt-11977,ltda,,,12099,,shortlisted_from_wordfreq_seed
wfpt-11978,madura,,,12100,,shortlisted_from_wordfreq_seed
wfpt-11979,madureira,,,12101,,shortlisted_from_wordfreq_seed
wfpt-11980,mantidas,,,12102,,shortlisted_from_wordfreq_seed
wfpt-11981,melanie,,,12103,,shortlisted_from_wordfreq_seed
wfpt-11982,mencionada,,,12104,,shortlisted_from_wordfreq_seed
wfpt-11983,mero,,,12105,,shortlisted_from_wordfreq_seed
wfpt-11985,metendo,,,12107,,shortlisted_from_wordfreq_seed
wfpt-11986,miserável,,,12108,,shortlisted_from_wordfreq_seed
wfpt-11987,molhada,,,12109,,shortlisted_from_wordfreq_seed
wfpt-11990,nomeou,,,12112,,shortlisted_from_wordfreq_seed
wfpt-11991,notado,,,12113,,shortlisted_from_wordfreq_seed
wfpt-11994,obsessão,,,12116,,shortlisted_from_wordfreq_seed
wfpt-11995,oceanos,,,12117,,shortlisted_from_wordfreq_seed
wfpt-11996,oferecidos,,,12118,,shortlisted_from_wordfreq_seed
wfpt-11997,opressão,,,12119,,shortlisted_from_wordfreq_seed
wfpt-11998,orgulhosos,,,12120,,shortlisted_from_wordfreq_seed
wfpt-11999,ousadia,,,12121,,shortlisted_from_wordfreq_seed
