external_key,lemma,pos,level,freq_rank,ru_gloss,notes
wfpt-00001,de,,,1,,seed_from_wordfreq_pt
wfpt-00002,que,,,4,,seed_from_wordfreq_pt
wfpt-00003,do,,,6,,seed_from_wordfreq_pt
wfpt-00004,em,,,7,,seed_from_wordfreq_pt
wfpt-00005,da,,,8,,seed_from_wordfreq_pt
wfpt-00006,para,,,10,,seed_from_wordfreq_pt
wfpt-00007,não,,,11,,seed_from_wordfreq_pt
wfpt-00008,um,,,12,,seed_from_wordfreq_pt
wfpt-00009,uma,,,13,,seed_from_wordfreq_pt
wfpt-00010,com,,,14,,seed_from_wordfreq_pt
wfpt-00011,no,,,15,,seed_from_wordfreq_pt
wfpt-00012,se,,,16,,seed_from_wordfreq_pt
wfpt-00013,na,,,17,,seed_from_wordfreq_pt
wfpt-00014,por,,,18,,seed_from_wordfreq_pt
wfpt-00015,os,,,19,,seed_from_wordfreq_pt
wfpt-00016,eu,,,20,,seed_from_wordfreq_pt
wfpt-00017,como,,,21,,seed_from_wordfreq_pt
wfpt-00018,as,,,22,,seed_from_wordfreq_pt
wfpt-00019,mais,,,23,,seed_from_wordfreq_pt
wfpt-00020,dos,,,24,,seed_from_wordfreq_pt
wfpt-00021,mas,,,25,,seed_from_wordfreq_pt
wfpt-00022,foi,,,26,,seed_from_wordfreq_pt
wfpt-00023,ao,,,27,,seed_from_wordfreq_pt
wfpt-00024,me,,,28,,seed_from_wordfreq_pt
wfpt-00025,você,,,29,,seed_from_wordfreq_pt
wfpt-00026,ser,,,30,,seed_from_wordfreq_pt
wfpt-00027,seu,,,31,,seed_from_wordfreq_pt
wfpt-00028,sua,,,32,,seed_from_wordfreq_pt
wfpt-00029,tem,,,33,,seed_from_wordfreq_pt
wfpt-00030,são,,,34,,seed_from_wordfreq_pt
wfpt-00031,das,,,35,,seed_from_wordfreq_pt
wfpt-00032,ou,,,36,,seed_from_wordfreq_pt
wfpt-00033,ele,,,38,,seed_from_wordfreq_pt
wfpt-00034,muito,,,39,,seed_from_wordfreq_pt
wfpt-00035,isso,,,40,,seed_from_wordfreq_pt
wfpt-00036,já,,,41,,seed_from_wordfreq_pt
wfpt-00037,nos,,,42,,seed_from_wordfreq_pt
wfpt-00038,também,,,43,,seed_from_wordfreq_pt
wfpt-00039,quando,,,44,,seed_from_wordfreq_pt
wfpt-00040,está,,,45,,seed_from_wordfreq_pt
wfpt-00041,meu,,,46,,seed_from_wordfreq_pt
wfpt-00042,pelo,,,47,,seed_from_wordfreq_pt
wfpt-00043,ela,,,48,,seed_from_wordfreq_pt
wfpt-00044,vai,,,49,,seed_from_wordfreq_pt
wfpt-00045,só,,,50,,seed_from_wordfreq_pt
wfpt-00046,dia,,,51,,seed_from_wordfreq_pt
wfpt-00047,pela,,,52,,seed_from_wordfreq_pt
wfpt-00048,sobre,,,53,,seed_from_wordfreq_pt
wfpt-00049,bem,,,54,,seed_from_wordfreq_pt
wfpt-00050,até,,,55,,seed_from_wordfreq_pt
wfpt-00051,mesmo,,,56,,seed_from_wordfreq_pt
wfpt-00052,pode,,,57,,seed_from_wordfreq_pt
wfpt-00053,pessoas,,,58,,seed_from_wordfreq_pt
wfpt-00054,te,,,59,,seed_from_wordfreq_pt
wfpt-00055,ter,,,60,,seed_from_wordfreq_pt
wfpt-00056,tudo,,,61,,seed_from_wordfreq_pt
wfpt-00057,ainda,,,62,,seed_from_wordfreq_pt
wfpt-00058,aqui,,,63,,seed_from_wordfreq_pt
wfpt-00059,fazer,,,64,,seed_from_wordfreq_pt
wfpt-00060,minha,,,65,,seed_from_wordfreq_pt
wfpt-00061,anos,,,66,,seed_from_wordfreq_pt
wfpt-00062,todos,,,67,,seed_from_wordfreq_pt
wfpt-00063,quem,,,68,,seed_from_wordfreq_pt
wfpt-00064,sem,,,69,,seed_from_wordfreq_pt
wfpt-00065,agora,,,70,,seed_from_wordfreq_pt
wfpt-00066,entre,,,71,,seed_from_wordfreq_pt
wfpt-00067,era,,,72,,seed_from_wordfreq_pt
wfpt-00068,seus,,,73,,seed_from_wordfreq_pt
wfpt-00069,nas,,,74,,seed_from_wordfreq_pt
wfpt-00070,assim,,,75,,seed_from_wordfreq_pt
wfpt-00071,depois,,,76,,seed_from_wordfreq_pt
wfpt-00072,este,,,77,,seed_from_wordfreq_pt
wfpt-00073,onde,,,78,,seed_from_wordfreq_pt
wfpt-00074,vou,,,79,,seed_from_wordfreq_pt
wfpt-00075,mundo,,,81,,seed_from_wordfreq_pt
wfpt-00076,estão,,,82,,seed_from_wordfreq_pt
wfpt-00077,esse,,,83,,seed_from_wordfreq_pt
wfpt-00078,tempo,,,84,,seed_from_wordfreq_pt
wfpt-00079,vida,,,85,,seed_from_wordfreq_pt
wfpt-00080,essa,,,86,,seed_from_wordfreq_pt
wfpt-00081,eles,,,87,,seed_from_wordfreq_pt
wfpt-00082,há,,,88,,seed_from_wordfreq_pt
wfpt-00083,porque,,,89,,seed_from_wordfreq_pt
wfpt-00084,tenho,,,90,,seed_from_wordfreq_pt
wfpt-00085,casa,,,91,,seed_from_wordfreq_pt
wfpt-00086,nada,,,92,,seed_from_wordfreq_pt
wfpt-00087,the,,,93,,seed_from_wordfreq_pt
wfpt-00088,ver,,,94,,seed_from_wordfreq_pt
wfpt-00089,melhor,,,95,,seed_from_wordfreq_pt
wfpt-00090,bom,,,96,,seed_from_wordfreq_pt
wfpt-00091,foram,,,97,,seed_from_wordfreq_pt
wfpt-00092,sempre,,,98,,seed_from_wordfreq_pt
wfpt-00093,ano,,,99,,seed_from_wordfreq_pt
wfpt-00094,grande,,,100,,seed_from_wordfreq_pt
wfpt-00095,esta,,,101,,seed_from_wordfreq_pt
wfpt-00096,vez,,,102,,seed_from_wordfreq_pt
wfpt-00097,aos,,,103,,seed_from_wordfreq_pt
wfpt-00098,apenas,,,104,,seed_from_wordfreq_pt
wfpt-00099,coisa,,,105,,seed_from_wordfreq_pt
wfpt-00100,sou,,,106,,seed_from_wordfreq_pt
wfpt-00101,suas,,,107,,seed_from_wordfreq_pt
wfpt-00102,dois,,,109,,seed_from_wordfreq_pt
wfpt-00103,nunca,,,110,,seed_from_wordfreq_pt
wfpt-00104,todo,,,111,,seed_from_wordfreq_pt
wfpt-00105,quero,,,112,,seed_from_wordfreq_pt
wfpt-00106,mim,,,113,,seed_from_wordfreq_pt
wfpt-00107,parte,,,114,,seed_from_wordfreq_pt
wfpt-00108,outros,,,116,,seed_from_wordfreq_pt
wfpt-00109,hoje,,,117,,seed_from_wordfreq_pt
wfpt-00110,sei,,,118,,seed_from_wordfreq_pt
wfpt-00111,tão,,,119,,seed_from_wordfreq_pt
wfpt-00112,então,,,120,,seed_from_wordfreq_pt
wfpt-00113,nem,,,121,,seed_from_wordfreq_pt
wfpt-00114,nossa,,,122,,seed_from_wordfreq_pt
wfpt-00115,faz,,,123,,seed_from_wordfreq_pt
wfpt-00116,cidade,,,124,,seed_from_wordfreq_pt
wfpt-00117,qual,,,125,,seed_from_wordfreq_pt
wfpt-00118,às,,,126,,seed_from_wordfreq_pt
wfpt-00119,quer,,,129,,seed_from_wordfreq_pt
wfpt-00120,estou,,,130,,seed_from_wordfreq_pt
wfpt-00121,trabalho,,,131,,seed_from_wordfreq_pt
wfpt-00122,nós,,,132,,seed_from_wordfreq_pt
wfpt-00123,durante,,,133,,seed_from_wordfreq_pt
wfpt-00124,estado,,,134,,seed_from_wordfreq_pt
wfpt-00125,forma,,,135,,seed_from_wordfreq_pt
wfpt-00126,novo,,,136,,seed_from_wordfreq_pt
wfpt-00127,pra,,,137,,seed_from_wordfreq_pt
wfpt-00128,seja,,,138,,seed_from_wordfreq_pt
wfpt-00129,dias,,,139,,seed_from_wordfreq_pt
wfpt-00130,maior,,,140,,seed_from_wordfreq_pt
wfpt-00131,outro,,,141,,seed_from_wordfreq_pt
wfpt-00132,primeiro,,,142,,seed_from_wordfreq_pt
wfpt-00133,será,,,143,,seed_from_wordfreq_pt
wfpt-00134,cada,,,144,,seed_from_wordfreq_pt
wfpt-00135,lá,,,145,,seed_from_wordfreq_pt
wfpt-00136,qualquer,,,146,,seed_from_wordfreq_pt
wfpt-00137,sim,,,147,,seed_from_wordfreq_pt
wfpt-00138,acho,,,148,,seed_from_wordfreq_pt
wfpt-00139,menos,,,149,,seed_from_wordfreq_pt
wfpt-00140,alguém,,,150,,seed_from_wordfreq_pt
wfpt-00141,antes,,,151,,seed_from_wordfreq_pt
wfpt-00142,coisas,,,152,,seed_from_wordfreq_pt
wfpt-00143,nome,,,153,,seed_from_wordfreq_pt
wfpt-00144,sendo,,,154,,seed_from_wordfreq_pt
wfpt-00145,desde,,,155,,seed_from_wordfreq_pt
wfpt-00146,diz,,,156,,seed_from_wordfreq_pt
wfpt-00147,falar,,,157,,seed_from_wordfreq_pt
wfpt-00148,sabe,,,158,,seed_from_wordfreq_pt
wfpt-00149,tinha,,,159,,seed_from_wordfreq_pt
wfpt-00150,contra,,,160,,seed_from_wordfreq_pt
wfpt-00151,dar,,,161,,seed_from_wordfreq_pt
wfpt-00152,ir,,,162,,seed_from_wordfreq_pt
wfpt-00153,la,,,163,,seed_from_wordfreq_pt
wfpt-00154,to,,,164,,seed_from_wordfreq_pt
wfpt-00155,boa,,,165,,seed_from_wordfreq_pt
wfpt-00156,estava,,,166,,seed_from_wordfreq_pt
wfpt-00157,três,,,167,,seed_from_wordfreq_pt
wfpt-00158,alguns,,,168,,seed_from_wordfreq_pt
wfpt-00159,ficar,,,169,,seed_from_wordfreq_pt
wfpt-00160,mãe,,,170,,seed_from_wordfreq_pt
wfpt-00161,of,,,171,,seed_from_wordfreq_pt
wfpt-00162,pouco,,,172,,seed_from_wordfreq_pt
wfpt-00163,rio,,,173,,seed_from_wordfreq_pt
wfpt-00164,segundo,,,174,,seed_from_wordfreq_pt
wfpt-00165,além,,,175,,seed_from_wordfreq_pt
wfpt-00166,disse,,,176,,seed_from_wordfreq_pt
wfpt-00167,noite,,,177,,seed_from_wordfreq_pt
wfpt-00168,nosso,,,178,,seed_from_wordfreq_pt
wfpt-00169,nova,,,179,,seed_from_wordfreq_pt
wfpt-00170,toda,,,180,,seed_from_wordfreq_pt
wfpt-00171,caso,,,181,,seed_from_wordfreq_pt
wfpt-00172,deve,,,182,,seed_from_wordfreq_pt
wfpt-00173,história,,,183,,seed_from_wordfreq_pt
wfpt-00174,podem,,,184,,seed_from_wordfreq_pt
wfpt-00175,vezes,,,185,,seed_from_wordfreq_pt
wfpt-00176,estar,,,186,,seed_from_wordfreq_pt
wfpt-00177,após,,,187,,seed_from_wordfreq_pt
wfpt-00178,duas,,,188,,seed_from_wordfreq_pt
wfpt-00179,grupo,,,189,,seed_from_wordfreq_pt
wfpt-00180,meio,,,190,,seed_from_wordfreq_pt
wfpt-00181,primeira,,,191,,seed_from_wordfreq_pt
wfpt-00182,tipo,,,192,,seed_from_wordfreq_pt
wfpt-00183,todas,,,193,,seed_from_wordfreq_pt
wfpt-00184,cara,,,195,,seed_from_wordfreq_pt
wfpt-00185,dizer,,,196,,seed_from_wordfreq_pt
wfpt-00186,paulo,,,197,,seed_from_wordfreq_pt
wfpt-00187,lado,,,199,,seed_from_wordfreq_pt
wfpt-00188,mulher,,,200,,seed_from_wordfreq_pt
wfpt-00189,outras,,,201,,seed_from_wordfreq_pt
wfpt-00190,enquanto,,,202,,seed_from_wordfreq_pt
wfpt-00191,fez,,,203,,seed_from_wordfreq_pt
wfpt-00192,ninguém,,,204,,seed_from_wordfreq_pt
wfpt-00193,outra,,,205,,seed_from_wordfreq_pt
wfpt-00194,momento,,,206,,seed_from_wordfreq_pt
wfpt-00195,vamos,,,207,,seed_from_wordfreq_pt
wfpt-00196,verdade,,,208,,seed_from_wordfreq_pt
wfpt-00197,vocês,,,209,,seed_from_wordfreq_pt
wfpt-00198,aí,,,210,,seed_from_wordfreq_pt
wfpt-00199,foto,,,211,,seed_from_wordfreq_pt
wfpt-00200,lugar,,,212,,seed_from_wordfreq_pt
wfpt-00201,nacional,,,213,,seed_from_wordfreq_pt
wfpt-00202,país,,,214,,seed_from_wordfreq_pt
wfpt-00203,presidente,,,215,,seed_from_wordfreq_pt
wfpt-00204,quanto,,,216,,seed_from_wordfreq_pt
wfpt-00205,saber,,,217,,seed_from_wordfreq_pt
wfpt-00206,sido,,,218,,seed_from_wordfreq_pt
wfpt-00207,volta,,,219,,seed_from_wordfreq_pt
wfpt-00208,for,,,220,,seed_from_wordfreq_pt
wfpt-00209,pelos,,,221,,seed_from_wordfreq_pt
wfpt-00210,algo,,,222,,seed_from_wordfreq_pt
wfpt-00211,conta,,,223,,seed_from_wordfreq_pt
wfpt-00212,família,,,224,,seed_from_wordfreq_pt
wfpt-00213,gente,,,225,,seed_from_wordfreq_pt
wfpt-00214,algumas,,,226,,seed_from_wordfreq_pt
wfpt-00215,fim,,,227,,seed_from_wordfreq_pt
wfpt-00216,final,,,228,,seed_from_wordfreq_pt
wfpt-00217,parece,,,229,,seed_from_wordfreq_pt
wfpt-00218,semana,,,230,,seed_from_wordfreq_pt
wfpt-00219,acordo,,,231,,seed_from_wordfreq_pt
wfpt-00220,hora,,,232,,seed_from_wordfreq_pt
wfpt-00221,jogo,,,233,,seed_from_wordfreq_pt
wfpt-00222,num,,,234,,seed_from_wordfreq_pt
wfpt-00223,pessoa,,,235,,seed_from_wordfreq_pt
wfpt-00224,têm,,,236,,seed_from_wordfreq_pt
wfpt-00225,através,,,237,,seed_from_wordfreq_pt
wfpt-00226,governo,,,238,,seed_from_wordfreq_pt
wfpt-00227,meus,,,239,,seed_from_wordfreq_pt
wfpt-00228,pai,,,240,,seed_from_wordfreq_pt
wfpt-00229,quase,,,241,,seed_from_wordfreq_pt
wfpt-00230,tanto,,,242,,seed_from_wordfreq_pt
wfpt-00231,tu,,,243,,seed_from_wordfreq_pt
wfpt-00232,dentro,,,244,,seed_from_wordfreq_pt
wfpt-00233,filho,,,245,,seed_from_wordfreq_pt
wfpt-00234,fora,,,246,,seed_from_wordfreq_pt
wfpt-00235,homem,,,247,,seed_from_wordfreq_pt
wfpt-00236,vem,,,248,,seed_from_wordfreq_pt
wfpt-00237,vídeo,,,249,,seed_from_wordfreq_pt
wfpt-00238,música,,,250,,seed_from_wordfreq_pt
wfpt-00239,pois,,,251,,seed_from_wordfreq_pt
wfpt-00240,preciso,,,252,,seed_from_wordfreq_pt
wfpt-00241,vão,,,253,,seed_from_wordfreq_pt
wfpt-00242,água,,,254,,seed_from_wordfreq_pt
wfpt-00243,disso,,,256,,seed_from_wordfreq_pt
wfpt-00244,fazendo,,,257,,seed_from_wordfreq_pt
wfpt-00245,horas,,,258,,seed_from_wordfreq_pt
wfpt-00246,janeiro,,,259,,seed_from_wordfreq_pt
wfpt-00247,poder,,,260,,seed_from_wordfreq_pt
wfpt-00248,dele,,,261,,seed_from_wordfreq_pt
wfpt-00249,direito,,,262,,seed_from_wordfreq_pt
wfpt-00250,mil,,,263,,seed_from_wordfreq_pt
wfpt-00251,muitos,,,264,,seed_from_wordfreq_pt
wfpt-00252,numa,,,265,,seed_from_wordfreq_pt
wfpt-00253,número,,,266,,seed_from_wordfreq_pt
wfpt-00254,dinheiro,,,267,,seed_from_wordfreq_pt
wfpt-00255,dá,,,268,,seed_from_wordfreq_pt
wfpt-00256,in,,,269,,seed_from_wordfreq_pt
wfpt-00257,queria,,,270,,seed_from_wordfreq_pt
wfpt-00258,seria,,,271,,seed_from_wordfreq_pt
wfpt-00259,sistema,,,272,,seed_from_wordfreq_pt
wfpt-00260,amor,,,274,,seed_from_wordfreq_pt
wfpt-00261,escola,,,275,,seed_from_wordfreq_pt
wfpt-00262,frente,,,276,,seed_from_wordfreq_pt
wfpt-00263,mesma,,,277,,seed_from_wordfreq_pt
wfpt-00264,muitas,,,278,,seed_from_wordfreq_pt
wfpt-00265,tarde,,,279,,seed_from_wordfreq_pt
wfpt-00266,local,,,280,,seed_from_wordfreq_pt
wfpt-00267,morte,,,281,,seed_from_wordfreq_pt
wfpt-00268,segunda,,,282,,seed_from_wordfreq_pt
wfpt-00269,amigos,,,284,,seed_from_wordfreq_pt
wfpt-00270,brasileiro,,,285,,seed_from_wordfreq_pt
wfpt-00271,precisa,,,287,,seed_from_wordfreq_pt
wfpt-00272,projeto,,,288,,seed_from_wordfreq_pt
wfpt-00273,região,,,289,,seed_from_wordfreq_pt
wfpt-00274,sair,,,290,,seed_from_wordfreq_pt
wfpt-00275,sul,,,291,,seed_from_wordfreq_pt
wfpt-00276,temos,,,292,,seed_from_wordfreq_pt
wfpt-00277,teve,,,293,,seed_from_wordfreq_pt
wfpt-00278,área,,,294,,seed_from_wordfreq_pt
wfpt-00279,dela,,,295,,seed_from_wordfreq_pt
wfpt-00280,esses,,,296,,seed_from_wordfreq_pt
wfpt-00281,lei,,,297,,seed_from_wordfreq_pt
wfpt-00282,partir,,,298,,seed_from_wordfreq_pt
wfpt-00283,problema,,,299,,seed_from_wordfreq_pt
wfpt-00284,público,,,300,,seed_from_wordfreq_pt
wfpt-00285,site,,,301,,seed_from_wordfreq_pt
wfpt-00286,alguma,,,302,,seed_from_wordfreq_pt
wfpt-00287,and,,,303,,seed_from_wordfreq_pt
wfpt-00288,comigo,,,304,,seed_from_wordfreq_pt
wfpt-00289,embora,,,305,,seed_from_wordfreq_pt
wfpt-00290,guerra,,,306,,seed_from_wordfreq_pt
wfpt-00291,centro,,,308,,seed_from_wordfreq_pt
wfpt-00292,deixar,,,309,,seed_from_wordfreq_pt
wfpt-00293,elas,,,310,,seed_from_wordfreq_pt
wfpt-00294,essas,,,311,,seed_from_wordfreq_pt
wfpt-00295,estamos,,,312,,seed_from_wordfreq_pt
wfpt-00296,fica,,,313,,seed_from_wordfreq_pt
wfpt-00297,filme,,,314,,seed_from_wordfreq_pt
wfpt-00298,havia,,,315,,seed_from_wordfreq_pt
wfpt-00299,importante,,,316,,seed_from_wordfreq_pt
wfpt-00300,lo,,,317,,seed_from_wordfreq_pt
wfpt-00301,logo,,,318,,seed_from_wordfreq_pt
wfpt-00302,mal,,,319,,seed_from_wordfreq_pt
wfpt-00303,sob,,,320,,seed_from_wordfreq_pt
wfpt-00304,geral,,,321,,seed_from_wordfreq_pt
wfpt-00305,lhe,,,322,,seed_from_wordfreq_pt
wfpt-00306,programa,,,323,,seed_from_wordfreq_pt
wfpt-00307,social,,,324,,seed_from_wordfreq_pt
wfpt-00308,vários,,,325,,seed_from_wordfreq_pt
wfpt-00309,certo,,,326,,seed_from_wordfreq_pt
wfpt-00310,equipe,,,327,,seed_from_wordfreq_pt
wfpt-00311,feito,,,328,,seed_from_wordfreq_pt
wfpt-00312,neste,,,329,,seed_from_wordfreq_pt
wfpt-00313,segurança,,,330,,seed_from_wordfreq_pt
wfpt-00314,terra,,,331,,seed_from_wordfreq_pt
wfpt-00315,estados,,,332,,seed_from_wordfreq_pt
wfpt-00316,ex,,,333,,seed_from_wordfreq_pt
wfpt-00317,exemplo,,,334,,seed_from_wordfreq_pt
wfpt-00318,falta,,,335,,seed_from_wordfreq_pt
wfpt-00319,favor,,,336,,seed_from_wordfreq_pt
wfpt-00320,série,,,337,,seed_from_wordfreq_pt
wfpt-00321,twitter,,,338,,seed_from_wordfreq_pt
wfpt-00322,vi,,,339,,seed_from_wordfreq_pt
wfpt-00323,causa,,,340,,seed_from_wordfreq_pt
wfpt-00324,mulheres,,,341,,seed_from_wordfreq_pt
wfpt-00325,uso,,,342,,seed_from_wordfreq_pt
wfpt-00326,aquele,,,343,,seed_from_wordfreq_pt
wfpt-00327,brasileira,,,344,,seed_from_wordfreq_pt
wfpt-00328,crianças,,,345,,seed_from_wordfreq_pt
wfpt-00329,deste,,,346,,seed_from_wordfreq_pt
wfpt-00330,feira,,,347,,seed_from_wordfreq_pt
wfpt-00331,fosse,,,348,,seed_from_wordfreq_pt
wfpt-00332,isto,,,349,,seed_from_wordfreq_pt
wfpt-00333,milhões,,,350,,seed_from_wordfreq_pt
wfpt-00334,população,,,351,,seed_from_wordfreq_pt
wfpt-00335,posso,,,352,,seed_from_wordfreq_pt
wfpt-00336,quatro,,,353,,seed_from_wordfreq_pt
wfpt-00337,deu,,,354,,seed_from_wordfreq_pt
wfpt-00338,ficou,,,355,,seed_from_wordfreq_pt
wfpt-00339,nossos,,,356,,seed_from_wordfreq_pt
wfpt-00340,polícia,,,357,,seed_from_wordfreq_pt
wfpt-00341,processo,,,358,,seed_from_wordfreq_pt
wfpt-00342,usar,,,359,,seed_from_wordfreq_pt
wfpt-00343,ajuda,,,360,,seed_from_wordfreq_pt
wfpt-00344,cabeça,,,361,,seed_from_wordfreq_pt
wfpt-00345,cerca,,,362,,seed_from_wordfreq_pt
wfpt-00346,corpo,,,363,,seed_from_wordfreq_pt
wfpt-00347,desta,,,364,,seed_from_wordfreq_pt
wfpt-00348,fui,,,365,,seed_from_wordfreq_pt
wfpt-00349,meses,,,366,,seed_from_wordfreq_pt
wfpt-00350,problemas,,,367,,seed_from_wordfreq_pt
wfpt-00351,realmente,,,368,,seed_from_wordfreq_pt
wfpt-00352,tenha,,,369,,seed_from_wordfreq_pt
wfpt-00353,várias,,,370,,seed_from_wordfreq_pt
wfpt-00354,algum,,,371,,seed_from_wordfreq_pt
wfpt-00355,cinco,,,373,,seed_from_wordfreq_pt
wfpt-00356,desenvolvimento,,,374,,seed_from_wordfreq_pt
wfpt-00357,dessa,,,375,,seed_from_wordfreq_pt
wfpt-00358,grandes,,,376,,seed_from_wordfreq_pt
wfpt-00359,início,,,377,,seed_from_wordfreq_pt
wfpt-00360,livro,,,378,,seed_from_wordfreq_pt
wfpt-00361,medo,,,379,,seed_from_wordfreq_pt
wfpt-00362,passar,,,380,,seed_from_wordfreq_pt
wfpt-00363,relação,,,381,,seed_from_wordfreq_pt
wfpt-00364,tal,,,382,,seed_from_wordfreq_pt
wfpt-00365,ajudar,,,383,,seed_from_wordfreq_pt
wfpt-00366,amigo,,,384,,seed_from_wordfreq_pt
wfpt-00367,claro,,,385,,seed_from_wordfreq_pt
wfpt-00368,deles,,,386,,seed_from_wordfreq_pt
wfpt-00369,existe,,,387,,seed_from_wordfreq_pt
wfpt-00370,pelas,,,388,,seed_from_wordfreq_pt
wfpt-00371,atenção,,,389,,seed_from_wordfreq_pt
wfpt-00372,chegar,,,390,,seed_from_wordfreq_pt
wfpt-00373,desse,,,391,,seed_from_wordfreq_pt
wfpt-00374,fotos,,,392,,seed_from_wordfreq_pt
wfpt-00375,informações,,,393,,seed_from_wordfreq_pt
wfpt-00376,los,,,394,,seed_from_wordfreq_pt
wfpt-00377,muita,,,395,,seed_from_wordfreq_pt
wfpt-00378,norte,,,396,,seed_from_wordfreq_pt
wfpt-00379,política,,,397,,seed_from_wordfreq_pt
wfpt-00380,ponto,,,398,,seed_from_wordfreq_pt
wfpt-00381,possível,,,399,,seed_from_wordfreq_pt
wfpt-00382,quais,,,400,,seed_from_wordfreq_pt
wfpt-00383,quiser,,,401,,seed_from_wordfreq_pt
wfpt-00384,rede,,,402,,seed_from_wordfreq_pt
wfpt-00385,universidade,,,403,,seed_from_wordfreq_pt
wfpt-00386,apesar,,,404,,seed_from_wordfreq_pt
wfpt-00387,começou,,,405,,seed_from_wordfreq_pt
wfpt-00388,feliz,,,406,,seed_from_wordfreq_pt
wfpt-00389,gosto,,,407,,seed_from_wordfreq_pt
wfpt-00390,homens,,,408,,seed_from_wordfreq_pt
wfpt-00391,maneira,,,409,,seed_from_wordfreq_pt
wfpt-00392,nesse,,,410,,seed_from_wordfreq_pt
wfpt-00393,última,,,411,,seed_from_wordfreq_pt
wfpt-00394,difícil,,,412,,seed_from_wordfreq_pt
wfpt-00395,empresa,,,413,,seed_from_wordfreq_pt
wfpt-00396,estes,,,414,,seed_from_wordfreq_pt
wfpt-00397,fala,,,415,,seed_from_wordfreq_pt
wfpt-00398,força,,,416,,seed_from_wordfreq_pt
wfpt-00399,internet,,,417,,seed_from_wordfreq_pt
wfpt-00400,passado,,,418,,seed_from_wordfreq_pt
wfpt-00401,rua,,,420,,seed_from_wordfreq_pt
wfpt-00402,veja,,,421,,seed_from_wordfreq_pt
wfpt-00403,base,,,422,,seed_from_wordfreq_pt
wfpt-00404,dados,,,423,,seed_from_wordfreq_pt
wfpt-00405,demais,,,424,,seed_from_wordfreq_pt
wfpt-00406,eram,,,425,,seed_from_wordfreq_pt
wfpt-00407,especial,,,426,,seed_from_wordfreq_pt
wfpt-00408,internacional,,,427,,seed_from_wordfreq_pt
wfpt-00409,manhã,,,428,,seed_from_wordfreq_pt
wfpt-00410,nenhum,,,429,,seed_from_wordfreq_pt
wfpt-00411,olha,,,430,,seed_from_wordfreq_pt
wfpt-00412,pensar,,,431,,seed_from_wordfreq_pt
wfpt-00413,povo,,,432,,seed_from_wordfreq_pt
wfpt-00414,diferentes,,,434,,seed_from_wordfreq_pt
wfpt-00415,falando,,,435,,seed_from_wordfreq_pt
wfpt-00416,merda,,,436,,seed_from_wordfreq_pt
wfpt-00417,poderia,,,437,,seed_from_wordfreq_pt
wfpt-00418,pontos,,,438,,seed_from_wordfreq_pt
wfpt-00419,porém,,,439,,seed_from_wordfreq_pt
wfpt-00420,unidos,,,440,,seed_from_wordfreq_pt
wfpt-00421,atrás,,,441,,seed_from_wordfreq_pt
wfpt-00422,deixa,,,442,,seed_from_wordfreq_pt
wfpt-00423,futebol,,,443,,seed_from_wordfreq_pt
wfpt-00424,mês,,,444,,seed_from_wordfreq_pt
wfpt-00425,pessoal,,,445,,seed_from_wordfreq_pt
wfpt-00426,próprio,,,446,,seed_from_wordfreq_pt
wfpt-00427,saúde,,,447,,seed_from_wordfreq_pt
wfpt-00428,somos,,,448,,seed_from_wordfreq_pt
wfpt-00429,entanto,,,449,,seed_from_wordfreq_pt
wfpt-00430,maioria,,,450,,seed_from_wordfreq_pt
wfpt-00431,mão,,,451,,seed_from_wordfreq_pt
wfpt-00432,papel,,,452,,seed_from_wordfreq_pt
wfpt-00433,paz,,,453,,seed_from_wordfreq_pt
wfpt-00434,real,,,454,,seed_from_wordfreq_pt
wfpt-00435,talvez,,,455,,seed_from_wordfreq_pt
wfpt-00436,último,,,456,,seed_from_wordfreq_pt
wfpt-00437,acabou,,,457,,seed_from_wordfreq_pt
wfpt-00438,aconteceu,,,458,,seed_from_wordfreq_pt
wfpt-00439,chegou,,,459,,seed_from_wordfreq_pt
wfpt-00440,encontrar,,,460,,seed_from_wordfreq_pt
wfpt-00441,fazem,,,461,,seed_from_wordfreq_pt
wfpt-00442,federal,,,462,,seed_from_wordfreq_pt
wfpt-00443,forte,,,463,,seed_from_wordfreq_pt
wfpt-00444,fácil,,,464,,seed_from_wordfreq_pt
wfpt-00445,melhores,,,465,,seed_from_wordfreq_pt
wfpt-00446,minhas,,,466,,seed_from_wordfreq_pt
wfpt-00447,minutos,,,467,,seed_from_wordfreq_pt
wfpt-00448,outubro,,,468,,seed_from_wordfreq_pt
wfpt-00449,passa,,,469,,seed_from_wordfreq_pt
wfpt-00450,países,,,470,,seed_from_wordfreq_pt
wfpt-00451,produção,,,471,,seed_from_wordfreq_pt
wfpt-00452,sociedade,,,472,,seed_from_wordfreq_pt
wfpt-00453,voltar,,,473,,seed_from_wordfreq_pt
wfpt-00454,educação,,,474,,seed_from_wordfreq_pt
wfpt-00455,fato,,,475,,seed_from_wordfreq_pt
wfpt-00456,filhos,,,476,,seed_from_wordfreq_pt
wfpt-00457,fiz,,,477,,seed_from_wordfreq_pt
wfpt-00458,legal,,,478,,seed_from_wordfreq_pt
wfpt-00459,longo,,,479,,seed_from_wordfreq_pt
wfpt-00460,março,,,480,,seed_from_wordfreq_pt
wfpt-00461,passou,,,481,,seed_from_wordfreq_pt
wfpt-00462,si,,,482,,seed_from_wordfreq_pt
wfpt-00463,sinto,,,483,,seed_from_wordfreq_pt
wfpt-00464,tv,,,484,,seed_from_wordfreq_pt
wfpt-00465,uns,,,485,,seed_from_wordfreq_pt
wfpt-00466,acesso,,,486,,seed_from_wordfreq_pt
wfpt-00467,aquela,,,487,,seed_from_wordfreq_pt
wfpt-00468,campo,,,488,,seed_from_wordfreq_pt
wfpt-00469,cultura,,,490,,seed_from_wordfreq_pt
wfpt-00470,estavam,,,491,,seed_from_wordfreq_pt
wfpt-00471,junho,,,492,,seed_from_wordfreq_pt
wfpt-00472,lista,,,493,,seed_from_wordfreq_pt
wfpt-00473,nenhuma,,,494,,seed_from_wordfreq_pt
wfpt-00474,pena,,,496,,seed_from_wordfreq_pt
wfpt-00475,portugal,,,497,,seed_from_wordfreq_pt
wfpt-00476,senhor,,,498,,seed_from_wordfreq_pt
wfpt-00477,viu,,,499,,seed_from_wordfreq_pt
wfpt-00478,certeza,,,500,,seed_from_wordfreq_pt
wfpt-00479,começar,,,501,,seed_from_wordfreq_pt
wfpt-00480,consigo,,,502,,seed_from_wordfreq_pt
wfpt-00481,espaço,,,503,,seed_from_wordfreq_pt
wfpt-00482,evento,,,504,,seed_from_wordfreq_pt
wfpt-00483,filha,,,505,,seed_from_wordfreq_pt
wfpt-00484,oficial,,,506,,seed_from_wordfreq_pt
wfpt-00485,ouvir,,,507,,seed_from_wordfreq_pt
wfpt-00486,palavras,,,508,,seed_from_wordfreq_pt
wfpt-00487,perto,,,509,,seed_from_wordfreq_pt
wfpt-00488,principal,,,510,,seed_from_wordfreq_pt
wfpt-00489,setembro,,,512,,seed_from_wordfreq_pt
wfpt-00490,vivo,,,513,,seed_from_wordfreq_pt
wfpt-00491,vê,,,514,,seed_from_wordfreq_pt
wfpt-00492,único,,,515,,seed_from_wordfreq_pt
wfpt-00493,alto,,,516,,seed_from_wordfreq_pt
wfpt-00494,apoio,,,517,,seed_from_wordfreq_pt
wfpt-00495,diferente,,,518,,seed_from_wordfreq_pt
wfpt-00496,entrar,,,519,,seed_from_wordfreq_pt
wfpt-00497,ideia,,,520,,seed_from_wordfreq_pt
wfpt-00498,junto,,,521,,seed_from_wordfreq_pt
wfpt-00499,levar,,,522,,seed_from_wordfreq_pt
wfpt-00500,maio,,,523,,seed_from_wordfreq_pt
wfpt-00501,nessa,,,524,,seed_from_wordfreq_pt
wfpt-00502,ontem,,,525,,seed_from_wordfreq_pt
wfpt-00503,própria,,,527,,seed_from_wordfreq_pt
wfpt-00504,serviço,,,528,,seed_from_wordfreq_pt
wfpt-00505,única,,,530,,seed_from_wordfreq_pt
wfpt-00506,agosto,,,531,,seed_from_wordfreq_pt
wfpt-00507,bastante,,,532,,seed_from_wordfreq_pt
wfpt-00508,jovem,,,534,,seed_from_wordfreq_pt
wfpt-00509,livre,,,535,,seed_from_wordfreq_pt
wfpt-00510,língua,,,536,,seed_from_wordfreq_pt
wfpt-00511,nesta,,,537,,seed_from_wordfreq_pt
wfpt-00512,olhos,,,538,,seed_from_wordfreq_pt
wfpt-00513,pais,,,539,,seed_from_wordfreq_pt
wfpt-00514,período,,,540,,seed_from_wordfreq_pt
wfpt-00515,português,,,541,,seed_from_wordfreq_pt
wfpt-00516,seis,,,542,,seed_from_wordfreq_pt
wfpt-00517,situação,,,543,,seed_from_wordfreq_pt
wfpt-00518,sério,,,544,,seed_from_wordfreq_pt
wfpt-00519,time,,,545,,seed_from_wordfreq_pt
wfpt-00520,via,,,546,,seed_from_wordfreq_pt
wfpt-00521,acha,,,547,,seed_from_wordfreq_pt
wfpt-00522,amanhã,,,548,,seed_from_wordfreq_pt
wfpt-00523,caminho,,,549,,seed_from_wordfreq_pt
wfpt-00524,carro,,,550,,seed_from_wordfreq_pt
wfpt-00525,deveria,,,551,,seed_from_wordfreq_pt
wfpt-00526,dezembro,,,552,,seed_from_wordfreq_pt
wfpt-00527,energia,,,553,,seed_from_wordfreq_pt
wfpt-00528,festa,,,554,,seed_from_wordfreq_pt
wfpt-00529,novas,,,555,,seed_from_wordfreq_pt
wfpt-00530,nível,,,556,,seed_from_wordfreq_pt
wfpt-00531,questão,,,557,,seed_from_wordfreq_pt
wfpt-00532,respeito,,,558,,seed_from_wordfreq_pt
wfpt-00533,total,,,559,,seed_from_wordfreq_pt
wfpt-00534,vista,,,560,,seed_from_wordfreq_pt
wfpt-00535,abril,,,561,,seed_from_wordfreq_pt
wfpt-00536,acontece,,,562,,seed_from_wordfreq_pt
wfpt-00537,devido,,,563,,seed_from_wordfreq_pt
wfpt-00538,informação,,,564,,seed_from_wordfreq_pt
wfpt-00539,inglês,,,565,,seed_from_wordfreq_pt
wfpt-00540,irmão,,,566,,seed_from_wordfreq_pt
wfpt-00541,josé,,,567,,seed_from_wordfreq_pt
wfpt-00542,novembro,,,568,,seed_from_wordfreq_pt
wfpt-00543,objetivo,,,569,,seed_from_wordfreq_pt
wfpt-00544,partido,,,570,,seed_from_wordfreq_pt
wfpt-00545,plano,,,571,,seed_from_wordfreq_pt
wfpt-00546,podemos,,,572,,seed_from_wordfreq_pt
wfpt-00547,sociais,,,573,,seed_from_wordfreq_pt
wfpt-00548,sucesso,,,574,,seed_from_wordfreq_pt
wfpt-00549,trabalhar,,,575,,seed_from_wordfreq_pt
wfpt-00550,vale,,,576,,seed_from_wordfreq_pt
wfpt-00551,viver,,,577,,seed_from_wordfreq_pt
wfpt-00552,américa,,,578,,seed_from_wordfreq_pt
wfpt-00553,capital,,,579,,seed_from_wordfreq_pt
wfpt-00554,cima,,,580,,seed_from_wordfreq_pt
wfpt-00555,justiça,,,581,,seed_from_wordfreq_pt
wfpt-00556,linha,,,582,,seed_from_wordfreq_pt
wfpt-00557,membros,,,583,,seed_from_wordfreq_pt
wfpt-00558,mundial,,,584,,seed_from_wordfreq_pt
wfpt-00559,nossas,,,586,,seed_from_wordfreq_pt
wfpt-00560,presente,,,587,,seed_from_wordfreq_pt
wfpt-00561,professor,,,588,,seed_from_wordfreq_pt
wfpt-00562,quarto,,,589,,seed_from_wordfreq_pt
wfpt-00563,seguir,,,590,,seed_from_wordfreq_pt
wfpt-00564,tendo,,,591,,seed_from_wordfreq_pt
wfpt-00565,teu,,,592,,seed_from_wordfreq_pt
wfpt-00566,ali,,,593,,seed_from_wordfreq_pt
wfpt-00567,ação,,,594,,seed_from_wordfreq_pt
wfpt-00568,cidades,,,595,,seed_from_wordfreq_pt
wfpt-00569,copa,,,596,,seed_from_wordfreq_pt
wfpt-00570,criança,,,597,,seed_from_wordfreq_pt
wfpt-00571,estas,,,598,,seed_from_wordfreq_pt
wfpt-00572,grupos,,,599,,seed_from_wordfreq_pt
wfpt-00573,ia,,,600,,seed_from_wordfreq_pt
wfpt-00574,imagem,,,601,,seed_from_wordfreq_pt
wfpt-00575,jogos,,,602,,seed_from_wordfreq_pt
wfpt-00576,julho,,,603,,seed_from_wordfreq_pt
wfpt-00577,luz,,,604,,seed_from_wordfreq_pt
wfpt-00578,militar,,,605,,seed_from_wordfreq_pt
wfpt-00579,modo,,,606,,seed_from_wordfreq_pt
wfpt-00580,movimento,,,607,,seed_from_wordfreq_pt
wfpt-00581,novos,,,608,,seed_from_wordfreq_pt
wfpt-00582,ordem,,,609,,seed_from_wordfreq_pt
wfpt-00583,próximo,,,610,,seed_from_wordfreq_pt
wfpt-00584,tomar,,,611,,seed_from_wordfreq_pt
wfpt-00585,voz,,,612,,seed_from_wordfreq_pt
wfpt-00586,ar,,,613,,seed_from_wordfreq_pt
wfpt-00587,construção,,,614,,seed_from_wordfreq_pt
wfpt-00588,espero,,,615,,seed_from_wordfreq_pt
wfpt-00589,fevereiro,,,616,,seed_from_wordfreq_pt
wfpt-00590,futuro,,,617,,seed_from_wordfreq_pt
wfpt-00591,idade,,,618,,seed_from_wordfreq_pt
wfpt-00592,mudar,,,620,,seed_from_wordfreq_pt
wfpt-00593,obrigado,,,621,,seed_from_wordfreq_pt
wfpt-00594,vejo,,,622,,seed_from_wordfreq_pt
wfpt-00595,visto,,,623,,seed_from_wordfreq_pt
wfpt-00596,acredito,,,624,,seed_from_wordfreq_pt
wfpt-00597,baixo,,,625,,seed_from_wordfreq_pt
wfpt-00598,chega,,,626,,seed_from_wordfreq_pt
wfpt-00599,controle,,,627,,seed_from_wordfreq_pt
wfpt-00600,direitos,,,628,,seed_from_wordfreq_pt
wfpt-00601,empresas,,,629,,seed_from_wordfreq_pt
wfpt-00602,jeito,,,630,,seed_from_wordfreq_pt
wfpt-00603,oi,,,631,,seed_from_wordfreq_pt
wfpt-00604,principais,,,632,,seed_from_wordfreq_pt
wfpt-00605,principalmente,,,633,,seed_from_wordfreq_pt
wfpt-00606,pública,,,634,,seed_from_wordfreq_pt
wfpt-00607,resultado,,,635,,seed_from_wordfreq_pt
wfpt-00608,sala,,,636,,seed_from_wordfreq_pt
wfpt-00609,seguinte,,,637,,seed_from_wordfreq_pt
wfpt-00610,tradução,,,638,,seed_from_wordfreq_pt
wfpt-00611,valor,,,639,,seed_from_wordfreq_pt
wfpt-00612,ah,,,640,,seed_from_wordfreq_pt
wfpt-00613,chamado,,,641,,seed_from_wordfreq_pt
wfpt-00614,comprar,,,642,,seed_from_wordfreq_pt
wfpt-00615,conselho,,,643,,seed_from_wordfreq_pt
wfpt-00616,daqui,,,644,,seed_from_wordfreq_pt
wfpt-00617,edição,,,645,,seed_from_wordfreq_pt
wfpt-00618,encontro,,,646,,seed_from_wordfreq_pt
wfpt-00619,irá,,,647,,seed_from_wordfreq_pt
wfpt-00620,ler,,,648,,seed_from_wordfreq_pt
wfpt-00621,luta,,,649,,seed_from_wordfreq_pt
wfpt-00622,manter,,,650,,seed_from_wordfreq_pt
wfpt-00623,mensagem,,,651,,seed_from_wordfreq_pt
wfpt-00624,novamente,,,652,,seed_from_wordfreq_pt
wfpt-00625,obrigada,,,653,,seed_from_wordfreq_pt
wfpt-00626,organização,,,654,,seed_from_wordfreq_pt
wfpt-00627,palavra,,,655,,seed_from_wordfreq_pt
wfpt-00628,parar,,,656,,seed_from_wordfreq_pt
wfpt-00629,pergunta,,,657,,seed_from_wordfreq_pt
wfpt-00630,significa,,,658,,seed_from_wordfreq_pt
wfpt-00631,tentar,,,659,,seed_from_wordfreq_pt
wfpt-00632,teria,,,660,,seed_from_wordfreq_pt
wfpt-00633,tirar,,,661,,seed_from_wordfreq_pt
wfpt-00634,tua,,,662,,seed_from_wordfreq_pt
wfpt-00635,amo,,,663,,seed_from_wordfreq_pt
wfpt-00636,aqueles,,,664,,seed_from_wordfreq_pt
wfpt-00637,assunto,,,665,,seed_from_wordfreq_pt
wfpt-00638,central,,,666,,seed_from_wordfreq_pt
wfpt-00639,comum,,,667,,seed_from_wordfreq_pt
wfpt-00640,conseguir,,,668,,seed_from_wordfreq_pt
wfpt-00641,decisão,,,669,,seed_from_wordfreq_pt
wfpt-00642,devem,,,670,,seed_from_wordfreq_pt
wfpt-00643,faça,,,671,,seed_from_wordfreq_pt
wfpt-00644,houve,,,672,,seed_from_wordfreq_pt
wfpt-00645,joão,,,673,,seed_from_wordfreq_pt
wfpt-00646,maiores,,,674,,seed_from_wordfreq_pt
wfpt-00647,on,,,675,,seed_from_wordfreq_pt
wfpt-00648,querem,,,676,,seed_from_wordfreq_pt
wfpt-00649,sentido,,,677,,seed_from_wordfreq_pt
wfpt-00650,sexo,,,678,,seed_from_wordfreq_pt
wfpt-00651,tecnologia,,,679,,seed_from_wordfreq_pt
wfpt-00652,texto,,,680,,seed_from_wordfreq_pt
wfpt-00653,época,,,681,,seed_from_wordfreq_pt
wfpt-00654,arte,,,682,,seed_from_wordfreq_pt
wfpt-00655,artigo,,,683,,seed_from_wordfreq_pt
wfpt-00656,casos,,,684,,seed_from_wordfreq_pt
wfpt-00657,comunidade,,,685,,seed_from_wordfreq_pt
wfpt-00658,criar,,,686,,seed_from_wordfreq_pt
wfpt-00659,facebook,,,687,,seed_from_wordfreq_pt
wfpt-00660,longe,,,689,,seed_from_wordfreq_pt
wfpt-00661,prova,,,690,,seed_from_wordfreq_pt
wfpt-00662,sentir,,,691,,seed_from_wordfreq_pt
wfpt-00663,vontade,,,692,,seed_from_wordfreq_pt
wfpt-00664,acima,,,693,,seed_from_wordfreq_pt
wfpt-00665,atual,,,694,,seed_from_wordfreq_pt
wfpt-00666,civil,,,695,,seed_from_wordfreq_pt
wfpt-00667,colocar,,,696,,seed_from_wordfreq_pt
wfpt-00668,errado,,,697,,seed_from_wordfreq_pt
wfpt-00669,existem,,,698,,seed_from_wordfreq_pt
wfpt-00670,incluindo,,,699,,seed_from_wordfreq_pt
wfpt-00671,livros,,,700,,seed_from_wordfreq_pt
wfpt-00672,obra,,,702,,seed_from_wordfreq_pt
wfpt-00673,olhar,,,703,,seed_from_wordfreq_pt
wfpt-00674,perder,,,704,,seed_from_wordfreq_pt
wfpt-00675,página,,,705,,seed_from_wordfreq_pt
wfpt-00676,somente,,,706,,seed_from_wordfreq_pt
wfpt-00677,usando,,,707,,seed_from_wordfreq_pt
wfpt-00678,abaixo,,,708,,seed_from_wordfreq_pt
wfpt-00679,conhecer,,,709,,seed_from_wordfreq_pt
wfpt-00680,dizendo,,,710,,seed_from_wordfreq_pt
wfpt-00681,gosta,,,711,,seed_from_wordfreq_pt
wfpt-00682,mostrar,,,712,,seed_from_wordfreq_pt
wfpt-00683,participação,,,713,,seed_from_wordfreq_pt
wfpt-00684,pedir,,,714,,seed_from_wordfreq_pt
wfpt-00685,posição,,,715,,seed_from_wordfreq_pt
wfpt-00686,possui,,,716,,seed_from_wordfreq_pt
wfpt-00687,sabia,,,717,,seed_from_wordfreq_pt
wfpt-00688,serviços,,,718,,seed_from_wordfreq_pt
wfpt-00689,super,,,719,,seed_from_wordfreq_pt
wfpt-00690,áreas,,,720,,seed_from_wordfreq_pt
wfpt-00691,achei,,,721,,seed_from_wordfreq_pt
wfpt-00692,continuar,,,722,,seed_from_wordfreq_pt
wfpt-00693,defesa,,,723,,seed_from_wordfreq_pt
wfpt-00694,deixou,,,724,,seed_from_wordfreq_pt
wfpt-00695,faço,,,725,,seed_from_wordfreq_pt
wfpt-00696,online,,,726,,seed_from_wordfreq_pt
wfpt-00697,original,,,727,,seed_from_wordfreq_pt
wfpt-00698,pequeno,,,728,,seed_from_wordfreq_pt
wfpt-00699,simples,,,729,,seed_from_wordfreq_pt
wfpt-00700,tive,,,730,,seed_from_wordfreq_pt
wfpt-00701,versão,,,731,,seed_from_wordfreq_pt
wfpt-00702,vitória,,,732,,seed_from_wordfreq_pt
wfpt-00703,acontecer,,,733,,seed_from_wordfreq_pt
wfpt-00704,boca,,,735,,seed_from_wordfreq_pt
wfpt-00705,canal,,,736,,seed_from_wordfreq_pt
wfpt-00706,carlos,,,737,,seed_from_wordfreq_pt
wfpt-00707,comunicação,,,738,,seed_from_wordfreq_pt
wfpt-00708,consegue,,,739,,seed_from_wordfreq_pt
wfpt-00709,contar,,,740,,seed_from_wordfreq_pt
wfpt-00710,feita,,,741,,seed_from_wordfreq_pt
wfpt-00711,ministério,,,742,,seed_from_wordfreq_pt
wfpt-00712,morrer,,,743,,seed_from_wordfreq_pt
wfpt-00713,pegar,,,744,,seed_from_wordfreq_pt
wfpt-00714,pior,,,745,,seed_from_wordfreq_pt
wfpt-00715,resultados,,,746,,seed_from_wordfreq_pt
wfpt-00716,terá,,,747,,seed_from_wordfreq_pt
wfpt-00717,veio,,,748,,seed_from_wordfreq_pt
wfpt-00718,boas,,,750,,seed_from_wordfreq_pt
wfpt-00719,campanha,,,751,,seed_from_wordfreq_pt
wfpt-00720,chefe,,,752,,seed_from_wordfreq_pt
wfpt-00721,comer,,,753,,seed_from_wordfreq_pt
wfpt-00722,conhecido,,,754,,seed_from_wordfreq_pt
wfpt-00723,continua,,,755,,seed_from_wordfreq_pt
wfpt-00724,câmara,,,756,,seed_from_wordfreq_pt
wfpt-00725,entender,,,757,,seed_from_wordfreq_pt
wfpt-00726,eventos,,,758,,seed_from_wordfreq_pt
wfpt-00727,mercado,,,759,,seed_from_wordfreq_pt
wfpt-00728,ministro,,,760,,seed_from_wordfreq_pt
wfpt-00729,mãos,,,761,,seed_from_wordfreq_pt
wfpt-00730,resposta,,,762,,seed_from_wordfreq_pt
wfpt-00731,serão,,,763,,seed_from_wordfreq_pt
wfpt-00732,sol,,,764,,seed_from_wordfreq_pt
wfpt-00733,tornou,,,765,,seed_from_wordfreq_pt
wfpt-00734,trata,,,766,,seed_from_wordfreq_pt
wfpt-00735,últimos,,,767,,seed_from_wordfreq_pt
wfpt-00736,busca,,,768,,seed_from_wordfreq_pt
wfpt-00737,conseguiu,,,769,,seed_from_wordfreq_pt
wfpt-00738,criação,,,770,,seed_from_wordfreq_pt
wfpt-00739,dez,,,771,,seed_from_wordfreq_pt
wfpt-00740,mostra,,,772,,seed_from_wordfreq_pt
wfpt-00741,pequena,,,773,,seed_from_wordfreq_pt
wfpt-00742,pesquisa,,,774,,seed_from_wordfreq_pt
wfpt-00743,recursos,,,775,,seed_from_wordfreq_pt
wfpt-00744,república,,,776,,seed_from_wordfreq_pt
wfpt-00745,show,,,778,,seed_from_wordfreq_pt
wfpt-00746,ti,,,779,,seed_from_wordfreq_pt
wfpt-00747,ambiente,,,780,,seed_from_wordfreq_pt
wfpt-00748,chama,,,781,,seed_from_wordfreq_pt
wfpt-00749,chamada,,,782,,seed_from_wordfreq_pt
wfpt-00750,diversas,,,783,,seed_from_wordfreq_pt
wfpt-00751,dizem,,,784,,seed_from_wordfreq_pt
wfpt-00752,europa,,,785,,seed_from_wordfreq_pt
wfpt-00753,finalmente,,,786,,seed_from_wordfreq_pt
wfpt-00754,ganhar,,,787,,seed_from_wordfreq_pt
wfpt-00755,http,,,788,,seed_from_wordfreq_pt
wfpt-00756,morreu,,,789,,seed_from_wordfreq_pt
wfpt-00757,passo,,,790,,seed_from_wordfreq_pt
wfpt-00758,político,,,791,,seed_from_wordfreq_pt
wfpt-00759,portanto,,,792,,seed_from_wordfreq_pt
wfpt-00760,razão,,,793,,seed_from_wordfreq_pt
wfpt-00761,rei,,,794,,seed_from_wordfreq_pt
wfpt-00762,sexta,,,796,,seed_from_wordfreq_pt
wfpt-00763,simplesmente,,,797,,seed_from_wordfreq_pt
wfpt-00764,associação,,,798,,seed_from_wordfreq_pt
wfpt-00765,blog,,,799,,seed_from_wordfreq_pt
wfpt-00766,casamento,,,800,,seed_from_wordfreq_pt
wfpt-00767,começa,,,801,,seed_from_wordfreq_pt
wfpt-00768,data,,,802,,seed_from_wordfreq_pt
wfpt-00769,exército,,,803,,seed_from_wordfreq_pt
wfpt-00770,hospital,,,804,,seed_from_wordfreq_pt
wfpt-00771,humanos,,,805,,seed_from_wordfreq_pt
wfpt-00772,interesse,,,806,,seed_from_wordfreq_pt
wfpt-00773,locais,,,807,,seed_from_wordfreq_pt
wfpt-00774,motivo,,,808,,seed_from_wordfreq_pt
wfpt-00775,pagar,,,809,,seed_from_wordfreq_pt
wfpt-00776,realidade,,,810,,seed_from_wordfreq_pt
wfpt-00777,rápido,,,811,,seed_from_wordfreq_pt
wfpt-00778,serem,,,812,,seed_from_wordfreq_pt
wfpt-00779,tentando,,,813,,seed_from_wordfreq_pt
wfpt-00780,tribunal,,,814,,seed_from_wordfreq_pt
wfpt-00781,união,,,815,,seed_from_wordfreq_pt
wfpt-00782,viagem,,,816,,seed_from_wordfreq_pt
wfpt-00783,vir,,,817,,seed_from_wordfreq_pt
wfpt-00784,alta,,,818,,seed_from_wordfreq_pt
wfpt-00785,ambos,,,819,,seed_from_wordfreq_pt
wfpt-00786,aquilo,,,820,,seed_from_wordfreq_pt
wfpt-00787,banco,,,821,,seed_from_wordfreq_pt
wfpt-00788,condições,,,822,,seed_from_wordfreq_pt
wfpt-00789,conteúdo,,,823,,seed_from_wordfreq_pt
wfpt-00790,desses,,,824,,seed_from_wordfreq_pt
wfpt-00791,espera,,,825,,seed_from_wordfreq_pt
wfpt-00792,etc,,,826,,seed_from_wordfreq_pt
wfpt-00793,jornal,,,827,,seed_from_wordfreq_pt
wfpt-00794,mar,,,828,,seed_from_wordfreq_pt
wfpt-00795,obras,,,829,,seed_from_wordfreq_pt
wfpt-00796,pedro,,,830,,seed_from_wordfreq_pt
wfpt-00797,popular,,,831,,seed_from_wordfreq_pt
wfpt-00798,porta,,,832,,seed_from_wordfreq_pt
wfpt-00799,praia,,,833,,seed_from_wordfreq_pt
wfpt-00800,prisão,,,834,,seed_from_wordfreq_pt
wfpt-00801,responsável,,,835,,seed_from_wordfreq_pt
wfpt-00802,revista,,,836,,seed_from_wordfreq_pt
wfpt-00803,senhora,,,837,,seed_from_wordfreq_pt
wfpt-00804,silva,,,838,,seed_from_wordfreq_pt
wfpt-00805,tais,,,839,,seed_from_wordfreq_pt
wfpt-00806,tema,,,840,,seed_from_wordfreq_pt
wfpt-00807,acabar,,,841,,seed_from_wordfreq_pt
wfpt-00808,americano,,,842,,seed_from_wordfreq_pt
wfpt-00809,ataque,,,843,,seed_from_wordfreq_pt
wfpt-00810,atualmente,,,844,,seed_from_wordfreq_pt
wfpt-00811,autor,,,845,,seed_from_wordfreq_pt
wfpt-00812,clube,,,846,,seed_from_wordfreq_pt
wfpt-00813,curso,,,847,,seed_from_wordfreq_pt
wfpt-00814,diversos,,,848,,seed_from_wordfreq_pt
wfpt-00815,forças,,,849,,seed_from_wordfreq_pt
wfpt-00816,fundo,,,850,,seed_from_wordfreq_pt
wfpt-00817,jovens,,,851,,seed_from_wordfreq_pt
wfpt-00818,las,,,852,,seed_from_wordfreq_pt
wfpt-00819,levou,,,853,,seed_from_wordfreq_pt
wfpt-00820,liga,,,854,,seed_from_wordfreq_pt
wfpt-00821,presença,,,855,,seed_from_wordfreq_pt
wfpt-00822,próxima,,,856,,seed_from_wordfreq_pt
wfpt-00823,rádio,,,857,,seed_from_wordfreq_pt
wfpt-00824,sete,,,858,,seed_from_wordfreq_pt
wfpt-00825,tornar,,,859,,seed_from_wordfreq_pt
wfpt-00826,trás,,,860,,seed_from_wordfreq_pt
wfpt-00827,tá,,,861,,seed_from_wordfreq_pt
wfpt-00828,verde,,,862,,seed_from_wordfreq_pt
wfpt-00829,branco,,,863,,seed_from_wordfreq_pt
wfpt-00830,brasileiros,,,864,,seed_from_wordfreq_pt
wfpt-00831,comida,,,865,,seed_from_wordfreq_pt
wfpt-00832,especialmente,,,866,,seed_from_wordfreq_pt
wfpt-00833,experiência,,,867,,seed_from_wordfreq_pt
wfpt-00834,fase,,,868,,seed_from_wordfreq_pt
wfpt-00835,importantes,,,869,,seed_from_wordfreq_pt
wfpt-00836,leva,,,870,,seed_from_wordfreq_pt
wfpt-00837,modelo,,,871,,seed_from_wordfreq_pt
wfpt-00838,natal,,,872,,seed_from_wordfreq_pt
wfpt-00839,nota,,,873,,seed_from_wordfreq_pt
wfpt-00840,opinião,,,874,,seed_from_wordfreq_pt
wfpt-00841,oportunidade,,,875,,seed_from_wordfreq_pt
wfpt-00842,ouro,,,876,,seed_from_wordfreq_pt
wfpt-00843,projetos,,,877,,seed_from_wordfreq_pt
wfpt-00844,pé,,,878,,seed_from_wordfreq_pt
wfpt-00845,semanas,,,879,,seed_from_wordfreq_pt
wfpt-00846,sábado,,,880,,seed_from_wordfreq_pt
wfpt-00847,termos,,,881,,seed_from_wordfreq_pt
wfpt-00848,umas,,,882,,seed_from_wordfreq_pt
wfpt-00849,bairro,,,883,,seed_from_wordfreq_pt
wfpt-00850,chamar,,,884,,seed_from_wordfreq_pt
wfpt-00851,costa,,,885,,seed_from_wordfreq_pt
wfpt-00852,crime,,,886,,seed_from_wordfreq_pt
wfpt-00853,código,,,887,,seed_from_wordfreq_pt
wfpt-00854,diretor,,,888,,seed_from_wordfreq_pt
wfpt-00855,domingo,,,889,,seed_from_wordfreq_pt
wfpt-00856,encontra,,,890,,seed_from_wordfreq_pt
wfpt-00857,esperar,,,891,,seed_from_wordfreq_pt
wfpt-00858,estudos,,,892,,seed_from_wordfreq_pt
wfpt-00859,falou,,,893,,seed_from_wordfreq_pt
wfpt-00860,fonte,,,894,,seed_from_wordfreq_pt
wfpt-00861,graças,,,895,,seed_from_wordfreq_pt
wfpt-00862,importa,,,896,,seed_from_wordfreq_pt
wfpt-00863,instituto,,,897,,seed_from_wordfreq_pt
wfpt-00864,john,,,898,,seed_from_wordfreq_pt
wfpt-00865,mortos,,,899,,seed_from_wordfreq_pt
wfpt-00866,notícias,,,900,,seed_from_wordfreq_pt
wfpt-00867,recebeu,,,901,,seed_from_wordfreq_pt
wfpt-00868,redes,,,902,,seed_from_wordfreq_pt
wfpt-00869,tempos,,,903,,seed_from_wordfreq_pt
wfpt-00870,tinham,,,904,,seed_from_wordfreq_pt
wfpt-00871,altura,,,905,,seed_from_wordfreq_pt
wfpt-00872,armas,,,906,,seed_from_wordfreq_pt
wfpt-00873,ações,,,907,,seed_from_wordfreq_pt
wfpt-00874,banda,,,908,,seed_from_wordfreq_pt
wfpt-00875,companhia,,,909,,seed_from_wordfreq_pt
wfpt-00876,dando,,,910,,seed_from_wordfreq_pt
wfpt-00877,dessas,,,911,,seed_from_wordfreq_pt
wfpt-00878,dormir,,,912,,seed_from_wordfreq_pt
wfpt-00879,economia,,,913,,seed_from_wordfreq_pt
wfpt-00880,fiquei,,,914,,seed_from_wordfreq_pt
wfpt-00881,fizeram,,,915,,seed_from_wordfreq_pt
wfpt-00882,gostaria,,,916,,seed_from_wordfreq_pt
wfpt-00883,imagens,,,917,,seed_from_wordfreq_pt
wfpt-00884,jogar,,,918,,seed_from_wordfreq_pt
wfpt-00885,liberdade,,,919,,seed_from_wordfreq_pt
wfpt-00886,possa,,,920,,seed_from_wordfreq_pt
wfpt-00887,receber,,,921,,seed_from_wordfreq_pt
wfpt-00888,sabem,,,922,,seed_from_wordfreq_pt
wfpt-00889,sejam,,,923,,seed_from_wordfreq_pt
wfpt-00890,seleção,,,924,,seed_from_wordfreq_pt
wfpt-00891,superior,,,925,,seed_from_wordfreq_pt
wfpt-00892,tivesse,,,926,,seed_from_wordfreq_pt
wfpt-00893,velho,,,927,,seed_from_wordfreq_pt
wfpt-00894,atividades,,,928,,seed_from_wordfreq_pt
wfpt-00895,aumento,,,929,,seed_from_wordfreq_pt
wfpt-00896,cabelo,,,930,,seed_from_wordfreq_pt
wfpt-00897,café,,,931,,seed_from_wordfreq_pt
wfpt-00898,cultural,,,932,,seed_from_wordfreq_pt
wfpt-00899,desculpa,,,933,,seed_from_wordfreq_pt
wfpt-00900,dor,,,934,,seed_from_wordfreq_pt
wfpt-00901,ensino,,,935,,seed_from_wordfreq_pt
wfpt-00902,escolha,,,936,,seed_from_wordfreq_pt
wfpt-00903,faculdade,,,937,,seed_from_wordfreq_pt
wfpt-00904,fogo,,,938,,seed_from_wordfreq_pt
wfpt-00905,irmã,,,939,,seed_from_wordfreq_pt
wfpt-00906,juntos,,,940,,seed_from_wordfreq_pt
wfpt-00907,pensando,,,941,,seed_from_wordfreq_pt
wfpt-00908,podia,,,942,,seed_from_wordfreq_pt
wfpt-00909,poucos,,,943,,seed_from_wordfreq_pt
wfpt-00910,primeiros,,,944,,seed_from_wordfreq_pt
wfpt-00911,profissional,,,945,,seed_from_wordfreq_pt
wfpt-00912,prêmio,,,946,,seed_from_wordfreq_pt
wfpt-00913,reais,,,947,,seed_from_wordfreq_pt
wfpt-00914,relações,,,948,,seed_from_wordfreq_pt
wfpt-00915,sorte,,,949,,seed_from_wordfreq_pt
wfpt-00916,televisão,,,950,,seed_from_wordfreq_pt
wfpt-00917,comissão,,,951,,seed_from_wordfreq_pt
wfpt-00918,diferença,,,952,,seed_from_wordfreq_pt
wfpt-00919,digital,,,953,,seed_from_wordfreq_pt
wfpt-00920,direção,,,954,,seed_from_wordfreq_pt
wfpt-00921,entrada,,,955,,seed_from_wordfreq_pt
wfpt-00922,estilo,,,956,,seed_from_wordfreq_pt
wfpt-00923,eua,,,957,,seed_from_wordfreq_pt
wfpt-00924,formação,,,958,,seed_from_wordfreq_pt
wfpt-00925,globo,,,959,,seed_from_wordfreq_pt
wfpt-00926,humano,,,960,,seed_from_wordfreq_pt
wfpt-00927,indo,,,961,,seed_from_wordfreq_pt
wfpt-00928,lembra,,,962,,seed_from_wordfreq_pt
wfpt-00929,líder,,,963,,seed_from_wordfreq_pt
wfpt-00930,massa,,,964,,seed_from_wordfreq_pt
wfpt-00931,missão,,,965,,seed_from_wordfreq_pt
wfpt-00932,monte,,,966,,seed_from_wordfreq_pt
wfpt-00933,municipal,,,967,,seed_from_wordfreq_pt
wfpt-00934,médico,,,968,,seed_from_wordfreq_pt
wfpt-00935,negócio,,,969,,seed_from_wordfreq_pt
wfpt-00936,normal,,,970,,seed_from_wordfreq_pt
wfpt-00937,partes,,,971,,seed_from_wordfreq_pt
wfpt-00938,pensa,,,972,,seed_from_wordfreq_pt
wfpt-00939,quarta,,,973,,seed_from_wordfreq_pt
wfpt-00940,resto,,,974,,seed_from_wordfreq_pt
wfpt-00941,título,,,975,,seed_from_wordfreq_pt
wfpt-00942,visita,,,976,,seed_from_wordfreq_pt
wfpt-00943,votos,,,977,,seed_from_wordfreq_pt
wfpt-00944,you,,,978,,seed_from_wordfreq_pt
wfpt-00945,zona,,,979,,seed_from_wordfreq_pt
wfpt-00946,animais,,,980,,seed_from_wordfreq_pt
wfpt-00947,aprender,,,981,,seed_from_wordfreq_pt
wfpt-00948,cama,,,982,,seed_from_wordfreq_pt
wfpt-00949,certa,,,983,,seed_from_wordfreq_pt
wfpt-00950,conhecimento,,,984,,seed_from_wordfreq_pt
wfpt-00951,estudo,,,985,,seed_from_wordfreq_pt
wfpt-00952,filmes,,,986,,seed_from_wordfreq_pt
wfpt-00953,interior,,,987,,seed_from_wordfreq_pt
wfpt-00954,licença,,,988,,seed_from_wordfreq_pt
wfpt-00955,linda,,,989,,seed_from_wordfreq_pt
wfpt-00956,mente,,,990,,seed_from_wordfreq_pt
wfpt-00957,mudança,,,991,,seed_from_wordfreq_pt
wfpt-00958,município,,,992,,seed_from_wordfreq_pt
wfpt-00959,média,,,993,,seed_from_wordfreq_pt
wfpt-00960,médio,,,994,,seed_from_wordfreq_pt
wfpt-00961,negócios,,,995,,seed_from_wordfreq_pt
wfpt-00962,preço,,,996,,seed_from_wordfreq_pt
wfpt-00963,qualidade,,,997,,seed_from_wordfreq_pt
wfpt-00964,sai,,,998,,seed_from_wordfreq_pt
wfpt-00965,us,,,999,,seed_from_wordfreq_pt
wfpt-00966,acredita,,,1001,,seed_from_wordfreq_pt
wfpt-00967,al,,,1002,,seed_from_wordfreq_pt
wfpt-00968,aniversário,,,1003,,seed_from_wordfreq_pt
wfpt-00969,celular,,,1004,,seed_from_wordfreq_pt
wfpt-00970,china,,,1005,,seed_from_wordfreq_pt
wfpt-00971,conversa,,,1006,,seed_from_wordfreq_pt
wfpt-00972,corte,,,1007,,seed_from_wordfreq_pt
wfpt-00973,delas,,,1008,,seed_from_wordfreq_pt
wfpt-00974,escrever,,,1009,,seed_from_wordfreq_pt
wfpt-00975,esposa,,,1010,,seed_from_wordfreq_pt
wfpt-00976,frança,,,1011,,seed_from_wordfreq_pt
wfpt-00977,ilha,,,1012,,seed_from_wordfreq_pt
wfpt-00978,marca,,,1013,,seed_from_wordfreq_pt
wfpt-00979,medida,,,1014,,seed_from_wordfreq_pt
wfpt-00980,menina,,,1015,,seed_from_wordfreq_pt
wfpt-00981,metade,,,1016,,seed_from_wordfreq_pt
wfpt-00982,natural,,,1017,,seed_from_wordfreq_pt
wfpt-00983,perfil,,,1018,,seed_from_wordfreq_pt
wfpt-00984,portuguesa,,,1019,,seed_from_wordfreq_pt
wfpt-00985,preso,,,1020,,seed_from_wordfreq_pt
wfpt-00986,querer,,,1021,,seed_from_wordfreq_pt
wfpt-00987,usuários,,,1022,,seed_from_wordfreq_pt
wfpt-00988,verão,,,1024,,seed_from_wordfreq_pt
wfpt-00989,apresenta,,,1025,,seed_from_wordfreq_pt
wfpt-00990,contrário,,,1026,,seed_from_wordfreq_pt
wfpt-00991,dr,,,1027,,seed_from_wordfreq_pt
wfpt-00992,esquerda,,,1028,,seed_from_wordfreq_pt
wfpt-00993,ganhou,,,1029,,seed_from_wordfreq_pt
wfpt-00994,incrível,,,1030,,seed_from_wordfreq_pt
wfpt-00995,menor,,,1031,,seed_from_wordfreq_pt
wfpt-00996,natureza,,,1032,,seed_from_wordfreq_pt
wfpt-00997,ok,,,1033,,seed_from_wordfreq_pt
wfpt-00998,perdeu,,,1034,,seed_from_wordfreq_pt
wfpt-00999,saiu,,,1035,,seed_from_wordfreq_pt
wfpt-01000,sente,,,1036,,seed_from_wordfreq_pt
wfpt-01001,visão,,,1037,,seed_from_wordfreq_pt
wfpt-01002,abrir,,,1038,,seed_from_wordfreq_pt
wfpt-01003,alunos,,,1039,,seed_from_wordfreq_pt
wfpt-01004,capacidade,,,1040,,seed_from_wordfreq_pt
wfpt-01005,capaz,,,1041,,seed_from_wordfreq_pt
wfpt-01006,carta,,,1042,,seed_from_wordfreq_pt
wfpt-01007,cedo,,,1043,,seed_from_wordfreq_pt
wfpt-01008,conjunto,,,1044,,seed_from_wordfreq_pt
wfpt-01009,deixe,,,1045,,seed_from_wordfreq_pt
wfpt-01010,fernando,,,1046,,seed_from_wordfreq_pt
wfpt-01011,fome,,,1047,,seed_from_wordfreq_pt
wfpt-01012,inclusive,,,1048,,seed_from_wordfreq_pt
wfpt-01013,lembrar,,,1049,,seed_from_wordfreq_pt
wfpt-01014,lembro,,,1050,,seed_from_wordfreq_pt
wfpt-01015,leste,,,1051,,seed_from_wordfreq_pt
wfpt-01016,lugares,,,1052,,seed_from_wordfreq_pt
wfpt-01017,matar,,,1053,,seed_from_wordfreq_pt
wfpt-01018,meia,,,1054,,seed_from_wordfreq_pt
wfpt-01019,parque,,,1055,,seed_from_wordfreq_pt
wfpt-01020,proposta,,,1056,,seed_from_wordfreq_pt
wfpt-01021,reunião,,,1057,,seed_from_wordfreq_pt
wfpt-01022,sonho,,,1058,,seed_from_wordfreq_pt
wfpt-01023,sp,,,1059,,seed_from_wordfreq_pt
wfpt-01024,transporte,,,1060,,seed_from_wordfreq_pt
wfpt-01025,voltou,,,1061,,seed_from_wordfreq_pt
wfpt-01026,achar,,,1062,,seed_from_wordfreq_pt
wfpt-01027,conhece,,,1063,,seed_from_wordfreq_pt
wfpt-01028,contas,,,1064,,seed_from_wordfreq_pt
wfpt-01029,cor,,,1065,,seed_from_wordfreq_pt
wfpt-01030,culpa,,,1066,,seed_from_wordfreq_pt
wfpt-01031,dado,,,1067,,seed_from_wordfreq_pt
wfpt-01032,departamento,,,1068,,seed_from_wordfreq_pt
wfpt-01033,dólares,,,1069,,seed_from_wordfreq_pt
wfpt-01034,eleições,,,1070,,seed_from_wordfreq_pt
wfpt-01035,emprego,,,1071,,seed_from_wordfreq_pt
wfpt-01036,escolas,,,1072,,seed_from_wordfreq_pt
wfpt-01037,escreveu,,,1073,,seed_from_wordfreq_pt
wfpt-01038,estrutura,,,1074,,seed_from_wordfreq_pt
wfpt-01039,exatamente,,,1075,,seed_from_wordfreq_pt
wfpt-01040,fico,,,1076,,seed_from_wordfreq_pt
wfpt-01041,formas,,,1077,,seed_from_wordfreq_pt
wfpt-01042,importância,,,1078,,seed_from_wordfreq_pt
wfpt-01043,interessante,,,1079,,seed_from_wordfreq_pt
wfpt-01044,nomes,,,1080,,seed_from_wordfreq_pt
wfpt-01045,operação,,,1081,,seed_from_wordfreq_pt
wfpt-01046,origem,,,1082,,seed_from_wordfreq_pt
wfpt-01047,provavelmente,,,1083,,seed_from_wordfreq_pt
wfpt-01048,risco,,,1084,,seed_from_wordfreq_pt
wfpt-01049,suficiente,,,1086,,seed_from_wordfreq_pt
wfpt-01050,temporada,,,1087,,seed_from_wordfreq_pt
wfpt-01051,trabalhos,,,1088,,seed_from_wordfreq_pt
wfpt-01052,usado,,,1089,,seed_from_wordfreq_pt
wfpt-01053,ai,,,1090,,seed_from_wordfreq_pt
wfpt-01054,beleza,,,1091,,seed_from_wordfreq_pt
wfpt-01055,cabo,,,1092,,seed_from_wordfreq_pt
wfpt-01056,esperando,,,1093,,seed_from_wordfreq_pt
wfpt-01057,esteja,,,1094,,seed_from_wordfreq_pt
wfpt-01058,lhes,,,1095,,seed_from_wordfreq_pt
wfpt-01059,morto,,,1096,,seed_from_wordfreq_pt
wfpt-01060,músicas,,,1097,,seed_from_wordfreq_pt
wfpt-01061,necessidade,,,1098,,seed_from_wordfreq_pt
wfpt-01062,oito,,,1099,,seed_from_wordfreq_pt
wfpt-01063,queremos,,,1100,,seed_from_wordfreq_pt
wfpt-01064,quinta,,,1101,,seed_from_wordfreq_pt
wfpt-01065,século,,,1102,,seed_from_wordfreq_pt
wfpt-01066,usa,,,1103,,seed_from_wordfreq_pt
wfpt-01067,vive,,,1104,,seed_from_wordfreq_pt
wfpt-01068,acaba,,,1105,,seed_from_wordfreq_pt
wfpt-01069,americana,,,1106,,seed_from_wordfreq_pt
wfpt-01070,americanos,,,1107,,seed_from_wordfreq_pt
wfpt-01071,amiga,,,1108,,seed_from_wordfreq_pt
wfpt-01072,anterior,,,1109,,seed_from_wordfreq_pt
wfpt-01073,belo,,,1110,,seed_from_wordfreq_pt
wfpt-01074,cinema,,,1111,,seed_from_wordfreq_pt
wfpt-01075,classe,,,1112,,seed_from_wordfreq_pt
wfpt-01076,começo,,,1113,,seed_from_wordfreq_pt
wfpt-01077,criado,,,1114,,seed_from_wordfreq_pt
wfpt-01078,entrevista,,,1115,,seed_from_wordfreq_pt
wfpt-01079,estação,,,1116,,seed_from_wordfreq_pt
wfpt-01080,fé,,,1117,,seed_from_wordfreq_pt
wfpt-01081,histórias,,,1118,,seed_from_wordfreq_pt
wfpt-01082,lula,,,1119,,seed_from_wordfreq_pt
wfpt-01083,material,,,1120,,seed_from_wordfreq_pt
wfpt-01084,momentos,,,1121,,seed_from_wordfreq_pt
wfpt-01085,mudou,,,1122,,seed_from_wordfreq_pt
wfpt-01086,méxico,,,1123,,seed_from_wordfreq_pt
wfpt-01087,necessário,,,1124,,seed_from_wordfreq_pt
wfpt-01088,passando,,,1125,,seed_from_wordfreq_pt
wfpt-01089,pedido,,,1126,,seed_from_wordfreq_pt
wfpt-01090,perfeito,,,1127,,seed_from_wordfreq_pt
wfpt-01091,porra,,,1128,,seed_from_wordfreq_pt
wfpt-01092,prática,,,1129,,seed_from_wordfreq_pt
wfpt-01093,realizado,,,1130,,seed_from_wordfreq_pt
wfpt-01094,sangue,,,1131,,seed_from_wordfreq_pt
wfpt-01095,sede,,,1132,,seed_from_wordfreq_pt
wfpt-01096,seguida,,,1133,,seed_from_wordfreq_pt
wfpt-01097,som,,,1134,,seed_from_wordfreq_pt
wfpt-01098,administração,,,1135,,seed_from_wordfreq_pt
wfpt-01099,azul,,,1136,,seed_from_wordfreq_pt
wfpt-01100,carreira,,,1137,,seed_from_wordfreq_pt
wfpt-01101,casas,,,1138,,seed_from_wordfreq_pt
wfpt-01102,cena,,,1139,,seed_from_wordfreq_pt
wfpt-01103,chão,,,1140,,seed_from_wordfreq_pt
wfpt-01104,completamente,,,1141,,seed_from_wordfreq_pt
wfpt-01105,cuidado,,,1142,,seed_from_wordfreq_pt
wfpt-01106,el,,,1143,,seed_from_wordfreq_pt
wfpt-01107,escrito,,,1144,,seed_from_wordfreq_pt
wfpt-01108,esteve,,,1145,,seed_from_wordfreq_pt
wfpt-01109,função,,,1146,,seed_from_wordfreq_pt
wfpt-01110,membro,,,1148,,seed_from_wordfreq_pt
wfpt-01111,participar,,,1149,,seed_from_wordfreq_pt
wfpt-01112,precisam,,,1150,,seed_from_wordfreq_pt
wfpt-01113,pressão,,,1151,,seed_from_wordfreq_pt
wfpt-01114,procura,,,1152,,seed_from_wordfreq_pt
wfpt-01115,programas,,,1153,,seed_from_wordfreq_pt
wfpt-01116,publicado,,,1154,,seed_from_wordfreq_pt
wfpt-01117,torna,,,1156,,seed_from_wordfreq_pt
wfpt-01118,totalmente,,,1157,,seed_from_wordfreq_pt
wfpt-01119,ana,,,1158,,seed_from_wordfreq_pt
wfpt-01120,andar,,,1159,,seed_from_wordfreq_pt
wfpt-01121,contato,,,1160,,seed_from_wordfreq_pt
wfpt-01122,crescimento,,,1161,,seed_from_wordfreq_pt
wfpt-01123,crise,,,1162,,seed_from_wordfreq_pt
wfpt-01124,céu,,,1163,,seed_from_wordfreq_pt
wfpt-01125,david,,,1164,,seed_from_wordfreq_pt
wfpt-01126,direita,,,1165,,seed_from_wordfreq_pt
wfpt-01127,entretanto,,,1166,,seed_from_wordfreq_pt
wfpt-01128,espanha,,,1167,,seed_from_wordfreq_pt
wfpt-01129,evitar,,,1168,,seed_from_wordfreq_pt
wfpt-01130,guarda,,,1169,,seed_from_wordfreq_pt
wfpt-01131,histórico,,,1170,,seed_from_wordfreq_pt
wfpt-01132,indústria,,,1171,,seed_from_wordfreq_pt
wfpt-01133,nao,,,1172,,seed_from_wordfreq_pt
wfpt-01134,pro,,,1173,,seed_from_wordfreq_pt
wfpt-01135,produtos,,,1174,,seed_from_wordfreq_pt
wfpt-01136,professores,,,1175,,seed_from_wordfreq_pt
wfpt-01137,proteção,,,1176,,seed_from_wordfreq_pt
wfpt-01138,saiba,,,1177,,seed_from_wordfreq_pt
wfpt-01139,segue,,,1178,,seed_from_wordfreq_pt
wfpt-01140,sinal,,,1179,,seed_from_wordfreq_pt
wfpt-01141,sozinho,,,1180,,seed_from_wordfreq_pt
wfpt-01142,tipos,,,1181,,seed_from_wordfreq_pt
wfpt-01143,traz,,,1182,,seed_from_wordfreq_pt
wfpt-01144,unidade,,,1183,,seed_from_wordfreq_pt
wfpt-01145,vila,,,1184,,seed_from_wordfreq_pt
wfpt-01146,áfrica,,,1185,,seed_from_wordfreq_pt
wfpt-01147,aula,,,1186,,seed_from_wordfreq_pt
wfpt-01148,conversar,,,1187,,seed_from_wordfreq_pt
wfpt-01149,deputado,,,1188,,seed_from_wordfreq_pt
wfpt-01150,desejo,,,1189,,seed_from_wordfreq_pt
wfpt-01151,diante,,,1190,,seed_from_wordfreq_pt
wfpt-01152,espírito,,,1191,,seed_from_wordfreq_pt
wfpt-01153,estrada,,,1192,,seed_from_wordfreq_pt
wfpt-01154,festival,,,1193,,seed_from_wordfreq_pt
wfpt-01155,geração,,,1194,,seed_from_wordfreq_pt
wfpt-01156,governador,,,1195,,seed_from_wordfreq_pt
wfpt-01157,imprensa,,,1196,,seed_from_wordfreq_pt
wfpt-01158,marido,,,1197,,seed_from_wordfreq_pt
wfpt-01159,olá,,,1198,,seed_from_wordfreq_pt
wfpt-01160,rosto,,,1199,,seed_from_wordfreq_pt
wfpt-01161,ruim,,,1200,,seed_from_wordfreq_pt
wfpt-01162,saída,,,1201,,seed_from_wordfreq_pt
wfpt-01163,tiveram,,,1202,,seed_from_wordfreq_pt
wfpt-01164,triste,,,1203,,seed_from_wordfreq_pt
wfpt-01165,acreditar,,,1204,,seed_from_wordfreq_pt
wfpt-01166,alma,,,1205,,seed_from_wordfreq_pt
wfpt-01167,artistas,,,1206,,seed_from_wordfreq_pt
wfpt-01168,bons,,,1207,,seed_from_wordfreq_pt
wfpt-01169,caixa,,,1208,,seed_from_wordfreq_pt
wfpt-01170,erro,,,1209,,seed_from_wordfreq_pt
wfpt-01171,esperança,,,1210,,seed_from_wordfreq_pt
wfpt-01172,estadual,,,1211,,seed_from_wordfreq_pt
wfpt-01173,famílias,,,1212,,seed_from_wordfreq_pt
wfpt-01174,garota,,,1213,,seed_from_wordfreq_pt
wfpt-01175,igual,,,1214,,seed_from_wordfreq_pt
wfpt-01176,lançamento,,,1215,,seed_from_wordfreq_pt
wfpt-01177,lindo,,,1216,,seed_from_wordfreq_pt
wfpt-01178,militares,,,1217,,seed_from_wordfreq_pt
wfpt-01179,mudanças,,,1218,,seed_from_wordfreq_pt
wfpt-01180,one,,,1219,,seed_from_wordfreq_pt
wfpt-01181,pensei,,,1220,,seed_from_wordfreq_pt
wfpt-01182,políticas,,,1221,,seed_from_wordfreq_pt
wfpt-01183,políticos,,,1222,,seed_from_wordfreq_pt
wfpt-01184,praça,,,1223,,seed_from_wordfreq_pt
wfpt-01185,propriedade,,,1224,,seed_from_wordfreq_pt
wfpt-01186,pré,,,1225,,seed_from_wordfreq_pt
wfpt-01187,rainha,,,1226,,seed_from_wordfreq_pt
wfpt-01188,rock,,,1227,,seed_from_wordfreq_pt
wfpt-01189,terceiro,,,1228,,seed_from_wordfreq_pt
wfpt-01190,território,,,1229,,seed_from_wordfreq_pt
wfpt-01191,tiver,,,1230,,seed_from_wordfreq_pt
wfpt-01192,vidas,,,1231,,seed_from_wordfreq_pt
wfpt-01193,acontecendo,,,1232,,seed_from_wordfreq_pt
wfpt-01194,antigo,,,1233,,seed_from_wordfreq_pt
wfpt-01195,basta,,,1234,,seed_from_wordfreq_pt
wfpt-01196,bola,,,1235,,seed_from_wordfreq_pt
wfpt-01197,casal,,,1236,,seed_from_wordfreq_pt
wfpt-01198,congresso,,,1237,,seed_from_wordfreq_pt
wfpt-01199,estiver,,,1238,,seed_from_wordfreq_pt
wfpt-01200,estranho,,,1239,,seed_from_wordfreq_pt
wfpt-01201,general,,,1240,,seed_from_wordfreq_pt
wfpt-01202,hotel,,,1241,,seed_from_wordfreq_pt
wfpt-01203,impossível,,,1242,,seed_from_wordfreq_pt
wfpt-01204,infelizmente,,,1243,,seed_from_wordfreq_pt
wfpt-01205,inteiro,,,1244,,seed_from_wordfreq_pt
wfpt-01206,leve,,,1245,,seed_from_wordfreq_pt
wfpt-01207,lixo,,,1246,,seed_from_wordfreq_pt
wfpt-01208,longa,,,1247,,seed_from_wordfreq_pt
wfpt-01209,matéria,,,1248,,seed_from_wordfreq_pt
wfpt-01210,memória,,,1249,,seed_from_wordfreq_pt
wfpt-01211,metros,,,1250,,seed_from_wordfreq_pt
wfpt-01212,olho,,,1251,,seed_from_wordfreq_pt
wfpt-01213,pediu,,,1252,,seed_from_wordfreq_pt
wfpt-01214,penso,,,1253,,seed_from_wordfreq_pt
wfpt-01215,post,,,1254,,seed_from_wordfreq_pt
wfpt-01216,preto,,,1255,,seed_from_wordfreq_pt
wfpt-01217,quis,,,1256,,seed_from_wordfreq_pt
wfpt-01218,regras,,,1257,,seed_from_wordfreq_pt
wfpt-01219,relatório,,,1258,,seed_from_wordfreq_pt
wfpt-01220,responsabilidade,,,1259,,seed_from_wordfreq_pt
wfpt-01221,telefone,,,1260,,seed_from_wordfreq_pt
wfpt-01222,tenham,,,1261,,seed_from_wordfreq_pt
wfpt-01223,tom,,,1262,,seed_from_wordfreq_pt
wfpt-01224,trazer,,,1263,,seed_from_wordfreq_pt
wfpt-01225,troca,,,1264,,seed_from_wordfreq_pt
wfpt-01226,verdadeiro,,,1265,,seed_from_wordfreq_pt
wfpt-01227,abertura,,,1267,,seed_from_wordfreq_pt
wfpt-01228,análise,,,1268,,seed_from_wordfreq_pt
wfpt-01229,argentina,,,1269,,seed_from_wordfreq_pt
wfpt-01230,breve,,,1270,,seed_from_wordfreq_pt
wfpt-01231,chance,,,1271,,seed_from_wordfreq_pt
wfpt-01232,ciência,,,1272,,seed_from_wordfreq_pt
wfpt-01233,comentários,,,1273,,seed_from_wordfreq_pt
wfpt-01234,considerado,,,1274,,seed_from_wordfreq_pt
wfpt-01235,contudo,,,1275,,seed_from_wordfreq_pt
wfpt-01236,cá,,,1276,,seed_from_wordfreq_pt
wfpt-01237,destino,,,1277,,seed_from_wordfreq_pt
wfpt-01238,disponível,,,1278,,seed_from_wordfreq_pt
wfpt-01239,doença,,,1279,,seed_from_wordfreq_pt
wfpt-01240,efeito,,,1280,,seed_from_wordfreq_pt
wfpt-01241,global,,,1281,,seed_from_wordfreq_pt
wfpt-01242,independente,,,1282,,seed_from_wordfreq_pt
wfpt-01243,investigação,,,1283,,seed_from_wordfreq_pt
wfpt-01244,iria,,,1284,,seed_from_wordfreq_pt
wfpt-01245,jogador,,,1285,,seed_from_wordfreq_pt
wfpt-01246,loja,,,1287,,seed_from_wordfreq_pt
wfpt-01247,notícia,,,1288,,seed_from_wordfreq_pt
wfpt-01248,números,,,1289,,seed_from_wordfreq_pt
wfpt-01249,perguntas,,,1290,,seed_from_wordfreq_pt
wfpt-01250,planeta,,,1291,,seed_from_wordfreq_pt
wfpt-01251,planos,,,1292,,seed_from_wordfreq_pt
wfpt-01252,precisamos,,,1293,,seed_from_wordfreq_pt
wfpt-01253,pronto,,,1294,,seed_from_wordfreq_pt
wfpt-01254,questões,,,1295,,seed_from_wordfreq_pt
wfpt-01255,tamanho,,,1296,,seed_from_wordfreq_pt
wfpt-01256,tratamento,,,1297,,seed_from_wordfreq_pt
wfpt-01257,vice,,,1298,,seed_from_wordfreq_pt
wfpt-01258,york,,,1299,,seed_from_wordfreq_pt
wfpt-01259,aberto,,,1300,,seed_from_wordfreq_pt
wfpt-01260,acidente,,,1301,,seed_from_wordfreq_pt
wfpt-01261,agência,,,1302,,seed_from_wordfreq_pt
wfpt-01262,aparece,,,1303,,seed_from_wordfreq_pt
wfpt-01263,candidato,,,1304,,seed_from_wordfreq_pt
wfpt-01264,conhecida,,,1305,,seed_from_wordfreq_pt
wfpt-01265,conheço,,,1306,,seed_from_wordfreq_pt
wfpt-01266,dilma,,,1308,,seed_from_wordfreq_pt
wfpt-01267,entrou,,,1309,,seed_from_wordfreq_pt
wfpt-01268,escolher,,,1310,,seed_from_wordfreq_pt
wfpt-01269,francisco,,,1311,,seed_from_wordfreq_pt
wfpt-01270,francês,,,1312,,seed_from_wordfreq_pt
wfpt-01271,japão,,,1313,,seed_from_wordfreq_pt
wfpt-01272,km,,,1314,,seed_from_wordfreq_pt
wfpt-01273,lidar,,,1315,,seed_from_wordfreq_pt
wfpt-01274,normalmente,,,1316,,seed_from_wordfreq_pt
wfpt-01275,parabéns,,,1317,,seed_from_wordfreq_pt
wfpt-01276,permite,,,1318,,seed_from_wordfreq_pt
wfpt-01277,peça,,,1319,,seed_from_wordfreq_pt
wfpt-01278,policial,,,1320,,seed_from_wordfreq_pt
wfpt-01279,públicos,,,1321,,seed_from_wordfreq_pt
wfpt-01280,rapidamente,,,1322,,seed_from_wordfreq_pt
wfpt-01281,reino,,,1323,,seed_from_wordfreq_pt
wfpt-01282,sistemas,,,1324,,seed_from_wordfreq_pt
wfpt-01283,vendo,,,1325,,seed_from_wordfreq_pt
wfpt-01284,ato,,,1326,,seed_from_wordfreq_pt
wfpt-01285,bonito,,,1327,,seed_from_wordfreq_pt
wfpt-01286,categoria,,,1328,,seed_from_wordfreq_pt
wfpt-01287,chave,,,1329,,seed_from_wordfreq_pt
wfpt-01288,computador,,,1330,,seed_from_wordfreq_pt
wfpt-01289,digo,,,1331,,seed_from_wordfreq_pt
wfpt-01290,distância,,,1332,,seed_from_wordfreq_pt
wfpt-01291,episódio,,,1333,,seed_from_wordfreq_pt
wfpt-01292,espécie,,,1334,,seed_from_wordfreq_pt
wfpt-01293,gerais,,,1335,,seed_from_wordfreq_pt
wfpt-01294,irmãos,,,1336,,seed_from_wordfreq_pt
wfpt-01295,minas,,,1337,,seed_from_wordfreq_pt
wfpt-01296,new,,,1338,,seed_from_wordfreq_pt
wfpt-01297,parceria,,,1339,,seed_from_wordfreq_pt
wfpt-01298,passada,,,1340,,seed_from_wordfreq_pt
wfpt-01299,prefeito,,,1341,,seed_from_wordfreq_pt
wfpt-01300,pós,,,1342,,seed_from_wordfreq_pt
wfpt-01301,realizada,,,1343,,seed_from_wordfreq_pt
wfpt-01302,redor,,,1344,,seed_from_wordfreq_pt
wfpt-01303,trabalhadores,,,1345,,seed_from_wordfreq_pt
wfpt-01304,vermelho,,,1346,,seed_from_wordfreq_pt
wfpt-01305,vindo,,,1347,,seed_from_wordfreq_pt
wfpt-01306,votação,,,1348,,seed_from_wordfreq_pt
wfpt-01307,vídeos,,,1349,,seed_from_wordfreq_pt
wfpt-01308,vítima,,,1350,,seed_from_wordfreq_pt
wfpt-01309,últimas,,,1351,,seed_from_wordfreq_pt
wfpt-01310,baixa,,,1352,,seed_from_wordfreq_pt
wfpt-01311,carnaval,,,1353,,seed_from_wordfreq_pt
wfpt-01312,comercial,,,1354,,seed_from_wordfreq_pt
wfpt-01313,constituição,,,1355,,seed_from_wordfreq_pt
wfpt-01314,contrato,,,1356,,seed_from_wordfreq_pt
wfpt-01315,documentos,,,1357,,seed_from_wordfreq_pt
wfpt-01316,dúvida,,,1358,,seed_from_wordfreq_pt
wfpt-01317,ficam,,,1359,,seed_from_wordfreq_pt
wfpt-01318,fontes,,,1360,,seed_from_wordfreq_pt
wfpt-01319,jogadores,,,1361,,seed_from_wordfreq_pt
wfpt-01320,juiz,,,1362,,seed_from_wordfreq_pt
wfpt-01321,meninas,,,1363,,seed_from_wordfreq_pt
wfpt-01322,mesa,,,1364,,seed_from_wordfreq_pt
wfpt-01323,mesmos,,,1365,,seed_from_wordfreq_pt
wfpt-01324,naquele,,,1366,,seed_from_wordfreq_pt
wfpt-01325,negro,,,1367,,seed_from_wordfreq_pt
wfpt-01326,paris,,,1368,,seed_from_wordfreq_pt
wfpt-01327,participantes,,,1369,,seed_from_wordfreq_pt
wfpt-01328,profissionais,,,1370,,seed_from_wordfreq_pt
wfpt-01329,quantidade,,,1371,,seed_from_wordfreq_pt
wfpt-01330,roupa,,,1372,,seed_from_wordfreq_pt
wfpt-01331,rússia,,,1373,,seed_from_wordfreq_pt
wfpt-01332,solução,,,1374,,seed_from_wordfreq_pt
wfpt-01333,web,,,1375,,seed_from_wordfreq_pt
wfpt-01334,advogado,,,1377,,seed_from_wordfreq_pt
wfpt-01335,afirma,,,1378,,seed_from_wordfreq_pt
wfpt-01336,afirmou,,,1379,,seed_from_wordfreq_pt
wfpt-01337,alvo,,,1380,,seed_from_wordfreq_pt
wfpt-01338,banho,,,1381,,seed_from_wordfreq_pt
wfpt-01339,batalha,,,1382,,seed_from_wordfreq_pt
wfpt-01340,campos,,,1383,,seed_from_wordfreq_pt
wfpt-01341,combate,,,1384,,seed_from_wordfreq_pt
wfpt-01342,comércio,,,1385,,seed_from_wordfreq_pt
wfpt-01343,contou,,,1386,,seed_from_wordfreq_pt
wfpt-01344,daí,,,1387,,seed_from_wordfreq_pt
wfpt-01345,destes,,,1388,,seed_from_wordfreq_pt
wfpt-01346,drogas,,,1389,,seed_from_wordfreq_pt
wfpt-01347,dê,,,1390,,seed_from_wordfreq_pt
wfpt-01348,eduardo,,,1391,,seed_from_wordfreq_pt
wfpt-01349,enorme,,,1392,,seed_from_wordfreq_pt
wfpt-01350,entra,,,1393,,seed_from_wordfreq_pt
wfpt-01351,estudantes,,,1394,,seed_from_wordfreq_pt
wfpt-01352,face,,,1395,,seed_from_wordfreq_pt
wfpt-01353,falei,,,1396,,seed_from_wordfreq_pt
wfpt-01354,ficando,,,1397,,seed_from_wordfreq_pt
wfpt-01355,fique,,,1398,,seed_from_wordfreq_pt
wfpt-01356,física,,,1399,,seed_from_wordfreq_pt
wfpt-01357,graça,,,1400,,seed_from_wordfreq_pt
wfpt-01358,ii,,,1401,,seed_from_wordfreq_pt
wfpt-01359,instituições,,,1402,,seed_from_wordfreq_pt
wfpt-01360,particular,,,1403,,seed_from_wordfreq_pt
wfpt-01361,partida,,,1404,,seed_from_wordfreq_pt
wfpt-01362,poderá,,,1405,,seed_from_wordfreq_pt
wfpt-01363,provas,,,1406,,seed_from_wordfreq_pt
wfpt-01364,regiões,,,1408,,seed_from_wordfreq_pt
wfpt-01365,ruas,,,1409,,seed_from_wordfreq_pt
wfpt-01366,seguro,,,1410,,seed_from_wordfreq_pt
wfpt-01367,silêncio,,,1411,,seed_from_wordfreq_pt
wfpt-01368,teste,,,1412,,seed_from_wordfreq_pt
wfpt-01369,técnico,,,1413,,seed_from_wordfreq_pt
wfpt-01370,violência,,,1414,,seed_from_wordfreq_pt
wfpt-01371,voto,,,1415,,seed_from_wordfreq_pt
wfpt-01372,ótimo,,,1417,,seed_from_wordfreq_pt
wfpt-01373,adoro,,,1418,,seed_from_wordfreq_pt
wfpt-01374,apresentar,,,1419,,seed_from_wordfreq_pt
wfpt-01375,aulas,,,1420,,seed_from_wordfreq_pt
wfpt-01376,auto,,,1421,,seed_from_wordfreq_pt
wfpt-01377,bahia,,,1422,,seed_from_wordfreq_pt
wfpt-01378,brasília,,,1423,,seed_from_wordfreq_pt
wfpt-01379,cheio,,,1424,,seed_from_wordfreq_pt
wfpt-01380,comando,,,1425,,seed_from_wordfreq_pt
wfpt-01381,decidiu,,,1426,,seed_from_wordfreq_pt
wfpt-01382,deixando,,,1427,,seed_from_wordfreq_pt
wfpt-01383,destaque,,,1428,,seed_from_wordfreq_pt
wfpt-01384,entendo,,,1429,,seed_from_wordfreq_pt
wfpt-01385,fazia,,,1431,,seed_from_wordfreq_pt
wfpt-01386,frio,,,1432,,seed_from_wordfreq_pt
wfpt-01387,ideias,,,1434,,seed_from_wordfreq_pt
wfpt-01388,ligação,,,1435,,seed_from_wordfreq_pt
wfpt-01389,mata,,,1436,,seed_from_wordfreq_pt
wfpt-01390,menino,,,1437,,seed_from_wordfreq_pt
wfpt-01391,michael,,,1438,,seed_from_wordfreq_pt
wfpt-01392,motivos,,,1439,,seed_from_wordfreq_pt
wfpt-01393,my,,,1440,,seed_from_wordfreq_pt
wfpt-01394,nisso,,,1441,,seed_from_wordfreq_pt
wfpt-01395,obter,,,1442,,seed_from_wordfreq_pt
wfpt-01396,oficiais,,,1443,,seed_from_wordfreq_pt
wfpt-01397,procurar,,,1444,,seed_from_wordfreq_pt
wfpt-01398,proteger,,,1445,,seed_from_wordfreq_pt
wfpt-01399,pt,,,1446,,seed_from_wordfreq_pt
wfpt-01400,públicas,,,1447,,seed_from_wordfreq_pt
wfpt-01401,referência,,,1448,,seed_from_wordfreq_pt
wfpt-01402,salvador,,,1449,,seed_from_wordfreq_pt
wfpt-01403,serra,,,1450,,seed_from_wordfreq_pt
wfpt-01404,solo,,,1451,,seed_from_wordfreq_pt
wfpt-01405,tradicional,,,1452,,seed_from_wordfreq_pt
wfpt-01406,valores,,,1453,,seed_from_wordfreq_pt
wfpt-01407,ama,,,1454,,seed_from_wordfreq_pt
wfpt-01408,artista,,,1455,,seed_from_wordfreq_pt
wfpt-01409,assistir,,,1456,,seed_from_wordfreq_pt
wfpt-01410,at,,,1457,,seed_from_wordfreq_pt
wfpt-01411,atividade,,,1458,,seed_from_wordfreq_pt
wfpt-01412,bonita,,,1459,,seed_from_wordfreq_pt
wfpt-01413,cargo,,,1460,,seed_from_wordfreq_pt
wfpt-01414,carros,,,1461,,seed_from_wordfreq_pt
wfpt-01415,dança,,,1462,,seed_from_wordfreq_pt
wfpt-01416,descobrir,,,1463,,seed_from_wordfreq_pt
wfpt-01417,explicar,,,1464,,seed_from_wordfreq_pt
wfpt-01418,feitas,,,1465,,seed_from_wordfreq_pt
wfpt-01419,horário,,,1466,,seed_from_wordfreq_pt
wfpt-01420,internacionais,,,1467,,seed_from_wordfreq_pt
wfpt-01421,lima,,,1468,,seed_from_wordfreq_pt
wfpt-01422,medidas,,,1469,,seed_from_wordfreq_pt
wfpt-01423,mestre,,,1470,,seed_from_wordfreq_pt
wfpt-01424,padrão,,,1471,,seed_from_wordfreq_pt
wfpt-01425,prazer,,,1472,,seed_from_wordfreq_pt
wfpt-01426,prefeitura,,,1473,,seed_from_wordfreq_pt
wfpt-01427,reforma,,,1474,,seed_from_wordfreq_pt
wfpt-01428,representa,,,1475,,seed_from_wordfreq_pt
wfpt-01429,resolver,,,1476,,seed_from_wordfreq_pt
wfpt-01430,roupas,,,1477,,seed_from_wordfreq_pt
wfpt-01431,so,,,1478,,seed_from_wordfreq_pt
wfpt-01432,tanta,,,1479,,seed_from_wordfreq_pt
wfpt-01433,tiro,,,1480,,seed_from_wordfreq_pt
wfpt-01434,trabalha,,,1481,,seed_from_wordfreq_pt
wfpt-01435,velocidade,,,1482,,seed_from_wordfreq_pt
wfpt-01436,aquelas,,,1483,,seed_from_wordfreq_pt
wfpt-01437,buscar,,,1484,,seed_from_wordfreq_pt
wfpt-01438,consegui,,,1485,,seed_from_wordfreq_pt
wfpt-01439,deputados,,,1486,,seed_from_wordfreq_pt
wfpt-01440,diretamente,,,1487,,seed_from_wordfreq_pt
wfpt-01441,diário,,,1488,,seed_from_wordfreq_pt
wfpt-01442,existência,,,1489,,seed_from_wordfreq_pt
wfpt-01443,explica,,,1490,,seed_from_wordfreq_pt
wfpt-01444,foco,,,1491,,seed_from_wordfreq_pt
wfpt-01445,geralmente,,,1492,,seed_from_wordfreq_pt
wfpt-01446,google,,,1493,,seed_from_wordfreq_pt
wfpt-01447,humana,,,1494,,seed_from_wordfreq_pt
wfpt-01448,jardim,,,1495,,seed_from_wordfreq_pt
wfpt-01449,link,,,1496,,seed_from_wordfreq_pt
wfpt-01450,luiz,,,1497,,seed_from_wordfreq_pt
wfpt-01451,melhorar,,,1498,,seed_from_wordfreq_pt
wfpt-01452,nasceu,,,1499,,seed_from_wordfreq_pt
wfpt-01453,nove,,,1500,,seed_from_wordfreq_pt
wfpt-01454,opção,,,1501,,seed_from_wordfreq_pt
wfpt-01455,passagem,,,1502,,seed_from_wordfreq_pt
wfpt-01456,perceber,,,1503,,seed_from_wordfreq_pt
wfpt-01457,personagem,,,1504,,seed_from_wordfreq_pt
wfpt-01458,príncipe,,,1505,,seed_from_wordfreq_pt
wfpt-01459,puta,,,1506,,seed_from_wordfreq_pt
wfpt-01460,regime,,,1507,,seed_from_wordfreq_pt
wfpt-01461,regional,,,1508,,seed_from_wordfreq_pt
wfpt-01462,responder,,,1509,,seed_from_wordfreq_pt
wfpt-01463,sonhos,,,1510,,seed_from_wordfreq_pt
wfpt-01464,sozinha,,,1511,,seed_from_wordfreq_pt
wfpt-01465,terras,,,1512,,seed_from_wordfreq_pt
wfpt-01466,torno,,,1513,,seed_from_wordfreq_pt
wfpt-01467,trabalhando,,,1514,,seed_from_wordfreq_pt
wfpt-01468,vim,,,1515,,seed_from_wordfreq_pt
wfpt-01469,viva,,,1516,,seed_from_wordfreq_pt
wfpt-01470,vá,,,1517,,seed_from_wordfreq_pt
wfpt-01471,afinal,,,1518,,seed_from_wordfreq_pt
wfpt-01472,alegre,,,1519,,seed_from_wordfreq_pt
wfpt-01473,aproximadamente,,,1520,,seed_from_wordfreq_pt
wfpt-01474,beber,,,1521,,seed_from_wordfreq_pt
wfpt-01475,cair,,,1522,,seed_from_wordfreq_pt
wfpt-01476,campeonato,,,1523,,seed_from_wordfreq_pt
wfpt-01477,chegando,,,1524,,seed_from_wordfreq_pt
wfpt-01478,clima,,,1525,,seed_from_wordfreq_pt
wfpt-01479,completa,,,1526,,seed_from_wordfreq_pt
wfpt-01480,conceito,,,1527,,seed_from_wordfreq_pt
wfpt-01481,crítica,,,1528,,seed_from_wordfreq_pt
wfpt-01482,daniel,,,1529,,seed_from_wordfreq_pt
wfpt-01483,daquele,,,1530,,seed_from_wordfreq_pt
wfpt-01484,detalhes,,,1531,,seed_from_wordfreq_pt
wfpt-01485,doce,,,1532,,seed_from_wordfreq_pt
wfpt-01486,efeitos,,,1533,,seed_from_wordfreq_pt
wfpt-01487,espanhol,,,1534,,seed_from_wordfreq_pt
wfpt-01488,famoso,,,1535,,seed_from_wordfreq_pt
wfpt-01489,funciona,,,1536,,seed_from_wordfreq_pt
wfpt-01490,fundação,,,1537,,seed_from_wordfreq_pt
wfpt-01491,gay,,,1538,,seed_from_wordfreq_pt
wfpt-01492,jornalista,,,1539,,seed_from_wordfreq_pt
wfpt-01493,lançou,,,1540,,seed_from_wordfreq_pt
wfpt-01494,londres,,,1541,,seed_from_wordfreq_pt
wfpt-01495,médicos,,,1542,,seed_from_wordfreq_pt
wfpt-01496,mídia,,,1543,,seed_from_wordfreq_pt
wfpt-01497,nacionais,,,1544,,seed_from_wordfreq_pt
wfpt-01498,nações,,,1545,,seed_from_wordfreq_pt
wfpt-01499,oliveira,,,1546,,seed_from_wordfreq_pt
wfpt-01500,pequenos,,,1547,,seed_from_wordfreq_pt
wfpt-01501,perda,,,1548,,seed_from_wordfreq_pt
wfpt-01502,peso,,,1549,,seed_from_wordfreq_pt
wfpt-01503,presentes,,,1550,,seed_from_wordfreq_pt
wfpt-01504,rosa,,,1551,,seed_from_wordfreq_pt
wfpt-01505,segundos,,,1552,,seed_from_wordfreq_pt
wfpt-01506,termo,,,1553,,seed_from_wordfreq_pt
wfpt-01507,usuário,,,1554,,seed_from_wordfreq_pt
wfpt-01508,venha,,,1555,,seed_from_wordfreq_pt
wfpt-01509,antiga,,,1556,,seed_from_wordfreq_pt
wfpt-01510,anunciou,,,1557,,seed_from_wordfreq_pt
wfpt-01511,apareceu,,,1558,,seed_from_wordfreq_pt
wfpt-01512,artigos,,,1559,,seed_from_wordfreq_pt
wfpt-01513,aumentar,,,1560,,seed_from_wordfreq_pt
wfpt-01514,bebê,,,1561,,seed_from_wordfreq_pt
wfpt-01515,branca,,,1562,,seed_from_wordfreq_pt
wfpt-01516,chuva,,,1563,,seed_from_wordfreq_pt
wfpt-01517,compra,,,1564,,seed_from_wordfreq_pt
wfpt-01518,conforme,,,1565,,seed_from_wordfreq_pt
wfpt-01519,criada,,,1566,,seed_from_wordfreq_pt
wfpt-01520,der,,,1567,,seed_from_wordfreq_pt
wfpt-01521,devia,,,1568,,seed_from_wordfreq_pt
wfpt-01522,escritor,,,1569,,seed_from_wordfreq_pt
wfpt-01523,fronteira,,,1570,,seed_from_wordfreq_pt
wfpt-01524,funcionários,,,1571,,seed_from_wordfreq_pt
wfpt-01525,férias,,,1572,,seed_from_wordfreq_pt
wfpt-01526,garantir,,,1573,,seed_from_wordfreq_pt
wfpt-01527,jorge,,,1574,,seed_from_wordfreq_pt
wfpt-01528,lançado,,,1575,,seed_from_wordfreq_pt
wfpt-01529,literatura,,,1576,,seed_from_wordfreq_pt
wfpt-01530,madeira,,,1577,,seed_from_wordfreq_pt
wfpt-01531,máximo,,,1578,,seed_from_wordfreq_pt
wfpt-01532,nele,,,1579,,seed_from_wordfreq_pt
wfpt-01533,pede,,,1581,,seed_from_wordfreq_pt
wfpt-01534,pobre,,,1582,,seed_from_wordfreq_pt
wfpt-01535,possibilidade,,,1583,,seed_from_wordfreq_pt
wfpt-01536,próprios,,,1584,,seed_from_wordfreq_pt
wfpt-01537,publicação,,,1585,,seed_from_wordfreq_pt
wfpt-01538,quente,,,1586,,seed_from_wordfreq_pt
wfpt-01539,recentemente,,,1587,,seed_from_wordfreq_pt
wfpt-01540,sabemos,,,1588,,seed_from_wordfreq_pt
wfpt-01541,secretário,,,1589,,seed_from_wordfreq_pt
wfpt-01542,taxa,,,1590,,seed_from_wordfreq_pt
wfpt-01543,teatro,,,1591,,seed_from_wordfreq_pt
wfpt-01544,terça,,,1592,,seed_from_wordfreq_pt
wfpt-01545,universo,,,1593,,seed_from_wordfreq_pt
wfpt-01546,usada,,,1594,,seed_from_wordfreq_pt
wfpt-01547,álbum,,,1595,,seed_from_wordfreq_pt
wfpt-01548,acabei,,,1596,,seed_from_wordfreq_pt
wfpt-01549,aeroporto,,,1597,,seed_from_wordfreq_pt
wfpt-01550,by,,,1598,,seed_from_wordfreq_pt
wfpt-01551,caiu,,,1599,,seed_from_wordfreq_pt
wfpt-01552,calma,,,1600,,seed_from_wordfreq_pt
wfpt-01553,certamente,,,1601,,seed_from_wordfreq_pt
wfpt-01554,construir,,,1602,,seed_from_wordfreq_pt
wfpt-01555,coragem,,,1603,,seed_from_wordfreq_pt
wfpt-01556,correr,,,1604,,seed_from_wordfreq_pt
wfpt-01557,criou,,,1605,,seed_from_wordfreq_pt
wfpt-01558,cruz,,,1606,,seed_from_wordfreq_pt
wfpt-01559,câncer,,,1607,,seed_from_wordfreq_pt
wfpt-01560,dei,,,1608,,seed_from_wordfreq_pt
wfpt-01561,elementos,,,1609,,seed_from_wordfreq_pt
wfpt-01562,engraçado,,,1610,,seed_from_wordfreq_pt
wfpt-01563,expressão,,,1611,,seed_from_wordfreq_pt
wfpt-01564,fortes,,,1612,,seed_from_wordfreq_pt
wfpt-01565,gênero,,,1613,,seed_from_wordfreq_pt
wfpt-01566,haver,,,1614,,seed_from_wordfreq_pt
wfpt-01567,idéia,,,1615,,seed_from_wordfreq_pt
wfpt-01568,leis,,,1617,,seed_from_wordfreq_pt
wfpt-01569,li,,,1618,,seed_from_wordfreq_pt
wfpt-01570,lua,,,1619,,seed_from_wordfreq_pt
wfpt-01571,milhares,,,1620,,seed_from_wordfreq_pt
wfpt-01572,plataforma,,,1621,,seed_from_wordfreq_pt
wfpt-01573,próximos,,,1622,,seed_from_wordfreq_pt
wfpt-01574,queda,,,1623,,seed_from_wordfreq_pt
wfpt-01575,realizar,,,1624,,seed_from_wordfreq_pt
wfpt-01576,relacionamento,,,1625,,seed_from_wordfreq_pt
wfpt-01577,resistência,,,1626,,seed_from_wordfreq_pt
wfpt-01578,revolução,,,1627,,seed_from_wordfreq_pt
wfpt-01579,seguintes,,,1628,,seed_from_wordfreq_pt
wfpt-01580,setor,,,1629,,seed_from_wordfreq_pt
wfpt-01581,sexual,,,1630,,seed_from_wordfreq_pt
wfpt-01582,velha,,,1631,,seed_from_wordfreq_pt
wfpt-01583,youtube,,,1632,,seed_from_wordfreq_pt
wfpt-01584,agentes,,,1633,,seed_from_wordfreq_pt
wfpt-01585,campeão,,,1634,,seed_from_wordfreq_pt
wfpt-01586,candidatos,,,1635,,seed_from_wordfreq_pt
wfpt-01587,começaram,,,1636,,seed_from_wordfreq_pt
wfpt-01588,contexto,,,1637,,seed_from_wordfreq_pt
wfpt-01589,cujo,,,1638,,seed_from_wordfreq_pt
wfpt-01590,dentre,,,1639,,seed_from_wordfreq_pt
wfpt-01591,desafio,,,1640,,seed_from_wordfreq_pt
wfpt-01592,dão,,,1641,,seed_from_wordfreq_pt
wfpt-01593,eleitoral,,,1642,,seed_from_wordfreq_pt
wfpt-01594,eleição,,,1643,,seed_from_wordfreq_pt
wfpt-01595,escritório,,,1644,,seed_from_wordfreq_pt
wfpt-01596,estará,,,1645,,seed_from_wordfreq_pt
wfpt-01597,george,,,1646,,seed_from_wordfreq_pt
wfpt-01598,identidade,,,1647,,seed_from_wordfreq_pt
wfpt-01599,imediatamente,,,1648,,seed_from_wordfreq_pt
wfpt-01600,louco,,,1649,,seed_from_wordfreq_pt
wfpt-01601,mensagens,,,1650,,seed_from_wordfreq_pt
wfpt-01602,oeste,,,1651,,seed_from_wordfreq_pt
wfpt-01603,passaram,,,1652,,seed_from_wordfreq_pt
wfpt-01604,pedra,,,1653,,seed_from_wordfreq_pt
wfpt-01605,pele,,,1654,,seed_from_wordfreq_pt
wfpt-01606,pequenas,,,1655,,seed_from_wordfreq_pt
wfpt-01607,software,,,1656,,seed_from_wordfreq_pt
wfpt-01608,surpresa,,,1657,,seed_from_wordfreq_pt
wfpt-01609,tenta,,,1658,,seed_from_wordfreq_pt
wfpt-01610,tentativa,,,1659,,seed_from_wordfreq_pt
wfpt-01611,teoria,,,1660,,seed_from_wordfreq_pt
wfpt-01612,terceira,,,1661,,seed_from_wordfreq_pt
wfpt-01613,tocar,,,1662,,seed_from_wordfreq_pt
wfpt-01614,técnica,,,1663,,seed_from_wordfreq_pt
wfpt-01615,índia,,,1664,,seed_from_wordfreq_pt
wfpt-01616,academia,,,1665,,seed_from_wordfreq_pt
wfpt-01617,características,,,1666,,seed_from_wordfreq_pt
wfpt-01618,ciências,,,1667,,seed_from_wordfreq_pt
wfpt-01619,competição,,,1668,,seed_from_wordfreq_pt
wfpt-01620,comportamento,,,1669,,seed_from_wordfreq_pt
wfpt-01621,consciência,,,1670,,seed_from_wordfreq_pt
wfpt-01622,direto,,,1671,,seed_from_wordfreq_pt
wfpt-01623,entende,,,1672,,seed_from_wordfreq_pt
wfpt-01624,especiais,,,1673,,seed_from_wordfreq_pt
wfpt-01625,esquecer,,,1674,,seed_from_wordfreq_pt
wfpt-01626,exterior,,,1675,,seed_from_wordfreq_pt
wfpt-01627,fãs,,,1676,,seed_from_wordfreq_pt
wfpt-01628,gestão,,,1677,,seed_from_wordfreq_pt
wfpt-01629,gostei,,,1678,,seed_from_wordfreq_pt
wfpt-01630,inclui,,,1679,,seed_from_wordfreq_pt
wfpt-01631,influência,,,1680,,seed_from_wordfreq_pt
wfpt-01632,naturais,,,1681,,seed_from_wordfreq_pt
wfpt-01633,oh,,,1682,,seed_from_wordfreq_pt
wfpt-01634,operações,,,1683,,seed_from_wordfreq_pt
wfpt-01635,orgulho,,,1684,,seed_from_wordfreq_pt
wfpt-01636,portal,,,1685,,seed_from_wordfreq_pt
wfpt-01637,primeiras,,,1686,,seed_from_wordfreq_pt
wfpt-01638,promoção,,,1687,,seed_from_wordfreq_pt
wfpt-01639,prédio,,,1688,,seed_from_wordfreq_pt
wfpt-01640,quê,,,1689,,seed_from_wordfreq_pt
wfpt-01641,temas,,,1690,,seed_from_wordfreq_pt
wfpt-01642,verdadeira,,,1691,,seed_from_wordfreq_pt
wfpt-01643,vergonha,,,1692,,seed_from_wordfreq_pt
wfpt-01644,visitar,,,1693,,seed_from_wordfreq_pt
wfpt-01645,aberta,,,1694,,seed_from_wordfreq_pt
wfpt-01646,aceitar,,,1695,,seed_from_wordfreq_pt
wfpt-01647,alegria,,,1696,,seed_from_wordfreq_pt
wfpt-01648,animal,,,1697,,seed_from_wordfreq_pt
wfpt-01649,apresentação,,,1698,,seed_from_wordfreq_pt
wfpt-01650,autoridade,,,1699,,seed_from_wordfreq_pt
wfpt-01651,carne,,,1700,,seed_from_wordfreq_pt
wfpt-01652,clara,,,1701,,seed_from_wordfreq_pt
wfpt-01653,clique,,,1702,,seed_from_wordfreq_pt
wfpt-01654,confiança,,,1703,,seed_from_wordfreq_pt
wfpt-01655,corrida,,,1704,,seed_from_wordfreq_pt
wfpt-01656,cuidar,,,1705,,seed_from_wordfreq_pt
wfpt-01657,del,,,1706,,seed_from_wordfreq_pt
wfpt-01658,distribuição,,,1707,,seed_from_wordfreq_pt
wfpt-01659,dito,,,1708,,seed_from_wordfreq_pt
wfpt-01660,is,,,1709,,seed_from_wordfreq_pt
wfpt-01661,jamais,,,1710,,seed_from_wordfreq_pt
wfpt-01662,leite,,,1711,,seed_from_wordfreq_pt
wfpt-01663,levando,,,1712,,seed_from_wordfreq_pt
wfpt-01664,movimentos,,,1713,,seed_from_wordfreq_pt
wfpt-01665,ocorreu,,,1714,,seed_from_wordfreq_pt
wfpt-01666,olhando,,,1715,,seed_from_wordfreq_pt
wfpt-01667,paulista,,,1716,,seed_from_wordfreq_pt
wfpt-01668,pedindo,,,1717,,seed_from_wordfreq_pt
wfpt-01669,pensamento,,,1718,,seed_from_wordfreq_pt
wfpt-01670,personagens,,,1719,,seed_from_wordfreq_pt
wfpt-01671,policiais,,,1720,,seed_from_wordfreq_pt
wfpt-01672,possuem,,,1721,,seed_from_wordfreq_pt
wfpt-01673,posto,,,1722,,seed_from_wordfreq_pt
wfpt-01674,religião,,,1723,,seed_from_wordfreq_pt
wfpt-01675,rico,,,1724,,seed_from_wordfreq_pt
wfpt-01676,sentimentos,,,1725,,seed_from_wordfreq_pt
wfpt-01677,tantas,,,1726,,seed_from_wordfreq_pt
wfpt-01678,times,,,1727,,seed_from_wordfreq_pt
wfpt-01679,tratar,,,1728,,seed_from_wordfreq_pt
wfpt-01680,unidades,,,1729,,seed_from_wordfreq_pt
wfpt-01681,veículos,,,1730,,seed_from_wordfreq_pt
wfpt-01682,world,,,1731,,seed_from_wordfreq_pt
wfpt-01683,alemanha,,,1732,,seed_from_wordfreq_pt
wfpt-01684,assuntos,,,1733,,seed_from_wordfreq_pt
wfpt-01685,autores,,,1734,,seed_from_wordfreq_pt
wfpt-01686,banheiro,,,1735,,seed_from_wordfreq_pt
wfpt-01687,caras,,,1736,,seed_from_wordfreq_pt
wfpt-01688,chamou,,,1737,,seed_from_wordfreq_pt
wfpt-01689,contigo,,,1738,,seed_from_wordfreq_pt
wfpt-01690,costas,,,1739,,seed_from_wordfreq_pt
wfpt-01691,cozinha,,,1740,,seed_from_wordfreq_pt
wfpt-01692,encontrado,,,1741,,seed_from_wordfreq_pt
wfpt-01693,escrita,,,1742,,seed_from_wordfreq_pt
wfpt-01694,feitos,,,1743,,seed_from_wordfreq_pt
wfpt-01695,flores,,,1744,,seed_from_wordfreq_pt
wfpt-01696,floresta,,,1745,,seed_from_wordfreq_pt
wfpt-01697,gol,,,1746,,seed_from_wordfreq_pt
wfpt-01698,golpe,,,1747,,seed_from_wordfreq_pt
wfpt-01699,gás,,,1748,,seed_from_wordfreq_pt
wfpt-01700,impacto,,,1749,,seed_from_wordfreq_pt
wfpt-01701,julgamento,,,1750,,seed_from_wordfreq_pt
wfpt-01702,ligar,,,1751,,seed_from_wordfreq_pt
wfpt-01703,lutar,,,1752,,seed_from_wordfreq_pt
wfpt-01704,mandar,,,1753,,seed_from_wordfreq_pt
wfpt-01705,marco,,,1754,,seed_from_wordfreq_pt
wfpt-01706,moral,,,1755,,seed_from_wordfreq_pt
wfpt-01707,professora,,,1756,,seed_from_wordfreq_pt
wfpt-01708,pés,,,1757,,seed_from_wordfreq_pt
wfpt-01709,recebe,,,1758,,seed_from_wordfreq_pt
wfpt-01710,reconhecimento,,,1759,,seed_from_wordfreq_pt
wfpt-01711,seguindo,,,1760,,seed_from_wordfreq_pt
wfpt-01712,serve,,,1761,,seed_from_wordfreq_pt
wfpt-01713,terem,,,1762,,seed_from_wordfreq_pt
wfpt-01714,venda,,,1763,,seed_from_wordfreq_pt
wfpt-01715,video,,,1764,,seed_from_wordfreq_pt
wfpt-01716,volume,,,1765,,seed_from_wordfreq_pt
wfpt-01717,acham,,,1766,,seed_from_wordfreq_pt
wfpt-01718,alimentos,,,1767,,seed_from_wordfreq_pt
wfpt-01719,capitão,,,1768,,seed_from_wordfreq_pt
wfpt-01720,cartão,,,1769,,seed_from_wordfreq_pt
wfpt-01721,cheia,,,1770,,seed_from_wordfreq_pt
wfpt-01722,comecei,,,1771,,seed_from_wordfreq_pt
wfpt-01723,cuja,,,1772,,seed_from_wordfreq_pt
wfpt-01724,custo,,,1773,,seed_from_wordfreq_pt
wfpt-01725,distrito,,,1774,,seed_from_wordfreq_pt
wfpt-01726,década,,,1775,,seed_from_wordfreq_pt
wfpt-01727,econômica,,,1776,,seed_from_wordfreq_pt
wfpt-01728,enviar,,,1777,,seed_from_wordfreq_pt
wfpt-01729,equipa,,,1778,,seed_from_wordfreq_pt
wfpt-01730,estádio,,,1779,,seed_from_wordfreq_pt
wfpt-01731,facto,,,1780,,seed_from_wordfreq_pt
wfpt-01732,faixa,,,1781,,seed_from_wordfreq_pt
wfpt-01733,ganha,,,1783,,seed_from_wordfreq_pt
wfpt-01734,harry,,,1784,,seed_from_wordfreq_pt
wfpt-01735,irão,,,1785,,seed_from_wordfreq_pt
wfpt-01736,linguagem,,,1787,,seed_from_wordfreq_pt
wfpt-01737,matemática,,,1788,,seed_from_wordfreq_pt
wfpt-01738,meios,,,1789,,seed_from_wordfreq_pt
wfpt-01739,máquina,,,1790,,seed_from_wordfreq_pt
wfpt-01740,namorado,,,1791,,seed_from_wordfreq_pt
wfpt-01741,ouvi,,,1792,,seed_from_wordfreq_pt
wfpt-01742,palco,,,1793,,seed_from_wordfreq_pt
wfpt-01743,parecer,,,1794,,seed_from_wordfreq_pt
wfpt-01744,peças,,,1795,,seed_from_wordfreq_pt
wfpt-01745,prazo,,,1796,,seed_from_wordfreq_pt
wfpt-01746,princesa,,,1797,,seed_from_wordfreq_pt
wfpt-01747,processos,,,1798,,seed_from_wordfreq_pt
wfpt-01748,ricardo,,,1799,,seed_from_wordfreq_pt
wfpt-01749,sensação,,,1800,,seed_from_wordfreq_pt
wfpt-01750,vítimas,,,1801,,seed_from_wordfreq_pt
wfpt-01751,ótima,,,1802,,seed_from_wordfreq_pt
wfpt-01752,abre,,,1803,,seed_from_wordfreq_pt
wfpt-01753,aparecer,,,1804,,seed_from_wordfreq_pt
wfpt-01754,assassinato,,,1805,,seed_from_wordfreq_pt
wfpt-01755,assembleia,,,1806,,seed_from_wordfreq_pt
wfpt-01756,bater,,,1807,,seed_from_wordfreq_pt
wfpt-01757,bilhões,,,1808,,seed_from_wordfreq_pt
wfpt-01758,comuns,,,1809,,seed_from_wordfreq_pt
wfpt-01759,depende,,,1810,,seed_from_wordfreq_pt
wfpt-01760,devemos,,,1811,,seed_from_wordfreq_pt
wfpt-01761,domínio,,,1812,,seed_from_wordfreq_pt
wfpt-01762,estrelas,,,1813,,seed_from_wordfreq_pt
wfpt-01763,ficaram,,,1814,,seed_from_wordfreq_pt
wfpt-01764,humor,,,1815,,seed_from_wordfreq_pt
wfpt-01765,iniciativa,,,1816,,seed_from_wordfreq_pt
wfpt-01766,leia,,,1817,,seed_from_wordfreq_pt
wfpt-01767,limites,,,1818,,seed_from_wordfreq_pt
wfpt-01768,linhas,,,1819,,seed_from_wordfreq_pt
wfpt-01769,maravilhoso,,,1820,,seed_from_wordfreq_pt
wfpt-01770,mato,,,1821,,seed_from_wordfreq_pt
wfpt-01771,museu,,,1822,,seed_from_wordfreq_pt
wfpt-01772,namorada,,,1823,,seed_from_wordfreq_pt
wfpt-01773,nascimento,,,1824,,seed_from_wordfreq_pt
wfpt-01774,oferecer,,,1825,,seed_from_wordfreq_pt
wfpt-01775,possam,,,1826,,seed_from_wordfreq_pt
wfpt-01776,procurando,,,1827,,seed_from_wordfreq_pt
wfpt-01777,programação,,,1828,,seed_from_wordfreq_pt
wfpt-01778,páginas,,,1829,,seed_from_wordfreq_pt
wfpt-01779,sessão,,,1830,,seed_from_wordfreq_pt
wfpt-01780,soldados,,,1831,,seed_from_wordfreq_pt
wfpt-01781,terminar,,,1832,,seed_from_wordfreq_pt
wfpt-01782,vencer,,,1833,,seed_from_wordfreq_pt
wfpt-01783,agente,,,1834,,seed_from_wordfreq_pt
wfpt-01784,almoço,,,1835,,seed_from_wordfreq_pt
wfpt-01785,ambiental,,,1836,,seed_from_wordfreq_pt
wfpt-01786,bela,,,1837,,seed_from_wordfreq_pt
wfpt-01787,cadeia,,,1838,,seed_from_wordfreq_pt
wfpt-01788,calor,,,1839,,seed_from_wordfreq_pt
wfpt-01789,capa,,,1840,,seed_from_wordfreq_pt
wfpt-01790,cenas,,,1841,,seed_from_wordfreq_pt
wfpt-01791,chegada,,,1842,,seed_from_wordfreq_pt
wfpt-01792,crimes,,,1843,,seed_from_wordfreq_pt
wfpt-01793,curta,,,1844,,seed_from_wordfreq_pt
wfpt-01794,discurso,,,1845,,seed_from_wordfreq_pt
wfpt-01795,estudar,,,1846,,seed_from_wordfreq_pt
wfpt-01796,homenagem,,,1847,,seed_from_wordfreq_pt
wfpt-01797,live,,,1848,,seed_from_wordfreq_pt
wfpt-01798,love,,,1849,,seed_from_wordfreq_pt
wfpt-01799,mail,,,1850,,seed_from_wordfreq_pt
wfpt-01800,mandou,,,1851,,seed_from_wordfreq_pt
wfpt-01801,mantém,,,1852,,seed_from_wordfreq_pt
wfpt-01802,mapa,,,1853,,seed_from_wordfreq_pt
wfpt-01803,medicina,,,1854,,seed_from_wordfreq_pt
wfpt-01804,merece,,,1855,,seed_from_wordfreq_pt
wfpt-01805,né,,,1856,,seed_from_wordfreq_pt
wfpt-01806,ocorre,,,1857,,seed_from_wordfreq_pt
wfpt-01807,pessoais,,,1858,,seed_from_wordfreq_pt
wfpt-01808,ponte,,,1859,,seed_from_wordfreq_pt
wfpt-01809,portas,,,1860,,seed_from_wordfreq_pt
wfpt-01810,produto,,,1861,,seed_from_wordfreq_pt
wfpt-01811,promover,,,1862,,seed_from_wordfreq_pt
wfpt-01812,quantos,,,1863,,seed_from_wordfreq_pt
wfpt-01813,reação,,,1864,,seed_from_wordfreq_pt
wfpt-01814,salvar,,,1865,,seed_from_wordfreq_pt
wfpt-01815,sentimento,,,1866,,seed_from_wordfreq_pt
wfpt-01816,sr,,,1867,,seed_from_wordfreq_pt
wfpt-01817,tentou,,,1868,,seed_from_wordfreq_pt
wfpt-01818,textos,,,1869,,seed_from_wordfreq_pt
wfpt-01819,toma,,,1870,,seed_from_wordfreq_pt
wfpt-01820,tornando,,,1871,,seed_from_wordfreq_pt
wfpt-01821,trouxe,,,1872,,seed_from_wordfreq_pt
wfpt-01822,autoridades,,,1874,,seed_from_wordfreq_pt
wfpt-01823,avenida,,,1875,,seed_from_wordfreq_pt
wfpt-01824,comentário,,,1876,,seed_from_wordfreq_pt
wfpt-01825,concurso,,,1877,,seed_from_wordfreq_pt
wfpt-01826,contém,,,1878,,seed_from_wordfreq_pt
wfpt-01827,desenho,,,1879,,seed_from_wordfreq_pt
wfpt-01828,divulgação,,,1880,,seed_from_wordfreq_pt
wfpt-01829,dou,,,1881,,seed_from_wordfreq_pt
wfpt-01830,enfim,,,1882,,seed_from_wordfreq_pt
wfpt-01831,estaria,,,1883,,seed_from_wordfreq_pt
wfpt-01832,exposição,,,1884,,seed_from_wordfreq_pt
wfpt-01833,ferramentas,,,1885,,seed_from_wordfreq_pt
wfpt-01834,formato,,,1886,,seed_from_wordfreq_pt
wfpt-01835,fotografia,,,1887,,seed_from_wordfreq_pt
wfpt-01836,gostar,,,1888,,seed_from_wordfreq_pt
wfpt-01837,inicial,,,1889,,seed_from_wordfreq_pt
wfpt-01838,instituição,,,1890,,seed_from_wordfreq_pt
wfpt-01839,intenção,,,1891,,seed_from_wordfreq_pt
wfpt-01840,itália,,,1892,,seed_from_wordfreq_pt
wfpt-01841,james,,,1893,,seed_from_wordfreq_pt
wfpt-01842,marcelo,,,1894,,seed_from_wordfreq_pt
wfpt-01843,milhão,,,1895,,seed_from_wordfreq_pt
wfpt-01844,municípios,,,1896,,seed_from_wordfreq_pt
wfpt-01845,notas,,,1897,,seed_from_wordfreq_pt
wfpt-01846,organizações,,,1899,,seed_from_wordfreq_pt
wfpt-01847,passei,,,1900,,seed_from_wordfreq_pt
wfpt-01848,perguntar,,,1901,,seed_from_wordfreq_pt
wfpt-01849,perigo,,,1902,,seed_from_wordfreq_pt
wfpt-01850,pista,,,1903,,seed_from_wordfreq_pt
wfpt-01851,potencial,,,1904,,seed_from_wordfreq_pt
wfpt-01852,princípio,,,1905,,seed_from_wordfreq_pt
wfpt-01853,raiva,,,1906,,seed_from_wordfreq_pt
wfpt-01854,sites,,,1907,,seed_from_wordfreq_pt
wfpt-01855,sítio,,,1908,,seed_from_wordfreq_pt
wfpt-01856,tantos,,,1909,,seed_from_wordfreq_pt
wfpt-01857,top,,,1910,,seed_from_wordfreq_pt
wfpt-01858,vender,,,1911,,seed_from_wordfreq_pt
wfpt-01859,apartamento,,,1912,,seed_from_wordfreq_pt
wfpt-01860,arma,,,1913,,seed_from_wordfreq_pt
wfpt-01861,cenário,,,1914,,seed_from_wordfreq_pt
wfpt-01862,clientes,,,1915,,seed_from_wordfreq_pt
wfpt-01863,complexo,,,1916,,seed_from_wordfreq_pt
wfpt-01864,conferência,,,1917,,seed_from_wordfreq_pt
wfpt-01865,confira,,,1918,,seed_from_wordfreq_pt
wfpt-01866,deram,,,1919,,seed_from_wordfreq_pt
wfpt-01867,discutir,,,1920,,seed_from_wordfreq_pt
wfpt-01868,dom,,,1921,,seed_from_wordfreq_pt
wfpt-01869,en,,,1922,,seed_from_wordfreq_pt
wfpt-01870,erros,,,1923,,seed_from_wordfreq_pt
wfpt-01871,esforço,,,1924,,seed_from_wordfreq_pt
wfpt-01872,europeia,,,1925,,seed_from_wordfreq_pt
wfpt-01873,excelente,,,1926,,seed_from_wordfreq_pt
wfpt-01874,falam,,,1927,,seed_from_wordfreq_pt
wfpt-01875,faria,,,1928,,seed_from_wordfreq_pt
wfpt-01876,figura,,,1929,,seed_from_wordfreq_pt
wfpt-01877,folha,,,1930,,seed_from_wordfreq_pt
wfpt-01878,habitantes,,,1931,,seed_from_wordfreq_pt
wfpt-01879,infância,,,1932,,seed_from_wordfreq_pt
wfpt-01880,israel,,,1933,,seed_from_wordfreq_pt
wfpt-01881,it,,,1934,,seed_from_wordfreq_pt
wfpt-01882,marcos,,,1935,,seed_from_wordfreq_pt
wfpt-01883,mau,,,1936,,seed_from_wordfreq_pt
wfpt-01884,naquela,,,1937,,seed_from_wordfreq_pt
wfpt-01885,nela,,,1938,,seed_from_wordfreq_pt
wfpt-01886,oferece,,,1939,,seed_from_wordfreq_pt
wfpt-01887,peter,,,1940,,seed_from_wordfreq_pt
wfpt-01888,precisar,,,1941,,seed_from_wordfreq_pt
wfpt-01889,pão,,,1942,,seed_from_wordfreq_pt
wfpt-01890,querido,,,1943,,seed_from_wordfreq_pt
wfpt-01891,reserva,,,1944,,seed_from_wordfreq_pt
wfpt-01892,respostas,,,1945,,seed_from_wordfreq_pt
wfpt-01893,roberto,,,1946,,seed_from_wordfreq_pt
wfpt-01894,russo,,,1947,,seed_from_wordfreq_pt
wfpt-01895,san,,,1948,,seed_from_wordfreq_pt
wfpt-01896,segura,,,1949,,seed_from_wordfreq_pt
wfpt-01897,sinais,,,1950,,seed_from_wordfreq_pt
wfpt-01898,socorro,,,1951,,seed_from_wordfreq_pt
wfpt-01899,tela,,,1952,,seed_from_wordfreq_pt
wfpt-01900,tira,,,1953,,seed_from_wordfreq_pt
wfpt-01901,vento,,,1954,,seed_from_wordfreq_pt
wfpt-01902,anti,,,1955,,seed_from_wordfreq_pt
wfpt-01903,arquivos,,,1956,,seed_from_wordfreq_pt
wfpt-01904,atitude,,,1957,,seed_from_wordfreq_pt
wfpt-01905,baseado,,,1958,,seed_from_wordfreq_pt
wfpt-01906,bateria,,,1959,,seed_from_wordfreq_pt
wfpt-01907,casar,,,1960,,seed_from_wordfreq_pt
wfpt-01908,chegaram,,,1961,,seed_from_wordfreq_pt
wfpt-01909,cobertura,,,1962,,seed_from_wordfreq_pt
wfpt-01910,completo,,,1963,,seed_from_wordfreq_pt
wfpt-01911,corpos,,,1964,,seed_from_wordfreq_pt
wfpt-01912,crescer,,,1965,,seed_from_wordfreq_pt
wfpt-01913,críticas,,,1966,,seed_from_wordfreq_pt
wfpt-01914,declaração,,,1967,,seed_from_wordfreq_pt
wfpt-01915,destas,,,1968,,seed_from_wordfreq_pt
wfpt-01916,diga,,,1969,,seed_from_wordfreq_pt
wfpt-01917,discussão,,,1970,,seed_from_wordfreq_pt
wfpt-01918,documento,,,1971,,seed_from_wordfreq_pt
wfpt-01919,dono,,,1972,,seed_from_wordfreq_pt
wfpt-01920,emergência,,,1973,,seed_from_wordfreq_pt
wfpt-01921,encontram,,,1974,,seed_from_wordfreq_pt
wfpt-01922,estrela,,,1975,,seed_from_wordfreq_pt
wfpt-01923,experiências,,,1976,,seed_from_wordfreq_pt
wfpt-01924,extremamente,,,1977,,seed_from_wordfreq_pt
wfpt-01925,fechar,,,1978,,seed_from_wordfreq_pt
wfpt-01926,fundamental,,,1979,,seed_from_wordfreq_pt
wfpt-01927,independência,,,1980,,seed_from_wordfreq_pt
wfpt-01928,leão,,,1981,,seed_from_wordfreq_pt
wfpt-01929,localização,,,1982,,seed_from_wordfreq_pt
wfpt-01930,mínimo,,,1983,,seed_from_wordfreq_pt
wfpt-01931,negra,,,1984,,seed_from_wordfreq_pt
wfpt-01932,paul,,,1985,,seed_from_wordfreq_pt
wfpt-01933,perdi,,,1986,,seed_from_wordfreq_pt
wfpt-01934,pesquisas,,,1987,,seed_from_wordfreq_pt
wfpt-01935,poderiam,,,1988,,seed_from_wordfreq_pt
wfpt-01936,presidência,,,1989,,seed_from_wordfreq_pt
wfpt-01937,preços,,,1990,,seed_from_wordfreq_pt
wfpt-01938,quadro,,,1991,,seed_from_wordfreq_pt
wfpt-01939,quantas,,,1992,,seed_from_wordfreq_pt
wfpt-01940,raio,,,1993,,seed_from_wordfreq_pt
wfpt-01941,refere,,,1994,,seed_from_wordfreq_pt
wfpt-01942,rica,,,1995,,seed_from_wordfreq_pt
wfpt-01943,senado,,,1996,,seed_from_wordfreq_pt
wfpt-01944,senador,,,1997,,seed_from_wordfreq_pt
wfpt-01945,transmissão,,,1998,,seed_from_wordfreq_pt
wfpt-01946,viajar,,,2000,,seed_from_wordfreq_pt
wfpt-01947,all,,,2001,,seed_from_wordfreq_pt
wfpt-01948,apresentou,,,2002,,seed_from_wordfreq_pt
wfpt-01949,audiência,,,2003,,seed_from_wordfreq_pt
wfpt-01950,br,,,2004,,seed_from_wordfreq_pt
wfpt-01951,co,,,2005,,seed_from_wordfreq_pt
wfpt-01952,conseguem,,,2006,,seed_from_wordfreq_pt
wfpt-01953,defender,,,2007,,seed_from_wordfreq_pt
wfpt-01954,desempenho,,,2008,,seed_from_wordfreq_pt
wfpt-01955,dizia,,,2009,,seed_from_wordfreq_pt
wfpt-01956,encontrou,,,2010,,seed_from_wordfreq_pt
wfpt-01957,engenharia,,,2011,,seed_from_wordfreq_pt
wfpt-01958,fomos,,,2012,,seed_from_wordfreq_pt
wfpt-01959,from,,,2013,,seed_from_wordfreq_pt
wfpt-01960,grau,,,2014,,seed_from_wordfreq_pt
wfpt-01961,inferno,,,2015,,seed_from_wordfreq_pt
wfpt-01962,le,,,2016,,seed_from_wordfreq_pt
wfpt-01963,morta,,,2017,,seed_from_wordfreq_pt
wfpt-01964,musical,,,2018,,seed_from_wordfreq_pt
wfpt-01965,odeio,,,2019,,seed_from_wordfreq_pt
wfpt-01966,parede,,,2020,,seed_from_wordfreq_pt
wfpt-01967,perfeita,,,2021,,seed_from_wordfreq_pt
wfpt-01968,posse,,,2022,,seed_from_wordfreq_pt
wfpt-01969,poucas,,,2023,,seed_from_wordfreq_pt
wfpt-01970,propósito,,,2024,,seed_from_wordfreq_pt
wfpt-01971,registro,,,2025,,seed_from_wordfreq_pt
wfpt-01972,servir,,,2026,,seed_from_wordfreq_pt
wfpt-01973,toque,,,2027,,seed_from_wordfreq_pt
wfpt-01974,viram,,,2028,,seed_from_wordfreq_pt
wfpt-01975,vos,,,2029,,seed_from_wordfreq_pt
wfpt-01976,with,,,2030,,seed_from_wordfreq_pt
wfpt-01977,zero,,,2031,,seed_from_wordfreq_pt
wfpt-01978,ódio,,,2032,,seed_from_wordfreq_pt
wfpt-01979,anda,,,2033,,seed_from_wordfreq_pt
wfpt-01980,artes,,,2034,,seed_from_wordfreq_pt
wfpt-01981,ataques,,,2035,,seed_from_wordfreq_pt
wfpt-01982,cm,,,2036,,seed_from_wordfreq_pt
wfpt-01983,comandante,,,2037,,seed_from_wordfreq_pt
wfpt-01984,começando,,,2038,,seed_from_wordfreq_pt
wfpt-01985,culturais,,,2039,,seed_from_wordfreq_pt
wfpt-01986,decisões,,,2040,,seed_from_wordfreq_pt
wfpt-01987,decreto,,,2041,,seed_from_wordfreq_pt
wfpt-01988,dificuldades,,,2042,,seed_from_wordfreq_pt
wfpt-01989,disponíveis,,,2043,,seed_from_wordfreq_pt
wfpt-01990,disseram,,,2044,,seed_from_wordfreq_pt
wfpt-01991,divisão,,,2045,,seed_from_wordfreq_pt
wfpt-01992,décadas,,,2046,,seed_from_wordfreq_pt
wfpt-01993,eleito,,,2047,,seed_from_wordfreq_pt
wfpt-01994,entendi,,,2048,,seed_from_wordfreq_pt
wfpt-01995,esporte,,,2049,,seed_from_wordfreq_pt
wfpt-01996,falo,,,2050,,seed_from_wordfreq_pt
wfpt-01997,fortaleza,,,2051,,seed_from_wordfreq_pt
wfpt-01998,garoto,,,2052,,seed_from_wordfreq_pt
wfpt-01999,guia,,,2053,,seed_from_wordfreq_pt
wfpt-02000,henrique,,,2054,,seed_from_wordfreq_pt
wfpt-02001,jantar,,,2055,,seed_from_wordfreq_pt
wfpt-02002,leitura,,,2056,,seed_from_wordfreq_pt
wfpt-02003,mora,,,2057,,seed_from_wordfreq_pt
wfpt-02004,mostrou,,,2058,,seed_from_wordfreq_pt
wfpt-02005,onda,,,2059,,seed_from_wordfreq_pt
wfpt-02006,par,,,2060,,seed_from_wordfreq_pt
wfpt-02007,perdido,,,2061,,seed_from_wordfreq_pt
wfpt-02008,permitir,,,2062,,seed_from_wordfreq_pt
wfpt-02009,poderes,,,2063,,seed_from_wordfreq_pt
wfpt-02010,praticamente,,,2064,,seed_from_wordfreq_pt
wfpt-02011,próprias,,,2065,,seed_from_wordfreq_pt
wfpt-02012,publicada,,,2066,,seed_from_wordfreq_pt
wfpt-02013,pudesse,,,2067,,seed_from_wordfreq_pt
wfpt-02014,recente,,,2068,,seed_from_wordfreq_pt
wfpt-02015,responsáveis,,,2069,,seed_from_wordfreq_pt
wfpt-02016,rural,,,2070,,seed_from_wordfreq_pt
wfpt-02017,senti,,,2071,,seed_from_wordfreq_pt
wfpt-02018,seriam,,,2072,,seed_from_wordfreq_pt
wfpt-02019,terminou,,,2073,,seed_from_wordfreq_pt
wfpt-02020,treinamento,,,2074,,seed_from_wordfreq_pt
wfpt-02021,up,,,2075,,seed_from_wordfreq_pt
wfpt-02022,vc,,,2076,,seed_from_wordfreq_pt
wfpt-02023,águas,,,2077,,seed_from_wordfreq_pt
wfpt-02024,és,,,2078,,seed_from_wordfreq_pt
wfpt-02025,agricultura,,,2079,,seed_from_wordfreq_pt
wfpt-02026,ameaça,,,2080,,seed_from_wordfreq_pt
wfpt-02027,bar,,,2081,,seed_from_wordfreq_pt
wfpt-02028,canto,,,2082,,seed_from_wordfreq_pt
wfpt-02029,cheiro,,,2083,,seed_from_wordfreq_pt
wfpt-02030,cliente,,,2084,,seed_from_wordfreq_pt
wfpt-02031,coleção,,,2085,,seed_from_wordfreq_pt
wfpt-02032,coloca,,,2086,,seed_from_wordfreq_pt
wfpt-02033,condição,,,2087,,seed_from_wordfreq_pt
wfpt-02034,cores,,,2088,,seed_from_wordfreq_pt
wfpt-02035,dada,,,2089,,seed_from_wordfreq_pt
wfpt-02036,dúvidas,,,2090,,seed_from_wordfreq_pt
wfpt-02037,econômico,,,2091,,seed_from_wordfreq_pt
wfpt-02038,fatos,,,2092,,seed_from_wordfreq_pt
wfpt-02039,ferro,,,2093,,seed_from_wordfreq_pt
wfpt-02040,frase,,,2094,,seed_from_wordfreq_pt
wfpt-02041,go,,,2095,,seed_from_wordfreq_pt
wfpt-02042,grave,,,2096,,seed_from_wordfreq_pt
wfpt-02043,honra,,,2097,,seed_from_wordfreq_pt
wfpt-02044,humanidade,,,2098,,seed_from_wordfreq_pt
wfpt-02045,indivíduos,,,2099,,seed_from_wordfreq_pt
wfpt-02046,inteira,,,2100,,seed_from_wordfreq_pt
wfpt-02047,juro,,,2101,,seed_from_wordfreq_pt
wfpt-02048,juventude,,,2102,,seed_from_wordfreq_pt
wfpt-02049,legislação,,,2103,,seed_from_wordfreq_pt
wfpt-02050,liderança,,,2104,,seed_from_wordfreq_pt
wfpt-02051,localizado,,,2105,,seed_from_wordfreq_pt
wfpt-02052,materiais,,,2106,,seed_from_wordfreq_pt
wfpt-02053,minuto,,,2107,,seed_from_wordfreq_pt
wfpt-02054,modelos,,,2108,,seed_from_wordfreq_pt
wfpt-02055,novela,,,2109,,seed_from_wordfreq_pt
wfpt-02056,paga,,,2110,,seed_from_wordfreq_pt
wfpt-02057,parecem,,,2111,,seed_from_wordfreq_pt
wfpt-02058,produzir,,,2112,,seed_from_wordfreq_pt
wfpt-02059,província,,,2113,,seed_from_wordfreq_pt
wfpt-02060,publicou,,,2114,,seed_from_wordfreq_pt
wfpt-02061,rafael,,,2115,,seed_from_wordfreq_pt
wfpt-02062,retorno,,,2116,,seed_from_wordfreq_pt
wfpt-02063,rodrigo,,,2117,,seed_from_wordfreq_pt
wfpt-02064,sabendo,,,2118,,seed_from_wordfreq_pt
wfpt-02065,seres,,,2119,,seed_from_wordfreq_pt
wfpt-02066,tomou,,,2120,,seed_from_wordfreq_pt
wfpt-02067,tradição,,,2121,,seed_from_wordfreq_pt
wfpt-02068,utilizado,,,2122,,seed_from_wordfreq_pt
wfpt-02069,visitantes,,,2123,,seed_from_wordfreq_pt
wfpt-02070,vêm,,,2124,,seed_from_wordfreq_pt
wfpt-02071,washington,,,2125,,seed_from_wordfreq_pt
wfpt-02072,árvores,,,2126,,seed_from_wordfreq_pt
wfpt-02073,anteriormente,,,2127,,seed_from_wordfreq_pt
wfpt-02074,bandeira,,,2128,,seed_from_wordfreq_pt
wfpt-02075,bolsa,,,2129,,seed_from_wordfreq_pt
wfpt-02076,braço,,,2130,,seed_from_wordfreq_pt
wfpt-02077,bruno,,,2131,,seed_from_wordfreq_pt
wfpt-02078,camisa,,,2132,,seed_from_wordfreq_pt
wfpt-02079,conflito,,,2133,,seed_from_wordfreq_pt
wfpt-02080,consumo,,,2134,,seed_from_wordfreq_pt
wfpt-02081,corrupção,,,2135,,seed_from_wordfreq_pt
wfpt-02082,curto,,,2136,,seed_from_wordfreq_pt
wfpt-02083,devo,,,2137,,seed_from_wordfreq_pt
wfpt-02084,disputa,,,2138,,seed_from_wordfreq_pt
wfpt-02085,dupla,,,2139,,seed_from_wordfreq_pt
wfpt-02086,executivo,,,2140,,seed_from_wordfreq_pt
wfpt-02087,exemplos,,,2141,,seed_from_wordfreq_pt
wfpt-02088,felicidade,,,2142,,seed_from_wordfreq_pt
wfpt-02089,felizes,,,2143,,seed_from_wordfreq_pt
wfpt-02090,fins,,,2144,,seed_from_wordfreq_pt
wfpt-02091,fossem,,,2145,,seed_from_wordfreq_pt
wfpt-02092,funções,,,2146,,seed_from_wordfreq_pt
wfpt-02093,haverá,,,2147,,seed_from_wordfreq_pt
wfpt-02094,infantil,,,2148,,seed_from_wordfreq_pt
wfpt-02095,invés,,,2149,,seed_from_wordfreq_pt
wfpt-02096,letras,,,2150,,seed_from_wordfreq_pt
wfpt-02097,línguas,,,2151,,seed_from_wordfreq_pt
wfpt-02098,menores,,,2152,,seed_from_wordfreq_pt
wfpt-02099,miguel,,,2153,,seed_from_wordfreq_pt
wfpt-02100,moda,,,2154,,seed_from_wordfreq_pt
wfpt-02101,níveis,,,2155,,seed_from_wordfreq_pt
wfpt-02102,parada,,,2156,,seed_from_wordfreq_pt
wfpt-02103,piada,,,2157,,seed_from_wordfreq_pt
wfpt-02104,porquê,,,2158,,seed_from_wordfreq_pt
wfpt-02105,pretende,,,2159,,seed_from_wordfreq_pt
wfpt-02106,práticas,,,2160,,seed_from_wordfreq_pt
wfpt-02107,rapaz,,,2161,,seed_from_wordfreq_pt
wfpt-02108,renda,,,2162,,seed_from_wordfreq_pt
wfpt-02109,representantes,,,2163,,seed_from_wordfreq_pt
wfpt-02110,rs,,,2164,,seed_from_wordfreq_pt
wfpt-02111,rápida,,,2165,,seed_from_wordfreq_pt
wfpt-02112,saco,,,2166,,seed_from_wordfreq_pt
wfpt-02113,status,,,2167,,seed_from_wordfreq_pt
wfpt-02114,use,,,2168,,seed_from_wordfreq_pt
wfpt-02115,vinho,,,2169,,seed_from_wordfreq_pt
wfpt-02116,acompanhar,,,2170,,seed_from_wordfreq_pt
wfpt-02117,agir,,,2171,,seed_from_wordfreq_pt
wfpt-02118,andré,,,2172,,seed_from_wordfreq_pt
wfpt-02119,anteriores,,,2173,,seed_from_wordfreq_pt
wfpt-02120,antigos,,,2174,,seed_from_wordfreq_pt
wfpt-02121,aonde,,,2175,,seed_from_wordfreq_pt
wfpt-02122,arquivo,,,2176,,seed_from_wordfreq_pt
wfpt-02123,brasileiras,,,2177,,seed_from_wordfreq_pt
wfpt-02124,caro,,,2178,,seed_from_wordfreq_pt
wfpt-02125,cidadãos,,,2179,,seed_from_wordfreq_pt
wfpt-02126,controlar,,,2180,,seed_from_wordfreq_pt
wfpt-02127,câmera,,,2181,,seed_from_wordfreq_pt
wfpt-02128,danos,,,2182,,seed_from_wordfreq_pt
wfpt-02129,daqueles,,,2183,,seed_from_wordfreq_pt
wfpt-02130,democracia,,,2184,,seed_from_wordfreq_pt
wfpt-02131,enfrentar,,,2185,,seed_from_wordfreq_pt
wfpt-02132,ensinar,,,2186,,seed_from_wordfreq_pt
wfpt-02133,familiar,,,2187,,seed_from_wordfreq_pt
wfpt-02134,familiares,,,2188,,seed_from_wordfreq_pt
wfpt-02135,horizonte,,,2189,,seed_from_wordfreq_pt
wfpt-02136,horrível,,,2190,,seed_from_wordfreq_pt
wfpt-02137,idiota,,,2191,,seed_from_wordfreq_pt
wfpt-02138,imaginar,,,2192,,seed_from_wordfreq_pt
wfpt-02139,inteligência,,,2193,,seed_from_wordfreq_pt
wfpt-02140,interesses,,,2194,,seed_from_wordfreq_pt
wfpt-02141,justo,,,2195,,seed_from_wordfreq_pt
wfpt-02142,latina,,,2196,,seed_from_wordfreq_pt
wfpt-02143,levantar,,,2197,,seed_from_wordfreq_pt
wfpt-02144,limite,,,2198,,seed_from_wordfreq_pt
wfpt-02145,lucas,,,2199,,seed_from_wordfreq_pt
wfpt-02146,líderes,,,2200,,seed_from_wordfreq_pt
wfpt-02147,moradores,,,2201,,seed_from_wordfreq_pt
wfpt-02148,motor,,,2202,,seed_from_wordfreq_pt
wfpt-02149,oscar,,,2203,,seed_from_wordfreq_pt
wfpt-02150,papa,,,2204,,seed_from_wordfreq_pt
wfpt-02151,princípios,,,2205,,seed_from_wordfreq_pt
wfpt-02152,querida,,,2206,,seed_from_wordfreq_pt
wfpt-02153,quilômetros,,,2207,,seed_from_wordfreq_pt
wfpt-02154,razões,,,2208,,seed_from_wordfreq_pt
wfpt-02155,segredo,,,2209,,seed_from_wordfreq_pt
wfpt-02156,situações,,,2210,,seed_from_wordfreq_pt
wfpt-02157,tio,,,2211,,seed_from_wordfreq_pt
wfpt-02158,turismo,,,2212,,seed_from_wordfreq_pt
wfpt-02159,voce,,,2213,,seed_from_wordfreq_pt
wfpt-02160,alcançar,,,2214,,seed_from_wordfreq_pt
wfpt-02161,amizade,,,2215,,seed_from_wordfreq_pt
wfpt-02162,atos,,,2216,,seed_from_wordfreq_pt
wfpt-02163,atuais,,,2217,,seed_from_wordfreq_pt
wfpt-02164,atuação,,,2218,,seed_from_wordfreq_pt
wfpt-02165,ben,,,2219,,seed_from_wordfreq_pt
wfpt-02166,canais,,,2220,,seed_from_wordfreq_pt
wfpt-02167,cantar,,,2221,,seed_from_wordfreq_pt
wfpt-02168,cartas,,,2222,,seed_from_wordfreq_pt
wfpt-02169,caráter,,,2223,,seed_from_wordfreq_pt
wfpt-02170,ceará,,,2224,,seed_from_wordfreq_pt
wfpt-02171,cerveja,,,2225,,seed_from_wordfreq_pt
wfpt-02172,colocou,,,2226,,seed_from_wordfreq_pt
wfpt-02173,colégio,,,2227,,seed_from_wordfreq_pt
wfpt-02174,continue,,,2228,,seed_from_wordfreq_pt
wfpt-02175,desculpas,,,2229,,seed_from_wordfreq_pt
wfpt-02176,edifício,,,2230,,seed_from_wordfreq_pt
wfpt-02177,editora,,,2231,,seed_from_wordfreq_pt
wfpt-02178,fazenda,,,2232,,seed_from_wordfreq_pt
wfpt-02179,feminino,,,2233,,seed_from_wordfreq_pt
wfpt-02180,gabriel,,,2234,,seed_from_wordfreq_pt
wfpt-02181,gols,,,2235,,seed_from_wordfreq_pt
wfpt-02182,grosso,,,2236,,seed_from_wordfreq_pt
wfpt-02183,lançar,,,2237,,seed_from_wordfreq_pt
wfpt-02184,letra,,,2238,,seed_from_wordfreq_pt
wfpt-02185,ligado,,,2239,,seed_from_wordfreq_pt
wfpt-02186,louis,,,2240,,seed_from_wordfreq_pt
wfpt-02187,mandato,,,2241,,seed_from_wordfreq_pt
wfpt-02188,mendes,,,2242,,seed_from_wordfreq_pt
wfpt-02189,mentira,,,2243,,seed_from_wordfreq_pt
wfpt-02190,mesmas,,,2244,,seed_from_wordfreq_pt
wfpt-02191,mostrando,,,2245,,seed_from_wordfreq_pt
wfpt-02192,nação,,,2246,,seed_from_wordfreq_pt
wfpt-02193,ocidental,,,2247,,seed_from_wordfreq_pt
wfpt-02194,oposição,,,2248,,seed_from_wordfreq_pt
wfpt-02195,ouvido,,,2249,,seed_from_wordfreq_pt
wfpt-02196,parecia,,,2250,,seed_from_wordfreq_pt
wfpt-02197,passam,,,2251,,seed_from_wordfreq_pt
wfpt-02198,realização,,,2252,,seed_from_wordfreq_pt
wfpt-02199,relacionados,,,2253,,seed_from_wordfreq_pt
wfpt-02200,resolução,,,2254,,seed_from_wordfreq_pt
wfpt-02201,rj,,,2255,,seed_from_wordfreq_pt
wfpt-02202,subir,,,2256,,seed_from_wordfreq_pt
wfpt-02203,trem,,,2257,,seed_from_wordfreq_pt
wfpt-02204,vinte,,,2258,,seed_from_wordfreq_pt
wfpt-02205,virtual,,,2259,,seed_from_wordfreq_pt
wfpt-02206,will,,,2260,,seed_from_wordfreq_pt
wfpt-02207,árvore,,,2261,,seed_from_wordfreq_pt
wfpt-02208,avião,,,2262,,seed_from_wordfreq_pt
wfpt-02209,brincar,,,2263,,seed_from_wordfreq_pt
wfpt-02210,castro,,,2264,,seed_from_wordfreq_pt
wfpt-02211,centenas,,,2265,,seed_from_wordfreq_pt
wfpt-02212,colegas,,,2266,,seed_from_wordfreq_pt
wfpt-02213,considerada,,,2267,,seed_from_wordfreq_pt
wfpt-02214,coronel,,,2268,,seed_from_wordfreq_pt
wfpt-02215,crédito,,,2269,,seed_from_wordfreq_pt
wfpt-02216,debate,,,2270,,seed_from_wordfreq_pt
wfpt-02217,evolução,,,2271,,seed_from_wordfreq_pt
wfpt-02218,fundos,,,2272,,seed_from_wordfreq_pt
wfpt-02219,gato,,,2273,,seed_from_wordfreq_pt
wfpt-02220,haviam,,,2274,,seed_from_wordfreq_pt
wfpt-02221,inverno,,,2275,,seed_from_wordfreq_pt
wfpt-02222,janela,,,2276,,seed_from_wordfreq_pt
wfpt-02223,jornais,,,2277,,seed_from_wordfreq_pt
wfpt-02224,nordeste,,,2278,,seed_from_wordfreq_pt
wfpt-02225,objetivos,,,2279,,seed_from_wordfreq_pt
wfpt-02226,oportunidades,,,2280,,seed_from_wordfreq_pt
wfpt-02227,pago,,,2281,,seed_from_wordfreq_pt
wfpt-02228,paixão,,,2282,,seed_from_wordfreq_pt
wfpt-02229,pensam,,,2283,,seed_from_wordfreq_pt
wfpt-02230,pensamentos,,,2284,,seed_from_wordfreq_pt
wfpt-02231,pereira,,,2285,,seed_from_wordfreq_pt
wfpt-02232,possíveis,,,2286,,seed_from_wordfreq_pt
wfpt-02233,presos,,,2287,,seed_from_wordfreq_pt
wfpt-02234,saindo,,,2288,,seed_from_wordfreq_pt
wfpt-02235,seguidores,,,2289,,seed_from_wordfreq_pt
wfpt-02236,sequência,,,2290,,seed_from_wordfreq_pt
wfpt-02237,significado,,,2291,,seed_from_wordfreq_pt
wfpt-02238,sobretudo,,,2292,,seed_from_wordfreq_pt
wfpt-02239,terreno,,,2293,,seed_from_wordfreq_pt
wfpt-02240,terão,,,2294,,seed_from_wordfreq_pt
wfpt-02241,técnicas,,,2295,,seed_from_wordfreq_pt
wfpt-02242,unido,,,2296,,seed_from_wordfreq_pt
wfpt-02243,utilizada,,,2297,,seed_from_wordfreq_pt
wfpt-02244,órgãos,,,2298,,seed_from_wordfreq_pt
wfpt-02245,agradecer,,,2299,,seed_from_wordfreq_pt
wfpt-02246,aldeia,,,2300,,seed_from_wordfreq_pt
wfpt-02247,alternativa,,,2301,,seed_from_wordfreq_pt
wfpt-02248,altos,,,2302,,seed_from_wordfreq_pt
wfpt-02249,aparentemente,,,2303,,seed_from_wordfreq_pt
wfpt-02250,apresentado,,,2304,,seed_from_wordfreq_pt
wfpt-02251,aspectos,,,2305,,seed_from_wordfreq_pt
wfpt-02252,biblioteca,,,2306,,seed_from_wordfreq_pt
wfpt-02253,bloco,,,2307,,seed_from_wordfreq_pt
wfpt-02254,cachorro,,,2308,,seed_from_wordfreq_pt
wfpt-02255,carga,,,2309,,seed_from_wordfreq_pt
wfpt-02256,cheguei,,,2310,,seed_from_wordfreq_pt
wfpt-02257,clássico,,,2311,,seed_from_wordfreq_pt
wfpt-02258,constante,,,2312,,seed_from_wordfreq_pt
wfpt-02259,corrente,,,2313,,seed_from_wordfreq_pt
wfpt-02260,cortar,,,2314,,seed_from_wordfreq_pt
wfpt-02261,desenvolver,,,2315,,seed_from_wordfreq_pt
wfpt-02262,digitais,,,2316,,seed_from_wordfreq_pt
wfpt-02263,disco,,,2317,,seed_from_wordfreq_pt
wfpt-02264,doente,,,2318,,seed_from_wordfreq_pt
wfpt-02265,dura,,,2319,,seed_from_wordfreq_pt
wfpt-02266,escala,,,2320,,seed_from_wordfreq_pt
wfpt-02267,etapa,,,2321,,seed_from_wordfreq_pt
wfpt-02268,execução,,,2322,,seed_from_wordfreq_pt
wfpt-02269,felipe,,,2323,,seed_from_wordfreq_pt
wfpt-02270,ferramenta,,,2324,,seed_from_wordfreq_pt
wfpt-02271,gelo,,,2325,,seed_from_wordfreq_pt
wfpt-02272,gomes,,,2326,,seed_from_wordfreq_pt
wfpt-02273,haja,,,2327,,seed_from_wordfreq_pt
wfpt-02274,juntamente,,,2328,,seed_from_wordfreq_pt
wfpt-02275,laboratório,,,2329,,seed_from_wordfreq_pt
wfpt-02276,line,,,2330,,seed_from_wordfreq_pt
wfpt-02277,mm,,,2331,,seed_from_wordfreq_pt
wfpt-02278,mortes,,,2332,,seed_from_wordfreq_pt
wfpt-02279,mães,,,2333,,seed_from_wordfreq_pt
wfpt-02280,método,,,2334,,seed_from_wordfreq_pt
wfpt-02281,objeto,,,2335,,seed_from_wordfreq_pt
wfpt-02282,ocasião,,,2336,,seed_from_wordfreq_pt
wfpt-02283,passe,,,2337,,seed_from_wordfreq_pt
wfpt-02284,passos,,,2338,,seed_from_wordfreq_pt
wfpt-02285,pedi,,,2339,,seed_from_wordfreq_pt
wfpt-02286,pega,,,2340,,seed_from_wordfreq_pt
wfpt-02287,peixe,,,2341,,seed_from_wordfreq_pt
wfpt-02288,ponta,,,2342,,seed_from_wordfreq_pt
wfpt-02289,portugueses,,,2343,,seed_from_wordfreq_pt
wfpt-02290,privada,,,2344,,seed_from_wordfreq_pt
wfpt-02291,votar,,,2345,,seed_from_wordfreq_pt
wfpt-02292,vírus,,,2346,,seed_from_wordfreq_pt
wfpt-02293,áudio,,,2347,,seed_from_wordfreq_pt
wfpt-02294,alemão,,,2348,,seed_from_wordfreq_pt
wfpt-02295,amar,,,2349,,seed_from_wordfreq_pt
wfpt-02296,anual,,,2350,,seed_from_wordfreq_pt
wfpt-02297,aprovação,,,2351,,seed_from_wordfreq_pt
wfpt-02298,assumir,,,2352,,seed_from_wordfreq_pt
wfpt-02299,ausência,,,2353,,seed_from_wordfreq_pt
wfpt-02300,aviso,,,2354,,seed_from_wordfreq_pt
wfpt-02301,barra,,,2355,,seed_from_wordfreq_pt
wfpt-02302,bomba,,,2356,,seed_from_wordfreq_pt
wfpt-02303,cantor,,,2357,,seed_from_wordfreq_pt
wfpt-02304,canção,,,2358,,seed_from_wordfreq_pt
wfpt-02305,certos,,,2359,,seed_from_wordfreq_pt
wfpt-02306,claramente,,,2360,,seed_from_wordfreq_pt
wfpt-02307,come,,,2361,,seed_from_wordfreq_pt
wfpt-02308,comerciais,,,2362,,seed_from_wordfreq_pt
wfpt-02309,compartilhar,,,2363,,seed_from_wordfreq_pt
wfpt-02310,comunidades,,,2364,,seed_from_wordfreq_pt
wfpt-02311,considerando,,,2365,,seed_from_wordfreq_pt
wfpt-02312,conto,,,2366,,seed_from_wordfreq_pt
wfpt-02313,decidir,,,2367,,seed_from_wordfreq_pt
wfpt-02314,declarou,,,2368,,seed_from_wordfreq_pt
wfpt-02315,descrição,,,2369,,seed_from_wordfreq_pt
wfpt-02316,design,,,2370,,seed_from_wordfreq_pt
wfpt-02317,encontrei,,,2371,,seed_from_wordfreq_pt
wfpt-02318,errada,,,2372,,seed_from_wordfreq_pt
wfpt-02319,europeu,,,2373,,seed_from_wordfreq_pt
wfpt-02320,filosofia,,,2374,,seed_from_wordfreq_pt
wfpt-02321,frequentemente,,,2375,,seed_from_wordfreq_pt
wfpt-02322,gostam,,,2376,,seed_from_wordfreq_pt
wfpt-02323,gostava,,,2377,,seed_from_wordfreq_pt
wfpt-02324,impedir,,,2378,,seed_from_wordfreq_pt
wfpt-02325,indica,,,2379,,seed_from_wordfreq_pt
wfpt-02326,lança,,,2380,,seed_from_wordfreq_pt
wfpt-02327,legais,,,2381,,seed_from_wordfreq_pt
wfpt-02328,livres,,,2382,,seed_from_wordfreq_pt
wfpt-02329,luis,,,2383,,seed_from_wordfreq_pt
wfpt-02330,oficialmente,,,2384,,seed_from_wordfreq_pt
wfpt-02331,originalmente,,,2385,,seed_from_wordfreq_pt
wfpt-02332,paciente,,,2386,,seed_from_wordfreq_pt
wfpt-02333,paula,,,2387,,seed_from_wordfreq_pt
wfpt-02334,pegou,,,2388,,seed_from_wordfreq_pt
wfpt-02335,piloto,,,2389,,seed_from_wordfreq_pt
wfpt-02336,plantas,,,2390,,seed_from_wordfreq_pt
wfpt-02337,populares,,,2391,,seed_from_wordfreq_pt
wfpt-02338,pouca,,,2392,,seed_from_wordfreq_pt
wfpt-02339,queira,,,2393,,seed_from_wordfreq_pt
wfpt-02340,redução,,,2394,,seed_from_wordfreq_pt
wfpt-02341,revisão,,,2395,,seed_from_wordfreq_pt
wfpt-02342,salário,,,2396,,seed_from_wordfreq_pt
wfpt-02343,sequer,,,2397,,seed_from_wordfreq_pt
wfpt-02344,siga,,,2398,,seed_from_wordfreq_pt
wfpt-02345,surgiu,,,2399,,seed_from_wordfreq_pt
wfpt-02346,tecnologias,,,2400,,seed_from_wordfreq_pt
wfpt-02347,tia,,,2401,,seed_from_wordfreq_pt
wfpt-02348,tido,,,2402,,seed_from_wordfreq_pt
wfpt-02349,tirou,,,2403,,seed_from_wordfreq_pt
wfpt-02350,volto,,,2404,,seed_from_wordfreq_pt
wfpt-02351,abriu,,,2405,,seed_from_wordfreq_pt
wfpt-02352,ajudou,,,2406,,seed_from_wordfreq_pt
wfpt-02353,alves,,,2407,,seed_from_wordfreq_pt
wfpt-02354,aproveitar,,,2408,,seed_from_wordfreq_pt
wfpt-02355,bens,,,2409,,seed_from_wordfreq_pt
wfpt-02356,classificação,,,2410,,seed_from_wordfreq_pt
wfpt-02357,começam,,,2411,,seed_from_wordfreq_pt
wfpt-02358,confusão,,,2412,,seed_from_wordfreq_pt
wfpt-02359,conheci,,,2413,,seed_from_wordfreq_pt
wfpt-02360,cria,,,2414,,seed_from_wordfreq_pt
wfpt-02361,cursos,,,2415,,seed_from_wordfreq_pt
wfpt-02362,definição,,,2416,,seed_from_wordfreq_pt
wfpt-02363,deseja,,,2417,,seed_from_wordfreq_pt
wfpt-02364,droga,,,2418,,seed_from_wordfreq_pt
wfpt-02365,estratégia,,,2419,,seed_from_wordfreq_pt
wfpt-02366,estudante,,,2420,,seed_from_wordfreq_pt
wfpt-02367,exceto,,,2421,,seed_from_wordfreq_pt
wfpt-02368,extensão,,,2422,,seed_from_wordfreq_pt
wfpt-02369,facilmente,,,2423,,seed_from_wordfreq_pt
wfpt-02370,feminina,,,2424,,seed_from_wordfreq_pt
wfpt-02371,flor,,,2425,,seed_from_wordfreq_pt
wfpt-02372,foda,,,2426,,seed_from_wordfreq_pt
wfpt-02373,fugir,,,2427,,seed_from_wordfreq_pt
wfpt-02374,fórum,,,2428,,seed_from_wordfreq_pt
wfpt-02375,ilhas,,,2429,,seed_from_wordfreq_pt
wfpt-02376,inimigos,,,2430,,seed_from_wordfreq_pt
wfpt-02377,muda,,,2431,,seed_from_wordfreq_pt
wfpt-02378,má,,,2432,,seed_from_wordfreq_pt
wfpt-02379,navio,,,2433,,seed_from_wordfreq_pt
wfpt-02380,ouvindo,,,2434,,seed_from_wordfreq_pt
wfpt-02381,palácio,,,2435,,seed_from_wordfreq_pt
wfpt-02382,parceiro,,,2436,,seed_from_wordfreq_pt
wfpt-02383,perguntou,,,2437,,seed_from_wordfreq_pt
wfpt-02384,pertence,,,2438,,seed_from_wordfreq_pt
wfpt-02385,peru,,,2439,,seed_from_wordfreq_pt
wfpt-02386,química,,,2440,,seed_from_wordfreq_pt
wfpt-02387,recebido,,,2441,,seed_from_wordfreq_pt
wfpt-02388,secretaria,,,2442,,seed_from_wordfreq_pt
wfpt-02389,solar,,,2443,,seed_from_wordfreq_pt
wfpt-02390,tarefa,,,2444,,seed_from_wordfreq_pt
wfpt-02391,temperatura,,,2445,,seed_from_wordfreq_pt
wfpt-02392,tendência,,,2446,,seed_from_wordfreq_pt
wfpt-02393,tens,,,2447,,seed_from_wordfreq_pt
wfpt-02394,terror,,,2448,,seed_from_wordfreq_pt
wfpt-02395,testes,,,2449,,seed_from_wordfreq_pt
wfpt-02396,topo,,,2450,,seed_from_wordfreq_pt
wfpt-02397,tradicionais,,,2451,,seed_from_wordfreq_pt
wfpt-02398,turma,,,2452,,seed_from_wordfreq_pt
wfpt-02399,urbana,,,2453,,seed_from_wordfreq_pt
wfpt-02400,usados,,,2454,,seed_from_wordfreq_pt
wfpt-02401,usou,,,2455,,seed_from_wordfreq_pt
wfpt-02402,vaga,,,2456,,seed_from_wordfreq_pt
wfpt-02403,virar,,,2457,,seed_from_wordfreq_pt
wfpt-02404,vivem,,,2458,,seed_from_wordfreq_pt
wfpt-02405,acerca,,,2459,,seed_from_wordfreq_pt
wfpt-02406,advogados,,,2460,,seed_from_wordfreq_pt
wfpt-02407,alex,,,2461,,seed_from_wordfreq_pt
wfpt-02408,atualização,,,2462,,seed_from_wordfreq_pt
wfpt-02409,autorização,,,2463,,seed_from_wordfreq_pt
wfpt-02410,beijo,,,2464,,seed_from_wordfreq_pt
wfpt-02411,cala,,,2465,,seed_from_wordfreq_pt
wfpt-02412,cantora,,,2466,,seed_from_wordfreq_pt
wfpt-02413,capazes,,,2467,,seed_from_wordfreq_pt
wfpt-02414,chile,,,2468,,seed_from_wordfreq_pt
wfpt-02415,científica,,,2469,,seed_from_wordfreq_pt
wfpt-02416,custa,,,2470,,seed_from_wordfreq_pt
wfpt-02417,cérebro,,,2471,,seed_from_wordfreq_pt
wfpt-02418,daquela,,,2472,,seed_from_wordfreq_pt
wfpt-02419,deveriam,,,2473,,seed_from_wordfreq_pt
wfpt-02420,dicas,,,2474,,seed_from_wordfreq_pt
wfpt-02421,dona,,,2475,,seed_from_wordfreq_pt
wfpt-02422,elétrica,,,2476,,seed_from_wordfreq_pt
wfpt-02423,estreia,,,2477,,seed_from_wordfreq_pt
wfpt-02424,festas,,,2478,,seed_from_wordfreq_pt
wfpt-02425,francesa,,,2479,,seed_from_wordfreq_pt
wfpt-02426,fábrica,,,2480,,seed_from_wordfreq_pt
wfpt-02427,igualmente,,,2481,,seed_from_wordfreq_pt
wfpt-02428,intervenção,,,2482,,seed_from_wordfreq_pt
wfpt-02429,lados,,,2483,,seed_from_wordfreq_pt
wfpt-02430,levado,,,2484,,seed_from_wordfreq_pt
wfpt-02431,louca,,,2485,,seed_from_wordfreq_pt
wfpt-02432,manda,,,2486,,seed_from_wordfreq_pt
wfpt-02433,marcado,,,2487,,seed_from_wordfreq_pt
wfpt-02434,meninos,,,2488,,seed_from_wordfreq_pt
wfpt-02435,ora,,,2489,,seed_from_wordfreq_pt
wfpt-02436,pagamento,,,2490,,seed_from_wordfreq_pt
wfpt-02437,partidos,,,2491,,seed_from_wordfreq_pt
wfpt-02438,pau,,,2492,,seed_from_wordfreq_pt
wfpt-02439,pernas,,,2493,,seed_from_wordfreq_pt
wfpt-02440,precisava,,,2494,,seed_from_wordfreq_pt
wfpt-02441,representante,,,2495,,seed_from_wordfreq_pt
wfpt-02442,seção,,,2496,,seed_from_wordfreq_pt
wfpt-02443,tratado,,,2497,,seed_from_wordfreq_pt
wfpt-02444,trocar,,,2498,,seed_from_wordfreq_pt
wfpt-02445,universal,,,2499,,seed_from_wordfreq_pt
wfpt-02446,utilização,,,2500,,seed_from_wordfreq_pt
wfpt-02447,vermelha,,,2501,,seed_from_wordfreq_pt
wfpt-02448,ásia,,,2502,,seed_from_wordfreq_pt
wfpt-02449,aceita,,,2503,,seed_from_wordfreq_pt
wfpt-02450,adultos,,,2504,,seed_from_wordfreq_pt
wfpt-02451,assistência,,,2505,,seed_from_wordfreq_pt
wfpt-02452,atriz,,,2506,,seed_from_wordfreq_pt
wfpt-02453,bate,,,2507,,seed_from_wordfreq_pt
wfpt-02454,brincadeira,,,2508,,seed_from_wordfreq_pt
wfpt-02455,conquista,,,2509,,seed_from_wordfreq_pt
wfpt-02456,convidados,,,2510,,seed_from_wordfreq_pt
wfpt-02457,corre,,,2511,,seed_from_wordfreq_pt
wfpt-02458,day,,,2512,,seed_from_wordfreq_pt
wfpt-02459,ed,,,2513,,seed_from_wordfreq_pt
wfpt-02460,entregar,,,2514,,seed_from_wordfreq_pt
wfpt-02461,espaços,,,2515,,seed_from_wordfreq_pt
wfpt-02462,ferreira,,,2516,,seed_from_wordfreq_pt
wfpt-02463,finais,,,2517,,seed_from_wordfreq_pt
wfpt-02464,impressão,,,2518,,seed_from_wordfreq_pt
wfpt-02465,inglaterra,,,2519,,seed_from_wordfreq_pt
wfpt-02466,inteligente,,,2520,,seed_from_wordfreq_pt
wfpt-02467,iorque,,,2521,,seed_from_wordfreq_pt
wfpt-02468,levaram,,,2522,,seed_from_wordfreq_pt
wfpt-02469,meta,,,2523,,seed_from_wordfreq_pt
wfpt-02470,médica,,,2524,,seed_from_wordfreq_pt
wfpt-02471,neto,,,2525,,seed_from_wordfreq_pt
wfpt-02472,oferta,,,2526,,seed_from_wordfreq_pt
wfpt-02473,paraná,,,2527,,seed_from_wordfreq_pt
wfpt-02474,peguei,,,2528,,seed_from_wordfreq_pt
wfpt-02475,perdendo,,,2529,,seed_from_wordfreq_pt
wfpt-02476,pessoalmente,,,2530,,seed_from_wordfreq_pt
wfpt-02477,peço,,,2531,,seed_from_wordfreq_pt
wfpt-02478,piscina,,,2532,,seed_from_wordfreq_pt
wfpt-02479,povos,,,2533,,seed_from_wordfreq_pt
wfpt-02480,preocupação,,,2534,,seed_from_wordfreq_pt
wfpt-02481,raça,,,2535,,seed_from_wordfreq_pt
wfpt-02482,residência,,,2536,,seed_from_wordfreq_pt
wfpt-02483,respondeu,,,2537,,seed_from_wordfreq_pt
wfpt-02484,restaurante,,,2538,,seed_from_wordfreq_pt
wfpt-02485,rodrigues,,,2539,,seed_from_wordfreq_pt
wfpt-02486,roma,,,2540,,seed_from_wordfreq_pt
wfpt-02487,sofrimento,,,2541,,seed_from_wordfreq_pt
wfpt-02488,sub,,,2542,,seed_from_wordfreq_pt
wfpt-02489,termina,,,2543,,seed_from_wordfreq_pt
wfpt-02490,tivemos,,,2544,,seed_from_wordfreq_pt
wfpt-02491,toca,,,2545,,seed_from_wordfreq_pt
wfpt-02492,veículo,,,2546,,seed_from_wordfreq_pt
wfpt-02493,virou,,,2547,,seed_from_wordfreq_pt
wfpt-02494,vivendo,,,2548,,seed_from_wordfreq_pt
wfpt-02495,útil,,,2549,,seed_from_wordfreq_pt
wfpt-02496,alerta,,,2551,,seed_from_wordfreq_pt
wfpt-02497,antonio,,,2552,,seed_from_wordfreq_pt
wfpt-02498,antônio,,,2553,,seed_from_wordfreq_pt
wfpt-02499,art,,,2554,,seed_from_wordfreq_pt
wfpt-02500,atingir,,,2555,,seed_from_wordfreq_pt
wfpt-02501,ator,,,2556,,seed_from_wordfreq_pt
wfpt-02502,açúcar,,,2557,,seed_from_wordfreq_pt
wfpt-02503,bancos,,,2558,,seed_from_wordfreq_pt
wfpt-02504,big,,,2559,,seed_from_wordfreq_pt
wfpt-02505,bolo,,,2560,,seed_from_wordfreq_pt
wfpt-02506,catarina,,,2561,,seed_from_wordfreq_pt
wfpt-02507,chocolate,,,2562,,seed_from_wordfreq_pt
wfpt-02508,chorar,,,2563,,seed_from_wordfreq_pt
wfpt-02509,civis,,,2564,,seed_from_wordfreq_pt
wfpt-02510,comitê,,,2565,,seed_from_wordfreq_pt
wfpt-02511,conexão,,,2566,,seed_from_wordfreq_pt
wfpt-02512,conhecidos,,,2567,,seed_from_wordfreq_pt
wfpt-02513,conheça,,,2568,,seed_from_wordfreq_pt
wfpt-02514,conosco,,,2569,,seed_from_wordfreq_pt
wfpt-02515,dançar,,,2570,,seed_from_wordfreq_pt
wfpt-02516,deixem,,,2571,,seed_from_wordfreq_pt
wfpt-02517,doenças,,,2572,,seed_from_wordfreq_pt
wfpt-02518,equipes,,,2573,,seed_from_wordfreq_pt
wfpt-02519,estabelecer,,,2574,,seed_from_wordfreq_pt
wfpt-02520,estejam,,,2575,,seed_from_wordfreq_pt
wfpt-02521,façam,,,2576,,seed_from_wordfreq_pt
wfpt-02522,frequência,,,2577,,seed_from_wordfreq_pt
wfpt-02523,gabinete,,,2578,,seed_from_wordfreq_pt
wfpt-02524,game,,,2579,,seed_from_wordfreq_pt
wfpt-02525,industrial,,,2580,,seed_from_wordfreq_pt
wfpt-02526,inimigo,,,2581,,seed_from_wordfreq_pt
wfpt-02527,juntar,,,2582,,seed_from_wordfreq_pt
wfpt-02528,larga,,,2583,,seed_from_wordfreq_pt
wfpt-02529,ligações,,,2584,,seed_from_wordfreq_pt
wfpt-02530,localizada,,,2585,,seed_from_wordfreq_pt
wfpt-02531,manutenção,,,2586,,seed_from_wordfreq_pt
wfpt-02532,mark,,,2587,,seed_from_wordfreq_pt
wfpt-02533,mistura,,,2588,,seed_from_wordfreq_pt
wfpt-02534,necessidades,,,2589,,seed_from_wordfreq_pt
wfpt-02535,ordens,,,2590,,seed_from_wordfreq_pt
wfpt-02536,patrimônio,,,2591,,seed_from_wordfreq_pt
wfpt-02537,preparar,,,2592,,seed_from_wordfreq_pt
wfpt-02538,propostas,,,2593,,seed_from_wordfreq_pt
wfpt-02539,regra,,,2594,,seed_from_wordfreq_pt
wfpt-02540,revela,,,2595,,seed_from_wordfreq_pt
wfpt-02541,rodada,,,2596,,seed_from_wordfreq_pt
wfpt-02542,romance,,,2597,,seed_from_wordfreq_pt
wfpt-02543,samba,,,2598,,seed_from_wordfreq_pt
wfpt-02544,semelhante,,,2599,,seed_from_wordfreq_pt
wfpt-02545,sentindo,,,2600,,seed_from_wordfreq_pt
wfpt-02546,soluções,,,2601,,seed_from_wordfreq_pt
wfpt-02547,souza,,,2602,,seed_from_wordfreq_pt
wfpt-02548,símbolo,,,2603,,seed_from_wordfreq_pt
wfpt-02549,transformar,,,2604,,seed_from_wordfreq_pt
wfpt-02550,usam,,,2605,,seed_from_wordfreq_pt
wfpt-02551,variedade,,,2606,,seed_from_wordfreq_pt
wfpt-02552,vestido,,,2607,,seed_from_wordfreq_pt
wfpt-02553,alcance,,,2608,,seed_from_wordfreq_pt
wfpt-02554,alexandre,,,2609,,seed_from_wordfreq_pt
wfpt-02555,arthur,,,2610,,seed_from_wordfreq_pt
wfpt-02556,atender,,,2611,,seed_from_wordfreq_pt
wfpt-02557,atletas,,,2612,,seed_from_wordfreq_pt
wfpt-02558,barulho,,,2613,,seed_from_wordfreq_pt
wfpt-02559,black,,,2614,,seed_from_wordfreq_pt
wfpt-02560,braços,,,2615,,seed_from_wordfreq_pt
wfpt-02561,carvalho,,,2616,,seed_from_wordfreq_pt
wfpt-02562,categorias,,,2617,,seed_from_wordfreq_pt
wfpt-02563,católica,,,2618,,seed_from_wordfreq_pt
wfpt-02564,causar,,,2619,,seed_from_wordfreq_pt
wfpt-02565,cento,,,2620,,seed_from_wordfreq_pt
wfpt-02566,chris,,,2621,,seed_from_wordfreq_pt
wfpt-02567,cidadão,,,2622,,seed_from_wordfreq_pt
wfpt-02568,computadores,,,2623,,seed_from_wordfreq_pt
wfpt-02569,conclusão,,,2624,,seed_from_wordfreq_pt
wfpt-02570,criando,,,2625,,seed_from_wordfreq_pt
wfpt-02571,desafios,,,2626,,seed_from_wordfreq_pt
wfpt-02572,destaca,,,2627,,seed_from_wordfreq_pt
wfpt-02573,doutor,,,2628,,seed_from_wordfreq_pt
wfpt-02574,ei,,,2629,,seed_from_wordfreq_pt
wfpt-02575,entrega,,,2630,,seed_from_wordfreq_pt
wfpt-02576,es,,,2631,,seed_from_wordfreq_pt
wfpt-02577,escreve,,,2632,,seed_from_wordfreq_pt
wfpt-02578,especialistas,,,2633,,seed_from_wordfreq_pt
wfpt-02579,esperava,,,2634,,seed_from_wordfreq_pt
wfpt-02580,famosa,,,2636,,seed_from_wordfreq_pt
wfpt-02581,fará,,,2637,,seed_from_wordfreq_pt
wfpt-02582,histórica,,,2638,,seed_from_wordfreq_pt
wfpt-02583,irei,,,2639,,seed_from_wordfreq_pt
wfpt-02584,jogou,,,2640,,seed_from_wordfreq_pt
wfpt-02585,max,,,2641,,seed_from_wordfreq_pt
wfpt-02586,métodos,,,2642,,seed_from_wordfreq_pt
wfpt-02587,negros,,,2643,,seed_from_wordfreq_pt
wfpt-02588,parlamento,,,2644,,seed_from_wordfreq_pt
wfpt-02589,parou,,,2645,,seed_from_wordfreq_pt
wfpt-02590,penal,,,2646,,seed_from_wordfreq_pt
wfpt-02591,petróleo,,,2647,,seed_from_wordfreq_pt
wfpt-02592,pop,,,2648,,seed_from_wordfreq_pt
wfpt-02593,propaganda,,,2649,,seed_from_wordfreq_pt
wfpt-02594,shopping,,,2650,,seed_from_wordfreq_pt
wfpt-02595,shows,,,2651,,seed_from_wordfreq_pt
wfpt-02596,sofrer,,,2652,,seed_from_wordfreq_pt
wfpt-02597,sofreu,,,2653,,seed_from_wordfreq_pt
wfpt-02598,sérgio,,,2654,,seed_from_wordfreq_pt
wfpt-02599,tomada,,,2655,,seed_from_wordfreq_pt
wfpt-02600,trânsito,,,2656,,seed_from_wordfreq_pt
wfpt-02601,vendas,,,2657,,seed_from_wordfreq_pt
wfpt-02602,vieram,,,2658,,seed_from_wordfreq_pt
wfpt-02603,órgão,,,2659,,seed_from_wordfreq_pt
wfpt-02604,alimentar,,,2660,,seed_from_wordfreq_pt
wfpt-02605,aliás,,,2661,,seed_from_wordfreq_pt
wfpt-02606,apoiar,,,2662,,seed_from_wordfreq_pt
wfpt-02607,baixar,,,2663,,seed_from_wordfreq_pt
wfpt-02608,bolsonaro,,,2664,,seed_from_wordfreq_pt
wfpt-02609,canadá,,,2665,,seed_from_wordfreq_pt
wfpt-02610,certas,,,2666,,seed_from_wordfreq_pt
wfpt-02611,ciclo,,,2667,,seed_from_wordfreq_pt
wfpt-02612,cirurgia,,,2668,,seed_from_wordfreq_pt
wfpt-02613,colega,,,2669,,seed_from_wordfreq_pt
wfpt-02614,deixam,,,2670,,seed_from_wordfreq_pt
wfpt-02615,descobri,,,2671,,seed_from_wordfreq_pt
wfpt-02616,descobriu,,,2672,,seed_from_wordfreq_pt
wfpt-02617,desenvolvido,,,2673,,seed_from_wordfreq_pt
wfpt-02618,divulgar,,,2674,,seed_from_wordfreq_pt
wfpt-02619,endereço,,,2675,,seed_from_wordfreq_pt
wfpt-02620,enviou,,,2676,,seed_from_wordfreq_pt
wfpt-02621,envolvendo,,,2677,,seed_from_wordfreq_pt
wfpt-02622,estivesse,,,2678,,seed_from_wordfreq_pt
wfpt-02623,estrangeiros,,,2679,,seed_from_wordfreq_pt
wfpt-02624,et,,,2680,,seed_from_wordfreq_pt
wfpt-02625,fifa,,,2681,,seed_from_wordfreq_pt
wfpt-02626,henry,,,2682,,seed_from_wordfreq_pt
wfpt-02627,herói,,,2683,,seed_from_wordfreq_pt
wfpt-02628,house,,,2684,,seed_from_wordfreq_pt
wfpt-02629,jack,,,2685,,seed_from_wordfreq_pt
wfpt-02630,joga,,,2686,,seed_from_wordfreq_pt
wfpt-02631,kim,,,2687,,seed_from_wordfreq_pt
wfpt-02632,lendo,,,2688,,seed_from_wordfreq_pt
wfpt-02633,luís,,,2689,,seed_from_wordfreq_pt
wfpt-02634,marcas,,,2690,,seed_from_wordfreq_pt
wfpt-02635,matou,,,2691,,seed_from_wordfreq_pt
wfpt-02636,pacientes,,,2692,,seed_from_wordfreq_pt
wfpt-02637,passageiros,,,2693,,seed_from_wordfreq_pt
wfpt-02638,pedras,,,2694,,seed_from_wordfreq_pt
wfpt-02639,peito,,,2695,,seed_from_wordfreq_pt
wfpt-02640,personalidade,,,2696,,seed_from_wordfreq_pt
wfpt-02641,perspectiva,,,2697,,seed_from_wordfreq_pt
wfpt-02642,poesia,,,2698,,seed_from_wordfreq_pt
wfpt-02643,prefiro,,,2699,,seed_from_wordfreq_pt
wfpt-02644,privado,,,2700,,seed_from_wordfreq_pt
wfpt-02645,recém,,,2701,,seed_from_wordfreq_pt
wfpt-02646,seguiu,,,2702,,seed_from_wordfreq_pt
wfpt-02647,treino,,,2703,,seed_from_wordfreq_pt
wfpt-02648,agenda,,,2704,,seed_from_wordfreq_pt
wfpt-02649,am,,,2705,,seed_from_wordfreq_pt
wfpt-02650,aplicação,,,2706,,seed_from_wordfreq_pt
wfpt-02651,baseada,,,2707,,seed_from_wordfreq_pt
wfpt-02652,beira,,,2708,,seed_from_wordfreq_pt
wfpt-02653,cansado,,,2709,,seed_from_wordfreq_pt
wfpt-02654,centros,,,2710,,seed_from_wordfreq_pt
wfpt-02655,chá,,,2711,,seed_from_wordfreq_pt
wfpt-02656,colômbia,,,2713,,seed_from_wordfreq_pt
wfpt-02657,combustível,,,2714,,seed_from_wordfreq_pt
wfpt-02658,conseguiram,,,2715,,seed_from_wordfreq_pt
wfpt-02659,contando,,,2716,,seed_from_wordfreq_pt
wfpt-02660,correndo,,,2717,,seed_from_wordfreq_pt
wfpt-02661,diego,,,2718,,seed_from_wordfreq_pt
wfpt-02662,drama,,,2719,,seed_from_wordfreq_pt
wfpt-02663,editor,,,2720,,seed_from_wordfreq_pt
wfpt-02664,egito,,,2721,,seed_from_wordfreq_pt
wfpt-02665,especialista,,,2722,,seed_from_wordfreq_pt
wfpt-02666,existir,,,2723,,seed_from_wordfreq_pt
wfpt-02667,fechado,,,2724,,seed_from_wordfreq_pt
wfpt-02668,fundador,,,2725,,seed_from_wordfreq_pt
wfpt-02669,ha,,,2726,,seed_from_wordfreq_pt
wfpt-02670,iii,,,2727,,seed_from_wordfreq_pt
wfpt-02671,impostos,,,2728,,seed_from_wordfreq_pt
wfpt-02672,impressionante,,,2729,,seed_from_wordfreq_pt
wfpt-02673,incêndio,,,2730,,seed_from_wordfreq_pt
wfpt-02674,individual,,,2731,,seed_from_wordfreq_pt
wfpt-02675,jogando,,,2732,,seed_from_wordfreq_pt
wfpt-02676,lançada,,,2733,,seed_from_wordfreq_pt
wfpt-02677,like,,,2734,,seed_from_wordfreq_pt
wfpt-02678,lojas,,,2735,,seed_from_wordfreq_pt
wfpt-02679,man,,,2736,,seed_from_wordfreq_pt
wfpt-02680,maravilhosa,,,2737,,seed_from_wordfreq_pt
wfpt-02681,moeda,,,2738,,seed_from_wordfreq_pt
wfpt-02682,montanhas,,,2739,,seed_from_wordfreq_pt
wfpt-02683,morre,,,2740,,seed_from_wordfreq_pt
wfpt-02684,organizado,,,2741,,seed_from_wordfreq_pt
wfpt-02685,oriente,,,2742,,seed_from_wordfreq_pt
wfpt-02686,particularmente,,,2743,,seed_from_wordfreq_pt
wfpt-02687,peixes,,,2744,,seed_from_wordfreq_pt
wfpt-02688,perante,,,2745,,seed_from_wordfreq_pt
wfpt-02689,produtores,,,2746,,seed_from_wordfreq_pt
wfpt-02690,propriedades,,,2747,,seed_from_wordfreq_pt
wfpt-02691,publicar,,,2748,,seed_from_wordfreq_pt
wfpt-02692,robert,,,2749,,seed_from_wordfreq_pt
wfpt-02693,saia,,,2750,,seed_from_wordfreq_pt
wfpt-02694,salão,,,2751,,seed_from_wordfreq_pt
wfpt-02695,tempestade,,,2752,,seed_from_wordfreq_pt
wfpt-02696,treinador,,,2753,,seed_from_wordfreq_pt
wfpt-02697,unidas,,,2754,,seed_from_wordfreq_pt
wfpt-02698,utilizar,,,2755,,seed_from_wordfreq_pt
wfpt-02699,van,,,2756,,seed_from_wordfreq_pt
wfpt-02700,acaso,,,2759,,seed_from_wordfreq_pt
wfpt-02701,achou,,,2760,,seed_from_wordfreq_pt
wfpt-02702,agradeço,,,2761,,seed_from_wordfreq_pt
wfpt-02703,ambas,,,2762,,seed_from_wordfreq_pt
wfpt-02704,austrália,,,2763,,seed_from_wordfreq_pt
wfpt-02705,cd,,,2764,,seed_from_wordfreq_pt
wfpt-02706,colocado,,,2765,,seed_from_wordfreq_pt
wfpt-02707,coluna,,,2766,,seed_from_wordfreq_pt
wfpt-02708,conflitos,,,2767,,seed_from_wordfreq_pt
wfpt-02709,considera,,,2768,,seed_from_wordfreq_pt
wfpt-02710,creio,,,2769,,seed_from_wordfreq_pt
wfpt-02711,cumprir,,,2770,,seed_from_wordfreq_pt
wfpt-02712,cura,,,2771,,seed_from_wordfreq_pt
wfpt-02713,dedo,,,2772,,seed_from_wordfreq_pt
wfpt-02714,dificuldade,,,2773,,seed_from_wordfreq_pt
wfpt-02715,direta,,,2774,,seed_from_wordfreq_pt
wfpt-02716,equipamentos,,,2775,,seed_from_wordfreq_pt
wfpt-02717,fazê,,,2776,,seed_from_wordfreq_pt
wfpt-02718,fc,,,2777,,seed_from_wordfreq_pt
wfpt-02719,federação,,,2778,,seed_from_wordfreq_pt
wfpt-02720,identificação,,,2779,,seed_from_wordfreq_pt
wfpt-02721,instrumento,,,2780,,seed_from_wordfreq_pt
wfpt-02722,moderna,,,2781,,seed_from_wordfreq_pt
wfpt-02723,morreram,,,2782,,seed_from_wordfreq_pt
wfpt-02724,nesses,,,2783,,seed_from_wordfreq_pt
wfpt-02725,nuclear,,,2784,,seed_from_wordfreq_pt
wfpt-02726,objetos,,,2785,,seed_from_wordfreq_pt
wfpt-02727,padrões,,,2786,,seed_from_wordfreq_pt
wfpt-02728,paredes,,,2787,,seed_from_wordfreq_pt
wfpt-02729,parem,,,2788,,seed_from_wordfreq_pt
wfpt-02730,permanente,,,2789,,seed_from_wordfreq_pt
wfpt-02731,pobres,,,2790,,seed_from_wordfreq_pt
wfpt-02732,preta,,,2791,,seed_from_wordfreq_pt
wfpt-02733,primo,,,2792,,seed_from_wordfreq_pt
wfpt-02734,produzido,,,2793,,seed_from_wordfreq_pt
wfpt-02735,projecto,,,2794,,seed_from_wordfreq_pt
wfpt-02736,provar,,,2795,,seed_from_wordfreq_pt
wfpt-02737,próximas,,,2796,,seed_from_wordfreq_pt
wfpt-02738,quebrar,,,2797,,seed_from_wordfreq_pt
wfpt-02739,ranking,,,2798,,seed_from_wordfreq_pt
wfpt-02740,realizados,,,2799,,seed_from_wordfreq_pt
wfpt-02741,relacionadas,,,2800,,seed_from_wordfreq_pt
wfpt-02742,repente,,,2801,,seed_from_wordfreq_pt
wfpt-02743,representação,,,2802,,seed_from_wordfreq_pt
wfpt-02744,responde,,,2803,,seed_from_wordfreq_pt
wfpt-02745,rios,,,2804,,seed_from_wordfreq_pt
wfpt-02746,seca,,,2805,,seed_from_wordfreq_pt
wfpt-02747,sentem,,,2806,,seed_from_wordfreq_pt
wfpt-02748,supremo,,,2807,,seed_from_wordfreq_pt
wfpt-02749,teremos,,,2808,,seed_from_wordfreq_pt
wfpt-02750,turno,,,2809,,seed_from_wordfreq_pt
wfpt-02751,vantagem,,,2810,,seed_from_wordfreq_pt
wfpt-02752,vazio,,,2811,,seed_from_wordfreq_pt
wfpt-02753,viagens,,,2812,,seed_from_wordfreq_pt
wfpt-02754,vizinhos,,,2813,,seed_from_wordfreq_pt
wfpt-02755,índice,,,2814,,seed_from_wordfreq_pt
wfpt-02756,abordagem,,,2815,,seed_from_wordfreq_pt
wfpt-02757,aliança,,,2816,,seed_from_wordfreq_pt
wfpt-02758,an,,,2817,,seed_from_wordfreq_pt
wfpt-02759,atacar,,,2818,,seed_from_wordfreq_pt
wfpt-02760,bairros,,,2819,,seed_from_wordfreq_pt
wfpt-02761,cadeira,,,2820,,seed_from_wordfreq_pt
wfpt-02762,cai,,,2821,,seed_from_wordfreq_pt
wfpt-02763,castelo,,,2822,,seed_from_wordfreq_pt
wfpt-02764,caça,,,2823,,seed_from_wordfreq_pt
wfpt-02765,chamadas,,,2824,,seed_from_wordfreq_pt
wfpt-02766,coloque,,,2825,,seed_from_wordfreq_pt
wfpt-02767,comprei,,,2826,,seed_from_wordfreq_pt
wfpt-02768,considerar,,,2827,,seed_from_wordfreq_pt
wfpt-02769,cresceu,,,2828,,seed_from_wordfreq_pt
wfpt-02770,cães,,,2829,,seed_from_wordfreq_pt
wfpt-02771,derrota,,,2830,,seed_from_wordfreq_pt
wfpt-02772,determinado,,,2831,,seed_from_wordfreq_pt
wfpt-02773,diferenças,,,2832,,seed_from_wordfreq_pt
wfpt-02774,eis,,,2833,,seed_from_wordfreq_pt
wfpt-02775,estarão,,,2834,,seed_from_wordfreq_pt
wfpt-02776,estruturas,,,2835,,seed_from_wordfreq_pt
wfpt-02777,exercício,,,2836,,seed_from_wordfreq_pt
wfpt-02778,físico,,,2837,,seed_from_wordfreq_pt
wfpt-02779,glória,,,2838,,seed_from_wordfreq_pt
wfpt-02780,home,,,2839,,seed_from_wordfreq_pt
wfpt-02781,jornalistas,,,2840,,seed_from_wordfreq_pt
wfpt-02782,lógica,,,2841,,seed_from_wordfreq_pt
wfpt-02783,marcar,,,2842,,seed_from_wordfreq_pt
wfpt-02784,mel,,,2843,,seed_from_wordfreq_pt
wfpt-02785,participou,,,2844,,seed_from_wordfreq_pt
wfpt-02786,pará,,,2845,,seed_from_wordfreq_pt
wfpt-02787,percebi,,,2846,,seed_from_wordfreq_pt
wfpt-02788,pinto,,,2847,,seed_from_wordfreq_pt
wfpt-02789,puder,,,2848,,seed_from_wordfreq_pt
wfpt-02790,quão,,,2849,,seed_from_wordfreq_pt
wfpt-02791,recuperar,,,2850,,seed_from_wordfreq_pt
wfpt-02792,revelou,,,2851,,seed_from_wordfreq_pt
wfpt-02793,seguem,,,2852,,seed_from_wordfreq_pt
wfpt-02794,suporte,,,2853,,seed_from_wordfreq_pt
wfpt-02795,tropas,,,2854,,seed_from_wordfreq_pt
wfpt-02796,vemos,,,2855,,seed_from_wordfreq_pt
wfpt-02797,vencedor,,,2856,,seed_from_wordfreq_pt
wfpt-02798,verificar,,,2857,,seed_from_wordfreq_pt
wfpt-02799,acabaram,,,2858,,seed_from_wordfreq_pt
wfpt-02800,adolescente,,,2859,,seed_from_wordfreq_pt
wfpt-02801,anúncio,,,2860,,seed_from_wordfreq_pt
wfpt-02802,arquitetura,,,2861,,seed_from_wordfreq_pt
wfpt-02803,bíblia,,,2862,,seed_from_wordfreq_pt
wfpt-02804,cabe,,,2863,,seed_from_wordfreq_pt
wfpt-02805,carioca,,,2864,,seed_from_wordfreq_pt
wfpt-02806,causas,,,2865,,seed_from_wordfreq_pt
wfpt-02807,chamados,,,2866,,seed_from_wordfreq_pt
wfpt-02808,charles,,,2867,,seed_from_wordfreq_pt
wfpt-02809,chinês,,,2868,,seed_from_wordfreq_pt
wfpt-02810,cruzeiro,,,2869,,seed_from_wordfreq_pt
wfpt-02811,dentes,,,2870,,seed_from_wordfreq_pt
wfpt-02812,depressão,,,2871,,seed_from_wordfreq_pt
wfpt-02813,destruição,,,2872,,seed_from_wordfreq_pt
wfpt-02814,dívida,,,2873,,seed_from_wordfreq_pt
wfpt-02815,empresário,,,2874,,seed_from_wordfreq_pt
wfpt-02816,enviado,,,2875,,seed_from_wordfreq_pt
wfpt-02817,envolvidos,,,2876,,seed_from_wordfreq_pt
wfpt-02818,esforços,,,2877,,seed_from_wordfreq_pt
wfpt-02819,esqueci,,,2878,,seed_from_wordfreq_pt
wfpt-02820,expectativa,,,2879,,seed_from_wordfreq_pt
wfpt-02821,extra,,,2880,,seed_from_wordfreq_pt
wfpt-02822,fale,,,2881,,seed_from_wordfreq_pt
wfpt-02823,falha,,,2882,,seed_from_wordfreq_pt
wfpt-02824,financeira,,,2883,,seed_from_wordfreq_pt
wfpt-02825,gigante,,,2884,,seed_from_wordfreq_pt
wfpt-02826,gostou,,,2885,,seed_from_wordfreq_pt
wfpt-02827,grécia,,,2886,,seed_from_wordfreq_pt
wfpt-02828,habilidades,,,2887,,seed_from_wordfreq_pt
wfpt-02829,inicialmente,,,2888,,seed_from_wordfreq_pt
wfpt-02830,ja,,,2889,,seed_from_wordfreq_pt
wfpt-02831,juan,,,2890,,seed_from_wordfreq_pt
wfpt-02832,machado,,,2891,,seed_from_wordfreq_pt
wfpt-02833,mamãe,,,2892,,seed_from_wordfreq_pt
wfpt-02834,manuel,,,2893,,seed_from_wordfreq_pt
wfpt-02835,montanha,,,2894,,seed_from_wordfreq_pt
wfpt-02836,novidade,,,2895,,seed_from_wordfreq_pt
wfpt-02837,orçamento,,,2896,,seed_from_wordfreq_pt
wfpt-02838,papo,,,2897,,seed_from_wordfreq_pt
wfpt-02839,pense,,,2898,,seed_from_wordfreq_pt
wfpt-02840,pernambuco,,,2899,,seed_from_wordfreq_pt
wfpt-02841,pescoço,,,2900,,seed_from_wordfreq_pt
wfpt-02842,posições,,,2901,,seed_from_wordfreq_pt
wfpt-02843,pr,,,2902,,seed_from_wordfreq_pt
wfpt-02844,prima,,,2903,,seed_from_wordfreq_pt
wfpt-02845,quebra,,,2904,,seed_from_wordfreq_pt
wfpt-02846,ramos,,,2905,,seed_from_wordfreq_pt
wfpt-02847,realizadas,,,2906,,seed_from_wordfreq_pt
wfpt-02848,recife,,,2907,,seed_from_wordfreq_pt
wfpt-02849,resumo,,,2908,,seed_from_wordfreq_pt
wfpt-02850,richard,,,2909,,seed_from_wordfreq_pt
wfpt-02851,sono,,,2910,,seed_from_wordfreq_pt
wfpt-02852,séries,,,2911,,seed_from_wordfreq_pt
wfpt-02853,talento,,,2912,,seed_from_wordfreq_pt
wfpt-02854,tensão,,,2913,,seed_from_wordfreq_pt
wfpt-02855,teus,,,2914,,seed_from_wordfreq_pt
wfpt-02856,tomando,,,2915,,seed_from_wordfreq_pt
wfpt-02857,tornaram,,,2916,,seed_from_wordfreq_pt
wfpt-02858,transferência,,,2917,,seed_from_wordfreq_pt
wfpt-02859,your,,,2918,,seed_from_wordfreq_pt
wfpt-02860,óleo,,,2919,,seed_from_wordfreq_pt
wfpt-02861,acusado,,,2920,,seed_from_wordfreq_pt
wfpt-02862,altamente,,,2921,,seed_from_wordfreq_pt
wfpt-02863,antigas,,,2923,,seed_from_wordfreq_pt
wfpt-02864,assistente,,,2924,,seed_from_wordfreq_pt
wfpt-02865,avaliação,,,2925,,seed_from_wordfreq_pt
wfpt-02866,bob,,,2926,,seed_from_wordfreq_pt
wfpt-02867,brancos,,,2927,,seed_from_wordfreq_pt
wfpt-02868,briga,,,2928,,seed_from_wordfreq_pt
wfpt-02869,cerimônia,,,2929,,seed_from_wordfreq_pt
wfpt-02870,chaves,,,2930,,seed_from_wordfreq_pt
wfpt-02871,city,,,2931,,seed_from_wordfreq_pt
wfpt-02872,comparação,,,2932,,seed_from_wordfreq_pt
wfpt-02873,consequências,,,2933,,seed_from_wordfreq_pt
wfpt-02874,constitucional,,,2934,,seed_from_wordfreq_pt
wfpt-02875,convidado,,,2935,,seed_from_wordfreq_pt
wfpt-02876,convite,,,2936,,seed_from_wordfreq_pt
wfpt-02877,curitiba,,,2937,,seed_from_wordfreq_pt
wfpt-02878,defende,,,2938,,seed_from_wordfreq_pt
wfpt-02879,deixaram,,,2939,,seed_from_wordfreq_pt
wfpt-02880,deixei,,,2940,,seed_from_wordfreq_pt
wfpt-02881,documentário,,,2941,,seed_from_wordfreq_pt
wfpt-02882,encontrada,,,2942,,seed_from_wordfreq_pt
wfpt-02883,entidade,,,2943,,seed_from_wordfreq_pt
wfpt-02884,espécies,,,2944,,seed_from_wordfreq_pt
wfpt-02885,estranha,,,2945,,seed_from_wordfreq_pt
wfpt-02886,ficava,,,2946,,seed_from_wordfreq_pt
wfpt-02887,fã,,,2947,,seed_from_wordfreq_pt
wfpt-02888,https,,,2948,,seed_from_wordfreq_pt
wfpt-02889,iguais,,,2949,,seed_from_wordfreq_pt
wfpt-02890,indicado,,,2950,,seed_from_wordfreq_pt
wfpt-02891,instalação,,,2951,,seed_from_wordfreq_pt
wfpt-02892,instrumentos,,,2952,,seed_from_wordfreq_pt
wfpt-02893,interna,,,2953,,seed_from_wordfreq_pt
wfpt-02894,jornalismo,,,2954,,seed_from_wordfreq_pt
wfpt-02895,lago,,,2955,,seed_from_wordfreq_pt
wfpt-02896,lembre,,,2956,,seed_from_wordfreq_pt
wfpt-02897,lê,,,2957,,seed_from_wordfreq_pt
wfpt-02898,madrugada,,,2958,,seed_from_wordfreq_pt
wfpt-02899,marcou,,,2959,,seed_from_wordfreq_pt
wfpt-02900,martin,,,2960,,seed_from_wordfreq_pt
wfpt-02901,ministros,,,2961,,seed_from_wordfreq_pt
wfpt-02902,morar,,,2962,,seed_from_wordfreq_pt
wfpt-02903,mostram,,,2963,,seed_from_wordfreq_pt
wfpt-02904,motorista,,,2964,,seed_from_wordfreq_pt
wfpt-02905,news,,,2965,,seed_from_wordfreq_pt
wfpt-02906,noites,,,2966,,seed_from_wordfreq_pt
wfpt-02907,orientação,,,2967,,seed_from_wordfreq_pt
wfpt-02908,ouviu,,,2968,,seed_from_wordfreq_pt
wfpt-02909,perde,,,2969,,seed_from_wordfreq_pt
wfpt-02910,postos,,,2970,,seed_from_wordfreq_pt
wfpt-02911,publicações,,,2971,,seed_from_wordfreq_pt
wfpt-02912,recentes,,,2972,,seed_from_wordfreq_pt
wfpt-02913,reduzir,,,2973,,seed_from_wordfreq_pt
wfpt-02914,ribeiro,,,2974,,seed_from_wordfreq_pt
wfpt-02915,russa,,,2975,,seed_from_wordfreq_pt
wfpt-02916,taylor,,,2976,,seed_from_wordfreq_pt
wfpt-02917,teriam,,,2977,,seed_from_wordfreq_pt
wfpt-02918,tour,,,2978,,seed_from_wordfreq_pt
wfpt-02919,usadas,,,2979,,seed_from_wordfreq_pt
wfpt-02920,utilizando,,,2980,,seed_from_wordfreq_pt
wfpt-02921,venezuela,,,2981,,seed_from_wordfreq_pt
wfpt-02922,adolescentes,,,2983,,seed_from_wordfreq_pt
wfpt-02923,almeida,,,2984,,seed_from_wordfreq_pt
wfpt-02924,aparência,,,2985,,seed_from_wordfreq_pt
wfpt-02925,apresentam,,,2986,,seed_from_wordfreq_pt
wfpt-02926,aprovado,,,2987,,seed_from_wordfreq_pt
wfpt-02927,areia,,,2988,,seed_from_wordfreq_pt
wfpt-02928,arroz,,,2989,,seed_from_wordfreq_pt
wfpt-02929,aumenta,,,2990,,seed_from_wordfreq_pt
wfpt-02930,basicamente,,,2991,,seed_from_wordfreq_pt
wfpt-02931,be,,,2992,,seed_from_wordfreq_pt
wfpt-02932,capítulo,,,2993,,seed_from_wordfreq_pt
wfpt-02933,cavalo,,,2994,,seed_from_wordfreq_pt
wfpt-02934,chamam,,,2995,,seed_from_wordfreq_pt
wfpt-02935,choque,,,2996,,seed_from_wordfreq_pt
wfpt-02936,concentração,,,2997,,seed_from_wordfreq_pt
wfpt-02937,conversas,,,2998,,seed_from_wordfreq_pt
wfpt-02938,corinthians,,,2999,,seed_from_wordfreq_pt
wfpt-02939,coroa,,,3000,,seed_from_wordfreq_pt
wfpt-02940,cunha,,,3001,,seed_from_wordfreq_pt
wfpt-02941,descoberta,,,3002,,seed_from_wordfreq_pt
wfpt-02942,desistir,,,3003,,seed_from_wordfreq_pt
wfpt-02943,dica,,,3004,,seed_from_wordfreq_pt
wfpt-02944,escolhido,,,3005,,seed_from_wordfreq_pt
wfpt-02945,esqueça,,,3006,,seed_from_wordfreq_pt
wfpt-02946,euros,,,3007,,seed_from_wordfreq_pt
wfpt-02947,explosão,,,3008,,seed_from_wordfreq_pt
wfpt-02948,ficamos,,,3009,,seed_from_wordfreq_pt
wfpt-02949,financiamento,,,3010,,seed_from_wordfreq_pt
wfpt-02950,fizemos,,,3011,,seed_from_wordfreq_pt
wfpt-02951,fluxo,,,3012,,seed_from_wordfreq_pt
wfpt-02952,formado,,,3013,,seed_from_wordfreq_pt
wfpt-02953,formar,,,3014,,seed_from_wordfreq_pt
wfpt-02954,frank,,,3015,,seed_from_wordfreq_pt
wfpt-02955,identificar,,,3016,,seed_from_wordfreq_pt
wfpt-02956,indivíduo,,,3017,,seed_from_wordfreq_pt
wfpt-02957,international,,,3018,,seed_from_wordfreq_pt
wfpt-02958,intitulado,,,3019,,seed_from_wordfreq_pt
wfpt-02959,jornada,,,3020,,seed_from_wordfreq_pt
wfpt-02960,jr,,,3021,,seed_from_wordfreq_pt
wfpt-02961,lee,,,3022,,seed_from_wordfreq_pt
wfpt-02962,lenda,,,3023,,seed_from_wordfreq_pt
wfpt-02963,life,,,3024,,seed_from_wordfreq_pt
wfpt-02964,links,,,3025,,seed_from_wordfreq_pt
wfpt-02965,martins,,,3026,,seed_from_wordfreq_pt
wfpt-02966,metal,,,3027,,seed_from_wordfreq_pt
wfpt-02967,nariz,,,3028,,seed_from_wordfreq_pt
wfpt-02968,núcleo,,,3029,,seed_from_wordfreq_pt
wfpt-02969,obviamente,,,3030,,seed_from_wordfreq_pt
wfpt-02970,ocupação,,,3031,,seed_from_wordfreq_pt
wfpt-02971,organizar,,,3032,,seed_from_wordfreq_pt
wfpt-02972,percebe,,,3033,,seed_from_wordfreq_pt
wfpt-02973,permissão,,,3034,,seed_from_wordfreq_pt
wfpt-02974,pintura,,,3035,,seed_from_wordfreq_pt
wfpt-02975,prata,,,3036,,seed_from_wordfreq_pt
wfpt-02976,provável,,,3037,,seed_from_wordfreq_pt
wfpt-02977,recebi,,,3038,,seed_from_wordfreq_pt
wfpt-02978,relativamente,,,3039,,seed_from_wordfreq_pt
wfpt-02979,retirada,,,3040,,seed_from_wordfreq_pt
wfpt-02980,retirar,,,3041,,seed_from_wordfreq_pt
wfpt-02981,rocha,,,3042,,seed_from_wordfreq_pt
wfpt-02982,senão,,,3044,,seed_from_wordfreq_pt
wfpt-02983,tabela,,,3045,,seed_from_wordfreq_pt
wfpt-02984,tiros,,,3046,,seed_from_wordfreq_pt
wfpt-02985,trinta,,,3047,,seed_from_wordfreq_pt
wfpt-02986,títulos,,,3048,,seed_from_wordfreq_pt
wfpt-02987,universidades,,,3049,,seed_from_wordfreq_pt
wfpt-02988,visual,,,3050,,seed_from_wordfreq_pt
wfpt-02989,voo,,,3051,,seed_from_wordfreq_pt
wfpt-02990,âmbito,,,3052,,seed_from_wordfreq_pt
wfpt-02991,alice,,,3053,,seed_from_wordfreq_pt
wfpt-02992,altas,,,3054,,seed_from_wordfreq_pt
wfpt-02993,anjo,,,3055,,seed_from_wordfreq_pt
wfpt-02994,aspecto,,,3056,,seed_from_wordfreq_pt
wfpt-02995,center,,,3057,,seed_from_wordfreq_pt
wfpt-02996,chances,,,3058,,seed_from_wordfreq_pt
wfpt-02997,colocando,,,3059,,seed_from_wordfreq_pt
wfpt-02998,compromisso,,,3060,,seed_from_wordfreq_pt
wfpt-02999,comprou,,,3061,,seed_from_wordfreq_pt
wfpt-03000,confiar,,,3062,,seed_from_wordfreq_pt
wfpt-03001,conheceu,,,3063,,seed_from_wordfreq_pt
wfpt-03002,crítico,,,3064,,seed_from_wordfreq_pt
wfpt-03003,cão,,,3065,,seed_from_wordfreq_pt
wfpt-03004,dava,,,3066,,seed_from_wordfreq_pt
wfpt-03005,definitivamente,,,3067,,seed_from_wordfreq_pt
wfpt-03006,dever,,,3068,,seed_from_wordfreq_pt
wfpt-03007,difíceis,,,3069,,seed_from_wordfreq_pt
wfpt-03008,duro,,,3070,,seed_from_wordfreq_pt
wfpt-03009,entregue,,,3071,,seed_from_wordfreq_pt
wfpt-03010,equipamento,,,3072,,seed_from_wordfreq_pt
wfpt-03011,europeus,,,3073,,seed_from_wordfreq_pt
wfpt-03012,exame,,,3074,,seed_from_wordfreq_pt
wfpt-03013,expansão,,,3075,,seed_from_wordfreq_pt
wfpt-03014,explicação,,,3076,,seed_from_wordfreq_pt
wfpt-03015,falamos,,,3077,,seed_from_wordfreq_pt
wfpt-03016,falso,,,3078,,seed_from_wordfreq_pt
wfpt-03017,fila,,,3079,,seed_from_wordfreq_pt
wfpt-03018,flamengo,,,3080,,seed_from_wordfreq_pt
wfpt-03019,ganhando,,,3081,,seed_from_wordfreq_pt
wfpt-03020,gustavo,,,3082,,seed_from_wordfreq_pt
wfpt-03021,hipótese,,,3083,,seed_from_wordfreq_pt
wfpt-03022,inferior,,,3084,,seed_from_wordfreq_pt
wfpt-03023,iniciou,,,3085,,seed_from_wordfreq_pt
wfpt-03024,instalações,,,3086,,seed_from_wordfreq_pt
wfpt-03025,introdução,,,3087,,seed_from_wordfreq_pt
wfpt-03026,italiano,,,3088,,seed_from_wordfreq_pt
wfpt-03027,lar,,,3089,,seed_from_wordfreq_pt
wfpt-03028,limpa,,,3090,,seed_from_wordfreq_pt
wfpt-03029,mental,,,3091,,seed_from_wordfreq_pt
wfpt-03030,máxima,,,3092,,seed_from_wordfreq_pt
wfpt-03031,off,,,3093,,seed_from_wordfreq_pt
wfpt-03032,opções,,,3094,,seed_from_wordfreq_pt
wfpt-03033,out,,,3095,,seed_from_wordfreq_pt
wfpt-03034,participaram,,,3096,,seed_from_wordfreq_pt
wfpt-03035,pastor,,,3097,,seed_from_wordfreq_pt
wfpt-03036,perna,,,3098,,seed_from_wordfreq_pt
wfpt-03037,piores,,,3099,,seed_from_wordfreq_pt
wfpt-03038,planta,,,3100,,seed_from_wordfreq_pt
wfpt-03039,pronta,,,3101,,seed_from_wordfreq_pt
wfpt-03040,queijo,,,3102,,seed_from_wordfreq_pt
wfpt-03041,querendo,,,3103,,seed_from_wordfreq_pt
wfpt-03042,registros,,,3104,,seed_from_wordfreq_pt
wfpt-03043,religiosa,,,3105,,seed_from_wordfreq_pt
wfpt-03044,ritmo,,,3106,,seed_from_wordfreq_pt
wfpt-03045,rotina,,,3107,,seed_from_wordfreq_pt
wfpt-03046,sofre,,,3108,,seed_from_wordfreq_pt
wfpt-03047,sorriso,,,3109,,seed_from_wordfreq_pt
wfpt-03048,soube,,,3110,,seed_from_wordfreq_pt
wfpt-03049,superfície,,,3111,,seed_from_wordfreq_pt
wfpt-03050,temer,,,3112,,seed_from_wordfreq_pt
wfpt-03051,trabalhou,,,3113,,seed_from_wordfreq_pt
wfpt-03052,vagas,,,3114,,seed_from_wordfreq_pt
wfpt-03053,vasco,,,3115,,seed_from_wordfreq_pt
wfpt-03054,victor,,,3116,,seed_from_wordfreq_pt
wfpt-03055,acordar,,,3117,,seed_from_wordfreq_pt
wfpt-03056,amigas,,,3118,,seed_from_wordfreq_pt
wfpt-03057,andando,,,3119,,seed_from_wordfreq_pt
wfpt-03058,arena,,,3120,,seed_from_wordfreq_pt
wfpt-03059,aventura,,,3121,,seed_from_wordfreq_pt
wfpt-03060,baby,,,3122,,seed_from_wordfreq_pt
wfpt-03061,bateu,,,3123,,seed_from_wordfreq_pt
wfpt-03062,bebida,,,3124,,seed_from_wordfreq_pt
wfpt-03063,caminhos,,,3125,,seed_from_wordfreq_pt
wfpt-03064,campanhas,,,3126,,seed_from_wordfreq_pt
wfpt-03065,campus,,,3127,,seed_from_wordfreq_pt
wfpt-03066,chamando,,,3128,,seed_from_wordfreq_pt
wfpt-03067,cientistas,,,3129,,seed_from_wordfreq_pt
wfpt-03068,complicado,,,3130,,seed_from_wordfreq_pt
wfpt-03069,composto,,,3131,,seed_from_wordfreq_pt
wfpt-03070,conquistar,,,3132,,seed_from_wordfreq_pt
wfpt-03071,diria,,,3133,,seed_from_wordfreq_pt
wfpt-03072,disposição,,,3134,,seed_from_wordfreq_pt
wfpt-03073,ditadura,,,3135,,seed_from_wordfreq_pt
wfpt-03074,elemento,,,3136,,seed_from_wordfreq_pt
wfpt-03075,elenco,,,3137,,seed_from_wordfreq_pt
wfpt-03076,esconder,,,3138,,seed_from_wordfreq_pt
wfpt-03077,escuro,,,3139,,seed_from_wordfreq_pt
wfpt-03078,existentes,,,3140,,seed_from_wordfreq_pt
wfpt-03079,fluminense,,,3141,,seed_from_wordfreq_pt
wfpt-03080,fornecer,,,3142,,seed_from_wordfreq_pt
wfpt-03081,frases,,,3143,,seed_from_wordfreq_pt
wfpt-03082,habilidade,,,3144,,seed_from_wordfreq_pt
wfpt-03083,ideal,,,3145,,seed_from_wordfreq_pt
wfpt-03084,individuais,,,3146,,seed_from_wordfreq_pt
wfpt-03085,informar,,,3147,,seed_from_wordfreq_pt
wfpt-03086,inspiração,,,3148,,seed_from_wordfreq_pt
wfpt-03087,invasão,,,3149,,seed_from_wordfreq_pt
wfpt-03088,investimento,,,3150,,seed_from_wordfreq_pt
wfpt-03089,jean,,,3151,,seed_from_wordfreq_pt
wfpt-03090,judeus,,,3152,,seed_from_wordfreq_pt
wfpt-03091,judicial,,,3153,,seed_from_wordfreq_pt
wfpt-03092,little,,,3154,,seed_from_wordfreq_pt
wfpt-03093,major,,,3155,,seed_from_wordfreq_pt
wfpt-03094,marinha,,,3156,,seed_from_wordfreq_pt
wfpt-03095,mega,,,3157,,seed_from_wordfreq_pt
wfpt-03096,memórias,,,3158,,seed_from_wordfreq_pt
wfpt-03097,miss,,,3159,,seed_from_wordfreq_pt
wfpt-03098,necessária,,,3160,,seed_from_wordfreq_pt
wfpt-03099,pego,,,3161,,seed_from_wordfreq_pt
wfpt-03100,pm,,,3162,,seed_from_wordfreq_pt
wfpt-03101,positivo,,,3163,,seed_from_wordfreq_pt
wfpt-03102,preparado,,,3164,,seed_from_wordfreq_pt
wfpt-03103,presa,,,3165,,seed_from_wordfreq_pt
wfpt-03104,realizou,,,3166,,seed_from_wordfreq_pt
wfpt-03105,rota,,,3167,,seed_from_wordfreq_pt
wfpt-03106,sal,,,3168,,seed_from_wordfreq_pt
wfpt-03107,taxas,,,3169,,seed_from_wordfreq_pt
wfpt-03108,transição,,,3170,,seed_from_wordfreq_pt
wfpt-03109,trecho,,,3171,,seed_from_wordfreq_pt
wfpt-03110,velhos,,,3172,,seed_from_wordfreq_pt
wfpt-03111,venceu,,,3173,,seed_from_wordfreq_pt
wfpt-03112,versões,,,3174,,seed_from_wordfreq_pt
wfpt-03113,we,,,3175,,seed_from_wordfreq_pt
wfpt-03114,zé,,,3176,,seed_from_wordfreq_pt
wfpt-03115,árabe,,,3177,,seed_from_wordfreq_pt
wfpt-03116,absolutamente,,,3178,,seed_from_wordfreq_pt
wfpt-03117,ajudando,,,3179,,seed_from_wordfreq_pt
wfpt-03118,amarelo,,,3180,,seed_from_wordfreq_pt
wfpt-03119,ampla,,,3181,,seed_from_wordfreq_pt
wfpt-03120,aparecem,,,3182,,seed_from_wordfreq_pt
wfpt-03121,aprendi,,,3183,,seed_from_wordfreq_pt
wfpt-03122,assinatura,,,3184,,seed_from_wordfreq_pt
wfpt-03123,aérea,,,3185,,seed_from_wordfreq_pt
wfpt-03124,benefícios,,,3186,,seed_from_wordfreq_pt
wfpt-03125,casado,,,3187,,seed_from_wordfreq_pt
wfpt-03126,cem,,,3188,,seed_from_wordfreq_pt
wfpt-03127,circulação,,,3189,,seed_from_wordfreq_pt
wfpt-03128,condenado,,,3190,,seed_from_wordfreq_pt
wfpt-03129,considerados,,,3191,,seed_from_wordfreq_pt
wfpt-03130,consiste,,,3192,,seed_from_wordfreq_pt
wfpt-03131,continuam,,,3193,,seed_from_wordfreq_pt
wfpt-03132,cooperação,,,3194,,seed_from_wordfreq_pt
wfpt-03133,copo,,,3195,,seed_from_wordfreq_pt
wfpt-03134,custos,,,3196,,seed_from_wordfreq_pt
wfpt-03135,células,,,3197,,seed_from_wordfreq_pt
wfpt-03136,dedos,,,3198,,seed_from_wordfreq_pt
wfpt-03137,entidades,,,3199,,seed_from_wordfreq_pt
wfpt-03138,escritores,,,3200,,seed_from_wordfreq_pt
wfpt-03139,específico,,,3201,,seed_from_wordfreq_pt
wfpt-03140,fiquem,,,3202,,seed_from_wordfreq_pt
wfpt-03141,franco,,,3203,,seed_from_wordfreq_pt
wfpt-03142,fria,,,3204,,seed_from_wordfreq_pt
wfpt-03143,funcionar,,,3205,,seed_from_wordfreq_pt
wfpt-03144,garotas,,,3206,,seed_from_wordfreq_pt
wfpt-03145,guilherme,,,3207,,seed_from_wordfreq_pt
wfpt-03146,hein,,,3208,,seed_from_wordfreq_pt
wfpt-03147,incluem,,,3209,,seed_from_wordfreq_pt
wfpt-03148,interpretação,,,3210,,seed_from_wordfreq_pt
wfpt-03149,juntas,,,3211,,seed_from_wordfreq_pt
wfpt-03150,limpeza,,,3212,,seed_from_wordfreq_pt
wfpt-03151,maneiras,,,3213,,seed_from_wordfreq_pt
wfpt-03152,marina,,,3214,,seed_from_wordfreq_pt
wfpt-03153,mary,,,3215,,seed_from_wordfreq_pt
wfpt-03154,microsoft,,,3216,,seed_from_wordfreq_pt
wfpt-03155,moderno,,,3217,,seed_from_wordfreq_pt
wfpt-03156,olimpíadas,,,3218,,seed_from_wordfreq_pt
wfpt-03157,organizada,,,3219,,seed_from_wordfreq_pt
wfpt-03158,pedidos,,,3220,,seed_from_wordfreq_pt
wfpt-03159,perguntando,,,3221,,seed_from_wordfreq_pt
wfpt-03160,permanece,,,3222,,seed_from_wordfreq_pt
wfpt-03161,poderoso,,,3223,,seed_from_wordfreq_pt
wfpt-03162,primavera,,,3224,,seed_from_wordfreq_pt
wfpt-03163,progresso,,,3225,,seed_from_wordfreq_pt
wfpt-03164,pôr,,,3226,,seed_from_wordfreq_pt
wfpt-03165,regionais,,,3227,,seed_from_wordfreq_pt
wfpt-03166,renato,,,3228,,seed_from_wordfreq_pt
wfpt-03167,resta,,,3229,,seed_from_wordfreq_pt
wfpt-03168,rir,,,3230,,seed_from_wordfreq_pt
wfpt-03169,roubar,,,3231,,seed_from_wordfreq_pt
wfpt-03170,rumo,,,3232,,seed_from_wordfreq_pt
wfpt-03171,santiago,,,3233,,seed_from_wordfreq_pt
wfpt-03172,semelhantes,,,3234,,seed_from_wordfreq_pt
wfpt-03173,sombra,,,3235,,seed_from_wordfreq_pt
wfpt-03174,stf,,,3236,,seed_from_wordfreq_pt
wfpt-03175,sujeito,,,3237,,seed_from_wordfreq_pt
wfpt-03176,tentei,,,3238,,seed_from_wordfreq_pt
wfpt-03177,torre,,,3239,,seed_from_wordfreq_pt
wfpt-03178,vigilância,,,3240,,seed_from_wordfreq_pt
wfpt-03179,virgem,,,3241,,seed_from_wordfreq_pt
wfpt-03180,walter,,,3242,,seed_from_wordfreq_pt
wfpt-03181,website,,,3243,,seed_from_wordfreq_pt
wfpt-03182,william,,,3244,,seed_from_wordfreq_pt
wfpt-03183,acreditam,,,3246,,seed_from_wordfreq_pt
wfpt-03184,alan,,,3247,,seed_from_wordfreq_pt
wfpt-03185,atores,,,3248,,seed_from_wordfreq_pt
wfpt-03186,avó,,,3249,,seed_from_wordfreq_pt
wfpt-03187,baixos,,,3250,,seed_from_wordfreq_pt
wfpt-03188,compras,,,3251,,seed_from_wordfreq_pt
wfpt-03189,conteúdos,,,3252,,seed_from_wordfreq_pt
wfpt-03190,continente,,,3253,,seed_from_wordfreq_pt
wfpt-03191,correto,,,3254,,seed_from_wordfreq_pt
wfpt-03192,demanda,,,3255,,seed_from_wordfreq_pt
wfpt-03193,des,,,3256,,seed_from_wordfreq_pt
wfpt-03194,desenhos,,,3257,,seed_from_wordfreq_pt
wfpt-03195,especificamente,,,3258,,seed_from_wordfreq_pt
wfpt-03196,esquece,,,3259,,seed_from_wordfreq_pt
wfpt-03197,estima,,,3260,,seed_from_wordfreq_pt
wfpt-03198,estradas,,,3261,,seed_from_wordfreq_pt
wfpt-03199,estúdio,,,3262,,seed_from_wordfreq_pt
wfpt-03200,expectativas,,,3263,,seed_from_wordfreq_pt
wfpt-03201,fantasia,,,3264,,seed_from_wordfreq_pt
wfpt-03202,financeiro,,,3265,,seed_from_wordfreq_pt
wfpt-03203,fotografias,,,3266,,seed_from_wordfreq_pt
wfpt-03204,indígenas,,,3267,,seed_from_wordfreq_pt
wfpt-03205,infraestrutura,,,3268,,seed_from_wordfreq_pt
wfpt-03206,interno,,,3269,,seed_from_wordfreq_pt
wfpt-03207,loucura,,,3270,,seed_from_wordfreq_pt
wfpt-03208,masculino,,,3271,,seed_from_wordfreq_pt
wfpt-03209,metrô,,,3272,,seed_from_wordfreq_pt
wfpt-03210,mg,,,3273,,seed_from_wordfreq_pt
wfpt-03211,nessas,,,3274,,seed_from_wordfreq_pt
wfpt-03212,noção,,,3275,,seed_from_wordfreq_pt
wfpt-03213,park,,,3276,,seed_from_wordfreq_pt
wfpt-03214,pc,,,3277,,seed_from_wordfreq_pt
wfpt-03215,perdão,,,3278,,seed_from_wordfreq_pt
wfpt-03216,performance,,,3279,,seed_from_wordfreq_pt
wfpt-03217,poderão,,,3280,,seed_from_wordfreq_pt
wfpt-03218,publicidade,,,3281,,seed_from_wordfreq_pt
wfpt-03219,recebendo,,,3282,,seed_from_wordfreq_pt
wfpt-03220,receita,,,3283,,seed_from_wordfreq_pt
wfpt-03221,red,,,3284,,seed_from_wordfreq_pt
wfpt-03222,regular,,,3285,,seed_from_wordfreq_pt
wfpt-03223,resgate,,,3286,,seed_from_wordfreq_pt
wfpt-03224,ricos,,,3287,,seed_from_wordfreq_pt
wfpt-03225,riscos,,,3288,,seed_from_wordfreq_pt
wfpt-03226,seguido,,,3289,,seed_from_wordfreq_pt
wfpt-03227,senso,,,3290,,seed_from_wordfreq_pt
wfpt-03228,setores,,,3291,,seed_from_wordfreq_pt
wfpt-03229,testemunhas,,,3292,,seed_from_wordfreq_pt
wfpt-03230,this,,,3293,,seed_from_wordfreq_pt
wfpt-03231,tênis,,,3294,,seed_from_wordfreq_pt
wfpt-03232,urgente,,,3295,,seed_from_wordfreq_pt
wfpt-03233,utilizados,,,3296,,seed_from_wordfreq_pt
wfpt-03234,vieira,,,3297,,seed_from_wordfreq_pt
wfpt-03235,vivemos,,,3298,,seed_from_wordfreq_pt
wfpt-03236,windows,,,3299,,seed_from_wordfreq_pt
wfpt-03237,álcool,,,3300,,seed_from_wordfreq_pt
wfpt-03238,acontecem,,,3301,,seed_from_wordfreq_pt
wfpt-03239,acontecimentos,,,3302,,seed_from_wordfreq_pt
wfpt-03240,adorei,,,3303,,seed_from_wordfreq_pt
wfpt-03241,ajude,,,3304,,seed_from_wordfreq_pt
wfpt-03242,atingiu,,,3305,,seed_from_wordfreq_pt
wfpt-03243,atitudes,,,3306,,seed_from_wordfreq_pt
wfpt-03244,atua,,,3307,,seed_from_wordfreq_pt
wfpt-03245,autora,,,3308,,seed_from_wordfreq_pt
wfpt-03246,bill,,,3309,,seed_from_wordfreq_pt
wfpt-03247,calendário,,,3310,,seed_from_wordfreq_pt
wfpt-03248,ce,,,3311,,seed_from_wordfreq_pt
wfpt-03249,chegam,,,3312,,seed_from_wordfreq_pt
wfpt-03250,classes,,,3313,,seed_from_wordfreq_pt
wfpt-03251,coelho,,,3314,,seed_from_wordfreq_pt
wfpt-03252,composta,,,3315,,seed_from_wordfreq_pt
wfpt-03253,conseguimos,,,3316,,seed_from_wordfreq_pt
wfpt-03254,consequência,,,3317,,seed_from_wordfreq_pt
wfpt-03255,convenção,,,3318,,seed_from_wordfreq_pt
wfpt-03256,crescente,,,3319,,seed_from_wordfreq_pt
wfpt-03257,cópia,,,3320,,seed_from_wordfreq_pt
wfpt-03258,dedicado,,,3321,,seed_from_wordfreq_pt
wfpt-03259,define,,,3322,,seed_from_wordfreq_pt
wfpt-03260,duração,,,3323,,seed_from_wordfreq_pt
wfpt-03261,encontrados,,,3324,,seed_from_wordfreq_pt
wfpt-03262,entendeu,,,3325,,seed_from_wordfreq_pt
wfpt-03263,equilíbrio,,,3326,,seed_from_wordfreq_pt
wfpt-03264,exceção,,,3327,,seed_from_wordfreq_pt
wfpt-03265,externa,,,3328,,seed_from_wordfreq_pt
wfpt-03266,federais,,,3329,,seed_from_wordfreq_pt
wfpt-03267,forem,,,3330,,seed_from_wordfreq_pt
wfpt-03268,free,,,3331,,seed_from_wordfreq_pt
wfpt-03269,funcionamento,,,3332,,seed_from_wordfreq_pt
wfpt-03270,gama,,,3333,,seed_from_wordfreq_pt
wfpt-03271,ganho,,,3334,,seed_from_wordfreq_pt
wfpt-03272,lance,,,3335,,seed_from_wordfreq_pt
wfpt-03273,lavar,,,3336,,seed_from_wordfreq_pt
wfpt-03274,legenda,,,3337,,seed_from_wordfreq_pt
wfpt-03275,leitor,,,3338,,seed_from_wordfreq_pt
wfpt-03276,leitores,,,3339,,seed_from_wordfreq_pt
wfpt-03277,levam,,,3340,,seed_from_wordfreq_pt
wfpt-03278,maia,,,3341,,seed_from_wordfreq_pt
wfpt-03279,mi,,,3342,,seed_from_wordfreq_pt
wfpt-03280,michel,,,3343,,seed_from_wordfreq_pt
wfpt-03281,morrendo,,,3344,,seed_from_wordfreq_pt
wfpt-03282,moça,,,3345,,seed_from_wordfreq_pt
wfpt-03283,máquinas,,,3346,,seed_from_wordfreq_pt
wfpt-03284,ondas,,,3347,,seed_from_wordfreq_pt
wfpt-03285,open,,,3348,,seed_from_wordfreq_pt
wfpt-03286,papai,,,3349,,seed_from_wordfreq_pt
wfpt-03287,paraíso,,,3350,,seed_from_wordfreq_pt
wfpt-03288,pare,,,3351,,seed_from_wordfreq_pt
wfpt-03289,pensou,,,3352,,seed_from_wordfreq_pt
wfpt-03290,pleno,,,3353,,seed_from_wordfreq_pt
wfpt-03291,podendo,,,3354,,seed_from_wordfreq_pt
wfpt-03292,posteriormente,,,3355,,seed_from_wordfreq_pt
wfpt-03293,receberam,,,3356,,seed_from_wordfreq_pt
wfpt-03294,reuniões,,,3357,,seed_from_wordfreq_pt
wfpt-03295,revolta,,,3358,,seed_from_wordfreq_pt
wfpt-03296,ridículo,,,3359,,seed_from_wordfreq_pt
wfpt-03297,salto,,,3360,,seed_from_wordfreq_pt
wfpt-03298,street,,,3361,,seed_from_wordfreq_pt
wfpt-03299,suicídio,,,3362,,seed_from_wordfreq_pt
wfpt-03300,tim,,,3363,,seed_from_wordfreq_pt
wfpt-03301,trabalham,,,3364,,seed_from_wordfreq_pt
wfpt-03302,vinha,,,3365,,seed_from_wordfreq_pt
wfpt-03303,vizinho,,,3366,,seed_from_wordfreq_pt
wfpt-03304,vs,,,3367,,seed_from_wordfreq_pt
wfpt-03305,aceito,,,3368,,seed_from_wordfreq_pt
wfpt-03306,angeles,,,3369,,seed_from_wordfreq_pt
wfpt-03307,animação,,,3370,,seed_from_wordfreq_pt
wfpt-03308,anna,,,3371,,seed_from_wordfreq_pt
wfpt-03309,araújo,,,3372,,seed_from_wordfreq_pt
wfpt-03310,argumento,,,3373,,seed_from_wordfreq_pt
wfpt-03311,bala,,,3374,,seed_from_wordfreq_pt
wfpt-03312,bicicleta,,,3375,,seed_from_wordfreq_pt
wfpt-03313,cabelos,,,3376,,seed_from_wordfreq_pt
wfpt-03314,cadê,,,3377,,seed_from_wordfreq_pt
wfpt-03315,canções,,,3378,,seed_from_wordfreq_pt
wfpt-03316,carregar,,,3379,,seed_from_wordfreq_pt
wfpt-03317,companhias,,,3380,,seed_from_wordfreq_pt
wfpt-03318,comunista,,,3381,,seed_from_wordfreq_pt
wfpt-03319,concordo,,,3382,,seed_from_wordfreq_pt
wfpt-03320,decide,,,3383,,seed_from_wordfreq_pt
wfpt-03321,destruir,,,3384,,seed_from_wordfreq_pt
wfpt-03322,diretora,,,3385,,seed_from_wordfreq_pt
wfpt-03323,diversidade,,,3386,,seed_from_wordfreq_pt
wfpt-03324,diálogo,,,3387,,seed_from_wordfreq_pt
wfpt-03325,eliminar,,,3388,,seed_from_wordfreq_pt
wfpt-03326,elite,,,3389,,seed_from_wordfreq_pt
wfpt-03327,embaixada,,,3390,,seed_from_wordfreq_pt
wfpt-03328,envolvido,,,3391,,seed_from_wordfreq_pt
wfpt-03329,escolar,,,3392,,seed_from_wordfreq_pt
wfpt-03330,espelho,,,3393,,seed_from_wordfreq_pt
wfpt-03331,esperamos,,,3394,,seed_from_wordfreq_pt
wfpt-03332,esquema,,,3395,,seed_from_wordfreq_pt
wfpt-03333,estatísticas,,,3396,,seed_from_wordfreq_pt
wfpt-03334,explicou,,,3397,,seed_from_wordfreq_pt
wfpt-03335,fatores,,,3398,,seed_from_wordfreq_pt
wfpt-03336,fazemos,,,3399,,seed_from_wordfreq_pt
wfpt-03337,firme,,,3400,,seed_from_wordfreq_pt
wfpt-03338,fraco,,,3401,,seed_from_wordfreq_pt
wfpt-03339,gerar,,,3402,,seed_from_wordfreq_pt
wfpt-03340,governos,,,3403,,seed_from_wordfreq_pt
wfpt-03341,gravação,,,3404,,seed_from_wordfreq_pt
wfpt-03342,graves,,,3405,,seed_from_wordfreq_pt
wfpt-03343,greve,,,3406,,seed_from_wordfreq_pt
wfpt-03344,guardar,,,3407,,seed_from_wordfreq_pt
wfpt-03345,hugo,,,3408,,seed_from_wordfreq_pt
wfpt-03346,humanas,,,3409,,seed_from_wordfreq_pt
wfpt-03347,imagine,,,3411,,seed_from_wordfreq_pt
wfpt-03348,iniciar,,,3412,,seed_from_wordfreq_pt
wfpt-03349,instagram,,,3413,,seed_from_wordfreq_pt
wfpt-03350,integrantes,,,3414,,seed_from_wordfreq_pt
wfpt-03351,inúmeras,,,3415,,seed_from_wordfreq_pt
wfpt-03352,joe,,,3416,,seed_from_wordfreq_pt
wfpt-03353,junta,,,3417,,seed_from_wordfreq_pt
wfpt-03354,lady,,,3418,,seed_from_wordfreq_pt
wfpt-03355,lição,,,3419,,seed_from_wordfreq_pt
wfpt-03356,ma,,,3420,,seed_from_wordfreq_pt
wfpt-03357,matando,,,3421,,seed_from_wordfreq_pt
wfpt-03358,moto,,,3422,,seed_from_wordfreq_pt
wfpt-03359,nascido,,,3423,,seed_from_wordfreq_pt
wfpt-03360,olhada,,,3424,,seed_from_wordfreq_pt
wfpt-03361,ovos,,,3425,,seed_from_wordfreq_pt
wfpt-03362,paciência,,,3426,,seed_from_wordfreq_pt
wfpt-03363,pacífico,,,3427,,seed_from_wordfreq_pt
wfpt-03364,parceiros,,,3428,,seed_from_wordfreq_pt
wfpt-03365,partiu,,,3429,,seed_from_wordfreq_pt
wfpt-03366,positiva,,,3430,,seed_from_wordfreq_pt
wfpt-03367,prato,,,3431,,seed_from_wordfreq_pt
wfpt-03368,preocupar,,,3432,,seed_from_wordfreq_pt
wfpt-03369,ramo,,,3433,,seed_from_wordfreq_pt
wfpt-03370,reconhecer,,,3434,,seed_from_wordfreq_pt
wfpt-03371,recurso,,,3435,,seed_from_wordfreq_pt
wfpt-03372,roteiro,,,3436,,seed_from_wordfreq_pt
wfpt-03373,sarah,,,3437,,seed_from_wordfreq_pt
wfpt-03374,superar,,,3438,,seed_from_wordfreq_pt
wfpt-03375,surge,,,3439,,seed_from_wordfreq_pt
wfpt-03376,torcida,,,3440,,seed_from_wordfreq_pt
wfpt-03377,transportes,,,3441,,seed_from_wordfreq_pt
wfpt-03378,tristeza,,,3442,,seed_from_wordfreq_pt
wfpt-03379,técnicos,,,3443,,seed_from_wordfreq_pt
wfpt-03380,vidro,,,3444,,seed_from_wordfreq_pt
wfpt-03381,vira,,,3445,,seed_from_wordfreq_pt
wfpt-03382,voltando,,,3446,,seed_from_wordfreq_pt
wfpt-03383,abertos,,,3447,,seed_from_wordfreq_pt
wfpt-03384,acabam,,,3448,,seed_from_wordfreq_pt
wfpt-03385,alimentação,,,3449,,seed_from_wordfreq_pt
wfpt-03386,alterações,,,3450,,seed_from_wordfreq_pt
wfpt-03387,amplamente,,,3451,,seed_from_wordfreq_pt
wfpt-03388,antónio,,,3452,,seed_from_wordfreq_pt
wfpt-03389,apaixonado,,,3453,,seed_from_wordfreq_pt
wfpt-03390,ativa,,,3454,,seed_from_wordfreq_pt
wfpt-03391,barcelona,,,3455,,seed_from_wordfreq_pt
wfpt-03392,bordo,,,3456,,seed_from_wordfreq_pt
wfpt-03393,brilhante,,,3457,,seed_from_wordfreq_pt
wfpt-03394,básica,,,3458,,seed_from_wordfreq_pt
wfpt-03395,carteira,,,3459,,seed_from_wordfreq_pt
wfpt-03396,causou,,,3460,,seed_from_wordfreq_pt
wfpt-03397,chamo,,,3461,,seed_from_wordfreq_pt
wfpt-03398,circunstâncias,,,3462,,seed_from_wordfreq_pt
wfpt-03399,composição,,,3463,,seed_from_wordfreq_pt
wfpt-03400,comunicações,,,3464,,seed_from_wordfreq_pt
wfpt-03401,cristãos,,,3465,,seed_from_wordfreq_pt
wfpt-03402,descobre,,,3466,,seed_from_wordfreq_pt
wfpt-03403,dirigir,,,3467,,seed_from_wordfreq_pt
wfpt-03404,distante,,,3468,,seed_from_wordfreq_pt
wfpt-03405,dormindo,,,3469,,seed_from_wordfreq_pt
wfpt-03406,dvd,,,3470,,seed_from_wordfreq_pt
wfpt-03407,elevado,,,3471,,seed_from_wordfreq_pt
wfpt-03408,ensaio,,,3472,,seed_from_wordfreq_pt
wfpt-03409,ep,,,3473,,seed_from_wordfreq_pt
wfpt-03410,escritos,,,3474,,seed_from_wordfreq_pt
wfpt-03411,fizer,,,3475,,seed_from_wordfreq_pt
wfpt-03412,folhas,,,3476,,seed_from_wordfreq_pt
wfpt-03413,gostosa,,,3477,,seed_from_wordfreq_pt
wfpt-03414,graduação,,,3478,,seed_from_wordfreq_pt
wfpt-03415,graus,,,3479,,seed_from_wordfreq_pt
wfpt-03416,ido,,,3480,,seed_from_wordfreq_pt
wfpt-03417,ilegal,,,3481,,seed_from_wordfreq_pt
wfpt-03418,império,,,3482,,seed_from_wordfreq_pt
wfpt-03419,informou,,,3483,,seed_from_wordfreq_pt
wfpt-03420,investimentos,,,3484,,seed_from_wordfreq_pt
wfpt-03421,jackson,,,3485,,seed_from_wordfreq_pt
wfpt-03422,latino,,,3486,,seed_from_wordfreq_pt
wfpt-03423,les,,,3487,,seed_from_wordfreq_pt
wfpt-03424,levanta,,,3488,,seed_from_wordfreq_pt
wfpt-03425,limpar,,,3489,,seed_from_wordfreq_pt
wfpt-03426,madrid,,,3490,,seed_from_wordfreq_pt
wfpt-03427,manifestação,,,3491,,seed_from_wordfreq_pt
wfpt-03428,manifestações,,,3492,,seed_from_wordfreq_pt
wfpt-03429,mano,,,3493,,seed_from_wordfreq_pt
wfpt-03430,maranhão,,,3494,,seed_from_wordfreq_pt
wfpt-03431,margem,,,3495,,seed_from_wordfreq_pt
wfpt-03432,mariana,,,3496,,seed_from_wordfreq_pt
wfpt-03433,marketing,,,3497,,seed_from_wordfreq_pt
wfpt-03434,mexer,,,3498,,seed_from_wordfreq_pt
wfpt-03435,mina,,,3499,,seed_from_wordfreq_pt
wfpt-03436,more,,,3500,,seed_from_wordfreq_pt
wfpt-03437,morro,,,3501,,seed_from_wordfreq_pt
wfpt-03438,mr,,,3502,,seed_from_wordfreq_pt
wfpt-03439,observar,,,3503,,seed_from_wordfreq_pt
wfpt-03440,ocorrido,,,3504,,seed_from_wordfreq_pt
wfpt-03441,or,,,3505,,seed_from_wordfreq_pt
wfpt-03442,papéis,,,3506,,seed_from_wordfreq_pt
wfpt-03443,pe,,,3507,,seed_from_wordfreq_pt
wfpt-03444,pergunto,,,3508,,seed_from_wordfreq_pt
wfpt-03445,pesado,,,3509,,seed_from_wordfreq_pt
wfpt-03446,placa,,,3510,,seed_from_wordfreq_pt
wfpt-03447,possivelmente,,,3511,,seed_from_wordfreq_pt
wfpt-03448,pura,,,3512,,seed_from_wordfreq_pt
wfpt-03449,recorde,,,3513,,seed_from_wordfreq_pt
wfpt-03450,reis,,,3514,,seed_from_wordfreq_pt
wfpt-03451,relatórios,,,3515,,seed_from_wordfreq_pt
wfpt-03452,religioso,,,3516,,seed_from_wordfreq_pt
wfpt-03453,revistas,,,3517,,seed_from_wordfreq_pt
wfpt-03454,salas,,,3518,,seed_from_wordfreq_pt
wfpt-03455,salários,,,3519,,seed_from_wordfreq_pt
wfpt-03456,steve,,,3520,,seed_from_wordfreq_pt
wfpt-03457,séculos,,,3521,,seed_from_wordfreq_pt
wfpt-03458,tchau,,,3522,,seed_from_wordfreq_pt
wfpt-03459,tenente,,,3523,,seed_from_wordfreq_pt
wfpt-03460,teto,,,3524,,seed_from_wordfreq_pt
wfpt-03461,titular,,,3525,,seed_from_wordfreq_pt
wfpt-03462,urbano,,,3526,,seed_from_wordfreq_pt
wfpt-03463,vivos,,,3527,,seed_from_wordfreq_pt
wfpt-03464,voltei,,,3528,,seed_from_wordfreq_pt
wfpt-03465,zonas,,,3529,,seed_from_wordfreq_pt
wfpt-03466,índios,,,3530,,seed_from_wordfreq_pt
wfpt-03467,óculos,,,3531,,seed_from_wordfreq_pt
wfpt-03468,adeus,,,3532,,seed_from_wordfreq_pt
wfpt-03469,alberto,,,3533,,seed_from_wordfreq_pt
wfpt-03470,avaliar,,,3534,,seed_from_wordfreq_pt
wfpt-03471,califórnia,,,3535,,seed_from_wordfreq_pt
wfpt-03472,carinho,,,3536,,seed_from_wordfreq_pt
wfpt-03473,charlie,,,3537,,seed_from_wordfreq_pt
wfpt-03474,cidadania,,,3538,,seed_from_wordfreq_pt
wfpt-03475,clubes,,,3539,,seed_from_wordfreq_pt
wfpt-03476,coletiva,,,3540,,seed_from_wordfreq_pt
wfpt-03477,coletivo,,,3541,,seed_from_wordfreq_pt
wfpt-03478,combater,,,3542,,seed_from_wordfreq_pt
wfpt-03479,conhecem,,,3543,,seed_from_wordfreq_pt
wfpt-03480,conselhos,,,3544,,seed_from_wordfreq_pt
wfpt-03481,construído,,,3545,,seed_from_wordfreq_pt
wfpt-03482,contribuir,,,3546,,seed_from_wordfreq_pt
wfpt-03483,criados,,,3547,,seed_from_wordfreq_pt
wfpt-03484,críticos,,,3548,,seed_from_wordfreq_pt
wfpt-03485,cuba,,,3549,,seed_from_wordfreq_pt
wfpt-03486,determinar,,,3550,,seed_from_wordfreq_pt
wfpt-03487,deverá,,,3551,,seed_from_wordfreq_pt
wfpt-03488,dezenas,,,3552,,seed_from_wordfreq_pt
wfpt-03489,dores,,,3554,,seed_from_wordfreq_pt
wfpt-03490,encontros,,,3555,,seed_from_wordfreq_pt
wfpt-03491,envolve,,,3556,,seed_from_wordfreq_pt
wfpt-03492,episódios,,,3557,,seed_from_wordfreq_pt
wfpt-03493,estiveram,,,3558,,seed_from_wordfreq_pt
wfpt-03494,estrangeiro,,,3559,,seed_from_wordfreq_pt
wfpt-03495,falsa,,,3560,,seed_from_wordfreq_pt
wfpt-03496,famosos,,,3561,,seed_from_wordfreq_pt
wfpt-03497,foder,,,3562,,seed_from_wordfreq_pt
wfpt-03498,fundamentais,,,3563,,seed_from_wordfreq_pt
wfpt-03499,gastar,,,3564,,seed_from_wordfreq_pt
wfpt-03500,gerente,,,3565,,seed_from_wordfreq_pt
wfpt-03501,gil,,,3566,,seed_from_wordfreq_pt
wfpt-03502,gravar,,,3567,,seed_from_wordfreq_pt
wfpt-03503,gritar,,,3568,,seed_from_wordfreq_pt
wfpt-03504,imagina,,,3569,,seed_from_wordfreq_pt
wfpt-03505,investigar,,,3570,,seed_from_wordfreq_pt
wfpt-03506,laura,,,3571,,seed_from_wordfreq_pt
wfpt-03507,leonardo,,,3572,,seed_from_wordfreq_pt
wfpt-03508,ligados,,,3573,,seed_from_wordfreq_pt
wfpt-03509,marcada,,,3574,,seed_from_wordfreq_pt
wfpt-03510,medalha,,,3575,,seed_from_wordfreq_pt
wfpt-03511,más,,,3576,,seed_from_wordfreq_pt
wfpt-03512,oceano,,,3577,,seed_from_wordfreq_pt
wfpt-03513,opiniões,,,3578,,seed_from_wordfreq_pt
wfpt-03514,ouve,,,3579,,seed_from_wordfreq_pt
wfpt-03515,palmeiras,,,3580,,seed_from_wordfreq_pt
wfpt-03516,parlamentar,,,3581,,seed_from_wordfreq_pt
wfpt-03517,produtor,,,3582,,seed_from_wordfreq_pt
wfpt-03518,reportagem,,,3583,,seed_from_wordfreq_pt
wfpt-03519,reunir,,,3584,,seed_from_wordfreq_pt
wfpt-03520,riqueza,,,3585,,seed_from_wordfreq_pt
wfpt-03521,saudável,,,3586,,seed_from_wordfreq_pt
wfpt-03522,sentar,,,3587,,seed_from_wordfreq_pt
wfpt-03523,sentença,,,3588,,seed_from_wordfreq_pt
wfpt-03524,sindicato,,,3589,,seed_from_wordfreq_pt
wfpt-03525,sugere,,,3590,,seed_from_wordfreq_pt
wfpt-03526,superiores,,,3591,,seed_from_wordfreq_pt
wfpt-03527,suspeito,,,3592,,seed_from_wordfreq_pt
wfpt-03528,terrível,,,3593,,seed_from_wordfreq_pt
wfpt-03529,tony,,,3594,,seed_from_wordfreq_pt
wfpt-03530,acontecido,,,3595,,seed_from_wordfreq_pt
wfpt-03531,acusações,,,3596,,seed_from_wordfreq_pt
wfpt-03532,adora,,,3597,,seed_from_wordfreq_pt
wfpt-03533,anjos,,,3598,,seed_from_wordfreq_pt
wfpt-03534,autoria,,,3599,,seed_from_wordfreq_pt
wfpt-03535,avanço,,,3600,,seed_from_wordfreq_pt
wfpt-03536,barbosa,,,3601,,seed_from_wordfreq_pt
wfpt-03537,cartões,,,3602,,seed_from_wordfreq_pt
wfpt-03538,chico,,,3603,,seed_from_wordfreq_pt
wfpt-03539,combinação,,,3604,,seed_from_wordfreq_pt
wfpt-03540,companheiro,,,3605,,seed_from_wordfreq_pt
wfpt-03541,contos,,,3606,,seed_from_wordfreq_pt
wfpt-03542,contribuição,,,3607,,seed_from_wordfreq_pt
wfpt-03543,controlo,,,3608,,seed_from_wordfreq_pt
wfpt-03544,criatividade,,,3609,,seed_from_wordfreq_pt
wfpt-03545,círculo,,,3610,,seed_from_wordfreq_pt
wfpt-03546,deixo,,,3611,,seed_from_wordfreq_pt
wfpt-03547,di,,,3612,,seed_from_wordfreq_pt
wfpt-03548,dispositivo,,,3613,,seed_from_wordfreq_pt
wfpt-03549,domingos,,,3614,,seed_from_wordfreq_pt
wfpt-03550,download,,,3615,,seed_from_wordfreq_pt
wfpt-03551,esportes,,,3616,,seed_from_wordfreq_pt
wfpt-03552,estações,,,3617,,seed_from_wordfreq_pt
wfpt-03553,exclusivamente,,,3618,,seed_from_wordfreq_pt
wfpt-03554,favorito,,,3619,,seed_from_wordfreq_pt
wfpt-03555,fernandes,,,3620,,seed_from_wordfreq_pt
wfpt-03556,formada,,,3621,,seed_from_wordfreq_pt
wfpt-03557,fuga,,,3622,,seed_from_wordfreq_pt
wfpt-03558,fórmula,,,3623,,seed_from_wordfreq_pt
wfpt-03559,imenso,,,3624,,seed_from_wordfreq_pt
wfpt-03560,incluir,,,3625,,seed_from_wordfreq_pt
wfpt-03561,instruções,,,3626,,seed_from_wordfreq_pt
wfpt-03562,interessa,,,3627,,seed_from_wordfreq_pt
wfpt-03563,interessado,,,3628,,seed_from_wordfreq_pt
wfpt-03564,iremos,,,3629,,seed_from_wordfreq_pt
wfpt-03565,mike,,,3630,,seed_from_wordfreq_pt
wfpt-03566,moro,,,3631,,seed_from_wordfreq_pt
wfpt-03567,naturalmente,,,3632,,seed_from_wordfreq_pt
wfpt-03568,observação,,,3633,,seed_from_wordfreq_pt
wfpt-03569,perigoso,,,3634,,seed_from_wordfreq_pt
wfpt-03570,permitindo,,,3635,,seed_from_wordfreq_pt
wfpt-03571,postou,,,3636,,seed_from_wordfreq_pt
wfpt-03572,postura,,,3637,,seed_from_wordfreq_pt
wfpt-03573,profissão,,,3638,,seed_from_wordfreq_pt
wfpt-03574,põe,,,3639,,seed_from_wordfreq_pt
wfpt-03575,relacionado,,,3640,,seed_from_wordfreq_pt
wfpt-03576,relógio,,,3641,,seed_from_wordfreq_pt
wfpt-03577,reúne,,,3642,,seed_from_wordfreq_pt
wfpt-03578,roda,,,3643,,seed_from_wordfreq_pt
wfpt-03579,segredos,,,3644,,seed_from_wordfreq_pt
wfpt-03580,star,,,3645,,seed_from_wordfreq_pt
wfpt-03581,sudeste,,,3646,,seed_from_wordfreq_pt
wfpt-03582,tese,,,3647,,seed_from_wordfreq_pt
wfpt-03583,that,,,3648,,seed_from_wordfreq_pt
wfpt-03584,thomas,,,3649,,seed_from_wordfreq_pt
wfpt-03585,tirando,,,3650,,seed_from_wordfreq_pt
wfpt-03586,uruguai,,,3651,,seed_from_wordfreq_pt
wfpt-03587,vozes,,,3652,,seed_from_wordfreq_pt
wfpt-03588,óbvio,,,3653,,seed_from_wordfreq_pt
wfpt-03589,achava,,,3655,,seed_from_wordfreq_pt
wfpt-03590,adulto,,,3656,,seed_from_wordfreq_pt
wfpt-03591,agradável,,,3657,,seed_from_wordfreq_pt
wfpt-03592,ambientais,,,3658,,seed_from_wordfreq_pt
wfpt-03593,aparelho,,,3659,,seed_from_wordfreq_pt
wfpt-03594,apresentando,,,3660,,seed_from_wordfreq_pt
wfpt-03595,assinado,,,3661,,seed_from_wordfreq_pt
wfpt-03596,avisar,,,3662,,seed_from_wordfreq_pt
wfpt-03597,aviões,,,3663,,seed_from_wordfreq_pt
wfpt-03598,baile,,,3664,,seed_from_wordfreq_pt
wfpt-03599,barriga,,,3665,,seed_from_wordfreq_pt
wfpt-03600,best,,,3666,,seed_from_wordfreq_pt
wfpt-03601,bolso,,,3667,,seed_from_wordfreq_pt
wfpt-03602,bunda,,,3668,,seed_from_wordfreq_pt
wfpt-03603,chinesa,,,3669,,seed_from_wordfreq_pt
wfpt-03604,coloquei,,,3670,,seed_from_wordfreq_pt
wfpt-03605,confronto,,,3671,,seed_from_wordfreq_pt
wfpt-03606,conservação,,,3672,,seed_from_wordfreq_pt
wfpt-03607,correio,,,3673,,seed_from_wordfreq_pt
wfpt-03608,câmeras,,,3674,,seed_from_wordfreq_pt
wfpt-03609,decidi,,,3675,,seed_from_wordfreq_pt
wfpt-03610,deixado,,,3676,,seed_from_wordfreq_pt
wfpt-03611,demonstrar,,,3677,,seed_from_wordfreq_pt
wfpt-03612,diariamente,,,3678,,seed_from_wordfreq_pt
wfpt-03613,dividir,,,3679,,seed_from_wordfreq_pt
wfpt-03614,encontramos,,,3680,,seed_from_wordfreq_pt
wfpt-03615,entrando,,,3681,,seed_from_wordfreq_pt
wfpt-03616,escapar,,,3682,,seed_from_wordfreq_pt
wfpt-03617,escrevendo,,,3683,,seed_from_wordfreq_pt
wfpt-03618,essencial,,,3684,,seed_from_wordfreq_pt
wfpt-03619,estabelecimento,,,3685,,seed_from_wordfreq_pt
wfpt-03620,estávamos,,,3686,,seed_from_wordfreq_pt
wfpt-03621,evidências,,,3687,,seed_from_wordfreq_pt
wfpt-03622,falava,,,3688,,seed_from_wordfreq_pt
wfpt-03623,fenômeno,,,3689,,seed_from_wordfreq_pt
wfpt-03624,feriado,,,3690,,seed_from_wordfreq_pt
wfpt-03625,ficará,,,3691,,seed_from_wordfreq_pt
wfpt-03626,franceses,,,3692,,seed_from_wordfreq_pt
wfpt-03627,fronteiras,,,3693,,seed_from_wordfreq_pt
wfpt-03628,galeria,,,3694,,seed_from_wordfreq_pt
wfpt-03629,geografia,,,3695,,seed_from_wordfreq_pt
wfpt-03630,heróis,,,3696,,seed_from_wordfreq_pt
wfpt-03631,imagino,,,3697,,seed_from_wordfreq_pt
wfpt-03632,incidente,,,3698,,seed_from_wordfreq_pt
wfpt-03633,independentes,,,3699,,seed_from_wordfreq_pt
wfpt-03634,irmãs,,,3700,,seed_from_wordfreq_pt
wfpt-03635,justamente,,,3701,,seed_from_wordfreq_pt
wfpt-03636,lava,,,3702,,seed_from_wordfreq_pt
wfpt-03637,lopes,,,3703,,seed_from_wordfreq_pt
wfpt-03638,mantendo,,,3704,,seed_from_wordfreq_pt
wfpt-03639,meter,,,3705,,seed_from_wordfreq_pt
wfpt-03640,móveis,,,3706,,seed_from_wordfreq_pt
wfpt-03641,nervoso,,,3707,,seed_from_wordfreq_pt
wfpt-03642,nobre,,,3708,,seed_from_wordfreq_pt
wfpt-03643,olhe,,,3709,,seed_from_wordfreq_pt
wfpt-03644,paraguai,,,3710,,seed_from_wordfreq_pt
wfpt-03645,planejamento,,,3711,,seed_from_wordfreq_pt
wfpt-03646,preparação,,,3712,,seed_from_wordfreq_pt
wfpt-03647,prioridade,,,3713,,seed_from_wordfreq_pt
wfpt-03648,privacidade,,,3714,,seed_from_wordfreq_pt
wfpt-03649,promessa,,,3715,,seed_from_wordfreq_pt
wfpt-03650,proprietário,,,3716,,seed_from_wordfreq_pt
wfpt-03651,pró,,,3717,,seed_from_wordfreq_pt
wfpt-03652,pó,,,3718,,seed_from_wordfreq_pt
wfpt-03653,quadrinhos,,,3719,,seed_from_wordfreq_pt
wfpt-03654,raízes,,,3720,,seed_from_wordfreq_pt
wfpt-03655,recuperação,,,3721,,seed_from_wordfreq_pt
wfpt-03656,religiosos,,,3722,,seed_from_wordfreq_pt
wfpt-03657,representar,,,3723,,seed_from_wordfreq_pt
wfpt-03658,resultou,,,3724,,seed_from_wordfreq_pt
wfpt-03659,roubo,,,3725,,seed_from_wordfreq_pt
wfpt-03660,sam,,,3726,,seed_from_wordfreq_pt
wfpt-03661,scott,,,3727,,seed_from_wordfreq_pt
wfpt-03662,similar,,,3728,,seed_from_wordfreq_pt
wfpt-03663,soares,,,3729,,seed_from_wordfreq_pt
wfpt-03664,tente,,,3730,,seed_from_wordfreq_pt
wfpt-03665,tiago,,,3731,,seed_from_wordfreq_pt
wfpt-03666,tráfego,,,3732,,seed_from_wordfreq_pt
wfpt-03667,turquia,,,3733,,seed_from_wordfreq_pt
wfpt-03668,universitário,,,3734,,seed_from_wordfreq_pt
wfpt-03669,valeu,,,3735,,seed_from_wordfreq_pt
wfpt-03670,vinda,,,3736,,seed_from_wordfreq_pt
wfpt-03671,visitas,,,3737,,seed_from_wordfreq_pt
wfpt-03672,absurdo,,,3738,,seed_from_wordfreq_pt
wfpt-03673,acompanhado,,,3739,,seed_from_wordfreq_pt
wfpt-03674,acção,,,3740,,seed_from_wordfreq_pt
wfpt-03675,americanas,,,3741,,seed_from_wordfreq_pt
wfpt-03676,anunciado,,,3742,,seed_from_wordfreq_pt
wfpt-03677,assume,,,3743,,seed_from_wordfreq_pt
wfpt-03678,atlético,,,3744,,seed_from_wordfreq_pt
wfpt-03679,barco,,,3745,,seed_from_wordfreq_pt
wfpt-03680,brincando,,,3746,,seed_from_wordfreq_pt
wfpt-03681,básico,,,3747,,seed_from_wordfreq_pt
wfpt-03682,circuito,,,3748,,seed_from_wordfreq_pt
wfpt-03683,comentou,,,3749,,seed_from_wordfreq_pt
wfpt-03684,companheiros,,,3750,,seed_from_wordfreq_pt
wfpt-03685,compreender,,,3751,,seed_from_wordfreq_pt
wfpt-03686,constantemente,,,3752,,seed_from_wordfreq_pt
wfpt-03687,construída,,,3753,,seed_from_wordfreq_pt
wfpt-03688,cortes,,,3754,,seed_from_wordfreq_pt
wfpt-03689,culturas,,,3755,,seed_from_wordfreq_pt
wfpt-03690,daria,,,3756,,seed_from_wordfreq_pt
wfpt-03691,demonstra,,,3757,,seed_from_wordfreq_pt
wfpt-03692,deuses,,,3758,,seed_from_wordfreq_pt
wfpt-03693,direcção,,,3759,,seed_from_wordfreq_pt
wfpt-03694,disney,,,3760,,seed_from_wordfreq_pt
wfpt-03695,disto,,,3761,,seed_from_wordfreq_pt
wfpt-03696,eletrônico,,,3762,,seed_from_wordfreq_pt
wfpt-03697,email,,,3763,,seed_from_wordfreq_pt
wfpt-03698,escravos,,,3764,,seed_from_wordfreq_pt
wfpt-03699,exige,,,3765,,seed_from_wordfreq_pt
wfpt-03700,fama,,,3766,,seed_from_wordfreq_pt
wfpt-03701,ficaria,,,3767,,seed_from_wordfreq_pt
wfpt-03702,figuras,,,3768,,seed_from_wordfreq_pt
wfpt-03703,filhas,,,3769,,seed_from_wordfreq_pt
wfpt-03704,florestas,,,3770,,seed_from_wordfreq_pt
wfpt-03705,frota,,,3771,,seed_from_wordfreq_pt
wfpt-03706,grávida,,,3772,,seed_from_wordfreq_pt
wfpt-03707,houver,,,3773,,seed_from_wordfreq_pt
wfpt-03708,implementação,,,3774,,seed_from_wordfreq_pt
wfpt-03709,inclusão,,,3775,,seed_from_wordfreq_pt
wfpt-03710,indicação,,,3776,,seed_from_wordfreq_pt
wfpt-03711,japonês,,,3777,,seed_from_wordfreq_pt
wfpt-03712,júnior,,,3778,,seed_from_wordfreq_pt
wfpt-03713,lindas,,,3779,,seed_from_wordfreq_pt
wfpt-03714,lutas,,,3780,,seed_from_wordfreq_pt
wfpt-03715,luxo,,,3781,,seed_from_wordfreq_pt
wfpt-03716,lágrimas,,,3782,,seed_from_wordfreq_pt
wfpt-03717,manteve,,,3783,,seed_from_wordfreq_pt
wfpt-03718,manual,,,3784,,seed_from_wordfreq_pt
wfpt-03719,marques,,,3785,,seed_from_wordfreq_pt
wfpt-03720,mário,,,3786,,seed_from_wordfreq_pt
wfpt-03721,neve,,,3787,,seed_from_wordfreq_pt
wfpt-03722,ocupado,,,3788,,seed_from_wordfreq_pt
wfpt-03723,oficina,,,3789,,seed_from_wordfreq_pt
wfpt-03724,pacote,,,3790,,seed_from_wordfreq_pt
wfpt-03725,passeio,,,3791,,seed_from_wordfreq_pt
wfpt-03726,poeta,,,3792,,seed_from_wordfreq_pt
wfpt-03727,prestar,,,3793,,seed_from_wordfreq_pt
wfpt-03728,prémio,,,3794,,seed_from_wordfreq_pt
wfpt-03729,publicados,,,3795,,seed_from_wordfreq_pt
wfpt-03730,puro,,,3796,,seed_from_wordfreq_pt
wfpt-03731,ray,,,3797,,seed_from_wordfreq_pt
wfpt-03732,re,,,3798,,seed_from_wordfreq_pt
wfpt-03733,representam,,,3799,,seed_from_wordfreq_pt
wfpt-03734,reprodução,,,3800,,seed_from_wordfreq_pt
wfpt-03735,rurais,,,3801,,seed_from_wordfreq_pt
wfpt-03736,saudades,,,3802,,seed_from_wordfreq_pt
wfpt-03737,seguros,,,3803,,seed_from_wordfreq_pt
wfpt-03738,sofá,,,3804,,seed_from_wordfreq_pt
wfpt-03739,sustentável,,,3805,,seed_from_wordfreq_pt
wfpt-03740,sócio,,,3806,,seed_from_wordfreq_pt
wfpt-03741,taça,,,3807,,seed_from_wordfreq_pt
wfpt-03742,templo,,,3808,,seed_from_wordfreq_pt
wfpt-03743,terapia,,,3809,,seed_from_wordfreq_pt
wfpt-03744,trilha,,,3810,,seed_from_wordfreq_pt
wfpt-03745,utiliza,,,3811,,seed_from_wordfreq_pt
wfpt-03746,vejam,,,3812,,seed_from_wordfreq_pt
wfpt-03747,whatsapp,,,3814,,seed_from_wordfreq_pt
wfpt-03748,ética,,,3815,,seed_from_wordfreq_pt
wfpt-03749,analisar,,,3816,,seed_from_wordfreq_pt
wfpt-03750,assegurar,,,3817,,seed_from_wordfreq_pt
wfpt-03751,atendimento,,,3818,,seed_from_wordfreq_pt
wfpt-03752,atleta,,,3819,,seed_from_wordfreq_pt
wfpt-03753,barato,,,3820,,seed_from_wordfreq_pt
wfpt-03754,bombas,,,3821,,seed_from_wordfreq_pt
wfpt-03755,cia,,,3822,,seed_from_wordfreq_pt
wfpt-03756,confirmou,,,3823,,seed_from_wordfreq_pt
wfpt-03757,cresce,,,3824,,seed_from_wordfreq_pt
wfpt-03758,criador,,,3825,,seed_from_wordfreq_pt
wfpt-03759,cuidados,,,3826,,seed_from_wordfreq_pt
wfpt-03760,descreve,,,3827,,seed_from_wordfreq_pt
wfpt-03761,emoção,,,3828,,seed_from_wordfreq_pt
wfpt-03762,emoções,,,3829,,seed_from_wordfreq_pt
wfpt-03763,empresários,,,3830,,seed_from_wordfreq_pt
wfpt-03764,encontraram,,,3831,,seed_from_wordfreq_pt
wfpt-03765,escolhas,,,3832,,seed_from_wordfreq_pt
wfpt-03766,escrevi,,,3833,,seed_from_wordfreq_pt
wfpt-03767,estarei,,,3834,,seed_from_wordfreq_pt
wfpt-03768,estatuto,,,3835,,seed_from_wordfreq_pt
wfpt-03769,explorar,,,3836,,seed_from_wordfreq_pt
wfpt-03770,fantástico,,,3837,,seed_from_wordfreq_pt
wfpt-03771,género,,,3838,,seed_from_wordfreq_pt
wfpt-03772,imigrantes,,,3840,,seed_from_wordfreq_pt
wfpt-03773,imposto,,,3841,,seed_from_wordfreq_pt
wfpt-03774,intelectual,,,3842,,seed_from_wordfreq_pt
wfpt-03775,interessados,,,3843,,seed_from_wordfreq_pt
wfpt-03776,ligada,,,3844,,seed_from_wordfreq_pt
wfpt-03777,literalmente,,,3845,,seed_from_wordfreq_pt
wfpt-03778,moscou,,,3846,,seed_from_wordfreq_pt
wfpt-03779,mundiais,,,3847,,seed_from_wordfreq_pt
wfpt-03780,nick,,,3848,,seed_from_wordfreq_pt
wfpt-03781,objectivo,,,3849,,seed_from_wordfreq_pt
wfpt-03782,onu,,,3850,,seed_from_wordfreq_pt
wfpt-03783,permanecer,,,3852,,seed_from_wordfreq_pt
wfpt-03784,posta,,,3853,,seed_from_wordfreq_pt
wfpt-03785,primeiramente,,,3854,,seed_from_wordfreq_pt
wfpt-03786,profunda,,,3855,,seed_from_wordfreq_pt
wfpt-03787,prêmios,,,3856,,seed_from_wordfreq_pt
wfpt-03788,pânico,,,3857,,seed_from_wordfreq_pt
wfpt-03789,quaisquer,,,3858,,seed_from_wordfreq_pt
wfpt-03790,queriam,,,3859,,seed_from_wordfreq_pt
wfpt-03791,radio,,,3860,,seed_from_wordfreq_pt
wfpt-03792,reconhecido,,,3861,,seed_from_wordfreq_pt
wfpt-03793,repetir,,,3862,,seed_from_wordfreq_pt
wfpt-03794,reservas,,,3863,,seed_from_wordfreq_pt
wfpt-03795,sms,,,3864,,seed_from_wordfreq_pt
wfpt-03796,síria,,,3865,,seed_from_wordfreq_pt
wfpt-03797,toneladas,,,3866,,seed_from_wordfreq_pt
wfpt-03798,ultimamente,,,3867,,seed_from_wordfreq_pt
wfpt-03799,un,,,3868,,seed_from_wordfreq_pt
wfpt-03800,viveu,,,3869,,seed_from_wordfreq_pt
wfpt-03801,abandonar,,,3871,,seed_from_wordfreq_pt
wfpt-03802,abertas,,,3872,,seed_from_wordfreq_pt
wfpt-03803,abrigo,,,3873,,seed_from_wordfreq_pt
wfpt-03804,aconteça,,,3874,,seed_from_wordfreq_pt
wfpt-03805,administrativa,,,3875,,seed_from_wordfreq_pt
wfpt-03806,ajudá,,,3876,,seed_from_wordfreq_pt
wfpt-03807,amei,,,3877,,seed_from_wordfreq_pt
wfpt-03808,apresentações,,,3878,,seed_from_wordfreq_pt
wfpt-03809,armadas,,,3879,,seed_from_wordfreq_pt
wfpt-03810,arrumar,,,3880,,seed_from_wordfreq_pt
wfpt-03811,ativo,,,3881,,seed_from_wordfreq_pt
wfpt-03812,bebidas,,,3882,,seed_from_wordfreq_pt
wfpt-03813,botafogo,,,3883,,seed_from_wordfreq_pt
wfpt-03814,boy,,,3884,,seed_from_wordfreq_pt
wfpt-03815,britânico,,,3885,,seed_from_wordfreq_pt
wfpt-03816,cansada,,,3886,,seed_from_wordfreq_pt
wfpt-03817,casais,,,3887,,seed_from_wordfreq_pt
wfpt-03818,cobre,,,3888,,seed_from_wordfreq_pt
wfpt-03819,comemorar,,,3889,,seed_from_wordfreq_pt
wfpt-03820,criminal,,,3890,,seed_from_wordfreq_pt
wfpt-03821,democrático,,,3891,,seed_from_wordfreq_pt
wfpt-03822,desejar,,,3892,,seed_from_wordfreq_pt
wfpt-03823,destacou,,,3893,,seed_from_wordfreq_pt
wfpt-03824,diabo,,,3894,,seed_from_wordfreq_pt
wfpt-03825,diminuir,,,3895,,seed_from_wordfreq_pt
wfpt-03826,diversão,,,3896,,seed_from_wordfreq_pt
wfpt-03827,encontradas,,,3897,,seed_from_wordfreq_pt
wfpt-03828,entrei,,,3898,,seed_from_wordfreq_pt
wfpt-03829,entrevistas,,,3899,,seed_from_wordfreq_pt
wfpt-03830,escolheu,,,3900,,seed_from_wordfreq_pt
wfpt-03831,esqueceu,,,3901,,seed_from_wordfreq_pt
wfpt-03832,ficção,,,3902,,seed_from_wordfreq_pt
wfpt-03833,fiel,,,3903,,seed_from_wordfreq_pt
wfpt-03834,fio,,,3904,,seed_from_wordfreq_pt
wfpt-03835,fita,,,3905,,seed_from_wordfreq_pt
wfpt-03836,girl,,,3906,,seed_from_wordfreq_pt
wfpt-03837,goiás,,,3907,,seed_from_wordfreq_pt
wfpt-03838,goleiro,,,3908,,seed_from_wordfreq_pt
wfpt-03839,igualdade,,,3909,,seed_from_wordfreq_pt
wfpt-03840,indústrias,,,3910,,seed_from_wordfreq_pt
wfpt-03841,inglesa,,,3911,,seed_from_wordfreq_pt
wfpt-03842,intervalo,,,3912,,seed_from_wordfreq_pt
wfpt-03843,intuito,,,3913,,seed_from_wordfreq_pt
wfpt-03844,janelas,,,3914,,seed_from_wordfreq_pt
wfpt-03845,kg,,,3915,,seed_from_wordfreq_pt
wfpt-03846,king,,,3916,,seed_from_wordfreq_pt
wfpt-03847,kong,,,3917,,seed_from_wordfreq_pt
wfpt-03848,laranja,,,3918,,seed_from_wordfreq_pt
wfpt-03849,media,,,3919,,seed_from_wordfreq_pt
wfpt-03850,mistério,,,3920,,seed_from_wordfreq_pt
wfpt-03851,municipais,,,3921,,seed_from_wordfreq_pt
wfpt-03852,necessárias,,,3922,,seed_from_wordfreq_pt
wfpt-03853,nelson,,,3923,,seed_from_wordfreq_pt
wfpt-03854,not,,,3924,,seed_from_wordfreq_pt
wfpt-03855,parto,,,3925,,seed_from_wordfreq_pt
wfpt-03856,perfeitamente,,,3927,,seed_from_wordfreq_pt
wfpt-03857,plataformas,,,3928,,seed_from_wordfreq_pt
wfpt-03858,play,,,3929,,seed_from_wordfreq_pt
wfpt-03859,podiam,,,3930,,seed_from_wordfreq_pt
wfpt-03860,power,,,3931,,seed_from_wordfreq_pt
wfpt-03861,preocupa,,,3932,,seed_from_wordfreq_pt
wfpt-03862,preocupado,,,3933,,seed_from_wordfreq_pt
wfpt-03863,preservação,,,3934,,seed_from_wordfreq_pt
wfpt-03864,promete,,,3935,,seed_from_wordfreq_pt
wfpt-03865,psdb,,,3936,,seed_from_wordfreq_pt
wfpt-03866,recebem,,,3937,,seed_from_wordfreq_pt
wfpt-03867,referências,,,3938,,seed_from_wordfreq_pt
wfpt-03868,resolveu,,,3939,,seed_from_wordfreq_pt
wfpt-03869,senha,,,3940,,seed_from_wordfreq_pt
wfpt-03870,sexuais,,,3941,,seed_from_wordfreq_pt
wfpt-03871,sinceramente,,,3942,,seed_from_wordfreq_pt
wfpt-03872,soldado,,,3943,,seed_from_wordfreq_pt
wfpt-03873,some,,,3944,,seed_from_wordfreq_pt
wfpt-03874,tornam,,,3945,,seed_from_wordfreq_pt
wfpt-03875,transformou,,,3946,,seed_from_wordfreq_pt
wfpt-03876,tuas,,,3947,,seed_from_wordfreq_pt
wfpt-03877,turistas,,,3948,,seed_from_wordfreq_pt
wfpt-03878,tweets,,,3949,,seed_from_wordfreq_pt
wfpt-03879,venham,,,3950,,seed_from_wordfreq_pt
wfpt-03880,venho,,,3951,,seed_from_wordfreq_pt
wfpt-03881,abraço,,,3952,,seed_from_wordfreq_pt
wfpt-03882,absoluta,,,3953,,seed_from_wordfreq_pt
wfpt-03883,acampamento,,,3954,,seed_from_wordfreq_pt
wfpt-03884,afastar,,,3955,,seed_from_wordfreq_pt
wfpt-03885,aires,,,3956,,seed_from_wordfreq_pt
wfpt-03886,aliados,,,3957,,seed_from_wordfreq_pt
wfpt-03887,aponta,,,3958,,seed_from_wordfreq_pt
wfpt-03888,assinar,,,3959,,seed_from_wordfreq_pt
wfpt-03889,atingido,,,3960,,seed_from_wordfreq_pt
wfpt-03890,auxílio,,,3961,,seed_from_wordfreq_pt
wfpt-03891,avô,,,3962,,seed_from_wordfreq_pt
wfpt-03892,bases,,,3963,,seed_from_wordfreq_pt
wfpt-03893,brian,,,3964,,seed_from_wordfreq_pt
wfpt-03894,cantando,,,3965,,seed_from_wordfreq_pt
wfpt-03895,caralho,,,3966,,seed_from_wordfreq_pt
wfpt-03896,chegamos,,,3967,,seed_from_wordfreq_pt
wfpt-03897,club,,,3968,,seed_from_wordfreq_pt
wfpt-03898,consideração,,,3969,,seed_from_wordfreq_pt
wfpt-03899,corações,,,3970,,seed_from_wordfreq_pt
wfpt-03900,criminosos,,,3971,,seed_from_wordfreq_pt
wfpt-03901,cristina,,,3972,,seed_from_wordfreq_pt
wfpt-03902,critérios,,,3973,,seed_from_wordfreq_pt
wfpt-03903,créditos,,,3974,,seed_from_wordfreq_pt
wfpt-03904,demasiado,,,3975,,seed_from_wordfreq_pt
wfpt-03905,denúncia,,,3976,,seed_from_wordfreq_pt
wfpt-03906,descrever,,,3977,,seed_from_wordfreq_pt
wfpt-03907,deserto,,,3978,,seed_from_wordfreq_pt
wfpt-03908,dimensão,,,3979,,seed_from_wordfreq_pt
wfpt-03909,dj,,,3980,,seed_from_wordfreq_pt
wfpt-03910,dna,,,3981,,seed_from_wordfreq_pt
wfpt-03911,doze,,,3982,,seed_from_wordfreq_pt
wfpt-03912,engenheiro,,,3983,,seed_from_wordfreq_pt
wfpt-03913,entraram,,,3984,,seed_from_wordfreq_pt
wfpt-03914,esquerdo,,,3985,,seed_from_wordfreq_pt
wfpt-03915,estaduais,,,3986,,seed_from_wordfreq_pt
wfpt-03916,evidência,,,3987,,seed_from_wordfreq_pt
wfpt-03917,ficha,,,3988,,seed_from_wordfreq_pt
wfpt-03918,fornece,,,3989,,seed_from_wordfreq_pt
wfpt-03919,frango,,,3990,,seed_from_wordfreq_pt
wfpt-03920,gerações,,,3991,,seed_from_wordfreq_pt
wfpt-03921,gostoso,,,3992,,seed_from_wordfreq_pt
wfpt-03922,independentemente,,,3993,,seed_from_wordfreq_pt
wfpt-03923,integração,,,3994,,seed_from_wordfreq_pt
wfpt-03924,investigações,,,3995,,seed_from_wordfreq_pt
wfpt-03925,iraque,,,3996,,seed_from_wordfreq_pt
wfpt-03926,iv,,,3997,,seed_from_wordfreq_pt
wfpt-03927,jato,,,3998,,seed_from_wordfreq_pt
wfpt-03928,júri,,,3999,,seed_from_wordfreq_pt
wfpt-03929,ligo,,,4000,,seed_from_wordfreq_pt
wfpt-03930,magia,,,4001,,seed_from_wordfreq_pt
wfpt-03931,maluco,,,4002,,seed_from_wordfreq_pt
wfpt-03932,marcha,,,4003,,seed_from_wordfreq_pt
wfpt-03933,matérias,,,4004,,seed_from_wordfreq_pt
wfpt-03934,mentir,,,4005,,seed_from_wordfreq_pt
wfpt-03935,moedas,,,4006,,seed_from_wordfreq_pt
wfpt-03936,narrativa,,,4007,,seed_from_wordfreq_pt
wfpt-03937,nascer,,,4008,,seed_from_wordfreq_pt
wfpt-03938,necessários,,,4009,,seed_from_wordfreq_pt
wfpt-03939,negociações,,,4010,,seed_from_wordfreq_pt
wfpt-03940,novidades,,,4011,,seed_from_wordfreq_pt
wfpt-03941,painel,,,4012,,seed_from_wordfreq_pt
wfpt-03942,pedaço,,,4013,,seed_from_wordfreq_pt
wfpt-03943,postar,,,4014,,seed_from_wordfreq_pt
wfpt-03944,preconceito,,,4015,,seed_from_wordfreq_pt
wfpt-03945,prisioneiros,,,4016,,seed_from_wordfreq_pt
wfpt-03946,profundo,,,4017,,seed_from_wordfreq_pt
wfpt-03947,quadros,,,4018,,seed_from_wordfreq_pt
wfpt-03948,recepção,,,4019,,seed_from_wordfreq_pt
wfpt-03949,salvo,,,4020,,seed_from_wordfreq_pt
wfpt-03950,sara,,,4021,,seed_from_wordfreq_pt
wfpt-03951,sentiu,,,4022,,seed_from_wordfreq_pt
wfpt-03952,substituir,,,4023,,seed_from_wordfreq_pt
wfpt-03953,tocou,,,4025,,seed_from_wordfreq_pt
wfpt-03954,torcedores,,,4026,,seed_from_wordfreq_pt
wfpt-03955,trabalhava,,,4027,,seed_from_wordfreq_pt
wfpt-03956,treinar,,,4028,,seed_from_wordfreq_pt
wfpt-03957,vais,,,4029,,seed_from_wordfreq_pt
wfpt-03958,vimos,,,4030,,seed_from_wordfreq_pt
wfpt-03959,vistas,,,4031,,seed_from_wordfreq_pt
wfpt-03960,acusação,,,4032,,seed_from_wordfreq_pt
wfpt-03961,adam,,,4033,,seed_from_wordfreq_pt
wfpt-03962,adiante,,,4034,,seed_from_wordfreq_pt
wfpt-03963,agências,,,4035,,seed_from_wordfreq_pt
wfpt-03964,aluno,,,4036,,seed_from_wordfreq_pt
wfpt-03965,anel,,,4037,,seed_from_wordfreq_pt
wfpt-03966,are,,,4038,,seed_from_wordfreq_pt
wfpt-03967,associações,,,4039,,seed_from_wordfreq_pt
wfpt-03968,aumentou,,,4040,,seed_from_wordfreq_pt
wfpt-03969,autonomia,,,4041,,seed_from_wordfreq_pt
wfpt-03970,back,,,4042,,seed_from_wordfreq_pt
wfpt-03971,bandas,,,4043,,seed_from_wordfreq_pt
wfpt-03972,batista,,,4044,,seed_from_wordfreq_pt
wfpt-03973,brilho,,,4046,,seed_from_wordfreq_pt
wfpt-03974,buenos,,,4047,,seed_from_wordfreq_pt
wfpt-03975,candidatura,,,4048,,seed_from_wordfreq_pt
wfpt-03976,cargos,,,4049,,seed_from_wordfreq_pt
wfpt-03977,comendo,,,4050,,seed_from_wordfreq_pt
wfpt-03978,completar,,,4051,,seed_from_wordfreq_pt
wfpt-03979,contagem,,,4052,,seed_from_wordfreq_pt
wfpt-03980,continuou,,,4053,,seed_from_wordfreq_pt
wfpt-03981,debaixo,,,4054,,seed_from_wordfreq_pt
wfpt-03982,delegacia,,,4055,,seed_from_wordfreq_pt
wfpt-03983,demora,,,4056,,seed_from_wordfreq_pt
wfpt-03984,demorar,,,4057,,seed_from_wordfreq_pt
wfpt-03985,desconhecido,,,4058,,seed_from_wordfreq_pt
wfpt-03986,desfile,,,4059,,seed_from_wordfreq_pt
wfpt-03987,dieta,,,4060,,seed_from_wordfreq_pt
wfpt-03988,divulgado,,,4061,,seed_from_wordfreq_pt
wfpt-03989,dói,,,4062,,seed_from_wordfreq_pt
wfpt-03990,emissora,,,4063,,seed_from_wordfreq_pt
wfpt-03991,entretenimento,,,4064,,seed_from_wordfreq_pt
wfpt-03992,espetáculo,,,4065,,seed_from_wordfreq_pt
wfpt-03993,estabilidade,,,4066,,seed_from_wordfreq_pt
wfpt-03994,estando,,,4067,,seed_from_wordfreq_pt
wfpt-03995,eventualmente,,,4068,,seed_from_wordfreq_pt
wfpt-03996,extrema,,,4069,,seed_from_wordfreq_pt
wfpt-03997,faziam,,,4070,,seed_from_wordfreq_pt
wfpt-03998,formal,,,4071,,seed_from_wordfreq_pt
wfpt-03999,garantia,,,4072,,seed_from_wordfreq_pt
wfpt-04000,guiné,,,4073,,seed_from_wordfreq_pt
wfpt-04001,imediato,,,4074,,seed_from_wordfreq_pt
wfpt-04002,inúmeros,,,4075,,seed_from_wordfreq_pt
wfpt-04003,julgar,,,4076,,seed_from_wordfreq_pt
wfpt-04004,kit,,,4077,,seed_from_wordfreq_pt
wfpt-04005,larry,,,4078,,seed_from_wordfreq_pt
wfpt-04006,leo,,,4079,,seed_from_wordfreq_pt
wfpt-04007,maconha,,,4080,,seed_from_wordfreq_pt
wfpt-04008,miami,,,4081,,seed_from_wordfreq_pt
wfpt-04009,monstro,,,4083,,seed_from_wordfreq_pt
wfpt-04010,moreira,,,4084,,seed_from_wordfreq_pt
wfpt-04011,mínima,,,4085,,seed_from_wordfreq_pt
wfpt-04012,originais,,,4086,,seed_from_wordfreq_pt
wfpt-04013,parado,,,4087,,seed_from_wordfreq_pt
wfpt-04014,passagens,,,4088,,seed_from_wordfreq_pt
wfpt-04015,perdida,,,4089,,seed_from_wordfreq_pt
wfpt-04016,pesquisadores,,,4090,,seed_from_wordfreq_pt
wfpt-04017,plena,,,4091,,seed_from_wordfreq_pt
wfpt-04018,poderosa,,,4092,,seed_from_wordfreq_pt
wfpt-04019,porte,,,4093,,seed_from_wordfreq_pt
wfpt-04020,possibilidades,,,4094,,seed_from_wordfreq_pt
wfpt-04021,potência,,,4095,,seed_from_wordfreq_pt
wfpt-04022,prender,,,4096,,seed_from_wordfreq_pt
wfpt-04023,preparando,,,4097,,seed_from_wordfreq_pt
wfpt-04024,press,,,4098,,seed_from_wordfreq_pt
wfpt-04025,prestes,,,4099,,seed_from_wordfreq_pt
wfpt-04026,prof,,,4100,,seed_from_wordfreq_pt
wfpt-04027,protesto,,,4101,,seed_from_wordfreq_pt
wfpt-04028,pude,,,4102,,seed_from_wordfreq_pt
wfpt-04029,rabo,,,4103,,seed_from_wordfreq_pt
wfpt-04030,realiza,,,4104,,seed_from_wordfreq_pt
wfpt-04031,reconhece,,,4105,,seed_from_wordfreq_pt
wfpt-04032,reflexão,,,4106,,seed_from_wordfreq_pt
wfpt-04033,relatos,,,4107,,seed_from_wordfreq_pt
wfpt-04034,ronaldo,,,4108,,seed_from_wordfreq_pt
wfpt-04035,russos,,,4109,,seed_from_wordfreq_pt
wfpt-04036,satélite,,,4110,,seed_from_wordfreq_pt
wfpt-04037,sobrevivência,,,4111,,seed_from_wordfreq_pt
wfpt-04038,suspeita,,,4112,,seed_from_wordfreq_pt
wfpt-04039,ta,,,4113,,seed_from_wordfreq_pt
wfpt-04040,transformação,,,4114,,seed_from_wordfreq_pt
wfpt-04041,uniforme,,,4115,,seed_from_wordfreq_pt
wfpt-04042,usp,,,4116,,seed_from_wordfreq_pt
wfpt-04043,únicos,,,4117,,seed_from_wordfreq_pt
wfpt-04044,adaptação,,,4118,,seed_from_wordfreq_pt
wfpt-04045,ajudem,,,4119,,seed_from_wordfreq_pt
wfpt-04046,alternativas,,,4120,,seed_from_wordfreq_pt
wfpt-04047,amostra,,,4121,,seed_from_wordfreq_pt
wfpt-04048,ansiedade,,,4122,,seed_from_wordfreq_pt
wfpt-04049,aplicativo,,,4123,,seed_from_wordfreq_pt
wfpt-04050,aprovada,,,4124,,seed_from_wordfreq_pt
wfpt-04051,assassinado,,,4125,,seed_from_wordfreq_pt
wfpt-04052,brown,,,4126,,seed_from_wordfreq_pt
wfpt-04053,caminhão,,,4127,,seed_from_wordfreq_pt
wfpt-04054,caos,,,4128,,seed_from_wordfreq_pt
wfpt-04055,característica,,,4129,,seed_from_wordfreq_pt
wfpt-04056,cardoso,,,4130,,seed_from_wordfreq_pt
wfpt-04057,casada,,,4131,,seed_from_wordfreq_pt
wfpt-04058,chicago,,,4132,,seed_from_wordfreq_pt
wfpt-04059,clínica,,,4133,,seed_from_wordfreq_pt
wfpt-04060,cobra,,,4134,,seed_from_wordfreq_pt
wfpt-04061,comenta,,,4135,,seed_from_wordfreq_pt
wfpt-04062,comentar,,,4136,,seed_from_wordfreq_pt
wfpt-04063,compreensão,,,4137,,seed_from_wordfreq_pt
wfpt-04064,conceitos,,,4138,,seed_from_wordfreq_pt
wfpt-04065,consulta,,,4139,,seed_from_wordfreq_pt
wfpt-04066,contribuições,,,4140,,seed_from_wordfreq_pt
wfpt-04067,daquelas,,,4141,,seed_from_wordfreq_pt
wfpt-04068,democrática,,,4142,,seed_from_wordfreq_pt
wfpt-04069,eletrônica,,,4143,,seed_from_wordfreq_pt
wfpt-04070,empregos,,,4144,,seed_from_wordfreq_pt
wfpt-04071,encontre,,,4145,,seed_from_wordfreq_pt
wfpt-04072,entenda,,,4146,,seed_from_wordfreq_pt
wfpt-04073,envolver,,,4147,,seed_from_wordfreq_pt
wfpt-04074,envolvimento,,,4148,,seed_from_wordfreq_pt
wfpt-04075,escuta,,,4149,,seed_from_wordfreq_pt
wfpt-04076,espanhola,,,4150,,seed_from_wordfreq_pt
wfpt-04077,faltam,,,4151,,seed_from_wordfreq_pt
wfpt-04078,febre,,,4152,,seed_from_wordfreq_pt
wfpt-04079,ficado,,,4153,,seed_from_wordfreq_pt
wfpt-04080,funcionário,,,4154,,seed_from_wordfreq_pt
wfpt-04081,hong,,,4155,,seed_from_wordfreq_pt
wfpt-04082,junior,,,4156,,seed_from_wordfreq_pt
wfpt-04083,largo,,,4157,,seed_from_wordfreq_pt
wfpt-04084,lateral,,,4158,,seed_from_wordfreq_pt
wfpt-04085,lembrando,,,4159,,seed_from_wordfreq_pt
wfpt-04086,mario,,,4160,,seed_from_wordfreq_pt
wfpt-04087,maus,,,4161,,seed_from_wordfreq_pt
wfpt-04088,morais,,,4162,,seed_from_wordfreq_pt
wfpt-04089,músico,,,4163,,seed_from_wordfreq_pt
wfpt-04090,negativo,,,4164,,seed_from_wordfreq_pt
wfpt-04091,nestes,,,4165,,seed_from_wordfreq_pt
wfpt-04092,oral,,,4166,,seed_from_wordfreq_pt
wfpt-04093,ouvidos,,,4167,,seed_from_wordfreq_pt
wfpt-04094,ouça,,,4168,,seed_from_wordfreq_pt
wfpt-04095,pensava,,,4169,,seed_from_wordfreq_pt
wfpt-04096,perseguição,,,4170,,seed_from_wordfreq_pt
wfpt-04097,poema,,,4171,,seed_from_wordfreq_pt
wfpt-04098,populações,,,4172,,seed_from_wordfreq_pt
wfpt-04099,procurador,,,4173,,seed_from_wordfreq_pt
wfpt-04100,profundamente,,,4174,,seed_from_wordfreq_pt
wfpt-04101,psicologia,,,4175,,seed_from_wordfreq_pt
wfpt-04102,reformas,,,4176,,seed_from_wordfreq_pt
wfpt-04103,repórter,,,4177,,seed_from_wordfreq_pt
wfpt-04104,retrato,,,4178,,seed_from_wordfreq_pt
wfpt-04105,rodas,,,4179,,seed_from_wordfreq_pt
wfpt-04106,salva,,,4180,,seed_from_wordfreq_pt
wfpt-04107,sentia,,,4181,,seed_from_wordfreq_pt
wfpt-04108,simon,,,4182,,seed_from_wordfreq_pt
wfpt-04109,sintomas,,,4183,,seed_from_wordfreq_pt
wfpt-04110,suave,,,4184,,seed_from_wordfreq_pt
wfpt-04111,suspensão,,,4185,,seed_from_wordfreq_pt
wfpt-04112,tag,,,4186,,seed_from_wordfreq_pt
wfpt-04113,tento,,,4187,,seed_from_wordfreq_pt
wfpt-04114,torres,,,4188,,seed_from_wordfreq_pt
wfpt-04115,vencedores,,,4189,,seed_from_wordfreq_pt
wfpt-04116,verdadeiros,,,4190,,seed_from_wordfreq_pt
wfpt-04117,verdes,,,4191,,seed_from_wordfreq_pt
wfpt-04118,vistos,,,4192,,seed_from_wordfreq_pt
wfpt-04119,vitórias,,,4193,,seed_from_wordfreq_pt
wfpt-04120,acredite,,,4195,,seed_from_wordfreq_pt
wfpt-04121,alemães,,,4196,,seed_from_wordfreq_pt
wfpt-04122,amazônia,,,4197,,seed_from_wordfreq_pt
wfpt-04123,andrade,,,4198,,seed_from_wordfreq_pt
wfpt-04124,android,,,4199,,seed_from_wordfreq_pt
wfpt-04125,aplicações,,,4200,,seed_from_wordfreq_pt
wfpt-04126,apresentada,,,4201,,seed_from_wordfreq_pt
wfpt-04127,associado,,,4202,,seed_from_wordfreq_pt
wfpt-04128,assumiu,,,4203,,seed_from_wordfreq_pt
wfpt-04129,atmosfera,,,4204,,seed_from_wordfreq_pt
wfpt-04130,atrair,,,4205,,seed_from_wordfreq_pt
wfpt-04131,atraso,,,4206,,seed_from_wordfreq_pt
wfpt-04132,atuar,,,4207,,seed_from_wordfreq_pt
wfpt-04133,aumentando,,,4208,,seed_from_wordfreq_pt
wfpt-04134,aço,,,4209,,seed_from_wordfreq_pt
wfpt-04135,ba,,,4210,,seed_from_wordfreq_pt
wfpt-04136,bando,,,4211,,seed_from_wordfreq_pt
wfpt-04137,braga,,,4212,,seed_from_wordfreq_pt
wfpt-04138,causando,,,4213,,seed_from_wordfreq_pt
wfpt-04139,contemporânea,,,4215,,seed_from_wordfreq_pt
wfpt-04140,cristã,,,4216,,seed_from_wordfreq_pt
wfpt-04141,cujos,,,4217,,seed_from_wordfreq_pt
wfpt-04142,césar,,,4218,,seed_from_wordfreq_pt
wfpt-04143,desculpe,,,4219,,seed_from_wordfreq_pt
wfpt-04144,dignidade,,,4220,,seed_from_wordfreq_pt
wfpt-04145,director,,,4221,,seed_from_wordfreq_pt
wfpt-04146,discussões,,,4222,,seed_from_wordfreq_pt
wfpt-04147,disposto,,,4223,,seed_from_wordfreq_pt
wfpt-04148,dose,,,4224,,seed_from_wordfreq_pt
wfpt-04149,durou,,,4225,,seed_from_wordfreq_pt
wfpt-04150,editorial,,,4226,,seed_from_wordfreq_pt
wfpt-04151,emocional,,,4227,,seed_from_wordfreq_pt
wfpt-04152,equivalente,,,4228,,seed_from_wordfreq_pt
wfpt-04153,eric,,,4229,,seed_from_wordfreq_pt
wfpt-04154,espada,,,4230,,seed_from_wordfreq_pt
wfpt-04155,esperado,,,4231,,seed_from_wordfreq_pt
wfpt-04156,existente,,,4232,,seed_from_wordfreq_pt
wfpt-04157,extinção,,,4233,,seed_from_wordfreq_pt
wfpt-04158,fator,,,4234,,seed_from_wordfreq_pt
wfpt-04159,fechada,,,4235,,seed_from_wordfreq_pt
wfpt-04160,fábio,,,4236,,seed_from_wordfreq_pt
wfpt-04161,grátis,,,4237,,seed_from_wordfreq_pt
wfpt-04162,hino,,,4238,,seed_from_wordfreq_pt
wfpt-04163,hospitais,,,4239,,seed_from_wordfreq_pt
wfpt-04164,indicar,,,4240,,seed_from_wordfreq_pt
wfpt-04165,itens,,,4241,,seed_from_wordfreq_pt
wfpt-04166,kevin,,,4242,,seed_from_wordfreq_pt
wfpt-04167,libertação,,,4243,,seed_from_wordfreq_pt
wfpt-04168,limpo,,,4244,,seed_from_wordfreq_pt
wfpt-04169,manaus,,,4245,,seed_from_wordfreq_pt
wfpt-04170,metro,,,4246,,seed_from_wordfreq_pt
wfpt-04171,micro,,,4247,,seed_from_wordfreq_pt
wfpt-04172,mini,,,4248,,seed_from_wordfreq_pt
wfpt-04173,misericórdia,,,4249,,seed_from_wordfreq_pt
wfpt-04174,mito,,,4250,,seed_from_wordfreq_pt
wfpt-04175,montagem,,,4251,,seed_from_wordfreq_pt
wfpt-04176,mudando,,,4252,,seed_from_wordfreq_pt
wfpt-04177,multidão,,,4253,,seed_from_wordfreq_pt
wfpt-04178,máscara,,,4254,,seed_from_wordfreq_pt
wfpt-04179,nasce,,,4255,,seed_from_wordfreq_pt
wfpt-04180,nd,,,4256,,seed_from_wordfreq_pt
wfpt-04181,negar,,,4257,,seed_from_wordfreq_pt
wfpt-04182,net,,,4258,,seed_from_wordfreq_pt
wfpt-04183,normas,,,4259,,seed_from_wordfreq_pt
wfpt-04184,odeia,,,4260,,seed_from_wordfreq_pt
wfpt-04185,percebo,,,4261,,seed_from_wordfreq_pt
wfpt-04186,previsto,,,4262,,seed_from_wordfreq_pt
wfpt-04187,procure,,,4263,,seed_from_wordfreq_pt
wfpt-04188,promovido,,,4264,,seed_from_wordfreq_pt
wfpt-04189,raramente,,,4265,,seed_from_wordfreq_pt
wfpt-04190,retornar,,,4266,,seed_from_wordfreq_pt
wfpt-04191,ruins,,,4267,,seed_from_wordfreq_pt
wfpt-04192,segurar,,,4268,,seed_from_wordfreq_pt
wfpt-04193,sobreviver,,,4269,,seed_from_wordfreq_pt
wfpt-04194,solta,,,4270,,seed_from_wordfreq_pt
wfpt-04195,tentativas,,,4271,,seed_from_wordfreq_pt
wfpt-04196,trazendo,,,4272,,seed_from_wordfreq_pt
wfpt-04197,tráfico,,,4273,,seed_from_wordfreq_pt
wfpt-04198,tô,,,4274,,seed_from_wordfreq_pt
wfpt-04199,utilizadas,,,4275,,seed_from_wordfreq_pt
wfpt-04200,vereador,,,4276,,seed_from_wordfreq_pt
wfpt-04201,vestir,,,4277,,seed_from_wordfreq_pt
wfpt-04202,vindos,,,4278,,seed_from_wordfreq_pt
wfpt-04203,volte,,,4279,,seed_from_wordfreq_pt
wfpt-04204,vossa,,,4280,,seed_from_wordfreq_pt
wfpt-04205,árabes,,,4281,,seed_from_wordfreq_pt
wfpt-04206,actualmente,,,4282,,seed_from_wordfreq_pt
wfpt-04207,africano,,,4283,,seed_from_wordfreq_pt
wfpt-04208,amplo,,,4284,,seed_from_wordfreq_pt
wfpt-04209,apagar,,,4285,,seed_from_wordfreq_pt
wfpt-04210,apple,,,4286,,seed_from_wordfreq_pt
wfpt-04211,arco,,,4287,,seed_from_wordfreq_pt
wfpt-04212,associados,,,4288,,seed_from_wordfreq_pt
wfpt-04213,augusto,,,4289,,seed_from_wordfreq_pt
wfpt-04214,auxiliar,,,4290,,seed_from_wordfreq_pt
wfpt-04215,avançar,,,4291,,seed_from_wordfreq_pt
wfpt-04216,belas,,,4292,,seed_from_wordfreq_pt
wfpt-04217,botão,,,4293,,seed_from_wordfreq_pt
wfpt-04218,caridade,,,4294,,seed_from_wordfreq_pt
wfpt-04219,carol,,,4295,,seed_from_wordfreq_pt
wfpt-04220,componentes,,,4296,,seed_from_wordfreq_pt
wfpt-04221,concessão,,,4297,,seed_from_wordfreq_pt
wfpt-04222,conduta,,,4298,,seed_from_wordfreq_pt
wfpt-04223,confortável,,,4299,,seed_from_wordfreq_pt
wfpt-04224,conquistou,,,4300,,seed_from_wordfreq_pt
wfpt-04225,continuo,,,4301,,seed_from_wordfreq_pt
wfpt-04226,curiosidade,,,4302,,seed_from_wordfreq_pt
wfpt-04227,dan,,,4303,,seed_from_wordfreq_pt
wfpt-04228,daquilo,,,4304,,seed_from_wordfreq_pt
wfpt-04229,derrubar,,,4305,,seed_from_wordfreq_pt
wfpt-04230,don,,,4306,,seed_from_wordfreq_pt
wfpt-04231,edições,,,4307,,seed_from_wordfreq_pt
wfpt-04232,eleitores,,,4308,,seed_from_wordfreq_pt
wfpt-04233,eletrônicos,,,4309,,seed_from_wordfreq_pt
wfpt-04234,falado,,,4310,,seed_from_wordfreq_pt
wfpt-04235,fortemente,,,4311,,seed_from_wordfreq_pt
wfpt-04236,garcia,,,4312,,seed_from_wordfreq_pt
wfpt-04237,gasolina,,,4313,,seed_from_wordfreq_pt
wfpt-04238,gatos,,,4314,,seed_from_wordfreq_pt
wfpt-04239,gera,,,4315,,seed_from_wordfreq_pt
wfpt-04240,idioma,,,4316,,seed_from_wordfreq_pt
wfpt-04241,idéias,,,4317,,seed_from_wordfreq_pt
wfpt-04242,japonesa,,,4318,,seed_from_wordfreq_pt
wfpt-04243,long,,,4319,,seed_from_wordfreq_pt
wfpt-04244,lutando,,,4320,,seed_from_wordfreq_pt
wfpt-04245,mandei,,,4321,,seed_from_wordfreq_pt
wfpt-04246,maquiagem,,,4322,,seed_from_wordfreq_pt
wfpt-04247,maravilha,,,4323,,seed_from_wordfreq_pt
wfpt-04248,mentiras,,,4324,,seed_from_wordfreq_pt
wfpt-04249,móvel,,,4325,,seed_from_wordfreq_pt
wfpt-04250,músicos,,,4326,,seed_from_wordfreq_pt
wfpt-04251,neves,,,4327,,seed_from_wordfreq_pt
wfpt-04252,noiva,,,4328,,seed_from_wordfreq_pt
wfpt-04253,obrigação,,,4329,,seed_from_wordfreq_pt
wfpt-04254,ocorrer,,,4330,,seed_from_wordfreq_pt
wfpt-04255,ocupa,,,4331,,seed_from_wordfreq_pt
wfpt-04256,percebeu,,,4332,,seed_from_wordfreq_pt
wfpt-04257,perderam,,,4333,,seed_from_wordfreq_pt
wfpt-04258,pib,,,4334,,seed_from_wordfreq_pt
wfpt-04259,pobreza,,,4335,,seed_from_wordfreq_pt
wfpt-04260,previsão,,,4336,,seed_from_wordfreq_pt
wfpt-04261,procedimento,,,4337,,seed_from_wordfreq_pt
wfpt-04262,produz,,,4338,,seed_from_wordfreq_pt
wfpt-04263,protecção,,,4339,,seed_from_wordfreq_pt
wfpt-04264,rap,,,4340,,seed_from_wordfreq_pt
wfpt-04265,respeitar,,,4341,,seed_from_wordfreq_pt
wfpt-04266,reuniu,,,4342,,seed_from_wordfreq_pt
wfpt-04267,romântico,,,4343,,seed_from_wordfreq_pt
wfpt-04268,sabes,,,4344,,seed_from_wordfreq_pt
wfpt-04269,saem,,,4345,,seed_from_wordfreq_pt
wfpt-04270,separação,,,4346,,seed_from_wordfreq_pt
wfpt-04271,sessões,,,4347,,seed_from_wordfreq_pt
wfpt-04272,set,,,4348,,seed_from_wordfreq_pt
wfpt-04273,single,,,4349,,seed_from_wordfreq_pt
wfpt-04274,sinta,,,4350,,seed_from_wordfreq_pt
wfpt-04275,sopa,,,4351,,seed_from_wordfreq_pt
wfpt-04276,sousa,,,4352,,seed_from_wordfreq_pt
wfpt-04277,st,,,4353,,seed_from_wordfreq_pt
wfpt-04278,supostamente,,,4354,,seed_from_wordfreq_pt
wfpt-04279,thiago,,,4355,,seed_from_wordfreq_pt
wfpt-04280,tocando,,,4356,,seed_from_wordfreq_pt
wfpt-04281,torneio,,,4357,,seed_from_wordfreq_pt
wfpt-04282,tradições,,,4358,,seed_from_wordfreq_pt
wfpt-04283,videos,,,4359,,seed_from_wordfreq_pt
wfpt-04284,vigor,,,4360,,seed_from_wordfreq_pt
wfpt-04285,vingança,,,4361,,seed_from_wordfreq_pt
wfpt-04286,visa,,,4362,,seed_from_wordfreq_pt
wfpt-04287,xx,,,4363,,seed_from_wordfreq_pt
wfpt-04288,acessar,,,4364,,seed_from_wordfreq_pt
wfpt-04289,actual,,,4365,,seed_from_wordfreq_pt
wfpt-04290,afonso,,,4366,,seed_from_wordfreq_pt
wfpt-04291,amado,,,4367,,seed_from_wordfreq_pt
wfpt-04292,amante,,,4368,,seed_from_wordfreq_pt
wfpt-04293,apaixonada,,,4369,,seed_from_wordfreq_pt
wfpt-04294,aposta,,,4370,,seed_from_wordfreq_pt
wfpt-04295,aprendeu,,,4371,,seed_from_wordfreq_pt
wfpt-04296,assalto,,,4372,,seed_from_wordfreq_pt
wfpt-04297,ativos,,,4373,,seed_from_wordfreq_pt
wfpt-04298,benefício,,,4374,,seed_from_wordfreq_pt
wfpt-04299,bento,,,4375,,seed_from_wordfreq_pt
wfpt-04300,bernardo,,,4376,,seed_from_wordfreq_pt
wfpt-04301,bombeiros,,,4377,,seed_from_wordfreq_pt
wfpt-04302,caramba,,,4378,,seed_from_wordfreq_pt
wfpt-04303,chegado,,,4379,,seed_from_wordfreq_pt
wfpt-04304,chegue,,,4380,,seed_from_wordfreq_pt
wfpt-04305,científico,,,4381,,seed_from_wordfreq_pt
wfpt-04306,cola,,,4382,,seed_from_wordfreq_pt
wfpt-04307,começamos,,,4383,,seed_from_wordfreq_pt
wfpt-04308,criminoso,,,4384,,seed_from_wordfreq_pt
wfpt-04309,cristão,,,4385,,seed_from_wordfreq_pt
wfpt-04310,desastre,,,4386,,seed_from_wordfreq_pt
wfpt-04311,down,,,4387,,seed_from_wordfreq_pt
wfpt-04312,duplo,,,4388,,seed_from_wordfreq_pt
wfpt-04313,elizabeth,,,4389,,seed_from_wordfreq_pt
wfpt-04314,estupro,,,4390,,seed_from_wordfreq_pt
wfpt-04315,estágio,,,4391,,seed_from_wordfreq_pt
wfpt-04316,exibição,,,4392,,seed_from_wordfreq_pt
wfpt-04317,faixas,,,4393,,seed_from_wordfreq_pt
wfpt-04318,fernanda,,,4394,,seed_from_wordfreq_pt
wfpt-04319,fi,,,4395,,seed_from_wordfreq_pt
wfpt-04320,fruto,,,4396,,seed_from_wordfreq_pt
wfpt-04321,games,,,4397,,seed_from_wordfreq_pt
wfpt-04322,garganta,,,4398,,seed_from_wordfreq_pt
wfpt-04323,gravidade,,,4399,,seed_from_wordfreq_pt
wfpt-04324,green,,,4400,,seed_from_wordfreq_pt
wfpt-04325,históricos,,,4401,,seed_from_wordfreq_pt
wfpt-04326,incríveis,,,4402,,seed_from_wordfreq_pt
wfpt-04327,inscrição,,,4403,,seed_from_wordfreq_pt
wfpt-04328,inter,,,4404,,seed_from_wordfreq_pt
wfpt-04329,jones,,,4405,,seed_from_wordfreq_pt
wfpt-04330,julia,,,4406,,seed_from_wordfreq_pt
wfpt-04331,libertadores,,,4407,,seed_from_wordfreq_pt
wfpt-04332,lobo,,,4408,,seed_from_wordfreq_pt
wfpt-04333,mac,,,4409,,seed_from_wordfreq_pt
wfpt-04334,mateus,,,4410,,seed_from_wordfreq_pt
wfpt-04335,mecanismo,,,4411,,seed_from_wordfreq_pt
wfpt-04336,monteiro,,,4412,,seed_from_wordfreq_pt
wfpt-04337,necessariamente,,,4413,,seed_from_wordfreq_pt
wfpt-04338,normais,,,4414,,seed_from_wordfreq_pt
wfpt-04339,ofereceu,,,4415,,seed_from_wordfreq_pt
wfpt-04340,ovo,,,4416,,seed_from_wordfreq_pt
wfpt-04341,passava,,,4417,,seed_from_wordfreq_pt
wfpt-04342,percurso,,,4418,,seed_from_wordfreq_pt
wfpt-04343,podes,,,4419,,seed_from_wordfreq_pt
wfpt-04344,policia,,,4420,,seed_from_wordfreq_pt
wfpt-04345,polêmica,,,4421,,seed_from_wordfreq_pt
wfpt-04346,possamos,,,4422,,seed_from_wordfreq_pt
wfpt-04347,prefere,,,4423,,seed_from_wordfreq_pt
wfpt-04348,prevenção,,,4424,,seed_from_wordfreq_pt
wfpt-04349,proibido,,,4425,,seed_from_wordfreq_pt
wfpt-04350,reputação,,,4426,,seed_from_wordfreq_pt
wfpt-04351,restante,,,4427,,seed_from_wordfreq_pt
wfpt-04352,rita,,,4428,,seed_from_wordfreq_pt
wfpt-04353,sagrado,,,4429,,seed_from_wordfreq_pt
wfpt-04354,secretária,,,4430,,seed_from_wordfreq_pt
wfpt-04355,semi,,,4431,,seed_from_wordfreq_pt
wfpt-04356,serviu,,,4432,,seed_from_wordfreq_pt
wfpt-04357,suposto,,,4433,,seed_from_wordfreq_pt
wfpt-04358,tivessem,,,4434,,seed_from_wordfreq_pt
wfpt-04359,tragédia,,,4435,,seed_from_wordfreq_pt
wfpt-04360,valer,,,4436,,seed_from_wordfreq_pt
wfpt-04361,vende,,,4437,,seed_from_wordfreq_pt
wfpt-04362,vias,,,4438,,seed_from_wordfreq_pt
wfpt-04363,vindas,,,4439,,seed_from_wordfreq_pt
wfpt-04364,voltas,,,4440,,seed_from_wordfreq_pt
wfpt-04365,ácido,,,4441,,seed_from_wordfreq_pt
wfpt-04366,acidentes,,,4442,,seed_from_wordfreq_pt
wfpt-04367,africana,,,4443,,seed_from_wordfreq_pt
wfpt-04368,amanda,,,4444,,seed_from_wordfreq_pt
wfpt-04369,ameaças,,,4445,,seed_from_wordfreq_pt
wfpt-04370,aranha,,,4446,,seed_from_wordfreq_pt
wfpt-04371,argumentos,,,4447,,seed_from_wordfreq_pt
wfpt-04372,bandidos,,,4448,,seed_from_wordfreq_pt
wfpt-04373,bbc,,,4449,,seed_from_wordfreq_pt
wfpt-04374,buraco,,,4450,,seed_from_wordfreq_pt
wfpt-04375,cabeças,,,4451,,seed_from_wordfreq_pt
wfpt-04376,celebração,,,4452,,seed_from_wordfreq_pt
wfpt-04377,colonial,,,4453,,seed_from_wordfreq_pt
wfpt-04378,comunicar,,,4454,,seed_from_wordfreq_pt
wfpt-04379,concorda,,,4455,,seed_from_wordfreq_pt
wfpt-04380,consideradas,,,4456,,seed_from_wordfreq_pt
wfpt-04381,conter,,,4457,,seed_from_wordfreq_pt
wfpt-04382,correspondente,,,4458,,seed_from_wordfreq_pt
wfpt-04383,costume,,,4459,,seed_from_wordfreq_pt
wfpt-04384,dama,,,4460,,seed_from_wordfreq_pt
wfpt-04385,defendeu,,,4461,,seed_from_wordfreq_pt
wfpt-04386,definir,,,4462,,seed_from_wordfreq_pt
wfpt-04387,dependendo,,,4463,,seed_from_wordfreq_pt
wfpt-04388,descansar,,,4464,,seed_from_wordfreq_pt
wfpt-04389,descoberto,,,4465,,seed_from_wordfreq_pt
wfpt-04390,determinada,,,4466,,seed_from_wordfreq_pt
wfpt-04391,edward,,,4467,,seed_from_wordfreq_pt
wfpt-04392,eliminação,,,4468,,seed_from_wordfreq_pt
wfpt-04393,empregados,,,4469,,seed_from_wordfreq_pt
wfpt-04394,entendem,,,4470,,seed_from_wordfreq_pt
wfpt-04395,equador,,,4471,,seed_from_wordfreq_pt
wfpt-04396,escutar,,,4472,,seed_from_wordfreq_pt
wfpt-04397,estarem,,,4473,,seed_from_wordfreq_pt
wfpt-04398,estás,,,4474,,seed_from_wordfreq_pt
wfpt-04399,exames,,,4475,,seed_from_wordfreq_pt
wfpt-04400,excelência,,,4476,,seed_from_wordfreq_pt
wfpt-04401,facilitar,,,4477,,seed_from_wordfreq_pt
wfpt-04402,fechamento,,,4478,,seed_from_wordfreq_pt
wfpt-04403,financeiros,,,4479,,seed_from_wordfreq_pt
wfpt-04404,fingir,,,4480,,seed_from_wordfreq_pt
wfpt-04405,furacão,,,4481,,seed_from_wordfreq_pt
wfpt-04406,gastos,,,4482,,seed_from_wordfreq_pt
wfpt-04407,grêmio,,,4483,,seed_from_wordfreq_pt
wfpt-04408,ingressos,,,4484,,seed_from_wordfreq_pt
wfpt-04409,inicia,,,4485,,seed_from_wordfreq_pt
wfpt-04410,integral,,,4486,,seed_from_wordfreq_pt
wfpt-04411,iphone,,,4487,,seed_from_wordfreq_pt
wfpt-04412,jurídica,,,4488,,seed_from_wordfreq_pt
wfpt-04413,juízes,,,4489,,seed_from_wordfreq_pt
wfpt-04414,legado,,,4490,,seed_from_wordfreq_pt
wfpt-04415,legislativa,,,4491,,seed_from_wordfreq_pt
wfpt-04416,legislativo,,,4492,,seed_from_wordfreq_pt
wfpt-04417,lembranças,,,4493,,seed_from_wordfreq_pt
wfpt-04418,lembrou,,,4494,,seed_from_wordfreq_pt
wfpt-04419,min,,,4495,,seed_from_wordfreq_pt
wfpt-04420,mudaram,,,4497,,seed_from_wordfreq_pt
wfpt-04421,multa,,,4498,,seed_from_wordfreq_pt
wfpt-04422,nave,,,4499,,seed_from_wordfreq_pt
wfpt-04423,paraíba,,,4500,,seed_from_wordfreq_pt
wfpt-04424,particulares,,,4501,,seed_from_wordfreq_pt
wfpt-04425,perca,,,4502,,seed_from_wordfreq_pt
wfpt-04426,permitem,,,4503,,seed_from_wordfreq_pt
wfpt-04427,permitido,,,4504,,seed_from_wordfreq_pt
wfpt-04428,pimenta,,,4505,,seed_from_wordfreq_pt
wfpt-04429,plástico,,,4506,,seed_from_wordfreq_pt
wfpt-04430,pouquinho,,,4507,,seed_from_wordfreq_pt
wfpt-04431,produzida,,,4508,,seed_from_wordfreq_pt
wfpt-04432,prometeu,,,4509,,seed_from_wordfreq_pt
wfpt-04433,proprietários,,,4510,,seed_from_wordfreq_pt
wfpt-04434,protocolo,,,4511,,seed_from_wordfreq_pt
wfpt-04435,raiz,,,4512,,seed_from_wordfreq_pt
wfpt-04436,recusou,,,4513,,seed_from_wordfreq_pt
wfpt-04437,redação,,,4514,,seed_from_wordfreq_pt
wfpt-04438,remédio,,,4515,,seed_from_wordfreq_pt
wfpt-04439,revelar,,,4516,,seed_from_wordfreq_pt
wfpt-04440,rose,,,4517,,seed_from_wordfreq_pt
wfpt-04441,saíram,,,4518,,seed_from_wordfreq_pt
wfpt-04442,senta,,,4519,,seed_from_wordfreq_pt
wfpt-04443,smith,,,4520,,seed_from_wordfreq_pt
wfpt-04444,suficientes,,,4521,,seed_from_wordfreq_pt
wfpt-04445,séria,,,4522,,seed_from_wordfreq_pt
wfpt-04446,tesouro,,,4523,,seed_from_wordfreq_pt
wfpt-04447,todavia,,,4524,,seed_from_wordfreq_pt
wfpt-04448,what,,,4525,,seed_from_wordfreq_pt
wfpt-04449,wilson,,,4526,,seed_from_wordfreq_pt
wfpt-04450,ás,,,4527,,seed_from_wordfreq_pt
wfpt-04451,afirmar,,,4528,,seed_from_wordfreq_pt
wfpt-04452,amazonas,,,4529,,seed_from_wordfreq_pt
wfpt-04453,atinge,,,4530,,seed_from_wordfreq_pt
wfpt-04454,biologia,,,4531,,seed_from_wordfreq_pt
wfpt-04455,blocos,,,4532,,seed_from_wordfreq_pt
wfpt-04456,calar,,,4533,,seed_from_wordfreq_pt
wfpt-04457,caminhada,,,4534,,seed_from_wordfreq_pt
wfpt-04458,can,,,4535,,seed_from_wordfreq_pt
wfpt-04459,carbono,,,4536,,seed_from_wordfreq_pt
wfpt-04460,circular,,,4537,,seed_from_wordfreq_pt
wfpt-04461,comprimento,,,4538,,seed_from_wordfreq_pt
wfpt-04462,comunicado,,,4539,,seed_from_wordfreq_pt
wfpt-04463,conhecemos,,,4540,,seed_from_wordfreq_pt
wfpt-04464,conhecia,,,4541,,seed_from_wordfreq_pt
wfpt-04465,conhecidas,,,4542,,seed_from_wordfreq_pt
wfpt-04466,contam,,,4543,,seed_from_wordfreq_pt
wfpt-04467,contendo,,,4544,,seed_from_wordfreq_pt
wfpt-04468,corta,,,4545,,seed_from_wordfreq_pt
wfpt-04469,country,,,4546,,seed_from_wordfreq_pt
wfpt-04470,decorrer,,,4547,,seed_from_wordfreq_pt
wfpt-04471,descreveu,,,4548,,seed_from_wordfreq_pt
wfpt-04472,descubra,,,4549,,seed_from_wordfreq_pt
wfpt-04473,despesas,,,4550,,seed_from_wordfreq_pt
wfpt-04474,doces,,,4551,,seed_from_wordfreq_pt
wfpt-04475,duvido,,,4552,,seed_from_wordfreq_pt
wfpt-04476,econômicas,,,4553,,seed_from_wordfreq_pt
wfpt-04477,educacional,,,4554,,seed_from_wordfreq_pt
wfpt-04478,eixo,,,4555,,seed_from_wordfreq_pt
wfpt-04479,embaixador,,,4556,,seed_from_wordfreq_pt
wfpt-04480,emily,,,4557,,seed_from_wordfreq_pt
wfpt-04481,espiritual,,,4558,,seed_from_wordfreq_pt
wfpt-04482,esquecido,,,4559,,seed_from_wordfreq_pt
wfpt-04483,estacionamento,,,4560,,seed_from_wordfreq_pt
wfpt-04484,ganhei,,,4561,,seed_from_wordfreq_pt
wfpt-04485,good,,,4562,,seed_from_wordfreq_pt
wfpt-04486,herança,,,4563,,seed_from_wordfreq_pt
wfpt-04487,informa,,,4564,,seed_from_wordfreq_pt
wfpt-04488,iniciais,,,4565,,seed_from_wordfreq_pt
wfpt-04489,interação,,,4566,,seed_from_wordfreq_pt
wfpt-04490,interessantes,,,4567,,seed_from_wordfreq_pt
wfpt-04491,mala,,,4568,,seed_from_wordfreq_pt
wfpt-04492,manoel,,,4569,,seed_from_wordfreq_pt
wfpt-04493,melo,,,4570,,seed_from_wordfreq_pt
wfpt-04494,milho,,,4571,,seed_from_wordfreq_pt
wfpt-04495,paisagem,,,4572,,seed_from_wordfreq_pt
wfpt-04496,pan,,,4573,,seed_from_wordfreq_pt
wfpt-04497,parecido,,,4574,,seed_from_wordfreq_pt
wfpt-04498,parentes,,,4575,,seed_from_wordfreq_pt
wfpt-04499,percepção,,,4576,,seed_from_wordfreq_pt
wfpt-04500,pesca,,,4577,,seed_from_wordfreq_pt
wfpt-04501,placas,,,4578,,seed_from_wordfreq_pt
wfpt-04502,popularidade,,,4579,,seed_from_wordfreq_pt
wfpt-04503,pp,,,4580,,seed_from_wordfreq_pt
wfpt-04504,prepara,,,4581,,seed_from_wordfreq_pt
wfpt-04505,presidencial,,,4582,,seed_from_wordfreq_pt
wfpt-04506,privadas,,,4583,,seed_from_wordfreq_pt
wfpt-04507,protestos,,,4584,,seed_from_wordfreq_pt
wfpt-04508,pôde,,,4585,,seed_from_wordfreq_pt
wfpt-04509,quartos,,,4586,,seed_from_wordfreq_pt
wfpt-04510,quinto,,,4587,,seed_from_wordfreq_pt
wfpt-04511,raro,,,4588,,seed_from_wordfreq_pt
wfpt-04512,reações,,,4589,,seed_from_wordfreq_pt
wfpt-04513,relevante,,,4590,,seed_from_wordfreq_pt
wfpt-04514,resenha,,,4591,,seed_from_wordfreq_pt
wfpt-04515,respectivamente,,,4592,,seed_from_wordfreq_pt
wfpt-04516,roger,,,4593,,seed_from_wordfreq_pt
wfpt-04517,rui,,,4594,,seed_from_wordfreq_pt
wfpt-04518,sabor,,,4595,,seed_from_wordfreq_pt
wfpt-04519,senhores,,,4596,,seed_from_wordfreq_pt
wfpt-04520,significativa,,,4597,,seed_from_wordfreq_pt
wfpt-04521,sofrendo,,,4598,,seed_from_wordfreq_pt
wfpt-04522,solidariedade,,,4599,,seed_from_wordfreq_pt
wfpt-04523,suíça,,,4600,,seed_from_wordfreq_pt
wfpt-04524,tendências,,,4601,,seed_from_wordfreq_pt
wfpt-04525,tomé,,,4602,,seed_from_wordfreq_pt
wfpt-04526,trabalhador,,,4603,,seed_from_wordfreq_pt
wfpt-04527,unhas,,,4604,,seed_from_wordfreq_pt
wfpt-04528,violação,,,4605,,seed_from_wordfreq_pt
wfpt-04529,vizinhança,,,4606,,seed_from_wordfreq_pt
wfpt-04530,abuso,,,4607,,seed_from_wordfreq_pt
wfpt-04531,aceitou,,,4608,,seed_from_wordfreq_pt
wfpt-04532,acontecerá,,,4609,,seed_from_wordfreq_pt
wfpt-04533,acorda,,,4610,,seed_from_wordfreq_pt
wfpt-04534,aguentar,,,4611,,seed_from_wordfreq_pt
wfpt-04535,american,,,4612,,seed_from_wordfreq_pt
wfpt-04536,assassino,,,4613,,seed_from_wordfreq_pt
wfpt-04537,balas,,,4614,,seed_from_wordfreq_pt
wfpt-04538,brazil,,,4615,,seed_from_wordfreq_pt
wfpt-04539,cabral,,,4616,,seed_from_wordfreq_pt
wfpt-04540,caindo,,,4617,,seed_from_wordfreq_pt
wfpt-04541,campinas,,,4618,,seed_from_wordfreq_pt
wfpt-04542,chato,,,4619,,seed_from_wordfreq_pt
wfpt-04543,chorando,,,4620,,seed_from_wordfreq_pt
wfpt-04544,cigarro,,,4621,,seed_from_wordfreq_pt
wfpt-04545,clipe,,,4622,,seed_from_wordfreq_pt
wfpt-04546,conseguido,,,4623,,seed_from_wordfreq_pt
wfpt-04547,conseguindo,,,4624,,seed_from_wordfreq_pt
wfpt-04548,coordenador,,,4625,,seed_from_wordfreq_pt
wfpt-04549,corredor,,,4626,,seed_from_wordfreq_pt
wfpt-04550,crer,,,4627,,seed_from_wordfreq_pt
wfpt-04551,curioso,,,4628,,seed_from_wordfreq_pt
wfpt-04552,dedicada,,,4629,,seed_from_wordfreq_pt
wfpt-04553,descer,,,4630,,seed_from_wordfreq_pt
wfpt-04554,desespero,,,4631,,seed_from_wordfreq_pt
wfpt-04555,detalhe,,,4632,,seed_from_wordfreq_pt
wfpt-04556,divertido,,,4633,,seed_from_wordfreq_pt
wfpt-04557,dragão,,,4634,,seed_from_wordfreq_pt
wfpt-04558,eficaz,,,4635,,seed_from_wordfreq_pt
wfpt-04559,ensina,,,4636,,seed_from_wordfreq_pt
wfpt-04560,específica,,,4637,,seed_from_wordfreq_pt
wfpt-04561,estabelecido,,,4638,,seed_from_wordfreq_pt
wfpt-04562,estratégias,,,4639,,seed_from_wordfreq_pt
wfpt-04563,estável,,,4640,,seed_from_wordfreq_pt
wfpt-04564,evidente,,,4641,,seed_from_wordfreq_pt
wfpt-04565,exato,,,4642,,seed_from_wordfreq_pt
wfpt-04566,expor,,,4643,,seed_from_wordfreq_pt
wfpt-04567,expressar,,,4644,,seed_from_wordfreq_pt
wfpt-04568,falhas,,,4645,,seed_from_wordfreq_pt
wfpt-04569,felizmente,,,4646,,seed_from_wordfreq_pt
wfpt-04570,finanças,,,4647,,seed_from_wordfreq_pt
wfpt-04571,fred,,,4648,,seed_from_wordfreq_pt
wfpt-04572,fumar,,,4649,,seed_from_wordfreq_pt
wfpt-04573,gilberto,,,4650,,seed_from_wordfreq_pt
wfpt-04574,guimarães,,,4651,,seed_from_wordfreq_pt
wfpt-04575,homicídio,,,4652,,seed_from_wordfreq_pt
wfpt-04576,inscrições,,,4653,,seed_from_wordfreq_pt
wfpt-04577,intensidade,,,4654,,seed_from_wordfreq_pt
wfpt-04578,internos,,,4655,,seed_from_wordfreq_pt
wfpt-04579,jane,,,4656,,seed_from_wordfreq_pt
wfpt-04580,japoneses,,,4657,,seed_from_wordfreq_pt
wfpt-04581,last,,,4658,,seed_from_wordfreq_pt
wfpt-04582,leu,,,4659,,seed_from_wordfreq_pt
wfpt-04583,lisa,,,4660,,seed_from_wordfreq_pt
wfpt-04584,mantido,,,4661,,seed_from_wordfreq_pt
wfpt-04585,mercados,,,4662,,seed_from_wordfreq_pt
wfpt-04586,motores,,,4663,,seed_from_wordfreq_pt
wfpt-04587,muro,,,4664,,seed_from_wordfreq_pt
wfpt-04588,ocorrem,,,4666,,seed_from_wordfreq_pt
wfpt-04589,ocupar,,,4667,,seed_from_wordfreq_pt
wfpt-04590,precisamente,,,4668,,seed_from_wordfreq_pt
wfpt-04591,preocupada,,,4669,,seed_from_wordfreq_pt
wfpt-04592,pressa,,,4670,,seed_from_wordfreq_pt
wfpt-04593,profundidade,,,4671,,seed_from_wordfreq_pt
wfpt-04594,raios,,,4672,,seed_from_wordfreq_pt
wfpt-04595,recado,,,4673,,seed_from_wordfreq_pt
wfpt-04596,record,,,4674,,seed_from_wordfreq_pt
wfpt-04597,relato,,,4675,,seed_from_wordfreq_pt
wfpt-04598,sensível,,,4676,,seed_from_wordfreq_pt
wfpt-04599,soubesse,,,4677,,seed_from_wordfreq_pt
wfpt-04600,suspeitos,,,4678,,seed_from_wordfreq_pt
wfpt-04601,tecido,,,4679,,seed_from_wordfreq_pt
wfpt-04602,tentam,,,4680,,seed_from_wordfreq_pt
wfpt-04603,tentaram,,,4681,,seed_from_wordfreq_pt
wfpt-04604,territórios,,,4682,,seed_from_wordfreq_pt
wfpt-04605,tomei,,,4683,,seed_from_wordfreq_pt
wfpt-04606,tranquilo,,,4684,,seed_from_wordfreq_pt
wfpt-04607,transmitir,,,4685,,seed_from_wordfreq_pt
wfpt-04608,tribo,,,4686,,seed_from_wordfreq_pt
wfpt-04609,vaca,,,4687,,seed_from_wordfreq_pt
wfpt-04610,aborto,,,4688,,seed_from_wordfreq_pt
wfpt-04611,adequado,,,4689,,seed_from_wordfreq_pt
wfpt-04612,admitir,,,4690,,seed_from_wordfreq_pt
wfpt-04613,afirmando,,,4691,,seed_from_wordfreq_pt
wfpt-04614,age,,,4692,,seed_from_wordfreq_pt
wfpt-04615,anime,,,4693,,seed_from_wordfreq_pt
wfpt-04616,anuncia,,,4694,,seed_from_wordfreq_pt
wfpt-04617,app,,,4695,,seed_from_wordfreq_pt
wfpt-04618,asas,,,4696,,seed_from_wordfreq_pt
wfpt-04619,assistindo,,,4697,,seed_from_wordfreq_pt
wfpt-04620,aéreo,,,4698,,seed_from_wordfreq_pt
wfpt-04621,bad,,,4699,,seed_from_wordfreq_pt
wfpt-04622,bebe,,,4700,,seed_from_wordfreq_pt
wfpt-04623,bebês,,,4701,,seed_from_wordfreq_pt
wfpt-04624,berlim,,,4702,,seed_from_wordfreq_pt
wfpt-04625,bolívia,,,4703,,seed_from_wordfreq_pt
wfpt-04626,canta,,,4704,,seed_from_wordfreq_pt
wfpt-04627,carolina,,,4705,,seed_from_wordfreq_pt
wfpt-04628,cavalos,,,4706,,seed_from_wordfreq_pt
wfpt-04629,celebrar,,,4707,,seed_from_wordfreq_pt
wfpt-04630,celulares,,,4708,,seed_from_wordfreq_pt
wfpt-04631,chuvas,,,4709,,seed_from_wordfreq_pt
wfpt-04632,cobrir,,,4710,,seed_from_wordfreq_pt
wfpt-04633,con,,,4711,,seed_from_wordfreq_pt
wfpt-04634,conduzir,,,4712,,seed_from_wordfreq_pt
wfpt-04635,confirmar,,,4713,,seed_from_wordfreq_pt
wfpt-04636,continuidade,,,4714,,seed_from_wordfreq_pt
wfpt-04637,convencer,,,4715,,seed_from_wordfreq_pt
wfpt-04638,cu,,,4716,,seed_from_wordfreq_pt
wfpt-04639,culto,,,4717,,seed_from_wordfreq_pt
wfpt-04640,declarações,,,4718,,seed_from_wordfreq_pt
wfpt-04641,definido,,,4719,,seed_from_wordfreq_pt
wfpt-04642,desenvolvidos,,,4720,,seed_from_wordfreq_pt
wfpt-04643,doação,,,4721,,seed_from_wordfreq_pt
wfpt-04644,edifícios,,,4722,,seed_from_wordfreq_pt
wfpt-04645,eh,,,4723,,seed_from_wordfreq_pt
wfpt-04646,espacial,,,4724,,seed_from_wordfreq_pt
wfpt-04647,estive,,,4725,,seed_from_wordfreq_pt
wfpt-04648,exercer,,,4726,,seed_from_wordfreq_pt
wfpt-04649,feio,,,4727,,seed_from_wordfreq_pt
wfpt-04650,feridos,,,4728,,seed_from_wordfreq_pt
wfpt-04651,filipe,,,4729,,seed_from_wordfreq_pt
wfpt-04652,fiscal,,,4730,,seed_from_wordfreq_pt
wfpt-04653,gays,,,4731,,seed_from_wordfreq_pt
wfpt-04654,gratuito,,,4732,,seed_from_wordfreq_pt
wfpt-04655,guerras,,,4733,,seed_from_wordfreq_pt
wfpt-04656,imaginação,,,4734,,seed_from_wordfreq_pt
wfpt-04657,intenso,,,4735,,seed_from_wordfreq_pt
wfpt-04658,jim,,,4736,,seed_from_wordfreq_pt
wfpt-04659,jogada,,,4737,,seed_from_wordfreq_pt
wfpt-04660,judiciário,,,4738,,seed_from_wordfreq_pt
wfpt-04661,jurídico,,,4739,,seed_from_wordfreq_pt
wfpt-04662,juízo,,,4740,,seed_from_wordfreq_pt
wfpt-04663,kelly,,,4741,,seed_from_wordfreq_pt
wfpt-04664,lgbt,,,4742,,seed_from_wordfreq_pt
wfpt-04665,luzes,,,4743,,seed_from_wordfreq_pt
wfpt-04666,mix,,,4744,,seed_from_wordfreq_pt
wfpt-04667,mo,,,4745,,seed_from_wordfreq_pt
wfpt-04668,motivação,,,4746,,seed_from_wordfreq_pt
wfpt-04669,mt,,,4747,,seed_from_wordfreq_pt
wfpt-04670,musicais,,,4748,,seed_from_wordfreq_pt
wfpt-04671,nomeadamente,,,4749,,seed_from_wordfreq_pt
wfpt-04672,obteve,,,4750,,seed_from_wordfreq_pt
wfpt-04673,operacional,,,4751,,seed_from_wordfreq_pt
wfpt-04674,parlamentares,,,4752,,seed_from_wordfreq_pt
wfpt-04675,perguntei,,,4753,,seed_from_wordfreq_pt
wfpt-04676,petrobras,,,4754,,seed_from_wordfreq_pt
wfpt-04677,pizza,,,4755,,seed_from_wordfreq_pt
wfpt-04678,premiação,,,4756,,seed_from_wordfreq_pt
wfpt-04679,prevê,,,4757,,seed_from_wordfreq_pt
wfpt-04680,produzidos,,,4758,,seed_from_wordfreq_pt
wfpt-04681,prometo,,,4759,,seed_from_wordfreq_pt
wfpt-04682,reclamar,,,4760,,seed_from_wordfreq_pt
wfpt-04683,remédios,,,4761,,seed_from_wordfreq_pt
wfpt-04684,salve,,,4762,,seed_from_wordfreq_pt
wfpt-04685,seco,,,4763,,seed_from_wordfreq_pt
wfpt-04686,servidor,,,4764,,seed_from_wordfreq_pt
wfpt-04687,sexy,,,4765,,seed_from_wordfreq_pt
wfpt-04688,sociedades,,,4766,,seed_from_wordfreq_pt
wfpt-04689,sorteio,,,4767,,seed_from_wordfreq_pt
wfpt-04690,tarefas,,,4768,,seed_from_wordfreq_pt
wfpt-04691,teixeira,,,4769,,seed_from_wordfreq_pt
wfpt-04692,tornado,,,4770,,seed_from_wordfreq_pt
wfpt-04693,tratados,,,4771,,seed_from_wordfreq_pt
wfpt-04694,tínhamos,,,4772,,seed_from_wordfreq_pt
wfpt-04695,utilizam,,,4773,,seed_from_wordfreq_pt
wfpt-04696,vendidos,,,4774,,seed_from_wordfreq_pt
wfpt-04697,visível,,,4775,,seed_from_wordfreq_pt
wfpt-04698,voar,,,4776,,seed_from_wordfreq_pt
wfpt-04699,voltaram,,,4777,,seed_from_wordfreq_pt
wfpt-04700,vêem,,,4778,,seed_from_wordfreq_pt
wfpt-04701,acesse,,,4779,,seed_from_wordfreq_pt
wfpt-04702,acreditamos,,,4780,,seed_from_wordfreq_pt
wfpt-04703,adianta,,,4781,,seed_from_wordfreq_pt
wfpt-04704,adicional,,,4782,,seed_from_wordfreq_pt
wfpt-04705,afro,,,4783,,seed_from_wordfreq_pt
wfpt-04706,amarela,,,4784,,seed_from_wordfreq_pt
wfpt-04707,animado,,,4785,,seed_from_wordfreq_pt
wfpt-04708,análises,,,4786,,seed_from_wordfreq_pt
wfpt-04709,aquecimento,,,4787,,seed_from_wordfreq_pt
wfpt-04710,atende,,,4788,,seed_from_wordfreq_pt
wfpt-04711,belém,,,4789,,seed_from_wordfreq_pt
wfpt-04712,benfica,,,4790,,seed_from_wordfreq_pt
wfpt-04713,básicos,,,4791,,seed_from_wordfreq_pt
wfpt-04714,caio,,,4792,,seed_from_wordfreq_pt
wfpt-04715,caminhar,,,4793,,seed_from_wordfreq_pt
wfpt-04716,carl,,,4794,,seed_from_wordfreq_pt
wfpt-04717,chineses,,,4795,,seed_from_wordfreq_pt
wfpt-04718,citado,,,4796,,seed_from_wordfreq_pt
wfpt-04719,colaboradores,,,4797,,seed_from_wordfreq_pt
wfpt-04720,conceição,,,4798,,seed_from_wordfreq_pt
wfpt-04721,concluiu,,,4799,,seed_from_wordfreq_pt
wfpt-04722,confesso,,,4800,,seed_from_wordfreq_pt
wfpt-04723,confirmado,,,4801,,seed_from_wordfreq_pt
wfpt-04724,conhecimentos,,,4802,,seed_from_wordfreq_pt
wfpt-04725,contacto,,,4803,,seed_from_wordfreq_pt
wfpt-04726,coordenação,,,4804,,seed_from_wordfreq_pt
wfpt-04727,crescendo,,,4805,,seed_from_wordfreq_pt
wfpt-04728,cuida,,,4806,,seed_from_wordfreq_pt
wfpt-04729,decidiram,,,4807,,seed_from_wordfreq_pt
wfpt-04730,delegado,,,4808,,seed_from_wordfreq_pt
wfpt-04731,depoimento,,,4809,,seed_from_wordfreq_pt
wfpt-04732,desejos,,,4810,,seed_from_wordfreq_pt
wfpt-04733,determinação,,,4811,,seed_from_wordfreq_pt
wfpt-04734,diana,,,4812,,seed_from_wordfreq_pt
wfpt-04735,encerramento,,,4813,,seed_from_wordfreq_pt
wfpt-04736,escolhe,,,4814,,seed_from_wordfreq_pt
wfpt-04737,estatal,,,4815,,seed_from_wordfreq_pt
wfpt-04738,expressa,,,4816,,seed_from_wordfreq_pt
wfpt-04739,fases,,,4817,,seed_from_wordfreq_pt
wfpt-04740,fumaça,,,4818,,seed_from_wordfreq_pt
wfpt-04741,gordo,,,4819,,seed_from_wordfreq_pt
wfpt-04742,gritando,,,4820,,seed_from_wordfreq_pt
wfpt-04743,group,,,4821,,seed_from_wordfreq_pt
wfpt-04744,houvesse,,,4822,,seed_from_wordfreq_pt
wfpt-04745,iam,,,4823,,seed_from_wordfreq_pt
wfpt-04746,ignorar,,,4824,,seed_from_wordfreq_pt
wfpt-04747,indicam,,,4825,,seed_from_wordfreq_pt
wfpt-04748,indígena,,,4826,,seed_from_wordfreq_pt
wfpt-04749,informado,,,4827,,seed_from_wordfreq_pt
wfpt-04750,inocente,,,4828,,seed_from_wordfreq_pt
wfpt-04751,inovação,,,4829,,seed_from_wordfreq_pt
wfpt-04752,levo,,,4830,,seed_from_wordfreq_pt
wfpt-04753,liberal,,,4831,,seed_from_wordfreq_pt
wfpt-04754,ligando,,,4832,,seed_from_wordfreq_pt
wfpt-04755,ligou,,,4833,,seed_from_wordfreq_pt
wfpt-04756,longas,,,4834,,seed_from_wordfreq_pt
wfpt-04757,mapas,,,4835,,seed_from_wordfreq_pt
wfpt-04758,merecem,,,4836,,seed_from_wordfreq_pt
wfpt-04759,miranda,,,4837,,seed_from_wordfreq_pt
wfpt-04760,music,,,4838,,seed_from_wordfreq_pt
wfpt-04761,negativa,,,4839,,seed_from_wordfreq_pt
wfpt-04762,ocorreram,,,4840,,seed_from_wordfreq_pt
wfpt-04763,pablo,,,4841,,seed_from_wordfreq_pt
wfpt-04764,passamos,,,4842,,seed_from_wordfreq_pt
wfpt-04765,patrick,,,4843,,seed_from_wordfreq_pt
wfpt-04766,pdf,,,4844,,seed_from_wordfreq_pt
wfpt-04767,piadas,,,4845,,seed_from_wordfreq_pt
wfpt-04768,promove,,,4846,,seed_from_wordfreq_pt
wfpt-04769,prontos,,,4847,,seed_from_wordfreq_pt
wfpt-04770,provocar,,,4848,,seed_from_wordfreq_pt
wfpt-04771,regresso,,,4849,,seed_from_wordfreq_pt
wfpt-04772,relacionada,,,4850,,seed_from_wordfreq_pt
wfpt-04773,restaurantes,,,4851,,seed_from_wordfreq_pt
wfpt-04774,resulta,,,4852,,seed_from_wordfreq_pt
wfpt-04775,rodovia,,,4853,,seed_from_wordfreq_pt
wfpt-04776,ryan,,,4854,,seed_from_wordfreq_pt
wfpt-04777,semestre,,,4855,,seed_from_wordfreq_pt
wfpt-04778,seminário,,,4856,,seed_from_wordfreq_pt
wfpt-04779,servidores,,,4857,,seed_from_wordfreq_pt
wfpt-04780,sofrem,,,4858,,seed_from_wordfreq_pt
wfpt-04781,subiu,,,4859,,seed_from_wordfreq_pt
wfpt-04782,suco,,,4860,,seed_from_wordfreq_pt
wfpt-04783,sérvia,,,4861,,seed_from_wordfreq_pt
wfpt-04784,texas,,,4862,,seed_from_wordfreq_pt
wfpt-04785,tome,,,4863,,seed_from_wordfreq_pt
wfpt-04786,ue,,,4864,,seed_from_wordfreq_pt
wfpt-04787,vantagens,,,4865,,seed_from_wordfreq_pt
wfpt-04788,vendido,,,4866,,seed_from_wordfreq_pt
wfpt-04789,vereadores,,,4867,,seed_from_wordfreq_pt
wfpt-04790,vicente,,,4868,,seed_from_wordfreq_pt
wfpt-04791,voluntários,,,4869,,seed_from_wordfreq_pt
wfpt-04792,white,,,4870,,seed_from_wordfreq_pt
wfpt-04793,acadêmicos,,,4871,,seed_from_wordfreq_pt
wfpt-04794,adicionais,,,4872,,seed_from_wordfreq_pt
wfpt-04795,adversário,,,4873,,seed_from_wordfreq_pt
wfpt-04796,alô,,,4874,,seed_from_wordfreq_pt
wfpt-04797,ando,,,4875,,seed_from_wordfreq_pt
wfpt-04798,andrew,,,4876,,seed_from_wordfreq_pt
wfpt-04799,argentino,,,4877,,seed_from_wordfreq_pt
wfpt-04800,atacante,,,4878,,seed_from_wordfreq_pt
wfpt-04801,atração,,,4879,,seed_from_wordfreq_pt
wfpt-04802,bloqueio,,,4880,,seed_from_wordfreq_pt
wfpt-04803,caixas,,,4881,,seed_from_wordfreq_pt
wfpt-04804,camada,,,4882,,seed_from_wordfreq_pt
wfpt-04805,camila,,,4883,,seed_from_wordfreq_pt
wfpt-04806,cientista,,,4884,,seed_from_wordfreq_pt
wfpt-04807,coleta,,,4885,,seed_from_wordfreq_pt
wfpt-04808,comece,,,4886,,seed_from_wordfreq_pt
wfpt-04809,concerto,,,4887,,seed_from_wordfreq_pt
wfpt-04810,confio,,,4888,,seed_from_wordfreq_pt
wfpt-04811,considerou,,,4889,,seed_from_wordfreq_pt
wfpt-04812,contratos,,,4890,,seed_from_wordfreq_pt
wfpt-04813,conversando,,,4891,,seed_from_wordfreq_pt
wfpt-04814,crença,,,4892,,seed_from_wordfreq_pt
wfpt-04815,dará,,,4893,,seed_from_wordfreq_pt
wfpt-04816,deficiência,,,4894,,seed_from_wordfreq_pt
wfpt-04817,dimensões,,,4895,,seed_from_wordfreq_pt
wfpt-04818,dividido,,,4896,,seed_from_wordfreq_pt
wfpt-04819,doutorado,,,4897,,seed_from_wordfreq_pt
wfpt-04820,doutrina,,,4898,,seed_from_wordfreq_pt
wfpt-04821,empate,,,4899,,seed_from_wordfreq_pt
wfpt-04822,envie,,,4900,,seed_from_wordfreq_pt
wfpt-04823,estatística,,,4901,,seed_from_wordfreq_pt
wfpt-04824,exigências,,,4902,,seed_from_wordfreq_pt
wfpt-04825,faca,,,4903,,seed_from_wordfreq_pt
wfpt-04826,falsas,,,4904,,seed_from_wordfreq_pt
wfpt-04827,fazerem,,,4905,,seed_from_wordfreq_pt
wfpt-04828,fecha,,,4906,,seed_from_wordfreq_pt
wfpt-04829,ferido,,,4907,,seed_from_wordfreq_pt
wfpt-04830,funcionando,,,4908,,seed_from_wordfreq_pt
wfpt-04831,físicos,,,4909,,seed_from_wordfreq_pt
wfpt-04832,garante,,,4910,,seed_from_wordfreq_pt
wfpt-04833,garrafa,,,4911,,seed_from_wordfreq_pt
wfpt-04834,get,,,4912,,seed_from_wordfreq_pt
wfpt-04835,geórgia,,,4913,,seed_from_wordfreq_pt
wfpt-04836,giro,,,4914,,seed_from_wordfreq_pt
wfpt-04837,gonçalves,,,4915,,seed_from_wordfreq_pt
wfpt-04838,gravidez,,,4916,,seed_from_wordfreq_pt
wfpt-04839,grito,,,4917,,seed_from_wordfreq_pt
wfpt-04840,gráfico,,,4918,,seed_from_wordfreq_pt
wfpt-04841,guerreiro,,,4919,,seed_from_wordfreq_pt
wfpt-04842,havendo,,,4920,,seed_from_wordfreq_pt
wfpt-04843,historia,,,4921,,seed_from_wordfreq_pt
wfpt-04844,il,,,4922,,seed_from_wordfreq_pt
wfpt-04845,imediata,,,4923,,seed_from_wordfreq_pt
wfpt-04846,impede,,,4924,,seed_from_wordfreq_pt
wfpt-04847,importo,,,4925,,seed_from_wordfreq_pt
wfpt-04848,instante,,,4926,,seed_from_wordfreq_pt
wfpt-04849,joaquim,,,4927,,seed_from_wordfreq_pt
wfpt-04850,johnny,,,4928,,seed_from_wordfreq_pt
wfpt-04851,justin,,,4929,,seed_from_wordfreq_pt
wfpt-04852,lido,,,4930,,seed_from_wordfreq_pt
wfpt-04853,longos,,,4931,,seed_from_wordfreq_pt
wfpt-04854,lucro,,,4932,,seed_from_wordfreq_pt
wfpt-04855,lábios,,,4933,,seed_from_wordfreq_pt
wfpt-04856,mandado,,,4934,,seed_from_wordfreq_pt
wfpt-04857,meados,,,4935,,seed_from_wordfreq_pt
wfpt-04858,medicamentos,,,4936,,seed_from_wordfreq_pt
wfpt-04859,navios,,,4937,,seed_from_wordfreq_pt
wfpt-04860,notar,,,4938,,seed_from_wordfreq_pt
wfpt-04861,participa,,,4939,,seed_from_wordfreq_pt
wfpt-04862,participando,,,4940,,seed_from_wordfreq_pt
wfpt-04863,pegando,,,4941,,seed_from_wordfreq_pt
wfpt-04864,permitiu,,,4942,,seed_from_wordfreq_pt
wfpt-04865,pesada,,,4943,,seed_from_wordfreq_pt
wfpt-04866,pesquisar,,,4944,,seed_from_wordfreq_pt
wfpt-04867,promessas,,,4945,,seed_from_wordfreq_pt
wfpt-04868,protagonista,,,4946,,seed_from_wordfreq_pt
wfpt-04869,péssimo,,,4947,,seed_from_wordfreq_pt
wfpt-04870,quebrou,,,4948,,seed_from_wordfreq_pt
wfpt-04871,quinze,,,4949,,seed_from_wordfreq_pt
wfpt-04872,rapazes,,,4950,,seed_from_wordfreq_pt
wfpt-04873,sabedoria,,,4951,,seed_from_wordfreq_pt
wfpt-04874,sao,,,4952,,seed_from_wordfreq_pt
wfpt-04875,sementes,,,4953,,seed_from_wordfreq_pt
wfpt-04876,similares,,,4954,,seed_from_wordfreq_pt
wfpt-04877,sobe,,,4955,,seed_from_wordfreq_pt
wfpt-04878,sobreviventes,,,4956,,seed_from_wordfreq_pt
wfpt-04879,sons,,,4957,,seed_from_wordfreq_pt
wfpt-04880,sport,,,4958,,seed_from_wordfreq_pt
wfpt-04881,sujo,,,4959,,seed_from_wordfreq_pt
wfpt-04882,telecomunicações,,,4960,,seed_from_wordfreq_pt
wfpt-04883,teorias,,,4961,,seed_from_wordfreq_pt
wfpt-04884,unir,,,4962,,seed_from_wordfreq_pt
wfpt-04885,vivia,,,4963,,seed_from_wordfreq_pt
wfpt-04886,way,,,4964,,seed_from_wordfreq_pt
wfpt-04887,west,,,4965,,seed_from_wordfreq_pt
wfpt-04888,acordado,,,4967,,seed_from_wordfreq_pt
wfpt-04889,ajudam,,,4968,,seed_from_wordfreq_pt
wfpt-04890,alagoas,,,4969,,seed_from_wordfreq_pt
wfpt-04891,alemã,,,4970,,seed_from_wordfreq_pt
wfpt-04892,almas,,,4971,,seed_from_wordfreq_pt
wfpt-04893,amam,,,4972,,seed_from_wordfreq_pt
wfpt-04894,anunciar,,,4973,,seed_from_wordfreq_pt
wfpt-04895,armada,,,4974,,seed_from_wordfreq_pt
wfpt-04896,ate,,,4975,,seed_from_wordfreq_pt
wfpt-04897,borges,,,4976,,seed_from_wordfreq_pt
wfpt-04898,cadeiras,,,4977,,seed_from_wordfreq_pt
wfpt-04899,campeões,,,4978,,seed_from_wordfreq_pt
wfpt-04900,captura,,,4979,,seed_from_wordfreq_pt
wfpt-04901,cemitério,,,4980,,seed_from_wordfreq_pt
wfpt-04902,chefes,,,4981,,seed_from_wordfreq_pt
wfpt-04903,civilização,,,4982,,seed_from_wordfreq_pt
wfpt-04904,coincidência,,,4983,,seed_from_wordfreq_pt
wfpt-04905,colar,,,4984,,seed_from_wordfreq_pt
wfpt-04906,compre,,,4985,,seed_from_wordfreq_pt
wfpt-04907,computação,,,4986,,seed_from_wordfreq_pt
wfpt-04908,comédia,,,4987,,seed_from_wordfreq_pt
wfpt-04909,conquistas,,,4988,,seed_from_wordfreq_pt
wfpt-04910,consiga,,,4989,,seed_from_wordfreq_pt
wfpt-04911,conte,,,4990,,seed_from_wordfreq_pt
wfpt-04912,coreia,,,4991,,seed_from_wordfreq_pt
wfpt-04913,corresponde,,,4992,,seed_from_wordfreq_pt
wfpt-04914,costuma,,,4993,,seed_from_wordfreq_pt
wfpt-04915,dano,,,4994,,seed_from_wordfreq_pt
wfpt-04916,datas,,,4995,,seed_from_wordfreq_pt
wfpt-04917,desenvolveu,,,4996,,seed_from_wordfreq_pt
wfpt-04918,diretoria,,,4997,,seed_from_wordfreq_pt
wfpt-04919,divulgou,,,4998,,seed_from_wordfreq_pt
wfpt-04920,documentação,,,4999,,seed_from_wordfreq_pt
wfpt-04921,donos,,,5000,,seed_from_wordfreq_pt
wfpt-04922,elevada,,,5001,,seed_from_wordfreq_pt
wfpt-04923,entram,,,5002,,seed_from_wordfreq_pt
wfpt-04924,etapas,,,5003,,seed_from_wordfreq_pt
wfpt-04925,euro,,,5004,,seed_from_wordfreq_pt
wfpt-04926,financeiras,,,5005,,seed_from_wordfreq_pt
wfpt-04927,flash,,,5006,,seed_from_wordfreq_pt
wfpt-04928,forçado,,,5007,,seed_from_wordfreq_pt
wfpt-04929,fraude,,,5008,,seed_from_wordfreq_pt
wfpt-04930,fundada,,,5009,,seed_from_wordfreq_pt
wfpt-04931,fátima,,,5010,,seed_from_wordfreq_pt
wfpt-04932,galinha,,,5011,,seed_from_wordfreq_pt
wfpt-04933,hitler,,,5012,,seed_from_wordfreq_pt
wfpt-04934,imensa,,,5013,,seed_from_wordfreq_pt
wfpt-04935,ingresso,,,5014,,seed_from_wordfreq_pt
wfpt-04936,jason,,,5015,,seed_from_wordfreq_pt
wfpt-04937,justa,,,5016,,seed_from_wordfreq_pt
wfpt-04938,ladrão,,,5017,,seed_from_wordfreq_pt
wfpt-04939,ligadas,,,5018,,seed_from_wordfreq_pt
wfpt-04940,limitado,,,5019,,seed_from_wordfreq_pt
wfpt-04941,loira,,,5020,,seed_from_wordfreq_pt
wfpt-04942,mama,,,5021,,seed_from_wordfreq_pt
wfpt-04943,margens,,,5022,,seed_from_wordfreq_pt
wfpt-04944,melhora,,,5023,,seed_from_wordfreq_pt
wfpt-04945,metropolitana,,,5024,,seed_from_wordfreq_pt
wfpt-04946,milhas,,,5025,,seed_from_wordfreq_pt
wfpt-04947,missa,,,5026,,seed_from_wordfreq_pt
wfpt-04948,monitoramento,,,5027,,seed_from_wordfreq_pt
wfpt-04949,montar,,,5028,,seed_from_wordfreq_pt
wfpt-04950,moura,,,5029,,seed_from_wordfreq_pt
wfpt-04951,mudei,,,5030,,seed_from_wordfreq_pt
wfpt-04952,observando,,,5031,,seed_from_wordfreq_pt
wfpt-04953,ocupada,,,5032,,seed_from_wordfreq_pt
wfpt-04954,old,,,5033,,seed_from_wordfreq_pt
wfpt-04955,ouço,,,5034,,seed_from_wordfreq_pt
wfpt-04956,pistas,,,5035,,seed_from_wordfreq_pt
wfpt-04957,pontes,,,5036,,seed_from_wordfreq_pt
wfpt-04958,preservar,,,5037,,seed_from_wordfreq_pt
wfpt-04959,procuram,,,5038,,seed_from_wordfreq_pt
wfpt-04960,quarenta,,,5039,,seed_from_wordfreq_pt
wfpt-04961,radical,,,5040,,seed_from_wordfreq_pt
wfpt-04962,religiosas,,,5041,,seed_from_wordfreq_pt
wfpt-04963,residentes,,,5042,,seed_from_wordfreq_pt
wfpt-04964,separar,,,5043,,seed_from_wordfreq_pt
wfpt-04965,society,,,5044,,seed_from_wordfreq_pt
wfpt-04966,terroristas,,,5045,,seed_from_wordfreq_pt
wfpt-04967,testar,,,5046,,seed_from_wordfreq_pt
wfpt-04968,tirei,,,5047,,seed_from_wordfreq_pt
wfpt-04969,transparência,,,5048,,seed_from_wordfreq_pt
wfpt-04970,united,,,5049,,seed_from_wordfreq_pt
wfpt-04971,usava,,,5050,,seed_from_wordfreq_pt
wfpt-04972,usei,,,5051,,seed_from_wordfreq_pt
wfpt-04973,viola,,,5052,,seed_from_wordfreq_pt
wfpt-04974,vizinha,,,5053,,seed_from_wordfreq_pt
wfpt-04975,voltado,,,5054,,seed_from_wordfreq_pt
wfpt-04976,who,,,5055,,seed_from_wordfreq_pt
wfpt-04977,administrativo,,,5056,,seed_from_wordfreq_pt
wfpt-04978,aids,,,5057,,seed_from_wordfreq_pt
wfpt-04979,alcançou,,,5058,,seed_from_wordfreq_pt
wfpt-04980,andamento,,,5059,,seed_from_wordfreq_pt
wfpt-04981,anne,,,5060,,seed_from_wordfreq_pt
wfpt-04982,armado,,,5061,,seed_from_wordfreq_pt
wfpt-04983,artístico,,,5062,,seed_from_wordfreq_pt
wfpt-04984,atacado,,,5063,,seed_from_wordfreq_pt
wfpt-04985,atualizado,,,5064,,seed_from_wordfreq_pt
wfpt-04986,batendo,,,5065,,seed_from_wordfreq_pt
wfpt-04987,batman,,,5066,,seed_from_wordfreq_pt
wfpt-04988,bonitas,,,5067,,seed_from_wordfreq_pt
wfpt-04989,buscando,,,5068,,seed_from_wordfreq_pt
wfpt-04990,básicas,,,5069,,seed_from_wordfreq_pt
wfpt-04991,ca,,,5070,,seed_from_wordfreq_pt
wfpt-04992,centrais,,,5071,,seed_from_wordfreq_pt
wfpt-04993,colocada,,,5072,,seed_from_wordfreq_pt
wfpt-04994,concordar,,,5073,,seed_from_wordfreq_pt
wfpt-04995,conseguia,,,5074,,seed_from_wordfreq_pt
wfpt-04996,conselheiro,,,5075,,seed_from_wordfreq_pt
wfpt-04997,consequentemente,,,5076,,seed_from_wordfreq_pt
wfpt-04998,correntes,,,5077,,seed_from_wordfreq_pt
wfpt-04999,costumes,,,5078,,seed_from_wordfreq_pt
wfpt-05000,criadas,,,5079,,seed_from_wordfreq_pt
wfpt-05001,debates,,,5080,,seed_from_wordfreq_pt
wfpt-05002,defensor,,,5081,,seed_from_wordfreq_pt
wfpt-05003,demonstração,,,5082,,seed_from_wordfreq_pt
wfpt-05004,destacar,,,5083,,seed_from_wordfreq_pt
wfpt-05005,deveríamos,,,5084,,seed_from_wordfreq_pt
wfpt-05006,diretores,,,5085,,seed_from_wordfreq_pt
wfpt-05007,disciplina,,,5086,,seed_from_wordfreq_pt
wfpt-05008,divertir,,,5087,,seed_from_wordfreq_pt
wfpt-05009,dobro,,,5088,,seed_from_wordfreq_pt
wfpt-05010,econômicos,,,5089,,seed_from_wordfreq_pt
wfpt-05011,emissão,,,5090,,seed_from_wordfreq_pt
wfpt-05012,empregado,,,5091,,seed_from_wordfreq_pt
wfpt-05013,empréstimo,,,5092,,seed_from_wordfreq_pt
wfpt-05014,ensinou,,,5093,,seed_from_wordfreq_pt
wfpt-05015,enviados,,,5094,,seed_from_wordfreq_pt
wfpt-05016,esfera,,,5095,,seed_from_wordfreq_pt
wfpt-05017,estresse,,,5096,,seed_from_wordfreq_pt
wfpt-05018,eva,,,5097,,seed_from_wordfreq_pt
wfpt-05019,experimentar,,,5098,,seed_from_wordfreq_pt
wfpt-05020,extremo,,,5099,,seed_from_wordfreq_pt
wfpt-05021,fracasso,,,5100,,seed_from_wordfreq_pt
wfpt-05022,ganham,,,5101,,seed_from_wordfreq_pt
wfpt-05023,ganharam,,,5102,,seed_from_wordfreq_pt
wfpt-05024,grego,,,5103,,seed_from_wordfreq_pt
wfpt-05025,haveria,,,5104,,seed_from_wordfreq_pt
wfpt-05026,hollywood,,,5105,,seed_from_wordfreq_pt
wfpt-05027,iniciativas,,,5106,,seed_from_wordfreq_pt
wfpt-05028,integrante,,,5107,,seed_from_wordfreq_pt
wfpt-05029,intenções,,,5108,,seed_from_wordfreq_pt
wfpt-05030,isabel,,,5109,,seed_from_wordfreq_pt
wfpt-05031,joseph,,,5110,,seed_from_wordfreq_pt
wfpt-05032,levada,,,5111,,seed_from_wordfreq_pt
wfpt-05033,luto,,,5112,,seed_from_wordfreq_pt
wfpt-05034,macho,,,5113,,seed_from_wordfreq_pt
wfpt-05035,mecanismos,,,5114,,seed_from_wordfreq_pt
wfpt-05036,mecânica,,,5115,,seed_from_wordfreq_pt
wfpt-05037,mágico,,,5116,,seed_from_wordfreq_pt
wfpt-05038,nega,,,5117,,seed_from_wordfreq_pt
wfpt-05039,negociação,,,5118,,seed_from_wordfreq_pt
wfpt-05040,nestas,,,5119,,seed_from_wordfreq_pt
wfpt-05041,nomeação,,,5120,,seed_from_wordfreq_pt
wfpt-05042,norma,,,5121,,seed_from_wordfreq_pt
wfpt-05043,now,,,5122,,seed_from_wordfreq_pt
wfpt-05044,ocidente,,,5123,,seed_from_wordfreq_pt
wfpt-05045,operar,,,5124,,seed_from_wordfreq_pt
wfpt-05046,oriental,,,5125,,seed_from_wordfreq_pt
wfpt-05047,partidas,,,5126,,seed_from_wordfreq_pt
wfpt-05048,períodos,,,5127,,seed_from_wordfreq_pt
wfpt-05049,possuir,,,5128,,seed_from_wordfreq_pt
wfpt-05050,poço,,,5129,,seed_from_wordfreq_pt
wfpt-05051,preocupações,,,5130,,seed_from_wordfreq_pt
wfpt-05052,preparada,,,5131,,seed_from_wordfreq_pt
wfpt-05053,procedimentos,,,5132,,seed_from_wordfreq_pt
wfpt-05054,promotor,,,5133,,seed_from_wordfreq_pt
wfpt-05055,propõe,,,5134,,seed_from_wordfreq_pt
wfpt-05056,queima,,,5135,,seed_from_wordfreq_pt
wfpt-05057,quiserem,,,5136,,seed_from_wordfreq_pt
wfpt-05058,racismo,,,5137,,seed_from_wordfreq_pt
wfpt-05059,radiação,,,5138,,seed_from_wordfreq_pt
wfpt-05060,rapper,,,5139,,seed_from_wordfreq_pt
wfpt-05061,refletir,,,5140,,seed_from_wordfreq_pt
wfpt-05062,regularmente,,,5141,,seed_from_wordfreq_pt
wfpt-05063,requer,,,5142,,seed_from_wordfreq_pt
wfpt-05064,restos,,,5143,,seed_from_wordfreq_pt
wfpt-05065,rádios,,,5144,,seed_from_wordfreq_pt
wfpt-05066,selvagem,,,5145,,seed_from_wordfreq_pt
wfpt-05067,senadores,,,5146,,seed_from_wordfreq_pt
wfpt-05068,sentado,,,5147,,seed_from_wordfreq_pt
wfpt-05069,servem,,,5148,,seed_from_wordfreq_pt
wfpt-05070,sobrinho,,,5149,,seed_from_wordfreq_pt
wfpt-05071,socialista,,,5150,,seed_from_wordfreq_pt
wfpt-05072,south,,,5151,,seed_from_wordfreq_pt
wfpt-05073,sucedido,,,5152,,seed_from_wordfreq_pt
wfpt-05074,testemunha,,,5153,,seed_from_wordfreq_pt
wfpt-05075,típico,,,5154,,seed_from_wordfreq_pt
wfpt-05076,viria,,,5155,,seed_from_wordfreq_pt
wfpt-05077,abc,,,5156,,seed_from_wordfreq_pt
wfpt-05078,acabado,,,5157,,seed_from_wordfreq_pt
wfpt-05079,acessível,,,5158,,seed_from_wordfreq_pt
wfpt-05080,acompanha,,,5159,,seed_from_wordfreq_pt
wfpt-05081,acordos,,,5160,,seed_from_wordfreq_pt
wfpt-05082,adequada,,,5161,,seed_from_wordfreq_pt
wfpt-05083,agrícola,,,5162,,seed_from_wordfreq_pt
wfpt-05084,aliado,,,5163,,seed_from_wordfreq_pt
wfpt-05085,aplicada,,,5164,,seed_from_wordfreq_pt
wfpt-05086,aproveite,,,5165,,seed_from_wordfreq_pt
wfpt-05087,aproxima,,,5166,,seed_from_wordfreq_pt
wfpt-05088,assassinos,,,5167,,seed_from_wordfreq_pt
wfpt-05089,assista,,,5168,,seed_from_wordfreq_pt
wfpt-05090,barata,,,5169,,seed_from_wordfreq_pt
wfpt-05091,barcos,,,5170,,seed_from_wordfreq_pt
wfpt-05092,barros,,,5171,,seed_from_wordfreq_pt
wfpt-05093,batalhão,,,5172,,seed_from_wordfreq_pt
wfpt-05094,cachorros,,,5173,,seed_from_wordfreq_pt
wfpt-05095,clássicos,,,5174,,seed_from_wordfreq_pt
wfpt-05096,cobrar,,,5175,,seed_from_wordfreq_pt
wfpt-05097,colo,,,5176,,seed_from_wordfreq_pt
wfpt-05098,confirma,,,5177,,seed_from_wordfreq_pt
wfpt-05099,corda,,,5178,,seed_from_wordfreq_pt
wfpt-05100,cozinhar,,,5179,,seed_from_wordfreq_pt
wfpt-05101,céus,,,5180,,seed_from_wordfreq_pt
wfpt-05102,códigos,,,5181,,seed_from_wordfreq_pt
wfpt-05103,davi,,,5182,,seed_from_wordfreq_pt
wfpt-05104,deitar,,,5183,,seed_from_wordfreq_pt
wfpt-05105,dispositivos,,,5184,,seed_from_wordfreq_pt
wfpt-05106,diária,,,5185,,seed_from_wordfreq_pt
wfpt-05107,doentes,,,5186,,seed_from_wordfreq_pt
wfpt-05108,du,,,5187,,seed_from_wordfreq_pt
wfpt-05109,dívidas,,,5188,,seed_from_wordfreq_pt
wfpt-05110,eficiente,,,5189,,seed_from_wordfreq_pt
wfpt-05111,eleitos,,,5190,,seed_from_wordfreq_pt
wfpt-05112,entendimento,,,5191,,seed_from_wordfreq_pt
wfpt-05113,enviada,,,5192,,seed_from_wordfreq_pt
wfpt-05114,escritórios,,,5193,,seed_from_wordfreq_pt
wfpt-05115,específicos,,,5194,,seed_from_wordfreq_pt
wfpt-05116,estranhos,,,5195,,seed_from_wordfreq_pt
wfpt-05117,eterna,,,5196,,seed_from_wordfreq_pt
wfpt-05118,fantasma,,,5197,,seed_from_wordfreq_pt
wfpt-05119,formam,,,5198,,seed_from_wordfreq_pt
wfpt-05120,freitas,,,5199,,seed_from_wordfreq_pt
wfpt-05121,físicas,,,5200,,seed_from_wordfreq_pt
wfpt-05122,got,,,5201,,seed_from_wordfreq_pt
wfpt-05123,grana,,,5202,,seed_from_wordfreq_pt
wfpt-05124,helena,,,5203,,seed_from_wordfreq_pt
wfpt-05125,holanda,,,5204,,seed_from_wordfreq_pt
wfpt-05126,horror,,,5205,,seed_from_wordfreq_pt
wfpt-05127,ida,,,5206,,seed_from_wordfreq_pt
wfpt-05128,if,,,5207,,seed_from_wordfreq_pt
wfpt-05129,imigração,,,5208,,seed_from_wordfreq_pt
wfpt-05130,imperador,,,5209,,seed_from_wordfreq_pt
wfpt-05131,importar,,,5210,,seed_from_wordfreq_pt
wfpt-05132,inacreditável,,,5211,,seed_from_wordfreq_pt
wfpt-05133,incomoda,,,5212,,seed_from_wordfreq_pt
wfpt-05134,iniciado,,,5213,,seed_from_wordfreq_pt
wfpt-05135,iriam,,,5214,,seed_from_wordfreq_pt
wfpt-05136,irã,,,5215,,seed_from_wordfreq_pt
wfpt-05137,ivan,,,5216,,seed_from_wordfreq_pt
wfpt-05138,juliana,,,5217,,seed_from_wordfreq_pt
wfpt-05139,just,,,5218,,seed_from_wordfreq_pt
wfpt-05140,lesão,,,5219,,seed_from_wordfreq_pt
wfpt-05141,levei,,,5220,,seed_from_wordfreq_pt
wfpt-05142,listas,,,5221,,seed_from_wordfreq_pt
wfpt-05143,look,,,5222,,seed_from_wordfreq_pt
wfpt-05144,make,,,5223,,seed_from_wordfreq_pt
wfpt-05145,masculina,,,5224,,seed_from_wordfreq_pt
wfpt-05146,matt,,,5225,,seed_from_wordfreq_pt
wfpt-05147,may,,,5226,,seed_from_wordfreq_pt
wfpt-05148,mello,,,5227,,seed_from_wordfreq_pt
wfpt-05149,mídias,,,5228,,seed_from_wordfreq_pt
wfpt-05150,navegação,,,5229,,seed_from_wordfreq_pt
wfpt-05151,negociar,,,5230,,seed_from_wordfreq_pt
wfpt-05152,nobel,,,5231,,seed_from_wordfreq_pt
wfpt-05153,ocasiões,,,5232,,seed_from_wordfreq_pt
wfpt-05154,olhem,,,5233,,seed_from_wordfreq_pt
wfpt-05155,olímpicos,,,5234,,seed_from_wordfreq_pt
wfpt-05156,orlando,,,5235,,seed_from_wordfreq_pt
wfpt-05157,participante,,,5236,,seed_from_wordfreq_pt
wfpt-05158,piauí,,,5237,,seed_from_wordfreq_pt
wfpt-05159,posts,,,5238,,seed_from_wordfreq_pt
wfpt-05160,pq,,,5239,,seed_from_wordfreq_pt
wfpt-05161,presidentes,,,5240,,seed_from_wordfreq_pt
wfpt-05162,protege,,,5241,,seed_from_wordfreq_pt
wfpt-05163,províncias,,,5242,,seed_from_wordfreq_pt
wfpt-05164,prédios,,,5243,,seed_from_wordfreq_pt
wfpt-05165,publicadas,,,5244,,seed_from_wordfreq_pt
wfpt-05166,rachel,,,5245,,seed_from_wordfreq_pt
wfpt-05167,rato,,,5246,,seed_from_wordfreq_pt
wfpt-05168,recusa,,,5247,,seed_from_wordfreq_pt
wfpt-05169,registo,,,5248,,seed_from_wordfreq_pt
wfpt-05170,registrado,,,5249,,seed_from_wordfreq_pt
wfpt-05171,secreta,,,5250,,seed_from_wordfreq_pt
wfpt-05172,secreto,,,5251,,seed_from_wordfreq_pt
wfpt-05173,selvagens,,,5252,,seed_from_wordfreq_pt
wfpt-05174,significativo,,,5253,,seed_from_wordfreq_pt
wfpt-05175,state,,,5254,,seed_from_wordfreq_pt
wfpt-05176,substituição,,,5255,,seed_from_wordfreq_pt
wfpt-05177,surgiram,,,5256,,seed_from_wordfreq_pt
wfpt-05178,tava,,,5257,,seed_from_wordfreq_pt
wfpt-05179,tendem,,,5258,,seed_from_wordfreq_pt
wfpt-05180,terminal,,,5259,,seed_from_wordfreq_pt
wfpt-05181,tinta,,,5260,,seed_from_wordfreq_pt
wfpt-05182,tomadas,,,5261,,seed_from_wordfreq_pt
wfpt-05183,ucrânia,,,5262,,seed_from_wordfreq_pt
wfpt-05184,vadia,,,5263,,seed_from_wordfreq_pt
wfpt-05185,verdadeiramente,,,5264,,seed_from_wordfreq_pt
wfpt-05186,war,,,5265,,seed_from_wordfreq_pt
wfpt-05187,acadêmico,,,5267,,seed_from_wordfreq_pt
wfpt-05188,actividade,,,5268,,seed_from_wordfreq_pt
wfpt-05189,actividades,,,5269,,seed_from_wordfreq_pt
wfpt-05190,afeta,,,5270,,seed_from_wordfreq_pt
wfpt-05191,aluguel,,,5271,,seed_from_wordfreq_pt
wfpt-05192,andam,,,5272,,seed_from_wordfreq_pt
wfpt-05193,anderson,,,5273,,seed_from_wordfreq_pt
wfpt-05194,apelido,,,5274,,seed_from_wordfreq_pt
wfpt-05195,aprendizado,,,5275,,seed_from_wordfreq_pt
wfpt-05196,aprovou,,,5276,,seed_from_wordfreq_pt
wfpt-05197,assinou,,,5277,,seed_from_wordfreq_pt
wfpt-05198,aves,,,5278,,seed_from_wordfreq_pt
wfpt-05199,baixas,,,5279,,seed_from_wordfreq_pt
wfpt-05200,beijos,,,5280,,seed_from_wordfreq_pt
wfpt-05201,blogs,,,5281,,seed_from_wordfreq_pt
wfpt-05202,capitais,,,5282,,seed_from_wordfreq_pt
wfpt-05203,carvão,,,5283,,seed_from_wordfreq_pt
wfpt-05204,casou,,,5284,,seed_from_wordfreq_pt
wfpt-05205,causado,,,5285,,seed_from_wordfreq_pt
wfpt-05206,cometer,,,5286,,seed_from_wordfreq_pt
wfpt-05207,construções,,,5287,,seed_from_wordfreq_pt
wfpt-05208,contatos,,,5288,,seed_from_wordfreq_pt
wfpt-05209,depósito,,,5289,,seed_from_wordfreq_pt
wfpt-05210,desenvolvida,,,5290,,seed_from_wordfreq_pt
wfpt-05211,dirigido,,,5291,,seed_from_wordfreq_pt
wfpt-05212,dorme,,,5292,,seed_from_wordfreq_pt
wfpt-05213,durar,,,5293,,seed_from_wordfreq_pt
wfpt-05214,embaixo,,,5294,,seed_from_wordfreq_pt
wfpt-05215,emenda,,,5295,,seed_from_wordfreq_pt
wfpt-05216,esperam,,,5296,,seed_from_wordfreq_pt
wfpt-05217,estaremos,,,5297,,seed_from_wordfreq_pt
wfpt-05218,executar,,,5298,,seed_from_wordfreq_pt
wfpt-05219,existia,,,5299,,seed_from_wordfreq_pt
wfpt-05220,falaram,,,5300,,seed_from_wordfreq_pt
wfpt-05221,ficarem,,,5301,,seed_from_wordfreq_pt
wfpt-05222,filipinas,,,5302,,seed_from_wordfreq_pt
wfpt-05223,first,,,5303,,seed_from_wordfreq_pt
wfpt-05224,futuros,,,5304,,seed_from_wordfreq_pt
wfpt-05225,gajo,,,5305,,seed_from_wordfreq_pt
wfpt-05226,galera,,,5306,,seed_from_wordfreq_pt
wfpt-05227,ginásio,,,5307,,seed_from_wordfreq_pt
wfpt-05228,hit,,,5308,,seed_from_wordfreq_pt
wfpt-05229,identificado,,,5309,,seed_from_wordfreq_pt
wfpt-05230,idosos,,,5310,,seed_from_wordfreq_pt
wfpt-05231,indonésia,,,5311,,seed_from_wordfreq_pt
wfpt-05232,inquérito,,,5312,,seed_from_wordfreq_pt
wfpt-05233,inspirado,,,5313,,seed_from_wordfreq_pt
wfpt-05234,ira,,,5314,,seed_from_wordfreq_pt
wfpt-05235,italiana,,,5315,,seed_from_wordfreq_pt
wfpt-05236,jessica,,,5316,,seed_from_wordfreq_pt
wfpt-05237,lama,,,5317,,seed_from_wordfreq_pt
wfpt-05238,lento,,,5318,,seed_from_wordfreq_pt
wfpt-05239,lindos,,,5319,,seed_from_wordfreq_pt
wfpt-05240,mantenha,,,5320,,seed_from_wordfreq_pt
wfpt-05241,matriz,,,5321,,seed_from_wordfreq_pt
wfpt-05242,michelle,,,5322,,seed_from_wordfreq_pt
wfpt-05243,mostrado,,,5323,,seed_from_wordfreq_pt
wfpt-05244,mérito,,,5324,,seed_from_wordfreq_pt
wfpt-05245,network,,,5325,,seed_from_wordfreq_pt
wfpt-05246,observa,,,5326,,seed_from_wordfreq_pt
wfpt-05247,oferecendo,,,5327,,seed_from_wordfreq_pt
wfpt-05248,ossos,,,5328,,seed_from_wordfreq_pt
wfpt-05249,pa,,,5329,,seed_from_wordfreq_pt
wfpt-05250,pauta,,,5330,,seed_from_wordfreq_pt
wfpt-05251,pedaços,,,5331,,seed_from_wordfreq_pt
wfpt-05252,perdas,,,5332,,seed_from_wordfreq_pt
wfpt-05253,piano,,,5333,,seed_from_wordfreq_pt
wfpt-05254,poemas,,,5334,,seed_from_wordfreq_pt
wfpt-05255,preferência,,,5335,,seed_from_wordfreq_pt
wfpt-05256,preparados,,,5336,,seed_from_wordfreq_pt
wfpt-05257,queimar,,,5337,,seed_from_wordfreq_pt
wfpt-05258,quentes,,,5338,,seed_from_wordfreq_pt
wfpt-05259,queres,,,5339,,seed_from_wordfreq_pt
wfpt-05260,remover,,,5340,,seed_from_wordfreq_pt
wfpt-05261,representando,,,5341,,seed_from_wordfreq_pt
wfpt-05262,resolve,,,5342,,seed_from_wordfreq_pt
wfpt-05263,respirar,,,5343,,seed_from_wordfreq_pt
wfpt-05264,restantes,,,5344,,seed_from_wordfreq_pt
wfpt-05265,restrições,,,5345,,seed_from_wordfreq_pt
wfpt-05266,resíduos,,,5346,,seed_from_wordfreq_pt
wfpt-05267,rogério,,,5347,,seed_from_wordfreq_pt
wfpt-05268,salvou,,,5348,,seed_from_wordfreq_pt
wfpt-05269,sapatos,,,5349,,seed_from_wordfreq_pt
wfpt-05270,saudade,,,5350,,seed_from_wordfreq_pt
wfpt-05271,sbt,,,5351,,seed_from_wordfreq_pt
wfpt-05272,sc,,,5352,,seed_from_wordfreq_pt
wfpt-05273,segui,,,5353,,seed_from_wordfreq_pt
wfpt-05274,selo,,,5354,,seed_from_wordfreq_pt
wfpt-05275,sir,,,5355,,seed_from_wordfreq_pt
wfpt-05276,soltar,,,5356,,seed_from_wordfreq_pt
wfpt-05277,sugestões,,,5357,,seed_from_wordfreq_pt
wfpt-05278,sítios,,,5358,,seed_from_wordfreq_pt
wfpt-05279,telefones,,,5359,,seed_from_wordfreq_pt
wfpt-05280,tomado,,,5360,,seed_from_wordfreq_pt
wfpt-05281,tortura,,,5361,,seed_from_wordfreq_pt
wfpt-05282,trabalhado,,,5362,,seed_from_wordfreq_pt
wfpt-05283,traduzido,,,5363,,seed_from_wordfreq_pt
wfpt-05284,traição,,,5364,,seed_from_wordfreq_pt
wfpt-05285,transforma,,,5365,,seed_from_wordfreq_pt
wfpt-05286,trio,,,5366,,seed_from_wordfreq_pt
wfpt-05287,tóquio,,,5367,,seed_from_wordfreq_pt
wfpt-05288,ventos,,,5368,,seed_from_wordfreq_pt
wfpt-05289,violão,,,5369,,seed_from_wordfreq_pt
wfpt-05290,virtude,,,5370,,seed_from_wordfreq_pt
wfpt-05291,visando,,,5371,,seed_from_wordfreq_pt
wfpt-05292,voleibol,,,5372,,seed_from_wordfreq_pt
wfpt-05293,vosso,,,5373,,seed_from_wordfreq_pt
wfpt-05294,abrindo,,,5374,,seed_from_wordfreq_pt
wfpt-05295,aceitação,,,5375,,seed_from_wordfreq_pt
wfpt-05296,acreditava,,,5376,,seed_from_wordfreq_pt
wfpt-05297,afeganistão,,,5377,,seed_from_wordfreq_pt
wfpt-05298,aplicar,,,5378,,seed_from_wordfreq_pt
wfpt-05299,aplicativos,,,5379,,seed_from_wordfreq_pt
wfpt-05300,aproximar,,,5380,,seed_from_wordfreq_pt
wfpt-05301,aquisição,,,5381,,seed_from_wordfreq_pt
wfpt-05302,artística,,,5382,,seed_from_wordfreq_pt
wfpt-05303,automaticamente,,,5383,,seed_from_wordfreq_pt
wfpt-05304,barba,,,5384,,seed_from_wordfreq_pt
wfpt-05305,boston,,,5385,,seed_from_wordfreq_pt
wfpt-05306,britânica,,,5386,,seed_from_wordfreq_pt
wfpt-05307,burro,,,5387,,seed_from_wordfreq_pt
wfpt-05308,cancelar,,,5388,,seed_from_wordfreq_pt
wfpt-05309,carrega,,,5389,,seed_from_wordfreq_pt
wfpt-05310,celso,,,5390,,seed_from_wordfreq_pt
wfpt-05311,chamas,,,5391,,seed_from_wordfreq_pt
wfpt-05312,cinza,,,5392,,seed_from_wordfreq_pt
wfpt-05313,colocação,,,5393,,seed_from_wordfreq_pt
wfpt-05314,combina,,,5394,,seed_from_wordfreq_pt
wfpt-05315,comeu,,,5395,,seed_from_wordfreq_pt
wfpt-05316,compreende,,,5396,,seed_from_wordfreq_pt
wfpt-05317,constitui,,,5397,,seed_from_wordfreq_pt
wfpt-05318,consumidores,,,5398,,seed_from_wordfreq_pt
wfpt-05319,contínua,,,5399,,seed_from_wordfreq_pt
wfpt-05320,criatura,,,5400,,seed_from_wordfreq_pt
wfpt-05321,cópias,,,5401,,seed_from_wordfreq_pt
wfpt-05322,decidido,,,5402,,seed_from_wordfreq_pt
wfpt-05323,demorou,,,5403,,seed_from_wordfreq_pt
wfpt-05324,dente,,,5404,,seed_from_wordfreq_pt
wfpt-05325,depender,,,5405,,seed_from_wordfreq_pt
wfpt-05326,descanso,,,5406,,seed_from_wordfreq_pt
wfpt-05327,desemprego,,,5407,,seed_from_wordfreq_pt
wfpt-05328,destinado,,,5408,,seed_from_wordfreq_pt
wfpt-05329,deusa,,,5409,,seed_from_wordfreq_pt
wfpt-05330,deviam,,,5410,,seed_from_wordfreq_pt
wfpt-05331,divide,,,5411,,seed_from_wordfreq_pt
wfpt-05332,dólar,,,5412,,seed_from_wordfreq_pt
wfpt-05333,emocionante,,,5414,,seed_from_wordfreq_pt
wfpt-05334,empregada,,,5415,,seed_from_wordfreq_pt
wfpt-05335,escolhi,,,5416,,seed_from_wordfreq_pt
wfpt-05336,espalhar,,,5417,,seed_from_wordfreq_pt
wfpt-05337,especializada,,,5418,,seed_from_wordfreq_pt
wfpt-05338,esperanças,,,5419,,seed_from_wordfreq_pt
wfpt-05339,estabelece,,,5420,,seed_from_wordfreq_pt
wfpt-05340,estômago,,,5421,,seed_from_wordfreq_pt
wfpt-05341,excesso,,,5422,,seed_from_wordfreq_pt
wfpt-05342,expressões,,,5423,,seed_from_wordfreq_pt
wfpt-05343,falsos,,,5424,,seed_from_wordfreq_pt
wfpt-05344,favorita,,,5425,,seed_from_wordfreq_pt
wfpt-05345,fechou,,,5426,,seed_from_wordfreq_pt
wfpt-05346,fotógrafo,,,5427,,seed_from_wordfreq_pt
wfpt-05347,fraca,,,5428,,seed_from_wordfreq_pt
wfpt-05348,funcionam,,,5429,,seed_from_wordfreq_pt
wfpt-05349,futura,,,5430,,seed_from_wordfreq_pt
wfpt-05350,garagem,,,5431,,seed_from_wordfreq_pt
wfpt-05351,governamentais,,,5432,,seed_from_wordfreq_pt
wfpt-05352,hd,,,5433,,seed_from_wordfreq_pt
wfpt-05353,hill,,,5434,,seed_from_wordfreq_pt
wfpt-05354,intensa,,,5435,,seed_from_wordfreq_pt
wfpt-05355,inveja,,,5436,,seed_from_wordfreq_pt
wfpt-05356,investidores,,,5437,,seed_from_wordfreq_pt
wfpt-05357,juntou,,,5438,,seed_from_wordfreq_pt
wfpt-05358,líquido,,,5439,,seed_from_wordfreq_pt
wfpt-05359,mencionado,,,5440,,seed_from_wordfreq_pt
wfpt-05360,mesquita,,,5441,,seed_from_wordfreq_pt
wfpt-05361,ministra,,,5442,,seed_from_wordfreq_pt
wfpt-05362,modernos,,,5443,,seed_from_wordfreq_pt
wfpt-05363,molho,,,5444,,seed_from_wordfreq_pt
wfpt-05364,nunes,,,5445,,seed_from_wordfreq_pt
wfpt-05365,ocorrência,,,5446,,seed_from_wordfreq_pt
wfpt-05366,oficinas,,,5447,,seed_from_wordfreq_pt
wfpt-05367,oposto,,,5448,,seed_from_wordfreq_pt
wfpt-05368,pmdb,,,5449,,seed_from_wordfreq_pt
wfpt-05369,portão,,,5450,,seed_from_wordfreq_pt
wfpt-05370,positivas,,,5451,,seed_from_wordfreq_pt
wfpt-05371,postagem,,,5452,,seed_from_wordfreq_pt
wfpt-05372,prevista,,,5453,,seed_from_wordfreq_pt
wfpt-05373,pudessem,,,5454,,seed_from_wordfreq_pt
wfpt-05374,pá,,,5455,,seed_from_wordfreq_pt
wfpt-05375,queridos,,,5456,,seed_from_wordfreq_pt
wfpt-05376,químicos,,,5457,,seed_from_wordfreq_pt
wfpt-05377,rebeldes,,,5458,,seed_from_wordfreq_pt
wfpt-05378,recomendo,,,5459,,seed_from_wordfreq_pt
wfpt-05379,referir,,,5460,,seed_from_wordfreq_pt
wfpt-05380,relevantes,,,5461,,seed_from_wordfreq_pt
wfpt-05381,rumores,,,5462,,seed_from_wordfreq_pt
wfpt-05382,sabiam,,,5463,,seed_from_wordfreq_pt
wfpt-05383,saí,,,5464,,seed_from_wordfreq_pt
wfpt-05384,sentimos,,,5465,,seed_from_wordfreq_pt
wfpt-05385,separados,,,5466,,seed_from_wordfreq_pt
wfpt-05386,soma,,,5467,,seed_from_wordfreq_pt
wfpt-05387,sonora,,,5468,,seed_from_wordfreq_pt
wfpt-05388,suportar,,,5469,,seed_from_wordfreq_pt
wfpt-05389,teclado,,,5470,,seed_from_wordfreq_pt
wfpt-05390,terrorista,,,5471,,seed_from_wordfreq_pt
wfpt-05391,testemunho,,,5472,,seed_from_wordfreq_pt
wfpt-05392,trailer,,,5473,,seed_from_wordfreq_pt
wfpt-05393,tribunais,,,5474,,seed_from_wordfreq_pt
wfpt-05394,urbanos,,,5475,,seed_from_wordfreq_pt
wfpt-05395,vanessa,,,5476,,seed_from_wordfreq_pt
wfpt-05396,vargas,,,5477,,seed_from_wordfreq_pt
wfpt-05397,vela,,,5478,,seed_from_wordfreq_pt
wfpt-05398,vendendo,,,5479,,seed_from_wordfreq_pt
wfpt-05399,vendeu,,,5480,,seed_from_wordfreq_pt
wfpt-05400,viajando,,,5481,,seed_from_wordfreq_pt
wfpt-05401,abandonado,,,5484,,seed_from_wordfreq_pt
wfpt-05402,abandonou,,,5485,,seed_from_wordfreq_pt
wfpt-05403,acompanhando,,,5486,,seed_from_wordfreq_pt
wfpt-05404,adoção,,,5487,,seed_from_wordfreq_pt
wfpt-05405,afirmação,,,5488,,seed_from_wordfreq_pt
wfpt-05406,alvos,,,5489,,seed_from_wordfreq_pt
wfpt-05407,amava,,,5490,,seed_from_wordfreq_pt
wfpt-05408,apoia,,,5491,,seed_from_wordfreq_pt
wfpt-05409,aprendizagem,,,5492,,seed_from_wordfreq_pt
wfpt-05410,apresentador,,,5493,,seed_from_wordfreq_pt
wfpt-05411,assassinatos,,,5494,,seed_from_wordfreq_pt
wfpt-05412,atuando,,,5495,,seed_from_wordfreq_pt
wfpt-05413,barreira,,,5496,,seed_from_wordfreq_pt
wfpt-05414,batata,,,5497,,seed_from_wordfreq_pt
wfpt-05415,beatriz,,,5498,,seed_from_wordfreq_pt
wfpt-05416,bolsas,,,5499,,seed_from_wordfreq_pt
wfpt-05417,bronze,,,5500,,seed_from_wordfreq_pt
wfpt-05418,bruce,,,5501,,seed_from_wordfreq_pt
wfpt-05419,calça,,,5502,,seed_from_wordfreq_pt
wfpt-05420,cana,,,5503,,seed_from_wordfreq_pt
wfpt-05421,causada,,,5504,,seed_from_wordfreq_pt
wfpt-05422,coca,,,5505,,seed_from_wordfreq_pt
wfpt-05423,completou,,,5506,,seed_from_wordfreq_pt
wfpt-05424,concreto,,,5507,,seed_from_wordfreq_pt
wfpt-05425,considero,,,5508,,seed_from_wordfreq_pt
wfpt-05426,cotidiano,,,5509,,seed_from_wordfreq_pt
wfpt-05427,crenças,,,5510,,seed_from_wordfreq_pt
wfpt-05428,criticar,,,5511,,seed_from_wordfreq_pt
wfpt-05429,cujas,,,5512,,seed_from_wordfreq_pt
wfpt-05430,culpado,,,5513,,seed_from_wordfreq_pt
wfpt-05431,curtir,,,5514,,seed_from_wordfreq_pt
wfpt-05432,dadas,,,5515,,seed_from_wordfreq_pt
wfpt-05433,defendendo,,,5516,,seed_from_wordfreq_pt
wfpt-05434,demissão,,,5517,,seed_from_wordfreq_pt
wfpt-05435,descendentes,,,5518,,seed_from_wordfreq_pt
wfpt-05436,deter,,,5519,,seed_from_wordfreq_pt
wfpt-05437,devagar,,,5520,,seed_from_wordfreq_pt
wfpt-05438,diagnóstico,,,5521,,seed_from_wordfreq_pt
wfpt-05439,diploma,,,5522,,seed_from_wordfreq_pt
wfpt-05440,discos,,,5523,,seed_from_wordfreq_pt
wfpt-05441,doido,,,5524,,seed_from_wordfreq_pt
wfpt-05442,eletricidade,,,5525,,seed_from_wordfreq_pt
wfpt-05443,emma,,,5526,,seed_from_wordfreq_pt
wfpt-05444,encarar,,,5527,,seed_from_wordfreq_pt
wfpt-05445,escolhida,,,5528,,seed_from_wordfreq_pt
wfpt-05446,escravo,,,5529,,seed_from_wordfreq_pt
wfpt-05447,específicas,,,5530,,seed_from_wordfreq_pt
wfpt-05448,espere,,,5531,,seed_from_wordfreq_pt
wfpt-05449,esquadrão,,,5532,,seed_from_wordfreq_pt
wfpt-05450,estuda,,,5533,,seed_from_wordfreq_pt
wfpt-05451,facilidade,,,5534,,seed_from_wordfreq_pt
wfpt-05452,fechados,,,5535,,seed_from_wordfreq_pt
wfpt-05453,flávio,,,5536,,seed_from_wordfreq_pt
wfpt-05454,fortalecer,,,5537,,seed_from_wordfreq_pt
wfpt-05455,fortuna,,,5538,,seed_from_wordfreq_pt
wfpt-05456,gerou,,,5539,,seed_from_wordfreq_pt
wfpt-05457,gravações,,,5540,,seed_from_wordfreq_pt
wfpt-05458,impressões,,,5541,,seed_from_wordfreq_pt
wfpt-05459,inútil,,,5542,,seed_from_wordfreq_pt
wfpt-05460,jay,,,5543,,seed_from_wordfreq_pt
wfpt-05461,laços,,,5544,,seed_from_wordfreq_pt
wfpt-05462,leandro,,,5545,,seed_from_wordfreq_pt
wfpt-05463,levante,,,5546,,seed_from_wordfreq_pt
wfpt-05464,ligue,,,5547,,seed_from_wordfreq_pt
wfpt-05465,limitada,,,5548,,seed_from_wordfreq_pt
wfpt-05466,litoral,,,5549,,seed_from_wordfreq_pt
wfpt-05467,livrar,,,5550,,seed_from_wordfreq_pt
wfpt-05468,mando,,,5551,,seed_from_wordfreq_pt
wfpt-05469,mexicano,,,5552,,seed_from_wordfreq_pt
wfpt-05470,mineração,,,5553,,seed_from_wordfreq_pt
wfpt-05471,modalidade,,,5554,,seed_from_wordfreq_pt
wfpt-05472,mortal,,,5555,,seed_from_wordfreq_pt
wfpt-05473,muçulmanos,,,5556,,seed_from_wordfreq_pt
wfpt-05474,nasci,,,5557,,seed_from_wordfreq_pt
wfpt-05475,nativos,,,5558,,seed_from_wordfreq_pt
wfpt-05476,neles,,,5559,,seed_from_wordfreq_pt
wfpt-05477,nervosa,,,5560,,seed_from_wordfreq_pt
wfpt-05478,ocidentais,,,5561,,seed_from_wordfreq_pt
wfpt-05479,ombro,,,5562,,seed_from_wordfreq_pt
wfpt-05480,osso,,,5563,,seed_from_wordfreq_pt
wfpt-05481,palestras,,,5564,,seed_from_wordfreq_pt
wfpt-05482,pano,,,5565,,seed_from_wordfreq_pt
wfpt-05483,parcial,,,5566,,seed_from_wordfreq_pt
wfpt-05484,pasta,,,5567,,seed_from_wordfreq_pt
wfpt-05485,pedimos,,,5568,,seed_from_wordfreq_pt
wfpt-05486,planejado,,,5569,,seed_from_wordfreq_pt
wfpt-05487,praticar,,,5570,,seed_from_wordfreq_pt
wfpt-05488,prevenir,,,5571,,seed_from_wordfreq_pt
wfpt-05489,publica,,,5572,,seed_from_wordfreq_pt
wfpt-05490,páscoa,,,5573,,seed_from_wordfreq_pt
wfpt-05491,queixa,,,5574,,seed_from_wordfreq_pt
wfpt-05492,recebemos,,,5575,,seed_from_wordfreq_pt
wfpt-05493,roubado,,,5576,,seed_from_wordfreq_pt
wfpt-05494,sa,,,5577,,seed_from_wordfreq_pt
wfpt-05495,segurando,,,5578,,seed_from_wordfreq_pt
wfpt-05496,sermos,,,5579,,seed_from_wordfreq_pt
wfpt-05497,sonhar,,,5580,,seed_from_wordfreq_pt
wfpt-05498,temperaturas,,,5581,,seed_from_wordfreq_pt
wfpt-05499,trajetória,,,5582,,seed_from_wordfreq_pt
wfpt-05500,trechos,,,5583,,seed_from_wordfreq_pt
wfpt-05501,une,,,5584,,seed_from_wordfreq_pt
wfpt-05502,usina,,,5585,,seed_from_wordfreq_pt
wfpt-05503,vegas,,,5586,,seed_from_wordfreq_pt
wfpt-05504,vestidos,,,5587,,seed_from_wordfreq_pt
wfpt-05505,virada,,,5588,,seed_from_wordfreq_pt
wfpt-05506,acabo,,,5589,,seed_from_wordfreq_pt
wfpt-05507,acertar,,,5590,,seed_from_wordfreq_pt
wfpt-05508,afasta,,,5591,,seed_from_wordfreq_pt
wfpt-05509,algodão,,,5592,,seed_from_wordfreq_pt
wfpt-05510,alterar,,,5593,,seed_from_wordfreq_pt
wfpt-05511,alteração,,,5594,,seed_from_wordfreq_pt
wfpt-05512,amostras,,,5595,,seed_from_wordfreq_pt
wfpt-05513,anúncios,,,5596,,seed_from_wordfreq_pt
wfpt-05514,aprendendo,,,5597,,seed_from_wordfreq_pt
wfpt-05515,ascensão,,,5598,,seed_from_wordfreq_pt
wfpt-05516,aéreas,,,5599,,seed_from_wordfreq_pt
wfpt-05517,bacana,,,5600,,seed_from_wordfreq_pt
wfpt-05518,barbara,,,5601,,seed_from_wordfreq_pt
wfpt-05519,beijar,,,5602,,seed_from_wordfreq_pt
wfpt-05520,book,,,5603,,seed_from_wordfreq_pt
wfpt-05521,bárbara,,,5604,,seed_from_wordfreq_pt
wfpt-05522,camadas,,,5605,,seed_from_wordfreq_pt
wfpt-05523,cego,,,5606,,seed_from_wordfreq_pt
wfpt-05524,cerebral,,,5607,,seed_from_wordfreq_pt
wfpt-05525,cheios,,,5608,,seed_from_wordfreq_pt
wfpt-05526,claudia,,,5609,,seed_from_wordfreq_pt
wfpt-05527,coimbra,,,5610,,seed_from_wordfreq_pt
wfpt-05528,colônia,,,5611,,seed_from_wordfreq_pt
wfpt-05529,congo,,,5612,,seed_from_wordfreq_pt
wfpt-05530,consideram,,,5613,,seed_from_wordfreq_pt
wfpt-05531,contente,,,5614,,seed_from_wordfreq_pt
wfpt-05532,costumava,,,5615,,seed_from_wordfreq_pt
wfpt-05533,critica,,,5616,,seed_from_wordfreq_pt
wfpt-05534,cruel,,,5617,,seed_from_wordfreq_pt
wfpt-05535,culinária,,,5618,,seed_from_wordfreq_pt
wfpt-05536,curtas,,,5619,,seed_from_wordfreq_pt
wfpt-05537,definida,,,5620,,seed_from_wordfreq_pt
wfpt-05538,digam,,,5621,,seed_from_wordfreq_pt
wfpt-05539,dirigentes,,,5622,,seed_from_wordfreq_pt
wfpt-05540,dita,,,5623,,seed_from_wordfreq_pt
wfpt-05541,económica,,,5624,,seed_from_wordfreq_pt
wfpt-05542,entregou,,,5625,,seed_from_wordfreq_pt
wfpt-05543,escada,,,5626,,seed_from_wordfreq_pt
wfpt-05544,esclarecer,,,5627,,seed_from_wordfreq_pt
wfpt-05545,esconde,,,5628,,seed_from_wordfreq_pt
wfpt-05546,escondido,,,5629,,seed_from_wordfreq_pt
wfpt-05547,escrevo,,,5630,,seed_from_wordfreq_pt
wfpt-05548,escritora,,,5631,,seed_from_wordfreq_pt
wfpt-05549,espanhóis,,,5632,,seed_from_wordfreq_pt
wfpt-05550,esquina,,,5633,,seed_from_wordfreq_pt
wfpt-05551,exportação,,,5634,,seed_from_wordfreq_pt
wfpt-05552,feridas,,,5635,,seed_from_wordfreq_pt
wfpt-05553,fizesse,,,5636,,seed_from_wordfreq_pt
wfpt-05554,florestal,,,5637,,seed_from_wordfreq_pt
wfpt-05555,fugiu,,,5638,,seed_from_wordfreq_pt
wfpt-05556,geladeira,,,5639,,seed_from_wordfreq_pt
wfpt-05557,gigantes,,,5640,,seed_from_wordfreq_pt
wfpt-05558,gratuita,,,5641,,seed_from_wordfreq_pt
wfpt-05559,hectares,,,5642,,seed_from_wordfreq_pt
wfpt-05560,hábitos,,,5643,,seed_from_wordfreq_pt
wfpt-05561,ian,,,5644,,seed_from_wordfreq_pt
wfpt-05562,integridade,,,5645,,seed_from_wordfreq_pt
wfpt-05563,lentamente,,,5646,,seed_from_wordfreq_pt
wfpt-05564,liberação,,,5647,,seed_from_wordfreq_pt
wfpt-05565,loucos,,,5648,,seed_from_wordfreq_pt
wfpt-05566,lucros,,,5649,,seed_from_wordfreq_pt
wfpt-05567,maracanã,,,5650,,seed_from_wordfreq_pt
wfpt-05568,marta,,,5651,,seed_from_wordfreq_pt
wfpt-05569,massacre,,,5652,,seed_from_wordfreq_pt
wfpt-05570,melhoria,,,5653,,seed_from_wordfreq_pt
wfpt-05571,mestrado,,,5654,,seed_from_wordfreq_pt
wfpt-05572,mineiro,,,5655,,seed_from_wordfreq_pt
wfpt-05573,mobilidade,,,5656,,seed_from_wordfreq_pt
wfpt-05574,modos,,,5657,,seed_from_wordfreq_pt
wfpt-05575,moraes,,,5658,,seed_from_wordfreq_pt
wfpt-05576,mortas,,,5659,,seed_from_wordfreq_pt
wfpt-05577,mudam,,,5660,,seed_from_wordfreq_pt
wfpt-05578,national,,,5661,,seed_from_wordfreq_pt
wfpt-05579,nina,,,5662,,seed_from_wordfreq_pt
wfpt-05580,nu,,,5663,,seed_from_wordfreq_pt
wfpt-05581,nuvens,,,5664,,seed_from_wordfreq_pt
wfpt-05582,onze,,,5665,,seed_from_wordfreq_pt
wfpt-05583,pagando,,,5666,,seed_from_wordfreq_pt
wfpt-05584,pagos,,,5667,,seed_from_wordfreq_pt
wfpt-05585,parcela,,,5668,,seed_from_wordfreq_pt
wfpt-05586,pares,,,5669,,seed_from_wordfreq_pt
wfpt-05587,pedem,,,5670,,seed_from_wordfreq_pt
wfpt-05588,penas,,,5671,,seed_from_wordfreq_pt
wfpt-05589,perfume,,,5672,,seed_from_wordfreq_pt
wfpt-05590,pergunte,,,5673,,seed_from_wordfreq_pt
wfpt-05591,praga,,,5674,,seed_from_wordfreq_pt
wfpt-05592,presta,,,5675,,seed_from_wordfreq_pt
wfpt-05593,provoca,,,5676,,seed_from_wordfreq_pt
wfpt-05594,reconstrução,,,5677,,seed_from_wordfreq_pt
wfpt-05595,registrou,,,5678,,seed_from_wordfreq_pt
wfpt-05596,religiões,,,5679,,seed_from_wordfreq_pt
wfpt-05597,remoção,,,5680,,seed_from_wordfreq_pt
wfpt-05598,resistir,,,5681,,seed_from_wordfreq_pt
wfpt-05599,reta,,,5682,,seed_from_wordfreq_pt
wfpt-05600,revelação,,,5683,,seed_from_wordfreq_pt
wfpt-05601,rousseff,,,5684,,seed_from_wordfreq_pt
wfpt-05602,sampaio,,,5685,,seed_from_wordfreq_pt
wfpt-05603,segmento,,,5686,,seed_from_wordfreq_pt
wfpt-05604,sporting,,,5687,,seed_from_wordfreq_pt
wfpt-05605,suja,,,5688,,seed_from_wordfreq_pt
wfpt-05606,síndrome,,,5689,,seed_from_wordfreq_pt
wfpt-05607,tailândia,,,5690,,seed_from_wordfreq_pt
wfpt-05608,telemóvel,,,5691,,seed_from_wordfreq_pt
wfpt-05609,temática,,,5692,,seed_from_wordfreq_pt
wfpt-05610,trama,,,5693,,seed_from_wordfreq_pt
wfpt-05611,tranquila,,,5694,,seed_from_wordfreq_pt
wfpt-05612,transmitido,,,5695,,seed_from_wordfreq_pt
wfpt-05613,vital,,,5696,,seed_from_wordfreq_pt
wfpt-05614,vôlei,,,5697,,seed_from_wordfreq_pt
wfpt-05615,xix,,,5698,,seed_from_wordfreq_pt
wfpt-05616,acabe,,,5699,,seed_from_wordfreq_pt
wfpt-05617,achando,,,5700,,seed_from_wordfreq_pt
wfpt-05618,acompanhe,,,5701,,seed_from_wordfreq_pt
wfpt-05619,advogada,,,5702,,seed_from_wordfreq_pt
wfpt-05620,aguenta,,,5703,,seed_from_wordfreq_pt
wfpt-05621,alimento,,,5704,,seed_from_wordfreq_pt
wfpt-05622,aprenda,,,5705,,seed_from_wordfreq_pt
wfpt-05623,aprende,,,5706,,seed_from_wordfreq_pt
wfpt-05624,atacou,,,5707,,seed_from_wordfreq_pt
wfpt-05625,ave,,,5708,,seed_from_wordfreq_pt
wfpt-05626,aventuras,,,5709,,seed_from_wordfreq_pt
wfpt-05627,basquete,,,5710,,seed_from_wordfreq_pt
wfpt-05628,bastidores,,,5711,,seed_from_wordfreq_pt
wfpt-05629,besteira,,,5712,,seed_from_wordfreq_pt
wfpt-05630,bolas,,,5713,,seed_from_wordfreq_pt
wfpt-05631,borracha,,,5714,,seed_from_wordfreq_pt
wfpt-05632,brinquedos,,,5715,,seed_from_wordfreq_pt
wfpt-05633,cinquenta,,,5716,,seed_from_wordfreq_pt
wfpt-05634,circo,,,5717,,seed_from_wordfreq_pt
wfpt-05635,clássica,,,5718,,seed_from_wordfreq_pt
wfpt-05636,colocados,,,5719,,seed_from_wordfreq_pt
wfpt-05637,comparado,,,5720,,seed_from_wordfreq_pt
wfpt-05638,condenação,,,5721,,seed_from_wordfreq_pt
wfpt-05639,conspiração,,,5722,,seed_from_wordfreq_pt
wfpt-05640,criaram,,,5723,,seed_from_wordfreq_pt
wfpt-05641,cálculo,,,5724,,seed_from_wordfreq_pt
wfpt-05642,dedicar,,,5725,,seed_from_wordfreq_pt
wfpt-05643,desconto,,,5726,,seed_from_wordfreq_pt
wfpt-05644,descrito,,,5727,,seed_from_wordfreq_pt
wfpt-05645,divulgada,,,5728,,seed_from_wordfreq_pt
wfpt-05646,duma,,,5729,,seed_from_wordfreq_pt
wfpt-05647,elogios,,,5730,,seed_from_wordfreq_pt
wfpt-05648,encher,,,5731,,seed_from_wordfreq_pt
wfpt-05649,escândalo,,,5732,,seed_from_wordfreq_pt
wfpt-05650,essência,,,5733,,seed_from_wordfreq_pt
wfpt-05651,exteriores,,,5734,,seed_from_wordfreq_pt
wfpt-05652,farão,,,5735,,seed_from_wordfreq_pt
wfpt-05653,favoritos,,,5736,,seed_from_wordfreq_pt
wfpt-05654,feijão,,,5737,,seed_from_wordfreq_pt
wfpt-05655,fiéis,,,5738,,seed_from_wordfreq_pt
wfpt-05656,gado,,,5739,,seed_from_wordfreq_pt
wfpt-05657,garotos,,,5740,,seed_from_wordfreq_pt
wfpt-05658,gira,,,5741,,seed_from_wordfreq_pt
wfpt-05659,gozar,,,5742,,seed_from_wordfreq_pt
wfpt-05660,gratuitamente,,,5743,,seed_from_wordfreq_pt
wfpt-05661,guitarra,,,5744,,seed_from_wordfreq_pt
wfpt-05662,happy,,,5745,,seed_from_wordfreq_pt
wfpt-05663,hipóteses,,,5746,,seed_from_wordfreq_pt
wfpt-05664,impactos,,,5747,,seed_from_wordfreq_pt
wfpt-05665,impulso,,,5748,,seed_from_wordfreq_pt
wfpt-05666,infecção,,,5749,,seed_from_wordfreq_pt
wfpt-05667,inocentes,,,5750,,seed_from_wordfreq_pt
wfpt-05668,institucional,,,5751,,seed_from_wordfreq_pt
wfpt-05669,jerusalém,,,5752,,seed_from_wordfreq_pt
wfpt-05670,jogado,,,5753,,seed_from_wordfreq_pt
wfpt-05671,judeu,,,5754,,seed_from_wordfreq_pt
wfpt-05672,junte,,,5755,,seed_from_wordfreq_pt
wfpt-05673,juvenil,,,5756,,seed_from_wordfreq_pt
wfpt-05674,lembram,,,5757,,seed_from_wordfreq_pt
wfpt-05675,libras,,,5758,,seed_from_wordfreq_pt
wfpt-05676,mande,,,5759,,seed_from_wordfreq_pt
wfpt-05677,maratona,,,5760,,seed_from_wordfreq_pt
wfpt-05678,mediante,,,5761,,seed_from_wordfreq_pt
wfpt-05679,mexe,,,5762,,seed_from_wordfreq_pt
wfpt-05680,miller,,,5763,,seed_from_wordfreq_pt
wfpt-05681,missões,,,5764,,seed_from_wordfreq_pt
wfpt-05682,ms,,,5765,,seed_from_wordfreq_pt
wfpt-05683,negras,,,5766,,seed_from_wordfreq_pt
wfpt-05684,olhares,,,5767,,seed_from_wordfreq_pt
wfpt-05685,origens,,,5768,,seed_from_wordfreq_pt
wfpt-05686,pagam,,,5769,,seed_from_wordfreq_pt
wfpt-05687,palmas,,,5770,,seed_from_wordfreq_pt
wfpt-05688,paradas,,,5771,,seed_from_wordfreq_pt
wfpt-05689,part,,,5772,,seed_from_wordfreq_pt
wfpt-05690,participam,,,5773,,seed_from_wordfreq_pt
wfpt-05691,pausa,,,5774,,seed_from_wordfreq_pt
wfpt-05692,per,,,5775,,seed_from_wordfreq_pt
wfpt-05693,perdidos,,,5776,,seed_from_wordfreq_pt
wfpt-05694,perdoar,,,5777,,seed_from_wordfreq_pt
wfpt-05695,personalidades,,,5778,,seed_from_wordfreq_pt
wfpt-05696,pinheiro,,,5779,,seed_from_wordfreq_pt
wfpt-05697,piso,,,5780,,seed_from_wordfreq_pt
wfpt-05698,placar,,,5781,,seed_from_wordfreq_pt
wfpt-05699,prestação,,,5782,,seed_from_wordfreq_pt
wfpt-05700,privados,,,5783,,seed_from_wordfreq_pt
wfpt-05701,project,,,5784,,seed_from_wordfreq_pt
wfpt-05702,raquel,,,5785,,seed_from_wordfreq_pt
wfpt-05703,referido,,,5786,,seed_from_wordfreq_pt
wfpt-05704,registrar,,,5787,,seed_from_wordfreq_pt
wfpt-05705,relacionamentos,,,5788,,seed_from_wordfreq_pt
wfpt-05706,responsabilidades,,,5789,,seed_from_wordfreq_pt
wfpt-05707,rick,,,5790,,seed_from_wordfreq_pt
wfpt-05708,sacrifício,,,5791,,seed_from_wordfreq_pt
wfpt-05709,sagrada,,,5792,,seed_from_wordfreq_pt
wfpt-05710,serei,,,5793,,seed_from_wordfreq_pt
wfpt-05711,surpreendente,,,5794,,seed_from_wordfreq_pt
wfpt-05712,suécia,,,5795,,seed_from_wordfreq_pt
wfpt-05713,team,,,5796,,seed_from_wordfreq_pt
wfpt-05714,traduzir,,,5797,,seed_from_wordfreq_pt
wfpt-05715,tratam,,,5798,,seed_from_wordfreq_pt
wfpt-05716,turnê,,,5799,,seed_from_wordfreq_pt
wfpt-05717,unesco,,,5800,,seed_from_wordfreq_pt
wfpt-05718,urgência,,,5801,,seed_from_wordfreq_pt
wfpt-05719,viana,,,5802,,seed_from_wordfreq_pt
wfpt-05720,visitou,,,5803,,seed_from_wordfreq_pt
wfpt-05721,young,,,5804,,seed_from_wordfreq_pt
wfpt-05722,ênfase,,,5805,,seed_from_wordfreq_pt
wfpt-05723,êxito,,,5806,,seed_from_wordfreq_pt
wfpt-05724,absoluto,,,5807,,seed_from_wordfreq_pt
wfpt-05725,acompanhamento,,,5808,,seed_from_wordfreq_pt
wfpt-05726,administrador,,,5809,,seed_from_wordfreq_pt
wfpt-05727,afirmam,,,5810,,seed_from_wordfreq_pt
wfpt-05728,agressão,,,5811,,seed_from_wordfreq_pt
wfpt-05729,amantes,,,5812,,seed_from_wordfreq_pt
wfpt-05730,amy,,,5813,,seed_from_wordfreq_pt
wfpt-05731,antigamente,,,5814,,seed_from_wordfreq_pt
wfpt-05732,aparelhos,,,5815,,seed_from_wordfreq_pt
wfpt-05733,apontar,,,5816,,seed_from_wordfreq_pt
wfpt-05734,aposto,,,5817,,seed_from_wordfreq_pt
wfpt-05735,apresentadas,,,5818,,seed_from_wordfreq_pt
wfpt-05736,armados,,,5819,,seed_from_wordfreq_pt
wfpt-05737,atrasado,,,5820,,seed_from_wordfreq_pt
wfpt-05738,av,,,5821,,seed_from_wordfreq_pt
wfpt-05739,avanços,,,5822,,seed_from_wordfreq_pt
wfpt-05740,azuis,,,5823,,seed_from_wordfreq_pt
wfpt-05741,bacia,,,5824,,seed_from_wordfreq_pt
wfpt-05742,bagunça,,,5825,,seed_from_wordfreq_pt
wfpt-05743,banana,,,5826,,seed_from_wordfreq_pt
wfpt-05744,barreiras,,,5827,,seed_from_wordfreq_pt
wfpt-05745,buscam,,,5828,,seed_from_wordfreq_pt
wfpt-05746,cc,,,5829,,seed_from_wordfreq_pt
wfpt-05747,censo,,,5830,,seed_from_wordfreq_pt
wfpt-05748,citar,,,5831,,seed_from_wordfreq_pt
wfpt-05749,cláudio,,,5832,,seed_from_wordfreq_pt
wfpt-05750,coco,,,5833,,seed_from_wordfreq_pt
wfpt-05751,colocam,,,5834,,seed_from_wordfreq_pt
wfpt-05752,combinado,,,5835,,seed_from_wordfreq_pt
wfpt-05753,consta,,,5836,,seed_from_wordfreq_pt
wfpt-05754,continuação,,,5837,,seed_from_wordfreq_pt
wfpt-05755,criativa,,,5838,,seed_from_wordfreq_pt
wfpt-05756,criei,,,5839,,seed_from_wordfreq_pt
wfpt-05757,demônio,,,5840,,seed_from_wordfreq_pt
wfpt-05758,dependência,,,5841,,seed_from_wordfreq_pt
wfpt-05759,desenhar,,,5842,,seed_from_wordfreq_pt
wfpt-05760,divórcio,,,5843,,seed_from_wordfreq_pt
wfpt-05761,encontrava,,,5844,,seed_from_wordfreq_pt
wfpt-05762,engano,,,5845,,seed_from_wordfreq_pt
wfpt-05763,enormes,,,5846,,seed_from_wordfreq_pt
wfpt-05764,envolvida,,,5847,,seed_from_wordfreq_pt
wfpt-05765,estiverem,,,5848,,seed_from_wordfreq_pt
wfpt-05766,exclusivo,,,5849,,seed_from_wordfreq_pt
wfpt-05767,formulário,,,5850,,seed_from_wordfreq_pt
wfpt-05768,fox,,,5851,,seed_from_wordfreq_pt
wfpt-05769,gravado,,,5852,,seed_from_wordfreq_pt
wfpt-05770,guerreiros,,,5853,,seed_from_wordfreq_pt
wfpt-05771,hábito,,,5854,,seed_from_wordfreq_pt
wfpt-05772,idiomas,,,5855,,seed_from_wordfreq_pt
wfpt-05773,iluminação,,,5856,,seed_from_wordfreq_pt
wfpt-05774,ilusão,,,5857,,seed_from_wordfreq_pt
wfpt-05775,implantação,,,5858,,seed_from_wordfreq_pt
wfpt-05776,infantis,,,5859,,seed_from_wordfreq_pt
wfpt-05777,inicio,,,5860,,seed_from_wordfreq_pt
wfpt-05778,integrado,,,5861,,seed_from_wordfreq_pt
wfpt-05779,inteiramente,,,5862,,seed_from_wordfreq_pt
wfpt-05780,interface,,,5863,,seed_from_wordfreq_pt
wfpt-05781,lenta,,,5864,,seed_from_wordfreq_pt
wfpt-05782,libertar,,,5865,,seed_from_wordfreq_pt
wfpt-05783,marrocos,,,5866,,seed_from_wordfreq_pt
wfpt-05784,meias,,,5867,,seed_from_wordfreq_pt
wfpt-05785,mochila,,,5868,,seed_from_wordfreq_pt
wfpt-05786,nuno,,,5869,,seed_from_wordfreq_pt
wfpt-05787,obama,,,5870,,seed_from_wordfreq_pt
wfpt-05788,observações,,,5871,,seed_from_wordfreq_pt
wfpt-05789,obstáculos,,,5872,,seed_from_wordfreq_pt
wfpt-05790,olímpico,,,5873,,seed_from_wordfreq_pt
wfpt-05791,partilhar,,,5874,,seed_from_wordfreq_pt
wfpt-05792,party,,,5875,,seed_from_wordfreq_pt
wfpt-05793,pilotos,,,5876,,seed_from_wordfreq_pt
wfpt-05794,pintar,,,5877,,seed_from_wordfreq_pt
wfpt-05795,porco,,,5878,,seed_from_wordfreq_pt
wfpt-05796,pratos,,,5879,,seed_from_wordfreq_pt
wfpt-05797,probabilidade,,,5880,,seed_from_wordfreq_pt
wfpt-05798,procurou,,,5881,,seed_from_wordfreq_pt
wfpt-05799,produtora,,,5882,,seed_from_wordfreq_pt
wfpt-05800,puxa,,,5883,,seed_from_wordfreq_pt
wfpt-05801,puxar,,,5884,,seed_from_wordfreq_pt
wfpt-05802,qualificação,,,5885,,seed_from_wordfreq_pt
wfpt-05803,raul,,,5886,,seed_from_wordfreq_pt
wfpt-05804,rebelde,,,5887,,seed_from_wordfreq_pt
wfpt-05805,reconhecida,,,5888,,seed_from_wordfreq_pt
wfpt-05806,ribeirão,,,5889,,seed_from_wordfreq_pt
wfpt-05807,satisfeito,,,5890,,seed_from_wordfreq_pt
wfpt-05808,seios,,,5891,,seed_from_wordfreq_pt
wfpt-05809,sentidos,,,5892,,seed_from_wordfreq_pt
wfpt-05810,sexualidade,,,5893,,seed_from_wordfreq_pt
wfpt-05811,sugestão,,,5894,,seed_from_wordfreq_pt
wfpt-05812,surgimento,,,5895,,seed_from_wordfreq_pt
wfpt-05813,things,,,5896,,seed_from_wordfreq_pt
wfpt-05814,traga,,,5897,,seed_from_wordfreq_pt
wfpt-05815,trump,,,5898,,seed_from_wordfreq_pt
wfpt-05816,two,,,5899,,seed_from_wordfreq_pt
wfpt-05817,variam,,,5900,,seed_from_wordfreq_pt
wfpt-05818,vence,,,5901,,seed_from_wordfreq_pt
wfpt-05819,vermelhas,,,5902,,seed_from_wordfreq_pt
wfpt-05820,volante,,,5903,,seed_from_wordfreq_pt
wfpt-05821,únicas,,,5904,,seed_from_wordfreq_pt
wfpt-05822,abandono,,,5906,,seed_from_wordfreq_pt
wfpt-05823,adolescência,,,5907,,seed_from_wordfreq_pt
wfpt-05824,agrícolas,,,5908,,seed_from_wordfreq_pt
wfpt-05825,ambientes,,,5909,,seed_from_wordfreq_pt
wfpt-05826,animada,,,5910,,seed_from_wordfreq_pt
wfpt-05827,apanhar,,,5911,,seed_from_wordfreq_pt
wfpt-05828,atravessar,,,5912,,seed_from_wordfreq_pt
wfpt-05829,beach,,,5913,,seed_from_wordfreq_pt
wfpt-05830,bico,,,5914,,seed_from_wordfreq_pt
wfpt-05831,billy,,,5915,,seed_from_wordfreq_pt
wfpt-05832,biodiversidade,,,5916,,seed_from_wordfreq_pt
wfpt-05833,bravo,,,5917,,seed_from_wordfreq_pt
wfpt-05834,bruto,,,5918,,seed_from_wordfreq_pt
wfpt-05835,cavaleiro,,,5919,,seed_from_wordfreq_pt
wfpt-05836,chapa,,,5920,,seed_from_wordfreq_pt
wfpt-05837,cintura,,,5921,,seed_from_wordfreq_pt
wfpt-05838,clark,,,5922,,seed_from_wordfreq_pt
wfpt-05839,colapso,,,5923,,seed_from_wordfreq_pt
wfpt-05840,colocaram,,,5924,,seed_from_wordfreq_pt
wfpt-05841,coma,,,5925,,seed_from_wordfreq_pt
wfpt-05842,concelho,,,5926,,seed_from_wordfreq_pt
wfpt-05843,confia,,,5927,,seed_from_wordfreq_pt
wfpt-05844,confirmação,,,5928,,seed_from_wordfreq_pt
wfpt-05845,conforto,,,5929,,seed_from_wordfreq_pt
wfpt-05846,consenso,,,5930,,seed_from_wordfreq_pt
wfpt-05847,contratar,,,5931,,seed_from_wordfreq_pt
wfpt-05848,cristiano,,,5932,,seed_from_wordfreq_pt
wfpt-05849,curva,,,5933,,seed_from_wordfreq_pt
wfpt-05850,demandas,,,5934,,seed_from_wordfreq_pt
wfpt-05851,desenvolve,,,5935,,seed_from_wordfreq_pt
wfpt-05852,dinâmica,,,5936,,seed_from_wordfreq_pt
wfpt-05853,douglas,,,5937,,seed_from_wordfreq_pt
wfpt-05854,enfrenta,,,5938,,seed_from_wordfreq_pt
wfpt-05855,enganar,,,5939,,seed_from_wordfreq_pt
wfpt-05856,entendendo,,,5940,,seed_from_wordfreq_pt
wfpt-05857,escravidão,,,5941,,seed_from_wordfreq_pt
wfpt-05858,estilos,,,5942,,seed_from_wordfreq_pt
wfpt-05859,estragar,,,5943,,seed_from_wordfreq_pt
wfpt-05860,estátua,,,5944,,seed_from_wordfreq_pt
wfpt-05861,eterno,,,5945,,seed_from_wordfreq_pt
wfpt-05862,exclusiva,,,5946,,seed_from_wordfreq_pt
wfpt-05863,executado,,,5947,,seed_from_wordfreq_pt
wfpt-05864,faleceu,,,5948,,seed_from_wordfreq_pt
wfpt-05865,ferimentos,,,5949,,seed_from_wordfreq_pt
wfpt-05866,florianópolis,,,5950,,seed_from_wordfreq_pt
wfpt-05867,ford,,,5951,,seed_from_wordfreq_pt
wfpt-05868,formando,,,5952,,seed_from_wordfreq_pt
wfpt-05869,frutas,,,5953,,seed_from_wordfreq_pt
wfpt-05870,goste,,,5954,,seed_from_wordfreq_pt
wfpt-05871,hip,,,5955,,seed_from_wordfreq_pt
wfpt-05872,how,,,5956,,seed_from_wordfreq_pt
wfpt-05873,howard,,,5957,,seed_from_wordfreq_pt
wfpt-05874,hungria,,,5958,,seed_from_wordfreq_pt
wfpt-05875,imaginei,,,5959,,seed_from_wordfreq_pt
wfpt-05876,impeachment,,,5960,,seed_from_wordfreq_pt
wfpt-05877,informática,,,5961,,seed_from_wordfreq_pt
wfpt-05878,internas,,,5962,,seed_from_wordfreq_pt
wfpt-05879,ironia,,,5963,,seed_from_wordfreq_pt
wfpt-05880,johnson,,,5964,,seed_from_wordfreq_pt
wfpt-05881,lewis,,,5965,,seed_from_wordfreq_pt
wfpt-05882,liberado,,,5966,,seed_from_wordfreq_pt
wfpt-05883,massagem,,,5967,,seed_from_wordfreq_pt
wfpt-05884,mensal,,,5968,,seed_from_wordfreq_pt
wfpt-05885,mostraram,,,5969,,seed_from_wordfreq_pt
wfpt-05886,mude,,,5970,,seed_from_wordfreq_pt
wfpt-05887,mudo,,,5971,,seed_from_wordfreq_pt
wfpt-05888,mágica,,,5972,,seed_from_wordfreq_pt
wfpt-05889,note,,,5973,,seed_from_wordfreq_pt
wfpt-05890,olhei,,,5974,,seed_from_wordfreq_pt
wfpt-05891,pagou,,,5975,,seed_from_wordfreq_pt
wfpt-05892,paquistão,,,5976,,seed_from_wordfreq_pt
wfpt-05893,paralelo,,,5977,,seed_from_wordfreq_pt
wfpt-05894,parcialmente,,,5978,,seed_from_wordfreq_pt
wfpt-05895,parente,,,5979,,seed_from_wordfreq_pt
wfpt-05896,passaporte,,,5980,,seed_from_wordfreq_pt
wfpt-05897,pequim,,,5982,,seed_from_wordfreq_pt
wfpt-05898,permita,,,5983,,seed_from_wordfreq_pt
wfpt-05899,pesadelo,,,5984,,seed_from_wordfreq_pt
wfpt-05900,pires,,,5985,,seed_from_wordfreq_pt
wfpt-05901,plus,,,5986,,seed_from_wordfreq_pt
wfpt-05902,poderosos,,,5987,,seed_from_wordfreq_pt
wfpt-05903,procuro,,,5988,,seed_from_wordfreq_pt
wfpt-05904,punição,,,5989,,seed_from_wordfreq_pt
wfpt-05905,pátio,,,5990,,seed_from_wordfreq_pt
wfpt-05906,pátria,,,5991,,seed_from_wordfreq_pt
wfpt-05907,queiroz,,,5992,,seed_from_wordfreq_pt
wfpt-05908,reality,,,5993,,seed_from_wordfreq_pt
wfpt-05909,reflete,,,5994,,seed_from_wordfreq_pt
wfpt-05910,renan,,,5995,,seed_from_wordfreq_pt
wfpt-05911,resolvido,,,5996,,seed_from_wordfreq_pt
wfpt-05912,ritual,,,5997,,seed_from_wordfreq_pt
wfpt-05913,rival,,,5998,,seed_from_wordfreq_pt
wfpt-05914,rosas,,,5999,,seed_from_wordfreq_pt
wfpt-05915,school,,,6000,,seed_from_wordfreq_pt
wfpt-05916,simpatia,,,6001,,seed_from_wordfreq_pt
wfpt-05917,sofia,,,6002,,seed_from_wordfreq_pt
wfpt-05918,story,,,6003,,seed_from_wordfreq_pt
wfpt-05919,sucedida,,,6004,,seed_from_wordfreq_pt
wfpt-05920,surgem,,,6005,,seed_from_wordfreq_pt
wfpt-05921,testamento,,,6006,,seed_from_wordfreq_pt
wfpt-05922,trazem,,,6007,,seed_from_wordfreq_pt
wfpt-05923,tripulação,,,6008,,seed_from_wordfreq_pt
wfpt-05924,trono,,,6009,,seed_from_wordfreq_pt
wfpt-05925,usá,,,6010,,seed_from_wordfreq_pt
wfpt-05926,vazia,,,6011,,seed_from_wordfreq_pt
wfpt-05927,visuais,,,6012,,seed_from_wordfreq_pt
wfpt-05928,votou,,,6013,,seed_from_wordfreq_pt
wfpt-05929,vós,,,6014,,seed_from_wordfreq_pt
wfpt-05930,ya,,,6015,,seed_from_wordfreq_pt
wfpt-05931,abençoe,,,6016,,seed_from_wordfreq_pt
wfpt-05932,acabando,,,6017,,seed_from_wordfreq_pt
wfpt-05933,acadêmica,,,6018,,seed_from_wordfreq_pt
wfpt-05934,acertou,,,6019,,seed_from_wordfreq_pt
wfpt-05935,acessos,,,6020,,seed_from_wordfreq_pt
wfpt-05936,acrescentou,,,6021,,seed_from_wordfreq_pt
wfpt-05937,amada,,,6022,,seed_from_wordfreq_pt
wfpt-05938,amador,,,6023,,seed_from_wordfreq_pt
wfpt-05939,amamos,,,6024,,seed_from_wordfreq_pt
wfpt-05940,america,,,6025,,seed_from_wordfreq_pt
wfpt-05941,apresentados,,,6026,,seed_from_wordfreq_pt
wfpt-05942,aproximação,,,6027,,seed_from_wordfreq_pt
wfpt-05943,armando,,,6028,,seed_from_wordfreq_pt
wfpt-05944,arredores,,,6029,,seed_from_wordfreq_pt
wfpt-05945,artificial,,,6030,,seed_from_wordfreq_pt
wfpt-05946,associada,,,6031,,seed_from_wordfreq_pt
wfpt-05947,bancada,,,6032,,seed_from_wordfreq_pt
wfpt-05948,beta,,,6033,,seed_from_wordfreq_pt
wfpt-05949,blue,,,6034,,seed_from_wordfreq_pt
wfpt-05950,brancas,,,6035,,seed_from_wordfreq_pt
wfpt-05951,call,,,6036,,seed_from_wordfreq_pt
wfpt-05952,calças,,,6037,,seed_from_wordfreq_pt
wfpt-05953,carla,,,6038,,seed_from_wordfreq_pt
wfpt-05954,casamentos,,,6039,,seed_from_wordfreq_pt
wfpt-05955,ciúmes,,,6040,,seed_from_wordfreq_pt
wfpt-05956,comemora,,,6041,,seed_from_wordfreq_pt
wfpt-05957,concluir,,,6042,,seed_from_wordfreq_pt
wfpt-05958,constantes,,,6043,,seed_from_wordfreq_pt
wfpt-05959,continuem,,,6044,,seed_from_wordfreq_pt
wfpt-05960,correta,,,6045,,seed_from_wordfreq_pt
wfpt-05961,creme,,,6046,,seed_from_wordfreq_pt
wfpt-05962,cumprimento,,,6047,,seed_from_wordfreq_pt
wfpt-05963,câmbio,,,6048,,seed_from_wordfreq_pt
wfpt-05964,dali,,,6049,,seed_from_wordfreq_pt
wfpt-05965,dean,,,6050,,seed_from_wordfreq_pt
wfpt-05966,destruído,,,6051,,seed_from_wordfreq_pt
wfpt-05967,dicionário,,,6052,,seed_from_wordfreq_pt
wfpt-05968,digno,,,6053,,seed_from_wordfreq_pt
wfpt-05969,doméstica,,,6054,,seed_from_wordfreq_pt
wfpt-05970,dourado,,,6055,,seed_from_wordfreq_pt
wfpt-05971,educado,,,6056,,seed_from_wordfreq_pt
wfpt-05972,eficiência,,,6057,,seed_from_wordfreq_pt
wfpt-05973,ensaios,,,6058,,seed_from_wordfreq_pt
wfpt-05974,escolhidos,,,6059,,seed_from_wordfreq_pt
wfpt-05975,essenciais,,,6060,,seed_from_wordfreq_pt
wfpt-05976,estariam,,,6061,,seed_from_wordfreq_pt
wfpt-05977,estrangeira,,,6062,,seed_from_wordfreq_pt
wfpt-05978,favela,,,6063,,seed_from_wordfreq_pt
wfpt-05979,ferida,,,6064,,seed_from_wordfreq_pt
wfpt-05980,finalidade,,,6065,,seed_from_wordfreq_pt
wfpt-05981,full,,,6066,,seed_from_wordfreq_pt
wfpt-05982,gerenciamento,,,6067,,seed_from_wordfreq_pt
wfpt-05983,goiânia,,,6068,,seed_from_wordfreq_pt
wfpt-05984,gritos,,,6069,,seed_from_wordfreq_pt
wfpt-05985,harmonia,,,6070,,seed_from_wordfreq_pt
wfpt-05986,here,,,6071,,seed_from_wordfreq_pt
wfpt-05987,horários,,,6072,,seed_from_wordfreq_pt
wfpt-05988,hotéis,,,6073,,seed_from_wordfreq_pt
wfpt-05989,ideais,,,6074,,seed_from_wordfreq_pt
wfpt-05990,idiotas,,,6075,,seed_from_wordfreq_pt
wfpt-05991,ignorância,,,6076,,seed_from_wordfreq_pt
wfpt-05992,incapaz,,,6077,,seed_from_wordfreq_pt
wfpt-05993,infeliz,,,6078,,seed_from_wordfreq_pt
wfpt-05994,instrução,,,6079,,seed_from_wordfreq_pt
wfpt-05995,integrar,,,6080,,seed_from_wordfreq_pt
wfpt-05996,ip,,,6081,,seed_from_wordfreq_pt
wfpt-05997,jeff,,,6082,,seed_from_wordfreq_pt
wfpt-05998,jimmy,,,6083,,seed_from_wordfreq_pt
wfpt-05999,joelho,,,6084,,seed_from_wordfreq_pt
wfpt-06000,julgado,,,6085,,seed_from_wordfreq_pt
wfpt-06001,lavagem,,,6086,,seed_from_wordfreq_pt
wfpt-06002,marinho,,,6087,,seed_from_wordfreq_pt
wfpt-06003,marte,,,6088,,seed_from_wordfreq_pt
wfpt-06004,massas,,,6089,,seed_from_wordfreq_pt
wfpt-06005,mia,,,6090,,seed_from_wordfreq_pt
wfpt-06006,move,,,6091,,seed_from_wordfreq_pt
wfpt-06007,mudado,,,6092,,seed_from_wordfreq_pt
wfpt-06008,netflix,,,6093,,seed_from_wordfreq_pt
wfpt-06009,notável,,,6094,,seed_from_wordfreq_pt
wfpt-06010,ordenou,,,6095,,seed_from_wordfreq_pt
wfpt-06011,palestra,,,6096,,seed_from_wordfreq_pt
wfpt-06012,pediram,,,6097,,seed_from_wordfreq_pt
wfpt-06013,perdemos,,,6098,,seed_from_wordfreq_pt
wfpt-06014,perigosa,,,6099,,seed_from_wordfreq_pt
wfpt-06015,praias,,,6100,,seed_from_wordfreq_pt
wfpt-06016,proximidade,,,6101,,seed_from_wordfreq_pt
wfpt-06017,péssima,,,6102,,seed_from_wordfreq_pt
wfpt-06018,quantia,,,6103,,seed_from_wordfreq_pt
wfpt-06019,quieto,,,6104,,seed_from_wordfreq_pt
wfpt-06020,recolher,,,6105,,seed_from_wordfreq_pt
wfpt-06021,reconheceu,,,6106,,seed_from_wordfreq_pt
wfpt-06022,refugiados,,,6107,,seed_from_wordfreq_pt
wfpt-06023,regina,,,6108,,seed_from_wordfreq_pt
wfpt-06024,registrada,,,6109,,seed_from_wordfreq_pt
wfpt-06025,registrados,,,6110,,seed_from_wordfreq_pt
wfpt-06026,regulamento,,,6111,,seed_from_wordfreq_pt
wfpt-06027,relaxar,,,6112,,seed_from_wordfreq_pt
wfpt-06028,repercussão,,,6113,,seed_from_wordfreq_pt
wfpt-06029,retirado,,,6114,,seed_from_wordfreq_pt
wfpt-06030,rever,,,6115,,seed_from_wordfreq_pt
wfpt-06031,saga,,,6116,,seed_from_wordfreq_pt
wfpt-06032,salvação,,,6117,,seed_from_wordfreq_pt
wfpt-06033,satisfação,,,6118,,seed_from_wordfreq_pt
wfpt-06034,sector,,,6119,,seed_from_wordfreq_pt
wfpt-06035,seguiram,,,6120,,seed_from_wordfreq_pt
wfpt-06036,sentada,,,6121,,seed_from_wordfreq_pt
wfpt-06037,sergio,,,6122,,seed_from_wordfreq_pt
wfpt-06038,sigam,,,6123,,seed_from_wordfreq_pt
wfpt-06039,sigla,,,6124,,seed_from_wordfreq_pt
wfpt-06040,soviética,,,6125,,seed_from_wordfreq_pt
wfpt-06041,subindo,,,6126,,seed_from_wordfreq_pt
wfpt-06042,surgir,,,6127,,seed_from_wordfreq_pt
wfpt-06043,tags,,,6128,,seed_from_wordfreq_pt
wfpt-06044,troféu,,,6129,,seed_from_wordfreq_pt
wfpt-06045,vara,,,6130,,seed_from_wordfreq_pt
wfpt-06046,velhas,,,6131,,seed_from_wordfreq_pt
wfpt-06047,visite,,,6132,,seed_from_wordfreq_pt
wfpt-06048,voltam,,,6133,,seed_from_wordfreq_pt
wfpt-06049,acompanhada,,,6134,,seed_from_wordfreq_pt
wfpt-06050,acordei,,,6135,,seed_from_wordfreq_pt
wfpt-06051,acre,,,6136,,seed_from_wordfreq_pt
wfpt-06052,ala,,,6137,,seed_from_wordfreq_pt
wfpt-06053,aldeias,,,6138,,seed_from_wordfreq_pt
wfpt-06054,anunciada,,,6139,,seed_from_wordfreq_pt
wfpt-06055,apropriado,,,6140,,seed_from_wordfreq_pt
wfpt-06056,aproveitando,,,6141,,seed_from_wordfreq_pt
wfpt-06057,ataca,,,6142,,seed_from_wordfreq_pt
wfpt-06058,band,,,6143,,seed_from_wordfreq_pt
wfpt-06059,bandido,,,6144,,seed_from_wordfreq_pt
wfpt-06060,bloquear,,,6145,,seed_from_wordfreq_pt
wfpt-06061,cantos,,,6146,,seed_from_wordfreq_pt
wfpt-06062,caros,,,6147,,seed_from_wordfreq_pt
wfpt-06063,carregando,,,6148,,seed_from_wordfreq_pt
wfpt-06064,case,,,6149,,seed_from_wordfreq_pt
wfpt-06065,certificado,,,6150,,seed_from_wordfreq_pt
wfpt-06066,chamava,,,6151,,seed_from_wordfreq_pt
wfpt-06067,christian,,,6152,,seed_from_wordfreq_pt
wfpt-06068,coberta,,,6153,,seed_from_wordfreq_pt
wfpt-06069,compositor,,,6154,,seed_from_wordfreq_pt
wfpt-06070,concorrer,,,6155,,seed_from_wordfreq_pt
wfpt-06071,conde,,,6156,,seed_from_wordfreq_pt
wfpt-06072,conferir,,,6157,,seed_from_wordfreq_pt
wfpt-06073,confiável,,,6158,,seed_from_wordfreq_pt
wfpt-06074,contratado,,,6159,,seed_from_wordfreq_pt
wfpt-06075,convencional,,,6160,,seed_from_wordfreq_pt
wfpt-06076,convida,,,6161,,seed_from_wordfreq_pt
wfpt-06077,costumam,,,6162,,seed_from_wordfreq_pt
wfpt-06078,cultivo,,,6163,,seed_from_wordfreq_pt
wfpt-06079,dc,,,6164,,seed_from_wordfreq_pt
wfpt-06080,destacando,,,6165,,seed_from_wordfreq_pt
wfpt-06081,determina,,,6166,,seed_from_wordfreq_pt
wfpt-06082,determinados,,,6167,,seed_from_wordfreq_pt
wfpt-06083,dirige,,,6168,,seed_from_wordfreq_pt
wfpt-06084,distinção,,,6169,,seed_from_wordfreq_pt
wfpt-06085,divina,,,6170,,seed_from_wordfreq_pt
wfpt-06086,doações,,,6171,,seed_from_wordfreq_pt
wfpt-06087,elétrico,,,6172,,seed_from_wordfreq_pt
wfpt-06088,entradas,,,6173,,seed_from_wordfreq_pt
wfpt-06089,envolveu,,,6174,,seed_from_wordfreq_pt
wfpt-06090,essencialmente,,,6175,,seed_from_wordfreq_pt
wfpt-06091,faltando,,,6176,,seed_from_wordfreq_pt
wfpt-06092,familia,,,6177,,seed_from_wordfreq_pt
wfpt-06093,famosas,,,6178,,seed_from_wordfreq_pt
wfpt-06094,favorável,,,6179,,seed_from_wordfreq_pt
wfpt-06095,fm,,,6180,,seed_from_wordfreq_pt
wfpt-06096,franquia,,,6181,,seed_from_wordfreq_pt
wfpt-06097,frutos,,,6182,,seed_from_wordfreq_pt
wfpt-06098,futuras,,,6183,,seed_from_wordfreq_pt
wfpt-06099,galo,,,6184,,seed_from_wordfreq_pt
wfpt-06100,genética,,,6185,,seed_from_wordfreq_pt
wfpt-06101,gesto,,,6186,,seed_from_wordfreq_pt
wfpt-06102,gordon,,,6187,,seed_from_wordfreq_pt
wfpt-06103,gostaríamos,,,6188,,seed_from_wordfreq_pt
wfpt-06104,guardas,,,6189,,seed_from_wordfreq_pt
wfpt-06105,hey,,,6190,,seed_from_wordfreq_pt
wfpt-06106,high,,,6191,,seed_from_wordfreq_pt
wfpt-06107,ideologia,,,6192,,seed_from_wordfreq_pt
wfpt-06108,igor,,,6193,,seed_from_wordfreq_pt
wfpt-06109,implica,,,6194,,seed_from_wordfreq_pt
wfpt-06110,inauguração,,,6195,,seed_from_wordfreq_pt
wfpt-06111,indiana,,,6196,,seed_from_wordfreq_pt
wfpt-06112,indiano,,,6197,,seed_from_wordfreq_pt
wfpt-06113,jardins,,,6198,,seed_from_wordfreq_pt
wfpt-06114,jazz,,,6199,,seed_from_wordfreq_pt
wfpt-06115,lançaram,,,6200,,seed_from_wordfreq_pt
wfpt-06116,lazer,,,6201,,seed_from_wordfreq_pt
wfpt-06117,leal,,,6202,,seed_from_wordfreq_pt
wfpt-06118,lembrança,,,6203,,seed_from_wordfreq_pt
wfpt-06119,levados,,,6204,,seed_from_wordfreq_pt
wfpt-06120,levantamento,,,6205,,seed_from_wordfreq_pt
wfpt-06121,linux,,,6206,,seed_from_wordfreq_pt
wfpt-06122,luciano,,,6207,,seed_from_wordfreq_pt
wfpt-06123,lógico,,,6208,,seed_from_wordfreq_pt
wfpt-06124,mails,,,6209,,seed_from_wordfreq_pt
wfpt-06125,malas,,,6210,,seed_from_wordfreq_pt
wfpt-06126,malta,,,6211,,seed_from_wordfreq_pt
wfpt-06127,morrem,,,6212,,seed_from_wordfreq_pt
wfpt-06128,mortais,,,6213,,seed_from_wordfreq_pt
wfpt-06129,namorados,,,6214,,seed_from_wordfreq_pt
wfpt-06130,never,,,6215,,seed_from_wordfreq_pt
wfpt-06131,nigéria,,,6216,,seed_from_wordfreq_pt
wfpt-06132,noticias,,,6217,,seed_from_wordfreq_pt
wfpt-06133,nuvem,,,6218,,seed_from_wordfreq_pt
wfpt-06134,olhou,,,6219,,seed_from_wordfreq_pt
wfpt-06135,organismo,,,6220,,seed_from_wordfreq_pt
wfpt-06136,orgulhosa,,,6221,,seed_from_wordfreq_pt
wfpt-06137,outono,,,6222,,seed_from_wordfreq_pt
wfpt-06138,oxigênio,,,6223,,seed_from_wordfreq_pt
wfpt-06139,perry,,,6224,,seed_from_wordfreq_pt
wfpt-06140,perspectivas,,,6225,,seed_from_wordfreq_pt
wfpt-06141,pertencem,,,6226,,seed_from_wordfreq_pt
wfpt-06142,pesquisador,,,6227,,seed_from_wordfreq_pt
wfpt-06143,piedade,,,6228,,seed_from_wordfreq_pt
wfpt-06144,potter,,,6229,,seed_from_wordfreq_pt
wfpt-06145,precisão,,,6230,,seed_from_wordfreq_pt
wfpt-06146,processar,,,6231,,seed_from_wordfreq_pt
wfpt-06147,protegido,,,6232,,seed_from_wordfreq_pt
wfpt-06148,quadrados,,,6233,,seed_from_wordfreq_pt
wfpt-06149,relativa,,,6234,,seed_from_wordfreq_pt
wfpt-06150,respondendo,,,6235,,seed_from_wordfreq_pt
wfpt-06151,samuel,,,6236,,seed_from_wordfreq_pt
wfpt-06152,saído,,,6237,,seed_from_wordfreq_pt
wfpt-06153,sincero,,,6238,,seed_from_wordfreq_pt
wfpt-06154,situado,,,6239,,seed_from_wordfreq_pt
wfpt-06155,sobrenome,,,6240,,seed_from_wordfreq_pt
wfpt-06156,solteiro,,,6241,,seed_from_wordfreq_pt
wfpt-06157,solto,,,6242,,seed_from_wordfreq_pt
wfpt-06158,sugeriu,,,6243,,seed_from_wordfreq_pt
wfpt-06159,supervisão,,,6244,,seed_from_wordfreq_pt
wfpt-06160,surpreende,,,6245,,seed_from_wordfreq_pt
wfpt-06161,tigre,,,6246,,seed_from_wordfreq_pt
wfpt-06162,turístico,,,6247,,seed_from_wordfreq_pt
wfpt-06163,típica,,,6248,,seed_from_wordfreq_pt
wfpt-06164,tópico,,,6249,,seed_from_wordfreq_pt
wfpt-06165,una,,,6250,,seed_from_wordfreq_pt
wfpt-06166,vietnã,,,6251,,seed_from_wordfreq_pt
wfpt-06167,visualizar,,,6252,,seed_from_wordfreq_pt
wfpt-06168,work,,,6253,,seed_from_wordfreq_pt
wfpt-06169,ângulo,,,6254,,seed_from_wordfreq_pt
wfpt-06170,ícone,,,6255,,seed_from_wordfreq_pt
wfpt-06171,índices,,,6256,,seed_from_wordfreq_pt
wfpt-06172,abastecimento,,,6257,,seed_from_wordfreq_pt
wfpt-06173,adotar,,,6258,,seed_from_wordfreq_pt
wfpt-06174,almoçar,,,6259,,seed_from_wordfreq_pt
wfpt-06175,andy,,,6260,,seed_from_wordfreq_pt
wfpt-06176,ansioso,,,6261,,seed_from_wordfreq_pt
wfpt-06177,apareceram,,,6262,,seed_from_wordfreq_pt
wfpt-06178,apelo,,,6263,,seed_from_wordfreq_pt
wfpt-06179,atirar,,,6264,,seed_from_wordfreq_pt
wfpt-06180,automóveis,,,6265,,seed_from_wordfreq_pt
wfpt-06181,autorizado,,,6266,,seed_from_wordfreq_pt
wfpt-06182,baseados,,,6267,,seed_from_wordfreq_pt
wfpt-06183,boatos,,,6268,,seed_from_wordfreq_pt
wfpt-06184,bocado,,,6269,,seed_from_wordfreq_pt
wfpt-06185,boi,,,6270,,seed_from_wordfreq_pt
wfpt-06186,bêbado,,,6271,,seed_from_wordfreq_pt
wfpt-06187,capturar,,,6272,,seed_from_wordfreq_pt
wfpt-06188,capítulos,,,6273,,seed_from_wordfreq_pt
wfpt-06189,cartaz,,,6274,,seed_from_wordfreq_pt
wfpt-06190,comboio,,,6275,,seed_from_wordfreq_pt
wfpt-06191,comentando,,,6276,,seed_from_wordfreq_pt
wfpt-06192,concentrar,,,6277,,seed_from_wordfreq_pt
wfpt-06193,concepção,,,6278,,seed_from_wordfreq_pt
wfpt-06194,conexões,,,6279,,seed_from_wordfreq_pt
wfpt-06195,coral,,,6280,,seed_from_wordfreq_pt
wfpt-06196,crises,,,6281,,seed_from_wordfreq_pt
wfpt-06197,câmaras,,,6282,,seed_from_wordfreq_pt
wfpt-06198,dave,,,6283,,seed_from_wordfreq_pt
wfpt-06199,davis,,,6284,,seed_from_wordfreq_pt
wfpt-06200,declarado,,,6285,,seed_from_wordfreq_pt
wfpt-06201,desaparecer,,,6286,,seed_from_wordfreq_pt
wfpt-06202,descobertas,,,6287,,seed_from_wordfreq_pt
wfpt-06203,despertar,,,6288,,seed_from_wordfreq_pt
wfpt-06204,diminuição,,,6289,,seed_from_wordfreq_pt
wfpt-06205,duarte,,,6290,,seed_from_wordfreq_pt
wfpt-06206,envolvidas,,,6291,,seed_from_wordfreq_pt
wfpt-06207,estabelecida,,,6292,,seed_from_wordfreq_pt
wfpt-06208,exigir,,,6293,,seed_from_wordfreq_pt
wfpt-06209,expandir,,,6294,,seed_from_wordfreq_pt
wfpt-06210,extraordinário,,,6295,,seed_from_wordfreq_pt
wfpt-06211,feia,,,6296,,seed_from_wordfreq_pt
wfpt-06212,frequentes,,,6297,,seed_from_wordfreq_pt
wfpt-06213,fígado,,,6298,,seed_from_wordfreq_pt
wfpt-06214,homicídios,,,6299,,seed_from_wordfreq_pt
wfpt-06215,hop,,,6300,,seed_from_wordfreq_pt
wfpt-06216,hot,,,6301,,seed_from_wordfreq_pt
wfpt-06217,incentivo,,,6302,,seed_from_wordfreq_pt
wfpt-06218,iniciada,,,6303,,seed_from_wordfreq_pt
wfpt-06219,instalado,,,6304,,seed_from_wordfreq_pt
wfpt-06220,instalar,,,6305,,seed_from_wordfreq_pt
wfpt-06221,investir,,,6306,,seed_from_wordfreq_pt
wfpt-06222,inácio,,,6307,,seed_from_wordfreq_pt
wfpt-06223,joana,,,6309,,seed_from_wordfreq_pt
wfpt-06224,jonas,,,6310,,seed_from_wordfreq_pt
wfpt-06225,know,,,6311,,seed_from_wordfreq_pt
wfpt-06226,lagoa,,,6312,,seed_from_wordfreq_pt
wfpt-06227,lagos,,,6313,,seed_from_wordfreq_pt
wfpt-06228,league,,,6314,,seed_from_wordfreq_pt
wfpt-06229,levantou,,,6315,,seed_from_wordfreq_pt
wfpt-06230,limão,,,6316,,seed_from_wordfreq_pt
wfpt-06231,manipulação,,,6317,,seed_from_wordfreq_pt
wfpt-06232,men,,,6318,,seed_from_wordfreq_pt
wfpt-06233,mencionar,,,6319,,seed_from_wordfreq_pt
wfpt-06234,mentes,,,6320,,seed_from_wordfreq_pt
wfpt-06235,metragem,,,6321,,seed_from_wordfreq_pt
wfpt-06236,mostre,,,6322,,seed_from_wordfreq_pt
wfpt-06237,navegador,,,6323,,seed_from_wordfreq_pt
wfpt-06238,negativos,,,6324,,seed_from_wordfreq_pt
wfpt-06239,obrigatório,,,6325,,seed_from_wordfreq_pt
wfpt-06240,olímpica,,,6326,,seed_from_wordfreq_pt
wfpt-06241,over,,,6327,,seed_from_wordfreq_pt
wfpt-06242,pacotes,,,6328,,seed_from_wordfreq_pt
wfpt-06243,parecida,,,6329,,seed_from_wordfreq_pt
wfpt-06244,pato,,,6330,,seed_from_wordfreq_pt
wfpt-06245,planalto,,,6331,,seed_from_wordfreq_pt
wfpt-06246,point,,,6332,,seed_from_wordfreq_pt
wfpt-06247,poluição,,,6333,,seed_from_wordfreq_pt
wfpt-06248,polícias,,,6334,,seed_from_wordfreq_pt
wfpt-06249,positivos,,,6335,,seed_from_wordfreq_pt
wfpt-06250,presas,,,6336,,seed_from_wordfreq_pt
wfpt-06251,proporção,,,6337,,seed_from_wordfreq_pt
wfpt-06252,proposto,,,6338,,seed_from_wordfreq_pt
wfpt-06253,provocou,,,6339,,seed_from_wordfreq_pt
wfpt-06254,publicamente,,,6340,,seed_from_wordfreq_pt
wfpt-06255,pular,,,6341,,seed_from_wordfreq_pt
wfpt-06256,quartel,,,6342,,seed_from_wordfreq_pt
wfpt-06257,quintal,,,6343,,seed_from_wordfreq_pt
wfpt-06258,secção,,,6344,,seed_from_wordfreq_pt
wfpt-06259,sofrido,,,6345,,seed_from_wordfreq_pt
wfpt-06260,sumiu,,,6346,,seed_from_wordfreq_pt
wfpt-06261,sá,,,6347,,seed_from_wordfreq_pt
wfpt-06262,tambem,,,6348,,seed_from_wordfreq_pt
wfpt-06263,tanque,,,6349,,seed_from_wordfreq_pt
wfpt-06264,tatuagem,,,6350,,seed_from_wordfreq_pt
wfpt-06265,tire,,,6351,,seed_from_wordfreq_pt
wfpt-06266,tomo,,,6352,,seed_from_wordfreq_pt
wfpt-06267,trabalhamos,,,6353,,seed_from_wordfreq_pt
wfpt-06268,trato,,,6354,,seed_from_wordfreq_pt
wfpt-06269,tropa,,,6355,,seed_from_wordfreq_pt
wfpt-06270,variação,,,6356,,seed_from_wordfreq_pt
wfpt-06271,variações,,,6357,,seed_from_wordfreq_pt
wfpt-06272,visibilidade,,,6358,,seed_from_wordfreq_pt
wfpt-06273,úteis,,,6359,,seed_from_wordfreq_pt
wfpt-06274,about,,,6361,,seed_from_wordfreq_pt
wfpt-06275,abri,,,6362,,seed_from_wordfreq_pt
wfpt-06276,action,,,6363,,seed_from_wordfreq_pt
wfpt-06277,adesão,,,6364,,seed_from_wordfreq_pt
wfpt-06278,adicionar,,,6365,,seed_from_wordfreq_pt
wfpt-06279,africanos,,,6366,,seed_from_wordfreq_pt
wfpt-06280,alegando,,,6367,,seed_from_wordfreq_pt
wfpt-06281,altitude,,,6368,,seed_from_wordfreq_pt
wfpt-06282,alívio,,,6369,,seed_from_wordfreq_pt
wfpt-06283,anualmente,,,6370,,seed_from_wordfreq_pt
wfpt-06284,aparente,,,6371,,seed_from_wordfreq_pt
wfpt-06285,apontam,,,6372,,seed_from_wordfreq_pt
wfpt-06286,apresentaram,,,6373,,seed_from_wordfreq_pt
wfpt-06287,atlântico,,,6374,,seed_from_wordfreq_pt
wfpt-06288,au,,,6375,,seed_from_wordfreq_pt
wfpt-06289,awards,,,6376,,seed_from_wordfreq_pt
wfpt-06290,batalhas,,,6377,,seed_from_wordfreq_pt
wfpt-06291,besta,,,6378,,seed_from_wordfreq_pt
wfpt-06292,bibliotecas,,,6379,,seed_from_wordfreq_pt
wfpt-06293,bilhão,,,6380,,seed_from_wordfreq_pt
wfpt-06294,box,,,6381,,seed_from_wordfreq_pt
wfpt-06295,brava,,,6382,,seed_from_wordfreq_pt
wfpt-06296,caetano,,,6383,,seed_from_wordfreq_pt
wfpt-06297,caneta,,,6384,,seed_from_wordfreq_pt
wfpt-06298,capitalismo,,,6385,,seed_from_wordfreq_pt
wfpt-06299,caribe,,,6386,,seed_from_wordfreq_pt
wfpt-06300,censura,,,6387,,seed_from_wordfreq_pt
wfpt-06301,cita,,,6388,,seed_from_wordfreq_pt
wfpt-06302,comerciantes,,,6389,,seed_from_wordfreq_pt
wfpt-06303,comparar,,,6390,,seed_from_wordfreq_pt
wfpt-06304,concordou,,,6391,,seed_from_wordfreq_pt
wfpt-06305,confederação,,,6392,,seed_from_wordfreq_pt
wfpt-06306,confuso,,,6393,,seed_from_wordfreq_pt
wfpt-06307,consumidor,,,6394,,seed_from_wordfreq_pt
wfpt-06308,contraste,,,6395,,seed_from_wordfreq_pt
wfpt-06309,contínuo,,,6396,,seed_from_wordfreq_pt
wfpt-06310,coreano,,,6397,,seed_from_wordfreq_pt
wfpt-06311,correu,,,6398,,seed_from_wordfreq_pt
wfpt-06312,criaturas,,,6399,,seed_from_wordfreq_pt
wfpt-06313,declarar,,,6400,,seed_from_wordfreq_pt
wfpt-06314,desaparecimento,,,6402,,seed_from_wordfreq_pt
wfpt-06315,desejam,,,6403,,seed_from_wordfreq_pt
wfpt-06316,designer,,,6404,,seed_from_wordfreq_pt
wfpt-06317,desistiu,,,6405,,seed_from_wordfreq_pt
wfpt-06318,desligar,,,6406,,seed_from_wordfreq_pt
wfpt-06319,despedida,,,6407,,seed_from_wordfreq_pt
wfpt-06320,desporto,,,6408,,seed_from_wordfreq_pt
wfpt-06321,destruída,,,6409,,seed_from_wordfreq_pt
wfpt-06322,directamente,,,6410,,seed_from_wordfreq_pt
wfpt-06323,divino,,,6411,,seed_from_wordfreq_pt
wfpt-06324,diários,,,6412,,seed_from_wordfreq_pt
wfpt-06325,eleita,,,6413,,seed_from_wordfreq_pt
wfpt-06326,eleitorais,,,6414,,seed_from_wordfreq_pt
wfpt-06327,enredo,,,6415,,seed_from_wordfreq_pt
wfpt-06328,espectadores,,,6416,,seed_from_wordfreq_pt
wfpt-06329,espíritos,,,6417,,seed_from_wordfreq_pt
wfpt-06330,explodir,,,6418,,seed_from_wordfreq_pt
wfpt-06331,expulso,,,6419,,seed_from_wordfreq_pt
wfpt-06332,externo,,,6420,,seed_from_wordfreq_pt
wfpt-06333,exílio,,,6421,,seed_from_wordfreq_pt
wfpt-06334,focar,,,6422,,seed_from_wordfreq_pt
wfpt-06335,forçar,,,6423,,seed_from_wordfreq_pt
wfpt-06336,fruta,,,6424,,seed_from_wordfreq_pt
wfpt-06337,gabriela,,,6425,,seed_from_wordfreq_pt
wfpt-06338,gráficos,,,6426,,seed_from_wordfreq_pt
wfpt-06339,habitação,,,6427,,seed_from_wordfreq_pt
wfpt-06340,hall,,,6428,,seed_from_wordfreq_pt
wfpt-06341,hope,,,6429,,seed_from_wordfreq_pt
wfpt-06342,incentivar,,,6430,,seed_from_wordfreq_pt
wfpt-06343,indicada,,,6431,,seed_from_wordfreq_pt
wfpt-06344,indicações,,,6432,,seed_from_wordfreq_pt
wfpt-06345,inscritos,,,6433,,seed_from_wordfreq_pt
wfpt-06346,intelectuais,,,6434,,seed_from_wordfreq_pt
wfpt-06347,inteligentes,,,6435,,seed_from_wordfreq_pt
wfpt-06348,ios,,,6436,,seed_from_wordfreq_pt
wfpt-06349,jair,,,6437,,seed_from_wordfreq_pt
wfpt-06350,jon,,,6438,,seed_from_wordfreq_pt
wfpt-06351,jonathan,,,6439,,seed_from_wordfreq_pt
wfpt-06352,largar,,,6440,,seed_from_wordfreq_pt
wfpt-06353,largura,,,6441,,seed_from_wordfreq_pt
wfpt-06354,lata,,,6442,,seed_from_wordfreq_pt
wfpt-06355,liderado,,,6443,,seed_from_wordfreq_pt
wfpt-06356,light,,,6444,,seed_from_wordfreq_pt
wfpt-06357,liguei,,,6445,,seed_from_wordfreq_pt
wfpt-06358,master,,,6446,,seed_from_wordfreq_pt
wfpt-06359,mor,,,6447,,seed_from_wordfreq_pt
wfpt-06360,mover,,,6448,,seed_from_wordfreq_pt
wfpt-06361,namoro,,,6449,,seed_from_wordfreq_pt
wfpt-06362,noel,,,6450,,seed_from_wordfreq_pt
wfpt-06363,nomeado,,,6451,,seed_from_wordfreq_pt
wfpt-06364,oliver,,,6452,,seed_from_wordfreq_pt
wfpt-06365,organizou,,,6453,,seed_from_wordfreq_pt
wfpt-06366,pacto,,,6454,,seed_from_wordfreq_pt
wfpt-06367,palhaço,,,6455,,seed_from_wordfreq_pt
wfpt-06368,panamá,,,6456,,seed_from_wordfreq_pt
wfpt-06369,parei,,,6457,,seed_from_wordfreq_pt
wfpt-06370,patrocínio,,,6458,,seed_from_wordfreq_pt
wfpt-06371,pensado,,,6459,,seed_from_wordfreq_pt
wfpt-06372,perfeição,,,6460,,seed_from_wordfreq_pt
wfpt-06373,pl,,,6461,,seed_from_wordfreq_pt
wfpt-06374,produziu,,,6462,,seed_from_wordfreq_pt
wfpt-06375,pênis,,,6463,,seed_from_wordfreq_pt
wfpt-06376,rara,,,6464,,seed_from_wordfreq_pt
wfpt-06377,reabilitação,,,6465,,seed_from_wordfreq_pt
wfpt-06378,realizando,,,6466,,seed_from_wordfreq_pt
wfpt-06379,receitas,,,6467,,seed_from_wordfreq_pt
wfpt-06380,refeição,,,6468,,seed_from_wordfreq_pt
wfpt-06381,relata,,,6469,,seed_from_wordfreq_pt
wfpt-06382,renovação,,,6470,,seed_from_wordfreq_pt
wfpt-06383,residente,,,6471,,seed_from_wordfreq_pt
wfpt-06384,respeita,,,6472,,seed_from_wordfreq_pt
wfpt-06385,revelado,,,6473,,seed_from_wordfreq_pt
wfpt-06386,saio,,,6474,,seed_from_wordfreq_pt
wfpt-06387,secundário,,,6475,,seed_from_wordfreq_pt
wfpt-06388,seguidos,,,6476,,seed_from_wordfreq_pt
wfpt-06389,semelhança,,,6477,,seed_from_wordfreq_pt
wfpt-06390,soja,,,6478,,seed_from_wordfreq_pt
wfpt-06391,suficientemente,,,6479,,seed_from_wordfreq_pt
wfpt-06392,talentos,,,6480,,seed_from_wordfreq_pt
wfpt-06393,terminando,,,6481,,seed_from_wordfreq_pt
wfpt-06394,transparente,,,6482,,seed_from_wordfreq_pt
wfpt-06395,tristes,,,6483,,seed_from_wordfreq_pt
wfpt-06396,vacina,,,6484,,seed_from_wordfreq_pt
wfpt-06397,velas,,,6485,,seed_from_wordfreq_pt
wfpt-06398,veneno,,,6486,,seed_from_wordfreq_pt
wfpt-06399,vier,,,6487,,seed_from_wordfreq_pt
wfpt-06400,violento,,,6488,,seed_from_wordfreq_pt
wfpt-06401,visões,,,6489,,seed_from_wordfreq_pt
wfpt-06402,voos,,,6490,,seed_from_wordfreq_pt
wfpt-06403,walker,,,6491,,seed_from_wordfreq_pt
wfpt-06404,xavier,,,6492,,seed_from_wordfreq_pt
wfpt-06405,yo,,,6493,,seed_from_wordfreq_pt
wfpt-06406,zagueiro,,,6494,,seed_from_wordfreq_pt
wfpt-06407,acalmar,,,6495,,seed_from_wordfreq_pt
wfpt-06408,acharam,,,6496,,seed_from_wordfreq_pt
wfpt-06409,adquirir,,,6497,,seed_from_wordfreq_pt
wfpt-06410,adulta,,,6498,,seed_from_wordfreq_pt
wfpt-06411,aeroportos,,,6499,,seed_from_wordfreq_pt
wfpt-06412,andrea,,,6500,,seed_from_wordfreq_pt
wfpt-06413,ante,,,6501,,seed_from_wordfreq_pt
wfpt-06414,aposentadoria,,,6502,,seed_from_wordfreq_pt
wfpt-06415,arranjar,,,6503,,seed_from_wordfreq_pt
wfpt-06416,atrações,,,6504,,seed_from_wordfreq_pt
wfpt-06417,babaca,,,6505,,seed_from_wordfreq_pt
wfpt-06418,bandeiras,,,6506,,seed_from_wordfreq_pt
wfpt-06419,brinquedo,,,6507,,seed_from_wordfreq_pt
wfpt-06420,business,,,6508,,seed_from_wordfreq_pt
wfpt-06421,campeã,,,6509,,seed_from_wordfreq_pt
wfpt-06422,casaco,,,6510,,seed_from_wordfreq_pt
wfpt-06423,caxias,,,6511,,seed_from_wordfreq_pt
wfpt-06424,cerco,,,6512,,seed_from_wordfreq_pt
wfpt-06425,chapéu,,,6513,,seed_from_wordfreq_pt
wfpt-06426,classificados,,,6514,,seed_from_wordfreq_pt
wfpt-06427,cocaína,,,6515,,seed_from_wordfreq_pt
wfpt-06428,colher,,,6516,,seed_from_wordfreq_pt
wfpt-06429,complexidade,,,6517,,seed_from_wordfreq_pt
wfpt-06430,concedido,,,6518,,seed_from_wordfreq_pt
wfpt-06431,confirmada,,,6519,,seed_from_wordfreq_pt
wfpt-06432,consciente,,,6520,,seed_from_wordfreq_pt
wfpt-06433,considerável,,,6521,,seed_from_wordfreq_pt
wfpt-06434,contratação,,,6522,,seed_from_wordfreq_pt
wfpt-06435,convidar,,,6523,,seed_from_wordfreq_pt
wfpt-06436,corporal,,,6524,,seed_from_wordfreq_pt
wfpt-06437,corrigir,,,6525,,seed_from_wordfreq_pt
wfpt-06438,cristal,,,6526,,seed_from_wordfreq_pt
wfpt-06439,curar,,,6527,,seed_from_wordfreq_pt
wfpt-06440,dançando,,,6528,,seed_from_wordfreq_pt
wfpt-06441,declara,,,6529,,seed_from_wordfreq_pt
wfpt-06442,defeito,,,6530,,seed_from_wordfreq_pt
wfpt-06443,defensores,,,6531,,seed_from_wordfreq_pt
wfpt-06444,denúncias,,,6532,,seed_from_wordfreq_pt
wfpt-06445,desapareceu,,,6533,,seed_from_wordfreq_pt
wfpt-06446,editar,,,6534,,seed_from_wordfreq_pt
wfpt-06447,efetivamente,,,6535,,seed_from_wordfreq_pt
wfpt-06448,eliminado,,,6536,,seed_from_wordfreq_pt
wfpt-06449,envia,,,6537,,seed_from_wordfreq_pt
wfpt-06450,envio,,,6538,,seed_from_wordfreq_pt
wfpt-06451,estrangeiras,,,6539,,seed_from_wordfreq_pt
wfpt-06452,estudando,,,6540,,seed_from_wordfreq_pt
wfpt-06453,exercícios,,,6541,,seed_from_wordfreq_pt
wfpt-06454,exibido,,,6542,,seed_from_wordfreq_pt
wfpt-06455,extração,,,6543,,seed_from_wordfreq_pt
wfpt-06456,folga,,,6544,,seed_from_wordfreq_pt
wfpt-06457,golpes,,,6545,,seed_from_wordfreq_pt
wfpt-06458,grand,,,6546,,seed_from_wordfreq_pt
wfpt-06459,gratidão,,,6547,,seed_from_wordfreq_pt
wfpt-06460,gráfica,,,6548,,seed_from_wordfreq_pt
wfpt-06461,guarani,,,6549,,seed_from_wordfreq_pt
wfpt-06462,humilde,,,6550,,seed_from_wordfreq_pt
wfpt-06463,incomum,,,6551,,seed_from_wordfreq_pt
wfpt-06464,itunes,,,6552,,seed_from_wordfreq_pt
wfpt-06465,lendas,,,6553,,seed_from_wordfreq_pt
wfpt-06466,marcando,,,6554,,seed_from_wordfreq_pt
wfpt-06467,mc,,,6555,,seed_from_wordfreq_pt
wfpt-06468,medalhas,,,6556,,seed_from_wordfreq_pt
wfpt-06469,menção,,,6557,,seed_from_wordfreq_pt
wfpt-06470,morena,,,6558,,seed_from_wordfreq_pt
wfpt-06471,mtv,,,6559,,seed_from_wordfreq_pt
wfpt-06472,ne,,,6560,,seed_from_wordfreq_pt
wfpt-06473,negou,,,6561,,seed_from_wordfreq_pt
wfpt-06474,nucleares,,,6562,,seed_from_wordfreq_pt
wfpt-06475,observou,,,6563,,seed_from_wordfreq_pt
wfpt-06476,ofensiva,,,6564,,seed_from_wordfreq_pt
wfpt-06477,oferecem,,,6565,,seed_from_wordfreq_pt
wfpt-06478,oferecido,,,6566,,seed_from_wordfreq_pt
wfpt-06479,palma,,,6567,,seed_from_wordfreq_pt
wfpt-06480,parcerias,,,6568,,seed_from_wordfreq_pt
wfpt-06481,perguntam,,,6569,,seed_from_wordfreq_pt
wfpt-06482,planejando,,,6570,,seed_from_wordfreq_pt
wfpt-06483,pretendo,,,6571,,seed_from_wordfreq_pt
wfpt-06484,prioridades,,,6572,,seed_from_wordfreq_pt
wfpt-06485,proibição,,,6573,,seed_from_wordfreq_pt
wfpt-06486,psicológico,,,6574,,seed_from_wordfreq_pt
wfpt-06487,quadra,,,6575,,seed_from_wordfreq_pt
wfpt-06488,quantidades,,,6576,,seed_from_wordfreq_pt
wfpt-06489,razoável,,,6577,,seed_from_wordfreq_pt
wfpt-06490,receio,,,6578,,seed_from_wordfreq_pt
wfpt-06491,residências,,,6579,,seed_from_wordfreq_pt
wfpt-06492,responda,,,6580,,seed_from_wordfreq_pt
wfpt-06493,revolucionário,,,6581,,seed_from_wordfreq_pt
wfpt-06494,rola,,,6582,,seed_from_wordfreq_pt
wfpt-06495,seriamente,,,6583,,seed_from_wordfreq_pt
wfpt-06496,situada,,,6584,,seed_from_wordfreq_pt
wfpt-06497,substância,,,6585,,seed_from_wordfreq_pt
wfpt-06498,surpreender,,,6586,,seed_from_wordfreq_pt
wfpt-06499,símbolos,,,6587,,seed_from_wordfreq_pt
wfpt-06500,tecidos,,,6588,,seed_from_wordfreq_pt
wfpt-06501,terminei,,,6589,,seed_from_wordfreq_pt
wfpt-06502,tomaram,,,6590,,seed_from_wordfreq_pt
wfpt-06503,traduções,,,6591,,seed_from_wordfreq_pt
wfpt-06504,transar,,,6592,,seed_from_wordfreq_pt
wfpt-06505,traços,,,6593,,seed_from_wordfreq_pt
wfpt-06506,término,,,6594,,seed_from_wordfreq_pt
wfpt-06507,universitária,,,6595,,seed_from_wordfreq_pt
wfpt-06508,vasta,,,6596,,seed_from_wordfreq_pt
wfpt-06509,veem,,,6597,,seed_from_wordfreq_pt
wfpt-06510,view,,,6598,,seed_from_wordfreq_pt
wfpt-06511,virtuais,,,6599,,seed_from_wordfreq_pt
wfpt-06512,visualizações,,,6600,,seed_from_wordfreq_pt
wfpt-06513,vitor,,,6601,,seed_from_wordfreq_pt
wfpt-06514,wi,,,6602,,seed_from_wordfreq_pt
wfpt-06515,abra,,,6604,,seed_from_wordfreq_pt
wfpt-06516,aceite,,,6605,,seed_from_wordfreq_pt
wfpt-06517,acordou,,,6606,,seed_from_wordfreq_pt
wfpt-06518,ad,,,6607,,seed_from_wordfreq_pt
wfpt-06519,adorar,,,6608,,seed_from_wordfreq_pt
wfpt-06520,air,,,6609,,seed_from_wordfreq_pt
wfpt-06521,amaral,,,6610,,seed_from_wordfreq_pt
wfpt-06522,armazenamento,,,6611,,seed_from_wordfreq_pt
wfpt-06523,armário,,,6612,,seed_from_wordfreq_pt
wfpt-06524,arquiteto,,,6613,,seed_from_wordfreq_pt
wfpt-06525,assis,,,6614,,seed_from_wordfreq_pt
wfpt-06526,atualizações,,,6615,,seed_from_wordfreq_pt
wfpt-06527,batida,,,6616,,seed_from_wordfreq_pt
wfpt-06528,candidata,,,6617,,seed_from_wordfreq_pt
wfpt-06529,causados,,,6618,,seed_from_wordfreq_pt
wfpt-06530,cinemas,,,6619,,seed_from_wordfreq_pt
wfpt-06531,claras,,,6620,,seed_from_wordfreq_pt
wfpt-06532,coberto,,,6621,,seed_from_wordfreq_pt
wfpt-06533,cometeu,,,6622,,seed_from_wordfreq_pt
wfpt-06534,complicada,,,6623,,seed_from_wordfreq_pt
wfpt-06535,comprado,,,6624,,seed_from_wordfreq_pt
wfpt-06536,concorrência,,,6625,,seed_from_wordfreq_pt
wfpt-06537,confrontos,,,6626,,seed_from_wordfreq_pt
wfpt-06538,construiu,,,6627,,seed_from_wordfreq_pt
wfpt-06539,consultor,,,6628,,seed_from_wordfreq_pt
wfpt-06540,continuaram,,,6629,,seed_from_wordfreq_pt
wfpt-06541,controla,,,6630,,seed_from_wordfreq_pt
wfpt-06542,corridas,,,6631,,seed_from_wordfreq_pt
wfpt-06543,criadores,,,6632,,seed_from_wordfreq_pt
wfpt-06544,cúpula,,,6633,,seed_from_wordfreq_pt
wfpt-06545,damos,,,6634,,seed_from_wordfreq_pt
wfpt-06546,dance,,,6635,,seed_from_wordfreq_pt
wfpt-06547,descobriram,,,6636,,seed_from_wordfreq_pt
wfpt-06548,desenvolvendo,,,6637,,seed_from_wordfreq_pt
wfpt-06549,devolver,,,6638,,seed_from_wordfreq_pt
wfpt-06550,discriminação,,,6639,,seed_from_wordfreq_pt
wfpt-06551,discursos,,,6640,,seed_from_wordfreq_pt
wfpt-06552,discutindo,,,6641,,seed_from_wordfreq_pt
wfpt-06553,disputar,,,6642,,seed_from_wordfreq_pt
wfpt-06554,dividida,,,6643,,seed_from_wordfreq_pt
wfpt-06555,dominar,,,6644,,seed_from_wordfreq_pt
wfpt-06556,donald,,,6645,,seed_from_wordfreq_pt
wfpt-06557,drive,,,6646,,seed_from_wordfreq_pt
wfpt-06558,eleitor,,,6647,,seed_from_wordfreq_pt
wfpt-06559,encerrar,,,6648,,seed_from_wordfreq_pt
wfpt-06560,end,,,6649,,seed_from_wordfreq_pt
wfpt-06561,explicações,,,6650,,seed_from_wordfreq_pt
wfpt-06562,fachada,,,6651,,seed_from_wordfreq_pt
wfpt-06563,falecido,,,6652,,seed_from_wordfreq_pt
wfpt-06564,fantástica,,,6653,,seed_from_wordfreq_pt
wfpt-06565,farinha,,,6654,,seed_from_wordfreq_pt
wfpt-06566,fisicamente,,,6655,,seed_from_wordfreq_pt
wfpt-06567,foge,,,6656,,seed_from_wordfreq_pt
wfpt-06568,fresco,,,6657,,seed_from_wordfreq_pt
wfpt-06569,fumo,,,6658,,seed_from_wordfreq_pt
wfpt-06570,gaúcho,,,6659,,seed_from_wordfreq_pt
wfpt-06571,geraldo,,,6660,,seed_from_wordfreq_pt
wfpt-06572,gerando,,,6661,,seed_from_wordfreq_pt
wfpt-06573,grama,,,6662,,seed_from_wordfreq_pt
wfpt-06574,inevitável,,,6663,,seed_from_wordfreq_pt
wfpt-06575,inflação,,,6664,,seed_from_wordfreq_pt
wfpt-06576,inspirada,,,6665,,seed_from_wordfreq_pt
wfpt-06577,isolamento,,,6666,,seed_from_wordfreq_pt
wfpt-06578,jennifer,,,6667,,seed_from_wordfreq_pt
wfpt-06579,judiciais,,,6668,,seed_from_wordfreq_pt
wfpt-06580,legendas,,,6669,,seed_from_wordfreq_pt
wfpt-06581,macacos,,,6670,,seed_from_wordfreq_pt
wfpt-06582,manga,,,6671,,seed_from_wordfreq_pt
wfpt-06583,mansão,,,6672,,seed_from_wordfreq_pt
wfpt-06584,minerais,,,6673,,seed_from_wordfreq_pt
wfpt-06585,montes,,,6674,,seed_from_wordfreq_pt
wfpt-06586,moradia,,,6675,,seed_from_wordfreq_pt
wfpt-06587,mp,,,6676,,seed_from_wordfreq_pt
wfpt-06588,multi,,,6677,,seed_from_wordfreq_pt
wfpt-06589,mundos,,,6678,,seed_from_wordfreq_pt
wfpt-06590,office,,,6679,,seed_from_wordfreq_pt
wfpt-06591,orações,,,6680,,seed_from_wordfreq_pt
wfpt-06592,parceira,,,6681,,seed_from_wordfreq_pt
wfpt-06593,parques,,,6682,,seed_from_wordfreq_pt
wfpt-06594,partindo,,,6683,,seed_from_wordfreq_pt
wfpt-06595,pensamos,,,6684,,seed_from_wordfreq_pt
wfpt-06596,pico,,,6685,,seed_from_wordfreq_pt
wfpt-06597,piorar,,,6686,,seed_from_wordfreq_pt
wfpt-06598,poderíamos,,,6687,,seed_from_wordfreq_pt
wfpt-06599,posterior,,,6688,,seed_from_wordfreq_pt
wfpt-06600,privilégio,,,6689,,seed_from_wordfreq_pt
wfpt-06601,produções,,,6690,,seed_from_wordfreq_pt
wfpt-06602,profeta,,,6691,,seed_from_wordfreq_pt
wfpt-06603,prol,,,6692,,seed_from_wordfreq_pt
wfpt-06604,promovendo,,,6693,,seed_from_wordfreq_pt
wfpt-06605,propôs,,,6694,,seed_from_wordfreq_pt
wfpt-06606,provenientes,,,6695,,seed_from_wordfreq_pt
wfpt-06607,radicais,,,6696,,seed_from_wordfreq_pt
wfpt-06608,realizaram,,,6697,,seed_from_wordfreq_pt
wfpt-06609,reduzida,,,6698,,seed_from_wordfreq_pt
wfpt-06610,rejeição,,,6699,,seed_from_wordfreq_pt
wfpt-06611,respiração,,,6700,,seed_from_wordfreq_pt
wfpt-06612,rindo,,,6701,,seed_from_wordfreq_pt
wfpt-06613,road,,,6702,,seed_from_wordfreq_pt
wfpt-06614,robin,,,6703,,seed_from_wordfreq_pt
wfpt-06615,romero,,,6704,,seed_from_wordfreq_pt
wfpt-06616,sandra,,,6705,,seed_from_wordfreq_pt
wfpt-06617,semanal,,,6706,,seed_from_wordfreq_pt
wfpt-06618,service,,,6707,,seed_from_wordfreq_pt
wfpt-06619,sinopse,,,6708,,seed_from_wordfreq_pt
wfpt-06620,sociologia,,,6709,,seed_from_wordfreq_pt
wfpt-06621,solidão,,,6710,,seed_from_wordfreq_pt
wfpt-06622,sorvete,,,6711,,seed_from_wordfreq_pt
wfpt-06623,sra,,,6712,,seed_from_wordfreq_pt
wfpt-06624,su,,,6713,,seed_from_wordfreq_pt
wfpt-06625,substâncias,,,6714,,seed_from_wordfreq_pt
wfpt-06626,terrenos,,,6715,,seed_from_wordfreq_pt
wfpt-06627,terço,,,6716,,seed_from_wordfreq_pt
wfpt-06628,transformando,,,6717,,seed_from_wordfreq_pt
wfpt-06629,tratava,,,6718,,seed_from_wordfreq_pt
wfpt-06630,táxi,,,6719,,seed_from_wordfreq_pt
wfpt-06631,túnel,,,6720,,seed_from_wordfreq_pt
wfpt-06632,university,,,6721,,seed_from_wordfreq_pt
wfpt-06633,usaram,,,6722,,seed_from_wordfreq_pt
wfpt-06634,vendedor,,,6723,,seed_from_wordfreq_pt
wfpt-06635,verá,,,6724,,seed_from_wordfreq_pt
wfpt-06636,vilas,,,6725,,seed_from_wordfreq_pt
wfpt-06637,vivas,,,6726,,seed_from_wordfreq_pt
wfpt-06638,vivi,,,6727,,seed_from_wordfreq_pt
wfpt-06639,williams,,,6728,,seed_from_wordfreq_pt
wfpt-06640,acontecimento,,,6729,,seed_from_wordfreq_pt
wfpt-06641,agindo,,,6730,,seed_from_wordfreq_pt
wfpt-06642,agradar,,,6731,,seed_from_wordfreq_pt
wfpt-06643,agricultores,,,6732,,seed_from_wordfreq_pt
wfpt-06644,albert,,,6733,,seed_from_wordfreq_pt
wfpt-06645,assembléia,,,6734,,seed_from_wordfreq_pt
wfpt-06646,atrasada,,,6735,,seed_from_wordfreq_pt
wfpt-06647,atualidade,,,6736,,seed_from_wordfreq_pt
wfpt-06648,baixe,,,6737,,seed_from_wordfreq_pt
wfpt-06649,bares,,,6738,,seed_from_wordfreq_pt
wfpt-06650,britânicos,,,6739,,seed_from_wordfreq_pt
wfpt-06651,caderno,,,6740,,seed_from_wordfreq_pt
wfpt-06652,caminhões,,,6741,,seed_from_wordfreq_pt
wfpt-06653,caracteres,,,6742,,seed_from_wordfreq_pt
wfpt-06654,castigo,,,6743,,seed_from_wordfreq_pt
wfpt-06655,científicos,,,6744,,seed_from_wordfreq_pt
wfpt-06656,combinar,,,6745,,seed_from_wordfreq_pt
wfpt-06657,componente,,,6746,,seed_from_wordfreq_pt
wfpt-06658,consulado,,,6747,,seed_from_wordfreq_pt
wfpt-06659,controlada,,,6748,,seed_from_wordfreq_pt
wfpt-06660,controlado,,,6749,,seed_from_wordfreq_pt
wfpt-06661,couro,,,6750,,seed_from_wordfreq_pt
wfpt-06662,cv,,,6751,,seed_from_wordfreq_pt
wfpt-06663,denominado,,,6752,,seed_from_wordfreq_pt
wfpt-06664,determinadas,,,6753,,seed_from_wordfreq_pt
wfpt-06665,doc,,,6754,,seed_from_wordfreq_pt
wfpt-06666,dormiu,,,6755,,seed_from_wordfreq_pt
wfpt-06667,dra,,,6756,,seed_from_wordfreq_pt
wfpt-06668,east,,,6757,,seed_from_wordfreq_pt
wfpt-06669,engenheiros,,,6758,,seed_from_wordfreq_pt
wfpt-06670,escura,,,6759,,seed_from_wordfreq_pt
wfpt-06671,estivessem,,,6760,,seed_from_wordfreq_pt
wfpt-06672,fabricação,,,6761,,seed_from_wordfreq_pt
wfpt-06673,feminista,,,6762,,seed_from_wordfreq_pt
wfpt-06674,fornecimento,,,6763,,seed_from_wordfreq_pt
wfpt-06675,fundadores,,,6764,,seed_from_wordfreq_pt
wfpt-06676,garantiu,,,6765,,seed_from_wordfreq_pt
wfpt-06677,garrafas,,,6766,,seed_from_wordfreq_pt
wfpt-06678,gata,,,6767,,seed_from_wordfreq_pt
wfpt-06679,girls,,,6768,,seed_from_wordfreq_pt
wfpt-06680,gregos,,,6769,,seed_from_wordfreq_pt
wfpt-06681,gripe,,,6770,,seed_from_wordfreq_pt
wfpt-06682,históricas,,,6771,,seed_from_wordfreq_pt
wfpt-06683,imóveis,,,6772,,seed_from_wordfreq_pt
wfpt-06684,incluído,,,6773,,seed_from_wordfreq_pt
wfpt-06685,indicando,,,6774,,seed_from_wordfreq_pt
wfpt-06686,invisível,,,6775,,seed_from_wordfreq_pt
wfpt-06687,jacob,,,6776,,seed_from_wordfreq_pt
wfpt-06688,jerry,,,6777,,seed_from_wordfreq_pt
wfpt-06689,julio,,,6778,,seed_from_wordfreq_pt
wfpt-06690,karen,,,6779,,seed_from_wordfreq_pt
wfpt-06691,kids,,,6780,,seed_from_wordfreq_pt
wfpt-06692,lamento,,,6781,,seed_from_wordfreq_pt
wfpt-06693,let,,,6782,,seed_from_wordfreq_pt
wfpt-06694,limitações,,,6783,,seed_from_wordfreq_pt
wfpt-06695,litros,,,6784,,seed_from_wordfreq_pt
wfpt-06696,localidade,,,6785,,seed_from_wordfreq_pt
wfpt-06697,maluca,,,6786,,seed_from_wordfreq_pt
wfpt-06698,maurício,,,6787,,seed_from_wordfreq_pt
wfpt-06699,memorial,,,6788,,seed_from_wordfreq_pt
wfpt-06700,mesas,,,6789,,seed_from_wordfreq_pt
wfpt-06701,mestres,,,6790,,seed_from_wordfreq_pt
wfpt-06702,metas,,,6791,,seed_from_wordfreq_pt
wfpt-06703,night,,,6792,,seed_from_wordfreq_pt
wfpt-06704,non,,,6793,,seed_from_wordfreq_pt
wfpt-06705,obrigações,,,6794,,seed_from_wordfreq_pt
wfpt-06706,organismos,,,6795,,seed_from_wordfreq_pt
wfpt-06707,pareceu,,,6796,,seed_from_wordfreq_pt
wfpt-06708,passear,,,6797,,seed_from_wordfreq_pt
wfpt-06709,povoado,,,6798,,seed_from_wordfreq_pt
wfpt-06710,preferem,,,6799,,seed_from_wordfreq_pt
wfpt-06711,prévia,,,6800,,seed_from_wordfreq_pt
wfpt-06712,puderam,,,6801,,seed_from_wordfreq_pt
wfpt-06713,qu,,,6802,,seed_from_wordfreq_pt
wfpt-06714,qualidades,,,6803,,seed_from_wordfreq_pt
wfpt-06715,questionar,,,6804,,seed_from_wordfreq_pt
wfpt-06716,racista,,,6805,,seed_from_wordfreq_pt
wfpt-06717,reflexo,,,6806,,seed_from_wordfreq_pt
wfpt-06718,relevância,,,6807,,seed_from_wordfreq_pt
wfpt-06719,renata,,,6808,,seed_from_wordfreq_pt
wfpt-06720,respectivos,,,6809,,seed_from_wordfreq_pt
wfpt-06721,resultar,,,6810,,seed_from_wordfreq_pt
wfpt-06722,saibam,,,6811,,seed_from_wordfreq_pt
wfpt-06723,simone,,,6812,,seed_from_wordfreq_pt
wfpt-06724,simultaneamente,,,6813,,seed_from_wordfreq_pt
wfpt-06725,sorrir,,,6814,,seed_from_wordfreq_pt
wfpt-06726,sugerir,,,6815,,seed_from_wordfreq_pt
wfpt-06727,terei,,,6816,,seed_from_wordfreq_pt
wfpt-06728,tons,,,6817,,seed_from_wordfreq_pt
wfpt-06729,tratando,,,6818,,seed_from_wordfreq_pt
wfpt-06730,tropical,,,6819,,seed_from_wordfreq_pt
wfpt-06731,valente,,,6820,,seed_from_wordfreq_pt
wfpt-06732,vaticano,,,6821,,seed_from_wordfreq_pt
wfpt-06733,verdadeiras,,,6822,,seed_from_wordfreq_pt
wfpt-06734,villa,,,6823,,seed_from_wordfreq_pt
wfpt-06735,wall,,,6824,,seed_from_wordfreq_pt
wfpt-06736,when,,,6825,,seed_from_wordfreq_pt
wfpt-06737,xvi,,,6826,,seed_from_wordfreq_pt
wfpt-06738,xxi,,,6827,,seed_from_wordfreq_pt
wfpt-06739,ac,,,6828,,seed_from_wordfreq_pt
wfpt-06740,acompanhou,,,6829,,seed_from_wordfreq_pt
wfpt-06741,acostumado,,,6830,,seed_from_wordfreq_pt
wfpt-06742,acrescenta,,,6831,,seed_from_wordfreq_pt
wfpt-06743,acções,,,6832,,seed_from_wordfreq_pt
wfpt-06744,afastado,,,6833,,seed_from_wordfreq_pt
wfpt-06745,ampliar,,,6834,,seed_from_wordfreq_pt
wfpt-06746,amém,,,6835,,seed_from_wordfreq_pt
wfpt-06747,andares,,,6836,,seed_from_wordfreq_pt
wfpt-06748,apertar,,,6837,,seed_from_wordfreq_pt
wfpt-06749,arábia,,,6838,,seed_from_wordfreq_pt
wfpt-06750,associadas,,,6839,,seed_from_wordfreq_pt
wfpt-06751,azar,,,6840,,seed_from_wordfreq_pt
wfpt-06752,bang,,,6841,,seed_from_wordfreq_pt
wfpt-06753,bebendo,,,6842,,seed_from_wordfreq_pt
wfpt-06754,bobo,,,6843,,seed_from_wordfreq_pt
wfpt-06755,bondade,,,6844,,seed_from_wordfreq_pt
wfpt-06756,chef,,,6845,,seed_from_wordfreq_pt
wfpt-06757,combustíveis,,,6846,,seed_from_wordfreq_pt
wfpt-06758,comi,,,6847,,seed_from_wordfreq_pt
wfpt-06759,conclusões,,,6848,,seed_from_wordfreq_pt
wfpt-06760,condenados,,,6849,,seed_from_wordfreq_pt
wfpt-06761,considere,,,6850,,seed_from_wordfreq_pt
wfpt-06762,convidou,,,6851,,seed_from_wordfreq_pt
wfpt-06763,coordenadas,,,6852,,seed_from_wordfreq_pt
wfpt-06764,corredores,,,6853,,seed_from_wordfreq_pt
wfpt-06765,coutinho,,,6854,,seed_from_wordfreq_pt
wfpt-06766,cover,,,6855,,seed_from_wordfreq_pt
wfpt-06767,criativo,,,6856,,seed_from_wordfreq_pt
wfpt-06768,critério,,,6857,,seed_from_wordfreq_pt
wfpt-06769,currículo,,,6858,,seed_from_wordfreq_pt
wfpt-06770,dead,,,6859,,seed_from_wordfreq_pt
wfpt-06771,demitido,,,6860,,seed_from_wordfreq_pt
wfpt-06772,demonstrou,,,6861,,seed_from_wordfreq_pt
wfpt-06773,dennis,,,6862,,seed_from_wordfreq_pt
wfpt-06774,departamentos,,,6863,,seed_from_wordfreq_pt
wfpt-06775,deputada,,,6864,,seed_from_wordfreq_pt
wfpt-06776,destinada,,,6865,,seed_from_wordfreq_pt
wfpt-06777,determinou,,,6866,,seed_from_wordfreq_pt
wfpt-06778,df,,,6867,,seed_from_wordfreq_pt
wfpt-06779,diárias,,,6868,,seed_from_wordfreq_pt
wfpt-06780,domínios,,,6869,,seed_from_wordfreq_pt
wfpt-06781,dum,,,6870,,seed_from_wordfreq_pt
wfpt-06782,editores,,,6871,,seed_from_wordfreq_pt
wfpt-06783,ego,,,6872,,seed_from_wordfreq_pt
wfpt-06784,elena,,,6873,,seed_from_wordfreq_pt
wfpt-06785,encontrará,,,6874,,seed_from_wordfreq_pt
wfpt-06786,entusiasmo,,,6875,,seed_from_wordfreq_pt
wfpt-06787,est,,,6876,,seed_from_wordfreq_pt
wfpt-06788,expresso,,,6878,,seed_from_wordfreq_pt
wfpt-06789,fabricante,,,6879,,seed_from_wordfreq_pt
wfpt-06790,fina,,,6880,,seed_from_wordfreq_pt
wfpt-06791,fios,,,6881,,seed_from_wordfreq_pt
wfpt-06792,fiscais,,,6882,,seed_from_wordfreq_pt
wfpt-06793,fornecedores,,,6883,,seed_from_wordfreq_pt
wfpt-06794,fundado,,,6884,,seed_from_wordfreq_pt
wfpt-06795,funk,,,6885,,seed_from_wordfreq_pt
wfpt-06796,fusão,,,6886,,seed_from_wordfreq_pt
wfpt-06797,fáceis,,,6887,,seed_from_wordfreq_pt
wfpt-06798,galvão,,,6888,,seed_from_wordfreq_pt
wfpt-06799,gases,,,6889,,seed_from_wordfreq_pt
wfpt-06800,gatilho,,,6890,,seed_from_wordfreq_pt
wfpt-06801,gloria,,,6891,,seed_from_wordfreq_pt
wfpt-06802,grossa,,,6892,,seed_from_wordfreq_pt
wfpt-06803,habitual,,,6893,,seed_from_wordfreq_pt
wfpt-06804,imóvel,,,6894,,seed_from_wordfreq_pt
wfpt-06805,infra,,,6895,,seed_from_wordfreq_pt
wfpt-06806,invadir,,,6896,,seed_from_wordfreq_pt
wfpt-06807,jo,,,6897,,seed_from_wordfreq_pt
wfpt-06808,lemos,,,6898,,seed_from_wordfreq_pt
wfpt-06809,lesões,,,6899,,seed_from_wordfreq_pt
wfpt-06810,levá,,,6900,,seed_from_wordfreq_pt
wfpt-06811,liberar,,,6901,,seed_from_wordfreq_pt
wfpt-06812,literária,,,6902,,seed_from_wordfreq_pt
wfpt-06813,lições,,,6903,,seed_from_wordfreq_pt
wfpt-06814,luke,,,6904,,seed_from_wordfreq_pt
wfpt-06815,magalhães,,,6905,,seed_from_wordfreq_pt
wfpt-06816,manteiga,,,6906,,seed_from_wordfreq_pt
wfpt-06817,mantida,,,6907,,seed_from_wordfreq_pt
wfpt-06818,mantêm,,,6908,,seed_from_wordfreq_pt
wfpt-06819,marie,,,6909,,seed_from_wordfreq_pt
wfpt-06820,mataram,,,6910,,seed_from_wordfreq_pt
wfpt-06821,medeiros,,,6911,,seed_from_wordfreq_pt
wfpt-06822,moreno,,,6912,,seed_from_wordfreq_pt
wfpt-06823,morgan,,,6913,,seed_from_wordfreq_pt
wfpt-06824,mísseis,,,6914,,seed_from_wordfreq_pt
wfpt-06825,módulo,,,6915,,seed_from_wordfreq_pt
wfpt-06826,negativas,,,6916,,seed_from_wordfreq_pt
wfpt-06827,novinha,,,6917,,seed_from_wordfreq_pt
wfpt-06828,observado,,,6918,,seed_from_wordfreq_pt
wfpt-06829,perdem,,,6919,,seed_from_wordfreq_pt
wfpt-06830,pinturas,,,6920,,seed_from_wordfreq_pt
wfpt-06831,poeira,,,6921,,seed_from_wordfreq_pt
wfpt-06832,portuguesas,,,6922,,seed_from_wordfreq_pt
wfpt-06833,posicionamento,,,6923,,seed_from_wordfreq_pt
wfpt-06834,praças,,,6924,,seed_from_wordfreq_pt
wfpt-06835,preferido,,,6925,,seed_from_wordfreq_pt
wfpt-06836,primos,,,6926,,seed_from_wordfreq_pt
wfpt-06837,procurado,,,6927,,seed_from_wordfreq_pt
wfpt-06838,profundas,,,6928,,seed_from_wordfreq_pt
wfpt-06839,proibida,,,6929,,seed_from_wordfreq_pt
wfpt-06840,propriamente,,,6930,,seed_from_wordfreq_pt
wfpt-06841,pára,,,6931,,seed_from_wordfreq_pt
wfpt-06842,reforçar,,,6932,,seed_from_wordfreq_pt
wfpt-06843,refúgio,,,6933,,seed_from_wordfreq_pt
wfpt-06844,reitor,,,6934,,seed_from_wordfreq_pt
wfpt-06845,relatou,,,6935,,seed_from_wordfreq_pt
wfpt-06846,rendimento,,,6936,,seed_from_wordfreq_pt
wfpt-06847,representado,,,6937,,seed_from_wordfreq_pt
wfpt-06848,repressão,,,6938,,seed_from_wordfreq_pt
wfpt-06849,resume,,,6939,,seed_from_wordfreq_pt
wfpt-06850,roubou,,,6940,,seed_from_wordfreq_pt
wfpt-06851,santuário,,,6941,,seed_from_wordfreq_pt
wfpt-06852,saudita,,,6942,,seed_from_wordfreq_pt
wfpt-06853,sean,,,6943,,seed_from_wordfreq_pt
wfpt-06854,selecionados,,,6944,,seed_from_wordfreq_pt
wfpt-06855,servido,,,6945,,seed_from_wordfreq_pt
wfpt-06856,soberania,,,6946,,seed_from_wordfreq_pt
wfpt-06857,stan,,,6947,,seed_from_wordfreq_pt
wfpt-06858,sujeitos,,,6948,,seed_from_wordfreq_pt
wfpt-06859,suprema,,,6949,,seed_from_wordfreq_pt
wfpt-06860,surpresas,,,6950,,seed_from_wordfreq_pt
wfpt-06861,tende,,,6951,,seed_from_wordfreq_pt
wfpt-06862,tentado,,,6952,,seed_from_wordfreq_pt
wfpt-06863,terrorismo,,,6953,,seed_from_wordfreq_pt
wfpt-06864,torne,,,6954,,seed_from_wordfreq_pt
wfpt-06865,trabalhista,,,6955,,seed_from_wordfreq_pt
wfpt-06866,tradutor,,,6956,,seed_from_wordfreq_pt
wfpt-06867,transportar,,,6957,,seed_from_wordfreq_pt
wfpt-06868,tributo,,,6958,,seed_from_wordfreq_pt
wfpt-06869,trouxeram,,,6959,,seed_from_wordfreq_pt
wfpt-06870,urbanas,,,6960,,seed_from_wordfreq_pt
wfpt-06871,usamos,,,6961,,seed_from_wordfreq_pt
wfpt-06872,utilidade,,,6962,,seed_from_wordfreq_pt
wfpt-06873,vapor,,,6963,,seed_from_wordfreq_pt
wfpt-06874,vera,,,6964,,seed_from_wordfreq_pt
wfpt-06875,verdades,,,6965,,seed_from_wordfreq_pt
wfpt-06876,virá,,,6966,,seed_from_wordfreq_pt
wfpt-06877,vladimir,,,6967,,seed_from_wordfreq_pt
wfpt-06878,abreu,,,6968,,seed_from_wordfreq_pt
wfpt-06879,aconteceram,,,6969,,seed_from_wordfreq_pt
wfpt-06880,admite,,,6970,,seed_from_wordfreq_pt
wfpt-06881,adversários,,,6971,,seed_from_wordfreq_pt
wfpt-06882,américas,,,6972,,seed_from_wordfreq_pt
wfpt-06883,aplicado,,,6973,,seed_from_wordfreq_pt
wfpt-06884,apoiado,,,6974,,seed_from_wordfreq_pt
wfpt-06885,apontou,,,6975,,seed_from_wordfreq_pt
wfpt-06886,apostar,,,6976,,seed_from_wordfreq_pt
wfpt-06887,arrecadação,,,6977,,seed_from_wordfreq_pt
wfpt-06888,asiático,,,6978,,seed_from_wordfreq_pt
wfpt-06889,assustador,,,6979,,seed_from_wordfreq_pt
wfpt-06890,atenas,,,6980,,seed_from_wordfreq_pt
wfpt-06891,atentado,,,6981,,seed_from_wordfreq_pt
wfpt-06892,atlas,,,6982,,seed_from_wordfreq_pt
wfpt-06893,atualizar,,,6983,,seed_from_wordfreq_pt
wfpt-06894,automóvel,,,6984,,seed_from_wordfreq_pt
wfpt-06895,autorais,,,6985,,seed_from_wordfreq_pt
wfpt-06896,avós,,,6986,,seed_from_wordfreq_pt
wfpt-06897,balanço,,,6987,,seed_from_wordfreq_pt
wfpt-06898,biografia,,,6988,,seed_from_wordfreq_pt
wfpt-06899,bonitos,,,6989,,seed_from_wordfreq_pt
wfpt-06900,brigar,,,6990,,seed_from_wordfreq_pt
wfpt-06901,bush,,,6991,,seed_from_wordfreq_pt
wfpt-06902,camiseta,,,6992,,seed_from_wordfreq_pt
wfpt-06903,cbf,,,6993,,seed_from_wordfreq_pt
wfpt-06904,cds,,,6994,,seed_from_wordfreq_pt
wfpt-06905,chamaram,,,6995,,seed_from_wordfreq_pt
wfpt-06906,chat,,,6996,,seed_from_wordfreq_pt
wfpt-06907,cheias,,,6997,,seed_from_wordfreq_pt
wfpt-06908,churrasco,,,6998,,seed_from_wordfreq_pt
wfpt-06909,competência,,,6999,,seed_from_wordfreq_pt
wfpt-06910,complexa,,,7000,,seed_from_wordfreq_pt
wfpt-06911,conferências,,,7001,,seed_from_wordfreq_pt
wfpt-06912,constituem,,,7002,,seed_from_wordfreq_pt
wfpt-06913,cordas,,,7003,,seed_from_wordfreq_pt
wfpt-06914,credibilidade,,,7004,,seed_from_wordfreq_pt
wfpt-06915,credo,,,7005,,seed_from_wordfreq_pt
wfpt-06916,cuidando,,,7006,,seed_from_wordfreq_pt
wfpt-06917,danilo,,,7007,,seed_from_wordfreq_pt
wfpt-06918,decidimos,,,7008,,seed_from_wordfreq_pt
wfpt-06919,defeitos,,,7009,,seed_from_wordfreq_pt
wfpt-06920,definitiva,,,7010,,seed_from_wordfreq_pt
wfpt-06921,desce,,,7011,,seed_from_wordfreq_pt
wfpt-06922,difusão,,,7012,,seed_from_wordfreq_pt
wfpt-06923,diogo,,,7013,,seed_from_wordfreq_pt
wfpt-06924,diretrizes,,,7014,,seed_from_wordfreq_pt
wfpt-06925,dispostos,,,7015,,seed_from_wordfreq_pt
wfpt-06926,doar,,,7016,,seed_from_wordfreq_pt
wfpt-06927,dylan,,,7017,,seed_from_wordfreq_pt
wfpt-06928,dêem,,,7018,,seed_from_wordfreq_pt
wfpt-06929,emissoras,,,7019,,seed_from_wordfreq_pt
wfpt-06930,entendido,,,7020,,seed_from_wordfreq_pt
wfpt-06931,enxergar,,,7021,,seed_from_wordfreq_pt
wfpt-06932,escudo,,,7022,,seed_from_wordfreq_pt
wfpt-06933,especializado,,,7023,,seed_from_wordfreq_pt
wfpt-06934,estudou,,,7024,,seed_from_wordfreq_pt
wfpt-06935,executiva,,,7025,,seed_from_wordfreq_pt
wfpt-06936,experimento,,,7026,,seed_from_wordfreq_pt
wfpt-06937,faltar,,,7027,,seed_from_wordfreq_pt
wfpt-06938,femininas,,,7028,,seed_from_wordfreq_pt
wfpt-06939,friends,,,7029,,seed_from_wordfreq_pt
wfpt-06940,grade,,,7030,,seed_from_wordfreq_pt
wfpt-06941,guedes,,,7031,,seed_from_wordfreq_pt
wfpt-06942,incidentes,,,7032,,seed_from_wordfreq_pt
wfpt-06943,infinito,,,7033,,seed_from_wordfreq_pt
wfpt-06944,information,,,7034,,seed_from_wordfreq_pt
wfpt-06945,interagir,,,7035,,seed_from_wordfreq_pt
wfpt-06946,intercâmbio,,,7036,,seed_from_wordfreq_pt
wfpt-06947,irlanda,,,7037,,seed_from_wordfreq_pt
wfpt-06948,iso,,,7038,,seed_from_wordfreq_pt
wfpt-06949,jordan,,,7039,,seed_from_wordfreq_pt
wfpt-06950,justificar,,,7040,,seed_from_wordfreq_pt
wfpt-06951,kennedy,,,7041,,seed_from_wordfreq_pt
wfpt-06952,lema,,,7042,,seed_from_wordfreq_pt
wfpt-06953,lembrei,,,7043,,seed_from_wordfreq_pt
wfpt-06954,liderar,,,7044,,seed_from_wordfreq_pt
wfpt-06955,lorena,,,7045,,seed_from_wordfreq_pt
wfpt-06956,lucrativos,,,7046,,seed_from_wordfreq_pt
wfpt-06957,manifestantes,,,7047,,seed_from_wordfreq_pt
wfpt-06958,mate,,,7048,,seed_from_wordfreq_pt
wfpt-06959,melhorias,,,7049,,seed_from_wordfreq_pt
wfpt-06960,mencionou,,,7050,,seed_from_wordfreq_pt
wfpt-06961,mobilização,,,7051,,seed_from_wordfreq_pt
wfpt-06962,monstros,,,7052,,seed_from_wordfreq_pt
wfpt-06963,morando,,,7053,,seed_from_wordfreq_pt
wfpt-06964,musica,,,7054,,seed_from_wordfreq_pt
wfpt-06965,observatório,,,7055,,seed_from_wordfreq_pt
wfpt-06966,obtido,,,7056,,seed_from_wordfreq_pt
wfpt-06967,opera,,,7057,,seed_from_wordfreq_pt
wfpt-06968,orelha,,,7058,,seed_from_wordfreq_pt
wfpt-06969,orquestra,,,7059,,seed_from_wordfreq_pt
wfpt-06970,page,,,7060,,seed_from_wordfreq_pt
wfpt-06971,panorama,,,7061,,seed_from_wordfreq_pt
wfpt-06972,pareça,,,7062,,seed_from_wordfreq_pt
wfpt-06973,passados,,,7063,,seed_from_wordfreq_pt
wfpt-06974,perfis,,,7064,,seed_from_wordfreq_pt
wfpt-06975,permanecem,,,7065,,seed_from_wordfreq_pt
wfpt-06976,pontuação,,,7066,,seed_from_wordfreq_pt
wfpt-06977,postado,,,7067,,seed_from_wordfreq_pt
wfpt-06978,preocupados,,,7068,,seed_from_wordfreq_pt
wfpt-06979,pretendia,,,7069,,seed_from_wordfreq_pt
wfpt-06980,processamento,,,7070,,seed_from_wordfreq_pt
wfpt-06981,proteínas,,,7071,,seed_from_wordfreq_pt
wfpt-06982,ps,,,7072,,seed_from_wordfreq_pt
wfpt-06983,reagir,,,7073,,seed_from_wordfreq_pt
wfpt-06984,reclamações,,,7074,,seed_from_wordfreq_pt
wfpt-06985,reduzido,,,7075,,seed_from_wordfreq_pt
wfpt-06986,reforço,,,7076,,seed_from_wordfreq_pt
wfpt-06987,requisitos,,,7077,,seed_from_wordfreq_pt
wfpt-06988,resolvi,,,7078,,seed_from_wordfreq_pt
wfpt-06989,saint,,,7079,,seed_from_wordfreq_pt
wfpt-06990,saldo,,,7080,,seed_from_wordfreq_pt
wfpt-06991,sapato,,,7081,,seed_from_wordfreq_pt
wfpt-06992,sensibilidade,,,7082,,seed_from_wordfreq_pt
wfpt-06993,seremos,,,7083,,seed_from_wordfreq_pt
wfpt-06994,sky,,,7084,,seed_from_wordfreq_pt
wfpt-06995,sombras,,,7085,,seed_from_wordfreq_pt
wfpt-06996,stephen,,,7086,,seed_from_wordfreq_pt
wfpt-06997,stop,,,7087,,seed_from_wordfreq_pt
wfpt-06998,suspenso,,,7088,,seed_from_wordfreq_pt
wfpt-06999,tb,,,7089,,seed_from_wordfreq_pt
wfpt-07000,terceiros,,,7090,,seed_from_wordfreq_pt
wfpt-07001,teresa,,,7091,,seed_from_wordfreq_pt
wfpt-07002,tricolor,,,7092,,seed_from_wordfreq_pt
wfpt-07003,turco,,,7093,,seed_from_wordfreq_pt
wfpt-07004,túmulo,,,7094,,seed_from_wordfreq_pt
wfpt-07005,urso,,,7095,,seed_from_wordfreq_pt
wfpt-07006,varia,,,7096,,seed_from_wordfreq_pt
wfpt-07007,vaz,,,7097,,seed_from_wordfreq_pt
wfpt-07008,victoria,,,7098,,seed_from_wordfreq_pt
wfpt-07009,voando,,,7099,,seed_from_wordfreq_pt
wfpt-07010,voice,,,7100,,seed_from_wordfreq_pt
wfpt-07011,voltada,,,7101,,seed_from_wordfreq_pt
wfpt-07012,want,,,7102,,seed_from_wordfreq_pt
wfpt-07013,xadrez,,,7103,,seed_from_wordfreq_pt
wfpt-07014,asa,,,7104,,seed_from_wordfreq_pt
wfpt-07015,barras,,,7105,,seed_from_wordfreq_pt
wfpt-07016,bicho,,,7106,,seed_from_wordfreq_pt
wfpt-07017,bilhete,,,7107,,seed_from_wordfreq_pt
wfpt-07018,boletim,,,7108,,seed_from_wordfreq_pt
wfpt-07019,brito,,,7109,,seed_from_wordfreq_pt
wfpt-07020,bueno,,,7110,,seed_from_wordfreq_pt
wfpt-07021,buracos,,,7111,,seed_from_wordfreq_pt
wfpt-07022,carneiro,,,7112,,seed_from_wordfreq_pt
wfpt-07023,carter,,,7113,,seed_from_wordfreq_pt
wfpt-07024,cavaleiros,,,7114,,seed_from_wordfreq_pt
wfpt-07025,caçar,,,7115,,seed_from_wordfreq_pt
wfpt-07026,cenários,,,7116,,seed_from_wordfreq_pt
wfpt-07027,chip,,,7117,,seed_from_wordfreq_pt
wfpt-07028,ciclistas,,,7118,,seed_from_wordfreq_pt
wfpt-07029,cineasta,,,7119,,seed_from_wordfreq_pt
wfpt-07030,cinzas,,,7120,,seed_from_wordfreq_pt
wfpt-07031,climáticas,,,7121,,seed_from_wordfreq_pt
wfpt-07032,colaborar,,,7122,,seed_from_wordfreq_pt
wfpt-07033,cole,,,7123,,seed_from_wordfreq_pt
wfpt-07034,competir,,,7124,,seed_from_wordfreq_pt
wfpt-07035,concedida,,,7125,,seed_from_wordfreq_pt
wfpt-07036,conclui,,,7126,,seed_from_wordfreq_pt
wfpt-07037,concorrentes,,,7127,,seed_from_wordfreq_pt
wfpt-07038,conectar,,,7128,,seed_from_wordfreq_pt
wfpt-07039,conjunta,,,7129,,seed_from_wordfreq_pt
wfpt-07040,construindo,,,7130,,seed_from_wordfreq_pt
wfpt-07041,continental,,,7131,,seed_from_wordfreq_pt
wfpt-07042,dai,,,7132,,seed_from_wordfreq_pt
wfpt-07043,delicioso,,,7133,,seed_from_wordfreq_pt
wfpt-07044,delta,,,7134,,seed_from_wordfreq_pt
wfpt-07045,denunciar,,,7135,,seed_from_wordfreq_pt
wfpt-07046,dera,,,7136,,seed_from_wordfreq_pt
wfpt-07047,derrotar,,,7137,,seed_from_wordfreq_pt
wfpt-07048,desconhecida,,,7138,,seed_from_wordfreq_pt
wfpt-07049,diamante,,,7139,,seed_from_wordfreq_pt
wfpt-07050,dificilmente,,,7140,,seed_from_wordfreq_pt
wfpt-07051,dirigiu,,,7141,,seed_from_wordfreq_pt
wfpt-07052,distantes,,,7142,,seed_from_wordfreq_pt
wfpt-07053,distintas,,,7143,,seed_from_wordfreq_pt
wfpt-07054,doméstico,,,7144,,seed_from_wordfreq_pt
wfpt-07055,duque,,,7145,,seed_from_wordfreq_pt
wfpt-07056,eco,,,7146,,seed_from_wordfreq_pt
wfpt-07057,elegante,,,7147,,seed_from_wordfreq_pt
wfpt-07058,elevador,,,7148,,seed_from_wordfreq_pt
wfpt-07059,empresarial,,,7149,,seed_from_wordfreq_pt
wfpt-07060,emprestado,,,7150,,seed_from_wordfreq_pt
wfpt-07061,encontrando,,,7151,,seed_from_wordfreq_pt
wfpt-07062,engraçada,,,7152,,seed_from_wordfreq_pt
wfpt-07063,escuridão,,,7153,,seed_from_wordfreq_pt
wfpt-07064,esquadra,,,7154,,seed_from_wordfreq_pt
wfpt-07065,exposições,,,7155,,seed_from_wordfreq_pt
wfpt-07066,family,,,7156,,seed_from_wordfreq_pt
wfpt-07067,formalmente,,,7157,,seed_from_wordfreq_pt
wfpt-07068,frágil,,,7158,,seed_from_wordfreq_pt
wfpt-07069,fábricas,,,7159,,seed_from_wordfreq_pt
wfpt-07070,gene,,,7160,,seed_from_wordfreq_pt
wfpt-07071,gold,,,7161,,seed_from_wordfreq_pt
wfpt-07072,gota,,,7162,,seed_from_wordfreq_pt
wfpt-07073,governamental,,,7163,,seed_from_wordfreq_pt
wfpt-07074,gravou,,,7164,,seed_from_wordfreq_pt
wfpt-07075,guy,,,7165,,seed_from_wordfreq_pt
wfpt-07076,harvard,,,7166,,seed_from_wordfreq_pt
wfpt-07077,historicamente,,,7167,,seed_from_wordfreq_pt
wfpt-07078,horta,,,7168,,seed_from_wordfreq_pt
wfpt-07079,industriais,,,7169,,seed_from_wordfreq_pt
wfpt-07080,insegurança,,,7170,,seed_from_wordfreq_pt
wfpt-07081,interferência,,,7171,,seed_from_wordfreq_pt
wfpt-07082,interpretar,,,7172,,seed_from_wordfreq_pt
wfpt-07083,jersey,,,7173,,seed_from_wordfreq_pt
wfpt-07084,josh,,,7174,,seed_from_wordfreq_pt
wfpt-07085,júlio,,,7175,,seed_from_wordfreq_pt
wfpt-07086,lida,,,7176,,seed_from_wordfreq_pt
wfpt-07087,lincoln,,,7177,,seed_from_wordfreq_pt
wfpt-07088,macau,,,7178,,seed_from_wordfreq_pt
wfpt-07089,manifesto,,,7179,,seed_from_wordfreq_pt
wfpt-07090,marcus,,,7180,,seed_from_wordfreq_pt
wfpt-07091,matheus,,,7181,,seed_from_wordfreq_pt
wfpt-07092,mete,,,7182,,seed_from_wordfreq_pt
wfpt-07093,mexicana,,,7183,,seed_from_wordfreq_pt
wfpt-07094,microfone,,,7184,,seed_from_wordfreq_pt
wfpt-07095,mira,,,7185,,seed_from_wordfreq_pt
wfpt-07096,modernas,,,7186,,seed_from_wordfreq_pt
wfpt-07097,mole,,,7187,,seed_from_wordfreq_pt
wfpt-07098,morada,,,7188,,seed_from_wordfreq_pt
wfpt-07099,movimentação,,,7189,,seed_from_wordfreq_pt
wfpt-07100,múltiplas,,,7190,,seed_from_wordfreq_pt
wfpt-07101,nicole,,,7191,,seed_from_wordfreq_pt
wfpt-07102,novelas,,,7192,,seed_from_wordfreq_pt
wfpt-07103,ocorrendo,,,7193,,seed_from_wordfreq_pt
wfpt-07104,palestina,,,7194,,seed_from_wordfreq_pt
wfpt-07105,partilha,,,7195,,seed_from_wordfreq_pt
wfpt-07106,património,,,7196,,seed_from_wordfreq_pt
wfpt-07107,peitos,,,7197,,seed_from_wordfreq_pt
wfpt-07108,pierre,,,7198,,seed_from_wordfreq_pt
wfpt-07109,polo,,,7199,,seed_from_wordfreq_pt
wfpt-07110,porção,,,7200,,seed_from_wordfreq_pt
wfpt-07111,precisou,,,7201,,seed_from_wordfreq_pt
wfpt-07112,preencher,,,7202,,seed_from_wordfreq_pt
wfpt-07113,publico,,,7203,,seed_from_wordfreq_pt
wfpt-07114,pássaros,,,7204,,seed_from_wordfreq_pt
wfpt-07115,quilos,,,7205,,seed_from_wordfreq_pt
wfpt-07116,quisesse,,,7206,,seed_from_wordfreq_pt
wfpt-07117,rapariga,,,7207,,seed_from_wordfreq_pt
wfpt-07118,ratos,,,7208,,seed_from_wordfreq_pt
wfpt-07119,reféns,,,7209,,seed_from_wordfreq_pt
wfpt-07120,relaxa,,,7210,,seed_from_wordfreq_pt
wfpt-07121,restrição,,,7211,,seed_from_wordfreq_pt
wfpt-07122,rivais,,,7212,,seed_from_wordfreq_pt
wfpt-07123,romano,,,7213,,seed_from_wordfreq_pt
wfpt-07124,rondônia,,,7214,,seed_from_wordfreq_pt
wfpt-07125,sargento,,,7215,,seed_from_wordfreq_pt
wfpt-07126,secundária,,,7216,,seed_from_wordfreq_pt
wfpt-07127,sobrinha,,,7217,,seed_from_wordfreq_pt
wfpt-07128,solteira,,,7218,,seed_from_wordfreq_pt
wfpt-07129,sozinhos,,,7219,,seed_from_wordfreq_pt
wfpt-07130,sucessos,,,7220,,seed_from_wordfreq_pt
wfpt-07131,supermercado,,,7221,,seed_from_wordfreq_pt
wfpt-07132,sustentar,,,7222,,seed_from_wordfreq_pt
wfpt-07133,sócios,,,7223,,seed_from_wordfreq_pt
wfpt-07134,tanques,,,7224,,seed_from_wordfreq_pt
wfpt-07135,tesão,,,7225,,seed_from_wordfreq_pt
wfpt-07136,transformado,,,7226,,seed_from_wordfreq_pt
wfpt-07137,tubo,,,7227,,seed_from_wordfreq_pt
wfpt-07138,tópicos,,,7228,,seed_from_wordfreq_pt
wfpt-07139,ultra,,,7229,,seed_from_wordfreq_pt
wfpt-07140,utilizador,,,7230,,seed_from_wordfreq_pt
wfpt-07141,vegetais,,,7231,,seed_from_wordfreq_pt
wfpt-07142,vilão,,,7232,,seed_from_wordfreq_pt
wfpt-07143,viúva,,,7233,,seed_from_wordfreq_pt
wfpt-07144,voces,,,7234,,seed_from_wordfreq_pt
wfpt-07145,vício,,,7235,,seed_from_wordfreq_pt
wfpt-07146,acervo,,,7237,,seed_from_wordfreq_pt
wfpt-07147,adaptar,,,7238,,seed_from_wordfreq_pt
wfpt-07148,alexander,,,7239,,seed_from_wordfreq_pt
wfpt-07149,almirante,,,7240,,seed_from_wordfreq_pt
wfpt-07150,amanhecer,,,7241,,seed_from_wordfreq_pt
wfpt-07151,angel,,,7242,,seed_from_wordfreq_pt
wfpt-07152,apartamentos,,,7243,,seed_from_wordfreq_pt
wfpt-07153,apreciar,,,7244,,seed_from_wordfreq_pt
wfpt-07154,arriscar,,,7245,,seed_from_wordfreq_pt
wfpt-07155,atrai,,,7246,,seed_from_wordfreq_pt
wfpt-07156,atribuição,,,7247,,seed_from_wordfreq_pt
wfpt-07157,avançada,,,7248,,seed_from_wordfreq_pt
wfpt-07158,avisa,,,7249,,seed_from_wordfreq_pt
wfpt-07159,azevedo,,,7250,,seed_from_wordfreq_pt
wfpt-07160,barragem,,,7251,,seed_from_wordfreq_pt
wfpt-07161,bella,,,7252,,seed_from_wordfreq_pt
wfpt-07162,bruxelas,,,7253,,seed_from_wordfreq_pt
wfpt-07163,but,,,7254,,seed_from_wordfreq_pt
wfpt-07164,bélgica,,,7255,,seed_from_wordfreq_pt
wfpt-07165,bônus,,,7256,,seed_from_wordfreq_pt
wfpt-07166,calmo,,,7257,,seed_from_wordfreq_pt
wfpt-07167,cantou,,,7258,,seed_from_wordfreq_pt
wfpt-07168,cap,,,7259,,seed_from_wordfreq_pt
wfpt-07169,claros,,,7260,,seed_from_wordfreq_pt
wfpt-07170,condicionado,,,7261,,seed_from_wordfreq_pt
wfpt-07171,confusa,,,7262,,seed_from_wordfreq_pt
wfpt-07172,contribui,,,7263,,seed_from_wordfreq_pt
wfpt-07173,coro,,,7264,,seed_from_wordfreq_pt
wfpt-07174,cuide,,,7266,,seed_from_wordfreq_pt
wfpt-07175,death,,,7267,,seed_from_wordfreq_pt
wfpt-07176,dem,,,7268,,seed_from_wordfreq_pt
wfpt-07177,desaparecido,,,7269,,seed_from_wordfreq_pt
wfpt-07178,dispõe,,,7270,,seed_from_wordfreq_pt
wfpt-07179,diziam,,,7271,,seed_from_wordfreq_pt
wfpt-07180,domésticos,,,7272,,seed_from_wordfreq_pt
wfpt-07181,dubai,,,7273,,seed_from_wordfreq_pt
wfpt-07182,económico,,,7274,,seed_from_wordfreq_pt
wfpt-07183,eddie,,,7275,,seed_from_wordfreq_pt
wfpt-07184,educacionais,,,7276,,seed_from_wordfreq_pt
wfpt-07185,enviadas,,,7277,,seed_from_wordfreq_pt
wfpt-07186,equipas,,,7278,,seed_from_wordfreq_pt
wfpt-07187,esportivo,,,7279,,seed_from_wordfreq_pt
wfpt-07188,esqueçam,,,7280,,seed_from_wordfreq_pt
wfpt-07189,estabelecimentos,,,7281,,seed_from_wordfreq_pt
wfpt-07190,exclusão,,,7282,,seed_from_wordfreq_pt
wfpt-07191,externas,,,7283,,seed_from_wordfreq_pt
wfpt-07192,faltava,,,7284,,seed_from_wordfreq_pt
wfpt-07193,falência,,,7285,,seed_from_wordfreq_pt
wfpt-07194,farmácia,,,7286,,seed_from_wordfreq_pt
wfpt-07195,formatos,,,7287,,seed_from_wordfreq_pt
wfpt-07196,fracos,,,7288,,seed_from_wordfreq_pt
wfpt-07197,frequente,,,7289,,seed_from_wordfreq_pt
wfpt-07198,gerado,,,7290,,seed_from_wordfreq_pt
wfpt-07199,gorda,,,7291,,seed_from_wordfreq_pt
wfpt-07200,gostamos,,,7292,,seed_from_wordfreq_pt
wfpt-07201,he,,,7293,,seed_from_wordfreq_pt
wfpt-07202,identificados,,,7294,,seed_from_wordfreq_pt
wfpt-07203,importam,,,7295,,seed_from_wordfreq_pt
wfpt-07204,incomodar,,,7296,,seed_from_wordfreq_pt
wfpt-07205,incêndios,,,7297,,seed_from_wordfreq_pt
wfpt-07206,influências,,,7298,,seed_from_wordfreq_pt
wfpt-07207,informe,,,7299,,seed_from_wordfreq_pt
wfpt-07208,institute,,,7300,,seed_from_wordfreq_pt
wfpt-07209,intitulada,,,7301,,seed_from_wordfreq_pt
wfpt-07210,kate,,,7302,,seed_from_wordfreq_pt
wfpt-07211,lançados,,,7303,,seed_from_wordfreq_pt
wfpt-07212,lançando,,,7304,,seed_from_wordfreq_pt
wfpt-07213,legalmente,,,7305,,seed_from_wordfreq_pt
wfpt-07214,leves,,,7306,,seed_from_wordfreq_pt
wfpt-07215,localizados,,,7307,,seed_from_wordfreq_pt
wfpt-07216,macaco,,,7308,,seed_from_wordfreq_pt
wfpt-07217,maçã,,,7309,,seed_from_wordfreq_pt
wfpt-07218,money,,,7310,,seed_from_wordfreq_pt
wfpt-07219,mota,,,7311,,seed_from_wordfreq_pt
wfpt-07220,músculos,,,7312,,seed_from_wordfreq_pt
wfpt-07221,nascida,,,7313,,seed_from_wordfreq_pt
wfpt-07222,ouvimos,,,7314,,seed_from_wordfreq_pt
wfpt-07223,panela,,,7315,,seed_from_wordfreq_pt
wfpt-07224,pareço,,,7316,,seed_from_wordfreq_pt
wfpt-07225,petição,,,7317,,seed_from_wordfreq_pt
wfpt-07226,pf,,,7318,,seed_from_wordfreq_pt
wfpt-07227,pontas,,,7319,,seed_from_wordfreq_pt
wfpt-07228,porcaria,,,7320,,seed_from_wordfreq_pt
wfpt-07229,pornô,,,7321,,seed_from_wordfreq_pt
wfpt-07230,potenciais,,,7322,,seed_from_wordfreq_pt
wfpt-07231,precisando,,,7323,,seed_from_wordfreq_pt
wfpt-07232,preocupe,,,7324,,seed_from_wordfreq_pt
wfpt-07233,prisões,,,7325,,seed_from_wordfreq_pt
wfpt-07234,propor,,,7326,,seed_from_wordfreq_pt
wfpt-07235,protegida,,,7327,,seed_from_wordfreq_pt
wfpt-07236,quebrado,,,7328,,seed_from_wordfreq_pt
wfpt-07237,queiram,,,7329,,seed_from_wordfreq_pt
wfpt-07238,quilómetros,,,7330,,seed_from_wordfreq_pt
wfpt-07239,recompensa,,,7331,,seed_from_wordfreq_pt
wfpt-07240,recorrer,,,7332,,seed_from_wordfreq_pt
wfpt-07241,romântica,,,7333,,seed_from_wordfreq_pt
wfpt-07242,ross,,,7334,,seed_from_wordfreq_pt
wfpt-07243,rápidos,,,7335,,seed_from_wordfreq_pt
wfpt-07244,safada,,,7336,,seed_from_wordfreq_pt
wfpt-07245,saneamento,,,7337,,seed_from_wordfreq_pt
wfpt-07246,sexto,,,7338,,seed_from_wordfreq_pt
wfpt-07247,steven,,,7339,,seed_from_wordfreq_pt
wfpt-07248,stories,,,7340,,seed_from_wordfreq_pt
wfpt-07249,take,,,7341,,seed_from_wordfreq_pt
wfpt-07250,temporária,,,7342,,seed_from_wordfreq_pt
wfpt-07251,testa,,,7343,,seed_from_wordfreq_pt
wfpt-07252,tiraram,,,7344,,seed_from_wordfreq_pt
wfpt-07253,trans,,,7345,,seed_from_wordfreq_pt
wfpt-07254,transferido,,,7346,,seed_from_wordfreq_pt
wfpt-07255,tratada,,,7347,,seed_from_wordfreq_pt
wfpt-07256,trigo,,,7348,,seed_from_wordfreq_pt
wfpt-07257,valorizar,,,7349,,seed_from_wordfreq_pt
wfpt-07258,variar,,,7350,,seed_from_wordfreq_pt
wfpt-07259,vencedora,,,7351,,seed_from_wordfreq_pt
wfpt-07260,veremos,,,7352,,seed_from_wordfreq_pt
wfpt-07261,viaja,,,7353,,seed_from_wordfreq_pt
wfpt-07262,voluntário,,,7354,,seed_from_wordfreq_pt
wfpt-07263,véspera,,,7355,,seed_from_wordfreq_pt
wfpt-07264,wagner,,,7356,,seed_from_wordfreq_pt
wfpt-07265,xbox,,,7357,,seed_from_wordfreq_pt
wfpt-07266,álvaro,,,7359,,seed_from_wordfreq_pt
wfpt-07267,aguardando,,,7360,,seed_from_wordfreq_pt
wfpt-07268,ajudaram,,,7361,,seed_from_wordfreq_pt
wfpt-07269,album,,,7362,,seed_from_wordfreq_pt
wfpt-07270,alfa,,,7363,,seed_from_wordfreq_pt
wfpt-07271,ancestrais,,,7364,,seed_from_wordfreq_pt
wfpt-07272,aparecendo,,,7365,,seed_from_wordfreq_pt
wfpt-07273,apoiando,,,7366,,seed_from_wordfreq_pt
wfpt-07274,barry,,,7367,,seed_from_wordfreq_pt
wfpt-07275,beto,,,7368,,seed_from_wordfreq_pt
wfpt-07276,canadense,,,7369,,seed_from_wordfreq_pt
wfpt-07277,capela,,,7370,,seed_from_wordfreq_pt
wfpt-07278,caçadores,,,7371,,seed_from_wordfreq_pt
wfpt-07279,caíram,,,7372,,seed_from_wordfreq_pt
wfpt-07280,citando,,,7373,,seed_from_wordfreq_pt
wfpt-07281,classificado,,,7374,,seed_from_wordfreq_pt
wfpt-07282,começado,,,7375,,seed_from_wordfreq_pt
wfpt-07283,competições,,,7376,,seed_from_wordfreq_pt
wfpt-07284,comportamentos,,,7377,,seed_from_wordfreq_pt
wfpt-07285,compõem,,,7378,,seed_from_wordfreq_pt
wfpt-07286,condução,,,7379,,seed_from_wordfreq_pt
wfpt-07287,controvérsia,,,7380,,seed_from_wordfreq_pt
wfpt-07288,convidada,,,7381,,seed_from_wordfreq_pt
wfpt-07289,convocado,,,7382,,seed_from_wordfreq_pt
wfpt-07290,corra,,,7383,,seed_from_wordfreq_pt
wfpt-07291,criam,,,7384,,seed_from_wordfreq_pt
wfpt-07292,delegação,,,7385,,seed_from_wordfreq_pt
wfpt-07293,dentista,,,7386,,seed_from_wordfreq_pt
wfpt-07294,desculpem,,,7387,,seed_from_wordfreq_pt
wfpt-07295,desvio,,,7388,,seed_from_wordfreq_pt
wfpt-07296,diamantes,,,7389,,seed_from_wordfreq_pt
wfpt-07297,dirigida,,,7390,,seed_from_wordfreq_pt
wfpt-07298,discute,,,7391,,seed_from_wordfreq_pt
wfpt-07299,energias,,,7392,,seed_from_wordfreq_pt
wfpt-07300,energética,,,7393,,seed_from_wordfreq_pt
wfpt-07301,erradas,,,7394,,seed_from_wordfreq_pt
wfpt-07302,esgoto,,,7395,,seed_from_wordfreq_pt
wfpt-07303,esportiva,,,7396,,seed_from_wordfreq_pt
wfpt-07304,estimado,,,7397,,seed_from_wordfreq_pt
wfpt-07305,estimativa,,,7398,,seed_from_wordfreq_pt
wfpt-07306,estréia,,,7399,,seed_from_wordfreq_pt
wfpt-07307,estética,,,7400,,seed_from_wordfreq_pt
wfpt-07308,exigem,,,7401,,seed_from_wordfreq_pt
wfpt-07309,externos,,,7402,,seed_from_wordfreq_pt
wfpt-07310,extras,,,7403,,seed_from_wordfreq_pt
wfpt-07311,falantes,,,7404,,seed_from_wordfreq_pt
wfpt-07312,fazendas,,,7405,,seed_from_wordfreq_pt
wfpt-07313,feiras,,,7406,,seed_from_wordfreq_pt
wfpt-07314,feminismo,,,7407,,seed_from_wordfreq_pt
wfpt-07315,filmar,,,7408,,seed_from_wordfreq_pt
wfpt-07316,fixo,,,7409,,seed_from_wordfreq_pt
wfpt-07317,formou,,,7410,,seed_from_wordfreq_pt
wfpt-07318,franca,,,7411,,seed_from_wordfreq_pt
wfpt-07319,freguesia,,,7412,,seed_from_wordfreq_pt
wfpt-07320,funcionou,,,7413,,seed_from_wordfreq_pt
wfpt-07321,funeral,,,7414,,seed_from_wordfreq_pt
wfpt-07322,gentil,,,7415,,seed_from_wordfreq_pt
wfpt-07323,gêmeos,,,7416,,seed_from_wordfreq_pt
wfpt-07324,gênio,,,7417,,seed_from_wordfreq_pt
wfpt-07325,hard,,,7418,,seed_from_wordfreq_pt
wfpt-07326,have,,,7419,,seed_from_wordfreq_pt
wfpt-07327,imaginava,,,7420,,seed_from_wordfreq_pt
wfpt-07328,implementar,,,7421,,seed_from_wordfreq_pt
wfpt-07329,ingleses,,,7422,,seed_from_wordfreq_pt
wfpt-07330,insetos,,,7423,,seed_from_wordfreq_pt
wfpt-07331,insiste,,,7424,,seed_from_wordfreq_pt
wfpt-07332,instalada,,,7425,,seed_from_wordfreq_pt
wfpt-07333,interessada,,,7426,,seed_from_wordfreq_pt
wfpt-07334,island,,,7427,,seed_from_wordfreq_pt
wfpt-07335,isolado,,,7428,,seed_from_wordfreq_pt
wfpt-07336,literário,,,7429,,seed_from_wordfreq_pt
wfpt-07337,livremente,,,7430,,seed_from_wordfreq_pt
wfpt-07338,lutou,,,7431,,seed_from_wordfreq_pt
wfpt-07339,machucar,,,7432,,seed_from_wordfreq_pt
wfpt-07340,maravilhosas,,,7433,,seed_from_wordfreq_pt
wfpt-07341,medir,,,7434,,seed_from_wordfreq_pt
wfpt-07342,mercadorias,,,7435,,seed_from_wordfreq_pt
wfpt-07343,militantes,,,7436,,seed_from_wordfreq_pt
wfpt-07344,mitos,,,7437,,seed_from_wordfreq_pt
wfpt-07345,morava,,,7438,,seed_from_wordfreq_pt
wfpt-07346,morrido,,,7439,,seed_from_wordfreq_pt
wfpt-07347,namorar,,,7440,,seed_from_wordfreq_pt
wfpt-07348,obrigados,,,7441,,seed_from_wordfreq_pt
wfpt-07349,orgulhoso,,,7442,,seed_from_wordfreq_pt
wfpt-07350,patrão,,,7443,,seed_from_wordfreq_pt
wfpt-07351,people,,,7444,,seed_from_wordfreq_pt
wfpt-07352,plateia,,,7445,,seed_from_wordfreq_pt
wfpt-07353,pokémon,,,7446,,seed_from_wordfreq_pt
wfpt-07354,politicamente,,,7447,,seed_from_wordfreq_pt
wfpt-07355,premiado,,,7448,,seed_from_wordfreq_pt
wfpt-07356,primária,,,7449,,seed_from_wordfreq_pt
wfpt-07357,projectos,,,7450,,seed_from_wordfreq_pt
wfpt-07358,promovida,,,7451,,seed_from_wordfreq_pt
wfpt-07359,protagonistas,,,7452,,seed_from_wordfreq_pt
wfpt-07360,proteja,,,7453,,seed_from_wordfreq_pt
wfpt-07361,radar,,,7454,,seed_from_wordfreq_pt
wfpt-07362,recebida,,,7455,,seed_from_wordfreq_pt
wfpt-07363,recebidos,,,7456,,seed_from_wordfreq_pt
wfpt-07364,recebo,,,7457,,seed_from_wordfreq_pt
wfpt-07365,referindo,,,7458,,seed_from_wordfreq_pt
wfpt-07366,reflexões,,,7459,,seed_from_wordfreq_pt
wfpt-07367,regimento,,,7460,,seed_from_wordfreq_pt
wfpt-07368,regulamentação,,,7461,,seed_from_wordfreq_pt
wfpt-07369,resgatar,,,7462,,seed_from_wordfreq_pt
wfpt-07370,retiro,,,7463,,seed_from_wordfreq_pt
wfpt-07371,rezar,,,7464,,seed_from_wordfreq_pt
wfpt-07372,romanos,,,7465,,seed_from_wordfreq_pt
wfpt-07373,sandy,,,7466,,seed_from_wordfreq_pt
wfpt-07374,seguidas,,,7467,,seed_from_wordfreq_pt
wfpt-07375,sensores,,,7468,,seed_from_wordfreq_pt
wfpt-07376,significar,,,7469,,seed_from_wordfreq_pt
wfpt-07377,sindicatos,,,7470,,seed_from_wordfreq_pt
wfpt-07378,sobra,,,7471,,seed_from_wordfreq_pt
wfpt-07379,subida,,,7472,,seed_from_wordfreq_pt
wfpt-07380,sustentabilidade,,,7473,,seed_from_wordfreq_pt
wfpt-07381,system,,,7474,,seed_from_wordfreq_pt
wfpt-07382,sérios,,,7475,,seed_from_wordfreq_pt
wfpt-07383,taiwan,,,7476,,seed_from_wordfreq_pt
wfpt-07384,temporariamente,,,7477,,seed_from_wordfreq_pt
wfpt-07385,tentava,,,7478,,seed_from_wordfreq_pt
wfpt-07386,terminado,,,7479,,seed_from_wordfreq_pt
wfpt-07387,tiverem,,,7480,,seed_from_wordfreq_pt
wfpt-07388,tribos,,,7481,,seed_from_wordfreq_pt
wfpt-07389,tse,,,7482,,seed_from_wordfreq_pt
wfpt-07390,tutorial,,,7483,,seed_from_wordfreq_pt
wfpt-07391,tyler,,,7484,,seed_from_wordfreq_pt
wfpt-07392,uol,,,7485,,seed_from_wordfreq_pt
wfpt-07393,utilizadores,,,7486,,seed_from_wordfreq_pt
wfpt-07394,variados,,,7487,,seed_from_wordfreq_pt
wfpt-07395,vermelhos,,,7488,,seed_from_wordfreq_pt
wfpt-07396,vivido,,,7489,,seed_from_wordfreq_pt
wfpt-07397,wayne,,,7490,,seed_from_wordfreq_pt
wfpt-07398,acto,,,7491,,seed_from_wordfreq_pt
wfpt-07399,adotado,,,7492,,seed_from_wordfreq_pt
wfpt-07400,agradecemos,,,7493,,seed_from_wordfreq_pt
wfpt-07401,aproveita,,,7494,,seed_from_wordfreq_pt
wfpt-07402,arrepender,,,7495,,seed_from_wordfreq_pt
wfpt-07403,articulação,,,7496,,seed_from_wordfreq_pt
wfpt-07404,assento,,,7497,,seed_from_wordfreq_pt
wfpt-07405,austin,,,7498,,seed_from_wordfreq_pt
wfpt-07406,baía,,,7499,,seed_from_wordfreq_pt
wfpt-07407,beyoncé,,,7500,,seed_from_wordfreq_pt
wfpt-07408,bi,,,7501,,seed_from_wordfreq_pt
wfpt-07409,boneca,,,7502,,seed_from_wordfreq_pt
wfpt-07410,brigadeiro,,,7503,,seed_from_wordfreq_pt
wfpt-07411,cameron,,,7504,,seed_from_wordfreq_pt
wfpt-07412,car,,,7505,,seed_from_wordfreq_pt
wfpt-07413,católicos,,,7506,,seed_from_wordfreq_pt
wfpt-07414,causam,,,7507,,seed_from_wordfreq_pt
wfpt-07415,celebridades,,,7508,,seed_from_wordfreq_pt
wfpt-07416,colaborador,,,7509,,seed_from_wordfreq_pt
wfpt-07417,consentimento,,,7510,,seed_from_wordfreq_pt
wfpt-07418,continuará,,,7511,,seed_from_wordfreq_pt
wfpt-07419,copiar,,,7512,,seed_from_wordfreq_pt
wfpt-07420,criminosa,,,7513,,seed_from_wordfreq_pt
wfpt-07421,criticou,,,7514,,seed_from_wordfreq_pt
wfpt-07422,crônica,,,7515,,seed_from_wordfreq_pt
wfpt-07423,curiosa,,,7516,,seed_from_wordfreq_pt
wfpt-07424,dedicação,,,7517,,seed_from_wordfreq_pt
wfpt-07425,deixamos,,,7518,,seed_from_wordfreq_pt
wfpt-07426,democrata,,,7519,,seed_from_wordfreq_pt
wfpt-07427,desgraça,,,7520,,seed_from_wordfreq_pt
wfpt-07428,disser,,,7521,,seed_from_wordfreq_pt
wfpt-07429,duelo,,,7522,,seed_from_wordfreq_pt
wfpt-07430,efetiva,,,7523,,seed_from_wordfreq_pt
wfpt-07431,empréstimos,,,7524,,seed_from_wordfreq_pt
wfpt-07432,escreva,,,7525,,seed_from_wordfreq_pt
wfpt-07433,escritas,,,7526,,seed_from_wordfreq_pt
wfpt-07434,estimular,,,7527,,seed_from_wordfreq_pt
wfpt-07435,explicando,,,7528,,seed_from_wordfreq_pt
wfpt-07436,fofo,,,7529,,seed_from_wordfreq_pt
wfpt-07437,golfo,,,7530,,seed_from_wordfreq_pt
wfpt-07438,governantes,,,7531,,seed_from_wordfreq_pt
wfpt-07439,governar,,,7532,,seed_from_wordfreq_pt
wfpt-07440,grega,,,7533,,seed_from_wordfreq_pt
wfpt-07441,helicóptero,,,7534,,seed_from_wordfreq_pt
wfpt-07442,investigadores,,,7535,,seed_from_wordfreq_pt
wfpt-07443,islâmico,,,7536,,seed_from_wordfreq_pt
wfpt-07444,jan,,,7537,,seed_from_wordfreq_pt
wfpt-07445,julian,,,7538,,seed_from_wordfreq_pt
wfpt-07446,lamentável,,,7539,,seed_from_wordfreq_pt
wfpt-07447,lançamentos,,,7540,,seed_from_wordfreq_pt
wfpt-07448,lara,,,7541,,seed_from_wordfreq_pt
wfpt-07449,law,,,7542,,seed_from_wordfreq_pt
wfpt-07450,magnitude,,,7543,,seed_from_wordfreq_pt
wfpt-07451,malásia,,,7544,,seed_from_wordfreq_pt
wfpt-07452,maravilhas,,,7545,,seed_from_wordfreq_pt
wfpt-07453,matam,,,7546,,seed_from_wordfreq_pt
wfpt-07454,mendonça,,,7547,,seed_from_wordfreq_pt
wfpt-07455,merdas,,,7548,,seed_from_wordfreq_pt
wfpt-07456,migração,,,7549,,seed_from_wordfreq_pt
wfpt-07457,monitor,,,7551,,seed_from_wordfreq_pt
wfpt-07458,máscaras,,,7552,,seed_from_wordfreq_pt
wfpt-07459,nativa,,,7553,,seed_from_wordfreq_pt
wfpt-07460,ninho,,,7554,,seed_from_wordfreq_pt
wfpt-07461,nogueira,,,7555,,seed_from_wordfreq_pt
wfpt-07462,noroeste,,,7556,,seed_from_wordfreq_pt
wfpt-07463,noticia,,,7557,,seed_from_wordfreq_pt
wfpt-07464,notou,,,7558,,seed_from_wordfreq_pt
wfpt-07465,painéis,,,7559,,seed_from_wordfreq_pt
wfpt-07466,pensão,,,7560,,seed_from_wordfreq_pt
wfpt-07467,pistola,,,7561,,seed_from_wordfreq_pt
wfpt-07468,pneus,,,7562,,seed_from_wordfreq_pt
wfpt-07469,poetas,,,7563,,seed_from_wordfreq_pt
wfpt-07470,proporcionar,,,7564,,seed_from_wordfreq_pt
wfpt-07471,psd,,,7565,,seed_from_wordfreq_pt
wfpt-07472,quadrilha,,,7566,,seed_from_wordfreq_pt
wfpt-07473,queen,,,7567,,seed_from_wordfreq_pt
wfpt-07474,racial,,,7568,,seed_from_wordfreq_pt
wfpt-07475,representações,,,7569,,seed_from_wordfreq_pt
wfpt-07476,ri,,,7570,,seed_from_wordfreq_pt
wfpt-07477,right,,,7571,,seed_from_wordfreq_pt
wfpt-07478,risos,,,7572,,seed_from_wordfreq_pt
wfpt-07479,salada,,,7573,,seed_from_wordfreq_pt
wfpt-07480,sofreram,,,7574,,seed_from_wordfreq_pt
wfpt-07481,substituto,,,7575,,seed_from_wordfreq_pt
wfpt-07482,sudoeste,,,7576,,seed_from_wordfreq_pt
wfpt-07483,sugerem,,,7577,,seed_from_wordfreq_pt
wfpt-07484,sus,,,7578,,seed_from_wordfreq_pt
wfpt-07485,suspeitas,,,7579,,seed_from_wordfreq_pt
wfpt-07486,tolerância,,,7580,,seed_from_wordfreq_pt
wfpt-07487,tradicionalmente,,,7581,,seed_from_wordfreq_pt
wfpt-07488,was,,,7582,,seed_from_wordfreq_pt
wfpt-07489,árbitro,,,7583,,seed_from_wordfreq_pt
wfpt-07490,éramos,,,7584,,seed_from_wordfreq_pt
wfpt-07491,ídolo,,,7585,,seed_from_wordfreq_pt
wfpt-07492,ótimos,,,7586,,seed_from_wordfreq_pt
wfpt-07493,abandonada,,,7587,,seed_from_wordfreq_pt
wfpt-07494,abraçar,,,7588,,seed_from_wordfreq_pt
wfpt-07495,abu,,,7589,,seed_from_wordfreq_pt
wfpt-07496,achamos,,,7590,,seed_from_wordfreq_pt
wfpt-07497,again,,,7591,,seed_from_wordfreq_pt
wfpt-07498,anal,,,7592,,seed_from_wordfreq_pt
wfpt-07499,anthony,,,7593,,seed_from_wordfreq_pt
wfpt-07500,army,,,7594,,seed_from_wordfreq_pt
wfpt-07501,assinada,,,7595,,seed_from_wordfreq_pt
wfpt-07502,assusta,,,7596,,seed_from_wordfreq_pt
wfpt-07503,atraente,,,7597,,seed_from_wordfreq_pt
wfpt-07504,avançado,,,7598,,seed_from_wordfreq_pt
wfpt-07505,bacon,,,7599,,seed_from_wordfreq_pt
wfpt-07506,baiano,,,7600,,seed_from_wordfreq_pt
wfpt-07507,balão,,,7601,,seed_from_wordfreq_pt
wfpt-07508,baseadas,,,7602,,seed_from_wordfreq_pt
wfpt-07509,benjamin,,,7603,,seed_from_wordfreq_pt
wfpt-07510,brad,,,7604,,seed_from_wordfreq_pt
wfpt-07511,brigada,,,7605,,seed_from_wordfreq_pt
wfpt-07512,brinde,,,7606,,seed_from_wordfreq_pt
wfpt-07513,brother,,,7607,,seed_from_wordfreq_pt
wfpt-07514,buceta,,,7608,,seed_from_wordfreq_pt
wfpt-07515,bulgária,,,7609,,seed_from_wordfreq_pt
wfpt-07516,cargas,,,7610,,seed_from_wordfreq_pt
wfpt-07517,cláudia,,,7612,,seed_from_wordfreq_pt
wfpt-07518,colheita,,,7613,,seed_from_wordfreq_pt
wfpt-07519,complexos,,,7614,,seed_from_wordfreq_pt
wfpt-07520,comprando,,,7615,,seed_from_wordfreq_pt
wfpt-07521,configuração,,,7616,,seed_from_wordfreq_pt
wfpt-07522,conservador,,,7617,,seed_from_wordfreq_pt
wfpt-07523,contemporâneo,,,7618,,seed_from_wordfreq_pt
wfpt-07524,cooper,,,7619,,seed_from_wordfreq_pt
wfpt-07525,correm,,,7620,,seed_from_wordfreq_pt
wfpt-07526,decente,,,7621,,seed_from_wordfreq_pt
wfpt-07527,deslocamento,,,7622,,seed_from_wordfreq_pt
wfpt-07528,destinos,,,7623,,seed_from_wordfreq_pt
wfpt-07529,detesto,,,7624,,seed_from_wordfreq_pt
wfpt-07530,detido,,,7625,,seed_from_wordfreq_pt
wfpt-07531,devidamente,,,7626,,seed_from_wordfreq_pt
wfpt-07532,dirigindo,,,7627,,seed_from_wordfreq_pt
wfpt-07533,divulgados,,,7628,,seed_from_wordfreq_pt
wfpt-07534,dominante,,,7629,,seed_from_wordfreq_pt
wfpt-07535,dúzia,,,7630,,seed_from_wordfreq_pt
wfpt-07536,economista,,,7631,,seed_from_wordfreq_pt
wfpt-07537,eleger,,,7632,,seed_from_wordfreq_pt
wfpt-07538,elevação,,,7633,,seed_from_wordfreq_pt
wfpt-07539,empreendimentos,,,7634,,seed_from_wordfreq_pt
wfpt-07540,escolares,,,7635,,seed_from_wordfreq_pt
wfpt-07541,estimação,,,7636,,seed_from_wordfreq_pt
wfpt-07542,executivos,,,7637,,seed_from_wordfreq_pt
wfpt-07543,exibe,,,7638,,seed_from_wordfreq_pt
wfpt-07544,favoráveis,,,7639,,seed_from_wordfreq_pt
wfpt-07545,fechadas,,,7640,,seed_from_wordfreq_pt
wfpt-07546,fixa,,,7641,,seed_from_wordfreq_pt
wfpt-07547,flórida,,,7642,,seed_from_wordfreq_pt
wfpt-07548,ganhos,,,7643,,seed_from_wordfreq_pt
wfpt-07549,gasto,,,7644,,seed_from_wordfreq_pt
wfpt-07550,gelado,,,7645,,seed_from_wordfreq_pt
wfpt-07551,guatemala,,,7646,,seed_from_wordfreq_pt
wfpt-07552,gêneros,,,7647,,seed_from_wordfreq_pt
wfpt-07553,ilegais,,,7648,,seed_from_wordfreq_pt
wfpt-07554,impor,,,7649,,seed_from_wordfreq_pt
wfpt-07555,invadiu,,,7650,,seed_from_wordfreq_pt
wfpt-07556,justificativa,,,7651,,seed_from_wordfreq_pt
wfpt-07557,ladrões,,,7652,,seed_from_wordfreq_pt
wfpt-07558,lana,,,7653,,seed_from_wordfreq_pt
wfpt-07559,lealdade,,,7654,,seed_from_wordfreq_pt
wfpt-07560,leilão,,,7655,,seed_from_wordfreq_pt
wfpt-07561,lideranças,,,7656,,seed_from_wordfreq_pt
wfpt-07562,lobos,,,7657,,seed_from_wordfreq_pt
wfpt-07563,mancha,,,7658,,seed_from_wordfreq_pt
wfpt-07564,maré,,,7659,,seed_from_wordfreq_pt
wfpt-07565,matthew,,,7660,,seed_from_wordfreq_pt
wfpt-07566,mecânico,,,7661,,seed_from_wordfreq_pt
wfpt-07567,moisés,,,7662,,seed_from_wordfreq_pt
wfpt-07568,montado,,,7663,,seed_from_wordfreq_pt
wfpt-07569,museus,,,7664,,seed_from_wordfreq_pt
wfpt-07570,márcio,,,7665,,seed_from_wordfreq_pt
wfpt-07571,múltiplos,,,7666,,seed_from_wordfreq_pt
wfpt-07572,naquilo,,,7667,,seed_from_wordfreq_pt
wfpt-07573,navegar,,,7668,,seed_from_wordfreq_pt
wfpt-07574,noivo,,,7669,,seed_from_wordfreq_pt
wfpt-07575,notificação,,,7670,,seed_from_wordfreq_pt
wfpt-07576,obrigatória,,,7671,,seed_from_wordfreq_pt
wfpt-07577,obtenção,,,7672,,seed_from_wordfreq_pt
wfpt-07578,ocupados,,,7673,,seed_from_wordfreq_pt
wfpt-07579,ofensa,,,7674,,seed_from_wordfreq_pt
wfpt-07580,organizados,,,7675,,seed_from_wordfreq_pt
wfpt-07581,orgânica,,,7676,,seed_from_wordfreq_pt
wfpt-07582,pagamentos,,,7677,,seed_from_wordfreq_pt
wfpt-07583,pandemia,,,7678,,seed_from_wordfreq_pt
wfpt-07584,pararam,,,7679,,seed_from_wordfreq_pt
wfpt-07585,pegue,,,7680,,seed_from_wordfreq_pt
wfpt-07586,permanência,,,7681,,seed_from_wordfreq_pt
wfpt-07587,planetas,,,7682,,seed_from_wordfreq_pt
wfpt-07588,poste,,,7683,,seed_from_wordfreq_pt
wfpt-07589,prejudicar,,,7684,,seed_from_wordfreq_pt
wfpt-07590,prejuízo,,,7685,,seed_from_wordfreq_pt
wfpt-07591,previamente,,,7686,,seed_from_wordfreq_pt
wfpt-07592,pôs,,,7687,,seed_from_wordfreq_pt
wfpt-07593,referida,,,7688,,seed_from_wordfreq_pt
wfpt-07594,regulares,,,7689,,seed_from_wordfreq_pt
wfpt-07595,reside,,,7690,,seed_from_wordfreq_pt
wfpt-07596,resultando,,,7691,,seed_from_wordfreq_pt
wfpt-07597,rolando,,,7692,,seed_from_wordfreq_pt
wfpt-07598,salgado,,,7693,,seed_from_wordfreq_pt
wfpt-07599,sebastião,,,7694,,seed_from_wordfreq_pt
wfpt-07600,selva,,,7695,,seed_from_wordfreq_pt
wfpt-07601,sessenta,,,7696,,seed_from_wordfreq_pt
wfpt-07602,singular,,,7697,,seed_from_wordfreq_pt
wfpt-07603,sun,,,7698,,seed_from_wordfreq_pt
wfpt-07604,tapete,,,7699,,seed_from_wordfreq_pt
wfpt-07605,tavares,,,7700,,seed_from_wordfreq_pt
wfpt-07606,ted,,,7701,,seed_from_wordfreq_pt
wfpt-07607,telhado,,,7702,,seed_from_wordfreq_pt
wfpt-07608,tenhamos,,,7703,,seed_from_wordfreq_pt
wfpt-07609,terrestre,,,7704,,seed_from_wordfreq_pt
wfpt-07610,tirado,,,7705,,seed_from_wordfreq_pt
wfpt-07611,today,,,7706,,seed_from_wordfreq_pt
wfpt-07612,toledo,,,7707,,seed_from_wordfreq_pt
wfpt-07613,torta,,,7708,,seed_from_wordfreq_pt
wfpt-07614,totalidade,,,7709,,seed_from_wordfreq_pt
wfpt-07615,tratou,,,7710,,seed_from_wordfreq_pt
wfpt-07616,trocas,,,7711,,seed_from_wordfreq_pt
wfpt-07617,ultrapassar,,,7712,,seed_from_wordfreq_pt
wfpt-07618,universitários,,,7713,,seed_from_wordfreq_pt
wfpt-07619,viajou,,,7714,,seed_from_wordfreq_pt
wfpt-07620,visitante,,,7715,,seed_from_wordfreq_pt
wfpt-07621,válido,,,7716,,seed_from_wordfreq_pt
wfpt-07622,xi,,,7717,,seed_from_wordfreq_pt
wfpt-07623,xuxa,,,7718,,seed_from_wordfreq_pt
wfpt-07624,índio,,,7719,,seed_from_wordfreq_pt
wfpt-07625,acusados,,,7720,,seed_from_wordfreq_pt
wfpt-07626,advocacia,,,7721,,seed_from_wordfreq_pt
wfpt-07627,africanas,,,7722,,seed_from_wordfreq_pt
wfpt-07628,ajudado,,,7723,,seed_from_wordfreq_pt
wfpt-07629,alcançado,,,7724,,seed_from_wordfreq_pt
wfpt-07630,alckmin,,,7725,,seed_from_wordfreq_pt
wfpt-07631,amores,,,7726,,seed_from_wordfreq_pt
wfpt-07632,angela,,,7727,,seed_from_wordfreq_pt
wfpt-07633,apocalipse,,,7728,,seed_from_wordfreq_pt
wfpt-07634,apoiou,,,7729,,seed_from_wordfreq_pt
wfpt-07635,apostas,,,7730,,seed_from_wordfreq_pt
wfpt-07636,argélia,,,7731,,seed_from_wordfreq_pt
wfpt-07637,atacando,,,7732,,seed_from_wordfreq_pt
wfpt-07638,atravessa,,,7733,,seed_from_wordfreq_pt
wfpt-07639,beija,,,7734,,seed_from_wordfreq_pt
wfpt-07640,bienal,,,7735,,seed_from_wordfreq_pt
wfpt-07641,bo,,,7736,,seed_from_wordfreq_pt
wfpt-07642,boxe,,,7737,,seed_from_wordfreq_pt
wfpt-07643,cardíaco,,,7738,,seed_from_wordfreq_pt
wfpt-07644,caroline,,,7739,,seed_from_wordfreq_pt
wfpt-07645,cat,,,7740,,seed_from_wordfreq_pt
wfpt-07646,caverna,,,7741,,seed_from_wordfreq_pt
wfpt-07647,chame,,,7742,,seed_from_wordfreq_pt
wfpt-07648,chamei,,,7743,,seed_from_wordfreq_pt
wfpt-07649,compensação,,,7744,,seed_from_wordfreq_pt
wfpt-07650,conectado,,,7745,,seed_from_wordfreq_pt
wfpt-07651,consultado,,,7746,,seed_from_wordfreq_pt
wfpt-07652,conversão,,,7747,,seed_from_wordfreq_pt
wfpt-07653,cortou,,,7748,,seed_from_wordfreq_pt
wfpt-07654,cross,,,7749,,seed_from_wordfreq_pt
wfpt-07655,cruzamento,,,7750,,seed_from_wordfreq_pt
wfpt-07656,custou,,,7751,,seed_from_wordfreq_pt
wfpt-07657,declínio,,,7752,,seed_from_wordfreq_pt
wfpt-07658,denise,,,7753,,seed_from_wordfreq_pt
wfpt-07659,depoimentos,,,7754,,seed_from_wordfreq_pt
wfpt-07660,destruiu,,,7755,,seed_from_wordfreq_pt
wfpt-07661,detenção,,,7756,,seed_from_wordfreq_pt
wfpt-07662,disposta,,,7757,,seed_from_wordfreq_pt
wfpt-07663,distribuídos,,,7758,,seed_from_wordfreq_pt
wfpt-07664,divertida,,,7759,,seed_from_wordfreq_pt
wfpt-07665,empreendimento,,,7760,,seed_from_wordfreq_pt
wfpt-07666,endereços,,,7761,,seed_from_wordfreq_pt
wfpt-07667,enterrado,,,7762,,seed_from_wordfreq_pt
wfpt-07668,estabelecidos,,,7763,,seed_from_wordfreq_pt
wfpt-07669,eternidade,,,7764,,seed_from_wordfreq_pt
wfpt-07670,europeias,,,7765,,seed_from_wordfreq_pt
wfpt-07671,exibir,,,7766,,seed_from_wordfreq_pt
wfpt-07672,existiu,,,7767,,seed_from_wordfreq_pt
wfpt-07673,expedição,,,7768,,seed_from_wordfreq_pt
wfpt-07674,experimental,,,7769,,seed_from_wordfreq_pt
wfpt-07675,fino,,,7770,,seed_from_wordfreq_pt
wfpt-07676,flora,,,7771,,seed_from_wordfreq_pt
wfpt-07677,food,,,7772,,seed_from_wordfreq_pt
wfpt-07678,forno,,,7773,,seed_from_wordfreq_pt
wfpt-07679,freire,,,7774,,seed_from_wordfreq_pt
wfpt-07680,ganhamos,,,7775,,seed_from_wordfreq_pt
wfpt-07681,gasta,,,7776,,seed_from_wordfreq_pt
wfpt-07682,gordura,,,7777,,seed_from_wordfreq_pt
wfpt-07683,grant,,,7778,,seed_from_wordfreq_pt
wfpt-07684,historiador,,,7779,,seed_from_wordfreq_pt
wfpt-07685,hiv,,,7780,,seed_from_wordfreq_pt
wfpt-07686,honesto,,,7781,,seed_from_wordfreq_pt
wfpt-07687,impediu,,,7782,,seed_from_wordfreq_pt
wfpt-07688,inferiores,,,7783,,seed_from_wordfreq_pt
wfpt-07689,inocência,,,7784,,seed_from_wordfreq_pt
wfpt-07690,inspirou,,,7785,,seed_from_wordfreq_pt
wfpt-07691,integra,,,7786,,seed_from_wordfreq_pt
wfpt-07692,invenção,,,7787,,seed_from_wordfreq_pt
wfpt-07693,irem,,,7788,,seed_from_wordfreq_pt
wfpt-07694,irmandade,,,7789,,seed_from_wordfreq_pt
wfpt-07695,juros,,,7790,,seed_from_wordfreq_pt
wfpt-07696,land,,,7791,,seed_from_wordfreq_pt
wfpt-07697,laser,,,7792,,seed_from_wordfreq_pt
wfpt-07698,lauren,,,7793,,seed_from_wordfreq_pt
wfpt-07699,levará,,,7794,,seed_from_wordfreq_pt
wfpt-07700,levava,,,7795,,seed_from_wordfreq_pt
wfpt-07701,liberais,,,7796,,seed_from_wordfreq_pt
wfpt-07702,líbia,,,7797,,seed_from_wordfreq_pt
wfpt-07703,marcados,,,7798,,seed_from_wordfreq_pt
wfpt-07704,maturidade,,,7799,,seed_from_wordfreq_pt
wfpt-07705,mentindo,,,7800,,seed_from_wordfreq_pt
wfpt-07706,mercedes,,,7801,,seed_from_wordfreq_pt
wfpt-07707,misterioso,,,7802,,seed_from_wordfreq_pt
wfpt-07708,miséria,,,7803,,seed_from_wordfreq_pt
wfpt-07709,moram,,,7804,,seed_from_wordfreq_pt
wfpt-07710,natação,,,7805,,seed_from_wordfreq_pt
wfpt-07711,necessita,,,7806,,seed_from_wordfreq_pt
wfpt-07712,ninja,,,7807,,seed_from_wordfreq_pt
wfpt-07713,nua,,,7808,,seed_from_wordfreq_pt
wfpt-07714,numero,,,7809,,seed_from_wordfreq_pt
wfpt-07715,ofício,,,7810,,seed_from_wordfreq_pt
wfpt-07716,patente,,,7811,,seed_from_wordfreq_pt
wfpt-07717,percebido,,,7812,,seed_from_wordfreq_pt
wfpt-07718,persa,,,7813,,seed_from_wordfreq_pt
wfpt-07719,pescadores,,,7814,,seed_from_wordfreq_pt
wfpt-07720,pesos,,,7815,,seed_from_wordfreq_pt
wfpt-07721,pirata,,,7816,,seed_from_wordfreq_pt
wfpt-07722,planeja,,,7817,,seed_from_wordfreq_pt
wfpt-07723,primário,,,7818,,seed_from_wordfreq_pt
wfpt-07724,produzidas,,,7819,,seed_from_wordfreq_pt
wfpt-07725,protestantes,,,7820,,seed_from_wordfreq_pt
wfpt-07726,queimando,,,7821,,seed_from_wordfreq_pt
wfpt-07727,read,,,7822,,seed_from_wordfreq_pt
wfpt-07728,recomendações,,,7823,,seed_from_wordfreq_pt
wfpt-07729,renúncia,,,7824,,seed_from_wordfreq_pt
wfpt-07730,report,,,7825,,seed_from_wordfreq_pt
wfpt-07731,ressalta,,,7826,,seed_from_wordfreq_pt
wfpt-07732,restauração,,,7827,,seed_from_wordfreq_pt
wfpt-07733,retornou,,,7828,,seed_from_wordfreq_pt
wfpt-07734,reunidos,,,7829,,seed_from_wordfreq_pt
wfpt-07735,robô,,,7830,,seed_from_wordfreq_pt
wfpt-07736,roy,,,7831,,seed_from_wordfreq_pt
wfpt-07737,rss,,,7832,,seed_from_wordfreq_pt
wfpt-07738,secas,,,7833,,seed_from_wordfreq_pt
wfpt-07739,sertão,,,7834,,seed_from_wordfreq_pt
wfpt-07740,sex,,,7835,,seed_from_wordfreq_pt
wfpt-07741,sic,,,7836,,seed_from_wordfreq_pt
wfpt-07742,silvio,,,7837,,seed_from_wordfreq_pt
wfpt-07743,sino,,,7838,,seed_from_wordfreq_pt
wfpt-07744,stone,,,7839,,seed_from_wordfreq_pt
wfpt-07745,suporta,,,7840,,seed_from_wordfreq_pt
wfpt-07746,suposta,,,7841,,seed_from_wordfreq_pt
wfpt-07747,their,,,7842,,seed_from_wordfreq_pt
wfpt-07748,toalha,,,7843,,seed_from_wordfreq_pt
wfpt-07749,torcer,,,7844,,seed_from_wordfreq_pt
wfpt-07750,transferir,,,7845,,seed_from_wordfreq_pt
wfpt-07751,troco,,,7846,,seed_from_wordfreq_pt
wfpt-07752,tubarão,,,7847,,seed_from_wordfreq_pt
wfpt-07753,vegetação,,,7848,,seed_from_wordfreq_pt
wfpt-07754,violenta,,,7849,,seed_from_wordfreq_pt
wfpt-07755,vip,,,7850,,seed_from_wordfreq_pt
wfpt-07756,wars,,,7851,,seed_from_wordfreq_pt
wfpt-07757,year,,,7852,,seed_from_wordfreq_pt
wfpt-07758,acrescentar,,,7853,,seed_from_wordfreq_pt
wfpt-07759,adoram,,,7854,,seed_from_wordfreq_pt
wfpt-07760,afetar,,,7855,,seed_from_wordfreq_pt
wfpt-07761,alfredo,,,7856,,seed_from_wordfreq_pt
wfpt-07762,ameaçada,,,7857,,seed_from_wordfreq_pt
wfpt-07763,ansiosa,,,7858,,seed_from_wordfreq_pt
wfpt-07764,ap,,,7859,,seed_from_wordfreq_pt
wfpt-07765,aprova,,,7860,,seed_from_wordfreq_pt
wfpt-07766,arbitragem,,,7861,,seed_from_wordfreq_pt
wfpt-07767,assessor,,,7862,,seed_from_wordfreq_pt
wfpt-07768,assisti,,,7863,,seed_from_wordfreq_pt
wfpt-07769,atento,,,7864,,seed_from_wordfreq_pt
wfpt-07770,audição,,,7865,,seed_from_wordfreq_pt
wfpt-07771,auge,,,7866,,seed_from_wordfreq_pt
wfpt-07772,brilhantes,,,7867,,seed_from_wordfreq_pt
wfpt-07773,brincadeiras,,,7868,,seed_from_wordfreq_pt
wfpt-07774,caminha,,,7869,,seed_from_wordfreq_pt
wfpt-07775,cancelado,,,7870,,seed_from_wordfreq_pt
wfpt-07776,capacidades,,,7871,,seed_from_wordfreq_pt
wfpt-07777,carregado,,,7872,,seed_from_wordfreq_pt
wfpt-07778,carrinho,,,7873,,seed_from_wordfreq_pt
wfpt-07779,catálogo,,,7874,,seed_from_wordfreq_pt
wfpt-07780,cela,,,7875,,seed_from_wordfreq_pt
wfpt-07781,cesar,,,7876,,seed_from_wordfreq_pt
wfpt-07782,charlotte,,,7877,,seed_from_wordfreq_pt
wfpt-07783,chateada,,,7878,,seed_from_wordfreq_pt
wfpt-07784,choro,,,7879,,seed_from_wordfreq_pt
wfpt-07785,chumbo,,,7880,,seed_from_wordfreq_pt
wfpt-07786,chute,,,7881,,seed_from_wordfreq_pt
wfpt-07787,citação,,,7882,,seed_from_wordfreq_pt
wfpt-07788,colonização,,,7883,,seed_from_wordfreq_pt
wfpt-07789,compartilha,,,7884,,seed_from_wordfreq_pt
wfpt-07790,compromissos,,,7885,,seed_from_wordfreq_pt
wfpt-07791,concedeu,,,7886,,seed_from_wordfreq_pt
wfpt-07792,concluído,,,7887,,seed_from_wordfreq_pt
wfpt-07793,contêm,,,7888,,seed_from_wordfreq_pt
wfpt-07794,conviver,,,7889,,seed_from_wordfreq_pt
wfpt-07795,corretamente,,,7890,,seed_from_wordfreq_pt
wfpt-07796,crie,,,7891,,seed_from_wordfreq_pt
wfpt-07797,debater,,,7892,,seed_from_wordfreq_pt
wfpt-07798,dedica,,,7893,,seed_from_wordfreq_pt
wfpt-07799,deixava,,,7894,,seed_from_wordfreq_pt
wfpt-07800,dependente,,,7895,,seed_from_wordfreq_pt
wfpt-07801,desgraçado,,,7896,,seed_from_wordfreq_pt
wfpt-07802,destacam,,,7897,,seed_from_wordfreq_pt
wfpt-07803,detetive,,,7898,,seed_from_wordfreq_pt
wfpt-07804,dormi,,,7899,,seed_from_wordfreq_pt
wfpt-07805,duvida,,,7900,,seed_from_wordfreq_pt
wfpt-07806,ensinando,,,7901,,seed_from_wordfreq_pt
wfpt-07807,entendemos,,,7902,,seed_from_wordfreq_pt
wfpt-07808,enviando,,,7903,,seed_from_wordfreq_pt
wfpt-07809,envolvem,,,7904,,seed_from_wordfreq_pt
wfpt-07810,esperto,,,7905,,seed_from_wordfreq_pt
wfpt-07811,espetacular,,,7906,,seed_from_wordfreq_pt
wfpt-07812,estabelecidas,,,7907,,seed_from_wordfreq_pt
wfpt-07813,estudantil,,,7908,,seed_from_wordfreq_pt
wfpt-07814,estádios,,,7909,,seed_from_wordfreq_pt
wfpt-07815,faculdades,,,7910,,seed_from_wordfreq_pt
wfpt-07816,fantasmas,,,7911,,seed_from_wordfreq_pt
wfpt-07817,fatal,,,7912,,seed_from_wordfreq_pt
wfpt-07818,festivais,,,7913,,seed_from_wordfreq_pt
wfpt-07819,force,,,7914,,seed_from_wordfreq_pt
wfpt-07820,francis,,,7915,,seed_from_wordfreq_pt
wfpt-07821,ganhe,,,7916,,seed_from_wordfreq_pt
wfpt-07822,generais,,,7917,,seed_from_wordfreq_pt
wfpt-07823,gps,,,7918,,seed_from_wordfreq_pt
wfpt-07824,grace,,,7919,,seed_from_wordfreq_pt
wfpt-07825,gradualmente,,,7920,,seed_from_wordfreq_pt
wfpt-07826,granada,,,7921,,seed_from_wordfreq_pt
wfpt-07827,hum,,,7922,,seed_from_wordfreq_pt
wfpt-07828,idades,,,7923,,seed_from_wordfreq_pt
wfpt-07829,iguaçu,,,7924,,seed_from_wordfreq_pt
wfpt-07830,ilustração,,,7925,,seed_from_wordfreq_pt
wfpt-07831,incluiu,,,7926,,seed_from_wordfreq_pt
wfpt-07832,indicados,,,7927,,seed_from_wordfreq_pt
wfpt-07833,ingredientes,,,7928,,seed_from_wordfreq_pt
wfpt-07834,iniciaram,,,7929,,seed_from_wordfreq_pt
wfpt-07835,introduzir,,,7930,,seed_from_wordfreq_pt
wfpt-07836,inventar,,,7931,,seed_from_wordfreq_pt
wfpt-07837,irregularidades,,,7932,,seed_from_wordfreq_pt
wfpt-07838,italianos,,,7933,,seed_from_wordfreq_pt
wfpt-07839,item,,,7934,,seed_from_wordfreq_pt
wfpt-07840,jaime,,,7935,,seed_from_wordfreq_pt
wfpt-07841,jogaram,,,7936,,seed_from_wordfreq_pt
wfpt-07842,jurisdição,,,7937,,seed_from_wordfreq_pt
wfpt-07843,laterais,,,7938,,seed_from_wordfreq_pt
wfpt-07844,legislativas,,,7939,,seed_from_wordfreq_pt
wfpt-07845,levaria,,,7940,,seed_from_wordfreq_pt
wfpt-07846,lorde,,,7941,,seed_from_wordfreq_pt
wfpt-07847,lu,,,7942,,seed_from_wordfreq_pt
wfpt-07848,luiza,,,7943,,seed_from_wordfreq_pt
wfpt-07849,maduro,,,7944,,seed_from_wordfreq_pt
wfpt-07850,marvel,,,7945,,seed_from_wordfreq_pt
wfpt-07851,mauro,,,7946,,seed_from_wordfreq_pt
wfpt-07852,medos,,,7947,,seed_from_wordfreq_pt
wfpt-07853,mentais,,,7948,,seed_from_wordfreq_pt
wfpt-07854,monumento,,,7949,,seed_from_wordfreq_pt
wfpt-07855,muralha,,,7950,,seed_from_wordfreq_pt
wfpt-07856,muros,,,7951,,seed_from_wordfreq_pt
wfpt-07857,nacionalidade,,,7952,,seed_from_wordfreq_pt
wfpt-07858,nancy,,,7953,,seed_from_wordfreq_pt
wfpt-07859,nicholas,,,7954,,seed_from_wordfreq_pt
wfpt-07860,noturno,,,7955,,seed_from_wordfreq_pt
wfpt-07861,nó,,,7956,,seed_from_wordfreq_pt
wfpt-07862,other,,,7957,,seed_from_wordfreq_pt
wfpt-07863,our,,,7958,,seed_from_wordfreq_pt
wfpt-07864,ouviram,,,7959,,seed_from_wordfreq_pt
wfpt-07865,penha,,,7960,,seed_from_wordfreq_pt
wfpt-07866,pia,,,7961,,seed_from_wordfreq_pt
wfpt-07867,pica,,,7962,,seed_from_wordfreq_pt
wfpt-07868,place,,,7963,,seed_from_wordfreq_pt
wfpt-07869,precioso,,,7964,,seed_from_wordfreq_pt
wfpt-07870,prisioneiro,,,7965,,seed_from_wordfreq_pt
wfpt-07871,proximidades,,,7966,,seed_from_wordfreq_pt
wfpt-07872,puto,,,7967,,seed_from_wordfreq_pt
wfpt-07873,realizam,,,7968,,seed_from_wordfreq_pt
wfpt-07874,rebelião,,,7969,,seed_from_wordfreq_pt
wfpt-07875,reduz,,,7970,,seed_from_wordfreq_pt
wfpt-07876,rendeu,,,7971,,seed_from_wordfreq_pt
wfpt-07877,repito,,,7972,,seed_from_wordfreq_pt
wfpt-07878,retorna,,,7973,,seed_from_wordfreq_pt
wfpt-07879,segmentos,,,7974,,seed_from_wordfreq_pt
wfpt-07880,sergipe,,,7975,,seed_from_wordfreq_pt
wfpt-07881,servindo,,,7976,,seed_from_wordfreq_pt
wfpt-07882,sigilo,,,7977,,seed_from_wordfreq_pt
wfpt-07883,suma,,,7978,,seed_from_wordfreq_pt
wfpt-07884,suprimentos,,,7979,,seed_from_wordfreq_pt
wfpt-07885,tampa,,,7980,,seed_from_wordfreq_pt
wfpt-07886,telefonia,,,7981,,seed_from_wordfreq_pt
wfpt-07887,tomás,,,7982,,seed_from_wordfreq_pt
wfpt-07888,touro,,,7983,,seed_from_wordfreq_pt
wfpt-07889,trago,,,7984,,seed_from_wordfreq_pt
wfpt-07890,tranquilidade,,,7985,,seed_from_wordfreq_pt
wfpt-07891,trauma,,,7986,,seed_from_wordfreq_pt
wfpt-07892,trens,,,7987,,seed_from_wordfreq_pt
wfpt-07893,trevas,,,7988,,seed_from_wordfreq_pt
wfpt-07894,tweet,,,7989,,seed_from_wordfreq_pt
wfpt-07895,varias,,,7990,,seed_from_wordfreq_pt
wfpt-07896,variáveis,,,7991,,seed_from_wordfreq_pt
wfpt-07897,vestindo,,,7992,,seed_from_wordfreq_pt
wfpt-07898,íris,,,7993,,seed_from_wordfreq_pt
wfpt-07899,abordar,,,7994,,seed_from_wordfreq_pt
wfpt-07900,acabamos,,,7995,,seed_from_wordfreq_pt
wfpt-07901,aguiar,,,7996,,seed_from_wordfreq_pt
wfpt-07902,alegou,,,7997,,seed_from_wordfreq_pt
wfpt-07903,alguem,,,7998,,seed_from_wordfreq_pt
wfpt-07904,analisa,,,7999,,seed_from_wordfreq_pt
wfpt-07905,apertado,,,8000,,seed_from_wordfreq_pt
wfpt-07906,aprovar,,,8001,,seed_from_wordfreq_pt
wfpt-07907,arranjo,,,8002,,seed_from_wordfreq_pt
wfpt-07908,artísticas,,,8003,,seed_from_wordfreq_pt
wfpt-07909,atingindo,,,8004,,seed_from_wordfreq_pt
wfpt-07910,atletismo,,,8005,,seed_from_wordfreq_pt
wfpt-07911,atuam,,,8006,,seed_from_wordfreq_pt
wfpt-07912,autorizada,,,8007,,seed_from_wordfreq_pt
wfpt-07913,balada,,,8008,,seed_from_wordfreq_pt
wfpt-07914,beneficiar,,,8009,,seed_from_wordfreq_pt
wfpt-07915,bretanha,,,8010,,seed_from_wordfreq_pt
wfpt-07916,brooklyn,,,8011,,seed_from_wordfreq_pt
wfpt-07917,calado,,,8012,,seed_from_wordfreq_pt
wfpt-07918,camisas,,,8013,,seed_from_wordfreq_pt
wfpt-07919,care,,,8014,,seed_from_wordfreq_pt
wfpt-07920,carácter,,,8015,,seed_from_wordfreq_pt
wfpt-07921,católico,,,8016,,seed_from_wordfreq_pt
wfpt-07922,caído,,,8017,,seed_from_wordfreq_pt
wfpt-07923,chuveiro,,,8018,,seed_from_wordfreq_pt
wfpt-07924,complementar,,,8019,,seed_from_wordfreq_pt
wfpt-07925,compor,,,8020,,seed_from_wordfreq_pt
wfpt-07926,comunistas,,,8021,,seed_from_wordfreq_pt
wfpt-07927,concentra,,,8022,,seed_from_wordfreq_pt
wfpt-07928,contava,,,8023,,seed_from_wordfreq_pt
wfpt-07929,contratou,,,8024,,seed_from_wordfreq_pt
wfpt-07930,contribuiu,,,8025,,seed_from_wordfreq_pt
wfpt-07931,cota,,,8026,,seed_from_wordfreq_pt
wfpt-07932,covid,,,8027,,seed_from_wordfreq_pt
wfpt-07933,crucial,,,8028,,seed_from_wordfreq_pt
wfpt-07934,custar,,,8029,,seed_from_wordfreq_pt
wfpt-07935,célula,,,8030,,seed_from_wordfreq_pt
wfpt-07936,círculos,,,8031,,seed_from_wordfreq_pt
wfpt-07937,danny,,,8032,,seed_from_wordfreq_pt
wfpt-07938,days,,,8033,,seed_from_wordfreq_pt
wfpt-07939,decorrência,,,8034,,seed_from_wordfreq_pt
wfpt-07940,denominada,,,8035,,seed_from_wordfreq_pt
wfpt-07941,dependem,,,8036,,seed_from_wordfreq_pt
wfpt-07942,derivado,,,8037,,seed_from_wordfreq_pt
wfpt-07943,destaques,,,8038,,seed_from_wordfreq_pt
wfpt-07944,digamos,,,8039,,seed_from_wordfreq_pt
wfpt-07945,dinamarca,,,8040,,seed_from_wordfreq_pt
wfpt-07946,directo,,,8041,,seed_from_wordfreq_pt
wfpt-07947,diretas,,,8042,,seed_from_wordfreq_pt
wfpt-07948,distúrbios,,,8043,,seed_from_wordfreq_pt
wfpt-07949,divulga,,,8044,,seed_from_wordfreq_pt
wfpt-07950,edson,,,8045,,seed_from_wordfreq_pt
wfpt-07951,elias,,,8046,,seed_from_wordfreq_pt
wfpt-07952,escadas,,,8047,,seed_from_wordfreq_pt
wfpt-07953,escalada,,,8048,,seed_from_wordfreq_pt
wfpt-07954,espectro,,,8049,,seed_from_wordfreq_pt
wfpt-07955,executados,,,8050,,seed_from_wordfreq_pt
wfpt-07956,expostos,,,8051,,seed_from_wordfreq_pt
wfpt-07957,fast,,,8052,,seed_from_wordfreq_pt
wfpt-07958,fauna,,,8053,,seed_from_wordfreq_pt
wfpt-07959,ferrari,,,8054,,seed_from_wordfreq_pt
wfpt-07960,filtro,,,8055,,seed_from_wordfreq_pt
wfpt-07961,foz,,,8056,,seed_from_wordfreq_pt
wfpt-07962,fugiram,,,8057,,seed_from_wordfreq_pt
wfpt-07963,ginástica,,,8058,,seed_from_wordfreq_pt
wfpt-07964,great,,,8059,,seed_from_wordfreq_pt
wfpt-07965,hamilton,,,8060,,seed_from_wordfreq_pt
wfpt-07966,han,,,8061,,seed_from_wordfreq_pt
wfpt-07967,ibge,,,8062,,seed_from_wordfreq_pt
wfpt-07968,imaginando,,,8063,,seed_from_wordfreq_pt
wfpt-07969,influenciar,,,8064,,seed_from_wordfreq_pt
wfpt-07970,injustiça,,,8065,,seed_from_wordfreq_pt
wfpt-07971,injusto,,,8066,,seed_from_wordfreq_pt
wfpt-07972,inventou,,,8067,,seed_from_wordfreq_pt
wfpt-07973,janet,,,8068,,seed_from_wordfreq_pt
wfpt-07974,jin,,,8069,,seed_from_wordfreq_pt
wfpt-07975,jose,,,8070,,seed_from_wordfreq_pt
wfpt-07976,khan,,,8071,,seed_from_wordfreq_pt
wfpt-07977,leituras,,,8072,,seed_from_wordfreq_pt
wfpt-07978,lembrado,,,8073,,seed_from_wordfreq_pt
wfpt-07979,localidades,,,8074,,seed_from_wordfreq_pt
wfpt-07980,lucy,,,8075,,seed_from_wordfreq_pt
wfpt-07981,magazine,,,8076,,seed_from_wordfreq_pt
wfpt-07982,manhattan,,,8077,,seed_from_wordfreq_pt
wfpt-07983,manobra,,,8078,,seed_from_wordfreq_pt
wfpt-07984,manto,,,8079,,seed_from_wordfreq_pt
wfpt-07985,médicas,,,8080,,seed_from_wordfreq_pt
wfpt-07986,nasceram,,,8081,,seed_from_wordfreq_pt
wfpt-07987,nathan,,,8082,,seed_from_wordfreq_pt
wfpt-07988,obriga,,,8083,,seed_from_wordfreq_pt
wfpt-07989,omar,,,8084,,seed_from_wordfreq_pt
wfpt-07990,operacionais,,,8085,,seed_from_wordfreq_pt
wfpt-07991,parker,,,8086,,seed_from_wordfreq_pt
wfpt-07992,parâmetros,,,8087,,seed_from_wordfreq_pt
wfpt-07993,permaneceu,,,8088,,seed_from_wordfreq_pt
wfpt-07994,pesadas,,,8089,,seed_from_wordfreq_pt
wfpt-07995,portos,,,8090,,seed_from_wordfreq_pt
wfpt-07996,precise,,,8091,,seed_from_wordfreq_pt
wfpt-07997,prefeitos,,,8092,,seed_from_wordfreq_pt
wfpt-07998,procuradoria,,,8093,,seed_from_wordfreq_pt
wfpt-07999,produzem,,,8094,,seed_from_wordfreq_pt
wfpt-08000,projetado,,,8095,,seed_from_wordfreq_pt
wfpt-08001,provocando,,,8096,,seed_from_wordfreq_pt
wfpt-08002,quadrado,,,8097,,seed_from_wordfreq_pt
wfpt-08003,quartas,,,8098,,seed_from_wordfreq_pt
wfpt-08004,raros,,,8099,,seed_from_wordfreq_pt
wfpt-08005,reclamação,,,8100,,seed_from_wordfreq_pt
wfpt-08006,redonda,,,8101,,seed_from_wordfreq_pt
wfpt-08007,relativas,,,8102,,seed_from_wordfreq_pt
wfpt-08008,residencial,,,8103,,seed_from_wordfreq_pt
wfpt-08009,revelam,,,8104,,seed_from_wordfreq_pt
wfpt-08010,rey,,,8105,,seed_from_wordfreq_pt
wfpt-08011,roxo,,,8106,,seed_from_wordfreq_pt
wfpt-08012,secretos,,,8107,,seed_from_wordfreq_pt
wfpt-08013,seio,,,8108,,seed_from_wordfreq_pt
wfpt-08014,sensíveis,,,8109,,seed_from_wordfreq_pt
wfpt-08015,separa,,,8110,,seed_from_wordfreq_pt
wfpt-08016,separado,,,8111,,seed_from_wordfreq_pt
wfpt-08017,serie,,,8112,,seed_from_wordfreq_pt
wfpt-08018,series,,,8113,,seed_from_wordfreq_pt
wfpt-08019,short,,,8114,,seed_from_wordfreq_pt
wfpt-08020,sinônimo,,,8115,,seed_from_wordfreq_pt
wfpt-08021,sobreviveu,,,8116,,seed_from_wordfreq_pt
wfpt-08022,souber,,,8117,,seed_from_wordfreq_pt
wfpt-08023,suicida,,,8118,,seed_from_wordfreq_pt
wfpt-08024,superou,,,8119,,seed_from_wordfreq_pt
wfpt-08025,surpreso,,,8120,,seed_from_wordfreq_pt
wfpt-08026,temporário,,,8121,,seed_from_wordfreq_pt
wfpt-08027,tiroteio,,,8122,,seed_from_wordfreq_pt
wfpt-08028,tocantins,,,8123,,seed_from_wordfreq_pt
wfpt-08029,torná,,,8124,,seed_from_wordfreq_pt
wfpt-08030,treze,,,8125,,seed_from_wordfreq_pt
wfpt-08031,valem,,,8126,,seed_from_wordfreq_pt
wfpt-08032,vazamento,,,8127,,seed_from_wordfreq_pt
wfpt-08033,vertical,,,8128,,seed_from_wordfreq_pt
wfpt-08034,virão,,,8129,,seed_from_wordfreq_pt
wfpt-08035,vôo,,,8130,,seed_from_wordfreq_pt
wfpt-08036,watson,,,8131,,seed_from_wordfreq_pt
wfpt-08037,álbuns,,,8132,,seed_from_wordfreq_pt
wfpt-08038,abriga,,,8134,,seed_from_wordfreq_pt
wfpt-08039,acreditando,,,8135,,seed_from_wordfreq_pt
wfpt-08040,adivinha,,,8136,,seed_from_wordfreq_pt
wfpt-08041,admiro,,,8137,,seed_from_wordfreq_pt
wfpt-08042,admitiu,,,8138,,seed_from_wordfreq_pt
wfpt-08043,adriano,,,8139,,seed_from_wordfreq_pt
wfpt-08044,africa,,,8140,,seed_from_wordfreq_pt
wfpt-08045,altar,,,8141,,seed_from_wordfreq_pt
wfpt-08046,alternativo,,,8142,,seed_from_wordfreq_pt
wfpt-08047,amadores,,,8143,,seed_from_wordfreq_pt
wfpt-08048,amigável,,,8144,,seed_from_wordfreq_pt
wfpt-08049,andava,,,8145,,seed_from_wordfreq_pt
wfpt-08050,anéis,,,8146,,seed_from_wordfreq_pt
wfpt-08051,anônimo,,,8147,,seed_from_wordfreq_pt
wfpt-08052,aplica,,,8148,,seed_from_wordfreq_pt
wfpt-08053,armênia,,,8149,,seed_from_wordfreq_pt
wfpt-08054,assentos,,,8150,,seed_from_wordfreq_pt
wfpt-08055,assédio,,,8151,,seed_from_wordfreq_pt
wfpt-08056,automático,,,8152,,seed_from_wordfreq_pt
wfpt-08057,baseia,,,8153,,seed_from_wordfreq_pt
wfpt-08058,batom,,,8154,,seed_from_wordfreq_pt
wfpt-08059,blá,,,8155,,seed_from_wordfreq_pt
wfpt-08060,bobby,,,8156,,seed_from_wordfreq_pt
wfpt-08061,brevemente,,,8157,,seed_from_wordfreq_pt
wfpt-08062,brutal,,,8158,,seed_from_wordfreq_pt
wfpt-08063,caia,,,8159,,seed_from_wordfreq_pt
wfpt-08064,calçada,,,8160,,seed_from_wordfreq_pt
wfpt-08065,cancelada,,,8161,,seed_from_wordfreq_pt
wfpt-08066,cardíaca,,,8162,,seed_from_wordfreq_pt
wfpt-08067,carona,,,8163,,seed_from_wordfreq_pt
wfpt-08068,cercado,,,8164,,seed_from_wordfreq_pt
wfpt-08069,charme,,,8165,,seed_from_wordfreq_pt
wfpt-08070,chateado,,,8166,,seed_from_wordfreq_pt
wfpt-08071,citados,,,8167,,seed_from_wordfreq_pt
wfpt-08072,coligação,,,8168,,seed_from_wordfreq_pt
wfpt-08073,comunitário,,,8169,,seed_from_wordfreq_pt
wfpt-08074,conceder,,,8170,,seed_from_wordfreq_pt
wfpt-08075,copacabana,,,8171,,seed_from_wordfreq_pt
wfpt-08076,costumo,,,8172,,seed_from_wordfreq_pt
wfpt-08077,cpi,,,8173,,seed_from_wordfreq_pt
wfpt-08078,cruzar,,,8174,,seed_from_wordfreq_pt
wfpt-08079,dedicou,,,8175,,seed_from_wordfreq_pt
wfpt-08080,demonstrações,,,8176,,seed_from_wordfreq_pt
wfpt-08081,dependentes,,,8177,,seed_from_wordfreq_pt
wfpt-08082,desenvolvedores,,,8178,,seed_from_wordfreq_pt
wfpt-08083,designado,,,8179,,seed_from_wordfreq_pt
wfpt-08084,desigualdade,,,8180,,seed_from_wordfreq_pt
wfpt-08085,detém,,,8181,,seed_from_wordfreq_pt
wfpt-08086,distribuir,,,8182,,seed_from_wordfreq_pt
wfpt-08087,elaborado,,,8183,,seed_from_wordfreq_pt
wfpt-08088,enem,,,8184,,seed_from_wordfreq_pt
wfpt-08089,enfrentam,,,8185,,seed_from_wordfreq_pt
wfpt-08090,enfrentando,,,8186,,seed_from_wordfreq_pt
wfpt-08091,entorno,,,8187,,seed_from_wordfreq_pt
wfpt-08092,espalhados,,,8188,,seed_from_wordfreq_pt
wfpt-08093,estende,,,8189,,seed_from_wordfreq_pt
wfpt-08094,estranhas,,,8190,,seed_from_wordfreq_pt
wfpt-08095,exigência,,,8191,,seed_from_wordfreq_pt
wfpt-08096,exista,,,8192,,seed_from_wordfreq_pt
wfpt-08097,experimente,,,8193,,seed_from_wordfreq_pt
wfpt-08098,expulsão,,,8194,,seed_from_wordfreq_pt
wfpt-08099,fadas,,,8195,,seed_from_wordfreq_pt
wfpt-08100,falhou,,,8196,,seed_from_wordfreq_pt
wfpt-08101,farol,,,8197,,seed_from_wordfreq_pt
wfpt-08102,filhotes,,,8198,,seed_from_wordfreq_pt
wfpt-08103,fonseca,,,8199,,seed_from_wordfreq_pt
wfpt-08104,forçada,,,8200,,seed_from_wordfreq_pt
wfpt-08105,foundation,,,8201,,seed_from_wordfreq_pt
wfpt-08106,fraternidade,,,8202,,seed_from_wordfreq_pt
wfpt-08107,fúria,,,8203,,seed_from_wordfreq_pt
wfpt-08108,gary,,,8204,,seed_from_wordfreq_pt
wfpt-08109,governante,,,8205,,seed_from_wordfreq_pt
wfpt-08110,gramado,,,8206,,seed_from_wordfreq_pt
wfpt-08111,gratuitos,,,8207,,seed_from_wordfreq_pt
wfpt-08112,havido,,,8208,,seed_from_wordfreq_pt
wfpt-08113,his,,,8209,,seed_from_wordfreq_pt
wfpt-08114,homossexuais,,,8210,,seed_from_wordfreq_pt
wfpt-08115,identifica,,,8211,,seed_from_wordfreq_pt
wfpt-08116,ig,,,8212,,seed_from_wordfreq_pt
wfpt-08117,joel,,,8213,,seed_from_wordfreq_pt
wfpt-08118,lanche,,,8214,,seed_from_wordfreq_pt
wfpt-08119,legalização,,,8215,,seed_from_wordfreq_pt
wfpt-08120,leio,,,8216,,seed_from_wordfreq_pt
wfpt-08121,liderada,,,8217,,seed_from_wordfreq_pt
wfpt-08122,localizar,,,8218,,seed_from_wordfreq_pt
wfpt-08123,logan,,,8219,,seed_from_wordfreq_pt
wfpt-08124,logística,,,8220,,seed_from_wordfreq_pt
wfpt-08125,maldição,,,8221,,seed_from_wordfreq_pt
wfpt-08126,mandando,,,8222,,seed_from_wordfreq_pt
wfpt-08127,marrom,,,8223,,seed_from_wordfreq_pt
wfpt-08128,marshall,,,8224,,seed_from_wordfreq_pt
wfpt-08129,mec,,,8225,,seed_from_wordfreq_pt
wfpt-08130,mineral,,,8226,,seed_from_wordfreq_pt
wfpt-08131,mobile,,,8227,,seed_from_wordfreq_pt
wfpt-08132,modalidades,,,8228,,seed_from_wordfreq_pt
wfpt-08133,monarquia,,,8229,,seed_from_wordfreq_pt
wfpt-08134,nasa,,,8230,,seed_from_wordfreq_pt
wfpt-08135,nelas,,,8231,,seed_from_wordfreq_pt
wfpt-08136,netos,,,8232,,seed_from_wordfreq_pt
wfpt-08137,neymar,,,8233,,seed_from_wordfreq_pt
wfpt-08138,ni,,,8234,,seed_from_wordfreq_pt
wfpt-08139,nobres,,,8235,,seed_from_wordfreq_pt
wfpt-08140,ocupando,,,8236,,seed_from_wordfreq_pt
wfpt-08141,ombros,,,8237,,seed_from_wordfreq_pt
wfpt-08142,ong,,,8238,,seed_from_wordfreq_pt
wfpt-08143,only,,,8239,,seed_from_wordfreq_pt
wfpt-08144,operadores,,,8240,,seed_from_wordfreq_pt
wfpt-08145,oxford,,,8241,,seed_from_wordfreq_pt
wfpt-08146,participado,,,8242,,seed_from_wordfreq_pt
wfpt-08147,plenário,,,8243,,seed_from_wordfreq_pt
wfpt-08148,postal,,,8244,,seed_from_wordfreq_pt
wfpt-08149,prendeu,,,8245,,seed_from_wordfreq_pt
wfpt-08150,preste,,,8246,,seed_from_wordfreq_pt
wfpt-08151,prever,,,8247,,seed_from_wordfreq_pt
wfpt-08152,projeção,,,8248,,seed_from_wordfreq_pt
wfpt-08153,protegendo,,,8249,,seed_from_wordfreq_pt
wfpt-08154,proteína,,,8250,,seed_from_wordfreq_pt
wfpt-08155,provou,,,8251,,seed_from_wordfreq_pt
wfpt-08156,raças,,,8252,,seed_from_wordfreq_pt
wfpt-08157,recusar,,,8253,,seed_from_wordfreq_pt
wfpt-08158,render,,,8254,,seed_from_wordfreq_pt
wfpt-08159,repete,,,8255,,seed_from_wordfreq_pt
wfpt-08160,retrata,,,8256,,seed_from_wordfreq_pt
wfpt-08161,rodovias,,,8257,,seed_from_wordfreq_pt
wfpt-08162,roque,,,8258,,seed_from_wordfreq_pt
wfpt-08163,rosário,,,8259,,seed_from_wordfreq_pt
wfpt-08164,ruído,,,8260,,seed_from_wordfreq_pt
wfpt-08165,say,,,8261,,seed_from_wordfreq_pt
wfpt-08166,shawn,,,8262,,seed_from_wordfreq_pt
wfpt-08167,simpática,,,8263,,seed_from_wordfreq_pt
wfpt-08168,sirva,,,8264,,seed_from_wordfreq_pt
wfpt-08169,soa,,,8265,,seed_from_wordfreq_pt
wfpt-08170,store,,,8266,,seed_from_wordfreq_pt
wfpt-08171,temporadas,,,8267,,seed_from_wordfreq_pt
wfpt-08172,temporal,,,8268,,seed_from_wordfreq_pt
wfpt-08173,transtorno,,,8269,,seed_from_wordfreq_pt
wfpt-08174,trazido,,,8270,,seed_from_wordfreq_pt
wfpt-08175,turcos,,,8271,,seed_from_wordfreq_pt
wfpt-08176,tê,,,8272,,seed_from_wordfreq_pt
wfpt-08177,ultima,,,8273,,seed_from_wordfreq_pt
wfpt-08178,variadas,,,8274,,seed_from_wordfreq_pt
wfpt-08179,vcs,,,8275,,seed_from_wordfreq_pt
wfpt-08180,vinham,,,8276,,seed_from_wordfreq_pt
wfpt-08181,viviam,,,8277,,seed_from_wordfreq_pt
wfpt-08182,votado,,,8278,,seed_from_wordfreq_pt
wfpt-08183,vulnerável,,,8279,,seed_from_wordfreq_pt
wfpt-08184,yang,,,8280,,seed_from_wordfreq_pt
wfpt-08185,adotada,,,8281,,seed_from_wordfreq_pt
wfpt-08186,agua,,,8282,,seed_from_wordfreq_pt
wfpt-08187,aguarda,,,8283,,seed_from_wordfreq_pt
wfpt-08188,aguento,,,8284,,seed_from_wordfreq_pt
wfpt-08189,alicia,,,8285,,seed_from_wordfreq_pt
wfpt-08190,andei,,,8286,,seed_from_wordfreq_pt
wfpt-08191,apaixonados,,,8287,,seed_from_wordfreq_pt
wfpt-08192,apanhado,,,8288,,seed_from_wordfreq_pt
wfpt-08193,apresentadora,,,8289,,seed_from_wordfreq_pt
wfpt-08194,assistiu,,,8290,,seed_from_wordfreq_pt
wfpt-08195,atacaram,,,8291,,seed_from_wordfreq_pt
wfpt-08196,auditoria,,,8292,,seed_from_wordfreq_pt
wfpt-08197,bagagem,,,8293,,seed_from_wordfreq_pt
wfpt-08198,bastos,,,8294,,seed_from_wordfreq_pt
wfpt-08199,batatas,,,8295,,seed_from_wordfreq_pt
wfpt-08200,bianca,,,8296,,seed_from_wordfreq_pt
wfpt-08201,bio,,,8297,,seed_from_wordfreq_pt
wfpt-08202,boom,,,8298,,seed_from_wordfreq_pt
wfpt-08203,botar,,,8299,,seed_from_wordfreq_pt
wfpt-08204,brinca,,,8300,,seed_from_wordfreq_pt
wfpt-08205,bullying,,,8301,,seed_from_wordfreq_pt
wfpt-08206,camarões,,,8302,,seed_from_wordfreq_pt
wfpt-08207,cartola,,,8303,,seed_from_wordfreq_pt
wfpt-08208,chelsea,,,8304,,seed_from_wordfreq_pt
wfpt-08209,científicas,,,8305,,seed_from_wordfreq_pt
wfpt-08210,citou,,,8306,,seed_from_wordfreq_pt
wfpt-08211,colina,,,8307,,seed_from_wordfreq_pt
wfpt-08212,comemorações,,,8308,,seed_from_wordfreq_pt
wfpt-08213,comunitária,,,8309,,seed_from_wordfreq_pt
wfpt-08214,conduzido,,,8310,,seed_from_wordfreq_pt
wfpt-08215,confiante,,,8311,,seed_from_wordfreq_pt
wfpt-08216,contei,,,8312,,seed_from_wordfreq_pt
wfpt-08217,correia,,,8313,,seed_from_wordfreq_pt
wfpt-08218,correios,,,8314,,seed_from_wordfreq_pt
wfpt-08219,corruptos,,,8315,,seed_from_wordfreq_pt
wfpt-08220,cortado,,,8316,,seed_from_wordfreq_pt
wfpt-08221,custódia,,,8317,,seed_from_wordfreq_pt
wfpt-08222,dark,,,8318,,seed_from_wordfreq_pt
wfpt-08223,defendem,,,8319,,seed_from_wordfreq_pt
wfpt-08224,deixá,,,8320,,seed_from_wordfreq_pt
wfpt-08225,delícia,,,8321,,seed_from_wordfreq_pt
wfpt-08226,dengue,,,8322,,seed_from_wordfreq_pt
wfpt-08227,dirá,,,8323,,seed_from_wordfreq_pt
wfpt-08228,disparar,,,8324,,seed_from_wordfreq_pt
wfpt-08229,distintos,,,8325,,seed_from_wordfreq_pt
wfpt-08230,dog,,,8326,,seed_from_wordfreq_pt
wfpt-08231,efetivo,,,8327,,seed_from_wordfreq_pt
wfpt-08232,eficácia,,,8328,,seed_from_wordfreq_pt
wfpt-08233,encomenda,,,8329,,seed_from_wordfreq_pt
wfpt-08234,entrado,,,8330,,seed_from_wordfreq_pt
wfpt-08235,entregues,,,8331,,seed_from_wordfreq_pt
wfpt-08236,exposto,,,8332,,seed_from_wordfreq_pt
wfpt-08237,extraordinária,,,8333,,seed_from_wordfreq_pt
wfpt-08238,falem,,,8334,,seed_from_wordfreq_pt
wfpt-08239,ficasse,,,8335,,seed_from_wordfreq_pt
wfpt-08240,fire,,,8336,,seed_from_wordfreq_pt
wfpt-08241,fixe,,,8337,,seed_from_wordfreq_pt
wfpt-08242,france,,,8338,,seed_from_wordfreq_pt
wfpt-08243,fraqueza,,,8339,,seed_from_wordfreq_pt
wfpt-08244,funcional,,,8340,,seed_from_wordfreq_pt
wfpt-08245,galáxia,,,8341,,seed_from_wordfreq_pt
wfpt-08246,geográfica,,,8342,,seed_from_wordfreq_pt
wfpt-08247,gerador,,,8343,,seed_from_wordfreq_pt
wfpt-08248,gospel,,,8344,,seed_from_wordfreq_pt
wfpt-08249,grato,,,8345,,seed_from_wordfreq_pt
wfpt-08250,grão,,,8346,,seed_from_wordfreq_pt
wfpt-08251,hardware,,,8347,,seed_from_wordfreq_pt
wfpt-08252,harris,,,8348,,seed_from_wordfreq_pt
wfpt-08253,imaginário,,,8349,,seed_from_wordfreq_pt
wfpt-08254,inscrever,,,8350,,seed_from_wordfreq_pt
wfpt-08255,instância,,,8351,,seed_from_wordfreq_pt
wfpt-08256,interrupção,,,8352,,seed_from_wordfreq_pt
wfpt-08257,jogam,,,8353,,seed_from_wordfreq_pt
wfpt-08258,justifica,,,8354,,seed_from_wordfreq_pt
wfpt-08259,legítimo,,,8355,,seed_from_wordfreq_pt
wfpt-08260,limita,,,8356,,seed_from_wordfreq_pt
wfpt-08261,linguística,,,8357,,seed_from_wordfreq_pt
wfpt-08262,livraria,,,8358,,seed_from_wordfreq_pt
wfpt-08263,lúcia,,,8359,,seed_from_wordfreq_pt
wfpt-08264,mera,,,8360,,seed_from_wordfreq_pt
wfpt-08265,mergulho,,,8361,,seed_from_wordfreq_pt
wfpt-08266,modificações,,,8362,,seed_from_wordfreq_pt
wfpt-08267,morador,,,8363,,seed_from_wordfreq_pt
wfpt-08268,motoristas,,,8364,,seed_from_wordfreq_pt
wfpt-08269,mônica,,,8365,,seed_from_wordfreq_pt
wfpt-08270,neo,,,8366,,seed_from_wordfreq_pt
wfpt-08271,odiar,,,8367,,seed_from_wordfreq_pt
wfpt-08272,operador,,,8368,,seed_from_wordfreq_pt
wfpt-08273,organiza,,,8369,,seed_from_wordfreq_pt
wfpt-08274,pareciam,,,8370,,seed_from_wordfreq_pt
wfpt-08275,passadas,,,8371,,seed_from_wordfreq_pt
wfpt-08276,percorrer,,,8372,,seed_from_wordfreq_pt
wfpt-08277,perfeitos,,,8373,,seed_from_wordfreq_pt
wfpt-08278,perigos,,,8374,,seed_from_wordfreq_pt
wfpt-08279,piratas,,,8375,,seed_from_wordfreq_pt
wfpt-08280,postando,,,8376,,seed_from_wordfreq_pt
wfpt-08281,prende,,,8377,,seed_from_wordfreq_pt
wfpt-08282,pássaro,,,8378,,seed_from_wordfreq_pt
wfpt-08283,quebrada,,,8379,,seed_from_wordfreq_pt
wfpt-08284,quebrando,,,8380,,seed_from_wordfreq_pt
wfpt-08285,raras,,,8381,,seed_from_wordfreq_pt
wfpt-08286,reclama,,,8382,,seed_from_wordfreq_pt
wfpt-08287,recordar,,,8383,,seed_from_wordfreq_pt
wfpt-08288,retomar,,,8384,,seed_from_wordfreq_pt
wfpt-08289,reuters,,,8385,,seed_from_wordfreq_pt
wfpt-08290,ricas,,,8386,,seed_from_wordfreq_pt
wfpt-08291,rochas,,,8387,,seed_from_wordfreq_pt
wfpt-08292,ronda,,,8388,,seed_from_wordfreq_pt
wfpt-08293,ruínas,,,8389,,seed_from_wordfreq_pt
wfpt-08294,schmidt,,,8390,,seed_from_wordfreq_pt
wfpt-08295,see,,,8391,,seed_from_wordfreq_pt
wfpt-08296,sejamos,,,8392,,seed_from_wordfreq_pt
wfpt-08297,separadas,,,8393,,seed_from_wordfreq_pt
wfpt-08298,soberano,,,8394,,seed_from_wordfreq_pt
wfpt-08299,stress,,,8395,,seed_from_wordfreq_pt
wfpt-08300,sucessão,,,8396,,seed_from_wordfreq_pt
wfpt-08301,sudão,,,8397,,seed_from_wordfreq_pt
wfpt-08302,sábio,,,8398,,seed_from_wordfreq_pt
wfpt-08303,síntese,,,8399,,seed_from_wordfreq_pt
wfpt-08304,tecnológica,,,8400,,seed_from_wordfreq_pt
wfpt-08305,triunfo,,,8401,,seed_from_wordfreq_pt
wfpt-08306,tática,,,8402,,seed_from_wordfreq_pt
wfpt-08307,unida,,,8403,,seed_from_wordfreq_pt
wfpt-08308,usem,,,8404,,seed_from_wordfreq_pt
wfpt-08309,usos,,,8405,,seed_from_wordfreq_pt
wfpt-08310,veste,,,8406,,seed_from_wordfreq_pt
wfpt-08311,virando,,,8407,,seed_from_wordfreq_pt
wfpt-08312,visíveis,,,8408,,seed_from_wordfreq_pt
wfpt-08313,von,,,8409,,seed_from_wordfreq_pt
wfpt-08314,vote,,,8410,,seed_from_wordfreq_pt
wfpt-08315,workshop,,,8411,,seed_from_wordfreq_pt
wfpt-08316,aborda,,,8412,,seed_from_wordfreq_pt
wfpt-08317,acessíveis,,,8413,,seed_from_wordfreq_pt
wfpt-08318,administrativas,,,8414,,seed_from_wordfreq_pt
wfpt-08319,agradecimento,,,8415,,seed_from_wordfreq_pt
wfpt-08320,albuquerque,,,8416,,seed_from_wordfreq_pt
wfpt-08321,amorim,,,8417,,seed_from_wordfreq_pt
wfpt-08322,amoroso,,,8418,,seed_from_wordfreq_pt
wfpt-08323,ampliação,,,8419,,seed_from_wordfreq_pt
wfpt-08324,analista,,,8420,,seed_from_wordfreq_pt
wfpt-08325,antena,,,8421,,seed_from_wordfreq_pt
wfpt-08326,arrancar,,,8422,,seed_from_wordfreq_pt
wfpt-08327,arruda,,,8423,,seed_from_wordfreq_pt
wfpt-08328,assumindo,,,8424,,seed_from_wordfreq_pt
wfpt-08329,ativista,,,8425,,seed_from_wordfreq_pt
wfpt-08330,audiências,,,8426,,seed_from_wordfreq_pt
wfpt-08331,aurora,,,8427,,seed_from_wordfreq_pt
wfpt-08332,australiano,,,8428,,seed_from_wordfreq_pt
wfpt-08333,away,,,8429,,seed_from_wordfreq_pt
wfpt-08334,bactérias,,,8430,,seed_from_wordfreq_pt
wfpt-08335,balde,,,8431,,seed_from_wordfreq_pt
wfpt-08336,baleado,,,8432,,seed_from_wordfreq_pt
wfpt-08337,barão,,,8433,,seed_from_wordfreq_pt
wfpt-08338,berço,,,8434,,seed_from_wordfreq_pt
wfpt-08339,bh,,,8435,,seed_from_wordfreq_pt
wfpt-08340,bruna,,,8436,,seed_from_wordfreq_pt
wfpt-08341,bruxa,,,8437,,seed_from_wordfreq_pt
wfpt-08342,caminhando,,,8438,,seed_from_wordfreq_pt
wfpt-08343,cancelamento,,,8439,,seed_from_wordfreq_pt
wfpt-08344,caçador,,,8440,,seed_from_wordfreq_pt
wfpt-08345,cerrado,,,8441,,seed_from_wordfreq_pt
wfpt-08346,chego,,,8442,,seed_from_wordfreq_pt
wfpt-08347,colocadas,,,8443,,seed_from_wordfreq_pt
wfpt-08348,colunas,,,8444,,seed_from_wordfreq_pt
wfpt-08349,cometido,,,8445,,seed_from_wordfreq_pt
wfpt-08350,compartilhamento,,,8446,,seed_from_wordfreq_pt
wfpt-08351,complicações,,,8447,,seed_from_wordfreq_pt
wfpt-08352,conduz,,,8448,,seed_from_wordfreq_pt
wfpt-08353,conhecendo,,,8449,,seed_from_wordfreq_pt
wfpt-08354,continuamos,,,8450,,seed_from_wordfreq_pt
wfpt-08355,correspondência,,,8451,,seed_from_wordfreq_pt
wfpt-08356,culpar,,,8452,,seed_from_wordfreq_pt
wfpt-08357,curiosidades,,,8453,,seed_from_wordfreq_pt
wfpt-08358,definiu,,,8454,,seed_from_wordfreq_pt
wfpt-08359,demônios,,,8455,,seed_from_wordfreq_pt
wfpt-08360,derivados,,,8456,,seed_from_wordfreq_pt
wfpt-08361,derrotado,,,8457,,seed_from_wordfreq_pt
wfpt-08362,desperdício,,,8458,,seed_from_wordfreq_pt
wfpt-08363,deva,,,8459,,seed_from_wordfreq_pt
wfpt-08364,devida,,,8460,,seed_from_wordfreq_pt
wfpt-08365,disponibilidade,,,8461,,seed_from_wordfreq_pt
wfpt-08366,disputas,,,8462,,seed_from_wordfreq_pt
wfpt-08367,doer,,,8463,,seed_from_wordfreq_pt
wfpt-08368,drake,,,8464,,seed_from_wordfreq_pt
wfpt-08369,elevados,,,8465,,seed_from_wordfreq_pt
wfpt-08370,ellen,,,8466,,seed_from_wordfreq_pt
wfpt-08371,emitiu,,,8467,,seed_from_wordfreq_pt
wfpt-08372,encerrado,,,8468,,seed_from_wordfreq_pt
wfpt-08373,erva,,,8469,,seed_from_wordfreq_pt
wfpt-08374,esquecimento,,,8470,,seed_from_wordfreq_pt
wfpt-08375,estabeleceu,,,8471,,seed_from_wordfreq_pt
wfpt-08376,estimativas,,,8472,,seed_from_wordfreq_pt
wfpt-08377,exata,,,8473,,seed_from_wordfreq_pt
wfpt-08378,extensa,,,8474,,seed_from_wordfreq_pt
wfpt-08379,fabricantes,,,8475,,seed_from_wordfreq_pt
wfpt-08380,falcão,,,8476,,seed_from_wordfreq_pt
wfpt-08381,faltou,,,8477,,seed_from_wordfreq_pt
wfpt-08382,fbi,,,8478,,seed_from_wordfreq_pt
wfpt-08383,fibra,,,8479,,seed_from_wordfreq_pt
wfpt-08384,filmagem,,,8480,,seed_from_wordfreq_pt
wfpt-08385,firma,,,8481,,seed_from_wordfreq_pt
wfpt-08386,fogos,,,8482,,seed_from_wordfreq_pt
wfpt-08387,formatura,,,8483,,seed_from_wordfreq_pt
wfpt-08388,frontal,,,8484,,seed_from_wordfreq_pt
wfpt-08389,fugindo,,,8485,,seed_from_wordfreq_pt
wfpt-08390,fundações,,,8486,,seed_from_wordfreq_pt
wfpt-08391,globais,,,8487,,seed_from_wordfreq_pt
wfpt-08392,gonçalo,,,8488,,seed_from_wordfreq_pt
wfpt-08393,hipocrisia,,,8489,,seed_from_wordfreq_pt
wfpt-08394,ho,,,8490,,seed_from_wordfreq_pt
wfpt-08395,houston,,,8491,,seed_from_wordfreq_pt
wfpt-08396,imobiliária,,,8492,,seed_from_wordfreq_pt
wfpt-08397,imobiliário,,,8493,,seed_from_wordfreq_pt
wfpt-08398,internacionalmente,,,8494,,seed_from_wordfreq_pt
wfpt-08399,jurados,,,8495,,seed_from_wordfreq_pt
wfpt-08400,lápis,,,8496,,seed_from_wordfreq_pt
wfpt-08401,líbano,,,8497,,seed_from_wordfreq_pt
wfpt-08402,lópez,,,8498,,seed_from_wordfreq_pt
wfpt-08403,manifestar,,,8499,,seed_from_wordfreq_pt
wfpt-08404,marília,,,8500,,seed_from_wordfreq_pt
wfpt-08405,melhorou,,,8501,,seed_from_wordfreq_pt
wfpt-08406,melissa,,,8502,,seed_from_wordfreq_pt
wfpt-08407,menezes,,,8503,,seed_from_wordfreq_pt
wfpt-08408,militante,,,8504,,seed_from_wordfreq_pt
wfpt-08409,monge,,,8505,,seed_from_wordfreq_pt
wfpt-08410,mundialmente,,,8506,,seed_from_wordfreq_pt
wfpt-08411,next,,,8507,,seed_from_wordfreq_pt
wfpt-08412,nojento,,,8508,,seed_from_wordfreq_pt
wfpt-08413,norman,,,8509,,seed_from_wordfreq_pt
wfpt-08414,numerosos,,,8510,,seed_from_wordfreq_pt
wfpt-08415,organizadas,,,8511,,seed_from_wordfreq_pt
wfpt-08416,parecendo,,,8512,,seed_from_wordfreq_pt
wfpt-08417,partículas,,,8513,,seed_from_wordfreq_pt
wfpt-08418,passará,,,8514,,seed_from_wordfreq_pt
wfpt-08419,pensem,,,8515,,seed_from_wordfreq_pt
wfpt-08420,percebem,,,8516,,seed_from_wordfreq_pt
wfpt-08421,perdoe,,,8517,,seed_from_wordfreq_pt
wfpt-08422,phil,,,8518,,seed_from_wordfreq_pt
wfpt-08423,poderemos,,,8519,,seed_from_wordfreq_pt
wfpt-08424,porcentagem,,,8520,,seed_from_wordfreq_pt
wfpt-08425,preferida,,,8521,,seed_from_wordfreq_pt
wfpt-08426,privilégios,,,8522,,seed_from_wordfreq_pt
wfpt-08427,procurei,,,8523,,seed_from_wordfreq_pt
wfpt-08428,promoveu,,,8524,,seed_from_wordfreq_pt
wfpt-08429,prosperidade,,,8525,,seed_from_wordfreq_pt
wfpt-08430,protetor,,,8526,,seed_from_wordfreq_pt
wfpt-08431,químicas,,,8527,,seed_from_wordfreq_pt
wfpt-08432,químico,,,8528,,seed_from_wordfreq_pt
wfpt-08433,recorrente,,,8529,,seed_from_wordfreq_pt
wfpt-08434,refeições,,,8530,,seed_from_wordfreq_pt
wfpt-08435,registra,,,8531,,seed_from_wordfreq_pt
wfpt-08436,regressar,,,8532,,seed_from_wordfreq_pt
wfpt-08437,relativos,,,8533,,seed_from_wordfreq_pt
wfpt-08438,repertório,,,8534,,seed_from_wordfreq_pt
wfpt-08439,respira,,,8535,,seed_from_wordfreq_pt
wfpt-08440,reuniram,,,8536,,seed_from_wordfreq_pt
wfpt-08441,rituais,,,8537,,seed_from_wordfreq_pt
wfpt-08442,rostos,,,8538,,seed_from_wordfreq_pt
wfpt-08443,setenta,,,8540,,seed_from_wordfreq_pt
wfpt-08444,soco,,,8541,,seed_from_wordfreq_pt
wfpt-08445,solitário,,,8542,,seed_from_wordfreq_pt
wfpt-08446,sorrindo,,,8543,,seed_from_wordfreq_pt
wfpt-08447,sotaque,,,8544,,seed_from_wordfreq_pt
wfpt-08448,spencer,,,8545,,seed_from_wordfreq_pt
wfpt-08449,ss,,,8546,,seed_from_wordfreq_pt
wfpt-08450,sólida,,,8547,,seed_from_wordfreq_pt
wfpt-08451,teologia,,,8548,,seed_from_wordfreq_pt
wfpt-08452,toa,,,8549,,seed_from_wordfreq_pt
wfpt-08453,traseira,,,8550,,seed_from_wordfreq_pt
wfpt-08454,tronco,,,8551,,seed_from_wordfreq_pt
wfpt-08455,valorização,,,8552,,seed_from_wordfreq_pt
wfpt-08456,vasto,,,8553,,seed_from_wordfreq_pt
wfpt-08457,vegetal,,,8554,,seed_from_wordfreq_pt
wfpt-08458,verificação,,,8555,,seed_from_wordfreq_pt
wfpt-08459,vestibular,,,8556,,seed_from_wordfreq_pt
wfpt-08460,viajantes,,,8557,,seed_from_wordfreq_pt
wfpt-08461,vinicius,,,8558,,seed_from_wordfreq_pt
wfpt-08462,voltamos,,,8559,,seed_from_wordfreq_pt
wfpt-08463,vossos,,,8560,,seed_from_wordfreq_pt
wfpt-08464,wallace,,,8561,,seed_from_wordfreq_pt
wfpt-08465,wolf,,,8562,,seed_from_wordfreq_pt
wfpt-08466,yuri,,,8563,,seed_from_wordfreq_pt
wfpt-08467,aaron,,,8564,,seed_from_wordfreq_pt
wfpt-08468,adição,,,8565,,seed_from_wordfreq_pt
wfpt-08469,adotou,,,8566,,seed_from_wordfreq_pt
wfpt-08470,adquirido,,,8567,,seed_from_wordfreq_pt
wfpt-08471,adriana,,,8568,,seed_from_wordfreq_pt
wfpt-08472,after,,,8569,,seed_from_wordfreq_pt
wfpt-08473,aguardar,,,8570,,seed_from_wordfreq_pt
wfpt-08474,alho,,,8571,,seed_from_wordfreq_pt
wfpt-08475,apaixonar,,,8572,,seed_from_wordfreq_pt
wfpt-08476,apontado,,,8573,,seed_from_wordfreq_pt
wfpt-08477,aproximando,,,8574,,seed_from_wordfreq_pt
wfpt-08478,ativamente,,,8575,,seed_from_wordfreq_pt
wfpt-08479,bay,,,8576,,seed_from_wordfreq_pt
wfpt-08480,bicicletas,,,8577,,seed_from_wordfreq_pt
wfpt-08481,body,,,8578,,seed_from_wordfreq_pt
wfpt-08482,bond,,,8579,,seed_from_wordfreq_pt
wfpt-08483,borboleta,,,8580,,seed_from_wordfreq_pt
wfpt-08484,buscas,,,8581,,seed_from_wordfreq_pt
wfpt-08485,cabine,,,8582,,seed_from_wordfreq_pt
wfpt-08486,cabos,,,8583,,seed_from_wordfreq_pt
wfpt-08487,camponeses,,,8584,,seed_from_wordfreq_pt
wfpt-08488,cantores,,,8585,,seed_from_wordfreq_pt
wfpt-08489,capturado,,,8586,,seed_from_wordfreq_pt
wfpt-08490,chamamos,,,8587,,seed_from_wordfreq_pt
wfpt-08491,clã,,,8588,,seed_from_wordfreq_pt
wfpt-08492,coloco,,,8589,,seed_from_wordfreq_pt
wfpt-08493,colorado,,,8590,,seed_from_wordfreq_pt
wfpt-08494,condado,,,8591,,seed_from_wordfreq_pt
wfpt-08495,condutor,,,8592,,seed_from_wordfreq_pt
wfpt-08496,constituído,,,8593,,seed_from_wordfreq_pt
wfpt-08497,crescem,,,8594,,seed_from_wordfreq_pt
wfpt-08498,cristianismo,,,8595,,seed_from_wordfreq_pt
wfpt-08499,cunhado,,,8596,,seed_from_wordfreq_pt
wfpt-08500,curtos,,,8597,,seed_from_wordfreq_pt
wfpt-08501,cálculos,,,8598,,seed_from_wordfreq_pt
wfpt-08502,daniela,,,8599,,seed_from_wordfreq_pt
wfpt-08503,decisivo,,,8600,,seed_from_wordfreq_pt
wfpt-08504,definidas,,,8601,,seed_from_wordfreq_pt
wfpt-08505,definidos,,,8602,,seed_from_wordfreq_pt
wfpt-08506,densidade,,,8603,,seed_from_wordfreq_pt
wfpt-08507,desapareceram,,,8604,,seed_from_wordfreq_pt
wfpt-08508,desconhecidos,,,8605,,seed_from_wordfreq_pt
wfpt-08509,destruindo,,,8606,,seed_from_wordfreq_pt
wfpt-08510,dick,,,8607,,seed_from_wordfreq_pt
wfpt-08511,diminui,,,8608,,seed_from_wordfreq_pt
wfpt-08512,dirigente,,,8609,,seed_from_wordfreq_pt
wfpt-08513,distribuído,,,8610,,seed_from_wordfreq_pt
wfpt-08514,ditado,,,8611,,seed_from_wordfreq_pt
wfpt-08515,divididos,,,8612,,seed_from_wordfreq_pt
wfpt-08516,diálogos,,,8613,,seed_from_wordfreq_pt
wfpt-08517,dourada,,,8614,,seed_from_wordfreq_pt
wfpt-08518,encarregado,,,8615,,seed_from_wordfreq_pt
wfpt-08519,encerrou,,,8616,,seed_from_wordfreq_pt
wfpt-08520,esferas,,,8617,,seed_from_wordfreq_pt
wfpt-08521,estratégica,,,8618,,seed_from_wordfreq_pt
wfpt-08522,exemplar,,,8619,,seed_from_wordfreq_pt
wfpt-08523,exemplares,,,8620,,seed_from_wordfreq_pt
wfpt-08524,faces,,,8621,,seed_from_wordfreq_pt
wfpt-08525,factos,,,8622,,seed_from_wordfreq_pt
wfpt-08526,falas,,,8623,,seed_from_wordfreq_pt
wfpt-08527,fidelidade,,,8624,,seed_from_wordfreq_pt
wfpt-08528,filósofo,,,8625,,seed_from_wordfreq_pt
wfpt-08529,finalistas,,,8626,,seed_from_wordfreq_pt
wfpt-08530,garantido,,,8628,,seed_from_wordfreq_pt
wfpt-08531,garantindo,,,8629,,seed_from_wordfreq_pt
wfpt-08532,governadores,,,8630,,seed_from_wordfreq_pt
wfpt-08533,greg,,,8631,,seed_from_wordfreq_pt
wfpt-08534,gritou,,,8632,,seed_from_wordfreq_pt
wfpt-08535,grã,,,8633,,seed_from_wordfreq_pt
wfpt-08536,hierarquia,,,8634,,seed_from_wordfreq_pt
wfpt-08537,higiene,,,8635,,seed_from_wordfreq_pt
wfpt-08538,improvável,,,8636,,seed_from_wordfreq_pt
wfpt-08539,inconsciente,,,8637,,seed_from_wordfreq_pt
wfpt-08540,intimidade,,,8638,,seed_from_wordfreq_pt
wfpt-08541,inédita,,,8639,,seed_from_wordfreq_pt
wfpt-08542,júlia,,,8640,,seed_from_wordfreq_pt
wfpt-08543,lagoas,,,8641,,seed_from_wordfreq_pt
wfpt-08544,leonard,,,8642,,seed_from_wordfreq_pt
wfpt-08545,liam,,,8643,,seed_from_wordfreq_pt
wfpt-08546,lourenço,,,8644,,seed_from_wordfreq_pt
wfpt-08547,maldade,,,8645,,seed_from_wordfreq_pt
wfpt-08548,manchete,,,8646,,seed_from_wordfreq_pt
wfpt-08549,mexendo,,,8647,,seed_from_wordfreq_pt
wfpt-08550,milton,,,8648,,seed_from_wordfreq_pt
wfpt-08551,misteriosa,,,8649,,seed_from_wordfreq_pt
wfpt-08552,monges,,,8650,,seed_from_wordfreq_pt
wfpt-08553,morra,,,8651,,seed_from_wordfreq_pt
wfpt-08554,mortalidade,,,8652,,seed_from_wordfreq_pt
wfpt-08555,mosquito,,,8653,,seed_from_wordfreq_pt
wfpt-08556,médias,,,8654,,seed_from_wordfreq_pt
wfpt-08557,naval,,,8655,,seed_from_wordfreq_pt
wfpt-08558,noruega,,,8656,,seed_from_wordfreq_pt
wfpt-08559,obrigar,,,8657,,seed_from_wordfreq_pt
wfpt-08560,obtidos,,,8658,,seed_from_wordfreq_pt
wfpt-08561,okay,,,8659,,seed_from_wordfreq_pt
wfpt-08562,ola,,,8660,,seed_from_wordfreq_pt
wfpt-08563,optou,,,8661,,seed_from_wordfreq_pt
wfpt-08564,patrulha,,,8662,,seed_from_wordfreq_pt
wfpt-08565,pec,,,8663,,seed_from_wordfreq_pt
wfpt-08566,perseguir,,,8664,,seed_from_wordfreq_pt
wfpt-08567,pesados,,,8665,,seed_from_wordfreq_pt
wfpt-08568,plenamente,,,8666,,seed_from_wordfreq_pt
wfpt-08569,polônia,,,8667,,seed_from_wordfreq_pt
wfpt-08570,postagens,,,8668,,seed_from_wordfreq_pt
wfpt-08571,preliminar,,,8669,,seed_from_wordfreq_pt
wfpt-08572,prepare,,,8670,,seed_from_wordfreq_pt
wfpt-08573,presidenciais,,,8671,,seed_from_wordfreq_pt
wfpt-08574,previdência,,,8672,,seed_from_wordfreq_pt
wfpt-08575,promocional,,,8673,,seed_from_wordfreq_pt
wfpt-08576,prosseguir,,,8674,,seed_from_wordfreq_pt
wfpt-08577,realista,,,8675,,seed_from_wordfreq_pt
wfpt-08578,reeleição,,,8676,,seed_from_wordfreq_pt
wfpt-08579,regulação,,,8677,,seed_from_wordfreq_pt
wfpt-08580,remoto,,,8678,,seed_from_wordfreq_pt
wfpt-08581,retratos,,,8679,,seed_from_wordfreq_pt
wfpt-08582,robôs,,,8680,,seed_from_wordfreq_pt
wfpt-08583,run,,,8681,,seed_from_wordfreq_pt
wfpt-08584,ruth,,,8682,,seed_from_wordfreq_pt
wfpt-08585,sacerdote,,,8683,,seed_from_wordfreq_pt
wfpt-08586,secar,,,8684,,seed_from_wordfreq_pt
wfpt-08587,sequestro,,,8685,,seed_from_wordfreq_pt
wfpt-08588,simpático,,,8686,,seed_from_wordfreq_pt
wfpt-08589,sin,,,8687,,seed_from_wordfreq_pt
wfpt-08590,sincera,,,8688,,seed_from_wordfreq_pt
wfpt-08591,softwares,,,8689,,seed_from_wordfreq_pt
wfpt-08592,sos,,,8690,,seed_from_wordfreq_pt
wfpt-08593,square,,,8691,,seed_from_wordfreq_pt
wfpt-08594,sugerindo,,,8692,,seed_from_wordfreq_pt
wfpt-08595,susto,,,8693,,seed_from_wordfreq_pt
wfpt-08596,tapa,,,8694,,seed_from_wordfreq_pt
wfpt-08597,tecnológico,,,8695,,seed_from_wordfreq_pt
wfpt-08598,tel,,,8696,,seed_from_wordfreq_pt
wfpt-08599,telas,,,8697,,seed_from_wordfreq_pt
wfpt-08600,terríveis,,,8698,,seed_from_wordfreq_pt
wfpt-08601,three,,,8699,,seed_from_wordfreq_pt
wfpt-08602,torcedor,,,8700,,seed_from_wordfreq_pt
wfpt-08603,tremendo,,,8701,,seed_from_wordfreq_pt
wfpt-08604,vagina,,,8702,,seed_from_wordfreq_pt
wfpt-08605,verem,,,8703,,seed_from_wordfreq_pt
wfpt-08606,vovó,,,8704,,seed_from_wordfreq_pt
wfpt-08607,válida,,,8705,,seed_from_wordfreq_pt
wfpt-08608,wesley,,,8706,,seed_from_wordfreq_pt
wfpt-08609,áustria,,,8707,,seed_from_wordfreq_pt
wfpt-08610,ópera,,,8708,,seed_from_wordfreq_pt
wfpt-08611,útero,,,8709,,seed_from_wordfreq_pt
wfpt-08612,adeptos,,,8710,,seed_from_wordfreq_pt
wfpt-08613,agradece,,,8711,,seed_from_wordfreq_pt
wfpt-08614,alarme,,,8712,,seed_from_wordfreq_pt
wfpt-08615,alimenta,,,8713,,seed_from_wordfreq_pt
wfpt-08616,animados,,,8714,,seed_from_wordfreq_pt
wfpt-08617,apuração,,,8715,,seed_from_wordfreq_pt
wfpt-08618,ata,,,8716,,seed_from_wordfreq_pt
wfpt-08619,atuou,,,8717,,seed_from_wordfreq_pt
wfpt-08620,avaliações,,,8718,,seed_from_wordfreq_pt
wfpt-08621,banner,,,8719,,seed_from_wordfreq_pt
wfpt-08622,baterias,,,8720,,seed_from_wordfreq_pt
wfpt-08623,bebé,,,8721,,seed_from_wordfreq_pt
wfpt-08624,bin,,,8722,,seed_from_wordfreq_pt
wfpt-08625,blusa,,,8723,,seed_from_wordfreq_pt
wfpt-08626,borda,,,8724,,seed_from_wordfreq_pt
wfpt-08627,bota,,,8725,,seed_from_wordfreq_pt
wfpt-08628,cachoeira,,,8726,,seed_from_wordfreq_pt
wfpt-08629,carmen,,,8728,,seed_from_wordfreq_pt
wfpt-08630,cessar,,,8729,,seed_from_wordfreq_pt
wfpt-08631,chora,,,8730,,seed_from_wordfreq_pt
wfpt-08632,ciclos,,,8731,,seed_from_wordfreq_pt
wfpt-08633,ciente,,,8732,,seed_from_wordfreq_pt
wfpt-08634,cine,,,8733,,seed_from_wordfreq_pt
wfpt-08635,citada,,,8734,,seed_from_wordfreq_pt
wfpt-08636,cobrança,,,8735,,seed_from_wordfreq_pt
wfpt-08637,columbia,,,8736,,seed_from_wordfreq_pt
wfpt-08638,comissões,,,8737,,seed_from_wordfreq_pt
wfpt-08639,comité,,,8738,,seed_from_wordfreq_pt
wfpt-08640,compara,,,8739,,seed_from_wordfreq_pt
wfpt-08641,confundir,,,8740,,seed_from_wordfreq_pt
wfpt-08642,consideravelmente,,,8741,,seed_from_wordfreq_pt
wfpt-08643,continuamente,,,8742,,seed_from_wordfreq_pt
wfpt-08644,convencionais,,,8743,,seed_from_wordfreq_pt
wfpt-08645,conveniente,,,8744,,seed_from_wordfreq_pt
wfpt-08646,corretor,,,8745,,seed_from_wordfreq_pt
wfpt-08647,deitado,,,8746,,seed_from_wordfreq_pt
wfpt-08648,delegados,,,8747,,seed_from_wordfreq_pt
wfpt-08649,demonstram,,,8748,,seed_from_wordfreq_pt
wfpt-08650,demos,,,8749,,seed_from_wordfreq_pt
wfpt-08651,depósitos,,,8750,,seed_from_wordfreq_pt
wfpt-08652,descrita,,,8751,,seed_from_wordfreq_pt
wfpt-08653,desenvolvidas,,,8752,,seed_from_wordfreq_pt
wfpt-08654,desesperada,,,8753,,seed_from_wordfreq_pt
wfpt-08655,desesperado,,,8754,,seed_from_wordfreq_pt
wfpt-08656,disciplinas,,,8755,,seed_from_wordfreq_pt
wfpt-08657,docente,,,8756,,seed_from_wordfreq_pt
wfpt-08658,doida,,,8757,,seed_from_wordfreq_pt
wfpt-08659,dramática,,,8758,,seed_from_wordfreq_pt
wfpt-08660,elétricos,,,8759,,seed_from_wordfreq_pt
wfpt-08661,emitido,,,8760,,seed_from_wordfreq_pt
wfpt-08662,encerra,,,8761,,seed_from_wordfreq_pt
wfpt-08663,espionagem,,,8762,,seed_from_wordfreq_pt
wfpt-08664,estadia,,,8763,,seed_from_wordfreq_pt
wfpt-08665,etiópia,,,8764,,seed_from_wordfreq_pt
wfpt-08666,evangélica,,,8765,,seed_from_wordfreq_pt
wfpt-08667,evitando,,,8766,,seed_from_wordfreq_pt
wfpt-08668,exagero,,,8767,,seed_from_wordfreq_pt
wfpt-08669,explicado,,,8768,,seed_from_wordfreq_pt
wfpt-08670,fechando,,,8769,,seed_from_wordfreq_pt
wfpt-08671,fiscalização,,,8770,,seed_from_wordfreq_pt
wfpt-08672,florida,,,8771,,seed_from_wordfreq_pt
wfpt-08673,foca,,,8772,,seed_from_wordfreq_pt
wfpt-08674,formados,,,8773,,seed_from_wordfreq_pt
wfpt-08675,futsal,,,8774,,seed_from_wordfreq_pt
wfpt-08676,garcía,,,8775,,seed_from_wordfreq_pt
wfpt-08677,golfe,,,8776,,seed_from_wordfreq_pt
wfpt-08678,gostando,,,8777,,seed_from_wordfreq_pt
wfpt-08679,grita,,,8778,,seed_from_wordfreq_pt
wfpt-08680,guiana,,,8779,,seed_from_wordfreq_pt
wfpt-08681,haiti,,,8780,,seed_from_wordfreq_pt
wfpt-08682,imunidade,,,8781,,seed_from_wordfreq_pt
wfpt-08683,jake,,,8782,,seed_from_wordfreq_pt
wfpt-08684,joelhos,,,8783,,seed_from_wordfreq_pt
wfpt-08685,julie,,,8784,,seed_from_wordfreq_pt
wfpt-08686,laboratórios,,,8785,,seed_from_wordfreq_pt
wfpt-08687,macedo,,,8786,,seed_from_wordfreq_pt
wfpt-08688,melhorando,,,8787,,seed_from_wordfreq_pt
wfpt-08689,metais,,,8788,,seed_from_wordfreq_pt
wfpt-08690,misto,,,8789,,seed_from_wordfreq_pt
wfpt-08691,morumbi,,,8790,,seed_from_wordfreq_pt
wfpt-08692,munição,,,8791,,seed_from_wordfreq_pt
wfpt-08693,niterói,,,8792,,seed_from_wordfreq_pt
wfpt-08694,nojo,,,8793,,seed_from_wordfreq_pt
wfpt-08695,participe,,,8794,,seed_from_wordfreq_pt
wfpt-08696,passem,,,8796,,seed_from_wordfreq_pt
wfpt-08697,perceberam,,,8797,,seed_from_wordfreq_pt
wfpt-08698,perigosos,,,8798,,seed_from_wordfreq_pt
wfpt-08699,plantar,,,8799,,seed_from_wordfreq_pt
wfpt-08700,podcast,,,8800,,seed_from_wordfreq_pt
wfpt-08701,poderosas,,,8801,,seed_from_wordfreq_pt
wfpt-08702,precedentes,,,8802,,seed_from_wordfreq_pt
wfpt-08703,pressionar,,,8803,,seed_from_wordfreq_pt
wfpt-08704,proporções,,,8804,,seed_from_wordfreq_pt
wfpt-08705,proveniente,,,8805,,seed_from_wordfreq_pt
wfpt-08706,pô,,,8806,,seed_from_wordfreq_pt
wfpt-08707,queimado,,,8807,,seed_from_wordfreq_pt
wfpt-08708,racional,,,8808,,seed_from_wordfreq_pt
wfpt-08709,reconhecidos,,,8809,,seed_from_wordfreq_pt
wfpt-08710,resultante,,,8810,,seed_from_wordfreq_pt
wfpt-08711,reza,,,8811,,seed_from_wordfreq_pt
wfpt-08712,rolar,,,8812,,seed_from_wordfreq_pt
wfpt-08713,russell,,,8813,,seed_from_wordfreq_pt
wfpt-08714,saraiva,,,8814,,seed_from_wordfreq_pt
wfpt-08715,sebastian,,,8815,,seed_from_wordfreq_pt
wfpt-08716,semanais,,,8816,,seed_from_wordfreq_pt
wfpt-08717,senhoras,,,8817,,seed_from_wordfreq_pt
wfpt-08718,sensual,,,8818,,seed_from_wordfreq_pt
wfpt-08719,singapura,,,8819,,seed_from_wordfreq_pt
wfpt-08720,solicitar,,,8820,,seed_from_wordfreq_pt
wfpt-08721,solicitou,,,8821,,seed_from_wordfreq_pt
wfpt-08722,son,,,8822,,seed_from_wordfreq_pt
wfpt-08723,sonhei,,,8823,,seed_from_wordfreq_pt
wfpt-08724,sony,,,8824,,seed_from_wordfreq_pt
wfpt-08725,sophia,,,8825,,seed_from_wordfreq_pt
wfpt-08726,stand,,,8826,,seed_from_wordfreq_pt
wfpt-08727,sydney,,,8827,,seed_from_wordfreq_pt
wfpt-08728,sé,,,8828,,seed_from_wordfreq_pt
wfpt-08729,sétimo,,,8829,,seed_from_wordfreq_pt
wfpt-08730,tensões,,,8830,,seed_from_wordfreq_pt
wfpt-08731,tijuca,,,8831,,seed_from_wordfreq_pt
wfpt-08732,trate,,,8832,,seed_from_wordfreq_pt
wfpt-08733,under,,,8833,,seed_from_wordfreq_pt
wfpt-08734,urnas,,,8834,,seed_from_wordfreq_pt
wfpt-08735,vaso,,,8835,,seed_from_wordfreq_pt
wfpt-08736,vendida,,,8836,,seed_from_wordfreq_pt
wfpt-08737,verso,,,8837,,seed_from_wordfreq_pt
wfpt-08738,veteranos,,,8838,,seed_from_wordfreq_pt
wfpt-08739,viciado,,,8839,,seed_from_wordfreq_pt
wfpt-08740,vii,,,8840,,seed_from_wordfreq_pt
wfpt-08741,walt,,,8841,,seed_from_wordfreq_pt
wfpt-08742,years,,,8842,,seed_from_wordfreq_pt
wfpt-08743,águia,,,8843,,seed_from_wordfreq_pt
wfpt-08744,aceleração,,,8844,,seed_from_wordfreq_pt
wfpt-08745,agrada,,,8845,,seed_from_wordfreq_pt
wfpt-08746,algarve,,,8846,,seed_from_wordfreq_pt
wfpt-08747,alumínio,,,8847,,seed_from_wordfreq_pt
wfpt-08748,ann,,,8848,,seed_from_wordfreq_pt
wfpt-08749,aposentado,,,8849,,seed_from_wordfreq_pt
wfpt-08750,assessoria,,,8850,,seed_from_wordfreq_pt
wfpt-08751,assiste,,,8851,,seed_from_wordfreq_pt
wfpt-08752,atraiu,,,8852,,seed_from_wordfreq_pt
wfpt-08753,atrapalhar,,,8853,,seed_from_wordfreq_pt
wfpt-08754,aumentam,,,8854,,seed_from_wordfreq_pt
wfpt-08755,ball,,,8855,,seed_from_wordfreq_pt
wfpt-08756,baratas,,,8856,,seed_from_wordfreq_pt
wfpt-08757,bata,,,8857,,seed_from_wordfreq_pt
wfpt-08758,caem,,,8858,,seed_from_wordfreq_pt
wfpt-08759,cansei,,,8859,,seed_from_wordfreq_pt
wfpt-08760,caracteriza,,,8860,,seed_from_wordfreq_pt
wfpt-08761,ceo,,,8861,,seed_from_wordfreq_pt
wfpt-08762,chan,,,8862,,seed_from_wordfreq_pt
wfpt-08763,chegarem,,,8863,,seed_from_wordfreq_pt
wfpt-08764,comparando,,,8864,,seed_from_wordfreq_pt
wfpt-08765,comparecer,,,8865,,seed_from_wordfreq_pt
wfpt-08766,compartilhe,,,8866,,seed_from_wordfreq_pt
wfpt-08767,concertos,,,8867,,seed_from_wordfreq_pt
wfpt-08768,condomínio,,,8868,,seed_from_wordfreq_pt
wfpt-08769,confissão,,,8869,,seed_from_wordfreq_pt
wfpt-08770,constitucionais,,,8870,,seed_from_wordfreq_pt
wfpt-08771,contaminação,,,8871,,seed_from_wordfreq_pt
wfpt-08772,cortada,,,8872,,seed_from_wordfreq_pt
wfpt-08773,cotas,,,8873,,seed_from_wordfreq_pt
wfpt-08774,craig,,,8874,,seed_from_wordfreq_pt
wfpt-08775,croácia,,,8875,,seed_from_wordfreq_pt
wfpt-08776,daily,,,8876,,seed_from_wordfreq_pt
wfpt-08777,degradação,,,8877,,seed_from_wordfreq_pt
wfpt-08778,democratas,,,8878,,seed_from_wordfreq_pt
wfpt-08779,deriva,,,8879,,seed_from_wordfreq_pt
wfpt-08780,desviar,,,8880,,seed_from_wordfreq_pt
wfpt-08781,diesel,,,8881,,seed_from_wordfreq_pt
wfpt-08782,dificil,,,8882,,seed_from_wordfreq_pt
wfpt-08783,disponibiliza,,,8883,,seed_from_wordfreq_pt
wfpt-08784,disponibilizado,,,8884,,seed_from_wordfreq_pt
wfpt-08785,divisões,,,8885,,seed_from_wordfreq_pt
wfpt-08786,elogio,,,8886,,seed_from_wordfreq_pt
wfpt-08787,emissões,,,8887,,seed_from_wordfreq_pt
wfpt-08788,emitir,,,8888,,seed_from_wordfreq_pt
wfpt-08789,empreendedores,,,8889,,seed_from_wordfreq_pt
wfpt-08790,english,,,8890,,seed_from_wordfreq_pt
wfpt-08791,escape,,,8891,,seed_from_wordfreq_pt
wfpt-08792,esposas,,,8892,,seed_from_wordfreq_pt
wfpt-08793,ever,,,8893,,seed_from_wordfreq_pt
wfpt-08794,excluir,,,8894,,seed_from_wordfreq_pt
wfpt-08795,exposta,,,8895,,seed_from_wordfreq_pt
wfpt-08796,fascinante,,,8896,,seed_from_wordfreq_pt
wfpt-08797,fazes,,,8897,,seed_from_wordfreq_pt
wfpt-08798,felix,,,8898,,seed_from_wordfreq_pt
wfpt-08799,femininos,,,8899,,seed_from_wordfreq_pt
wfpt-08800,fitas,,,8900,,seed_from_wordfreq_pt
wfpt-08801,forró,,,8901,,seed_from_wordfreq_pt
wfpt-08802,gaúcha,,,8902,,seed_from_wordfreq_pt
wfpt-08803,gentileza,,,8903,,seed_from_wordfreq_pt
wfpt-08804,god,,,8904,,seed_from_wordfreq_pt
wfpt-08805,grata,,,8905,,seed_from_wordfreq_pt
wfpt-08806,guias,,,8906,,seed_from_wordfreq_pt
wfpt-08807,homossexual,,,8907,,seed_from_wordfreq_pt
wfpt-08808,honduras,,,8908,,seed_from_wordfreq_pt
wfpt-08809,humildade,,,8909,,seed_from_wordfreq_pt
wfpt-08810,impresso,,,8910,,seed_from_wordfreq_pt
wfpt-08811,incrivelmente,,,8911,,seed_from_wordfreq_pt
wfpt-08812,intervenções,,,8912,,seed_from_wordfreq_pt
wfpt-08813,israelense,,,8913,,seed_from_wordfreq_pt
wfpt-08814,jamie,,,8914,,seed_from_wordfreq_pt
wfpt-08815,juntaram,,,8915,,seed_from_wordfreq_pt
wfpt-08816,jura,,,8916,,seed_from_wordfreq_pt
wfpt-08817,karl,,,8917,,seed_from_wordfreq_pt
wfpt-08818,ken,,,8918,,seed_from_wordfreq_pt
wfpt-08819,lutam,,,8919,,seed_from_wordfreq_pt
wfpt-08820,manchas,,,8920,,seed_from_wordfreq_pt
wfpt-08821,mandaram,,,8921,,seed_from_wordfreq_pt
wfpt-08822,mangueira,,,8922,,seed_from_wordfreq_pt
wfpt-08823,mantê,,,8923,,seed_from_wordfreq_pt
wfpt-08824,marcante,,,8924,,seed_from_wordfreq_pt
wfpt-08825,marcaram,,,8925,,seed_from_wordfreq_pt
wfpt-08826,menciona,,,8926,,seed_from_wordfreq_pt
wfpt-08827,mercadoria,,,8927,,seed_from_wordfreq_pt
wfpt-08828,merecia,,,8928,,seed_from_wordfreq_pt
wfpt-08829,mitologia,,,8929,,seed_from_wordfreq_pt
wfpt-08830,mona,,,8930,,seed_from_wordfreq_pt
wfpt-08831,name,,,8931,,seed_from_wordfreq_pt
wfpt-08832,ny,,,8932,,seed_from_wordfreq_pt
wfpt-08833,orleans,,,8933,,seed_from_wordfreq_pt
wfpt-08834,param,,,8934,,seed_from_wordfreq_pt
wfpt-08835,pas,,,8935,,seed_from_wordfreq_pt
wfpt-08836,passageiro,,,8936,,seed_from_wordfreq_pt
wfpt-08837,perímetro,,,8937,,seed_from_wordfreq_pt
wfpt-08838,pilar,,,8938,,seed_from_wordfreq_pt
wfpt-08839,plantão,,,8939,,seed_from_wordfreq_pt
wfpt-08840,poderem,,,8940,,seed_from_wordfreq_pt
wfpt-08841,prado,,,8941,,seed_from_wordfreq_pt
wfpt-08842,precisará,,,8942,,seed_from_wordfreq_pt
wfpt-08843,pretos,,,8943,,seed_from_wordfreq_pt
wfpt-08844,pulso,,,8944,,seed_from_wordfreq_pt
wfpt-08845,quedas,,,8945,,seed_from_wordfreq_pt
wfpt-08846,raciocínio,,,8946,,seed_from_wordfreq_pt
wfpt-08847,raparigas,,,8947,,seed_from_wordfreq_pt
wfpt-08848,recomendação,,,8948,,seed_from_wordfreq_pt
wfpt-08849,recomeçar,,,8949,,seed_from_wordfreq_pt
wfpt-08850,registradas,,,8950,,seed_from_wordfreq_pt
wfpt-08851,reparar,,,8951,,seed_from_wordfreq_pt
wfpt-08852,representada,,,8952,,seed_from_wordfreq_pt
wfpt-08853,retirou,,,8953,,seed_from_wordfreq_pt
wfpt-08854,river,,,8954,,seed_from_wordfreq_pt
wfpt-08855,rotas,,,8955,,seed_from_wordfreq_pt
wfpt-08856,saídas,,,8957,,seed_from_wordfreq_pt
wfpt-08857,seda,,,8958,,seed_from_wordfreq_pt
wfpt-08858,sena,,,8959,,seed_from_wordfreq_pt
wfpt-08859,sera,,,8960,,seed_from_wordfreq_pt
wfpt-08860,sexualmente,,,8961,,seed_from_wordfreq_pt
wfpt-08861,she,,,8962,,seed_from_wordfreq_pt
wfpt-08862,significativamente,,,8963,,seed_from_wordfreq_pt
wfpt-08863,solos,,,8964,,seed_from_wordfreq_pt
wfpt-08864,submarino,,,8965,,seed_from_wordfreq_pt
wfpt-08865,substituído,,,8966,,seed_from_wordfreq_pt
wfpt-08866,tentamos,,,8967,,seed_from_wordfreq_pt
wfpt-08867,teresina,,,8968,,seed_from_wordfreq_pt
wfpt-08868,timor,,,8969,,seed_from_wordfreq_pt
wfpt-08869,tomam,,,8970,,seed_from_wordfreq_pt
wfpt-08870,tona,,,8971,,seed_from_wordfreq_pt
wfpt-08871,too,,,8972,,seed_from_wordfreq_pt
wfpt-08872,transmitida,,,8973,,seed_from_wordfreq_pt
wfpt-08873,trilhas,,,8974,,seed_from_wordfreq_pt
wfpt-08874,triângulo,,,8975,,seed_from_wordfreq_pt
wfpt-08875,trocou,,,8976,,seed_from_wordfreq_pt
wfpt-08876,turísticos,,,8977,,seed_from_wordfreq_pt
wfpt-08877,uau,,,8978,,seed_from_wordfreq_pt
wfpt-08878,varanda,,,8979,,seed_from_wordfreq_pt
wfpt-08879,variedades,,,8980,,seed_from_wordfreq_pt
wfpt-08880,variável,,,8981,,seed_from_wordfreq_pt
wfpt-08881,vazias,,,8982,,seed_from_wordfreq_pt
wfpt-08882,vencido,,,8983,,seed_from_wordfreq_pt
wfpt-08883,vincent,,,8984,,seed_from_wordfreq_pt
wfpt-08884,violentos,,,8985,,seed_from_wordfreq_pt
wfpt-08885,votaram,,,8986,,seed_from_wordfreq_pt
wfpt-08886,watch,,,8987,,seed_from_wordfreq_pt
wfpt-08887,ótimas,,,8988,,seed_from_wordfreq_pt
wfpt-08888,abrangente,,,8989,,seed_from_wordfreq_pt
wfpt-08889,abraços,,,8990,,seed_from_wordfreq_pt
wfpt-08890,acordada,,,8991,,seed_from_wordfreq_pt
wfpt-08891,aderir,,,8992,,seed_from_wordfreq_pt
wfpt-08892,administradores,,,8993,,seed_from_wordfreq_pt
wfpt-08893,admiração,,,8994,,seed_from_wordfreq_pt
wfpt-08894,admito,,,8995,,seed_from_wordfreq_pt
wfpt-08895,allen,,,8996,,seed_from_wordfreq_pt
wfpt-08896,area,,,8997,,seed_from_wordfreq_pt
wfpt-08897,arsenal,,,8998,,seed_from_wordfreq_pt
wfpt-08898,artesanato,,,8999,,seed_from_wordfreq_pt
wfpt-08899,asilo,,,9000,,seed_from_wordfreq_pt
wfpt-08900,atentos,,,9001,,seed_from_wordfreq_pt
wfpt-08901,ativistas,,,9002,,seed_from_wordfreq_pt
wfpt-08902,atualizada,,,9003,,seed_from_wordfreq_pt
wfpt-08903,ausente,,,9004,,seed_from_wordfreq_pt
wfpt-08904,aviação,,,9005,,seed_from_wordfreq_pt
wfpt-08905,balança,,,9006,,seed_from_wordfreq_pt
wfpt-08906,baleia,,,9007,,seed_from_wordfreq_pt
wfpt-08907,bilhetes,,,9008,,seed_from_wordfreq_pt
wfpt-08908,boys,,,9009,,seed_from_wordfreq_pt
wfpt-08909,cacau,,,9010,,seed_from_wordfreq_pt
wfpt-08910,camargo,,,9011,,seed_from_wordfreq_pt
wfpt-08911,camarão,,,9012,,seed_from_wordfreq_pt
wfpt-08912,cano,,,9013,,seed_from_wordfreq_pt
wfpt-08913,carreiras,,,9014,,seed_from_wordfreq_pt
wfpt-08914,celebrado,,,9015,,seed_from_wordfreq_pt
wfpt-08915,centímetros,,,9016,,seed_from_wordfreq_pt
wfpt-08916,cesta,,,9017,,seed_from_wordfreq_pt
wfpt-08917,chegará,,,9018,,seed_from_wordfreq_pt
wfpt-08918,chileno,,,9019,,seed_from_wordfreq_pt
wfpt-08919,cobertas,,,9020,,seed_from_wordfreq_pt
wfpt-08920,coletivos,,,9021,,seed_from_wordfreq_pt
wfpt-08921,collins,,,9022,,seed_from_wordfreq_pt
wfpt-08922,colocá,,,9023,,seed_from_wordfreq_pt
wfpt-08923,colombiano,,,9024,,seed_from_wordfreq_pt
wfpt-08924,comidas,,,9025,,seed_from_wordfreq_pt
wfpt-08925,compartilhando,,,9026,,seed_from_wordfreq_pt
wfpt-08926,concluída,,,9027,,seed_from_wordfreq_pt
wfpt-08927,confie,,,9028,,seed_from_wordfreq_pt
wfpt-08928,conscientização,,,9029,,seed_from_wordfreq_pt
wfpt-08929,consolidação,,,9030,,seed_from_wordfreq_pt
wfpt-08930,continentes,,,9031,,seed_from_wordfreq_pt
wfpt-08931,converter,,,9032,,seed_from_wordfreq_pt
wfpt-08932,cordeiro,,,9033,,seed_from_wordfreq_pt
wfpt-08933,correspondentes,,,9034,,seed_from_wordfreq_pt
wfpt-08934,corrupto,,,9035,,seed_from_wordfreq_pt
wfpt-08935,cumpriu,,,9036,,seed_from_wordfreq_pt
wfpt-08936,dale,,,9037,,seed_from_wordfreq_pt
wfpt-08937,dallas,,,9038,,seed_from_wordfreq_pt
wfpt-08938,definições,,,9039,,seed_from_wordfreq_pt
wfpt-08939,descendo,,,9040,,seed_from_wordfreq_pt
wfpt-08940,destinados,,,9041,,seed_from_wordfreq_pt
wfpt-08941,deveres,,,9042,,seed_from_wordfreq_pt
wfpt-08942,distritos,,,9043,,seed_from_wordfreq_pt
wfpt-08943,décimo,,,9044,,seed_from_wordfreq_pt
wfpt-08944,earth,,,9045,,seed_from_wordfreq_pt
wfpt-08945,emagrecer,,,9046,,seed_from_wordfreq_pt
wfpt-08946,encontrá,,,9047,,seed_from_wordfreq_pt
wfpt-08947,enfrentou,,,9048,,seed_from_wordfreq_pt
wfpt-08948,estender,,,9049,,seed_from_wordfreq_pt
wfpt-08949,estratégico,,,9050,,seed_from_wordfreq_pt
wfpt-08950,estreita,,,9051,,seed_from_wordfreq_pt
wfpt-08951,farei,,,9052,,seed_from_wordfreq_pt
wfpt-08952,fera,,,9053,,seed_from_wordfreq_pt
wfpt-08953,financiar,,,9054,,seed_from_wordfreq_pt
wfpt-08954,find,,,9055,,seed_from_wordfreq_pt
wfpt-08955,forum,,,9056,,seed_from_wordfreq_pt
wfpt-08956,fundamento,,,9057,,seed_from_wordfreq_pt
wfpt-08957,grammy,,,9058,,seed_from_wordfreq_pt
wfpt-08958,hashtag,,,9059,,seed_from_wordfreq_pt
wfpt-08959,incluídos,,,9060,,seed_from_wordfreq_pt
wfpt-08960,influentes,,,9061,,seed_from_wordfreq_pt
wfpt-08961,iniciando,,,9062,,seed_from_wordfreq_pt
wfpt-08962,inseto,,,9063,,seed_from_wordfreq_pt
wfpt-08963,integrada,,,9064,,seed_from_wordfreq_pt
wfpt-08964,interino,,,9065,,seed_from_wordfreq_pt
wfpt-08965,interpretações,,,9066,,seed_from_wordfreq_pt
wfpt-08966,investigador,,,9067,,seed_from_wordfreq_pt
wfpt-08967,inês,,,9068,,seed_from_wordfreq_pt
wfpt-08968,irritado,,,9069,,seed_from_wordfreq_pt
wfpt-08969,isolada,,,9070,,seed_from_wordfreq_pt
wfpt-08970,lapa,,,9071,,seed_from_wordfreq_pt
wfpt-08971,luanda,,,9072,,seed_from_wordfreq_pt
wfpt-08972,lúcio,,,9073,,seed_from_wordfreq_pt
wfpt-08973,manobras,,,9074,,seed_from_wordfreq_pt
wfpt-08974,mantidos,,,9075,,seed_from_wordfreq_pt
wfpt-08975,margaret,,,9076,,seed_from_wordfreq_pt
wfpt-08976,maternidade,,,9077,,seed_from_wordfreq_pt
wfpt-08977,medicamento,,,9078,,seed_from_wordfreq_pt
wfpt-08978,nascidos,,,9079,,seed_from_wordfreq_pt
wfpt-08979,nintendo,,,9080,,seed_from_wordfreq_pt
wfpt-08980,paguei,,,9082,,seed_from_wordfreq_pt
wfpt-08981,palha,,,9083,,seed_from_wordfreq_pt
wfpt-08982,participações,,,9084,,seed_from_wordfreq_pt
wfpt-08983,pastoral,,,9085,,seed_from_wordfreq_pt
wfpt-08984,pecuária,,,9086,,seed_from_wordfreq_pt
wfpt-08985,perigosas,,,9087,,seed_from_wordfreq_pt
wfpt-08986,pesar,,,9088,,seed_from_wordfreq_pt
wfpt-08987,pi,,,9089,,seed_from_wordfreq_pt
wfpt-08988,poupar,,,9090,,seed_from_wordfreq_pt
wfpt-08989,preferia,,,9091,,seed_from_wordfreq_pt
wfpt-08990,prejuízos,,,9092,,seed_from_wordfreq_pt
wfpt-08991,psicológica,,,9093,,seed_from_wordfreq_pt
wfpt-08992,qui,,,9094,,seed_from_wordfreq_pt
wfpt-08993,quieta,,,9095,,seed_from_wordfreq_pt
wfpt-08994,raposa,,,9096,,seed_from_wordfreq_pt
wfpt-08995,raymond,,,9097,,seed_from_wordfreq_pt
wfpt-08996,rebecca,,,9098,,seed_from_wordfreq_pt
wfpt-08997,reclamando,,,9099,,seed_from_wordfreq_pt
wfpt-08998,restaurar,,,9100,,seed_from_wordfreq_pt
wfpt-08999,reverter,,,9101,,seed_from_wordfreq_pt
wfpt-09000,revolucionária,,,9102,,seed_from_wordfreq_pt
wfpt-09001,rob,,,9103,,seed_from_wordfreq_pt
wfpt-09002,réu,,,9104,,seed_from_wordfreq_pt
wfpt-09003,samsung,,,9105,,seed_from_wordfreq_pt
wfpt-09004,saímos,,,9106,,seed_from_wordfreq_pt
wfpt-09005,sintam,,,9107,,seed_from_wordfreq_pt
wfpt-09006,socialismo,,,9108,,seed_from_wordfreq_pt
wfpt-09007,sri,,,9109,,seed_from_wordfreq_pt
wfpt-09008,sucessor,,,9110,,seed_from_wordfreq_pt
wfpt-09009,susan,,,9111,,seed_from_wordfreq_pt
wfpt-09010,suíte,,,9112,,seed_from_wordfreq_pt
wfpt-09011,tabaco,,,9113,,seed_from_wordfreq_pt
wfpt-09012,tarifa,,,9114,,seed_from_wordfreq_pt
wfpt-09013,terremoto,,,9115,,seed_from_wordfreq_pt
wfpt-09014,tomara,,,9116,,seed_from_wordfreq_pt
wfpt-09015,tommy,,,9117,,seed_from_wordfreq_pt
wfpt-09016,trabalhei,,,9118,,seed_from_wordfreq_pt
wfpt-09017,transmissões,,,9119,,seed_from_wordfreq_pt
wfpt-09018,treta,,,9120,,seed_from_wordfreq_pt
wfpt-09019,tumblr,,,9121,,seed_from_wordfreq_pt
wfpt-09020,tumor,,,9122,,seed_from_wordfreq_pt
wfpt-09021,usavam,,,9123,,seed_from_wordfreq_pt
wfpt-09022,uva,,,9124,,seed_from_wordfreq_pt
wfpt-09023,vendem,,,9125,,seed_from_wordfreq_pt
wfpt-09024,verbo,,,9126,,seed_from_wordfreq_pt
wfpt-09025,vire,,,9127,,seed_from_wordfreq_pt
wfpt-09026,vocal,,,9128,,seed_from_wordfreq_pt
wfpt-09027,vossas,,,9129,,seed_from_wordfreq_pt
wfpt-09028,word,,,9130,,seed_from_wordfreq_pt
wfpt-09029,wordpress,,,9131,,seed_from_wordfreq_pt
wfpt-09030,abrigar,,,9132,,seed_from_wordfreq_pt
wfpt-09031,aceitam,,,9133,,seed_from_wordfreq_pt
wfpt-09032,acerto,,,9134,,seed_from_wordfreq_pt
wfpt-09033,alega,,,9135,,seed_from_wordfreq_pt
wfpt-09034,aliviar,,,9136,,seed_from_wordfreq_pt
wfpt-09035,amadora,,,9137,,seed_from_wordfreq_pt
wfpt-09036,analistas,,,9138,,seed_from_wordfreq_pt
wfpt-09037,aparecimento,,,9139,,seed_from_wordfreq_pt
wfpt-09038,apontando,,,9140,,seed_from_wordfreq_pt
wfpt-09039,assassinada,,,9141,,seed_from_wordfreq_pt
wfpt-09040,assinaturas,,,9142,,seed_from_wordfreq_pt
wfpt-09041,assine,,,9143,,seed_from_wordfreq_pt
wfpt-09042,atlântica,,,9144,,seed_from_wordfreq_pt
wfpt-09043,bancário,,,9145,,seed_from_wordfreq_pt
wfpt-09044,bissau,,,9146,,seed_from_wordfreq_pt
wfpt-09045,cancro,,,9147,,seed_from_wordfreq_pt
wfpt-09046,cansaço,,,9148,,seed_from_wordfreq_pt
wfpt-09047,capitalista,,,9149,,seed_from_wordfreq_pt
wfpt-09048,cartel,,,9150,,seed_from_wordfreq_pt
wfpt-09049,centavos,,,9151,,seed_from_wordfreq_pt
wfpt-09050,cerimónia,,,9152,,seed_from_wordfreq_pt
wfpt-09051,chuck,,,9153,,seed_from_wordfreq_pt
wfpt-09052,cirurgião,,,9154,,seed_from_wordfreq_pt
wfpt-09053,comissário,,,9155,,seed_from_wordfreq_pt
wfpt-09054,compensar,,,9156,,seed_from_wordfreq_pt
wfpt-09055,comprometer,,,9157,,seed_from_wordfreq_pt
wfpt-09056,congregação,,,9158,,seed_from_wordfreq_pt
wfpt-09057,conselheiros,,,9159,,seed_from_wordfreq_pt
wfpt-09058,contabilidade,,,9160,,seed_from_wordfreq_pt
wfpt-09059,contratados,,,9161,,seed_from_wordfreq_pt
wfpt-09060,contribuem,,,9162,,seed_from_wordfreq_pt
wfpt-09061,contribuindo,,,9163,,seed_from_wordfreq_pt
wfpt-09062,convencido,,,9164,,seed_from_wordfreq_pt
wfpt-09063,convicção,,,9165,,seed_from_wordfreq_pt
wfpt-09064,copos,,,9166,,seed_from_wordfreq_pt
wfpt-09065,covarde,,,9167,,seed_from_wordfreq_pt
wfpt-09066,criticado,,,9168,,seed_from_wordfreq_pt
wfpt-09067,crônicas,,,9169,,seed_from_wordfreq_pt
wfpt-09068,cuidadosamente,,,9170,,seed_from_wordfreq_pt
wfpt-09069,dedicados,,,9171,,seed_from_wordfreq_pt
wfpt-09070,demonstrando,,,9172,,seed_from_wordfreq_pt
wfpt-09071,depressa,,,9173,,seed_from_wordfreq_pt
wfpt-09072,descobrem,,,9174,,seed_from_wordfreq_pt
wfpt-09073,descobrimos,,,9175,,seed_from_wordfreq_pt
wfpt-09074,descobrindo,,,9176,,seed_from_wordfreq_pt
wfpt-09075,digna,,,9177,,seed_from_wordfreq_pt
wfpt-09076,distinguir,,,9178,,seed_from_wordfreq_pt
wfpt-09077,diâmetro,,,9179,,seed_from_wordfreq_pt
wfpt-09078,documentários,,,9180,,seed_from_wordfreq_pt
wfpt-09079,edgar,,,9181,,seed_from_wordfreq_pt
wfpt-09080,enche,,,9182,,seed_from_wordfreq_pt
wfpt-09081,ensinamentos,,,9183,,seed_from_wordfreq_pt
wfpt-09082,entro,,,9184,,seed_from_wordfreq_pt
wfpt-09083,espalhou,,,9185,,seed_from_wordfreq_pt
wfpt-09084,estudado,,,9186,,seed_from_wordfreq_pt
wfpt-09085,expõe,,,9187,,seed_from_wordfreq_pt
wfpt-09086,fabio,,,9188,,seed_from_wordfreq_pt
wfpt-09087,faremos,,,9189,,seed_from_wordfreq_pt
wfpt-09088,fecho,,,9190,,seed_from_wordfreq_pt
wfpt-09089,fenômenos,,,9191,,seed_from_wordfreq_pt
wfpt-09090,flagrante,,,9192,,seed_from_wordfreq_pt
wfpt-09091,forçando,,,9193,,seed_from_wordfreq_pt
wfpt-09092,fósseis,,,9194,,seed_from_wordfreq_pt
wfpt-09093,gangue,,,9195,,seed_from_wordfreq_pt
wfpt-09094,garantias,,,9196,,seed_from_wordfreq_pt
wfpt-09095,gravando,,,9197,,seed_from_wordfreq_pt
wfpt-09096,grãos,,,9198,,seed_from_wordfreq_pt
wfpt-09097,helen,,,9199,,seed_from_wordfreq_pt
wfpt-09098,honestidade,,,9200,,seed_from_wordfreq_pt
wfpt-09099,impedindo,,,9201,,seed_from_wordfreq_pt
wfpt-09100,incapacidade,,,9202,,seed_from_wordfreq_pt
wfpt-09101,indenização,,,9203,,seed_from_wordfreq_pt
wfpt-09102,instabilidade,,,9204,,seed_from_wordfreq_pt
wfpt-09103,inteiros,,,9205,,seed_from_wordfreq_pt
wfpt-09104,irregular,,,9206,,seed_from_wordfreq_pt
wfpt-09105,islândia,,,9207,,seed_from_wordfreq_pt
wfpt-09106,jamaica,,,9208,,seed_from_wordfreq_pt
wfpt-09107,jogava,,,9209,,seed_from_wordfreq_pt
wfpt-09108,latim,,,9210,,seed_from_wordfreq_pt
wfpt-09109,legião,,,9211,,seed_from_wordfreq_pt
wfpt-09110,legítima,,,9212,,seed_from_wordfreq_pt
wfpt-09111,libertado,,,9213,,seed_from_wordfreq_pt
wfpt-09112,localizadas,,,9214,,seed_from_wordfreq_pt
wfpt-09113,londrina,,,9215,,seed_from_wordfreq_pt
wfpt-09114,lote,,,9216,,seed_from_wordfreq_pt
wfpt-09115,lutador,,,9217,,seed_from_wordfreq_pt
wfpt-09116,madame,,,9218,,seed_from_wordfreq_pt
wfpt-09117,madre,,,9219,,seed_from_wordfreq_pt
wfpt-09118,manchester,,,9220,,seed_from_wordfreq_pt
wfpt-09119,maravilhosos,,,9221,,seed_from_wordfreq_pt
wfpt-09120,marcel,,,9222,,seed_from_wordfreq_pt
wfpt-09121,obstante,,,9223,,seed_from_wordfreq_pt
wfpt-09122,oitenta,,,9224,,seed_from_wordfreq_pt
wfpt-09123,org,,,9225,,seed_from_wordfreq_pt
wfpt-09124,orkut,,,9226,,seed_from_wordfreq_pt
wfpt-09125,paiva,,,9227,,seed_from_wordfreq_pt
wfpt-09126,pavilhão,,,9228,,seed_from_wordfreq_pt
wfpt-09127,percebemos,,,9229,,seed_from_wordfreq_pt
wfpt-09128,perdidas,,,9230,,seed_from_wordfreq_pt
wfpt-09129,pertencentes,,,9231,,seed_from_wordfreq_pt
wfpt-09130,pesa,,,9232,,seed_from_wordfreq_pt
wfpt-09131,pilha,,,9233,,seed_from_wordfreq_pt
wfpt-09132,planejada,,,9234,,seed_from_wordfreq_pt
wfpt-09133,pornografia,,,9235,,seed_from_wordfreq_pt
wfpt-09134,pretendem,,,9236,,seed_from_wordfreq_pt
wfpt-09135,provisória,,,9237,,seed_from_wordfreq_pt
wfpt-09136,psicólogo,,,9238,,seed_from_wordfreq_pt
wfpt-09137,reciclagem,,,9239,,seed_from_wordfreq_pt
wfpt-09138,registos,,,9240,,seed_from_wordfreq_pt
wfpt-09139,relatado,,,9241,,seed_from_wordfreq_pt
wfpt-09140,removido,,,9242,,seed_from_wordfreq_pt
wfpt-09141,representados,,,9243,,seed_from_wordfreq_pt
wfpt-09142,research,,,9244,,seed_from_wordfreq_pt
wfpt-09143,resumindo,,,9245,,seed_from_wordfreq_pt
wfpt-09144,reunindo,,,9246,,seed_from_wordfreq_pt
wfpt-09145,revelando,,,9247,,seed_from_wordfreq_pt
wfpt-09146,ridícula,,,9248,,seed_from_wordfreq_pt
wfpt-09147,riquezas,,,9249,,seed_from_wordfreq_pt
wfpt-09148,rolo,,,9250,,seed_from_wordfreq_pt
wfpt-09149,romana,,,9251,,seed_from_wordfreq_pt
wfpt-09150,romances,,,9252,,seed_from_wordfreq_pt
wfpt-09151,romper,,,9253,,seed_from_wordfreq_pt
wfpt-09152,rt,,,9254,,seed_from_wordfreq_pt
wfpt-09153,rápidas,,,9255,,seed_from_wordfreq_pt
wfpt-09154,seguras,,,9256,,seed_from_wordfreq_pt
wfpt-09155,skate,,,9257,,seed_from_wordfreq_pt
wfpt-09156,sobremesa,,,9258,,seed_from_wordfreq_pt
wfpt-09157,solicitação,,,9259,,seed_from_wordfreq_pt
wfpt-09158,sonhando,,,9260,,seed_from_wordfreq_pt
wfpt-09159,sophie,,,9261,,seed_from_wordfreq_pt
wfpt-09160,sorocaba,,,9262,,seed_from_wordfreq_pt
wfpt-09161,summer,,,9263,,seed_from_wordfreq_pt
wfpt-09162,sumo,,,9264,,seed_from_wordfreq_pt
wfpt-09163,superficial,,,9265,,seed_from_wordfreq_pt
wfpt-09164,sur,,,9266,,seed_from_wordfreq_pt
wfpt-09165,surto,,,9267,,seed_from_wordfreq_pt
wfpt-09166,suspensa,,,9268,,seed_from_wordfreq_pt
wfpt-09167,tecnicamente,,,9269,,seed_from_wordfreq_pt
wfpt-09168,telefônica,,,9270,,seed_from_wordfreq_pt
wfpt-09169,terminaram,,,9271,,seed_from_wordfreq_pt
wfpt-09170,titulares,,,9272,,seed_from_wordfreq_pt
wfpt-09171,tomem,,,9273,,seed_from_wordfreq_pt
wfpt-09172,trabalharam,,,9274,,seed_from_wordfreq_pt
wfpt-09173,triplo,,,9275,,seed_from_wordfreq_pt
wfpt-09174,village,,,9276,,seed_from_wordfreq_pt
wfpt-09175,voa,,,9277,,seed_from_wordfreq_pt
wfpt-09176,vocabulário,,,9278,,seed_from_wordfreq_pt
wfpt-09177,volumes,,,9279,,seed_from_wordfreq_pt
wfpt-09178,vácuo,,,9280,,seed_from_wordfreq_pt
wfpt-09179,íntimo,,,9282,,seed_from_wordfreq_pt
wfpt-09180,acabaria,,,9283,,seed_from_wordfreq_pt
wfpt-09181,aceitando,,,9284,,seed_from_wordfreq_pt
wfpt-09182,acontecia,,,9285,,seed_from_wordfreq_pt
wfpt-09183,ademais,,,9286,,seed_from_wordfreq_pt
wfpt-09184,amazon,,,9287,,seed_from_wordfreq_pt
wfpt-09185,ameaçou,,,9288,,seed_from_wordfreq_pt
wfpt-09186,aprendemos,,,9289,,seed_from_wordfreq_pt
wfpt-09187,atingida,,,9290,,seed_from_wordfreq_pt
wfpt-09188,auditório,,,9291,,seed_from_wordfreq_pt
wfpt-09189,avança,,,9292,,seed_from_wordfreq_pt
wfpt-09190,avatar,,,9293,,seed_from_wordfreq_pt
wfpt-09191,bancária,,,9294,,seed_from_wordfreq_pt
wfpt-09192,banheira,,,9295,,seed_from_wordfreq_pt
wfpt-09193,bell,,,9296,,seed_from_wordfreq_pt
wfpt-09194,belos,,,9297,,seed_from_wordfreq_pt
wfpt-09195,bolha,,,9298,,seed_from_wordfreq_pt
wfpt-09196,boneco,,,9299,,seed_from_wordfreq_pt
wfpt-09197,brasileirão,,,9300,,seed_from_wordfreq_pt
wfpt-09198,brigas,,,9301,,seed_from_wordfreq_pt
wfpt-09199,burocracia,,,9302,,seed_from_wordfreq_pt
wfpt-09200,cairo,,,9303,,seed_from_wordfreq_pt
wfpt-09201,calada,,,9304,,seed_from_wordfreq_pt
wfpt-09202,cega,,,9305,,seed_from_wordfreq_pt
wfpt-09203,celebra,,,9306,,seed_from_wordfreq_pt
wfpt-09204,chanceler,,,9307,,seed_from_wordfreq_pt
wfpt-09205,chata,,,9308,,seed_from_wordfreq_pt
wfpt-09206,chegava,,,9309,,seed_from_wordfreq_pt
wfpt-09207,christopher,,,9310,,seed_from_wordfreq_pt
wfpt-09208,ciclone,,,9311,,seed_from_wordfreq_pt
wfpt-09209,coleções,,,9312,,seed_from_wordfreq_pt
wfpt-09210,comandos,,,9313,,seed_from_wordfreq_pt
wfpt-09211,comentarista,,,9314,,seed_from_wordfreq_pt
wfpt-09212,compaixão,,,9315,,seed_from_wordfreq_pt
wfpt-09213,companheira,,,9316,,seed_from_wordfreq_pt
wfpt-09214,conservadores,,,9317,,seed_from_wordfreq_pt
wfpt-09215,consistente,,,9318,,seed_from_wordfreq_pt
wfpt-09216,cortesia,,,9319,,seed_from_wordfreq_pt
wfpt-09217,criamos,,,9320,,seed_from_wordfreq_pt
wfpt-09218,definitivo,,,9321,,seed_from_wordfreq_pt
wfpt-09219,denominação,,,9322,,seed_from_wordfreq_pt
wfpt-09220,desenhada,,,9323,,seed_from_wordfreq_pt
wfpt-09221,devendo,,,9324,,seed_from_wordfreq_pt
wfpt-09222,diferentemente,,,9325,,seed_from_wordfreq_pt
wfpt-09223,diminuiu,,,9326,,seed_from_wordfreq_pt
wfpt-09224,dream,,,9327,,seed_from_wordfreq_pt
wfpt-09225,ecologia,,,9328,,seed_from_wordfreq_pt
wfpt-09226,egoísta,,,9329,,seed_from_wordfreq_pt
wfpt-09227,einstein,,,9330,,seed_from_wordfreq_pt
wfpt-09228,enviaram,,,9331,,seed_from_wordfreq_pt
wfpt-09229,epidemia,,,9332,,seed_from_wordfreq_pt
wfpt-09230,escassez,,,9333,,seed_from_wordfreq_pt
wfpt-09231,especialidade,,,9334,,seed_from_wordfreq_pt
wfpt-09232,estrutural,,,9335,,seed_from_wordfreq_pt
wfpt-09233,estágios,,,9336,,seed_from_wordfreq_pt
wfpt-09234,eventual,,,9337,,seed_from_wordfreq_pt
wfpt-09235,falada,,,9338,,seed_from_wordfreq_pt
wfpt-09236,fantasias,,,9339,,seed_from_wordfreq_pt
wfpt-09237,filtros,,,9340,,seed_from_wordfreq_pt
wfpt-09238,formais,,,9341,,seed_from_wordfreq_pt
wfpt-09239,franklin,,,9342,,seed_from_wordfreq_pt
wfpt-09240,fresca,,,9343,,seed_from_wordfreq_pt
wfpt-09241,félix,,,9344,,seed_from_wordfreq_pt
wfpt-09242,genebra,,,9345,,seed_from_wordfreq_pt
wfpt-09243,governança,,,9346,,seed_from_wordfreq_pt
wfpt-09244,grandeza,,,9347,,seed_from_wordfreq_pt
wfpt-09245,guardado,,,9348,,seed_from_wordfreq_pt
wfpt-09246,hambúrguer,,,9349,,seed_from_wordfreq_pt
wfpt-09247,heart,,,9350,,seed_from_wordfreq_pt
wfpt-09248,herdeiro,,,9351,,seed_from_wordfreq_pt
wfpt-09249,homenagens,,,9352,,seed_from_wordfreq_pt
wfpt-09250,hp,,,9353,,seed_from_wordfreq_pt
wfpt-09251,human,,,9354,,seed_from_wordfreq_pt
wfpt-09252,impressa,,,9355,,seed_from_wordfreq_pt
wfpt-09253,info,,,9356,,seed_from_wordfreq_pt
wfpt-09254,interromper,,,9357,,seed_from_wordfreq_pt
wfpt-09255,inédito,,,9358,,seed_from_wordfreq_pt
wfpt-09256,jeans,,,9359,,seed_from_wordfreq_pt
wfpt-09257,jogue,,,9360,,seed_from_wordfreq_pt
wfpt-09258,joguei,,,9361,,seed_from_wordfreq_pt
wfpt-09259,judas,,,9362,,seed_from_wordfreq_pt
wfpt-09260,julga,,,9363,,seed_from_wordfreq_pt
wfpt-09261,juntando,,,9364,,seed_from_wordfreq_pt
wfpt-09262,limitar,,,9365,,seed_from_wordfreq_pt
wfpt-09263,living,,,9366,,seed_from_wordfreq_pt
wfpt-09264,lâmina,,,9367,,seed_from_wordfreq_pt
wfpt-09265,lésbica,,,9368,,seed_from_wordfreq_pt
wfpt-09266,mai,,,9369,,seed_from_wordfreq_pt
wfpt-09267,mede,,,9370,,seed_from_wordfreq_pt
wfpt-09268,monitorar,,,9371,,seed_from_wordfreq_pt
wfpt-09269,motel,,,9372,,seed_from_wordfreq_pt
wfpt-09270,murphy,,,9373,,seed_from_wordfreq_pt
wfpt-09271,naqueles,,,9374,,seed_from_wordfreq_pt
wfpt-09272,narrador,,,9375,,seed_from_wordfreq_pt
wfpt-09273,neil,,,9376,,seed_from_wordfreq_pt
wfpt-09274,nerd,,,9377,,seed_from_wordfreq_pt
wfpt-09275,north,,,9378,,seed_from_wordfreq_pt
wfpt-09276,organizadores,,,9379,,seed_from_wordfreq_pt
wfpt-09277,paes,,,9380,,seed_from_wordfreq_pt
wfpt-09278,pague,,,9381,,seed_from_wordfreq_pt
wfpt-09279,pb,,,9382,,seed_from_wordfreq_pt
wfpt-09280,península,,,9383,,seed_from_wordfreq_pt
wfpt-09281,perdoa,,,9384,,seed_from_wordfreq_pt
wfpt-09282,periferia,,,9385,,seed_from_wordfreq_pt
wfpt-09283,pimentel,,,9386,,seed_from_wordfreq_pt
wfpt-09284,po,,,9387,,seed_from_wordfreq_pt
wfpt-09285,podre,,,9388,,seed_from_wordfreq_pt
wfpt-09286,portaria,,,9389,,seed_from_wordfreq_pt
wfpt-09287,possuía,,,9390,,seed_from_wordfreq_pt
wfpt-09288,produzindo,,,9391,,seed_from_wordfreq_pt
wfpt-09289,programado,,,9392,,seed_from_wordfreq_pt
wfpt-09290,prostitutas,,,9393,,seed_from_wordfreq_pt
wfpt-09291,psol,,,9394,,seed_from_wordfreq_pt
wfpt-09292,punho,,,9395,,seed_from_wordfreq_pt
wfpt-09293,quanta,,,9396,,seed_from_wordfreq_pt
wfpt-09294,receberá,,,9397,,seed_from_wordfreq_pt
wfpt-09295,referem,,,9398,,seed_from_wordfreq_pt
wfpt-09296,refrigerante,,,9399,,seed_from_wordfreq_pt
wfpt-09297,renovar,,,9400,,seed_from_wordfreq_pt
wfpt-09298,republicano,,,9401,,seed_from_wordfreq_pt
wfpt-09299,respectivas,,,9402,,seed_from_wordfreq_pt
wfpt-09300,sapo,,,9403,,seed_from_wordfreq_pt
wfpt-09301,seattle,,,9404,,seed_from_wordfreq_pt
wfpt-09302,seguia,,,9405,,seed_from_wordfreq_pt
wfpt-09303,seguimos,,,9406,,seed_from_wordfreq_pt
wfpt-09304,sitio,,,9407,,seed_from_wordfreq_pt
wfpt-09305,sobrevivente,,,9408,,seed_from_wordfreq_pt
wfpt-09306,solucionar,,,9409,,seed_from_wordfreq_pt
wfpt-09307,sonha,,,9410,,seed_from_wordfreq_pt
wfpt-09308,stanley,,,9411,,seed_from_wordfreq_pt
wfpt-09309,submeter,,,9412,,seed_from_wordfreq_pt
wfpt-09310,sócrates,,,9413,,seed_from_wordfreq_pt
wfpt-09311,sólido,,,9414,,seed_from_wordfreq_pt
wfpt-09312,territorial,,,9415,,seed_from_wordfreq_pt
wfpt-09313,trilhos,,,9416,,seed_from_wordfreq_pt
wfpt-09314,trindade,,,9417,,seed_from_wordfreq_pt
wfpt-09315,true,,,9418,,seed_from_wordfreq_pt
wfpt-09316,utilizou,,,9419,,seed_from_wordfreq_pt
wfpt-09317,vendedores,,,9420,,seed_from_wordfreq_pt
wfpt-09318,verifique,,,9421,,seed_from_wordfreq_pt
wfpt-09319,vingar,,,9422,,seed_from_wordfreq_pt
wfpt-09320,virginia,,,9423,,seed_from_wordfreq_pt
wfpt-09321,ídolos,,,9424,,seed_from_wordfreq_pt
wfpt-09322,abertamente,,,9426,,seed_from_wordfreq_pt
wfpt-09323,abrange,,,9427,,seed_from_wordfreq_pt
wfpt-09324,abrem,,,9428,,seed_from_wordfreq_pt
wfpt-09325,abriram,,,9429,,seed_from_wordfreq_pt
wfpt-09326,abundância,,,9430,,seed_from_wordfreq_pt
wfpt-09327,acusou,,,9431,,seed_from_wordfreq_pt
wfpt-09328,adaptado,,,9432,,seed_from_wordfreq_pt
wfpt-09329,adorava,,,9433,,seed_from_wordfreq_pt
wfpt-09330,ago,,,9434,,seed_from_wordfreq_pt
wfpt-09331,agostinho,,,9435,,seed_from_wordfreq_pt
wfpt-09332,aguarde,,,9436,,seed_from_wordfreq_pt
wfpt-09333,amou,,,9437,,seed_from_wordfreq_pt
wfpt-09334,anuais,,,9438,,seed_from_wordfreq_pt
wfpt-09335,anunciaram,,,9439,,seed_from_wordfreq_pt
wfpt-09336,arizona,,,9440,,seed_from_wordfreq_pt
wfpt-09337,armadura,,,9441,,seed_from_wordfreq_pt
wfpt-09338,assunção,,,9442,,seed_from_wordfreq_pt
wfpt-09339,atribuído,,,9443,,seed_from_wordfreq_pt
wfpt-09340,audiovisual,,,9444,,seed_from_wordfreq_pt
wfpt-09341,automática,,,9445,,seed_from_wordfreq_pt
wfpt-09342,avisou,,,9446,,seed_from_wordfreq_pt
wfpt-09343,aécio,,,9447,,seed_from_wordfreq_pt
wfpt-09344,banca,,,9448,,seed_from_wordfreq_pt
wfpt-09345,boate,,,9450,,seed_from_wordfreq_pt
wfpt-09346,bolsos,,,9451,,seed_from_wordfreq_pt
wfpt-09347,calibre,,,9452,,seed_from_wordfreq_pt
wfpt-09348,cearense,,,9453,,seed_from_wordfreq_pt
wfpt-09349,ceder,,,9454,,seed_from_wordfreq_pt
wfpt-09350,cerâmica,,,9455,,seed_from_wordfreq_pt
wfpt-09351,cinto,,,9456,,seed_from_wordfreq_pt
wfpt-09352,close,,,9457,,seed_from_wordfreq_pt
wfpt-09353,colorido,,,9458,,seed_from_wordfreq_pt
wfpt-09354,comem,,,9459,,seed_from_wordfreq_pt
wfpt-09355,completos,,,9460,,seed_from_wordfreq_pt
wfpt-09356,compostos,,,9461,,seed_from_wordfreq_pt
wfpt-09357,comumente,,,9462,,seed_from_wordfreq_pt
wfpt-09358,confessar,,,9463,,seed_from_wordfreq_pt
wfpt-09359,conjuntos,,,9464,,seed_from_wordfreq_pt
wfpt-09360,conquistado,,,9465,,seed_from_wordfreq_pt
wfpt-09361,contador,,,9466,,seed_from_wordfreq_pt
wfpt-09362,contribuíram,,,9467,,seed_from_wordfreq_pt
wfpt-09363,convém,,,9468,,seed_from_wordfreq_pt
wfpt-09364,cortina,,,9469,,seed_from_wordfreq_pt
wfpt-09365,cronograma,,,9470,,seed_from_wordfreq_pt
wfpt-09366,culpada,,,9471,,seed_from_wordfreq_pt
wfpt-09367,demonstrado,,,9472,,seed_from_wordfreq_pt
wfpt-09368,descanse,,,9473,,seed_from_wordfreq_pt
wfpt-09369,desprezo,,,9474,,seed_from_wordfreq_pt
wfpt-09370,destrói,,,9475,,seed_from_wordfreq_pt
wfpt-09371,deverão,,,9476,,seed_from_wordfreq_pt
wfpt-09372,diretos,,,9477,,seed_from_wordfreq_pt
wfpt-09373,disparo,,,9478,,seed_from_wordfreq_pt
wfpt-09374,dragões,,,9479,,seed_from_wordfreq_pt
wfpt-09375,economias,,,9480,,seed_from_wordfreq_pt
wfpt-09376,elefante,,,9481,,seed_from_wordfreq_pt
wfpt-09377,elevar,,,9482,,seed_from_wordfreq_pt
wfpt-09378,enfermeira,,,9483,,seed_from_wordfreq_pt
wfpt-09379,enfiar,,,9484,,seed_from_wordfreq_pt
wfpt-09380,escapou,,,9485,,seed_from_wordfreq_pt
wfpt-09381,esqueceram,,,9486,,seed_from_wordfreq_pt
wfpt-09382,existiam,,,9487,,seed_from_wordfreq_pt
wfpt-09383,exportações,,,9488,,seed_from_wordfreq_pt
wfpt-09384,facção,,,9489,,seed_from_wordfreq_pt
wfpt-09385,falhar,,,9490,,seed_from_wordfreq_pt
wfpt-09386,farsa,,,9491,,seed_from_wordfreq_pt
wfpt-09387,feministas,,,9492,,seed_from_wordfreq_pt
wfpt-09388,ficarão,,,9493,,seed_from_wordfreq_pt
wfpt-09389,figueiredo,,,9494,,seed_from_wordfreq_pt
wfpt-09390,fingindo,,,9495,,seed_from_wordfreq_pt
wfpt-09391,fornecem,,,9496,,seed_from_wordfreq_pt
wfpt-09392,foro,,,9497,,seed_from_wordfreq_pt
wfpt-09393,fortalecimento,,,9498,,seed_from_wordfreq_pt
wfpt-09394,forçados,,,9499,,seed_from_wordfreq_pt
wfpt-09395,frei,,,9500,,seed_from_wordfreq_pt
wfpt-09396,freqüência,,,9501,,seed_from_wordfreq_pt
wfpt-09397,fôlego,,,9502,,seed_from_wordfreq_pt
wfpt-09398,gelada,,,9503,,seed_from_wordfreq_pt
wfpt-09399,genes,,,9504,,seed_from_wordfreq_pt
wfpt-09400,guerrero,,,9505,,seed_from_wordfreq_pt
wfpt-09401,helicópteros,,,9506,,seed_from_wordfreq_pt
wfpt-09402,history,,,9507,,seed_from_wordfreq_pt
wfpt-09403,id,,,9508,,seed_from_wordfreq_pt
wfpt-09404,ilustrações,,,9509,,seed_from_wordfreq_pt
wfpt-09405,importação,,,9510,,seed_from_wordfreq_pt
wfpt-09406,impressionado,,,9511,,seed_from_wordfreq_pt
wfpt-09407,injeção,,,9512,,seed_from_wordfreq_pt
wfpt-09408,inspirar,,,9513,,seed_from_wordfreq_pt
wfpt-09409,jeremy,,,9514,,seed_from_wordfreq_pt
wfpt-09410,journal,,,9515,,seed_from_wordfreq_pt
wfpt-09411,kurt,,,9516,,seed_from_wordfreq_pt
wfpt-09412,lane,,,9517,,seed_from_wordfreq_pt
wfpt-09413,laço,,,9518,,seed_from_wordfreq_pt
wfpt-09414,ligam,,,9519,,seed_from_wordfreq_pt
wfpt-09415,ligeiramente,,,9520,,seed_from_wordfreq_pt
wfpt-09416,linguagens,,,9521,,seed_from_wordfreq_pt
wfpt-09417,lola,,,9522,,seed_from_wordfreq_pt
wfpt-09418,low,,,9523,,seed_from_wordfreq_pt
wfpt-09419,mae,,,9524,,seed_from_wordfreq_pt
wfpt-09420,maldita,,,9525,,seed_from_wordfreq_pt
wfpt-09421,mandam,,,9526,,seed_from_wordfreq_pt
wfpt-09422,manifesta,,,9527,,seed_from_wordfreq_pt
wfpt-09423,manipular,,,9528,,seed_from_wordfreq_pt
wfpt-09424,marc,,,9529,,seed_from_wordfreq_pt
wfpt-09425,marfim,,,9530,,seed_from_wordfreq_pt
wfpt-09426,marginal,,,9531,,seed_from_wordfreq_pt
wfpt-09427,matei,,,9532,,seed_from_wordfreq_pt
wfpt-09428,maya,,,9533,,seed_from_wordfreq_pt
wfpt-09429,mereço,,,9534,,seed_from_wordfreq_pt
wfpt-09430,mergulhar,,,9535,,seed_from_wordfreq_pt
wfpt-09431,miles,,,9536,,seed_from_wordfreq_pt
wfpt-09432,minoria,,,9537,,seed_from_wordfreq_pt
wfpt-09433,modernização,,,9538,,seed_from_wordfreq_pt
wfpt-09434,nadar,,,9539,,seed_from_wordfreq_pt
wfpt-09435,nicolas,,,9540,,seed_from_wordfreq_pt
wfpt-09436,noturna,,,9541,,seed_from_wordfreq_pt
wfpt-09437,obs,,,9542,,seed_from_wordfreq_pt
wfpt-09438,observe,,,9543,,seed_from_wordfreq_pt
wfpt-09439,ofender,,,9544,,seed_from_wordfreq_pt
wfpt-09440,olham,,,9545,,seed_from_wordfreq_pt
wfpt-09441,olimpíada,,,9546,,seed_from_wordfreq_pt
wfpt-09442,operadoras,,,9547,,seed_from_wordfreq_pt
wfpt-09443,palcos,,,9548,,seed_from_wordfreq_pt
wfpt-09444,permanentemente,,,9549,,seed_from_wordfreq_pt
wfpt-09445,permitirá,,,9550,,seed_from_wordfreq_pt
wfpt-09446,pintor,,,9551,,seed_from_wordfreq_pt
wfpt-09447,pipoca,,,9552,,seed_from_wordfreq_pt
wfpt-09448,planejar,,,9553,,seed_from_wordfreq_pt
wfpt-09449,plásticas,,,9554,,seed_from_wordfreq_pt
wfpt-09450,porem,,,9555,,seed_from_wordfreq_pt
wfpt-09451,precipitação,,,9556,,seed_from_wordfreq_pt
wfpt-09452,presidenta,,,9557,,seed_from_wordfreq_pt
wfpt-09453,prontas,,,9558,,seed_from_wordfreq_pt
wfpt-09454,pros,,,9559,,seed_from_wordfreq_pt
wfpt-09455,prático,,,9560,,seed_from_wordfreq_pt
wfpt-09456,quadras,,,9561,,seed_from_wordfreq_pt
wfpt-09457,qualificados,,,9562,,seed_from_wordfreq_pt
wfpt-09458,queixas,,,9563,,seed_from_wordfreq_pt
wfpt-09459,raimundo,,,9564,,seed_from_wordfreq_pt
wfpt-09460,reclamam,,,9565,,seed_from_wordfreq_pt
wfpt-09461,referentes,,,9566,,seed_from_wordfreq_pt
wfpt-09462,reggae,,,9567,,seed_from_wordfreq_pt
wfpt-09463,reinaldo,,,9568,,seed_from_wordfreq_pt
wfpt-09464,rendimentos,,,9569,,seed_from_wordfreq_pt
wfpt-09465,reportagens,,,9570,,seed_from_wordfreq_pt
wfpt-09466,rn,,,9571,,seed_from_wordfreq_pt
wfpt-09467,roberts,,,9572,,seed_from_wordfreq_pt
wfpt-09468,robson,,,9573,,seed_from_wordfreq_pt
wfpt-09469,ron,,,9574,,seed_from_wordfreq_pt
wfpt-09470,rouba,,,9575,,seed_from_wordfreq_pt
wfpt-09471,roubando,,,9576,,seed_from_wordfreq_pt
wfpt-09472,sacos,,,9577,,seed_from_wordfreq_pt
wfpt-09473,sarney,,,9578,,seed_from_wordfreq_pt
wfpt-09474,seguranças,,,9579,,seed_from_wordfreq_pt
wfpt-09475,sensacional,,,9580,,seed_from_wordfreq_pt
wfpt-09476,sistemática,,,9581,,seed_from_wordfreq_pt
wfpt-09477,talk,,,9582,,seed_from_wordfreq_pt
wfpt-09478,terry,,,9583,,seed_from_wordfreq_pt
wfpt-09479,there,,,9584,,seed_from_wordfreq_pt
wfpt-09480,tirada,,,9585,,seed_from_wordfreq_pt
wfpt-09481,tornaria,,,9586,,seed_from_wordfreq_pt
wfpt-09482,toronto,,,9587,,seed_from_wordfreq_pt
wfpt-09483,traficantes,,,9588,,seed_from_wordfreq_pt
wfpt-09484,trair,,,9589,,seed_from_wordfreq_pt
wfpt-09485,tratamentos,,,9590,,seed_from_wordfreq_pt
wfpt-09486,treinos,,,9591,,seed_from_wordfreq_pt
wfpt-09487,trágico,,,9592,,seed_from_wordfreq_pt
wfpt-09488,tubos,,,9593,,seed_from_wordfreq_pt
wfpt-09489,turca,,,9594,,seed_from_wordfreq_pt
wfpt-09490,unanimidade,,,9595,,seed_from_wordfreq_pt
wfpt-09491,uniformes,,,9596,,seed_from_wordfreq_pt
wfpt-09492,verba,,,9597,,seed_from_wordfreq_pt
wfpt-09493,verifica,,,9598,,seed_from_wordfreq_pt
wfpt-09494,versos,,,9599,,seed_from_wordfreq_pt
wfpt-09495,vigente,,,9600,,seed_from_wordfreq_pt
wfpt-09496,voluntária,,,9601,,seed_from_wordfreq_pt
wfpt-09497,zumbi,,,9602,,seed_from_wordfreq_pt
wfpt-09498,àquela,,,9603,,seed_from_wordfreq_pt
wfpt-09499,àqueles,,,9604,,seed_from_wordfreq_pt
wfpt-09500,abordagens,,,9606,,seed_from_wordfreq_pt
wfpt-09501,abusos,,,9607,,seed_from_wordfreq_pt
wfpt-09502,administrar,,,9608,,seed_from_wordfreq_pt
wfpt-09503,adquiriu,,,9609,,seed_from_wordfreq_pt
wfpt-09504,afastou,,,9610,,seed_from_wordfreq_pt
wfpt-09505,afetam,,,9611,,seed_from_wordfreq_pt
wfpt-09506,afeto,,,9612,,seed_from_wordfreq_pt
wfpt-09507,agitação,,,9613,,seed_from_wordfreq_pt
wfpt-09508,agressivo,,,9614,,seed_from_wordfreq_pt
wfpt-09509,alcança,,,9615,,seed_from_wordfreq_pt
wfpt-09510,alegações,,,9616,,seed_from_wordfreq_pt
wfpt-09511,alojamento,,,9617,,seed_from_wordfreq_pt
wfpt-09512,ame,,,9618,,seed_from_wordfreq_pt
wfpt-09513,aplausos,,,9619,,seed_from_wordfreq_pt
wfpt-09514,arquipélago,,,9620,,seed_from_wordfreq_pt
wfpt-09515,atacada,,,9621,,seed_from_wordfreq_pt
wfpt-09516,aumentado,,,9622,,seed_from_wordfreq_pt
wfpt-09517,aurélio,,,9623,,seed_from_wordfreq_pt
wfpt-09518,autorizados,,,9624,,seed_from_wordfreq_pt
wfpt-09519,barreto,,,9625,,seed_from_wordfreq_pt
wfpt-09520,batido,,,9626,,seed_from_wordfreq_pt
wfpt-09521,bike,,,9627,,seed_from_wordfreq_pt
wfpt-09522,botões,,,9628,,seed_from_wordfreq_pt
wfpt-09523,brenda,,,9629,,seed_from_wordfreq_pt
wfpt-09524,bruxas,,,9630,,seed_from_wordfreq_pt
wfpt-09525,cadeias,,,9631,,seed_from_wordfreq_pt
wfpt-09526,capas,,,9632,,seed_from_wordfreq_pt
wfpt-09527,carência,,,9633,,seed_from_wordfreq_pt
wfpt-09528,casca,,,9634,,seed_from_wordfreq_pt
wfpt-09529,certificação,,,9635,,seed_from_wordfreq_pt
wfpt-09530,chover,,,9636,,seed_from_wordfreq_pt
wfpt-09531,circuitos,,,9637,,seed_from_wordfreq_pt
wfpt-09532,claudio,,,9638,,seed_from_wordfreq_pt
wfpt-09533,colorida,,,9639,,seed_from_wordfreq_pt
wfpt-09534,concursos,,,9640,,seed_from_wordfreq_pt
wfpt-09535,confere,,,9641,,seed_from_wordfreq_pt
wfpt-09536,confessou,,,9642,,seed_from_wordfreq_pt
wfpt-09537,consertar,,,9643,,seed_from_wordfreq_pt
wfpt-09538,constituída,,,9644,,seed_from_wordfreq_pt
wfpt-09539,construídas,,,9645,,seed_from_wordfreq_pt
wfpt-09540,convenções,,,9646,,seed_from_wordfreq_pt
wfpt-09541,conversei,,,9647,,seed_from_wordfreq_pt
wfpt-09542,convocação,,,9648,,seed_from_wordfreq_pt
wfpt-09543,core,,,9649,,seed_from_wordfreq_pt
wfpt-09544,couto,,,9650,,seed_from_wordfreq_pt
wfpt-09545,crazy,,,9651,,seed_from_wordfreq_pt
wfpt-09546,crê,,,9652,,seed_from_wordfreq_pt
wfpt-09547,cuiabá,,,9653,,seed_from_wordfreq_pt
wfpt-09548,cumprindo,,,9654,,seed_from_wordfreq_pt
wfpt-09549,curvas,,,9655,,seed_from_wordfreq_pt
wfpt-09550,deixarem,,,9656,,seed_from_wordfreq_pt
wfpt-09551,deixaria,,,9657,,seed_from_wordfreq_pt
wfpt-09552,deixará,,,9658,,seed_from_wordfreq_pt
wfpt-09553,delicada,,,9659,,seed_from_wordfreq_pt
wfpt-09554,desaparece,,,9660,,seed_from_wordfreq_pt
wfpt-09555,desista,,,9661,,seed_from_wordfreq_pt
wfpt-09556,destruídos,,,9662,,seed_from_wordfreq_pt
wfpt-09557,detalhada,,,9663,,seed_from_wordfreq_pt
wfpt-09558,disparos,,,9664,,seed_from_wordfreq_pt
wfpt-09559,distâncias,,,9665,,seed_from_wordfreq_pt
wfpt-09560,ditador,,,9666,,seed_from_wordfreq_pt
wfpt-09561,duke,,,9667,,seed_from_wordfreq_pt
wfpt-09562,duras,,,9668,,seed_from_wordfreq_pt
wfpt-09563,eclipse,,,9669,,seed_from_wordfreq_pt
wfpt-09564,editado,,,9670,,seed_from_wordfreq_pt
wfpt-09565,egípcio,,,9671,,seed_from_wordfreq_pt
wfpt-09566,encaixa,,,9672,,seed_from_wordfreq_pt
wfpt-09567,escolheram,,,9673,,seed_from_wordfreq_pt
wfpt-09568,estreou,,,9674,,seed_from_wordfreq_pt
wfpt-09569,excelentes,,,9675,,seed_from_wordfreq_pt
wfpt-09570,exceções,,,9676,,seed_from_wordfreq_pt
wfpt-09571,exibida,,,9677,,seed_from_wordfreq_pt
wfpt-09572,exigindo,,,9678,,seed_from_wordfreq_pt
wfpt-09573,farias,,,9679,,seed_from_wordfreq_pt
wfpt-09574,favoritas,,,9680,,seed_from_wordfreq_pt
wfpt-09575,fiança,,,9681,,seed_from_wordfreq_pt
wfpt-09576,fibras,,,9682,,seed_from_wordfreq_pt
wfpt-09577,frias,,,9683,,seed_from_wordfreq_pt
wfpt-09578,future,,,9684,,seed_from_wordfreq_pt
wfpt-09579,gaga,,,9685,,seed_from_wordfreq_pt
wfpt-09580,garanto,,,9686,,seed_from_wordfreq_pt
wfpt-09581,gerada,,,9687,,seed_from_wordfreq_pt
wfpt-09582,gp,,,9688,,seed_from_wordfreq_pt
wfpt-09583,grey,,,9689,,seed_from_wordfreq_pt
wfpt-09584,guardião,,,9690,,seed_from_wordfreq_pt
wfpt-09585,harold,,,9691,,seed_from_wordfreq_pt
wfpt-09586,holmes,,,9692,,seed_from_wordfreq_pt
wfpt-09587,horrores,,,9693,,seed_from_wordfreq_pt
wfpt-09588,hunter,,,9694,,seed_from_wordfreq_pt
wfpt-09589,identificou,,,9695,,seed_from_wordfreq_pt
wfpt-09590,imbecil,,,9696,,seed_from_wordfreq_pt
wfpt-09591,iminente,,,9697,,seed_from_wordfreq_pt
wfpt-09592,imperial,,,9698,,seed_from_wordfreq_pt
wfpt-09593,imprimir,,,9699,,seed_from_wordfreq_pt
wfpt-09594,india,,,9700,,seed_from_wordfreq_pt
wfpt-09595,informal,,,9701,,seed_from_wordfreq_pt
wfpt-09596,interferir,,,9702,,seed_from_wordfreq_pt
wfpt-09597,interpretado,,,9703,,seed_from_wordfreq_pt
wfpt-09598,investiga,,,9704,,seed_from_wordfreq_pt
wfpt-09599,istambul,,,9705,,seed_from_wordfreq_pt
wfpt-09600,java,,,9706,,seed_from_wordfreq_pt
wfpt-09601,jurídicas,,,9707,,seed_from_wordfreq_pt
wfpt-09602,juíza,,,9708,,seed_from_wordfreq_pt
wfpt-09603,liberada,,,9709,,seed_from_wordfreq_pt
wfpt-09604,liceu,,,9710,,seed_from_wordfreq_pt
wfpt-09605,lingua,,,9711,,seed_from_wordfreq_pt
wfpt-09606,luna,,,9712,,seed_from_wordfreq_pt
wfpt-09607,léo,,,9713,,seed_from_wordfreq_pt
wfpt-09608,macedônia,,,9714,,seed_from_wordfreq_pt
wfpt-09609,maceió,,,9715,,seed_from_wordfreq_pt
wfpt-09610,machista,,,9716,,seed_from_wordfreq_pt
wfpt-09611,magoar,,,9717,,seed_from_wordfreq_pt
wfpt-09612,mara,,,9718,,seed_from_wordfreq_pt
wfpt-09613,martelo,,,9719,,seed_from_wordfreq_pt
wfpt-09614,martha,,,9720,,seed_from_wordfreq_pt
wfpt-09615,mentalidade,,,9721,,seed_from_wordfreq_pt
wfpt-09616,missionário,,,9722,,seed_from_wordfreq_pt
wfpt-09617,multas,,,9723,,seed_from_wordfreq_pt
wfpt-09618,musa,,,9724,,seed_from_wordfreq_pt
wfpt-09619,nativo,,,9725,,seed_from_wordfreq_pt
wfpt-09620,naves,,,9726,,seed_from_wordfreq_pt
wfpt-09621,negado,,,9727,,seed_from_wordfreq_pt
wfpt-09622,negação,,,9728,,seed_from_wordfreq_pt
wfpt-09623,nisto,,,9729,,seed_from_wordfreq_pt
wfpt-09624,objectivos,,,9730,,seed_from_wordfreq_pt
wfpt-09625,observador,,,9731,,seed_from_wordfreq_pt
wfpt-09626,ocorridos,,,9732,,seed_from_wordfreq_pt
wfpt-09627,odeiam,,,9733,,seed_from_wordfreq_pt
wfpt-09628,pagas,,,9734,,seed_from_wordfreq_pt
wfpt-09629,pagina,,,9735,,seed_from_wordfreq_pt
wfpt-09630,patas,,,9736,,seed_from_wordfreq_pt
wfpt-09631,peculiar,,,9737,,seed_from_wordfreq_pt
wfpt-09632,pedia,,,9738,,seed_from_wordfreq_pt
wfpt-09633,perfeitas,,,9739,,seed_from_wordfreq_pt
wfpt-09634,perguntaram,,,9740,,seed_from_wordfreq_pt
wfpt-09635,pertencente,,,9741,,seed_from_wordfreq_pt
wfpt-09636,photo,,,9742,,seed_from_wordfreq_pt
wfpt-09637,pilares,,,9743,,seed_from_wordfreq_pt
wfpt-09638,pirâmide,,,9744,,seed_from_wordfreq_pt
wfpt-09639,please,,,9745,,seed_from_wordfreq_pt
wfpt-09640,porrada,,,9746,,seed_from_wordfreq_pt
wfpt-09641,procurava,,,9747,,seed_from_wordfreq_pt
wfpt-09642,prometido,,,9748,,seed_from_wordfreq_pt
wfpt-09643,protegidos,,,9749,,seed_from_wordfreq_pt
wfpt-09644,protocolos,,,9750,,seed_from_wordfreq_pt
wfpt-09645,pulmão,,,9751,,seed_from_wordfreq_pt
wfpt-09646,pênaltis,,,9752,,seed_from_wordfreq_pt
wfpt-09647,reconstruir,,,9753,,seed_from_wordfreq_pt
wfpt-09648,referente,,,9754,,seed_from_wordfreq_pt
wfpt-09649,reivindicações,,,9755,,seed_from_wordfreq_pt
wfpt-09650,relativo,,,9756,,seed_from_wordfreq_pt
wfpt-09651,representou,,,9757,,seed_from_wordfreq_pt
wfpt-09652,resistente,,,9758,,seed_from_wordfreq_pt
wfpt-09653,roman,,,9759,,seed_from_wordfreq_pt
wfpt-09654,salarial,,,9760,,seed_from_wordfreq_pt
wfpt-09655,satisfazer,,,9761,,seed_from_wordfreq_pt
wfpt-09656,secretas,,,9762,,seed_from_wordfreq_pt
wfpt-09657,semente,,,9763,,seed_from_wordfreq_pt
wfpt-09658,senadora,,,9764,,seed_from_wordfreq_pt
wfpt-09659,side,,,9765,,seed_from_wordfreq_pt
wfpt-09660,skype,,,9766,,seed_from_wordfreq_pt
wfpt-09661,soro,,,9767,,seed_from_wordfreq_pt
wfpt-09662,sustenta,,,9768,,seed_from_wordfreq_pt
wfpt-09663,tamanha,,,9769,,seed_from_wordfreq_pt
wfpt-09664,tell,,,9770,,seed_from_wordfreq_pt
wfpt-09665,tempestades,,,9771,,seed_from_wordfreq_pt
wfpt-09666,transando,,,9772,,seed_from_wordfreq_pt
wfpt-09667,táticas,,,9773,,seed_from_wordfreq_pt
wfpt-09668,ultimo,,,9774,,seed_from_wordfreq_pt
wfpt-09669,verbas,,,9775,,seed_from_wordfreq_pt
wfpt-09670,vestígios,,,9776,,seed_from_wordfreq_pt
wfpt-09671,veterano,,,9777,,seed_from_wordfreq_pt
wfpt-09672,virei,,,9778,,seed_from_wordfreq_pt
wfpt-09673,visitando,,,9779,,seed_from_wordfreq_pt
wfpt-09674,viveram,,,9780,,seed_from_wordfreq_pt
wfpt-09675,water,,,9781,,seed_from_wordfreq_pt
wfpt-09676,wikipédia,,,9782,,seed_from_wordfreq_pt
wfpt-09677,xv,,,9783,,seed_from_wordfreq_pt
wfpt-09678,aceitável,,,9786,,seed_from_wordfreq_pt
wfpt-09679,acelerar,,,9787,,seed_from_wordfreq_pt
wfpt-09680,adorável,,,9788,,seed_from_wordfreq_pt
wfpt-09681,afastamento,,,9789,,seed_from_wordfreq_pt
wfpt-09682,ajuste,,,9790,,seed_from_wordfreq_pt
wfpt-09683,ajustes,,,9791,,seed_from_wordfreq_pt
wfpt-09684,alem,,,9792,,seed_from_wordfreq_pt
wfpt-09685,alianças,,,9793,,seed_from_wordfreq_pt
wfpt-09686,aline,,,9794,,seed_from_wordfreq_pt
wfpt-09687,ambição,,,9795,,seed_from_wordfreq_pt
wfpt-09688,amizades,,,9796,,seed_from_wordfreq_pt
wfpt-09689,amorosa,,,9797,,seed_from_wordfreq_pt
wfpt-09690,analisando,,,9798,,seed_from_wordfreq_pt
wfpt-09691,aparecido,,,9799,,seed_from_wordfreq_pt
wfpt-09692,apetite,,,9800,,seed_from_wordfreq_pt
wfpt-09693,assina,,,9801,,seed_from_wordfreq_pt
wfpt-09694,avançou,,,9802,,seed_from_wordfreq_pt
wfpt-09695,bank,,,9803,,seed_from_wordfreq_pt
wfpt-09696,barroso,,,9804,,seed_from_wordfreq_pt
wfpt-09697,bebo,,,9805,,seed_from_wordfreq_pt
wfpt-09698,biológica,,,9806,,seed_from_wordfreq_pt
wfpt-09699,bloqueado,,,9807,,seed_from_wordfreq_pt
wfpt-09700,bêbada,,,9808,,seed_from_wordfreq_pt
wfpt-09701,bênção,,,9809,,seed_from_wordfreq_pt
wfpt-09702,calcinha,,,9810,,seed_from_wordfreq_pt
wfpt-09703,camilo,,,9811,,seed_from_wordfreq_pt
wfpt-09704,catarinense,,,9812,,seed_from_wordfreq_pt
wfpt-09705,causadas,,,9813,,seed_from_wordfreq_pt
wfpt-09706,cereais,,,9814,,seed_from_wordfreq_pt
wfpt-09707,choice,,,9815,,seed_from_wordfreq_pt
wfpt-09708,cinematográfica,,,9816,,seed_from_wordfreq_pt
wfpt-09709,citações,,,9817,,seed_from_wordfreq_pt
wfpt-09710,college,,,9818,,seed_from_wordfreq_pt
wfpt-09711,complexas,,,9819,,seed_from_wordfreq_pt
wfpt-09712,compradores,,,9820,,seed_from_wordfreq_pt
wfpt-09713,comunismo,,,9821,,seed_from_wordfreq_pt
wfpt-09714,conheceram,,,9822,,seed_from_wordfreq_pt
wfpt-09715,connosco,,,9823,,seed_from_wordfreq_pt
wfpt-09716,construíram,,,9824,,seed_from_wordfreq_pt
wfpt-09717,continuava,,,9825,,seed_from_wordfreq_pt
wfpt-09718,control,,,9826,,seed_from_wordfreq_pt
wfpt-09719,crescido,,,9827,,seed_from_wordfreq_pt
wfpt-09720,criminalidade,,,9828,,seed_from_wordfreq_pt
wfpt-09721,cup,,,9829,,seed_from_wordfreq_pt
wfpt-09722,definem,,,9830,,seed_from_wordfreq_pt
wfpt-09723,derrotas,,,9831,,seed_from_wordfreq_pt
wfpt-09724,derrubou,,,9832,,seed_from_wordfreq_pt
wfpt-09725,desaparecidos,,,9833,,seed_from_wordfreq_pt
wfpt-09726,desliga,,,9834,,seed_from_wordfreq_pt
wfpt-09727,dominicana,,,9835,,seed_from_wordfreq_pt
wfpt-09728,ecológico,,,9836,,seed_from_wordfreq_pt
wfpt-09729,encosta,,,9837,,seed_from_wordfreq_pt
wfpt-09730,engana,,,9838,,seed_from_wordfreq_pt
wfpt-09731,escutando,,,9839,,seed_from_wordfreq_pt
wfpt-09732,espalhadas,,,9840,,seed_from_wordfreq_pt
wfpt-09733,esperei,,,9841,,seed_from_wordfreq_pt
wfpt-09734,estatais,,,9842,,seed_from_wordfreq_pt
wfpt-09735,eternamente,,,9843,,seed_from_wordfreq_pt
wfpt-09736,examinar,,,9844,,seed_from_wordfreq_pt
wfpt-09737,excepcional,,,9845,,seed_from_wordfreq_pt
wfpt-09738,executada,,,9846,,seed_from_wordfreq_pt
wfpt-09739,factor,,,9847,,seed_from_wordfreq_pt
wfpt-09740,fazendeiro,,,9848,,seed_from_wordfreq_pt
wfpt-09741,feat,,,9849,,seed_from_wordfreq_pt
wfpt-09742,filmagens,,,9850,,seed_from_wordfreq_pt
wfpt-09743,florence,,,9851,,seed_from_wordfreq_pt
wfpt-09744,fornecendo,,,9852,,seed_from_wordfreq_pt
wfpt-09745,fragmentos,,,9853,,seed_from_wordfreq_pt
wfpt-09746,francesas,,,9854,,seed_from_wordfreq_pt
wfpt-09747,genial,,,9855,,seed_from_wordfreq_pt
wfpt-09748,help,,,9856,,seed_from_wordfreq_pt
wfpt-09749,her,,,9857,,seed_from_wordfreq_pt
wfpt-09750,heroína,,,9858,,seed_from_wordfreq_pt
wfpt-09751,holandês,,,9859,,seed_from_wordfreq_pt
wfpt-09752,hospedagem,,,9860,,seed_from_wordfreq_pt
wfpt-09753,humilhação,,,9861,,seed_from_wordfreq_pt
wfpt-09754,identidades,,,9862,,seed_from_wordfreq_pt
wfpt-09755,implicações,,,9863,,seed_from_wordfreq_pt
wfpt-09756,indicou,,,9864,,seed_from_wordfreq_pt
wfpt-09757,indícios,,,9865,,seed_from_wordfreq_pt
wfpt-09758,inesperado,,,9866,,seed_from_wordfreq_pt
wfpt-09759,informados,,,9867,,seed_from_wordfreq_pt
wfpt-09760,inspeção,,,9868,,seed_from_wordfreq_pt
wfpt-09761,instalados,,,9869,,seed_from_wordfreq_pt
wfpt-09762,instrutor,,,9870,,seed_from_wordfreq_pt
wfpt-09763,instável,,,9871,,seed_from_wordfreq_pt
wfpt-09764,interessar,,,9872,,seed_from_wordfreq_pt
wfpt-09765,inúteis,,,9873,,seed_from_wordfreq_pt
wfpt-09766,isaac,,,9874,,seed_from_wordfreq_pt
wfpt-09767,isolados,,,9875,,seed_from_wordfreq_pt
wfpt-09768,javier,,,9876,,seed_from_wordfreq_pt
wfpt-09769,jefferson,,,9877,,seed_from_wordfreq_pt
wfpt-09770,joinville,,,9878,,seed_from_wordfreq_pt
wfpt-09771,knight,,,9879,,seed_from_wordfreq_pt
wfpt-09772,lanterna,,,9880,,seed_from_wordfreq_pt
wfpt-09773,lente,,,9881,,seed_from_wordfreq_pt
wfpt-09774,lentes,,,9882,,seed_from_wordfreq_pt
wfpt-09775,lia,,,9883,,seed_from_wordfreq_pt
wfpt-09776,licitação,,,9884,,seed_from_wordfreq_pt
wfpt-09777,lidando,,,9885,,seed_from_wordfreq_pt
wfpt-09778,lidera,,,9886,,seed_from_wordfreq_pt
wfpt-09779,lou,,,9887,,seed_from_wordfreq_pt
wfpt-09780,made,,,9888,,seed_from_wordfreq_pt
wfpt-09781,mantiveram,,,9889,,seed_from_wordfreq_pt
wfpt-09782,maría,,,9890,,seed_from_wordfreq_pt
wfpt-09783,mercosul,,,9891,,seed_from_wordfreq_pt
wfpt-09784,messias,,,9892,,seed_from_wordfreq_pt
wfpt-09785,moon,,,9893,,seed_from_wordfreq_pt
wfpt-09786,mouse,,,9894,,seed_from_wordfreq_pt
wfpt-09787,narração,,,9895,,seed_from_wordfreq_pt
wfpt-09788,nativas,,,9896,,seed_from_wordfreq_pt
wfpt-09789,nora,,,9897,,seed_from_wordfreq_pt
wfpt-09790,objecto,,,9898,,seed_from_wordfreq_pt
wfpt-09791,objetiva,,,9899,,seed_from_wordfreq_pt
wfpt-09792,obstáculo,,,9900,,seed_from_wordfreq_pt
wfpt-09793,olinda,,,9901,,seed_from_wordfreq_pt
wfpt-09794,paisagens,,,9902,,seed_from_wordfreq_pt
wfpt-09795,palhaços,,,9903,,seed_from_wordfreq_pt
wfpt-09796,permanentes,,,9904,,seed_from_wordfreq_pt
wfpt-09797,portões,,,9905,,seed_from_wordfreq_pt
wfpt-09798,potencialmente,,,9906,,seed_from_wordfreq_pt
wfpt-09799,pressões,,,9907,,seed_from_wordfreq_pt
wfpt-09800,prestígio,,,9908,,seed_from_wordfreq_pt
wfpt-09801,presídio,,,9909,,seed_from_wordfreq_pt
wfpt-09802,princesas,,,9910,,seed_from_wordfreq_pt
wfpt-09803,prudente,,,9911,,seed_from_wordfreq_pt
wfpt-09804,public,,,9912,,seed_from_wordfreq_pt
wfpt-09805,recolha,,,9913,,seed_from_wordfreq_pt
wfpt-09806,recomenda,,,9914,,seed_from_wordfreq_pt
wfpt-09807,relembrar,,,9915,,seed_from_wordfreq_pt
wfpt-09808,reservado,,,9916,,seed_from_wordfreq_pt
wfpt-09809,respeitado,,,9917,,seed_from_wordfreq_pt
wfpt-09810,ro,,,9918,,seed_from_wordfreq_pt
wfpt-09811,roubos,,,9919,,seed_from_wordfreq_pt
wfpt-09812,rubro,,,9920,,seed_from_wordfreq_pt
wfpt-09813,ruptura,,,9921,,seed_from_wordfreq_pt
wfpt-09814,ré,,,9922,,seed_from_wordfreq_pt
wfpt-09815,sabrina,,,9923,,seed_from_wordfreq_pt
wfpt-09816,sanções,,,9924,,seed_from_wordfreq_pt
wfpt-09817,sea,,,9925,,seed_from_wordfreq_pt
wfpt-09818,semifinal,,,9926,,seed_from_wordfreq_pt
wfpt-09819,significativas,,,9927,,seed_from_wordfreq_pt
wfpt-09820,style,,,9928,,seed_from_wordfreq_pt
wfpt-09821,submetido,,,9929,,seed_from_wordfreq_pt
wfpt-09822,sábados,,,9930,,seed_from_wordfreq_pt
wfpt-09823,tampouco,,,9931,,seed_from_wordfreq_pt
wfpt-09824,tao,,,9932,,seed_from_wordfreq_pt
wfpt-09825,tatuagens,,,9933,,seed_from_wordfreq_pt
wfpt-09826,tecnológicas,,,9934,,seed_from_wordfreq_pt
wfpt-09827,tecnológicos,,,9935,,seed_from_wordfreq_pt
wfpt-09828,teríamos,,,9936,,seed_from_wordfreq_pt
wfpt-09829,thor,,,9937,,seed_from_wordfreq_pt
wfpt-09830,tiram,,,9938,,seed_from_wordfreq_pt
wfpt-09831,trocando,,,9939,,seed_from_wordfreq_pt
wfpt-09832,ufc,,,9940,,seed_from_wordfreq_pt
wfpt-09833,vampiro,,,9941,,seed_from_wordfreq_pt
wfpt-09834,voltados,,,9942,,seed_from_wordfreq_pt
wfpt-09835,zelândia,,,9943,,seed_from_wordfreq_pt
wfpt-09836,épocas,,,9944,,seed_from_wordfreq_pt
wfpt-09837,abel,,,9946,,seed_from_wordfreq_pt
wfpt-09838,ache,,,9947,,seed_from_wordfreq_pt
wfpt-09839,act,,,9948,,seed_from_wordfreq_pt
wfpt-09840,admissão,,,9949,,seed_from_wordfreq_pt
wfpt-09841,alterado,,,9950,,seed_from_wordfreq_pt
wfpt-09842,alugar,,,9951,,seed_from_wordfreq_pt
wfpt-09843,ameaçar,,,9952,,seed_from_wordfreq_pt
wfpt-09844,antepassados,,,9953,,seed_from_wordfreq_pt
wfpt-09845,aproveitou,,,9954,,seed_from_wordfreq_pt
wfpt-09846,assistentes,,,9955,,seed_from_wordfreq_pt
wfpt-09847,atendeu,,,9956,,seed_from_wordfreq_pt
wfpt-09848,atingiram,,,9957,,seed_from_wordfreq_pt
wfpt-09849,avisos,,,9958,,seed_from_wordfreq_pt
wfpt-09850,azerbaijão,,,9959,,seed_from_wordfreq_pt
wfpt-09851,bandeirantes,,,9960,,seed_from_wordfreq_pt
wfpt-09852,barro,,,9961,,seed_from_wordfreq_pt
wfpt-09853,blogue,,,9962,,seed_from_wordfreq_pt
wfpt-09854,bndes,,,9963,,seed_from_wordfreq_pt
wfpt-09855,botas,,,9964,,seed_from_wordfreq_pt
wfpt-09856,brilhar,,,9965,,seed_from_wordfreq_pt
wfpt-09857,cafés,,,9966,,seed_from_wordfreq_pt
wfpt-09858,capacitação,,,9967,,seed_from_wordfreq_pt
wfpt-09859,capita,,,9968,,seed_from_wordfreq_pt
wfpt-09860,cardeal,,,9969,,seed_from_wordfreq_pt
wfpt-09861,cartazes,,,9970,,seed_from_wordfreq_pt
wfpt-09862,casados,,,9971,,seed_from_wordfreq_pt
wfpt-09863,chamem,,,9972,,seed_from_wordfreq_pt
wfpt-09864,channel,,,9973,,seed_from_wordfreq_pt
wfpt-09865,chapada,,,9974,,seed_from_wordfreq_pt
wfpt-09866,cobrindo,,,9975,,seed_from_wordfreq_pt
wfpt-09867,colisão,,,9976,,seed_from_wordfreq_pt
wfpt-09868,comecem,,,9977,,seed_from_wordfreq_pt
wfpt-09869,comemorando,,,9978,,seed_from_wordfreq_pt
wfpt-09870,comuna,,,9979,,seed_from_wordfreq_pt
wfpt-09871,conectados,,,9980,,seed_from_wordfreq_pt
wfpt-09872,contado,,,9981,,seed_from_wordfreq_pt
wfpt-09873,convenceu,,,9982,,seed_from_wordfreq_pt
wfpt-09874,conversamos,,,9983,,seed_from_wordfreq_pt
wfpt-09875,convivência,,,9984,,seed_from_wordfreq_pt
wfpt-09876,curiosamente,,,9985,,seed_from_wordfreq_pt
wfpt-09877,dantas,,,9986,,seed_from_wordfreq_pt
wfpt-09878,decepção,,,9987,,seed_from_wordfreq_pt
wfpt-09879,decidem,,,9988,,seed_from_wordfreq_pt
wfpt-09880,desempenhar,,,9989,,seed_from_wordfreq_pt
wfpt-09881,desfiles,,,9990,,seed_from_wordfreq_pt
wfpt-09882,doses,,,9991,,seed_from_wordfreq_pt
wfpt-09883,dragon,,,9992,,seed_from_wordfreq_pt
wfpt-09884,dublado,,,9993,,seed_from_wordfreq_pt
wfpt-09885,dó,,,9994,,seed_from_wordfreq_pt
wfpt-09886,enterro,,,9995,,seed_from_wordfreq_pt
wfpt-09887,equipado,,,9996,,seed_from_wordfreq_pt
wfpt-09888,eras,,,9997,,seed_from_wordfreq_pt
wfpt-09889,erik,,,9998,,seed_from_wordfreq_pt
wfpt-09890,ervas,,,9999,,seed_from_wordfreq_pt
wfpt-09891,escalão,,,10000,,seed_from_wordfreq_pt
wfpt-09892,escondida,,,10001,,seed_from_wordfreq_pt
wfpt-09893,escócia,,,10002,,seed_from_wordfreq_pt
wfpt-09894,esquecendo,,,10003,,seed_from_wordfreq_pt
wfpt-09895,ethan,,,10004,,seed_from_wordfreq_pt
wfpt-09896,evacuação,,,10005,,seed_from_wordfreq_pt
wfpt-09897,exactamente,,,10006,,seed_from_wordfreq_pt
wfpt-09898,explodiu,,,10007,,seed_from_wordfreq_pt
wfpt-09899,explosivos,,,10008,,seed_from_wordfreq_pt
wfpt-09900,extremos,,,10009,,seed_from_wordfreq_pt
wfpt-09901,fa,,,10010,,seed_from_wordfreq_pt
wfpt-09902,filhote,,,10011,,seed_from_wordfreq_pt
wfpt-09903,formiga,,,10012,,seed_from_wordfreq_pt
wfpt-09904,frustração,,,10013,,seed_from_wordfreq_pt
wfpt-09905,fu,,,10014,,seed_from_wordfreq_pt
wfpt-09906,fundou,,,10015,,seed_from_wordfreq_pt
wfpt-09907,fêmea,,,10016,,seed_from_wordfreq_pt
wfpt-09908,gravemente,,,10017,,seed_from_wordfreq_pt
wfpt-09909,harrison,,,10018,,seed_from_wordfreq_pt
wfpt-09910,homenagear,,,10019,,seed_from_wordfreq_pt
wfpt-09911,impedido,,,10020,,seed_from_wordfreq_pt
wfpt-09912,indireta,,,10021,,seed_from_wordfreq_pt
wfpt-09913,insistir,,,10022,,seed_from_wordfreq_pt
wfpt-09914,interações,,,10023,,seed_from_wordfreq_pt
wfpt-09915,into,,,10024,,seed_from_wordfreq_pt
wfpt-09916,irlandês,,,10025,,seed_from_wordfreq_pt
wfpt-09917,islâmica,,,10026,,seed_from_wordfreq_pt
wfpt-09918,joan,,,10027,,seed_from_wordfreq_pt
wfpt-09919,joyce,,,10028,,seed_from_wordfreq_pt
wfpt-09920,ki,,,10029,,seed_from_wordfreq_pt
wfpt-09921,lawrence,,,10030,,seed_from_wordfreq_pt
wfpt-09922,legitimidade,,,10031,,seed_from_wordfreq_pt
wfpt-09923,leon,,,10032,,seed_from_wordfreq_pt
wfpt-09924,leões,,,10033,,seed_from_wordfreq_pt
wfpt-09925,licenças,,,10034,,seed_from_wordfreq_pt
wfpt-09926,list,,,10035,,seed_from_wordfreq_pt
wfpt-09927,lord,,,10036,,seed_from_wordfreq_pt
wfpt-09928,luana,,,10037,,seed_from_wordfreq_pt
wfpt-09929,lésbicas,,,10038,,seed_from_wordfreq_pt
wfpt-09930,madri,,,10039,,seed_from_wordfreq_pt
wfpt-09931,mantinha,,,10040,,seed_from_wordfreq_pt
wfpt-09932,marcial,,,10041,,seed_from_wordfreq_pt
wfpt-09933,mares,,,10042,,seed_from_wordfreq_pt
wfpt-09934,mariano,,,10043,,seed_from_wordfreq_pt
wfpt-09935,mentor,,,10044,,seed_from_wordfreq_pt
wfpt-09936,mickey,,,10045,,seed_from_wordfreq_pt
wfpt-09937,milão,,,10046,,seed_from_wordfreq_pt
wfpt-09938,mistérios,,,10047,,seed_from_wordfreq_pt
wfpt-09939,molhado,,,10048,,seed_from_wordfreq_pt
wfpt-09940,murilo,,,10049,,seed_from_wordfreq_pt
wfpt-09941,nascente,,,10050,,seed_from_wordfreq_pt
wfpt-09942,nazista,,,10051,,seed_from_wordfreq_pt
wfpt-09943,nervos,,,10052,,seed_from_wordfreq_pt
wfpt-09944,noah,,,10053,,seed_from_wordfreq_pt
wfpt-09945,nomear,,,10054,,seed_from_wordfreq_pt
wfpt-09946,noventa,,,10055,,seed_from_wordfreq_pt
wfpt-09947,obedecer,,,10056,,seed_from_wordfreq_pt
wfpt-09948,ofensivo,,,10057,,seed_from_wordfreq_pt
wfpt-09949,paródia,,,10058,,seed_from_wordfreq_pt
wfpt-09950,passaria,,,10059,,seed_from_wordfreq_pt
wfpt-09951,paulinho,,,10060,,seed_from_wordfreq_pt
wfpt-09952,peste,,,10061,,seed_from_wordfreq_pt
wfpt-09953,pink,,,10062,,seed_from_wordfreq_pt
wfpt-09954,polegadas,,,10063,,seed_from_wordfreq_pt
wfpt-09955,portadores,,,10064,,seed_from_wordfreq_pt
wfpt-09956,portela,,,10065,,seed_from_wordfreq_pt
wfpt-09957,portátil,,,10066,,seed_from_wordfreq_pt
wfpt-09958,prazeres,,,10067,,seed_from_wordfreq_pt
wfpt-09959,preferiu,,,10068,,seed_from_wordfreq_pt
wfpt-09960,prestou,,,10069,,seed_from_wordfreq_pt
wfpt-09961,preventiva,,,10070,,seed_from_wordfreq_pt
wfpt-09962,prime,,,10071,,seed_from_wordfreq_pt
wfpt-09963,proeminente,,,10072,,seed_from_wordfreq_pt
wfpt-09964,proíbe,,,10073,,seed_from_wordfreq_pt
wfpt-09965,prévio,,,10074,,seed_from_wordfreq_pt
wfpt-09966,pódio,,,10075,,seed_from_wordfreq_pt
wfpt-09967,restrita,,,10076,,seed_from_wordfreq_pt
wfpt-09968,retirados,,,10077,,seed_from_wordfreq_pt
wfpt-09969,ritmos,,,10078,,seed_from_wordfreq_pt
wfpt-09970,rodoviária,,,10079,,seed_from_wordfreq_pt
wfpt-09971,rtp,,,10080,,seed_from_wordfreq_pt
wfpt-09972,safado,,,10081,,seed_from_wordfreq_pt
wfpt-09973,santidade,,,10082,,seed_from_wordfreq_pt
wfpt-09974,satanás,,,10083,,seed_from_wordfreq_pt
wfpt-09975,saudáveis,,,10084,,seed_from_wordfreq_pt
wfpt-09976,search,,,10085,,seed_from_wordfreq_pt
wfpt-09977,seções,,,10086,,seed_from_wordfreq_pt
wfpt-09978,significados,,,10087,,seed_from_wordfreq_pt
wfpt-09979,sobrou,,,10088,,seed_from_wordfreq_pt
wfpt-09980,socialmente,,,10089,,seed_from_wordfreq_pt
wfpt-09981,stefan,,,10090,,seed_from_wordfreq_pt
wfpt-09982,suor,,,10091,,seed_from_wordfreq_pt
wfpt-09983,teen,,,10092,,seed_from_wordfreq_pt
wfpt-09984,teme,,,10093,,seed_from_wordfreq_pt
wfpt-09985,ten,,,10094,,seed_from_wordfreq_pt
wfpt-09986,teor,,,10095,,seed_from_wordfreq_pt
wfpt-09987,tiras,,,10096,,seed_from_wordfreq_pt
wfpt-09988,toques,,,10097,,seed_from_wordfreq_pt
wfpt-09989,traduz,,,10098,,seed_from_wordfreq_pt
wfpt-09990,transcrição,,,10099,,seed_from_wordfreq_pt
wfpt-09991,trará,,,10100,,seed_from_wordfreq_pt
wfpt-09992,traseiro,,,10101,,seed_from_wordfreq_pt
wfpt-09993,usinas,,,10102,,seed_from_wordfreq_pt
wfpt-09994,valley,,,10103,,seed_from_wordfreq_pt
wfpt-09995,var,,,10104,,seed_from_wordfreq_pt
wfpt-09996,veloso,,,10105,,seed_from_wordfreq_pt
wfpt-09997,veronica,,,10106,,seed_from_wordfreq_pt
wfpt-09998,versa,,,10107,,seed_from_wordfreq_pt
wfpt-09999,versus,,,10108,,seed_from_wordfreq_pt
wfpt-10000,vitais,,,10109,,seed_from_wordfreq_pt
wfpt-10001,xícara,,,10110,,seed_from_wordfreq_pt
wfpt-10002,zoológico,,,10111,,seed_from_wordfreq_pt
wfpt-10003,abelhas,,,10112,,seed_from_wordfreq_pt
wfpt-10004,abismo,,,10113,,seed_from_wordfreq_pt
wfpt-10005,achado,,,10114,,seed_from_wordfreq_pt
wfpt-10006,acreditem,,,10115,,seed_from_wordfreq_pt
wfpt-10007,acrescentando,,,10116,,seed_from_wordfreq_pt
wfpt-10008,acusar,,,10117,,seed_from_wordfreq_pt
wfpt-10009,afim,,,10118,,seed_from_wordfreq_pt
wfpt-10010,agulha,,,10119,,seed_from_wordfreq_pt
wfpt-10011,alejandro,,,10120,,seed_from_wordfreq_pt
wfpt-10012,alessandro,,,10121,,seed_from_wordfreq_pt
wfpt-10013,alexandria,,,10122,,seed_from_wordfreq_pt
wfpt-10014,aliada,,,10123,,seed_from_wordfreq_pt
wfpt-10015,alturas,,,10124,,seed_from_wordfreq_pt
wfpt-10016,aluna,,,10125,,seed_from_wordfreq_pt
wfpt-10017,andou,,,10126,,seed_from_wordfreq_pt
wfpt-10018,andre,,,10127,,seed_from_wordfreq_pt
wfpt-10019,aparição,,,10128,,seed_from_wordfreq_pt
wfpt-10020,aperto,,,10129,,seed_from_wordfreq_pt
wfpt-10021,aprendiz,,,10130,,seed_from_wordfreq_pt
wfpt-10022,apropriada,,,10131,,seed_from_wordfreq_pt
wfpt-10023,arca,,,10132,,seed_from_wordfreq_pt
wfpt-10024,argumenta,,,10133,,seed_from_wordfreq_pt
wfpt-10025,arrogante,,,10134,,seed_from_wordfreq_pt
wfpt-10026,assentamento,,,10135,,seed_from_wordfreq_pt
wfpt-10027,astro,,,10136,,seed_from_wordfreq_pt
wfpt-10028,atrasar,,,10137,,seed_from_wordfreq_pt
wfpt-10029,audio,,,10138,,seed_from_wordfreq_pt
wfpt-10030,barbie,,,10139,,seed_from_wordfreq_pt
wfpt-10031,biscoito,,,10140,,seed_from_wordfreq_pt
wfpt-10032,bobagem,,,10141,,seed_from_wordfreq_pt
wfpt-10033,cadela,,,10142,,seed_from_wordfreq_pt
wfpt-10034,cauda,,,10143,,seed_from_wordfreq_pt
wfpt-10035,cebola,,,10144,,seed_from_wordfreq_pt
wfpt-10036,cera,,,10145,,seed_from_wordfreq_pt
wfpt-10037,cervejas,,,10146,,seed_from_wordfreq_pt
wfpt-10038,chagas,,,10147,,seed_from_wordfreq_pt
wfpt-10039,chen,,,10148,,seed_from_wordfreq_pt
wfpt-10040,cheque,,,10149,,seed_from_wordfreq_pt
wfpt-10041,cimento,,,10150,,seed_from_wordfreq_pt
wfpt-10042,classificar,,,10151,,seed_from_wordfreq_pt
wfpt-10043,coletar,,,10152,,seed_from_wordfreq_pt
wfpt-10044,combatentes,,,10153,,seed_from_wordfreq_pt
wfpt-10045,cometidos,,,10154,,seed_from_wordfreq_pt
wfpt-10046,compartilhada,,,10155,,seed_from_wordfreq_pt
wfpt-10047,compete,,,10156,,seed_from_wordfreq_pt
wfpt-10048,compro,,,10157,,seed_from_wordfreq_pt
wfpt-10049,concebido,,,10158,,seed_from_wordfreq_pt
wfpt-10050,concorrente,,,10159,,seed_from_wordfreq_pt
wfpt-10051,confiáveis,,,10160,,seed_from_wordfreq_pt
wfpt-10052,conversou,,,10161,,seed_from_wordfreq_pt
wfpt-10053,convites,,,10162,,seed_from_wordfreq_pt
wfpt-10054,cool,,,10163,,seed_from_wordfreq_pt
wfpt-10055,cova,,,10164,,seed_from_wordfreq_pt
wfpt-10056,cyrus,,,10165,,seed_from_wordfreq_pt
wfpt-10057,deficientes,,,10166,,seed_from_wordfreq_pt
wfpt-10058,delgado,,,10167,,seed_from_wordfreq_pt
wfpt-10059,desafiar,,,10168,,seed_from_wordfreq_pt
wfpt-10060,desenvolvem,,,10169,,seed_from_wordfreq_pt
wfpt-10061,destacado,,,10170,,seed_from_wordfreq_pt
wfpt-10062,detectar,,,10171,,seed_from_wordfreq_pt
wfpt-10063,detrás,,,10172,,seed_from_wordfreq_pt
wfpt-10064,diminuindo,,,10173,,seed_from_wordfreq_pt
wfpt-10065,disputada,,,10174,,seed_from_wordfreq_pt
wfpt-10066,dourados,,,10175,,seed_from_wordfreq_pt
wfpt-10067,editoras,,,10176,,seed_from_wordfreq_pt
wfpt-10068,educar,,,10177,,seed_from_wordfreq_pt
wfpt-10069,elo,,,10178,,seed_from_wordfreq_pt
wfpt-10070,energético,,,10179,,seed_from_wordfreq_pt
wfpt-10071,enganado,,,10180,,seed_from_wordfreq_pt
wfpt-10072,entramos,,,10181,,seed_from_wordfreq_pt
wfpt-10073,escuto,,,10182,,seed_from_wordfreq_pt
wfpt-10074,estabelecendo,,,10183,,seed_from_wordfreq_pt
wfpt-10075,estoque,,,10184,,seed_from_wordfreq_pt
wfpt-10076,evidentemente,,,10185,,seed_from_wordfreq_pt
wfpt-10077,experimentos,,,10186,,seed_from_wordfreq_pt
wfpt-10078,expulsar,,,10187,,seed_from_wordfreq_pt
wfpt-10079,fada,,,10188,,seed_from_wordfreq_pt
wfpt-10080,feedback,,,10189,,seed_from_wordfreq_pt
wfpt-10081,feriados,,,10190,,seed_from_wordfreq_pt
wfpt-10082,ferir,,,10191,,seed_from_wordfreq_pt
wfpt-10083,fotográfica,,,10192,,seed_from_wordfreq_pt
wfpt-10084,freqüentemente,,,10193,,seed_from_wordfreq_pt
wfpt-10085,garanta,,,10194,,seed_from_wordfreq_pt
wfpt-10086,gerir,,,10195,,seed_from_wordfreq_pt
wfpt-10087,getúlio,,,10196,,seed_from_wordfreq_pt
wfpt-10088,harvey,,,10197,,seed_from_wordfreq_pt
wfpt-10089,ice,,,10198,,seed_from_wordfreq_pt
wfpt-10090,incerteza,,,10199,,seed_from_wordfreq_pt
wfpt-10091,insistiu,,,10200,,seed_from_wordfreq_pt
wfpt-10092,interessadas,,,10201,,seed_from_wordfreq_pt
wfpt-10093,invadiram,,,10202,,seed_from_wordfreq_pt
wfpt-10094,irritante,,,10203,,seed_from_wordfreq_pt
wfpt-10095,jesse,,,10204,,seed_from_wordfreq_pt
wfpt-10096,juliano,,,10205,,seed_from_wordfreq_pt
wfpt-10097,kid,,,10206,,seed_from_wordfreq_pt
wfpt-10098,lost,,,10207,,seed_from_wordfreq_pt
wfpt-10099,mandatos,,,10208,,seed_from_wordfreq_pt
wfpt-10100,matos,,,10209,,seed_from_wordfreq_pt
wfpt-10101,medieval,,,10210,,seed_from_wordfreq_pt
wfpt-10102,mineira,,,10211,,seed_from_wordfreq_pt
wfpt-10103,minho,,,10212,,seed_from_wordfreq_pt
wfpt-10104,minimizar,,,10213,,seed_from_wordfreq_pt
wfpt-10105,monica,,,10214,,seed_from_wordfreq_pt
wfpt-10106,mostrava,,,10215,,seed_from_wordfreq_pt
wfpt-10107,músculo,,,10216,,seed_from_wordfreq_pt
wfpt-10108,narrativas,,,10217,,seed_from_wordfreq_pt
wfpt-10109,nazistas,,,10218,,seed_from_wordfreq_pt
wfpt-10110,necessitam,,,10219,,seed_from_wordfreq_pt
wfpt-10111,neta,,,10220,,seed_from_wordfreq_pt
wfpt-10112,newton,,,10221,,seed_from_wordfreq_pt
wfpt-10113,order,,,10222,,seed_from_wordfreq_pt
wfpt-10114,orelhas,,,10223,,seed_from_wordfreq_pt
wfpt-10115,outrora,,,10224,,seed_from_wordfreq_pt
wfpt-10116,ouvia,,,10225,,seed_from_wordfreq_pt
wfpt-10117,pacheco,,,10226,,seed_from_wordfreq_pt
wfpt-10118,patrícia,,,10227,,seed_from_wordfreq_pt
wfpt-10119,pegaram,,,10228,,seed_from_wordfreq_pt
wfpt-10120,performances,,,10229,,seed_from_wordfreq_pt
wfpt-10121,permitam,,,10230,,seed_from_wordfreq_pt
wfpt-10122,pertencia,,,10231,,seed_from_wordfreq_pt
wfpt-10123,pioneiro,,,10232,,seed_from_wordfreq_pt
wfpt-10124,player,,,10233,,seed_from_wordfreq_pt
wfpt-10125,populacional,,,10234,,seed_from_wordfreq_pt
wfpt-10126,porcos,,,10235,,seed_from_wordfreq_pt
wfpt-10127,preciosa,,,10236,,seed_from_wordfreq_pt
wfpt-10128,precisei,,,10237,,seed_from_wordfreq_pt
wfpt-10129,preliminares,,,10238,,seed_from_wordfreq_pt
wfpt-10130,premiada,,,10239,,seed_from_wordfreq_pt
wfpt-10131,preocupam,,,10240,,seed_from_wordfreq_pt
wfpt-10132,prestando,,,10241,,seed_from_wordfreq_pt
wfpt-10133,primas,,,10242,,seed_from_wordfreq_pt
wfpt-10134,profundos,,,10243,,seed_from_wordfreq_pt
wfpt-10135,proporciona,,,10244,,seed_from_wordfreq_pt
wfpt-10136,prostituição,,,10245,,seed_from_wordfreq_pt
wfpt-10137,protegidas,,,10246,,seed_from_wordfreq_pt
wfpt-10138,proveito,,,10247,,seed_from_wordfreq_pt
wfpt-10139,provincial,,,10248,,seed_from_wordfreq_pt
wfpt-10140,punk,,,10249,,seed_from_wordfreq_pt
wfpt-10141,queimada,,,10250,,seed_from_wordfreq_pt
wfpt-10142,queríamos,,,10251,,seed_from_wordfreq_pt
wfpt-10143,questionado,,,10252,,seed_from_wordfreq_pt
wfpt-10144,ra,,,10253,,seed_from_wordfreq_pt
wfpt-10145,ralph,,,10254,,seed_from_wordfreq_pt
wfpt-10146,ram,,,10255,,seed_from_wordfreq_pt
wfpt-10147,really,,,10256,,seed_from_wordfreq_pt
wfpt-10148,receba,,,10257,,seed_from_wordfreq_pt
wfpt-10149,reestruturação,,,10258,,seed_from_wordfreq_pt
wfpt-10150,relator,,,10259,,seed_from_wordfreq_pt
wfpt-10151,remix,,,10260,,seed_from_wordfreq_pt
wfpt-10152,respondem,,,10261,,seed_from_wordfreq_pt
wfpt-10153,ressaltar,,,10262,,seed_from_wordfreq_pt
wfpt-10154,restrito,,,10263,,seed_from_wordfreq_pt
wfpt-10155,reúnem,,,10264,,seed_from_wordfreq_pt
wfpt-10156,ria,,,10265,,seed_from_wordfreq_pt
wfpt-10157,rodar,,,10266,,seed_from_wordfreq_pt
wfpt-10158,science,,,10267,,seed_from_wordfreq_pt
wfpt-10159,segundas,,,10268,,seed_from_wordfreq_pt
wfpt-10160,selecionadas,,,10269,,seed_from_wordfreq_pt
wfpt-10161,servo,,,10270,,seed_from_wordfreq_pt
wfpt-10162,sidney,,,10271,,seed_from_wordfreq_pt
wfpt-10163,silveira,,,10272,,seed_from_wordfreq_pt
wfpt-10164,sorrisos,,,10273,,seed_from_wordfreq_pt
wfpt-10165,soul,,,10274,,seed_from_wordfreq_pt
wfpt-10166,studio,,,10275,,seed_from_wordfreq_pt
wfpt-10167,swift,,,10276,,seed_from_wordfreq_pt
wfpt-10168,sétima,,,10277,,seed_from_wordfreq_pt
wfpt-10169,sódio,,,10278,,seed_from_wordfreq_pt
wfpt-10170,tabuleiro,,,10279,,seed_from_wordfreq_pt
wfpt-10171,tentação,,,10280,,seed_from_wordfreq_pt
wfpt-10172,tirem,,,10281,,seed_from_wordfreq_pt
wfpt-10173,tomate,,,10282,,seed_from_wordfreq_pt
wfpt-10174,tornarem,,,10283,,seed_from_wordfreq_pt
wfpt-10175,transações,,,10284,,seed_from_wordfreq_pt
wfpt-10176,transferidos,,,10285,,seed_from_wordfreq_pt
wfpt-10177,trava,,,10286,,seed_from_wordfreq_pt
wfpt-10178,turner,,,10287,,seed_from_wordfreq_pt
wfpt-10179,umidade,,,10288,,seed_from_wordfreq_pt
wfpt-10180,valia,,,10289,,seed_from_wordfreq_pt
wfpt-10181,vestuário,,,10290,,seed_from_wordfreq_pt
wfpt-10182,vinhos,,,10291,,seed_from_wordfreq_pt
wfpt-10183,vitamina,,,10292,,seed_from_wordfreq_pt
wfpt-10184,viável,,,10293,,seed_from_wordfreq_pt
wfpt-10185,voltaria,,,10294,,seed_from_wordfreq_pt
wfpt-10186,warren,,,10295,,seed_from_wordfreq_pt
wfpt-10187,wellington,,,10296,,seed_from_wordfreq_pt
wfpt-10188,íntegra,,,10297,,seed_from_wordfreq_pt
wfpt-10189,abelha,,,10298,,seed_from_wordfreq_pt
wfpt-10190,acalma,,,10299,,seed_from_wordfreq_pt
wfpt-10191,achas,,,10300,,seed_from_wordfreq_pt
wfpt-10192,alusão,,,10301,,seed_from_wordfreq_pt
wfpt-10193,amazônica,,,10302,,seed_from_wordfreq_pt
wfpt-10194,anexo,,,10303,,seed_from_wordfreq_pt
wfpt-10195,antecedentes,,,10304,,seed_from_wordfreq_pt
wfpt-10196,apaixona,,,10305,,seed_from_wordfreq_pt
wfpt-10197,apoiam,,,10306,,seed_from_wordfreq_pt
wfpt-10198,apreensão,,,10307,,seed_from_wordfreq_pt
wfpt-10199,aquário,,,10308,,seed_from_wordfreq_pt
wfpt-10200,ares,,,10309,,seed_from_wordfreq_pt
wfpt-10201,armamento,,,10310,,seed_from_wordfreq_pt
wfpt-10202,assassinados,,,10311,,seed_from_wordfreq_pt
wfpt-10203,ativar,,,10312,,seed_from_wordfreq_pt
wfpt-10204,atlanta,,,10313,,seed_from_wordfreq_pt
wfpt-10205,autorizou,,,10314,,seed_from_wordfreq_pt
wfpt-10206,avenidas,,,10315,,seed_from_wordfreq_pt
wfpt-10207,aéreos,,,10316,,seed_from_wordfreq_pt
wfpt-10208,baiana,,,10317,,seed_from_wordfreq_pt
wfpt-10209,beth,,,10318,,seed_from_wordfreq_pt
wfpt-10210,books,,,10319,,seed_from_wordfreq_pt
wfpt-10211,brisa,,,10320,,seed_from_wordfreq_pt
wfpt-10212,calhar,,,10321,,seed_from_wordfreq_pt
wfpt-10213,canela,,,10322,,seed_from_wordfreq_pt
wfpt-10214,cansados,,,10323,,seed_from_wordfreq_pt
wfpt-10215,cariocas,,,10324,,seed_from_wordfreq_pt
wfpt-10216,cavalaria,,,10325,,seed_from_wordfreq_pt
wfpt-10217,cecília,,,10326,,seed_from_wordfreq_pt
wfpt-10218,chase,,,10327,,seed_from_wordfreq_pt
wfpt-10219,chi,,,10328,,seed_from_wordfreq_pt
wfpt-10220,confederações,,,10329,,seed_from_wordfreq_pt
wfpt-10221,confirmados,,,10330,,seed_from_wordfreq_pt
wfpt-10222,consecutivo,,,10331,,seed_from_wordfreq_pt
wfpt-10223,conseguirá,,,10332,,seed_from_wordfreq_pt
wfpt-10224,consórcio,,,10333,,seed_from_wordfreq_pt
wfpt-10225,contamos,,,10334,,seed_from_wordfreq_pt
wfpt-10226,coordenadora,,,10335,,seed_from_wordfreq_pt
wfpt-10227,coreana,,,10336,,seed_from_wordfreq_pt
wfpt-10228,correspondem,,,10337,,seed_from_wordfreq_pt
wfpt-10229,cortando,,,10338,,seed_from_wordfreq_pt
wfpt-10230,cruzada,,,10339,,seed_from_wordfreq_pt
wfpt-10231,damas,,,10340,,seed_from_wordfreq_pt
wfpt-10232,danças,,,10341,,seed_from_wordfreq_pt
wfpt-10233,deem,,,10342,,seed_from_wordfreq_pt
wfpt-10234,delicado,,,10343,,seed_from_wordfreq_pt
wfpt-10235,desceu,,,10344,,seed_from_wordfreq_pt
wfpt-10236,desejava,,,10345,,seed_from_wordfreq_pt
wfpt-10237,desfrutar,,,10346,,seed_from_wordfreq_pt
wfpt-10238,dominação,,,10347,,seed_from_wordfreq_pt
wfpt-10239,egípcios,,,10348,,seed_from_wordfreq_pt
wfpt-10240,elaborar,,,10349,,seed_from_wordfreq_pt
wfpt-10241,elevadas,,,10350,,seed_from_wordfreq_pt
wfpt-10242,elisa,,,10351,,seed_from_wordfreq_pt
wfpt-10243,engolir,,,10352,,seed_from_wordfreq_pt
wfpt-10244,entenderam,,,10353,,seed_from_wordfreq_pt
wfpt-10245,entrevistados,,,10354,,seed_from_wordfreq_pt
wfpt-10246,escrava,,,10355,,seed_from_wordfreq_pt
wfpt-10247,esportivos,,,10356,,seed_from_wordfreq_pt
wfpt-10248,estarmos,,,10357,,seed_from_wordfreq_pt
wfpt-10249,fan,,,10358,,seed_from_wordfreq_pt
wfpt-10250,filas,,,10359,,seed_from_wordfreq_pt
wfpt-10251,galaxy,,,10360,,seed_from_wordfreq_pt
wfpt-10252,georgia,,,10361,,seed_from_wordfreq_pt
wfpt-10253,gostaram,,,10362,,seed_from_wordfreq_pt
wfpt-10254,graham,,,10363,,seed_from_wordfreq_pt
wfpt-10255,gravada,,,10364,,seed_from_wordfreq_pt
wfpt-10256,gray,,,10365,,seed_from_wordfreq_pt
wfpt-10257,hanna,,,10366,,seed_from_wordfreq_pt
wfpt-10258,homossexualidade,,,10367,,seed_from_wordfreq_pt
wfpt-10259,honrar,,,10368,,seed_from_wordfreq_pt
wfpt-10260,hélio,,,10369,,seed_from_wordfreq_pt
wfpt-10261,inaugurado,,,10370,,seed_from_wordfreq_pt
wfpt-10262,incidência,,,10371,,seed_from_wordfreq_pt
wfpt-10263,influente,,,10372,,seed_from_wordfreq_pt
wfpt-10264,informando,,,10373,,seed_from_wordfreq_pt
wfpt-10265,ingrid,,,10374,,seed_from_wordfreq_pt
wfpt-10266,inspira,,,10375,,seed_from_wordfreq_pt
wfpt-10267,instalou,,,10376,,seed_from_wordfreq_pt
wfpt-10268,interrogatório,,,10377,,seed_from_wordfreq_pt
wfpt-10269,intolerância,,,10378,,seed_from_wordfreq_pt
wfpt-10270,isabella,,,10379,,seed_from_wordfreq_pt
wfpt-10271,jurista,,,10380,,seed_from_wordfreq_pt
wfpt-10272,jurídicos,,,10381,,seed_from_wordfreq_pt
wfpt-10273,keith,,,10382,,seed_from_wordfreq_pt
wfpt-10274,kent,,,10383,,seed_from_wordfreq_pt
wfpt-10275,key,,,10384,,seed_from_wordfreq_pt
wfpt-10276,leito,,,10385,,seed_from_wordfreq_pt
wfpt-10277,lembrem,,,10386,,seed_from_wordfreq_pt
wfpt-10278,levadas,,,10387,,seed_from_wordfreq_pt
wfpt-10279,liminar,,,10388,,seed_from_wordfreq_pt
wfpt-10280,louise,,,10389,,seed_from_wordfreq_pt
wfpt-10281,luciana,,,10390,,seed_from_wordfreq_pt
wfpt-10282,macarrão,,,10391,,seed_from_wordfreq_pt
wfpt-10283,maldito,,,10392,,seed_from_wordfreq_pt
wfpt-10284,mania,,,10393,,seed_from_wordfreq_pt
wfpt-10285,manifestou,,,10394,,seed_from_wordfreq_pt
wfpt-10286,marcam,,,10395,,seed_from_wordfreq_pt
wfpt-10287,mauricio,,,10396,,seed_from_wordfreq_pt
wfpt-10288,mentiu,,,10397,,seed_from_wordfreq_pt
wfpt-10289,merecer,,,10398,,seed_from_wordfreq_pt
wfpt-10290,milionário,,,10399,,seed_from_wordfreq_pt
wfpt-10291,modernidade,,,10400,,seed_from_wordfreq_pt
wfpt-10292,moinho,,,10401,,seed_from_wordfreq_pt
wfpt-10293,moore,,,10402,,seed_from_wordfreq_pt
wfpt-10294,moças,,,10403,,seed_from_wordfreq_pt
wfpt-10295,muscular,,,10404,,seed_from_wordfreq_pt
wfpt-10296,nacionalista,,,10405,,seed_from_wordfreq_pt
wfpt-10297,need,,,10406,,seed_from_wordfreq_pt
wfpt-10298,ocupam,,,10407,,seed_from_wordfreq_pt
wfpt-10299,ocupou,,,10408,,seed_from_wordfreq_pt
wfpt-10300,paradigma,,,10409,,seed_from_wordfreq_pt
wfpt-10301,paranaense,,,10410,,seed_from_wordfreq_pt
wfpt-10302,penetração,,,10411,,seed_from_wordfreq_pt
wfpt-10303,permitiram,,,10412,,seed_from_wordfreq_pt
wfpt-10304,perpétua,,,10413,,seed_from_wordfreq_pt
wfpt-10305,petista,,,10414,,seed_from_wordfreq_pt
wfpt-10306,philip,,,10415,,seed_from_wordfreq_pt
wfpt-10307,plaza,,,10416,,seed_from_wordfreq_pt
wfpt-10308,pleito,,,10417,,seed_from_wordfreq_pt
wfpt-10309,pratica,,,10418,,seed_from_wordfreq_pt
wfpt-10310,praticado,,,10419,,seed_from_wordfreq_pt
wfpt-10311,precisas,,,10420,,seed_from_wordfreq_pt
wfpt-10312,precisavam,,,10421,,seed_from_wordfreq_pt
wfpt-10313,precoce,,,10422,,seed_from_wordfreq_pt
wfpt-10314,preguiça,,,10423,,seed_from_wordfreq_pt
wfpt-10315,preparativos,,,10424,,seed_from_wordfreq_pt
wfpt-10316,price,,,10425,,seed_from_wordfreq_pt
wfpt-10317,propina,,,10426,,seed_from_wordfreq_pt
wfpt-10318,punido,,,10427,,seed_from_wordfreq_pt
wfpt-10319,qualificado,,,10428,,seed_from_wordfreq_pt
wfpt-10320,quintas,,,10429,,seed_from_wordfreq_pt
wfpt-10321,reconhecendo,,,10430,,seed_from_wordfreq_pt
wfpt-10322,referendo,,,10431,,seed_from_wordfreq_pt
wfpt-10323,referiu,,,10432,,seed_from_wordfreq_pt
wfpt-10324,respondi,,,10433,,seed_from_wordfreq_pt
wfpt-10325,riso,,,10434,,seed_from_wordfreq_pt
wfpt-10326,rodríguez,,,10435,,seed_from_wordfreq_pt
wfpt-10327,roraima,,,10436,,seed_from_wordfreq_pt
wfpt-10328,satisfeita,,,10437,,seed_from_wordfreq_pt
wfpt-10329,sentados,,,10438,,seed_from_wordfreq_pt
wfpt-10330,simulação,,,10439,,seed_from_wordfreq_pt
wfpt-10331,solitária,,,10440,,seed_from_wordfreq_pt
wfpt-10332,soviético,,,10441,,seed_from_wordfreq_pt
wfpt-10333,spray,,,10442,,seed_from_wordfreq_pt
wfpt-10334,substitui,,,10443,,seed_from_wordfreq_pt
wfpt-10335,subsídios,,,10444,,seed_from_wordfreq_pt
wfpt-10336,supera,,,10445,,seed_from_wordfreq_pt
wfpt-10337,sérias,,,10446,,seed_from_wordfreq_pt
wfpt-10338,sírio,,,10447,,seed_from_wordfreq_pt
wfpt-10339,trabalhistas,,,10448,,seed_from_wordfreq_pt
wfpt-10340,transformações,,,10449,,seed_from_wordfreq_pt
wfpt-10341,transmite,,,10450,,seed_from_wordfreq_pt
wfpt-10342,uniu,,,10452,,seed_from_wordfreq_pt
wfpt-10343,urina,,,10453,,seed_from_wordfreq_pt
wfpt-10344,vasos,,,10454,,seed_from_wordfreq_pt
wfpt-10345,vestida,,,10455,,seed_from_wordfreq_pt
wfpt-10346,vinícius,,,10456,,seed_from_wordfreq_pt
wfpt-10347,visualização,,,10457,,seed_from_wordfreq_pt
wfpt-10348,vizinhas,,,10458,,seed_from_wordfreq_pt
wfpt-10349,vocalista,,,10459,,seed_from_wordfreq_pt
wfpt-10350,àquele,,,10461,,seed_from_wordfreq_pt
wfpt-10351,ão,,,10462,,seed_from_wordfreq_pt
wfpt-10352,órbita,,,10463,,seed_from_wordfreq_pt
wfpt-10353,acessórios,,,10464,,seed_from_wordfreq_pt
wfpt-10354,actos,,,10465,,seed_from_wordfreq_pt
wfpt-10355,adequadas,,,10466,,seed_from_wordfreq_pt
wfpt-10356,administrativos,,,10467,,seed_from_wordfreq_pt
wfpt-10357,aeronave,,,10468,,seed_from_wordfreq_pt
wfpt-10358,afetados,,,10469,,seed_from_wordfreq_pt
wfpt-10359,agrária,,,10470,,seed_from_wordfreq_pt
wfpt-10360,ajudará,,,10471,,seed_from_wordfreq_pt
wfpt-10361,apareça,,,10472,,seed_from_wordfreq_pt
wfpt-10362,argentinos,,,10473,,seed_from_wordfreq_pt
wfpt-10363,arrependimento,,,10474,,seed_from_wordfreq_pt
wfpt-10364,arrogância,,,10475,,seed_from_wordfreq_pt
wfpt-10365,assinaram,,,10476,,seed_from_wordfreq_pt
wfpt-10366,aumentaram,,,10477,,seed_from_wordfreq_pt
wfpt-10367,blake,,,10478,,seed_from_wordfreq_pt
wfpt-10368,bon,,,10479,,seed_from_wordfreq_pt
wfpt-10369,bosque,,,10480,,seed_from_wordfreq_pt
wfpt-10370,break,,,10481,,seed_from_wordfreq_pt
wfpt-10371,caixão,,,10482,,seed_from_wordfreq_pt
wfpt-10372,cam,,,10483,,seed_from_wordfreq_pt
wfpt-10373,caravana,,,10484,,seed_from_wordfreq_pt
wfpt-10374,castanho,,,10485,,seed_from_wordfreq_pt
wfpt-10375,catherine,,,10486,,seed_from_wordfreq_pt
wfpt-10376,caí,,,10487,,seed_from_wordfreq_pt
wfpt-10377,cercada,,,10488,,seed_from_wordfreq_pt
wfpt-10378,chocado,,,10489,,seed_from_wordfreq_pt
wfpt-10379,ciro,,,10490,,seed_from_wordfreq_pt
wfpt-10380,claire,,,10491,,seed_from_wordfreq_pt
wfpt-10381,colunista,,,10492,,seed_from_wordfreq_pt
wfpt-10382,comerciante,,,10493,,seed_from_wordfreq_pt
wfpt-10383,começarem,,,10494,,seed_from_wordfreq_pt
wfpt-10384,company,,,10495,,seed_from_wordfreq_pt
wfpt-10385,compartilhado,,,10496,,seed_from_wordfreq_pt
wfpt-10386,completas,,,10497,,seed_from_wordfreq_pt
wfpt-10387,concessões,,,10498,,seed_from_wordfreq_pt
wfpt-10388,conduziu,,,10499,,seed_from_wordfreq_pt
wfpt-10389,conseguirem,,,10500,,seed_from_wordfreq_pt
wfpt-10390,consultar,,,10501,,seed_from_wordfreq_pt
wfpt-10391,contaram,,,10502,,seed_from_wordfreq_pt
wfpt-10392,contextos,,,10503,,seed_from_wordfreq_pt
wfpt-10393,continuando,,,10504,,seed_from_wordfreq_pt
wfpt-10394,corpus,,,10505,,seed_from_wordfreq_pt
wfpt-10395,criativas,,,10506,,seed_from_wordfreq_pt
wfpt-10396,criminais,,,10507,,seed_from_wordfreq_pt
wfpt-10397,criticando,,,10508,,seed_from_wordfreq_pt
wfpt-10398,crânio,,,10509,,seed_from_wordfreq_pt
wfpt-10399,deixada,,,10510,,seed_from_wordfreq_pt
wfpt-10400,desastres,,,10511,,seed_from_wordfreq_pt
wfpt-10401,desembargador,,,10512,,seed_from_wordfreq_pt
wfpt-10402,devolve,,,10513,,seed_from_wordfreq_pt
wfpt-10403,discutido,,,10514,,seed_from_wordfreq_pt
wfpt-10404,disparou,,,10515,,seed_from_wordfreq_pt
wfpt-10405,divulgadas,,,10516,,seed_from_wordfreq_pt
wfpt-10406,divulgando,,,10517,,seed_from_wordfreq_pt
wfpt-10407,egípcia,,,10518,,seed_from_wordfreq_pt
wfpt-10408,elaborada,,,10519,,seed_from_wordfreq_pt
wfpt-10409,elétricas,,,10520,,seed_from_wordfreq_pt
wfpt-10410,encerrada,,,10521,,seed_from_wordfreq_pt
wfpt-10411,encontrarem,,,10522,,seed_from_wordfreq_pt
wfpt-10412,enrique,,,10523,,seed_from_wordfreq_pt
wfpt-10413,equação,,,10524,,seed_from_wordfreq_pt
wfpt-10414,errar,,,10525,,seed_from_wordfreq_pt
wfpt-10415,estadunidense,,,10526,,seed_from_wordfreq_pt
wfpt-10416,estudei,,,10527,,seed_from_wordfreq_pt
wfpt-10417,estímulo,,,10528,,seed_from_wordfreq_pt
wfpt-10418,evita,,,10529,,seed_from_wordfreq_pt
wfpt-10419,excepto,,,10530,,seed_from_wordfreq_pt
wfpt-10420,exerce,,,10531,,seed_from_wordfreq_pt
wfpt-10421,experiente,,,10532,,seed_from_wordfreq_pt
wfpt-10422,feed,,,10533,,seed_from_wordfreq_pt
wfpt-10423,ficavam,,,10534,,seed_from_wordfreq_pt
wfpt-10424,finalização,,,10535,,seed_from_wordfreq_pt
wfpt-10425,fodendo,,,10536,,seed_from_wordfreq_pt
wfpt-10426,formigas,,,10537,,seed_from_wordfreq_pt
wfpt-10427,fotográfico,,,10538,,seed_from_wordfreq_pt
wfpt-10428,gana,,,10539,,seed_from_wordfreq_pt
wfpt-10429,ganhador,,,10540,,seed_from_wordfreq_pt
wfpt-10430,gostado,,,10541,,seed_from_wordfreq_pt
wfpt-10431,gostariam,,,10542,,seed_from_wordfreq_pt
wfpt-10432,gostas,,,10543,,seed_from_wordfreq_pt
wfpt-10433,guarulhos,,,10544,,seed_from_wordfreq_pt
wfpt-10434,hannah,,,10545,,seed_from_wordfreq_pt
wfpt-10435,horizontal,,,10546,,seed_from_wordfreq_pt
wfpt-10436,identificada,,,10547,,seed_from_wordfreq_pt
wfpt-10437,ignora,,,10548,,seed_from_wordfreq_pt
wfpt-10438,intervir,,,10549,,seed_from_wordfreq_pt
wfpt-10439,june,,,10550,,seed_from_wordfreq_pt
wfpt-10440,legalidade,,,10551,,seed_from_wordfreq_pt
wfpt-10441,lutaram,,,10552,,seed_from_wordfreq_pt
wfpt-10442,lâmpada,,,10553,,seed_from_wordfreq_pt
wfpt-10443,manuais,,,10554,,seed_from_wordfreq_pt
wfpt-10444,mao,,,10555,,seed_from_wordfreq_pt
wfpt-10445,marcação,,,10556,,seed_from_wordfreq_pt
wfpt-10446,marcela,,,10557,,seed_from_wordfreq_pt
wfpt-10447,marque,,,10558,,seed_from_wordfreq_pt
wfpt-10448,matrícula,,,10559,,seed_from_wordfreq_pt
wfpt-10449,mentiroso,,,10560,,seed_from_wordfreq_pt
wfpt-10450,meteu,,,10561,,seed_from_wordfreq_pt
wfpt-10451,mexicanos,,,10562,,seed_from_wordfreq_pt
wfpt-10452,milímetros,,,10563,,seed_from_wordfreq_pt
wfpt-10453,minério,,,10564,,seed_from_wordfreq_pt
wfpt-10454,misturar,,,10565,,seed_from_wordfreq_pt
wfpt-10455,mitchell,,,10566,,seed_from_wordfreq_pt
wfpt-10456,modificação,,,10567,,seed_from_wordfreq_pt
wfpt-10457,montante,,,10568,,seed_from_wordfreq_pt
wfpt-10458,munições,,,10569,,seed_from_wordfreq_pt
wfpt-10459,mínimos,,,10570,,seed_from_wordfreq_pt
wfpt-10460,nascem,,,10571,,seed_from_wordfreq_pt
wfpt-10461,nomeada,,,10572,,seed_from_wordfreq_pt
wfpt-10462,noticiário,,,10573,,seed_from_wordfreq_pt
wfpt-10463,notificações,,,10574,,seed_from_wordfreq_pt
wfpt-10464,oitava,,,10575,,seed_from_wordfreq_pt
wfpt-10465,olhava,,,10576,,seed_from_wordfreq_pt
wfpt-10466,operadora,,,10577,,seed_from_wordfreq_pt
wfpt-10467,otimista,,,10578,,seed_from_wordfreq_pt
wfpt-10468,ouvem,,,10579,,seed_from_wordfreq_pt
wfpt-10469,pacífica,,,10580,,seed_from_wordfreq_pt
wfpt-10470,pastores,,,10581,,seed_from_wordfreq_pt
wfpt-10471,patricia,,,10582,,seed_from_wordfreq_pt
wfpt-10472,pegada,,,10583,,seed_from_wordfreq_pt
wfpt-10473,pertencer,,,10584,,seed_from_wordfreq_pt
wfpt-10474,plantações,,,10585,,seed_from_wordfreq_pt
wfpt-10475,pneu,,,10586,,seed_from_wordfreq_pt
wfpt-10476,politica,,,10587,,seed_from_wordfreq_pt
wfpt-10477,pote,,,10588,,seed_from_wordfreq_pt
wfpt-10478,preferir,,,10589,,seed_from_wordfreq_pt
wfpt-10479,preparou,,,10590,,seed_from_wordfreq_pt
wfpt-10480,procuramos,,,10591,,seed_from_wordfreq_pt
wfpt-10481,produtivo,,,10592,,seed_from_wordfreq_pt
wfpt-10482,promotoria,,,10593,,seed_from_wordfreq_pt
wfpt-10483,propagação,,,10594,,seed_from_wordfreq_pt
wfpt-10484,propósitos,,,10595,,seed_from_wordfreq_pt
wfpt-10485,protegê,,,10596,,seed_from_wordfreq_pt
wfpt-10486,prémios,,,10597,,seed_from_wordfreq_pt
wfpt-10487,pérola,,,10598,,seed_from_wordfreq_pt
wfpt-10488,recorda,,,10599,,seed_from_wordfreq_pt
wfpt-10489,recrutamento,,,10600,,seed_from_wordfreq_pt
wfpt-10490,reforça,,,10601,,seed_from_wordfreq_pt
wfpt-10491,reforços,,,10602,,seed_from_wordfreq_pt
wfpt-10492,reitoria,,,10603,,seed_from_wordfreq_pt
wfpt-10493,rejeitado,,,10604,,seed_from_wordfreq_pt
wfpt-10494,rejeitou,,,10605,,seed_from_wordfreq_pt
wfpt-10495,relaciona,,,10606,,seed_from_wordfreq_pt
wfpt-10496,reservatório,,,10607,,seed_from_wordfreq_pt
wfpt-10497,rim,,,10608,,seed_from_wordfreq_pt
wfpt-10498,saltar,,,10609,,seed_from_wordfreq_pt
wfpt-10499,saltos,,,10610,,seed_from_wordfreq_pt
wfpt-10500,selecionado,,,10611,,seed_from_wordfreq_pt
wfpt-10501,selecção,,,10612,,seed_from_wordfreq_pt
wfpt-10502,selos,,,10613,,seed_from_wordfreq_pt
wfpt-10503,simplicidade,,,10614,,seed_from_wordfreq_pt
wfpt-10504,sofria,,,10615,,seed_from_wordfreq_pt
wfpt-10505,solares,,,10616,,seed_from_wordfreq_pt
wfpt-10506,sombrio,,,10617,,seed_from_wordfreq_pt
wfpt-10507,sugiro,,,10618,,seed_from_wordfreq_pt
wfpt-10508,suspense,,,10619,,seed_from_wordfreq_pt
wfpt-10509,tornará,,,10620,,seed_from_wordfreq_pt
wfpt-10510,trabalhadora,,,10621,,seed_from_wordfreq_pt
wfpt-10511,treinado,,,10622,,seed_from_wordfreq_pt
wfpt-10512,tunísia,,,10623,,seed_from_wordfreq_pt
wfpt-10513,turista,,,10624,,seed_from_wordfreq_pt
wfpt-10514,tímido,,,10625,,seed_from_wordfreq_pt
wfpt-10515,viii,,,10626,,seed_from_wordfreq_pt
wfpt-10516,visitado,,,10627,,seed_from_wordfreq_pt
wfpt-10517,visitaram,,,10628,,seed_from_wordfreq_pt
wfpt-10518,voltava,,,10629,,seed_from_wordfreq_pt
wfpt-10519,ward,,,10630,,seed_from_wordfreq_pt
wfpt-10520,where,,,10631,,seed_from_wordfreq_pt
wfpt-10521,women,,,10632,,seed_from_wordfreq_pt
wfpt-10522,aceitamos,,,10634,,seed_from_wordfreq_pt
wfpt-10523,acelerado,,,10635,,seed_from_wordfreq_pt
wfpt-10524,acidentalmente,,,10636,,seed_from_wordfreq_pt
wfpt-10525,acostumar,,,10637,,seed_from_wordfreq_pt
wfpt-10526,acusada,,,10638,,seed_from_wordfreq_pt
wfpt-10527,acústica,,,10639,,seed_from_wordfreq_pt
wfpt-10528,adams,,,10640,,seed_from_wordfreq_pt
wfpt-10529,afetado,,,10641,,seed_from_wordfreq_pt
wfpt-10530,afins,,,10642,,seed_from_wordfreq_pt
wfpt-10531,alfabeto,,,10643,,seed_from_wordfreq_pt
wfpt-10532,ameaçado,,,10644,,seed_from_wordfreq_pt
wfpt-10533,anatomia,,,10645,,seed_from_wordfreq_pt
wfpt-10534,animar,,,10646,,seed_from_wordfreq_pt
wfpt-10535,antecipação,,,10647,,seed_from_wordfreq_pt
wfpt-10536,anão,,,10648,,seed_from_wordfreq_pt
wfpt-10537,aparecida,,,10649,,seed_from_wordfreq_pt
wfpt-10538,aposentar,,,10650,,seed_from_wordfreq_pt
wfpt-10539,apresentava,,,10651,,seed_from_wordfreq_pt
wfpt-10540,argumentou,,,10652,,seed_from_wordfreq_pt
wfpt-10541,armazém,,,10653,,seed_from_wordfreq_pt
wfpt-10542,ashley,,,10654,,seed_from_wordfreq_pt
wfpt-10543,assistido,,,10655,,seed_from_wordfreq_pt
wfpt-10544,assumido,,,10656,,seed_from_wordfreq_pt
wfpt-10545,atendendo,,,10657,,seed_from_wordfreq_pt
wfpt-10546,aveiro,,,10658,,seed_from_wordfreq_pt
wfpt-10547,açores,,,10659,,seed_from_wordfreq_pt
wfpt-10548,betty,,,10660,,seed_from_wordfreq_pt
wfpt-10549,botânico,,,10661,,seed_from_wordfreq_pt
wfpt-10550,brandão,,,10662,,seed_from_wordfreq_pt
wfpt-10551,cacete,,,10663,,seed_from_wordfreq_pt
wfpt-10552,calcular,,,10664,,seed_from_wordfreq_pt
wfpt-10553,camisetas,,,10665,,seed_from_wordfreq_pt
wfpt-10554,captar,,,10666,,seed_from_wordfreq_pt
wfpt-10555,carregamento,,,10667,,seed_from_wordfreq_pt
wfpt-10556,cartoon,,,10668,,seed_from_wordfreq_pt
wfpt-10557,cativeiro,,,10669,,seed_from_wordfreq_pt
wfpt-10558,chipre,,,10670,,seed_from_wordfreq_pt
wfpt-10559,clinton,,,10671,,seed_from_wordfreq_pt
wfpt-10560,colaborou,,,10672,,seed_from_wordfreq_pt
wfpt-10561,coloquem,,,10673,,seed_from_wordfreq_pt
wfpt-10562,comandar,,,10674,,seed_from_wordfreq_pt
wfpt-10563,começava,,,10675,,seed_from_wordfreq_pt
wfpt-10564,compatível,,,10676,,seed_from_wordfreq_pt
wfpt-10565,comprometido,,,10677,,seed_from_wordfreq_pt
wfpt-10566,compõe,,,10678,,seed_from_wordfreq_pt
wfpt-10567,concede,,,10679,,seed_from_wordfreq_pt
wfpt-10568,concordam,,,10680,,seed_from_wordfreq_pt
wfpt-10569,conseguiria,,,10681,,seed_from_wordfreq_pt
wfpt-10570,constrói,,,10682,,seed_from_wordfreq_pt
wfpt-10571,contada,,,10683,,seed_from_wordfreq_pt
wfpt-10572,contrapartida,,,10684,,seed_from_wordfreq_pt
wfpt-10573,coordenar,,,10685,,seed_from_wordfreq_pt
wfpt-10574,corajosa,,,10686,,seed_from_wordfreq_pt
wfpt-10575,culpados,,,10687,,seed_from_wordfreq_pt
wfpt-10576,damon,,,10688,,seed_from_wordfreq_pt
wfpt-10577,declarada,,,10689,,seed_from_wordfreq_pt
wfpt-10578,defesas,,,10690,,seed_from_wordfreq_pt
wfpt-10579,denuncia,,,10691,,seed_from_wordfreq_pt
wfpt-10580,descendente,,,10692,,seed_from_wordfreq_pt
wfpt-10581,desvantagem,,,10693,,seed_from_wordfreq_pt
wfpt-10582,dezoito,,,10694,,seed_from_wordfreq_pt
wfpt-10583,diferencial,,,10695,,seed_from_wordfreq_pt
wfpt-10584,dilema,,,10696,,seed_from_wordfreq_pt
wfpt-10585,disponibilizar,,,10697,,seed_from_wordfreq_pt
wfpt-10586,dizemos,,,10698,,seed_from_wordfreq_pt
wfpt-10587,domina,,,10699,,seed_from_wordfreq_pt
wfpt-10588,doutora,,,10700,,seed_from_wordfreq_pt
wfpt-10589,engajamento,,,10701,,seed_from_wordfreq_pt
wfpt-10590,errou,,,10702,,seed_from_wordfreq_pt
wfpt-10591,escalar,,,10703,,seed_from_wordfreq_pt
wfpt-10592,escultura,,,10704,,seed_from_wordfreq_pt
wfpt-10593,escuras,,,10705,,seed_from_wordfreq_pt
wfpt-10594,estadão,,,10706,,seed_from_wordfreq_pt
wfpt-10595,estritamente,,,10707,,seed_from_wordfreq_pt
wfpt-10596,europe,,,10708,,seed_from_wordfreq_pt
wfpt-10597,evoluir,,,10709,,seed_from_wordfreq_pt
wfpt-10598,exigiu,,,10710,,seed_from_wordfreq_pt
wfpt-10599,experientes,,,10711,,seed_from_wordfreq_pt
wfpt-10600,express,,,10712,,seed_from_wordfreq_pt
wfpt-10601,extenso,,,10713,,seed_from_wordfreq_pt
wfpt-10602,fabiano,,,10714,,seed_from_wordfreq_pt
wfpt-10603,falavam,,,10715,,seed_from_wordfreq_pt
wfpt-10604,falecimento,,,10716,,seed_from_wordfreq_pt
wfpt-10605,farta,,,10717,,seed_from_wordfreq_pt
wfpt-10606,farto,,,10718,,seed_from_wordfreq_pt
wfpt-10607,finalizar,,,10719,,seed_from_wordfreq_pt
wfpt-10608,flávia,,,10720,,seed_from_wordfreq_pt
wfpt-10609,focado,,,10721,,seed_from_wordfreq_pt
wfpt-10610,fogão,,,10722,,seed_from_wordfreq_pt
wfpt-10611,folclore,,,10723,,seed_from_wordfreq_pt
wfpt-10612,forever,,,10724,,seed_from_wordfreq_pt
wfpt-10613,formações,,,10725,,seed_from_wordfreq_pt
wfpt-10614,fortalece,,,10726,,seed_from_wordfreq_pt
wfpt-10615,fotógrafos,,,10727,,seed_from_wordfreq_pt
wfpt-10616,fundamentos,,,10728,,seed_from_wordfreq_pt
wfpt-10617,galinhas,,,10729,,seed_from_wordfreq_pt
wfpt-10618,gatinho,,,10730,,seed_from_wordfreq_pt
wfpt-10619,gran,,,10731,,seed_from_wordfreq_pt
wfpt-10620,guanabara,,,10732,,seed_from_wordfreq_pt
wfpt-10621,guardian,,,10733,,seed_from_wordfreq_pt
wfpt-10622,havana,,,10734,,seed_from_wordfreq_pt
wfpt-10623,head,,,10735,,seed_from_wordfreq_pt
wfpt-10624,hulk,,,10736,,seed_from_wordfreq_pt
wfpt-10625,individualmente,,,10737,,seed_from_wordfreq_pt
wfpt-10626,internamente,,,10738,,seed_from_wordfreq_pt
wfpt-10627,investigando,,,10739,,seed_from_wordfreq_pt
wfpt-10628,irônico,,,10740,,seed_from_wordfreq_pt
wfpt-10629,joy,,,10741,,seed_from_wordfreq_pt
wfpt-10630,juazeiro,,,10742,,seed_from_wordfreq_pt
wfpt-10631,lenha,,,10743,,seed_from_wordfreq_pt
wfpt-10632,likes,,,10744,,seed_from_wordfreq_pt
wfpt-10633,localiza,,,10745,,seed_from_wordfreq_pt
wfpt-10634,logotipo,,,10746,,seed_from_wordfreq_pt
wfpt-10635,lorenzo,,,10747,,seed_from_wordfreq_pt
wfpt-10636,lotado,,,10748,,seed_from_wordfreq_pt
wfpt-10637,madison,,,10749,,seed_from_wordfreq_pt
wfpt-10638,maestro,,,10750,,seed_from_wordfreq_pt
wfpt-10639,majestade,,,10751,,seed_from_wordfreq_pt
wfpt-10640,management,,,10752,,seed_from_wordfreq_pt
wfpt-10641,mandioca,,,10753,,seed_from_wordfreq_pt
wfpt-10642,marcantes,,,10754,,seed_from_wordfreq_pt
wfpt-10643,marx,,,10755,,seed_from_wordfreq_pt
wfpt-10644,mascote,,,10756,,seed_from_wordfreq_pt
wfpt-10645,melodia,,,10757,,seed_from_wordfreq_pt
wfpt-10646,mencionados,,,10758,,seed_from_wordfreq_pt
wfpt-10647,morri,,,10759,,seed_from_wordfreq_pt
wfpt-10648,mostro,,,10760,,seed_from_wordfreq_pt
wfpt-10649,mártires,,,10761,,seed_from_wordfreq_pt
wfpt-10650,nice,,,10762,,seed_from_wordfreq_pt
wfpt-10651,nico,,,10763,,seed_from_wordfreq_pt
wfpt-10652,ninguem,,,10764,,seed_from_wordfreq_pt
wfpt-10653,obrigou,,,10765,,seed_from_wordfreq_pt
wfpt-10654,ocasionalmente,,,10766,,seed_from_wordfreq_pt
wfpt-10655,palpite,,,10767,,seed_from_wordfreq_pt
wfpt-10656,parecidos,,,10768,,seed_from_wordfreq_pt
wfpt-10657,patentes,,,10769,,seed_from_wordfreq_pt
wfpt-10658,percebendo,,,10770,,seed_from_wordfreq_pt
wfpt-10659,pisa,,,10771,,seed_from_wordfreq_pt
wfpt-10660,plantio,,,10772,,seed_from_wordfreq_pt
wfpt-10661,porno,,,10773,,seed_from_wordfreq_pt
wfpt-10662,pouso,,,10774,,seed_from_wordfreq_pt
wfpt-10663,preconceitos,,,10775,,seed_from_wordfreq_pt
wfpt-10664,privatização,,,10776,,seed_from_wordfreq_pt
wfpt-10665,produtividade,,,10777,,seed_from_wordfreq_pt
wfpt-10666,provocado,,,10778,,seed_from_wordfreq_pt
wfpt-10667,punir,,,10779,,seed_from_wordfreq_pt
wfpt-10668,recebidas,,,10780,,seed_from_wordfreq_pt
wfpt-10669,renovado,,,10781,,seed_from_wordfreq_pt
wfpt-10670,repleta,,,10782,,seed_from_wordfreq_pt
wfpt-10671,revolucionários,,,10783,,seed_from_wordfreq_pt
wfpt-10672,rigor,,,10784,,seed_from_wordfreq_pt
wfpt-10673,roll,,,10785,,seed_from_wordfreq_pt
wfpt-10674,rígido,,,10786,,seed_from_wordfreq_pt
wfpt-10675,sabão,,,10787,,seed_from_wordfreq_pt
wfpt-10676,sacrifícios,,,10788,,seed_from_wordfreq_pt
wfpt-10677,shop,,,10789,,seed_from_wordfreq_pt
wfpt-10678,significativos,,,10790,,seed_from_wordfreq_pt
wfpt-10679,significava,,,10791,,seed_from_wordfreq_pt
wfpt-10680,signo,,,10792,,seed_from_wordfreq_pt
wfpt-10681,submissão,,,10793,,seed_from_wordfreq_pt
wfpt-10682,sucedidos,,,10794,,seed_from_wordfreq_pt
wfpt-10683,sujeira,,,10795,,seed_from_wordfreq_pt
wfpt-10684,surpreendeu,,,10796,,seed_from_wordfreq_pt
wfpt-10685,surreal,,,10797,,seed_from_wordfreq_pt
wfpt-10686,suspender,,,10798,,seed_from_wordfreq_pt
wfpt-10687,thompson,,,10799,,seed_from_wordfreq_pt
wfpt-10688,titulo,,,10800,,seed_from_wordfreq_pt
wfpt-10689,tornei,,,10801,,seed_from_wordfreq_pt
wfpt-10690,traje,,,10802,,seed_from_wordfreq_pt
wfpt-10691,trazia,,,10803,,seed_from_wordfreq_pt
wfpt-10692,treinados,,,10804,,seed_from_wordfreq_pt
wfpt-10693,treinamentos,,,10805,,seed_from_wordfreq_pt
wfpt-10694,treinando,,,10806,,seed_from_wordfreq_pt
wfpt-10695,tres,,,10807,,seed_from_wordfreq_pt
wfpt-10696,trilogia,,,10808,,seed_from_wordfreq_pt
wfpt-10697,turística,,,10809,,seed_from_wordfreq_pt
wfpt-10698,térmica,,,10810,,seed_from_wordfreq_pt
wfpt-10699,veia,,,10811,,seed_from_wordfreq_pt
wfpt-10700,viciada,,,10812,,seed_from_wordfreq_pt
wfpt-10701,vulneráveis,,,10813,,seed_from_wordfreq_pt
wfpt-10702,why,,,10814,,seed_from_wordfreq_pt
wfpt-10703,abolição,,,10815,,seed_from_wordfreq_pt
wfpt-10704,absurda,,,10816,,seed_from_wordfreq_pt
wfpt-10705,acender,,,10817,,seed_from_wordfreq_pt
wfpt-10706,acionistas,,,10818,,seed_from_wordfreq_pt
wfpt-10707,acontecesse,,,10819,,seed_from_wordfreq_pt
wfpt-10708,acústico,,,10820,,seed_from_wordfreq_pt
wfpt-10709,adjunto,,,10821,,seed_from_wordfreq_pt
wfpt-10710,admirar,,,10822,,seed_from_wordfreq_pt
wfpt-10711,agregado,,,10823,,seed_from_wordfreq_pt
wfpt-10712,agronegócio,,,10824,,seed_from_wordfreq_pt
wfpt-10713,alfabetização,,,10825,,seed_from_wordfreq_pt
wfpt-10714,allan,,,10826,,seed_from_wordfreq_pt
wfpt-10715,angra,,,10827,,seed_from_wordfreq_pt
wfpt-10716,ansiosos,,,10828,,seed_from_wordfreq_pt
wfpt-10717,apaixonou,,,10829,,seed_from_wordfreq_pt
wfpt-10718,atrasos,,,10830,,seed_from_wordfreq_pt
wfpt-10719,atribuída,,,10831,,seed_from_wordfreq_pt
wfpt-10720,august,,,10832,,seed_from_wordfreq_pt
wfpt-10721,autoestima,,,10833,,seed_from_wordfreq_pt
wfpt-10722,baixada,,,10834,,seed_from_wordfreq_pt
wfpt-10723,baker,,,10835,,seed_from_wordfreq_pt
wfpt-10724,barraca,,,10836,,seed_from_wordfreq_pt
wfpt-10725,beatles,,,10837,,seed_from_wordfreq_pt
wfpt-10726,beck,,,10838,,seed_from_wordfreq_pt
wfpt-10727,beijando,,,10839,,seed_from_wordfreq_pt
wfpt-10728,biológico,,,10840,,seed_from_wordfreq_pt
wfpt-10729,british,,,10841,,seed_from_wordfreq_pt
wfpt-10730,bruta,,,10842,,seed_from_wordfreq_pt
wfpt-10731,budapeste,,,10843,,seed_from_wordfreq_pt
wfpt-10732,bull,,,10844,,seed_from_wordfreq_pt
wfpt-10733,cais,,,10845,,seed_from_wordfreq_pt
wfpt-10734,caldas,,,10846,,seed_from_wordfreq_pt
wfpt-10735,capacete,,,10847,,seed_from_wordfreq_pt
wfpt-10736,careca,,,10848,,seed_from_wordfreq_pt
wfpt-10737,carentes,,,10849,,seed_from_wordfreq_pt
wfpt-10738,cegos,,,10850,,seed_from_wordfreq_pt
wfpt-10739,celebridade,,,10851,,seed_from_wordfreq_pt
wfpt-10740,centenário,,,10852,,seed_from_wordfreq_pt
wfpt-10741,chique,,,10853,,seed_from_wordfreq_pt
wfpt-10742,class,,,10854,,seed_from_wordfreq_pt
wfpt-10743,clicar,,,10855,,seed_from_wordfreq_pt
wfpt-10744,cofres,,,10856,,seed_from_wordfreq_pt
wfpt-10745,colecção,,,10857,,seed_from_wordfreq_pt
wfpt-10746,colin,,,10858,,seed_from_wordfreq_pt
wfpt-10747,comediante,,,10859,,seed_from_wordfreq_pt
wfpt-10748,comercialização,,,10860,,seed_from_wordfreq_pt
wfpt-10749,completando,,,10861,,seed_from_wordfreq_pt
wfpt-10750,comunhão,,,10862,,seed_from_wordfreq_pt
wfpt-10751,condenada,,,10863,,seed_from_wordfreq_pt
wfpt-10752,considerações,,,10864,,seed_from_wordfreq_pt
wfpt-10753,construídos,,,10865,,seed_from_wordfreq_pt
wfpt-10754,corporações,,,10866,,seed_from_wordfreq_pt
wfpt-10755,correção,,,10867,,seed_from_wordfreq_pt
wfpt-10756,coréia,,,10868,,seed_from_wordfreq_pt
wfpt-10757,cresceram,,,10869,,seed_from_wordfreq_pt
wfpt-10758,cristóvão,,,10870,,seed_from_wordfreq_pt
wfpt-10759,cruzes,,,10871,,seed_from_wordfreq_pt
wfpt-10760,cumpre,,,10872,,seed_from_wordfreq_pt
wfpt-10761,darem,,,10873,,seed_from_wordfreq_pt
wfpt-10762,descrevendo,,,10874,,seed_from_wordfreq_pt
wfpt-10763,desejamos,,,10875,,seed_from_wordfreq_pt
wfpt-10764,desiste,,,10876,,seed_from_wordfreq_pt
wfpt-10765,desrespeito,,,10877,,seed_from_wordfreq_pt
wfpt-10766,development,,,10878,,seed_from_wordfreq_pt
wfpt-10767,ditas,,,10879,,seed_from_wordfreq_pt
wfpt-10768,dormia,,,10880,,seed_from_wordfreq_pt
wfpt-10769,dramático,,,10881,,seed_from_wordfreq_pt
wfpt-10770,durmo,,,10882,,seed_from_wordfreq_pt
wfpt-10771,ea,,,10883,,seed_from_wordfreq_pt
wfpt-10772,económicas,,,10884,,seed_from_wordfreq_pt
wfpt-10773,emboscada,,,10885,,seed_from_wordfreq_pt
wfpt-10774,empresariais,,,10886,,seed_from_wordfreq_pt
wfpt-10775,encantado,,,10887,,seed_from_wordfreq_pt
wfpt-10776,encanto,,,10888,,seed_from_wordfreq_pt
wfpt-10777,escuros,,,10889,,seed_from_wordfreq_pt
wfpt-10778,espalha,,,10890,,seed_from_wordfreq_pt
wfpt-10779,especializados,,,10891,,seed_from_wordfreq_pt
wfpt-10780,especialização,,,10892,,seed_from_wordfreq_pt
wfpt-10781,esperada,,,10893,,seed_from_wordfreq_pt
wfpt-10782,excepção,,,10894,,seed_from_wordfreq_pt
wfpt-10783,expulsa,,,10895,,seed_from_wordfreq_pt
wfpt-10784,exércitos,,,10896,,seed_from_wordfreq_pt
wfpt-10785,fixado,,,10897,,seed_from_wordfreq_pt
wfpt-10786,foguete,,,10898,,seed_from_wordfreq_pt
wfpt-10787,formaram,,,10899,,seed_from_wordfreq_pt
wfpt-10788,generalizada,,,10900,,seed_from_wordfreq_pt
wfpt-10789,grades,,,10901,,seed_from_wordfreq_pt
wfpt-10790,habitam,,,10902,,seed_from_wordfreq_pt
wfpt-10791,humberto,,,10903,,seed_from_wordfreq_pt
wfpt-10792,hídricos,,,10904,,seed_from_wordfreq_pt
wfpt-10793,ignorante,,,10905,,seed_from_wordfreq_pt
wfpt-10794,incluída,,,10906,,seed_from_wordfreq_pt
wfpt-10795,inesquecível,,,10907,,seed_from_wordfreq_pt
wfpt-10796,inserção,,,10908,,seed_from_wordfreq_pt
wfpt-10797,interiores,,,10909,,seed_from_wordfreq_pt
wfpt-10798,interrompido,,,10910,,seed_from_wordfreq_pt
wfpt-10799,intuição,,,10911,,seed_from_wordfreq_pt
wfpt-10800,ipad,,,10912,,seed_from_wordfreq_pt
wfpt-10801,jade,,,10913,,seed_from_wordfreq_pt
wfpt-10802,jung,,,10914,,seed_from_wordfreq_pt
wfpt-10803,juramento,,,10915,,seed_from_wordfreq_pt
wfpt-10804,lares,,,10916,,seed_from_wordfreq_pt
wfpt-10805,lg,,,10917,,seed_from_wordfreq_pt
wfpt-10806,liberdades,,,10918,,seed_from_wordfreq_pt
wfpt-10807,liderados,,,10919,,seed_from_wordfreq_pt
wfpt-10808,luso,,,10920,,seed_from_wordfreq_pt
wfpt-10809,machismo,,,10921,,seed_from_wordfreq_pt
wfpt-10810,mago,,,10922,,seed_from_wordfreq_pt
wfpt-10811,magra,,,10923,,seed_from_wordfreq_pt
wfpt-10812,magro,,,10924,,seed_from_wordfreq_pt
wfpt-10813,malha,,,10925,,seed_from_wordfreq_pt
wfpt-10814,maridos,,,10926,,seed_from_wordfreq_pt
wfpt-10815,matas,,,10927,,seed_from_wordfreq_pt
wfpt-10816,mb,,,10928,,seed_from_wordfreq_pt
wfpt-10817,meme,,,10929,,seed_from_wordfreq_pt
wfpt-10818,mereceu,,,10930,,seed_from_wordfreq_pt
wfpt-10819,mind,,,10931,,seed_from_wordfreq_pt
wfpt-10820,miúda,,,10932,,seed_from_wordfreq_pt
wfpt-10821,neutro,,,10933,,seed_from_wordfreq_pt
wfpt-10822,ocorrida,,,10934,,seed_from_wordfreq_pt
wfpt-10823,organizador,,,10935,,seed_from_wordfreq_pt
wfpt-10824,patos,,,10936,,seed_from_wordfreq_pt
wfpt-10825,pen,,,10937,,seed_from_wordfreq_pt
wfpt-10826,personal,,,10938,,seed_from_wordfreq_pt
wfpt-10827,pet,,,10939,,seed_from_wordfreq_pt
wfpt-10828,phoenix,,,10940,,seed_from_wordfreq_pt
wfpt-10829,prestam,,,10941,,seed_from_wordfreq_pt
wfpt-10830,provedor,,,10942,,seed_from_wordfreq_pt
wfpt-10831,psb,,,10943,,seed_from_wordfreq_pt
wfpt-10832,psicóloga,,,10944,,seed_from_wordfreq_pt
wfpt-10833,questiona,,,10945,,seed_from_wordfreq_pt
wfpt-10834,rastreamento,,,10946,,seed_from_wordfreq_pt
wfpt-10835,reacção,,,10947,,seed_from_wordfreq_pt
wfpt-10836,rebaixamento,,,10948,,seed_from_wordfreq_pt
wfpt-10837,regimes,,,10949,,seed_from_wordfreq_pt
wfpt-10838,reinado,,,10950,,seed_from_wordfreq_pt
wfpt-10839,renunciar,,,10951,,seed_from_wordfreq_pt
wfpt-10840,resolveram,,,10952,,seed_from_wordfreq_pt
wfpt-10841,retira,,,10953,,seed_from_wordfreq_pt
wfpt-10842,reto,,,10954,,seed_from_wordfreq_pt
wfpt-10843,retomada,,,10955,,seed_from_wordfreq_pt
wfpt-10844,rima,,,10956,,seed_from_wordfreq_pt
wfpt-10845,robinson,,,10957,,seed_from_wordfreq_pt
wfpt-10846,role,,,10958,,seed_from_wordfreq_pt
wfpt-10847,roubaram,,,10959,,seed_from_wordfreq_pt
wfpt-10848,royal,,,10960,,seed_from_wordfreq_pt
wfpt-10849,rpg,,,10961,,seed_from_wordfreq_pt
wfpt-10850,saírem,,,10962,,seed_from_wordfreq_pt
wfpt-10851,selecionar,,,10963,,seed_from_wordfreq_pt
wfpt-10852,senhorita,,,10964,,seed_from_wordfreq_pt
wfpt-10853,sentiram,,,10965,,seed_from_wordfreq_pt
wfpt-10854,severo,,,10966,,seed_from_wordfreq_pt
wfpt-10855,sogra,,,10967,,seed_from_wordfreq_pt
wfpt-10856,song,,,10968,,seed_from_wordfreq_pt
wfpt-10857,strong,,,10969,,seed_from_wordfreq_pt
wfpt-10858,superman,,,10970,,seed_from_wordfreq_pt
wfpt-10859,surra,,,10971,,seed_from_wordfreq_pt
wfpt-10860,termine,,,10972,,seed_from_wordfreq_pt
wfpt-10861,terrestres,,,10973,,seed_from_wordfreq_pt
wfpt-10862,tiradentes,,,10974,,seed_from_wordfreq_pt
wfpt-10863,tocha,,,10975,,seed_from_wordfreq_pt
wfpt-10864,trabalhavam,,,10976,,seed_from_wordfreq_pt
wfpt-10865,transformada,,,10977,,seed_from_wordfreq_pt
wfpt-10866,travar,,,10978,,seed_from_wordfreq_pt
wfpt-10867,típicas,,,10979,,seed_from_wordfreq_pt
wfpt-10868,ultrapassou,,,10980,,seed_from_wordfreq_pt
wfpt-10869,va,,,10981,,seed_from_wordfreq_pt
wfpt-10870,vampiros,,,10982,,seed_from_wordfreq_pt
wfpt-10871,veneza,,,10983,,seed_from_wordfreq_pt
wfpt-10872,vilões,,,10984,,seed_from_wordfreq_pt
wfpt-10873,virem,,,10985,,seed_from_wordfreq_pt
wfpt-10874,vol,,,10986,,seed_from_wordfreq_pt
wfpt-10875,vulcão,,,10987,,seed_from_wordfreq_pt
wfpt-10876,xangai,,,10988,,seed_from_wordfreq_pt
wfpt-10877,xviii,,,10989,,seed_from_wordfreq_pt
wfpt-10878,aa,,,10990,,seed_from_wordfreq_pt
wfpt-10879,aceder,,,10991,,seed_from_wordfreq_pt
wfpt-10880,acompanham,,,10992,,seed_from_wordfreq_pt
wfpt-10881,adequadamente,,,10993,,seed_from_wordfreq_pt
wfpt-10882,adoraria,,,10994,,seed_from_wordfreq_pt
wfpt-10883,aguardo,,,10996,,seed_from_wordfreq_pt
wfpt-10884,alertar,,,10997,,seed_from_wordfreq_pt
wfpt-10885,alfred,,,10998,,seed_from_wordfreq_pt
wfpt-10886,antropologia,,,10999,,seed_from_wordfreq_pt
wfpt-10887,apoiada,,,11000,,seed_from_wordfreq_pt
wfpt-10888,aprofundar,,,11001,,seed_from_wordfreq_pt
wfpt-10889,armadilha,,,11002,,seed_from_wordfreq_pt
wfpt-10890,arts,,,11003,,seed_from_wordfreq_pt
wfpt-10891,artur,,,11004,,seed_from_wordfreq_pt
wfpt-10892,assaltos,,,11005,,seed_from_wordfreq_pt
wfpt-10893,assustada,,,11006,,seed_from_wordfreq_pt
wfpt-10894,atuações,,,11007,,seed_from_wordfreq_pt
wfpt-10895,avalia,,,11008,,seed_from_wordfreq_pt
wfpt-10896,avisando,,,11009,,seed_from_wordfreq_pt
wfpt-10897,award,,,11010,,seed_from_wordfreq_pt
wfpt-10898,balcão,,,11011,,seed_from_wordfreq_pt
wfpt-10899,balões,,,11012,,seed_from_wordfreq_pt
wfpt-10900,bates,,,11013,,seed_from_wordfreq_pt
wfpt-10901,batismo,,,11014,,seed_from_wordfreq_pt
wfpt-10902,batizado,,,11015,,seed_from_wordfreq_pt
wfpt-10903,bb,,,11016,,seed_from_wordfreq_pt
wfpt-10904,bengala,,,11017,,seed_from_wordfreq_pt
wfpt-10905,bezerra,,,11018,,seed_from_wordfreq_pt
wfpt-10906,bolos,,,11019,,seed_from_wordfreq_pt
wfpt-10907,campeonatos,,,11020,,seed_from_wordfreq_pt
wfpt-10908,candidaturas,,,11021,,seed_from_wordfreq_pt
wfpt-10909,cantada,,,11022,,seed_from_wordfreq_pt
wfpt-10910,caseiro,,,11023,,seed_from_wordfreq_pt
wfpt-10911,catalão,,,11024,,seed_from_wordfreq_pt
wfpt-10912,cf,,,11025,,seed_from_wordfreq_pt
wfpt-10913,champions,,,11026,,seed_from_wordfreq_pt
wfpt-10914,child,,,11027,,seed_from_wordfreq_pt
wfpt-10915,chutar,,,11028,,seed_from_wordfreq_pt
wfpt-10916,clínicas,,,11029,,seed_from_wordfreq_pt
wfpt-10917,coerente,,,11030,,seed_from_wordfreq_pt
wfpt-10918,comandantes,,,11031,,seed_from_wordfreq_pt
wfpt-10919,comparada,,,11032,,seed_from_wordfreq_pt
wfpt-10920,comporta,,,11033,,seed_from_wordfreq_pt
wfpt-10921,comprometida,,,11034,,seed_from_wordfreq_pt
wfpt-10922,condenou,,,11035,,seed_from_wordfreq_pt
wfpt-10923,conduzida,,,11036,,seed_from_wordfreq_pt
wfpt-10924,convergência,,,11037,,seed_from_wordfreq_pt
wfpt-10925,cordão,,,11038,,seed_from_wordfreq_pt
wfpt-10926,coreanos,,,11039,,seed_from_wordfreq_pt
wfpt-10927,correria,,,11040,,seed_from_wordfreq_pt
wfpt-10928,corrêa,,,11041,,seed_from_wordfreq_pt
wfpt-10929,crack,,,11042,,seed_from_wordfreq_pt
wfpt-10930,cresci,,,11043,,seed_from_wordfreq_pt
wfpt-10931,cultivar,,,11044,,seed_from_wordfreq_pt
wfpt-10932,córrego,,,11045,,seed_from_wordfreq_pt
wfpt-10933,dawn,,,11046,,seed_from_wordfreq_pt
wfpt-10934,delito,,,11047,,seed_from_wordfreq_pt
wfpt-10935,demo,,,11048,,seed_from_wordfreq_pt
wfpt-10936,derek,,,11049,,seed_from_wordfreq_pt
wfpt-10937,desagradável,,,11050,,seed_from_wordfreq_pt
wfpt-10938,designers,,,11051,,seed_from_wordfreq_pt
wfpt-10939,destruídas,,,11052,,seed_from_wordfreq_pt
wfpt-10940,devoção,,,11053,,seed_from_wordfreq_pt
wfpt-10941,dinossauros,,,11054,,seed_from_wordfreq_pt
wfpt-10942,ecossistema,,,11055,,seed_from_wordfreq_pt
wfpt-10943,editada,,,11056,,seed_from_wordfreq_pt
wfpt-10944,emancipação,,,11057,,seed_from_wordfreq_pt
wfpt-10945,embarque,,,11058,,seed_from_wordfreq_pt
wfpt-10946,emendas,,,11059,,seed_from_wordfreq_pt
wfpt-10947,emitida,,,11060,,seed_from_wordfreq_pt
wfpt-10948,escova,,,11061,,seed_from_wordfreq_pt
wfpt-10949,escreveram,,,11062,,seed_from_wordfreq_pt
wfpt-10950,espetáculos,,,11063,,seed_from_wordfreq_pt
wfpt-10951,estruturais,,,11064,,seed_from_wordfreq_pt
wfpt-10952,etanol,,,11065,,seed_from_wordfreq_pt
wfpt-10953,evans,,,11066,,seed_from_wordfreq_pt
wfpt-10954,exagerado,,,11067,,seed_from_wordfreq_pt
wfpt-10955,excessiva,,,11068,,seed_from_wordfreq_pt
wfpt-10956,explora,,,11069,,seed_from_wordfreq_pt
wfpt-10957,facções,,,11070,,seed_from_wordfreq_pt
wfpt-10958,far,,,11071,,seed_from_wordfreq_pt
wfpt-10959,fóruns,,,11072,,seed_from_wordfreq_pt
wfpt-10960,garra,,,11073,,seed_from_wordfreq_pt
wfpt-10961,garçom,,,11074,,seed_from_wordfreq_pt
wfpt-10962,genético,,,11075,,seed_from_wordfreq_pt
wfpt-10963,geram,,,11076,,seed_from_wordfreq_pt
wfpt-10964,gilmar,,,11077,,seed_from_wordfreq_pt
wfpt-10965,globalização,,,11078,,seed_from_wordfreq_pt
wfpt-10966,gostem,,,11079,,seed_from_wordfreq_pt
wfpt-10967,hits,,,11080,,seed_from_wordfreq_pt
wfpt-10968,holocausto,,,11081,,seed_from_wordfreq_pt
wfpt-10969,homofobia,,,11082,,seed_from_wordfreq_pt
wfpt-10970,idoso,,,11083,,seed_from_wordfreq_pt
wfpt-10971,impõe,,,11084,,seed_from_wordfreq_pt
wfpt-10972,indiferente,,,11085,,seed_from_wordfreq_pt
wfpt-10973,indiretamente,,,11086,,seed_from_wordfreq_pt
wfpt-10974,inovador,,,11087,,seed_from_wordfreq_pt
wfpt-10975,inovadora,,,11088,,seed_from_wordfreq_pt
wfpt-10976,institutos,,,11089,,seed_from_wordfreq_pt
wfpt-10977,intensamente,,,11090,,seed_from_wordfreq_pt
wfpt-10978,ipanema,,,11091,,seed_from_wordfreq_pt
wfpt-10979,ipiranga,,,11092,,seed_from_wordfreq_pt
wfpt-10980,irene,,,11093,,seed_from_wordfreq_pt
wfpt-10981,jacques,,,11094,,seed_from_wordfreq_pt
wfpt-10982,jejum,,,11095,,seed_from_wordfreq_pt
wfpt-10983,jogadas,,,11096,,seed_from_wordfreq_pt
wfpt-10984,julgamentos,,,11097,,seed_from_wordfreq_pt
wfpt-10985,killer,,,11098,,seed_from_wordfreq_pt
wfpt-10986,lamenta,,,11099,,seed_from_wordfreq_pt
wfpt-10987,legendado,,,11100,,seed_from_wordfreq_pt
wfpt-10988,lembrava,,,11101,,seed_from_wordfreq_pt
wfpt-10989,limpos,,,11102,,seed_from_wordfreq_pt
wfpt-10990,listados,,,11103,,seed_from_wordfreq_pt
wfpt-10991,lute,,,11104,,seed_from_wordfreq_pt
wfpt-10992,mapeamento,,,11105,,seed_from_wordfreq_pt
wfpt-10993,marley,,,11106,,seed_from_wordfreq_pt
wfpt-10994,matá,,,11107,,seed_from_wordfreq_pt
wfpt-10995,medição,,,11108,,seed_from_wordfreq_pt
wfpt-10996,mercúrio,,,11109,,seed_from_wordfreq_pt
wfpt-10997,movido,,,11110,,seed_from_wordfreq_pt
wfpt-10998,mpf,,,11111,,seed_from_wordfreq_pt
wfpt-10999,notebook,,,11112,,seed_from_wordfreq_pt
wfpt-11000,obtida,,,11113,,seed_from_wordfreq_pt
wfpt-11001,ohio,,,11114,,seed_from_wordfreq_pt
wfpt-11002,operando,,,11115,,seed_from_wordfreq_pt
wfpt-11003,padaria,,,11116,,seed_from_wordfreq_pt
wfpt-11004,partidária,,,11117,,seed_from_wordfreq_pt
wfpt-11005,partiram,,,11118,,seed_from_wordfreq_pt
wfpt-11006,parágrafo,,,11119,,seed_from_wordfreq_pt
wfpt-11007,passeios,,,11120,,seed_from_wordfreq_pt
wfpt-11008,percy,,,11121,,seed_from_wordfreq_pt
wfpt-11009,perguntado,,,11122,,seed_from_wordfreq_pt
wfpt-11010,permitida,,,11123,,seed_from_wordfreq_pt
wfpt-11011,pete,,,11124,,seed_from_wordfreq_pt
wfpt-11012,pisar,,,11125,,seed_from_wordfreq_pt
wfpt-11013,playboy,,,11126,,seed_from_wordfreq_pt
wfpt-11014,plural,,,11127,,seed_from_wordfreq_pt
wfpt-11015,plásticos,,,11128,,seed_from_wordfreq_pt
wfpt-11016,polêmicas,,,11129,,seed_from_wordfreq_pt
wfpt-11017,pondo,,,11130,,seed_from_wordfreq_pt
wfpt-11018,previstos,,,11131,,seed_from_wordfreq_pt
wfpt-11019,progressiva,,,11132,,seed_from_wordfreq_pt
wfpt-11020,promovem,,,11133,,seed_from_wordfreq_pt
wfpt-11021,publicitário,,,11134,,seed_from_wordfreq_pt
wfpt-11022,pureza,,,11135,,seed_from_wordfreq_pt
wfpt-11023,rapidez,,,11136,,seed_from_wordfreq_pt
wfpt-11024,rastrear,,,11137,,seed_from_wordfreq_pt
wfpt-11025,realidades,,,11138,,seed_from_wordfreq_pt
wfpt-11026,reduzindo,,,11139,,seed_from_wordfreq_pt
wfpt-11027,refletindo,,,11140,,seed_from_wordfreq_pt
wfpt-11028,relevo,,,11141,,seed_from_wordfreq_pt
wfpt-11029,repetindo,,,11142,,seed_from_wordfreq_pt
wfpt-11030,repórteres,,,11143,,seed_from_wordfreq_pt
wfpt-11031,retire,,,11144,,seed_from_wordfreq_pt
wfpt-11032,review,,,11145,,seed_from_wordfreq_pt
wfpt-11033,rossi,,,11146,,seed_from_wordfreq_pt
wfpt-11034,russas,,,11147,,seed_from_wordfreq_pt
wfpt-11035,ruy,,,11148,,seed_from_wordfreq_pt
wfpt-11036,sairá,,,11149,,seed_from_wordfreq_pt
wfpt-11037,sais,,,11150,,seed_from_wordfreq_pt
wfpt-11038,satisfeitos,,,11151,,seed_from_wordfreq_pt
wfpt-11039,second,,,11152,,seed_from_wordfreq_pt
wfpt-11040,secret,,,11153,,seed_from_wordfreq_pt
wfpt-11041,shakespeare,,,11154,,seed_from_wordfreq_pt
wfpt-11042,significam,,,11155,,seed_from_wordfreq_pt
wfpt-11043,slogan,,,11156,,seed_from_wordfreq_pt
wfpt-11044,sonda,,,11157,,seed_from_wordfreq_pt
wfpt-11045,states,,,11158,,seed_from_wordfreq_pt
wfpt-11046,stewart,,,11159,,seed_from_wordfreq_pt
wfpt-11047,stock,,,11160,,seed_from_wordfreq_pt
wfpt-11048,streaming,,,11161,,seed_from_wordfreq_pt
wfpt-11049,sueco,,,11162,,seed_from_wordfreq_pt
wfpt-11050,sugerido,,,11163,,seed_from_wordfreq_pt
wfpt-11051,suite,,,11164,,seed_from_wordfreq_pt
wfpt-11052,tarifas,,,11165,,seed_from_wordfreq_pt
wfpt-11053,tbm,,,11166,,seed_from_wordfreq_pt
wfpt-11054,technology,,,11167,,seed_from_wordfreq_pt
wfpt-11055,terapeuta,,,11168,,seed_from_wordfreq_pt
wfpt-11056,terminam,,,11169,,seed_from_wordfreq_pt
wfpt-11057,terraço,,,11170,,seed_from_wordfreq_pt
wfpt-11058,they,,,11171,,seed_from_wordfreq_pt
wfpt-11059,town,,,11172,,seed_from_wordfreq_pt
wfpt-11060,trajeto,,,11173,,seed_from_wordfreq_pt
wfpt-11061,transferências,,,11174,,seed_from_wordfreq_pt
wfpt-11062,troço,,,11175,,seed_from_wordfreq_pt
wfpt-11063,turnos,,,11176,,seed_from_wordfreq_pt
wfpt-11064,unha,,,11177,,seed_from_wordfreq_pt
wfpt-11065,vacinas,,,11178,,seed_from_wordfreq_pt
wfpt-11066,vagabundo,,,11179,,seed_from_wordfreq_pt
wfpt-11067,val,,,11180,,seed_from_wordfreq_pt
wfpt-11068,validade,,,11181,,seed_from_wordfreq_pt
wfpt-11069,vazios,,,11182,,seed_from_wordfreq_pt
wfpt-11070,vergonhoso,,,11183,,seed_from_wordfreq_pt
wfpt-11071,verificou,,,11184,,seed_from_wordfreq_pt
wfpt-11072,viajante,,,11185,,seed_from_wordfreq_pt
wfpt-11073,viatura,,,11186,,seed_from_wordfreq_pt
wfpt-11074,viena,,,11187,,seed_from_wordfreq_pt
wfpt-11075,vilarejo,,,11188,,seed_from_wordfreq_pt
wfpt-11076,viral,,,11189,,seed_from_wordfreq_pt
wfpt-11077,voltadas,,,11190,,seed_from_wordfreq_pt
wfpt-11078,vomitar,,,11191,,seed_from_wordfreq_pt
wfpt-11079,voou,,,11192,,seed_from_wordfreq_pt
wfpt-11080,vínculo,,,11193,,seed_from_wordfreq_pt
wfpt-11081,wang,,,11194,,seed_from_wordfreq_pt
wfpt-11082,wifi,,,11195,,seed_from_wordfreq_pt
wfpt-11083,xixi,,,11196,,seed_from_wordfreq_pt
wfpt-11084,évora,,,11197,,seed_from_wordfreq_pt
wfpt-11085,abandona,,,11199,,seed_from_wordfreq_pt
wfpt-11086,aconteceria,,,11200,,seed_from_wordfreq_pt
wfpt-11087,acorde,,,11201,,seed_from_wordfreq_pt
wfpt-11088,adiciona,,,11202,,seed_from_wordfreq_pt
wfpt-11089,agressiva,,,11203,,seed_from_wordfreq_pt
wfpt-11090,alergia,,,11204,,seed_from_wordfreq_pt
wfpt-11091,alimentares,,,11205,,seed_from_wordfreq_pt
wfpt-11092,aplicadas,,,11206,,seed_from_wordfreq_pt
wfpt-11093,aprendem,,,11207,,seed_from_wordfreq_pt
wfpt-11094,apresente,,,11208,,seed_from_wordfreq_pt
wfpt-11095,april,,,11209,,seed_from_wordfreq_pt
wfpt-11096,ask,,,11211,,seed_from_wordfreq_pt
wfpt-11097,atacados,,,11212,,seed_from_wordfreq_pt
wfpt-11098,atributos,,,11213,,seed_from_wordfreq_pt
wfpt-11099,avisei,,,11214,,seed_from_wordfreq_pt
wfpt-11100,bati,,,11215,,seed_from_wordfreq_pt
wfpt-11101,beba,,,11216,,seed_from_wordfreq_pt
wfpt-11102,bigode,,,11217,,seed_from_wordfreq_pt
wfpt-11103,blues,,,11218,,seed_from_wordfreq_pt
wfpt-11104,blumenau,,,11219,,seed_from_wordfreq_pt
wfpt-11105,bradley,,,11220,,seed_from_wordfreq_pt
wfpt-11106,brigando,,,11221,,seed_from_wordfreq_pt
wfpt-11107,cabra,,,11222,,seed_from_wordfreq_pt
wfpt-11108,cal,,,11223,,seed_from_wordfreq_pt
wfpt-11109,camp,,,11224,,seed_from_wordfreq_pt
wfpt-11110,candidatar,,,11225,,seed_from_wordfreq_pt
wfpt-11111,cel,,,11226,,seed_from_wordfreq_pt
wfpt-11112,checar,,,11227,,seed_from_wordfreq_pt
wfpt-11113,check,,,11228,,seed_from_wordfreq_pt
wfpt-11114,chinesas,,,11229,,seed_from_wordfreq_pt
wfpt-11115,christina,,,11230,,seed_from_wordfreq_pt
wfpt-11116,coalizão,,,11231,,seed_from_wordfreq_pt
wfpt-11117,cobertor,,,11232,,seed_from_wordfreq_pt
wfpt-11118,coisinha,,,11233,,seed_from_wordfreq_pt
wfpt-11119,compilação,,,11234,,seed_from_wordfreq_pt
wfpt-11120,console,,,11235,,seed_from_wordfreq_pt
wfpt-11121,consolidar,,,11236,,seed_from_wordfreq_pt
wfpt-11122,constituinte,,,11237,,seed_from_wordfreq_pt
wfpt-11123,consumir,,,11238,,seed_from_wordfreq_pt
wfpt-11124,contenção,,,11239,,seed_from_wordfreq_pt
wfpt-11125,controles,,,11240,,seed_from_wordfreq_pt
wfpt-11126,controvérsias,,,11241,,seed_from_wordfreq_pt
wfpt-11127,convocados,,,11242,,seed_from_wordfreq_pt
wfpt-11128,costeira,,,11243,,seed_from_wordfreq_pt
wfpt-11129,cut,,,11244,,seed_from_wordfreq_pt
wfpt-11130,cápsula,,,11245,,seed_from_wordfreq_pt
wfpt-11131,damasco,,,11246,,seed_from_wordfreq_pt
wfpt-11132,desconfiança,,,11247,,seed_from_wordfreq_pt
wfpt-11133,desportiva,,,11248,,seed_from_wordfreq_pt
wfpt-11134,destinadas,,,11249,,seed_from_wordfreq_pt
wfpt-11135,detalhado,,,11250,,seed_from_wordfreq_pt
wfpt-11136,diplomática,,,11251,,seed_from_wordfreq_pt
wfpt-11137,duplas,,,11252,,seed_from_wordfreq_pt
wfpt-11138,duzentos,,,11253,,seed_from_wordfreq_pt
wfpt-11139,economizar,,,11254,,seed_from_wordfreq_pt
wfpt-11140,eficientes,,,11255,,seed_from_wordfreq_pt
wfpt-11141,eixos,,,11256,,seed_from_wordfreq_pt
wfpt-11142,encontravam,,,11257,,seed_from_wordfreq_pt
wfpt-11143,errados,,,11258,,seed_from_wordfreq_pt
wfpt-11144,escondidas,,,11259,,seed_from_wordfreq_pt
wfpt-11145,escrevia,,,11260,,seed_from_wordfreq_pt
wfpt-11146,espaciais,,,11261,,seed_from_wordfreq_pt
wfpt-11147,espectáculo,,,11262,,seed_from_wordfreq_pt
wfpt-11148,especulação,,,11263,,seed_from_wordfreq_pt
wfpt-11149,everything,,,11264,,seed_from_wordfreq_pt
wfpt-11150,existam,,,11265,,seed_from_wordfreq_pt
wfpt-11151,explosões,,,11266,,seed_from_wordfreq_pt
wfpt-11152,extrair,,,11267,,seed_from_wordfreq_pt
wfpt-11153,fascista,,,11269,,seed_from_wordfreq_pt
wfpt-11154,ferrar,,,11270,,seed_from_wordfreq_pt
wfpt-11155,filmado,,,11271,,seed_from_wordfreq_pt
wfpt-11156,five,,,11272,,seed_from_wordfreq_pt
wfpt-11157,four,,,11273,,seed_from_wordfreq_pt
wfpt-11158,furo,,,11274,,seed_from_wordfreq_pt
wfpt-11159,geradores,,,11275,,seed_from_wordfreq_pt
wfpt-11160,give,,,11276,,seed_from_wordfreq_pt
wfpt-11161,glenn,,,11277,,seed_from_wordfreq_pt
wfpt-11162,golo,,,11278,,seed_from_wordfreq_pt
wfpt-11163,gostos,,,11279,,seed_from_wordfreq_pt
wfpt-11164,hipócrita,,,11280,,seed_from_wordfreq_pt
wfpt-11165,hmm,,,11281,,seed_from_wordfreq_pt
wfpt-11166,horríveis,,,11282,,seed_from_wordfreq_pt
wfpt-11167,hóspedes,,,11283,,seed_from_wordfreq_pt
wfpt-11168,ignorado,,,11284,,seed_from_wordfreq_pt
wfpt-11169,imaginem,,,11285,,seed_from_wordfreq_pt
wfpt-11170,imaginou,,,11286,,seed_from_wordfreq_pt
wfpt-11171,imposição,,,11287,,seed_from_wordfreq_pt
wfpt-11172,informada,,,11288,,seed_from_wordfreq_pt
wfpt-11173,inspirados,,,11289,,seed_from_wordfreq_pt
wfpt-11174,intermediário,,,11290,,seed_from_wordfreq_pt
wfpt-11175,internado,,,11291,,seed_from_wordfreq_pt
wfpt-11176,interpreta,,,11292,,seed_from_wordfreq_pt
wfpt-11177,interrompida,,,11293,,seed_from_wordfreq_pt
wfpt-11178,intervalos,,,11294,,seed_from_wordfreq_pt
wfpt-11179,invasores,,,11295,,seed_from_wordfreq_pt
wfpt-11180,iris,,,11296,,seed_from_wordfreq_pt
wfpt-11181,jun,,,11297,,seed_from_wordfreq_pt
wfpt-11182,jóias,,,11298,,seed_from_wordfreq_pt
wfpt-11183,kai,,,11299,,seed_from_wordfreq_pt
wfpt-11184,led,,,11300,,seed_from_wordfreq_pt
wfpt-11185,luvas,,,11301,,seed_from_wordfreq_pt
wfpt-11186,machos,,,11302,,seed_from_wordfreq_pt
wfpt-11187,marcadas,,,11303,,seed_from_wordfreq_pt
wfpt-11188,marisa,,,11304,,seed_from_wordfreq_pt
wfpt-11189,mars,,,11305,,seed_from_wordfreq_pt
wfpt-11190,mediterrâneo,,,11306,,seed_from_wordfreq_pt
wfpt-11191,metodologia,,,11307,,seed_from_wordfreq_pt
wfpt-11192,muçulmano,,,11309,,seed_from_wordfreq_pt
wfpt-11193,nutrição,,,11310,,seed_from_wordfreq_pt
wfpt-11194,oab,,,11311,,seed_from_wordfreq_pt
wfpt-11195,oferecida,,,11312,,seed_from_wordfreq_pt
wfpt-11196,ofertas,,,11313,,seed_from_wordfreq_pt
wfpt-11197,official,,,11314,,seed_from_wordfreq_pt
wfpt-11198,orgânico,,,11315,,seed_from_wordfreq_pt
wfpt-11199,padrinho,,,11316,,seed_from_wordfreq_pt
wfpt-11200,paralisação,,,11317,,seed_from_wordfreq_pt
wfpt-11201,partem,,,11318,,seed_from_wordfreq_pt
wfpt-11202,pegam,,,11319,,seed_from_wordfreq_pt
wfpt-11203,pensaram,,,11320,,seed_from_wordfreq_pt
wfpt-11204,perito,,,11321,,seed_from_wordfreq_pt
wfpt-11205,periódico,,,11322,,seed_from_wordfreq_pt
wfpt-11206,perseguido,,,11323,,seed_from_wordfreq_pt
wfpt-11207,peruano,,,11324,,seed_from_wordfreq_pt
wfpt-11208,pinta,,,11325,,seed_from_wordfreq_pt
wfpt-11209,pioneira,,,11326,,seed_from_wordfreq_pt
wfpt-11210,playstation,,,11327,,seed_from_wordfreq_pt
wfpt-11211,plástica,,,11328,,seed_from_wordfreq_pt
wfpt-11212,positivamente,,,11329,,seed_from_wordfreq_pt
wfpt-11213,possivel,,,11330,,seed_from_wordfreq_pt
wfpt-11214,pretas,,,11331,,seed_from_wordfreq_pt
wfpt-11215,psiquiatra,,,11332,,seed_from_wordfreq_pt
wfpt-11216,quarentena,,,11333,,seed_from_wordfreq_pt
wfpt-11217,queixo,,,11334,,seed_from_wordfreq_pt
wfpt-11218,realizações,,,11335,,seed_from_wordfreq_pt
wfpt-11219,recordo,,,11336,,seed_from_wordfreq_pt
wfpt-11220,relacionar,,,11337,,seed_from_wordfreq_pt
wfpt-11221,repouso,,,11338,,seed_from_wordfreq_pt
wfpt-11222,ressurreição,,,11339,,seed_from_wordfreq_pt
wfpt-11223,retiradas,,,11340,,seed_from_wordfreq_pt
wfpt-11224,risada,,,11341,,seed_from_wordfreq_pt
wfpt-11225,rotação,,,11342,,seed_from_wordfreq_pt
wfpt-11226,rótulo,,,11343,,seed_from_wordfreq_pt
wfpt-11227,sensações,,,11344,,seed_from_wordfreq_pt
wfpt-11228,sentimental,,,11345,,seed_from_wordfreq_pt
wfpt-11229,serpente,,,11346,,seed_from_wordfreq_pt
wfpt-11230,silas,,,11347,,seed_from_wordfreq_pt
wfpt-11231,simpson,,,11348,,seed_from_wordfreq_pt
wfpt-11232,sinceridade,,,11349,,seed_from_wordfreq_pt
wfpt-11233,sobrenatural,,,11350,,seed_from_wordfreq_pt
wfpt-11234,sozinhas,,,11351,,seed_from_wordfreq_pt
wfpt-11235,standard,,,11352,,seed_from_wordfreq_pt
wfpt-11236,stuart,,,11353,,seed_from_wordfreq_pt
wfpt-11237,superação,,,11354,,seed_from_wordfreq_pt
wfpt-11238,surgindo,,,11355,,seed_from_wordfreq_pt
wfpt-11239,sutil,,,11356,,seed_from_wordfreq_pt
wfpt-11240,sérvio,,,11357,,seed_from_wordfreq_pt
wfpt-11241,tabelas,,,11358,,seed_from_wordfreq_pt
wfpt-11242,tanzânia,,,11359,,seed_from_wordfreq_pt
wfpt-11243,teatral,,,11360,,seed_from_wordfreq_pt
wfpt-11244,templos,,,11361,,seed_from_wordfreq_pt
wfpt-11245,tenso,,,11362,,seed_from_wordfreq_pt
wfpt-11246,terno,,,11363,,seed_from_wordfreq_pt
wfpt-11247,testemunhar,,,11364,,seed_from_wordfreq_pt
wfpt-11248,tijolos,,,11365,,seed_from_wordfreq_pt
wfpt-11249,traduzida,,,11366,,seed_from_wordfreq_pt
wfpt-11250,traiu,,,11367,,seed_from_wordfreq_pt
wfpt-11251,trimestre,,,11368,,seed_from_wordfreq_pt
wfpt-11252,trocado,,,11369,,seed_from_wordfreq_pt
wfpt-11253,uganda,,,11370,,seed_from_wordfreq_pt
wfpt-11254,vales,,,11371,,seed_from_wordfreq_pt
wfpt-11255,valioso,,,11372,,seed_from_wordfreq_pt
wfpt-11256,zumbis,,,11373,,seed_from_wordfreq_pt
wfpt-11257,âncora,,,11374,,seed_from_wordfreq_pt
wfpt-11258,abs,,,11375,,seed_from_wordfreq_pt
wfpt-11259,acreditei,,,11376,,seed_from_wordfreq_pt
wfpt-11260,aeronaves,,,11377,,seed_from_wordfreq_pt
wfpt-11261,afetada,,,11378,,seed_from_wordfreq_pt
wfpt-11262,agarrar,,,11379,,seed_from_wordfreq_pt
wfpt-11263,agem,,,11380,,seed_from_wordfreq_pt
wfpt-11264,agiu,,,11381,,seed_from_wordfreq_pt
wfpt-11265,alegação,,,11382,,seed_from_wordfreq_pt
wfpt-11266,algoritmo,,,11383,,seed_from_wordfreq_pt
wfpt-11267,alpha,,,11384,,seed_from_wordfreq_pt
wfpt-11268,ameaçando,,,11385,,seed_from_wordfreq_pt
wfpt-11269,ancestral,,,11386,,seed_from_wordfreq_pt
wfpt-11270,apaixonei,,,11387,,seed_from_wordfreq_pt
wfpt-11271,apresento,,,11388,,seed_from_wordfreq_pt
wfpt-11272,aproximou,,,11389,,seed_from_wordfreq_pt
wfpt-11273,apurar,,,11390,,seed_from_wordfreq_pt
wfpt-11274,arranjos,,,11391,,seed_from_wordfreq_pt
wfpt-11275,arrecadar,,,11392,,seed_from_wordfreq_pt
wfpt-11276,asfalto,,,11393,,seed_from_wordfreq_pt
wfpt-11277,assustar,,,11394,,seed_from_wordfreq_pt
wfpt-11278,atingidos,,,11395,,seed_from_wordfreq_pt
wfpt-11279,australiana,,,11396,,seed_from_wordfreq_pt
wfpt-11280,autônomo,,,11397,,seed_from_wordfreq_pt
wfpt-11281,beisebol,,,11398,,seed_from_wordfreq_pt
wfpt-11282,bizarro,,,11399,,seed_from_wordfreq_pt
wfpt-11283,boris,,,11400,,seed_from_wordfreq_pt
wfpt-11284,bosta,,,11401,,seed_from_wordfreq_pt
wfpt-11285,bridge,,,11402,,seed_from_wordfreq_pt
wfpt-11286,camisola,,,11403,,seed_from_wordfreq_pt
wfpt-11287,cantam,,,11404,,seed_from_wordfreq_pt
wfpt-11288,caracas,,,11405,,seed_from_wordfreq_pt
wfpt-11289,castle,,,11406,,seed_from_wordfreq_pt
wfpt-11290,catalunha,,,11407,,seed_from_wordfreq_pt
wfpt-11291,cautela,,,11408,,seed_from_wordfreq_pt
wfpt-11292,cavernas,,,11409,,seed_from_wordfreq_pt
wfpt-11293,celeste,,,11410,,seed_from_wordfreq_pt
wfpt-11294,certificar,,,11411,,seed_from_wordfreq_pt
wfpt-11295,clipes,,,11412,,seed_from_wordfreq_pt
wfpt-11296,color,,,11413,,seed_from_wordfreq_pt
wfpt-11297,comanda,,,11414,,seed_from_wordfreq_pt
wfpt-11298,composições,,,11415,,seed_from_wordfreq_pt
wfpt-11299,comprometimento,,,11416,,seed_from_wordfreq_pt
wfpt-11300,concentrado,,,11417,,seed_from_wordfreq_pt
wfpt-11301,conseqüências,,,11418,,seed_from_wordfreq_pt
wfpt-11302,conservadora,,,11419,,seed_from_wordfreq_pt
wfpt-11303,contem,,,11420,,seed_from_wordfreq_pt
wfpt-11304,contribuintes,,,11421,,seed_from_wordfreq_pt
wfpt-11305,controlados,,,11422,,seed_from_wordfreq_pt
wfpt-11306,convento,,,11423,,seed_from_wordfreq_pt
wfpt-11307,cooperativa,,,11424,,seed_from_wordfreq_pt
wfpt-11308,corri,,,11425,,seed_from_wordfreq_pt
wfpt-11309,cuido,,,11426,,seed_from_wordfreq_pt
wfpt-11310,declarando,,,11427,,seed_from_wordfreq_pt
wfpt-11311,decorrentes,,,11428,,seed_from_wordfreq_pt
wfpt-11312,decorreu,,,11429,,seed_from_wordfreq_pt
wfpt-11313,deficiências,,,11430,,seed_from_wordfreq_pt
wfpt-11314,demolição,,,11431,,seed_from_wordfreq_pt
wfpt-11315,descritos,,,11432,,seed_from_wordfreq_pt
wfpt-11316,descrições,,,11433,,seed_from_wordfreq_pt
wfpt-11317,desenvolveram,,,11434,,seed_from_wordfreq_pt
wfpt-11318,desportivo,,,11435,,seed_from_wordfreq_pt
wfpt-11319,detroit,,,11436,,seed_from_wordfreq_pt
wfpt-11320,diabetes,,,11437,,seed_from_wordfreq_pt
wfpt-11321,diferenciar,,,11438,,seed_from_wordfreq_pt
wfpt-11322,diretório,,,11439,,seed_from_wordfreq_pt
wfpt-11323,discípulos,,,11440,,seed_from_wordfreq_pt
wfpt-11324,distribuídas,,,11441,,seed_from_wordfreq_pt
wfpt-11325,divertindo,,,11442,,seed_from_wordfreq_pt
wfpt-11326,doloroso,,,11443,,seed_from_wordfreq_pt
wfpt-11327,durma,,,11444,,seed_from_wordfreq_pt
wfpt-11328,dutra,,,11445,,seed_from_wordfreq_pt
wfpt-11329,débora,,,11446,,seed_from_wordfreq_pt
wfpt-11330,ecológica,,,11447,,seed_from_wordfreq_pt
wfpt-11331,economicamente,,,11448,,seed_from_wordfreq_pt
wfpt-11332,edital,,,11449,,seed_from_wordfreq_pt
wfpt-11333,elegeu,,,11450,,seed_from_wordfreq_pt
wfpt-11334,eliminada,,,11451,,seed_from_wordfreq_pt
wfpt-11335,escolhemos,,,11452,,seed_from_wordfreq_pt
wfpt-11336,escrituras,,,11453,,seed_from_wordfreq_pt
wfpt-11337,estudiosos,,,11454,,seed_from_wordfreq_pt
wfpt-11338,etnia,,,11455,,seed_from_wordfreq_pt
wfpt-11339,européia,,,11456,,seed_from_wordfreq_pt
wfpt-11340,eventuais,,,11457,,seed_from_wordfreq_pt
wfpt-11341,excluídos,,,11458,,seed_from_wordfreq_pt
wfpt-11342,facial,,,11459,,seed_from_wordfreq_pt
wfpt-11343,faro,,,11460,,seed_from_wordfreq_pt
wfpt-11344,fashion,,,11461,,seed_from_wordfreq_pt
wfpt-11345,film,,,11462,,seed_from_wordfreq_pt
wfpt-11346,flexível,,,11463,,seed_from_wordfreq_pt
wfpt-11347,fomentar,,,11464,,seed_from_wordfreq_pt
wfpt-11348,fone,,,11465,,seed_from_wordfreq_pt
wfpt-11349,forneceu,,,11466,,seed_from_wordfreq_pt
wfpt-11350,fort,,,11467,,seed_from_wordfreq_pt
wfpt-11351,forçou,,,11468,,seed_from_wordfreq_pt
wfpt-11352,foste,,,11469,,seed_from_wordfreq_pt
wfpt-11353,françois,,,11470,,seed_from_wordfreq_pt
wfpt-11354,fértil,,,11471,,seed_from_wordfreq_pt
wfpt-11355,ganhado,,,11472,,seed_from_wordfreq_pt
wfpt-11356,gastando,,,11473,,seed_from_wordfreq_pt
wfpt-11357,gastronomia,,,11474,,seed_from_wordfreq_pt
wfpt-11358,gaveta,,,11475,,seed_from_wordfreq_pt
wfpt-11359,gazeta,,,11476,,seed_from_wordfreq_pt
wfpt-11360,halloween,,,11477,,seed_from_wordfreq_pt
wfpt-11361,hi,,,11478,,seed_from_wordfreq_pt
wfpt-11362,identificadas,,,11479,,seed_from_wordfreq_pt
wfpt-11363,impedimento,,,11480,,seed_from_wordfreq_pt
wfpt-11364,indicadores,,,11481,,seed_from_wordfreq_pt
wfpt-11365,indiferença,,,11482,,seed_from_wordfreq_pt
wfpt-11366,indignação,,,11483,,seed_from_wordfreq_pt
wfpt-11367,inovadoras,,,11484,,seed_from_wordfreq_pt
wfpt-11368,insuficiência,,,11485,,seed_from_wordfreq_pt
wfpt-11369,juntam,,,11486,,seed_from_wordfreq_pt
wfpt-11370,katherine,,,11487,,seed_from_wordfreq_pt
wfpt-11371,left,,,11488,,seed_from_wordfreq_pt
wfpt-11372,levy,,,11489,,seed_from_wordfreq_pt
wfpt-11373,liberta,,,11490,,seed_from_wordfreq_pt
wfpt-11374,licenciado,,,11491,,seed_from_wordfreq_pt
wfpt-11375,liderou,,,11492,,seed_from_wordfreq_pt
wfpt-11376,liso,,,11493,,seed_from_wordfreq_pt
wfpt-11377,mali,,,11494,,seed_from_wordfreq_pt
wfpt-11378,mason,,,11495,,seed_from_wordfreq_pt
wfpt-11379,materno,,,11496,,seed_from_wordfreq_pt
wfpt-11380,melody,,,11497,,seed_from_wordfreq_pt
wfpt-11381,ministérios,,,11498,,seed_from_wordfreq_pt
wfpt-11382,mista,,,11499,,seed_from_wordfreq_pt
wfpt-11383,monopólio,,,11500,,seed_from_wordfreq_pt
wfpt-11384,montada,,,11501,,seed_from_wordfreq_pt
wfpt-11385,monumentos,,,11502,,seed_from_wordfreq_pt
wfpt-11386,morder,,,11503,,seed_from_wordfreq_pt
wfpt-11387,muçulmana,,,11504,,seed_from_wordfreq_pt
wfpt-11388,mártir,,,11505,,seed_from_wordfreq_pt
wfpt-11389,namorando,,,11506,,seed_from_wordfreq_pt
wfpt-11390,narra,,,11507,,seed_from_wordfreq_pt
wfpt-11391,nepal,,,11508,,seed_from_wordfreq_pt
wfpt-11392,obrigando,,,11509,,seed_from_wordfreq_pt
wfpt-11393,oitavo,,,11510,,seed_from_wordfreq_pt
wfpt-11394,oponente,,,11511,,seed_from_wordfreq_pt
wfpt-11395,ovelhas,,,11512,,seed_from_wordfreq_pt
wfpt-11396,parecidas,,,11513,,seed_from_wordfreq_pt
wfpt-11397,patrocinadores,,,11514,,seed_from_wordfreq_pt
wfpt-11398,pelé,,,11515,,seed_from_wordfreq_pt
wfpt-11399,perco,,,11516,,seed_from_wordfreq_pt
wfpt-11400,pertences,,,11517,,seed_from_wordfreq_pt
wfpt-11401,pipa,,,11518,,seed_from_wordfreq_pt
wfpt-11402,portais,,,11519,,seed_from_wordfreq_pt
wfpt-11403,poética,,,11520,,seed_from_wordfreq_pt
wfpt-11404,preguiçoso,,,11521,,seed_from_wordfreq_pt
wfpt-11405,pretty,,,11522,,seed_from_wordfreq_pt
wfpt-11406,previstas,,,11523,,seed_from_wordfreq_pt
wfpt-11407,previsões,,,11524,,seed_from_wordfreq_pt
wfpt-11408,promoções,,,11525,,seed_from_wordfreq_pt
wfpt-11409,puramente,,,11526,,seed_from_wordfreq_pt
wfpt-11410,pênalti,,,11527,,seed_from_wordfreq_pt
wfpt-11411,questionamentos,,,11528,,seed_from_wordfreq_pt
wfpt-11412,reconhecidas,,,11529,,seed_from_wordfreq_pt
wfpt-11413,recuar,,,11530,,seed_from_wordfreq_pt
wfpt-11414,refém,,,11531,,seed_from_wordfreq_pt
wfpt-11415,remanescentes,,,11532,,seed_from_wordfreq_pt
wfpt-11416,remota,,,11533,,seed_from_wordfreq_pt
wfpt-11417,renascimento,,,11534,,seed_from_wordfreq_pt
wfpt-11418,repetidamente,,,11535,,seed_from_wordfreq_pt
wfpt-11419,repita,,,11536,,seed_from_wordfreq_pt
wfpt-11420,resoluções,,,11537,,seed_from_wordfreq_pt
wfpt-11421,return,,,11538,,seed_from_wordfreq_pt
wfpt-11422,rich,,,11539,,seed_from_wordfreq_pt
wfpt-11423,saiam,,,11540,,seed_from_wordfreq_pt
wfpt-11424,salgueiro,,,11541,,seed_from_wordfreq_pt
wfpt-11425,salta,,,11542,,seed_from_wordfreq_pt
wfpt-11426,seguimento,,,11543,,seed_from_wordfreq_pt
wfpt-11427,semelhanças,,,11544,,seed_from_wordfreq_pt
wfpt-11428,sentirem,,,11545,,seed_from_wordfreq_pt
wfpt-11429,serena,,,11546,,seed_from_wordfreq_pt
wfpt-11430,simbólico,,,11547,,seed_from_wordfreq_pt
wfpt-11431,sinos,,,11548,,seed_from_wordfreq_pt
wfpt-11432,situa,,,11549,,seed_from_wordfreq_pt
wfpt-11433,slim,,,11550,,seed_from_wordfreq_pt
wfpt-11434,somar,,,11551,,seed_from_wordfreq_pt
wfpt-11435,sorria,,,11552,,seed_from_wordfreq_pt
wfpt-11436,spa,,,11553,,seed_from_wordfreq_pt
wfpt-11437,spam,,,11554,,seed_from_wordfreq_pt
wfpt-11438,sports,,,11555,,seed_from_wordfreq_pt
wfpt-11439,sugar,,,11556,,seed_from_wordfreq_pt
wfpt-11440,sujeita,,,11557,,seed_from_wordfreq_pt
wfpt-11441,sênior,,,11558,,seed_from_wordfreq_pt
wfpt-11442,sólidos,,,11559,,seed_from_wordfreq_pt
wfpt-11443,tartaruga,,,11560,,seed_from_wordfreq_pt
wfpt-11444,terminais,,,11561,,seed_from_wordfreq_pt
wfpt-11445,truques,,,11562,,seed_from_wordfreq_pt
wfpt-11446,velocidades,,,11563,,seed_from_wordfreq_pt
wfpt-11447,vencendo,,,11564,,seed_from_wordfreq_pt
wfpt-11448,vendidas,,,11565,,seed_from_wordfreq_pt
wfpt-11449,voltará,,,11566,,seed_from_wordfreq_pt
wfpt-11450,vulnerabilidade,,,11567,,seed_from_wordfreq_pt
wfpt-11451,western,,,11568,,seed_from_wordfreq_pt
wfpt-11452,woman,,,11569,,seed_from_wordfreq_pt
wfpt-11453,zeca,,,11570,,seed_from_wordfreq_pt
wfpt-11454,ânimo,,,11571,,seed_from_wordfreq_pt
wfpt-11455,acomodar,,,11572,,seed_from_wordfreq_pt
wfpt-11456,acreditavam,,,11573,,seed_from_wordfreq_pt
wfpt-11457,adicionado,,,11574,,seed_from_wordfreq_pt
wfpt-11458,afirmaram,,,11575,,seed_from_wordfreq_pt
wfpt-11459,afirmações,,,11576,,seed_from_wordfreq_pt
wfpt-11460,alone,,,11577,,seed_from_wordfreq_pt
wfpt-11461,alterada,,,11578,,seed_from_wordfreq_pt
wfpt-11462,amargo,,,11579,,seed_from_wordfreq_pt
wfpt-11463,ambulância,,,11580,,seed_from_wordfreq_pt
wfpt-11464,anfitrião,,,11581,,seed_from_wordfreq_pt
wfpt-11465,anita,,,11582,,seed_from_wordfreq_pt
wfpt-11466,aproveitamento,,,11583,,seed_from_wordfreq_pt
wfpt-11467,aquecer,,,11584,,seed_from_wordfreq_pt
wfpt-11468,artilheiro,,,11585,,seed_from_wordfreq_pt
wfpt-11469,assassinar,,,11586,,seed_from_wordfreq_pt
wfpt-11470,association,,,11587,,seed_from_wordfreq_pt
wfpt-11471,atingem,,,11588,,seed_from_wordfreq_pt
wfpt-11472,atraído,,,11589,,seed_from_wordfreq_pt
wfpt-11473,autoriza,,,11590,,seed_from_wordfreq_pt
wfpt-11474,bernard,,,11591,,seed_from_wordfreq_pt
wfpt-11475,boato,,,11592,,seed_from_wordfreq_pt
wfpt-11476,cadernos,,,11593,,seed_from_wordfreq_pt
wfpt-11477,cadáver,,,11594,,seed_from_wordfreq_pt
wfpt-11478,camisinha,,,11595,,seed_from_wordfreq_pt
wfpt-11479,canhão,,,11596,,seed_from_wordfreq_pt
wfpt-11480,captação,,,11597,,seed_from_wordfreq_pt
wfpt-11481,casino,,,11598,,seed_from_wordfreq_pt
wfpt-11482,celebrações,,,11599,,seed_from_wordfreq_pt
wfpt-11483,che,,,11600,,seed_from_wordfreq_pt
wfpt-11484,cheguem,,,11601,,seed_from_wordfreq_pt
wfpt-11485,chupar,,,11602,,seed_from_wordfreq_pt
wfpt-11486,cineastas,,,11603,,seed_from_wordfreq_pt
wfpt-11487,coitado,,,11604,,seed_from_wordfreq_pt
wfpt-11488,comandado,,,11605,,seed_from_wordfreq_pt
wfpt-11489,conquistando,,,11606,,seed_from_wordfreq_pt
wfpt-11490,consumido,,,11607,,seed_from_wordfreq_pt
wfpt-11491,criativos,,,11608,,seed_from_wordfreq_pt
wfpt-11492,cs,,,11609,,seed_from_wordfreq_pt
wfpt-11493,deficiente,,,11611,,seed_from_wordfreq_pt
wfpt-11494,desfazer,,,11612,,seed_from_wordfreq_pt
wfpt-11495,desordem,,,11613,,seed_from_wordfreq_pt
wfpt-11496,diferenciada,,,11614,,seed_from_wordfreq_pt
wfpt-11497,directa,,,11615,,seed_from_wordfreq_pt
wfpt-11498,dispara,,,11616,,seed_from_wordfreq_pt
wfpt-11499,dividem,,,11617,,seed_from_wordfreq_pt
wfpt-11500,divididas,,,11618,,seed_from_wordfreq_pt
wfpt-11501,dominado,,,11619,,seed_from_wordfreq_pt
wfpt-11502,eleitorado,,,11620,,seed_from_wordfreq_pt
wfpt-11503,elvis,,,11621,,seed_from_wordfreq_pt
wfpt-11504,emerson,,,11622,,seed_from_wordfreq_pt
wfpt-11505,empenho,,,11623,,seed_from_wordfreq_pt
wfpt-11506,encara,,,11624,,seed_from_wordfreq_pt
wfpt-11507,entao,,,11625,,seed_from_wordfreq_pt
wfpt-11508,eo,,,11626,,seed_from_wordfreq_pt
wfpt-11509,esculturas,,,11627,,seed_from_wordfreq_pt
wfpt-11510,escutei,,,11628,,seed_from_wordfreq_pt
wfpt-11511,esforçar,,,11629,,seed_from_wordfreq_pt
wfpt-11512,espalhando,,,11630,,seed_from_wordfreq_pt
wfpt-11513,esperavam,,,11631,,seed_from_wordfreq_pt
wfpt-11514,esperta,,,11632,,seed_from_wordfreq_pt
wfpt-11515,exatas,,,11633,,seed_from_wordfreq_pt
wfpt-11516,exclusividade,,,11634,,seed_from_wordfreq_pt
wfpt-11517,expulsos,,,11635,,seed_from_wordfreq_pt
wfpt-11518,fitness,,,11636,,seed_from_wordfreq_pt
wfpt-11519,focada,,,11637,,seed_from_wordfreq_pt
wfpt-11520,foster,,,11638,,seed_from_wordfreq_pt
wfpt-11521,freio,,,11639,,seed_from_wordfreq_pt
wfpt-11522,fuzileiros,,,11640,,seed_from_wordfreq_pt
wfpt-11523,fêmeas,,,11641,,seed_from_wordfreq_pt
wfpt-11524,garantida,,,11642,,seed_from_wordfreq_pt
wfpt-11525,genro,,,11643,,seed_from_wordfreq_pt
wfpt-11526,gerald,,,11644,,seed_from_wordfreq_pt
wfpt-11527,golos,,,11645,,seed_from_wordfreq_pt
wfpt-11528,gravadas,,,11646,,seed_from_wordfreq_pt
wfpt-11529,gravadora,,,11647,,seed_from_wordfreq_pt
wfpt-11530,guarde,,,11648,,seed_from_wordfreq_pt
wfpt-11531,haddad,,,11649,,seed_from_wordfreq_pt
wfpt-11532,hills,,,11650,,seed_from_wordfreq_pt
wfpt-11533,hq,,,11651,,seed_from_wordfreq_pt
wfpt-11534,hudson,,,11652,,seed_from_wordfreq_pt
wfpt-11535,inaceitável,,,11653,,seed_from_wordfreq_pt
wfpt-11536,insuportável,,,11654,,seed_from_wordfreq_pt
wfpt-11537,interativo,,,11655,,seed_from_wordfreq_pt
wfpt-11538,internautas,,,11656,,seed_from_wordfreq_pt
wfpt-11539,invasões,,,11657,,seed_from_wordfreq_pt
wfpt-11540,inventário,,,11658,,seed_from_wordfreq_pt
wfpt-11541,its,,,11659,,seed_from_wordfreq_pt
wfpt-11542,ivete,,,11660,,seed_from_wordfreq_pt
wfpt-11543,jessie,,,11661,,seed_from_wordfreq_pt
wfpt-11544,kane,,,11662,,seed_from_wordfreq_pt
wfpt-11545,lanka,,,11663,,seed_from_wordfreq_pt
wfpt-11546,levem,,,11664,,seed_from_wordfreq_pt
wfpt-11547,libera,,,11665,,seed_from_wordfreq_pt
wfpt-11548,licenciamento,,,11666,,seed_from_wordfreq_pt
wfpt-11549,licenciatura,,,11667,,seed_from_wordfreq_pt
wfpt-11550,limitados,,,11668,,seed_from_wordfreq_pt
wfpt-11551,liverpool,,,11669,,seed_from_wordfreq_pt
wfpt-11552,lloyd,,,11670,,seed_from_wordfreq_pt
wfpt-11553,lulu,,,11671,,seed_from_wordfreq_pt
wfpt-11554,lã,,,11672,,seed_from_wordfreq_pt
wfpt-11555,mandados,,,11673,,seed_from_wordfreq_pt
wfpt-11556,manhãs,,,11674,,seed_from_wordfreq_pt
wfpt-11557,mari,,,11675,,seed_from_wordfreq_pt
wfpt-11558,masculinos,,,11676,,seed_from_wordfreq_pt
wfpt-11559,matado,,,11677,,seed_from_wordfreq_pt
wfpt-11560,meramente,,,11678,,seed_from_wordfreq_pt
wfpt-11561,metáfora,,,11679,,seed_from_wordfreq_pt
wfpt-11562,minorias,,,11680,,seed_from_wordfreq_pt
wfpt-11563,modificar,,,11681,,seed_from_wordfreq_pt
wfpt-11564,morning,,,11682,,seed_from_wordfreq_pt
wfpt-11565,mosca,,,11683,,seed_from_wordfreq_pt
wfpt-11566,mrs,,,11684,,seed_from_wordfreq_pt
wfpt-11567,multimídia,,,11685,,seed_from_wordfreq_pt
wfpt-11568,mural,,,11686,,seed_from_wordfreq_pt
wfpt-11569,máfia,,,11687,,seed_from_wordfreq_pt
wfpt-11570,nicarágua,,,11688,,seed_from_wordfreq_pt
wfpt-11571,odebrecht,,,11689,,seed_from_wordfreq_pt
wfpt-11572,opa,,,11690,,seed_from_wordfreq_pt
wfpt-11573,operado,,,11691,,seed_from_wordfreq_pt
wfpt-11574,operário,,,11692,,seed_from_wordfreq_pt
wfpt-11575,orar,,,11693,,seed_from_wordfreq_pt
wfpt-11576,ordenado,,,11694,,seed_from_wordfreq_pt
wfpt-11577,orgasmo,,,11695,,seed_from_wordfreq_pt
wfpt-11578,orientar,,,11696,,seed_from_wordfreq_pt
wfpt-11579,oswaldo,,,11697,,seed_from_wordfreq_pt
wfpt-11580,ouvintes,,,11698,,seed_from_wordfreq_pt
wfpt-11581,panda,,,11699,,seed_from_wordfreq_pt
wfpt-11582,partidários,,,11700,,seed_from_wordfreq_pt
wfpt-11583,pat,,,11701,,seed_from_wordfreq_pt
wfpt-11584,patamar,,,11702,,seed_from_wordfreq_pt
wfpt-11585,paulino,,,11703,,seed_from_wordfreq_pt
wfpt-11586,pedestres,,,11704,,seed_from_wordfreq_pt
wfpt-11587,permaneceram,,,11705,,seed_from_wordfreq_pt
wfpt-11588,philips,,,11706,,seed_from_wordfreq_pt
wfpt-11589,pioneiros,,,11707,,seed_from_wordfreq_pt
wfpt-11590,plantação,,,11708,,seed_from_wordfreq_pt
wfpt-11591,preparem,,,11709,,seed_from_wordfreq_pt
wfpt-11592,pretexto,,,11710,,seed_from_wordfreq_pt
wfpt-11593,privilegiado,,,11711,,seed_from_wordfreq_pt
wfpt-11594,profissionalismo,,,11712,,seed_from_wordfreq_pt
wfpt-11595,proibir,,,11713,,seed_from_wordfreq_pt
wfpt-11596,promotores,,,11714,,seed_from_wordfreq_pt
wfpt-11597,proporcional,,,11715,,seed_from_wordfreq_pt
wfpt-11598,prorrogação,,,11716,,seed_from_wordfreq_pt
wfpt-11599,puc,,,11717,,seed_from_wordfreq_pt
wfpt-11600,pulseira,,,11718,,seed_from_wordfreq_pt
wfpt-11601,raphael,,,11719,,seed_from_wordfreq_pt
wfpt-11602,receptor,,,11720,,seed_from_wordfreq_pt
wfpt-11603,recordes,,,11721,,seed_from_wordfreq_pt
wfpt-11604,recreio,,,11722,,seed_from_wordfreq_pt
wfpt-11605,regulamentos,,,11723,,seed_from_wordfreq_pt
wfpt-11606,relógios,,,11724,,seed_from_wordfreq_pt
wfpt-11607,reservados,,,11725,,seed_from_wordfreq_pt
wfpt-11608,resiste,,,11726,,seed_from_wordfreq_pt
wfpt-11609,ressonância,,,11727,,seed_from_wordfreq_pt
wfpt-11610,resultaram,,,11728,,seed_from_wordfreq_pt
wfpt-11611,retórica,,,11729,,seed_from_wordfreq_pt
wfpt-11612,roberta,,,11730,,seed_from_wordfreq_pt
wfpt-11613,rodadas,,,11731,,seed_from_wordfreq_pt
wfpt-11614,romeu,,,11732,,seed_from_wordfreq_pt
wfpt-11615,rompimento,,,11733,,seed_from_wordfreq_pt
wfpt-11616,réplica,,,11734,,seed_from_wordfreq_pt
wfpt-11617,self,,,11736,,seed_from_wordfreq_pt
wfpt-11618,senna,,,11737,,seed_from_wordfreq_pt
wfpt-11619,server,,,11738,,seed_from_wordfreq_pt
wfpt-11620,simão,,,11739,,seed_from_wordfreq_pt
wfpt-11621,sintonia,,,11740,,seed_from_wordfreq_pt
wfpt-11622,sorri,,,11741,,seed_from_wordfreq_pt
wfpt-11623,southern,,,11742,,seed_from_wordfreq_pt
wfpt-11624,spring,,,11743,,seed_from_wordfreq_pt
wfpt-11625,submetidos,,,11744,,seed_from_wordfreq_pt
wfpt-11626,substancial,,,11745,,seed_from_wordfreq_pt
wfpt-11627,sumir,,,11746,,seed_from_wordfreq_pt
wfpt-11628,supervisor,,,11747,,seed_from_wordfreq_pt
wfpt-11629,surpreendido,,,11748,,seed_from_wordfreq_pt
wfpt-11630,talentoso,,,11749,,seed_from_wordfreq_pt
wfpt-11631,televisiva,,,11750,,seed_from_wordfreq_pt
wfpt-11632,tesouros,,,11751,,seed_from_wordfreq_pt
wfpt-11633,testando,,,11752,,seed_from_wordfreq_pt
wfpt-11634,through,,,11754,,seed_from_wordfreq_pt
wfpt-11635,tipicamente,,,11755,,seed_from_wordfreq_pt
wfpt-11636,tocado,,,11756,,seed_from_wordfreq_pt
wfpt-11637,tomamos,,,11757,,seed_from_wordfreq_pt
wfpt-11638,transferida,,,11758,,seed_from_wordfreq_pt
wfpt-11639,traço,,,11759,,seed_from_wordfreq_pt
wfpt-11640,unicamente,,,11760,,seed_from_wordfreq_pt
wfpt-11641,uno,,,11761,,seed_from_wordfreq_pt
wfpt-11642,usual,,,11762,,seed_from_wordfreq_pt
wfpt-11643,valendo,,,11763,,seed_from_wordfreq_pt
wfpt-11644,vanguarda,,,11764,,seed_from_wordfreq_pt
wfpt-11645,verbal,,,11765,,seed_from_wordfreq_pt
wfpt-11646,vinagre,,,11766,,seed_from_wordfreq_pt
wfpt-11647,vingadores,,,11767,,seed_from_wordfreq_pt
wfpt-11648,violações,,,11768,,seed_from_wordfreq_pt
wfpt-11649,violino,,,11769,,seed_from_wordfreq_pt
wfpt-11650,virtudes,,,11770,,seed_from_wordfreq_pt
wfpt-11651,vocação,,,11771,,seed_from_wordfreq_pt
wfpt-11652,válidos,,,11772,,seed_from_wordfreq_pt
wfpt-11653,véu,,,11773,,seed_from_wordfreq_pt
wfpt-11654,walking,,,11774,,seed_from_wordfreq_pt
wfpt-11655,zoom,,,11775,,seed_from_wordfreq_pt
wfpt-11656,ávila,,,11776,,seed_from_wordfreq_pt
wfpt-11657,étnicos,,,11777,,seed_from_wordfreq_pt
wfpt-11658,abandonados,,,11779,,seed_from_wordfreq_pt
wfpt-11659,absorção,,,11780,,seed_from_wordfreq_pt
wfpt-11660,aceitas,,,11781,,seed_from_wordfreq_pt
wfpt-11661,actor,,,11782,,seed_from_wordfreq_pt
wfpt-11662,adivinhar,,,11783,,seed_from_wordfreq_pt
wfpt-11663,adrenalina,,,11784,,seed_from_wordfreq_pt
wfpt-11664,adão,,,11785,,seed_from_wordfreq_pt
wfpt-11665,agressões,,,11786,,seed_from_wordfreq_pt
wfpt-11666,ajudo,,,11787,,seed_from_wordfreq_pt
wfpt-11667,aldo,,,11788,,seed_from_wordfreq_pt
wfpt-11668,alegrias,,,11789,,seed_from_wordfreq_pt
wfpt-11669,alencar,,,11790,,seed_from_wordfreq_pt
wfpt-11670,alimentam,,,11791,,seed_from_wordfreq_pt
wfpt-11671,alternativos,,,11792,,seed_from_wordfreq_pt
wfpt-11672,angústia,,,11793,,seed_from_wordfreq_pt
wfpt-11673,annie,,,11794,,seed_from_wordfreq_pt
wfpt-11674,anotações,,,11795,,seed_from_wordfreq_pt
wfpt-11675,apaga,,,11796,,seed_from_wordfreq_pt
wfpt-11676,apanha,,,11797,,seed_from_wordfreq_pt
wfpt-11677,aplicados,,,11798,,seed_from_wordfreq_pt
wfpt-11678,ari,,,11799,,seed_from_wordfreq_pt
wfpt-11679,arquitectura,,,11800,,seed_from_wordfreq_pt
wfpt-11680,arranca,,,11801,,seed_from_wordfreq_pt
wfpt-11681,artísticos,,,11802,,seed_from_wordfreq_pt
wfpt-11682,ash,,,11803,,seed_from_wordfreq_pt
wfpt-11683,atirando,,,11804,,seed_from_wordfreq_pt
wfpt-11684,autêntico,,,11805,,seed_from_wordfreq_pt
wfpt-11685,auxiliares,,,11806,,seed_from_wordfreq_pt
wfpt-11686,ava,,,11807,,seed_from_wordfreq_pt
wfpt-11687,avançados,,,11808,,seed_from_wordfreq_pt
wfpt-11688,avançando,,,11809,,seed_from_wordfreq_pt
wfpt-11689,azeite,,,11810,,seed_from_wordfreq_pt
wfpt-11690,baratos,,,11811,,seed_from_wordfreq_pt
wfpt-11691,barris,,,11812,,seed_from_wordfreq_pt
wfpt-11692,bichos,,,11813,,seed_from_wordfreq_pt
wfpt-11693,billboard,,,11814,,seed_from_wordfreq_pt
wfpt-11694,bit,,,11815,,seed_from_wordfreq_pt
wfpt-11695,boba,,,11816,,seed_from_wordfreq_pt
wfpt-11696,bombardeio,,,11817,,seed_from_wordfreq_pt
wfpt-11697,braz,,,11818,,seed_from_wordfreq_pt
wfpt-11698,buscou,,,11819,,seed_from_wordfreq_pt
wfpt-11699,caldeira,,,11820,,seed_from_wordfreq_pt
wfpt-11700,campbell,,,11821,,seed_from_wordfreq_pt
wfpt-11701,carlo,,,11822,,seed_from_wordfreq_pt
wfpt-11702,carregador,,,11823,,seed_from_wordfreq_pt
wfpt-11703,causaram,,,11824,,seed_from_wordfreq_pt
wfpt-11704,cenoura,,,11825,,seed_from_wordfreq_pt
wfpt-11705,certifique,,,11826,,seed_from_wordfreq_pt
wfpt-11706,cicatrizes,,,11827,,seed_from_wordfreq_pt
wfpt-11707,citadas,,,11828,,seed_from_wordfreq_pt
wfpt-11708,classificada,,,11829,,seed_from_wordfreq_pt
wfpt-11709,cogumelos,,,11830,,seed_from_wordfreq_pt
wfpt-11710,colaterais,,,11831,,seed_from_wordfreq_pt
wfpt-11711,colchão,,,11832,,seed_from_wordfreq_pt
wfpt-11712,comemorou,,,11833,,seed_from_wordfreq_pt
wfpt-11713,começará,,,11834,,seed_from_wordfreq_pt
wfpt-11714,compartilham,,,11835,,seed_from_wordfreq_pt
wfpt-11715,consultoria,,,11836,,seed_from_wordfreq_pt
wfpt-11716,contactar,,,11837,,seed_from_wordfreq_pt
wfpt-11717,contemporâneos,,,11838,,seed_from_wordfreq_pt
wfpt-11718,contratada,,,11839,,seed_from_wordfreq_pt
wfpt-11719,contrária,,,11840,,seed_from_wordfreq_pt
wfpt-11720,convocou,,,11841,,seed_from_wordfreq_pt
wfpt-11721,costura,,,11842,,seed_from_wordfreq_pt
wfpt-11722,cruzado,,,11843,,seed_from_wordfreq_pt
wfpt-11723,custam,,,11844,,seed_from_wordfreq_pt
wfpt-11724,dani,,,11845,,seed_from_wordfreq_pt
wfpt-11725,davam,,,11846,,seed_from_wordfreq_pt
wfpt-11726,deliciosa,,,11847,,seed_from_wordfreq_pt
wfpt-11727,descida,,,11848,,seed_from_wordfreq_pt
wfpt-11728,desconhecidas,,,11849,,seed_from_wordfreq_pt
wfpt-11729,deslocar,,,11850,,seed_from_wordfreq_pt
wfpt-11730,despedir,,,11851,,seed_from_wordfreq_pt
wfpt-11731,desperta,,,11852,,seed_from_wordfreq_pt
wfpt-11732,detecção,,,11853,,seed_from_wordfreq_pt
wfpt-11733,detrimento,,,11854,,seed_from_wordfreq_pt
wfpt-11734,diabos,,,11855,,seed_from_wordfreq_pt
wfpt-11735,dispor,,,11856,,seed_from_wordfreq_pt
wfpt-11736,disseminação,,,11857,,seed_from_wordfreq_pt
wfpt-11737,distrital,,,11858,,seed_from_wordfreq_pt
wfpt-11738,dramas,,,11859,,seed_from_wordfreq_pt
wfpt-11739,elefantes,,,11860,,seed_from_wordfreq_pt
wfpt-11740,emocionais,,,11861,,seed_from_wordfreq_pt
wfpt-11741,emocionalmente,,,11862,,seed_from_wordfreq_pt
wfpt-11742,enfrentaram,,,11863,,seed_from_wordfreq_pt
wfpt-11743,engraçados,,,11864,,seed_from_wordfreq_pt
wfpt-11744,entrava,,,11865,,seed_from_wordfreq_pt
wfpt-11745,er,,,11866,,seed_from_wordfreq_pt
wfpt-11746,escondidos,,,11867,,seed_from_wordfreq_pt
wfpt-11747,espadas,,,11868,,seed_from_wordfreq_pt
wfpt-11748,esperou,,,11869,,seed_from_wordfreq_pt
wfpt-11749,esportivas,,,11870,,seed_from_wordfreq_pt
wfpt-11750,estúpido,,,11871,,seed_from_wordfreq_pt
wfpt-11751,evil,,,11872,,seed_from_wordfreq_pt
wfpt-11752,exercido,,,11873,,seed_from_wordfreq_pt
wfpt-11753,exibidos,,,11874,,seed_from_wordfreq_pt
wfpt-11754,fariam,,,11875,,seed_from_wordfreq_pt
wfpt-11755,fazendeiros,,,11876,,seed_from_wordfreq_pt
wfpt-11756,feel,,,11877,,seed_from_wordfreq_pt
wfpt-11757,fernández,,,11878,,seed_from_wordfreq_pt
wfpt-11758,florestais,,,11879,,seed_from_wordfreq_pt
wfpt-11759,fluxos,,,11880,,seed_from_wordfreq_pt
wfpt-11760,fofa,,,11881,,seed_from_wordfreq_pt
wfpt-11761,fornecedor,,,11882,,seed_from_wordfreq_pt
wfpt-11762,fotografar,,,11883,,seed_from_wordfreq_pt
wfpt-11763,frequentar,,,11884,,seed_from_wordfreq_pt
wfpt-11764,front,,,11885,,seed_from_wordfreq_pt
wfpt-11765,gastou,,,11886,,seed_from_wordfreq_pt
wfpt-11766,generoso,,,11887,,seed_from_wordfreq_pt
wfpt-11767,guerrilha,,,11888,,seed_from_wordfreq_pt
wfpt-11768,gêmeas,,,11889,,seed_from_wordfreq_pt
wfpt-11769,health,,,11890,,seed_from_wordfreq_pt
wfpt-11770,ibope,,,11891,,seed_from_wordfreq_pt
wfpt-11771,imortal,,,11892,,seed_from_wordfreq_pt
wfpt-11772,imperatriz,,,11893,,seed_from_wordfreq_pt
wfpt-11773,impressionada,,,11894,,seed_from_wordfreq_pt
wfpt-11774,impressos,,,11895,,seed_from_wordfreq_pt
wfpt-11775,inesperada,,,11896,,seed_from_wordfreq_pt
wfpt-11776,infinita,,,11897,,seed_from_wordfreq_pt
wfpt-11777,institucionais,,,11898,,seed_from_wordfreq_pt
wfpt-11778,isbn,,,11899,,seed_from_wordfreq_pt
wfpt-11779,ivo,,,11900,,seed_from_wordfreq_pt
wfpt-11780,ka,,,11901,,seed_from_wordfreq_pt
wfpt-11781,kiss,,,11902,,seed_from_wordfreq_pt
wfpt-11782,lab,,,11903,,seed_from_wordfreq_pt
wfpt-11783,lake,,,11904,,seed_from_wordfreq_pt
wfpt-11784,latas,,,11905,,seed_from_wordfreq_pt
wfpt-11785,leais,,,11906,,seed_from_wordfreq_pt
wfpt-11786,levemente,,,11907,,seed_from_wordfreq_pt
wfpt-11787,limpas,,,11908,,seed_from_wordfreq_pt
wfpt-11788,lives,,,11909,,seed_from_wordfreq_pt
wfpt-11789,loco,,,11910,,seed_from_wordfreq_pt
wfpt-11790,machucou,,,11911,,seed_from_wordfreq_pt
wfpt-11791,magistrado,,,11912,,seed_from_wordfreq_pt
wfpt-11792,manuela,,,11913,,seed_from_wordfreq_pt
wfpt-11793,medicação,,,11914,,seed_from_wordfreq_pt
wfpt-11794,mexeu,,,11915,,seed_from_wordfreq_pt
wfpt-11795,michele,,,11916,,seed_from_wordfreq_pt
wfpt-11796,militância,,,11917,,seed_from_wordfreq_pt
wfpt-11797,mineiros,,,11918,,seed_from_wordfreq_pt
wfpt-11798,mútuo,,,11919,,seed_from_wordfreq_pt
wfpt-11799,naruto,,,11920,,seed_from_wordfreq_pt
wfpt-11800,ocupadas,,,11921,,seed_from_wordfreq_pt
wfpt-11801,optar,,,11922,,seed_from_wordfreq_pt
wfpt-11802,orientações,,,11923,,seed_from_wordfreq_pt
wfpt-11803,orla,,,11924,,seed_from_wordfreq_pt
wfpt-11804,otto,,,11925,,seed_from_wordfreq_pt
wfpt-11805,padilha,,,11926,,seed_from_wordfreq_pt
wfpt-11806,paralelamente,,,11927,,seed_from_wordfreq_pt
wfpt-11807,passarem,,,11928,,seed_from_wordfreq_pt
wfpt-11808,passavam,,,11929,,seed_from_wordfreq_pt
wfpt-11809,passes,,,11930,,seed_from_wordfreq_pt
wfpt-11810,penitenciária,,,11931,,seed_from_wordfreq_pt
wfpt-11811,perturbar,,,11932,,seed_from_wordfreq_pt
wfpt-11812,pesquisadora,,,11933,,seed_from_wordfreq_pt
wfpt-11813,ph,,,11934,,seed_from_wordfreq_pt
wfpt-11814,possibilita,,,11935,,seed_from_wordfreq_pt
wfpt-11815,poços,,,11936,,seed_from_wordfreq_pt
wfpt-11816,premium,,,11937,,seed_from_wordfreq_pt
wfpt-11817,preocupante,,,11938,,seed_from_wordfreq_pt
wfpt-11818,primordial,,,11939,,seed_from_wordfreq_pt
wfpt-11819,problemática,,,11940,,seed_from_wordfreq_pt
wfpt-11820,programada,,,11941,,seed_from_wordfreq_pt
wfpt-11821,progressista,,,11942,,seed_from_wordfreq_pt
wfpt-11822,provado,,,11943,,seed_from_wordfreq_pt
wfpt-11823,providências,,,11944,,seed_from_wordfreq_pt
wfpt-11824,pulmões,,,11945,,seed_from_wordfreq_pt
wfpt-11825,putas,,,11946,,seed_from_wordfreq_pt
wfpt-11826,pv,,,11947,,seed_from_wordfreq_pt
wfpt-11827,quiseram,,,11948,,seed_from_wordfreq_pt
wfpt-11828,racistas,,,11949,,seed_from_wordfreq_pt
wfpt-11829,rancho,,,11950,,seed_from_wordfreq_pt
wfpt-11830,reajuste,,,11951,,seed_from_wordfreq_pt
wfpt-11831,reconheço,,,11952,,seed_from_wordfreq_pt
wfpt-11832,referia,,,11953,,seed_from_wordfreq_pt
wfpt-11833,relatar,,,11954,,seed_from_wordfreq_pt
wfpt-11834,renal,,,11955,,seed_from_wordfreq_pt
wfpt-11835,reproduzir,,,11956,,seed_from_wordfreq_pt
wfpt-11836,resolvidos,,,11957,,seed_from_wordfreq_pt
wfpt-11837,respeite,,,11958,,seed_from_wordfreq_pt
wfpt-11838,rodoviário,,,11959,,seed_from_wordfreq_pt
wfpt-11839,sabido,,,11960,,seed_from_wordfreq_pt
wfpt-11840,secos,,,11961,,seed_from_wordfreq_pt
wfpt-11841,sedes,,,11962,,seed_from_wordfreq_pt
wfpt-11842,seleções,,,11963,,seed_from_wordfreq_pt
wfpt-11843,senegal,,,11964,,seed_from_wordfreq_pt
wfpt-11844,sentou,,,11965,,seed_from_wordfreq_pt
wfpt-11845,separada,,,11966,,seed_from_wordfreq_pt
wfpt-11846,sereia,,,11967,,seed_from_wordfreq_pt
wfpt-11847,sertanejo,,,11968,,seed_from_wordfreq_pt
wfpt-11848,sexos,,,11969,,seed_from_wordfreq_pt
wfpt-11849,sm,,,11970,,seed_from_wordfreq_pt
wfpt-11850,smartphones,,,11971,,seed_from_wordfreq_pt
wfpt-11851,sobrevive,,,11972,,seed_from_wordfreq_pt
wfpt-11852,solicitado,,,11973,,seed_from_wordfreq_pt
wfpt-11853,traficante,,,11974,,seed_from_wordfreq_pt
wfpt-11854,tratadas,,,11975,,seed_from_wordfreq_pt
wfpt-11855,traçar,,,11976,,seed_from_wordfreq_pt
wfpt-11856,típicos,,,11977,,seed_from_wordfreq_pt
wfpt-11857,violar,,,11978,,seed_from_wordfreq_pt
wfpt-11858,voltem,,,11979,,seed_from_wordfreq_pt
wfpt-11859,wide,,,11980,,seed_from_wordfreq_pt
wfpt-11860,ângulos,,,11981,,seed_from_wordfreq_pt
wfpt-11861,acusa,,,11983,,seed_from_wordfreq_pt
wfpt-11862,afetadas,,,11984,,seed_from_wordfreq_pt
wfpt-11863,afetou,,,11985,,seed_from_wordfreq_pt
wfpt-11864,agarra,,,11986,,seed_from_wordfreq_pt
wfpt-11865,aguda,,,11987,,seed_from_wordfreq_pt
wfpt-11866,alheia,,,11988,,seed_from_wordfreq_pt
wfpt-11867,always,,,11989,,seed_from_wordfreq_pt
wfpt-11868,ambicioso,,,11990,,seed_from_wordfreq_pt
wfpt-11869,amplitude,,,11991,,seed_from_wordfreq_pt
wfpt-11870,angelo,,,11992,,seed_from_wordfreq_pt
wfpt-11871,animes,,,11993,,seed_from_wordfreq_pt
wfpt-11872,anistia,,,11994,,seed_from_wordfreq_pt
wfpt-11873,anotar,,,11995,,seed_from_wordfreq_pt
wfpt-11874,anton,,,11996,,seed_from_wordfreq_pt
wfpt-11875,apoiadores,,,11997,,seed_from_wordfreq_pt
wfpt-11876,atirou,,,11998,,seed_from_wordfreq_pt
wfpt-11877,ativas,,,11999,,seed_from_wordfreq_pt
wfpt-11878,atrasados,,,12000,,seed_from_wordfreq_pt
wfpt-11879,atravessando,,,12001,,seed_from_wordfreq_pt
wfpt-11880,bangladesh,,,12002,,seed_from_wordfreq_pt
wfpt-11881,beijou,,,12003,,seed_from_wordfreq_pt
wfpt-11882,belga,,,12004,,seed_from_wordfreq_pt
wfpt-11883,better,,,12005,,seed_from_wordfreq_pt
wfpt-11884,brandon,,,12006,,seed_from_wordfreq_pt
wfpt-11885,cachaça,,,12007,,seed_from_wordfreq_pt
wfpt-11886,calvin,,,12008,,seed_from_wordfreq_pt
wfpt-11887,canoas,,,12009,,seed_from_wordfreq_pt
wfpt-11888,carmo,,,12010,,seed_from_wordfreq_pt
wfpt-11889,casinha,,,12011,,seed_from_wordfreq_pt
wfpt-11890,chore,,,12012,,seed_from_wordfreq_pt
wfpt-11891,chorei,,,12013,,seed_from_wordfreq_pt
wfpt-11892,classificou,,,12014,,seed_from_wordfreq_pt
wfpt-11893,clássicas,,,12015,,seed_from_wordfreq_pt
wfpt-11894,cobertos,,,12016,,seed_from_wordfreq_pt
wfpt-11895,colocamos,,,12017,,seed_from_wordfreq_pt
wfpt-11896,colombo,,,12018,,seed_from_wordfreq_pt
wfpt-11897,combinam,,,12019,,seed_from_wordfreq_pt
wfpt-11898,comparações,,,12020,,seed_from_wordfreq_pt
wfpt-11899,competitivo,,,12021,,seed_from_wordfreq_pt
wfpt-11900,competências,,,12022,,seed_from_wordfreq_pt
wfpt-11901,comportar,,,12023,,seed_from_wordfreq_pt
wfpt-11902,compram,,,12024,,seed_from_wordfreq_pt
wfpt-11903,cone,,,12025,,seed_from_wordfreq_pt
wfpt-11904,conheciam,,,12026,,seed_from_wordfreq_pt
wfpt-11905,corporativa,,,12027,,seed_from_wordfreq_pt
wfpt-11906,cristais,,,12028,,seed_from_wordfreq_pt
wfpt-11907,crueldade,,,12029,,seed_from_wordfreq_pt
wfpt-11908,cunhada,,,12030,,seed_from_wordfreq_pt
wfpt-11909,degraus,,,12031,,seed_from_wordfreq_pt
wfpt-11910,denunciou,,,12032,,seed_from_wordfreq_pt
wfpt-11911,desaparecida,,,12033,,seed_from_wordfreq_pt
wfpt-11912,descarga,,,12034,,seed_from_wordfreq_pt
wfpt-11913,desconfortável,,,12035,,seed_from_wordfreq_pt
wfpt-11914,desejado,,,12036,,seed_from_wordfreq_pt
wfpt-11915,designação,,,12037,,seed_from_wordfreq_pt
wfpt-11916,die,,,12038,,seed_from_wordfreq_pt
wfpt-11917,diplomata,,,12039,,seed_from_wordfreq_pt
wfpt-11918,direções,,,12040,,seed_from_wordfreq_pt
wfpt-11919,distrair,,,12041,,seed_from_wordfreq_pt
wfpt-11920,dividiu,,,12042,,seed_from_wordfreq_pt
wfpt-11921,dobrar,,,12043,,seed_from_wordfreq_pt
wfpt-11922,domésticas,,,12044,,seed_from_wordfreq_pt
wfpt-11923,duncan,,,12045,,seed_from_wordfreq_pt
wfpt-11924,ecrã,,,12046,,seed_from_wordfreq_pt
wfpt-11925,educada,,,12047,,seed_from_wordfreq_pt
wfpt-11926,educadores,,,12048,,seed_from_wordfreq_pt
wfpt-11927,embarcar,,,12049,,seed_from_wordfreq_pt
wfpt-11928,empatia,,,12050,,seed_from_wordfreq_pt
wfpt-11929,encheu,,,12051,,seed_from_wordfreq_pt
wfpt-11930,entrem,,,12052,,seed_from_wordfreq_pt
wfpt-11931,escolho,,,12053,,seed_from_wordfreq_pt
wfpt-11932,escondendo,,,12054,,seed_from_wordfreq_pt
wfpt-11933,espessura,,,12055,,seed_from_wordfreq_pt
wfpt-11934,espinha,,,12056,,seed_from_wordfreq_pt
wfpt-11935,espiral,,,12057,,seed_from_wordfreq_pt
wfpt-11936,espn,,,12058,,seed_from_wordfreq_pt
wfpt-11937,esquemas,,,12059,,seed_from_wordfreq_pt
wfpt-11938,excessivo,,,12060,,seed_from_wordfreq_pt
wfpt-11939,explique,,,12061,,seed_from_wordfreq_pt
wfpt-11940,fabricado,,,12062,,seed_from_wordfreq_pt
wfpt-11941,falasse,,,12063,,seed_from_wordfreq_pt
wfpt-11942,filmando,,,12064,,seed_from_wordfreq_pt
wfpt-11943,firmes,,,12065,,seed_from_wordfreq_pt
wfpt-11944,fogueira,,,12066,,seed_from_wordfreq_pt
wfpt-11945,foguetes,,,12067,,seed_from_wordfreq_pt
wfpt-11946,folia,,,12068,,seed_from_wordfreq_pt
wfpt-11947,fungos,,,12069,,seed_from_wordfreq_pt
wfpt-11948,gerenciar,,,12070,,seed_from_wordfreq_pt
wfpt-11949,gestor,,,12071,,seed_from_wordfreq_pt
wfpt-11950,golden,,,12072,,seed_from_wordfreq_pt
wfpt-11951,gostosas,,,12073,,seed_from_wordfreq_pt
wfpt-11952,gramas,,,12074,,seed_from_wordfreq_pt
wfpt-11953,handebol,,,12075,,seed_from_wordfreq_pt
wfpt-11954,hostil,,,12076,,seed_from_wordfreq_pt
wfpt-11955,im,,,12077,,seed_from_wordfreq_pt
wfpt-11956,imposta,,,12078,,seed_from_wordfreq_pt
wfpt-11957,inaugurada,,,12079,,seed_from_wordfreq_pt
wfpt-11958,inc,,,12080,,seed_from_wordfreq_pt
wfpt-11959,incapazes,,,12081,,seed_from_wordfreq_pt
wfpt-11960,inconveniente,,,12082,,seed_from_wordfreq_pt
wfpt-11961,indicador,,,12083,,seed_from_wordfreq_pt
wfpt-11962,indie,,,12084,,seed_from_wordfreq_pt
wfpt-11963,infarto,,,12085,,seed_from_wordfreq_pt
wfpt-11964,insistem,,,12086,,seed_from_wordfreq_pt
wfpt-11965,insuficiente,,,12087,,seed_from_wordfreq_pt
wfpt-11966,intermediários,,,12088,,seed_from_wordfreq_pt
wfpt-11967,intermédio,,,12089,,seed_from_wordfreq_pt
wfpt-11968,isaías,,,12090,,seed_from_wordfreq_pt
wfpt-11969,joias,,,12091,,seed_from_wordfreq_pt
wfpt-11970,kansas,,,12092,,seed_from_wordfreq_pt
wfpt-11971,lamentar,,,12093,,seed_from_wordfreq_pt
wfpt-11972,letal,,,12094,,seed_from_wordfreq_pt
wfpt-11973,levantando,,,12095,,seed_from_wordfreq_pt
wfpt-11974,lins,,,12096,,seed_from_wordfreq_pt
wfpt-11975,loucas,,,12097,,seed_from_wordfreq_pt
wfpt-11976,louvor,,,12098,,seed_from_wordfreq_pt
wfpt-11977,ltda,,,12099,,seed_from_wordfreq_pt
wfpt-11978,madura,,,12100,,seed_from_wordfreq_pt
wfpt-11979,madureira,,,12101,,seed_from_wordfreq_pt
wfpt-11980,mantidas,,,12102,,seed_from_wordfreq_pt
wfpt-11981,melanie,,,12103,,seed_from_wordfreq_pt
wfpt-11982,mencionada,,,12104,,seed_from_wordfreq_pt
wfpt-11983,mero,,,12105,,seed_from_wordfreq_pt
wfpt-11984,messi,,,12106,,seed_from_wordfreq_pt
wfpt-11985,metendo,,,12107,,seed_from_wordfreq_pt
wfpt-11986,miserável,,,12108,,seed_from_wordfreq_pt
wfpt-11987,molhada,,,12109,,seed_from_wordfreq_pt
wfpt-11988,nba,,,12110,,seed_from_wordfreq_pt
wfpt-11989,nokia,,,12111,,seed_from_wordfreq_pt
wfpt-11990,nomeou,,,12112,,seed_from_wordfreq_pt
wfpt-11991,notado,,,12113,,seed_from_wordfreq_pt
wfpt-11992,nov,,,12114,,seed_from_wordfreq_pt
wfpt-11993,nsa,,,12115,,seed_from_wordfreq_pt
wfpt-11994,obsessão,,,12116,,seed_from_wordfreq_pt
wfpt-11995,oceanos,,,12117,,seed_from_wordfreq_pt
wfpt-11996,oferecidos,,,12118,,seed_from_wordfreq_pt
wfpt-11997,opressão,,,12119,,seed_from_wordfreq_pt
wfpt-11998,orgulhosos,,,12120,,seed_from_wordfreq_pt
wfpt-11999,ousadia,,,12121,,seed_from_wordfreq_pt
wfpt-12000,owen,,,12122,,seed_from_wordfreq_pt
