external_key,lemma,pos,level,freq_rank,ru_gloss,notes
wfpt-08467,aaron,,,8564,,kaikki_no_match
wfpt-00678,abaixo,,,708,,kaikki_no_match
wfpt-11085,abandona,,,11199,,kaikki_no_match
wfpt-07493,abandonada,,,7587,,kaikki_no_match
wfpt-05401,abandonado,,,5484,,kaikki_no_match
wfpt-11658,abandonados,,,11779,,kaikki_no_match
wfpt-03801,abandonar,verb,,3871,оставить,kaikki_pt_ru_enriched
wfpt-05822,abandono,,,5906,,kaikki_no_match
wfpt-05402,abandonou,,,5485,,kaikki_no_match
wfpt-06172,abastecimento,,,6257,,kaikki_no_match
wfpt-05077,abc,,,5156,,kaikki_no_match
wfpt-09837,abel,noun,,9946,авель,kaikki_pt_ru_enriched
wfpt-10189,abelha,noun,,10298,пчела,kaikki_pt_ru_enriched
wfpt-10003,abelhas,,,10112,,kaikki_no_match
wfpt-05931,abençoe,,,6016,,kaikki_no_match
wfpt-01645,aberta,,,1694,,kaikki_no_match
wfpt-09322,abertamente,,,9426,,kaikki_no_match
wfpt-03802,abertas,,,3872,,kaikki_no_match
wfpt-01259,aberto,,,1300,,kaikki_no_match
wfpt-03383,abertos,,,3447,,kaikki_no_match
wfpt-01227,abertura,,,1267,,kaikki_no_match
wfpt-10004,abismo,noun,,10113,бездна,kaikki_pt_ru_enriched
wfpt-10703,abolição,,,10815,,kaikki_no_match
wfpt-08316,aborda,,,8412,,kaikki_no_match
wfpt-02756,abordagem,noun,,2815,абордаж,kaikki_pt_ru_enriched
wfpt-09500,abordagens,,,9606,,kaikki_no_match
wfpt-07899,abordar,,,7994,,kaikki_no_match
wfpt-04610,aborto,noun,,4688,аборт,kaikki_pt_ru_enriched
wfpt-06274,about,,,6361,,kaikki_no_match
wfpt-06515,abra,,,6604,,kaikki_no_match
wfpt-09323,abrange,,,9427,,kaikki_no_match
wfpt-08888,abrangente,,,8989,,kaikki_no_match
wfpt-07494,abraçar,,,7588,,kaikki_no_match
wfpt-03881,abraço,noun,,3952,объятие,kaikki_pt_ru_enriched
wfpt-08889,abraços,,,8990,,kaikki_no_match
wfpt-01752,abre,,,1803,,kaikki_no_match
wfpt-09324,abrem,,,9428,,kaikki_no_match
wfpt-06878,abreu,,,6968,,kaikki_no_match
wfpt-06275,abri,,,6362,,kaikki_no_match
wfpt-08038,abriga,,,8134,,kaikki_no_match
wfpt-09030,abrigar,,,9132,,kaikki_no_match
wfpt-03803,abrigo,,,3873,,kaikki_no_match
wfpt-00535,abril,noun,,561,апрель,kaikki_pt_ru_enriched
wfpt-05294,abrindo,,,5374,,kaikki_no_match
wfpt-01002,abrir,,,1038,,kaikki_no_match
wfpt-09325,abriram,,,9429,,kaikki_no_match
wfpt-02351,abriu,,,2405,,kaikki_no_match
wfpt-11258,abs,,,11375,,kaikki_no_match
wfpt-03882,absoluta,,,3953,,kaikki_no_match
wfpt-03116,absolutamente,,,3178,,kaikki_no_match
wfpt-05724,absoluto,,,5807,,kaikki_no_match
wfpt-11659,absorção,noun,,11780,абсорбция,kaikki_pt_ru_enriched
wfpt-10704,absurda,,,10816,,kaikki_no_match
wfpt-03672,absurdo,,,3738,,kaikki_no_match
wfpt-07495,abu,,,7589,,kaikki_no_match
wfpt-09326,abundância,noun,,9430,обилие,kaikki_pt_ru_enriched
wfpt-04530,abuso,,,4607,,kaikki_no_match
wfpt-09501,abusos,,,9607,,kaikki_no_match
wfpt-01068,acaba,,,1105,,kaikki_no_match
wfpt-05078,acabado,,,5157,,kaikki_no_match
wfpt-03384,acabam,,,3448,,kaikki_no_match
wfpt-07900,acabamos,,,7995,,kaikki_no_match
wfpt-05932,acabando,,,6017,,kaikki_no_match
wfpt-00807,acabar,,,841,,kaikki_no_match
wfpt-02799,acabaram,,,2858,,kaikki_no_match
wfpt-09180,acabaria,,,9283,,kaikki_no_match
wfpt-05616,acabe,,,5699,,kaikki_no_match
wfpt-01548,acabei,,,1596,,kaikki_no_match
wfpt-05506,acabo,,,5589,,kaikki_no_match
wfpt-00437,acabou,,,457,,kaikki_no_match
wfpt-01616,academia,noun,,1665,академия,kaikki_pt_ru_enriched
wfpt-05933,acadêmica,,,6018,,kaikki_no_match
wfpt-05187,acadêmico,noun,,5267,академик,kaikki_pt_ru_enriched
wfpt-04793,acadêmicos,,,4871,,kaikki_no_match
wfpt-10190,acalma,,,10299,,kaikki_no_match
wfpt-06407,acalmar,,,6495,,kaikki_no_match
wfpt-03883,acampamento,noun,,3954,кемпинг,kaikki_pt_ru_enriched
wfpt-02700,acaso,,,2759,,kaikki_no_match
wfpt-10879,aceder,,,10991,,kaikki_no_match
wfpt-02449,aceita,,,2503,,kaikki_no_match
wfpt-09031,aceitam,,,9133,,kaikki_no_match
wfpt-10522,aceitamos,,,10634,,kaikki_no_match
wfpt-09181,aceitando,,,9284,,kaikki_no_match
wfpt-01646,aceitar,,,1695,,kaikki_no_match
wfpt-11660,aceitas,,,11781,,kaikki_no_match
wfpt-05295,aceitação,noun,,5375,принятие,kaikki_pt_ru_enriched
wfpt-06516,aceite,,,6605,,kaikki_no_match
wfpt-03305,aceito,,,3368,,kaikki_no_match
wfpt-04531,aceitou,,,4608,,kaikki_no_match
wfpt-09678,aceitável,,,9786,,kaikki_no_match
wfpt-10523,acelerado,,,10635,,kaikki_no_match
wfpt-09679,acelerar,verb,,9787,торопить,kaikki_pt_ru_enriched
wfpt-08744,aceleração,noun,,8844,ускорение,kaikki_pt_ru_enriched
wfpt-10705,acender,,,10817,,kaikki_no_match
wfpt-02405,acerca,,,2459,,kaikki_no_match
wfpt-05507,acertar,,,5590,,kaikki_no_match
wfpt-09032,acerto,,,9134,,kaikki_no_match
wfpt-05934,acertou,,,6019,,kaikki_no_match
wfpt-07146,acervo,,,7237,,kaikki_no_match
wfpt-04288,acessar,,,4364,,kaikki_no_match
wfpt-04701,acesse,,,4779,,kaikki_no_match
wfpt-00466,acesso,,,486,,kaikki_no_match
wfpt-05935,acessos,,,6020,,kaikki_no_match
wfpt-08317,acessíveis,,,8413,,kaikki_no_match
wfpt-05079,acessível,,,5158,,kaikki_no_match
wfpt-10353,acessórios,,,10464,,kaikki_no_match
wfpt-00521,acha,,,547,,kaikki_no_match
wfpt-10005,achado,,,10114,,kaikki_no_match
wfpt-01717,acham,,,1766,,kaikki_no_match
wfpt-07496,achamos,,,7590,,kaikki_no_match
wfpt-05617,achando,,,5700,,kaikki_no_match
wfpt-01026,achar,verb,,1062,думать,kaikki_pt_ru_enriched
wfpt-06408,acharam,,,6496,,kaikki_no_match
wfpt-10191,achas,,,10300,,kaikki_no_match
wfpt-03589,achava,,,3655,,kaikki_no_match
wfpt-09838,ache,,,9947,,kaikki_no_match
wfpt-00691,achei,,,721,,kaikki_no_match
wfpt-00138,acho,,,148,,kaikki_no_match
wfpt-02701,achou,,,2760,,kaikki_no_match
wfpt-10524,acidentalmente,,,10636,,kaikki_no_match
wfpt-01260,acidente,noun,,1301,авария,kaikki_pt_ru_enriched
wfpt-04366,acidentes,,,4442,,kaikki_no_match
wfpt-00664,acima,,,693,,kaikki_no_match
wfpt-10706,acionistas,,,10818,,kaikki_no_match
wfpt-11455,acomodar,verb,,11572,вмещать,kaikki_pt_ru_enriched
wfpt-05080,acompanha,,,5159,,kaikki_no_match
wfpt-06049,acompanhada,,,6134,,kaikki_no_match
wfpt-03673,acompanhado,,,3739,,kaikki_no_match
wfpt-10880,acompanham,,,10992,,kaikki_no_match
wfpt-05725,acompanhamento,noun,,5808,сопровождение,kaikki_pt_ru_enriched
wfpt-05403,acompanhando,,,5486,,kaikki_no_match
wfpt-02116,acompanhar,,,2170,,kaikki_no_match
wfpt-05618,acompanhe,,,5701,,kaikki_no_match
wfpt-06740,acompanhou,,,6829,,kaikki_no_match
wfpt-00536,acontece,,,562,,kaikki_no_match
wfpt-03238,acontecem,,,3301,,kaikki_no_match
wfpt-01193,acontecendo,,,1232,,kaikki_no_match
wfpt-00703,acontecer,,,733,,kaikki_no_match
wfpt-06879,aconteceram,,,6969,,kaikki_no_match
wfpt-11086,aconteceria,,,11200,,kaikki_no_match
wfpt-04532,acontecerá,,,4609,,kaikki_no_match
wfpt-10707,acontecesse,,,10819,,kaikki_no_match
wfpt-00438,aconteceu,,,458,,kaikki_no_match
wfpt-09182,acontecia,,,9285,,kaikki_no_match
wfpt-03530,acontecido,,,3595,,kaikki_no_match
wfpt-06640,acontecimento,,,6729,,kaikki_no_match
wfpt-03239,acontecimentos,,,3302,,kaikki_no_match
wfpt-03804,aconteça,,,3874,,kaikki_no_match
wfpt-04533,acorda,,,4610,,kaikki_no_match
wfpt-08890,acordada,,,8991,,kaikki_no_match
wfpt-04888,acordado,,,4967,,kaikki_no_match
wfpt-03055,acordar,,,3117,,kaikki_no_match
wfpt-11087,acorde,,,11201,,kaikki_no_match
wfpt-06050,acordei,,,6135,,kaikki_no_match
wfpt-00219,acordo,noun,,231,сделка,kaikki_pt_ru_enriched
wfpt-05081,acordos,,,5160,,kaikki_no_match
wfpt-06517,acordou,,,6606,,kaikki_no_match
wfpt-06741,acostumado,,,6830,,kaikki_no_match
wfpt-10525,acostumar,,,10637,,kaikki_no_match
wfpt-06051,acre,noun,,6136,акр,kaikki_pt_ru_enriched
wfpt-00966,acredita,,,1001,,kaikki_no_match
wfpt-03183,acreditam,,,3246,,kaikki_no_match
wfpt-04702,acreditamos,,,4780,,kaikki_no_match
wfpt-08039,acreditando,,,8135,,kaikki_no_match
wfpt-01165,acreditar,,,1204,,kaikki_no_match
wfpt-05296,acreditava,,,5376,,kaikki_no_match
wfpt-11456,acreditavam,,,11573,,kaikki_no_match
wfpt-04120,acredite,,,4195,,kaikki_no_match
wfpt-11259,acreditei,,,11376,,kaikki_no_match
wfpt-10006,acreditem,,,10115,,kaikki_no_match
wfpt-00596,acredito,,,624,,kaikki_no_match
wfpt-06742,acrescenta,,,6831,,kaikki_no_match
wfpt-10007,acrescentando,,,10116,,kaikki_no_match
wfpt-07758,acrescentar,,,7853,,kaikki_no_match
wfpt-05936,acrescentou,,,6021,,kaikki_no_match
wfpt-09839,act,,,9948,,kaikki_no_match
wfpt-06276,action,,,6363,,kaikki_no_match
wfpt-05188,actividade,,,5268,,kaikki_no_match
wfpt-05189,actividades,,,5269,,kaikki_no_match
wfpt-07398,acto,,,7491,,kaikki_no_match
wfpt-11661,actor,,,11782,,kaikki_no_match
wfpt-10354,actos,,,10465,,kaikki_no_match
wfpt-04289,actual,,,4365,,kaikki_no_match
wfpt-04206,actualmente,,,4282,,kaikki_no_match
wfpt-11861,acusa,,,11983,,kaikki_no_match
wfpt-10526,acusada,,,10638,,kaikki_no_match
wfpt-02861,acusado,,,2920,,kaikki_no_match
wfpt-07625,acusados,,,7720,,kaikki_no_match
wfpt-10008,acusar,verb,,10117,обвинять,kaikki_pt_ru_enriched
wfpt-03960,acusação,,,4032,,kaikki_no_match
wfpt-03531,acusações,,,3596,,kaikki_no_match
wfpt-09327,acusou,,,9431,,kaikki_no_match
wfpt-03674,acção,,,3740,,kaikki_no_match
wfpt-06743,acções,,,6832,,kaikki_no_match
wfpt-10527,acústica,noun,,10639,акустика,kaikki_pt_ru_enriched
wfpt-10708,acústico,,,10820,,kaikki_no_match
wfpt-03961,adam,,,4033,,kaikki_no_match
wfpt-10528,adams,,,10640,,kaikki_no_match
wfpt-09328,adaptado,,,9432,,kaikki_no_match
wfpt-07147,adaptar,verb,,7238,приспособить,kaikki_pt_ru_enriched
wfpt-04044,adaptação,,,4118,,kaikki_no_match
wfpt-09183,ademais,,,9286,,kaikki_no_match
wfpt-08612,adeptos,,,8710,,kaikki_no_match
wfpt-05082,adequada,,,5161,,kaikki_no_match
wfpt-10881,adequadamente,,,10993,,kaikki_no_match
wfpt-10355,adequadas,,,10466,,kaikki_no_match
wfpt-04611,adequado,,,4689,,kaikki_no_match
wfpt-08891,aderir,,,8992,,kaikki_no_match
wfpt-06277,adesão,,,6364,,kaikki_no_match
wfpt-03468,adeus,,,3532,,kaikki_no_match
wfpt-04703,adianta,,,4781,,kaikki_no_match
wfpt-03962,adiante,,,4034,,kaikki_no_match
wfpt-11088,adiciona,,,11202,,kaikki_no_match
wfpt-11457,adicionado,,,11574,,kaikki_no_match
wfpt-04794,adicionais,,,4872,,kaikki_no_match
wfpt-04704,adicional,,,4782,,kaikki_no_match
wfpt-06278,adicionar,,,6365,,kaikki_no_match
wfpt-08040,adivinha,,,8136,,kaikki_no_match
wfpt-11662,adivinhar,,,11783,,kaikki_no_match
wfpt-08468,adição,noun,,8565,сложение,kaikki_pt_ru_enriched
wfpt-10709,adjunto,,,10821,,kaikki_no_match
wfpt-05726,administrador,,,5809,,kaikki_no_match
wfpt-08892,administradores,,,8993,,kaikki_no_match
wfpt-09502,administrar,,,9608,,kaikki_no_match
wfpt-03805,administrativa,,,3875,,kaikki_no_match
wfpt-08318,administrativas,,,8414,,kaikki_no_match
wfpt-04977,administrativo,,,5056,,kaikki_no_match
wfpt-10356,administrativos,,,10467,,kaikki_no_match
wfpt-01098,administração,noun,,1135,правление,kaikki_pt_ru_enriched
wfpt-10710,admirar,verb,,10822,восхищаться,kaikki_pt_ru_enriched
wfpt-08893,admiração,,,8994,,kaikki_no_match
wfpt-08041,admiro,,,8137,,kaikki_no_match
wfpt-09840,admissão,,,9949,,kaikki_no_match
wfpt-06880,admite,,,6970,,kaikki_no_match
wfpt-04612,admitir,,,4690,,kaikki_no_match
wfpt-08042,admitiu,,,8138,,kaikki_no_match
wfpt-08894,admito,,,8995,,kaikki_no_match
wfpt-02800,adolescente,noun,,2859,подросток,kaikki_pt_ru_enriched
wfpt-02922,adolescentes,,,2983,,kaikki_no_match
wfpt-05823,adolescência,,,5907,,kaikki_no_match
wfpt-03532,adora,,,3597,,kaikki_no_match
wfpt-07759,adoram,,,7854,,kaikki_no_match
wfpt-06519,adorar,verb,,6608,обожать,kaikki_pt_ru_enriched
wfpt-10882,adoraria,,,10994,,kaikki_no_match
wfpt-09329,adorava,,,9433,,kaikki_no_match
wfpt-03240,adorei,,,3303,,kaikki_no_match
wfpt-01373,adoro,,,1418,,kaikki_no_match
wfpt-09680,adorável,,,9788,,kaikki_no_match
wfpt-08185,adotada,,,8281,,kaikki_no_match
wfpt-07399,adotado,,,7492,,kaikki_no_match
wfpt-06173,adotar,verb,,6258,принимать,kaikki_pt_ru_enriched
wfpt-08469,adotou,,,8566,,kaikki_no_match
wfpt-05404,adoção,noun,,5487,усыновле́ние,kaikki_pt_ru_enriched
wfpt-08470,adquirido,,,8567,,kaikki_no_match
wfpt-06409,adquirir,,,6497,,kaikki_no_match
wfpt-09503,adquiriu,,,9609,,kaikki_no_match
wfpt-11663,adrenalina,noun,,11784,адреналин,kaikki_pt_ru_enriched
wfpt-08471,adriana,,,8568,,kaikki_no_match
wfpt-08043,adriano,,,8139,,kaikki_no_match
wfpt-06410,adulta,,,6498,,kaikki_no_match
wfpt-03590,adulto,,,3656,,kaikki_no_match
wfpt-02450,adultos,,,2504,,kaikki_no_match
wfpt-04795,adversário,,,4873,,kaikki_no_match
wfpt-06881,adversários,,,6971,,kaikki_no_match
wfpt-07626,advocacia,,,7721,,kaikki_no_match
wfpt-05619,advogada,,,5702,,kaikki_no_match
wfpt-01334,advogado,noun,,1377,адвокат,kaikki_pt_ru_enriched
wfpt-02406,advogados,,,2460,,kaikki_no_match
wfpt-11664,adão,noun,,11785,адам,kaikki_pt_ru_enriched
wfpt-10357,aeronave,,,10468,,kaikki_no_match
wfpt-11260,aeronaves,,,11377,,kaikki_no_match
wfpt-01549,aeroporto,noun,,1597,аэропорт,kaikki_pt_ru_enriched
wfpt-06411,aeroportos,,,6499,,kaikki_no_match
wfpt-05508,afasta,,,5591,,kaikki_no_match
wfpt-06744,afastado,,,6833,,kaikki_no_match
wfpt-09681,afastamento,,,9789,,kaikki_no_match
wfpt-03884,afastar,verb,,3955,отталкивать,kaikki_pt_ru_enriched
wfpt-09504,afastou,,,9610,,kaikki_no_match
wfpt-05297,afeganistão,noun,,5377,афганистан,kaikki_pt_ru_enriched
wfpt-05190,afeta,,,5270,,kaikki_no_match
wfpt-11261,afetada,,,11378,,kaikki_no_match
wfpt-11862,afetadas,,,11984,,kaikki_no_match
wfpt-10529,afetado,,,10641,,kaikki_no_match
wfpt-10358,afetados,,,10469,,kaikki_no_match
wfpt-09505,afetam,,,9611,,kaikki_no_match
wfpt-07760,afetar,verb,,7855,воздействовать,kaikki_pt_ru_enriched
wfpt-09506,afeto,,,9612,,kaikki_no_match
wfpt-11863,afetou,,,11985,,kaikki_no_match
wfpt-10009,afim,,,10118,,kaikki_no_match
wfpt-01471,afinal,,,1518,,kaikki_no_match
wfpt-10530,afins,,,10642,,kaikki_no_match
wfpt-01335,afirma,,,1378,,kaikki_no_match
wfpt-05727,afirmam,,,5810,,kaikki_no_match
wfpt-04613,afirmando,,,4691,,kaikki_no_match
wfpt-04451,afirmar,,,4528,,kaikki_no_match
wfpt-11458,afirmaram,,,11575,,kaikki_no_match
wfpt-05405,afirmação,noun,,5488,утверждение,kaikki_pt_ru_enriched
wfpt-11459,afirmações,,,11576,,kaikki_no_match
wfpt-01336,afirmou,,,1379,,kaikki_no_match
wfpt-04290,afonso,noun,,4366,альфонс,kaikki_pt_ru_enriched
wfpt-08044,africa,,,8140,,kaikki_no_match
wfpt-04367,africana,,,4443,,kaikki_no_match
wfpt-07627,africanas,,,7722,,kaikki_no_match
wfpt-04207,africano,,,4283,,kaikki_no_match
wfpt-06279,africanos,,,6366,,kaikki_no_match
wfpt-04705,afro,,,4783,,kaikki_no_match
wfpt-08472,after,,,8569,,kaikki_no_match
wfpt-07497,again,,,7591,,kaikki_no_match
wfpt-11864,agarra,,,11986,,kaikki_no_match
wfpt-11262,agarrar,,,11379,,kaikki_no_match
wfpt-04614,age,,,4692,,kaikki_no_match
wfpt-11263,agem,,,11380,,kaikki_no_match
wfpt-02648,agenda,,,2704,,kaikki_no_match
wfpt-01783,agente,,,1834,,kaikki_no_match
wfpt-01584,agentes,,,1633,,kaikki_no_match
wfpt-06641,agindo,,,6730,,kaikki_no_match
wfpt-02117,agir,,,2171,,kaikki_no_match
wfpt-09507,agitação,,,9613,,kaikki_no_match
wfpt-11264,agiu,,,11381,,kaikki_no_match
wfpt-09330,ago,,,9434,,kaikki_no_match
wfpt-00065,agora,,,70,,kaikki_no_match
wfpt-09331,agostinho,,,9435,,kaikki_no_match
wfpt-00506,agosto,,,531,,kaikki_no_match
wfpt-08745,agrada,,,8845,,kaikki_no_match
wfpt-06642,agradar,verb,,6731,нравиться,kaikki_pt_ru_enriched
wfpt-08613,agradece,,,8711,,kaikki_no_match
wfpt-07400,agradecemos,,,7493,,kaikki_no_match
wfpt-02245,agradecer,,,2299,,kaikki_no_match
wfpt-08319,agradecimento,,,8415,,kaikki_no_match
wfpt-02702,agradeço,,,2761,,kaikki_no_match
wfpt-03591,agradável,,,3657,,kaikki_no_match
wfpt-10711,agregado,,,10823,,kaikki_no_match
wfpt-11089,agressiva,,,11203,,kaikki_no_match
wfpt-09508,agressivo,,,9614,,kaikki_no_match
wfpt-05728,agressão,,,5811,,kaikki_no_match
wfpt-11665,agressões,,,11786,,kaikki_no_match
wfpt-06643,agricultores,,,6732,,kaikki_no_match
wfpt-02025,agricultura,,,2079,,kaikki_no_match
wfpt-10712,agronegócio,,,10824,,kaikki_no_match
wfpt-10359,agrária,,,10470,,kaikki_no_match
wfpt-05083,agrícola,,,5162,,kaikki_no_match
wfpt-05824,agrícolas,,,5908,,kaikki_no_match
wfpt-08186,agua,,,8282,,kaikki_no_match
wfpt-08187,aguarda,,,8283,,kaikki_no_match
wfpt-07267,aguardando,,,7360,,kaikki_no_match
wfpt-08473,aguardar,,,8570,,kaikki_no_match
wfpt-09332,aguarde,,,9436,,kaikki_no_match
wfpt-10883,aguardo,,,10996,,kaikki_no_match
wfpt-11865,aguda,,,11987,,kaikki_no_match
wfpt-05620,aguenta,,,5703,,kaikki_no_match
wfpt-04534,aguentar,,,4611,,kaikki_no_match
wfpt-08188,aguento,,,8284,,kaikki_no_match
wfpt-07901,aguiar,,,7996,,kaikki_no_match
wfpt-10010,agulha,noun,,10119,игла,kaikki_pt_ru_enriched
wfpt-01261,agência,,,1302,,kaikki_no_match
wfpt-03963,agências,,,4035,,kaikki_no_match
wfpt-04978,aids,,,5057,,kaikki_no_match
wfpt-06520,air,,,6609,,kaikki_no_match
wfpt-03885,aires,,,3956,,kaikki_no_match
wfpt-00343,ajuda,noun,,360,помощь,kaikki_pt_ru_enriched
wfpt-07628,ajudado,,,7723,,kaikki_no_match
wfpt-04889,ajudam,,,4968,,kaikki_no_match
wfpt-03117,ajudando,,,3179,,kaikki_no_match
wfpt-00365,ajudar,verb,,383,помочь,kaikki_pt_ru_enriched
wfpt-07268,ajudaram,,,7361,,kaikki_no_match
wfpt-10360,ajudará,,,10471,,kaikki_no_match
wfpt-03241,ajude,,,3304,,kaikki_no_match
wfpt-04045,ajudem,,,4119,,kaikki_no_match
wfpt-11666,ajudo,,,11787,,kaikki_no_match
wfpt-02352,ajudou,,,2406,,kaikki_no_match
wfpt-03806,ajudá,,,3876,,kaikki_no_match
wfpt-09682,ajuste,,,9790,,kaikki_no_match
wfpt-09683,ajustes,,,9791,,kaikki_no_match
wfpt-06052,ala,noun,,6137,крыло,kaikki_pt_ru_enriched
wfpt-04890,alagoas,,,4969,,kaikki_no_match
wfpt-03184,alan,,,3247,,kaikki_no_match
wfpt-08614,alarme,noun,,8712,аларм,kaikki_pt_ru_enriched
wfpt-06644,albert,,,6733,,kaikki_no_match
wfpt-03469,alberto,noun,,3533,альберт,kaikki_pt_ru_enriched
wfpt-07269,album,,,7362,,kaikki_no_match
wfpt-08320,albuquerque,,,8416,,kaikki_no_match
wfpt-02553,alcance,noun,,2608,дальность,kaikki_pt_ru_enriched
wfpt-09509,alcança,,,9615,,kaikki_no_match
wfpt-07629,alcançado,,,7724,,kaikki_no_match
wfpt-02160,alcançar,verb,,2214,достичь,kaikki_pt_ru_enriched
wfpt-04979,alcançou,,,5058,,kaikki_no_match
wfpt-07630,alckmin,,,7725,,kaikki_no_match
wfpt-02246,aldeia,noun,,2300,деревня,kaikki_pt_ru_enriched
wfpt-06053,aldeias,,,6138,,kaikki_no_match
wfpt-11667,aldo,,,11788,,kaikki_no_match
wfpt-09033,alega,,,9135,,kaikki_no_match
wfpt-06280,alegando,,,6367,,kaikki_no_match
wfpt-11265,alegação,,,11382,,kaikki_no_match
wfpt-09510,alegações,,,9616,,kaikki_no_match
wfpt-07902,alegou,,,7997,,kaikki_no_match
wfpt-01472,alegre,,,1519,,kaikki_no_match
wfpt-01647,alegria,noun,,1696,радость,kaikki_pt_ru_enriched
wfpt-11668,alegrias,,,11789,,kaikki_no_match
wfpt-10011,alejandro,,,10120,,kaikki_no_match
wfpt-09684,alem,,,9792,,kaikki_no_match
wfpt-01683,alemanha,noun,,1732,германия,kaikki_pt_ru_enriched
wfpt-04891,alemã,,,4970,,kaikki_no_match
wfpt-04121,alemães,,,4196,,kaikki_no_match
wfpt-02294,alemão,noun,,2348,неме́цкий,kaikki_pt_ru_enriched
wfpt-11669,alencar,,,11790,,kaikki_no_match
wfpt-11090,alergia,noun,,11204,аллергия,kaikki_pt_ru_enriched
wfpt-02496,alerta,,,2551,,kaikki_no_match
wfpt-10884,alertar,,,10997,,kaikki_no_match
wfpt-10012,alessandro,noun,,10121,александр,kaikki_pt_ru_enriched
wfpt-02407,alex,,,2461,,kaikki_no_match
wfpt-07148,alexander,,,7239,,kaikki_no_match
wfpt-02554,alexandre,noun,,2609,александр,kaikki_pt_ru_enriched
wfpt-10013,alexandria,,,10122,,kaikki_no_match
wfpt-07270,alfa,,,7363,,kaikki_no_match
wfpt-10713,alfabetização,,,10825,,kaikki_no_match
wfpt-10531,alfabeto,noun,,10643,алфавит,kaikki_pt_ru_enriched
wfpt-10885,alfred,,,10998,,kaikki_no_match
wfpt-07761,alfredo,noun,,7856,альфред,kaikki_pt_ru_enriched
wfpt-08746,algarve,,,8846,,kaikki_no_match
wfpt-00210,algo,,,222,,kaikki_no_match
wfpt-05509,algodão,noun,,5592,вата,kaikki_pt_ru_enriched
wfpt-11266,algoritmo,noun,,11383,алгоритм,kaikki_pt_ru_enriched
wfpt-07903,alguem,,,7998,,kaikki_no_match
wfpt-00354,algum,,,371,,kaikki_no_match
wfpt-00286,alguma,,,302,,kaikki_no_match
wfpt-00214,algumas,,,226,,kaikki_no_match
wfpt-00158,alguns,,,168,,kaikki_no_match
wfpt-00140,alguém,,,150,,kaikki_no_match
wfpt-11866,alheia,,,11988,,kaikki_no_match
wfpt-08474,alho,,,8571,,kaikki_no_match
wfpt-00566,ali,,,593,,kaikki_no_match
wfpt-10014,aliada,,,10123,,kaikki_no_match
wfpt-05084,aliado,noun,,5163,союзник,kaikki_pt_ru_enriched
wfpt-03886,aliados,,,3957,,kaikki_no_match
wfpt-02757,aliança,,,2816,,kaikki_no_match
wfpt-09685,alianças,,,9793,,kaikki_no_match
wfpt-02991,alice,,,3053,,kaikki_no_match
wfpt-08189,alicia,,,8285,,kaikki_no_match
wfpt-08615,alimenta,,,8713,,kaikki_no_match
wfpt-11670,alimentam,,,11791,,kaikki_no_match
wfpt-02604,alimentar,verb,,2660,кормить,kaikki_pt_ru_enriched
wfpt-11091,alimentares,,,11205,,kaikki_no_match
wfpt-03385,alimentação,,,3449,,kaikki_no_match
wfpt-05621,alimento,noun,,5704,пища,kaikki_pt_ru_enriched
wfpt-01718,alimentos,,,1767,,kaikki_no_match
wfpt-09686,aline,,,9794,,kaikki_no_match
wfpt-09034,aliviar,,,9136,,kaikki_no_match
wfpt-02605,aliás,,,2661,,kaikki_no_match
wfpt-01947,all,,,2001,,kaikki_no_match
wfpt-10714,allan,,,10826,,kaikki_no_match
wfpt-08895,allen,,,8996,,kaikki_no_match
wfpt-01166,alma,noun,,1205,душа,kaikki_pt_ru_enriched
wfpt-04892,almas,,,4971,,kaikki_no_match
wfpt-02923,almeida,,,2984,,kaikki_no_match
wfpt-07149,almirante,,,7240,,kaikki_no_match
wfpt-06174,almoçar,,,6259,,kaikki_no_match
wfpt-01784,almoço,noun,,1835,обед,kaikki_pt_ru_enriched
wfpt-09511,alojamento,,,9617,,kaikki_no_match
wfpt-11460,alone,,,11577,,kaikki_no_match
wfpt-11267,alpha,,,11384,,kaikki_no_match
wfpt-00784,alta,,,818,,kaikki_no_match
wfpt-02862,altamente,,,2921,,kaikki_no_match
wfpt-08045,altar,noun,,8141,алтарь,kaikki_pt_ru_enriched
wfpt-02992,altas,,,3054,,kaikki_no_match
wfpt-11461,alterada,,,11578,,kaikki_no_match
wfpt-09841,alterado,,,9950,,kaikki_no_match
wfpt-05510,alterar,verb,,5593,менять,kaikki_pt_ru_enriched
wfpt-05511,alteração,noun,,5594,изменение,kaikki_pt_ru_enriched
wfpt-03386,alterações,,,3450,,kaikki_no_match
wfpt-02247,alternativa,,,2301,,kaikki_no_match
wfpt-04046,alternativas,,,4120,,kaikki_no_match
wfpt-08046,alternativo,,,8142,,kaikki_no_match
wfpt-11671,alternativos,,,11792,,kaikki_no_match
wfpt-06281,altitude,,,6368,,kaikki_no_match
wfpt-00493,alto,,,516,,kaikki_no_match
wfpt-02248,altos,,,2302,,kaikki_no_match
wfpt-00871,altura,,,905,,kaikki_no_match
wfpt-10015,alturas,,,10124,,kaikki_no_match
wfpt-09842,alugar,,,9951,,kaikki_no_match
wfpt-05191,aluguel,noun,,5271,аренда,kaikki_pt_ru_enriched
wfpt-08747,alumínio,noun,,8847,алюминий,kaikki_pt_ru_enriched
wfpt-10016,aluna,,,10125,,kaikki_no_match
wfpt-03964,aluno,noun,,4036,ученик,kaikki_pt_ru_enriched
wfpt-01003,alunos,,,1039,,kaikki_no_match
wfpt-10192,alusão,noun,,10301,упоминание,kaikki_pt_ru_enriched
wfpt-02353,alves,,,2407,,kaikki_no_match
wfpt-01337,alvo,,,1380,,kaikki_no_match
wfpt-05406,alvos,,,5489,,kaikki_no_match
wfpt-11867,always,,,11989,,kaikki_no_match
wfpt-00165,além,,,175,,kaikki_no_match
wfpt-06282,alívio,,,6369,,kaikki_no_match
wfpt-04796,alô,,,4874,,kaikki_no_match
wfpt-01407,ama,,,1454,,kaikki_no_match
wfpt-05937,amada,,,6022,,kaikki_no_match
wfpt-04291,amado,,,4367,,kaikki_no_match
wfpt-05938,amador,,,6023,,kaikki_no_match
wfpt-09035,amadora,,,9137,,kaikki_no_match
wfpt-08047,amadores,,,8143,,kaikki_no_match
wfpt-04893,amam,,,4972,,kaikki_no_match
wfpt-05939,amamos,,,6024,,kaikki_no_match
wfpt-04368,amanda,,,4444,,kaikki_no_match
wfpt-07150,amanhecer,,,7241,,kaikki_no_match
wfpt-00522,amanhã,,,548,,kaikki_no_match
wfpt-04292,amante,,,4368,,kaikki_no_match
wfpt-05729,amantes,,,5812,,kaikki_no_match
wfpt-02295,amar,verb,,2349,любить,kaikki_pt_ru_enriched
wfpt-06521,amaral,,,6610,,kaikki_no_match
wfpt-04706,amarela,,,4784,,kaikki_no_match
wfpt-03118,amarelo,,,3180,,kaikki_no_match
wfpt-11462,amargo,,,11579,,kaikki_no_match
wfpt-05407,amava,,,5490,,kaikki_no_match
wfpt-09184,amazon,,,9287,,kaikki_no_match
wfpt-04452,amazonas,,,4529,,kaikki_no_match
wfpt-04122,amazônia,,,4197,,kaikki_no_match
wfpt-10193,amazônica,,,10302,,kaikki_no_match
wfpt-02703,ambas,,,2762,,kaikki_no_match
wfpt-11868,ambicioso,,,11990,,kaikki_no_match
wfpt-03592,ambientais,,,3658,,kaikki_no_match
wfpt-01785,ambiental,,,1836,,kaikki_no_match
wfpt-00747,ambiente,,,780,,kaikki_no_match
wfpt-05825,ambientes,,,5909,,kaikki_no_match
wfpt-09687,ambição,noun,,9795,амбиция,kaikki_pt_ru_enriched
wfpt-00785,ambos,,,819,,kaikki_no_match
wfpt-11463,ambulância,,,11580,,kaikki_no_match
wfpt-09512,ame,,,9618,,kaikki_no_match
wfpt-02026,ameaça,,,2080,,kaikki_no_match
wfpt-07762,ameaçada,,,7857,,kaikki_no_match
wfpt-10532,ameaçado,,,10644,,kaikki_no_match
wfpt-11268,ameaçando,,,11385,,kaikki_no_match
wfpt-09843,ameaçar,,,9952,,kaikki_no_match
wfpt-04369,ameaças,,,4445,,kaikki_no_match
wfpt-09185,ameaçou,,,9288,,kaikki_no_match
wfpt-03807,amei,,,3877,,kaikki_no_match
wfpt-05940,america,,,6025,,kaikki_no_match
wfpt-04535,american,,,4612,,kaikki_no_match
wfpt-01069,americana,,,1106,,kaikki_no_match
wfpt-03675,americanas,,,3741,,kaikki_no_match
wfpt-00808,americano,,,842,,kaikki_no_match
wfpt-01070,americanos,,,1107,,kaikki_no_match
wfpt-01071,amiga,,,1108,,kaikki_no_match
wfpt-03056,amigas,,,3118,,kaikki_no_match
wfpt-00366,amigo,noun,,384,друг,kaikki_pt_ru_enriched
wfpt-00269,amigos,,,284,,kaikki_no_match
wfpt-08048,amigável,,,8144,,kaikki_no_match
wfpt-02161,amizade,noun,,2215,дружба,kaikki_pt_ru_enriched
wfpt-09688,amizades,,,9796,,kaikki_no_match
wfpt-00635,amo,,,663,,kaikki_no_match
wfpt-00260,amor,noun,,274,любовь,kaikki_pt_ru_enriched
wfpt-07631,amores,,,7726,,kaikki_no_match
wfpt-08321,amorim,,,8417,,kaikki_no_match
wfpt-09689,amorosa,,,9797,,kaikki_no_match
wfpt-08322,amoroso,,,8418,,kaikki_no_match
wfpt-04047,amostra,,,4121,,kaikki_no_match
wfpt-05512,amostras,,,5595,,kaikki_no_match
wfpt-09333,amou,,,9437,,kaikki_no_match
wfpt-03119,ampla,,,3181,,kaikki_no_match
wfpt-03387,amplamente,,,3451,,kaikki_no_match
wfpt-06745,ampliar,,,6834,,kaikki_no_match
wfpt-08323,ampliação,,,8419,,kaikki_no_match
wfpt-11869,amplitude,,,11991,,kaikki_no_match
wfpt-04208,amplo,,,4284,,kaikki_no_match
wfpt-05730,amy,,,5813,,kaikki_no_match
wfpt-06746,amém,,,6835,,kaikki_no_match
wfpt-00552,américa,noun,,578,америка,kaikki_pt_ru_enriched
wfpt-06882,américas,,,6972,,kaikki_no_match
wfpt-01119,ana,,,1158,,kaikki_no_match
wfpt-07498,anal,,,7592,,kaikki_no_match
wfpt-07904,analisa,,,7999,,kaikki_no_match
wfpt-09690,analisando,,,9798,,kaikki_no_match
wfpt-03749,analisar,verb,,3816,анализировать,kaikki_pt_ru_enriched
wfpt-08324,analista,noun,,8420,аналитик,kaikki_pt_ru_enriched
wfpt-09036,analistas,,,9138,,kaikki_no_match
wfpt-10533,anatomia,,,10645,,kaikki_no_match
wfpt-07271,ancestrais,,,7364,,kaikki_no_match
wfpt-11269,ancestral,,,11386,,kaikki_no_match
wfpt-00287,and,,,303,,kaikki_no_match
wfpt-01979,anda,,,2033,,kaikki_no_match
wfpt-05192,andam,,,5272,,kaikki_no_match
wfpt-04980,andamento,,,5059,,kaikki_no_match
wfpt-03057,andando,,,3119,,kaikki_no_match
wfpt-01120,andar,verb,,1159,гулять,kaikki_pt_ru_enriched
wfpt-06747,andares,,,6836,,kaikki_no_match
wfpt-08049,andava,,,8145,,kaikki_no_match
wfpt-08190,andei,,,8286,,kaikki_no_match
wfpt-05193,anderson,,,5273,,kaikki_no_match
wfpt-04797,ando,,,4875,,kaikki_no_match
wfpt-10017,andou,,,10126,,kaikki_no_match
wfpt-04123,andrade,,,4198,,kaikki_no_match
wfpt-10018,andre,,,10127,,kaikki_no_match
wfpt-06412,andrea,,,6500,,kaikki_no_match
wfpt-04798,andrew,,,4876,,kaikki_no_match
wfpt-04124,android,,,4199,,kaikki_no_match
wfpt-02118,andré,noun,,2172,андрей,kaikki_pt_ru_enriched
wfpt-06175,andy,,,6260,,kaikki_no_match
wfpt-03965,anel,,,4037,,kaikki_no_match
wfpt-10194,anexo,,,10303,,kaikki_no_match
wfpt-11464,anfitrião,noun,,11581,хозя́ин,kaikki_pt_ru_enriched
wfpt-07151,angel,,,7242,,kaikki_no_match
wfpt-07632,angela,,,7727,,kaikki_no_match
wfpt-03306,angeles,,,3369,,kaikki_no_match
wfpt-11870,angelo,,,11992,,kaikki_no_match
wfpt-10715,angra,,,10827,,kaikki_no_match
wfpt-11672,angústia,,,11793,,kaikki_no_match
wfpt-05826,animada,,,5910,,kaikki_no_match
wfpt-04707,animado,,,4785,,kaikki_no_match
wfpt-08616,animados,,,8714,,kaikki_no_match
wfpt-00946,animais,,,980,,kaikki_no_match
wfpt-01648,animal,noun,,1697,зверь,kaikki_pt_ru_enriched
wfpt-10534,animar,,,10646,,kaikki_no_match
wfpt-03307,animação,,,3370,,kaikki_no_match
wfpt-04615,anime,,,4693,,kaikki_no_match
wfpt-11871,animes,,,11993,,kaikki_no_match
wfpt-11872,anistia,noun,,11994,амнистия,kaikki_pt_ru_enriched
wfpt-11465,anita,,,11582,,kaikki_no_match
wfpt-00968,aniversário,noun,,1003,день рождения,kaikki_pt_ru_enriched
wfpt-02993,anjo,noun,,3055,ангел,kaikki_pt_ru_enriched
wfpt-03533,anjos,,,3598,,kaikki_no_match
wfpt-08748,ann,,,8848,,kaikki_no_match
wfpt-03308,anna,,,3371,,kaikki_no_match
wfpt-04981,anne,,,5060,,kaikki_no_match
wfpt-11673,annie,,,11794,,kaikki_no_match
wfpt-00093,ano,noun,,99,год,kaikki_pt_ru_enriched
wfpt-00061,anos,,,66,,kaikki_no_match
wfpt-11873,anotar,,,11995,,kaikki_no_match
wfpt-11674,anotações,,,11795,,kaikki_no_match
wfpt-04048,ansiedade,noun,,4122,тревога,kaikki_pt_ru_enriched
wfpt-07763,ansiosa,,,7858,,kaikki_no_match
wfpt-06176,ansioso,,,6261,,kaikki_no_match
wfpt-10716,ansiosos,,,10828,,kaikki_no_match
wfpt-06413,ante,,,6501,,kaikki_no_match
wfpt-10195,antecedentes,,,10304,,kaikki_no_match
wfpt-10535,antecipação,,,10647,,kaikki_no_match
wfpt-08325,antena,noun,,8421,антенна,kaikki_pt_ru_enriched
wfpt-09844,antepassados,,,9953,,kaikki_no_match
wfpt-01072,anterior,,,1109,,kaikki_no_match
wfpt-02119,anteriores,,,2173,,kaikki_no_match
wfpt-02073,anteriormente,,,2127,,kaikki_no_match
wfpt-00141,antes,,,151,,kaikki_no_match
wfpt-07499,anthony,,,7593,,kaikki_no_match
wfpt-01902,anti,,,1955,,kaikki_no_match
wfpt-01509,antiga,,,1556,,kaikki_no_match
wfpt-05731,antigamente,,,5814,,kaikki_no_match
wfpt-02863,antigas,,,2923,,kaikki_no_match
wfpt-01194,antigo,,,1233,,kaikki_no_match
wfpt-02120,antigos,,,2174,,kaikki_no_match
wfpt-11874,anton,,,11996,,kaikki_no_match
wfpt-02497,antonio,,,2552,,kaikki_no_match
wfpt-10886,antropologia,noun,,10999,антропология,kaikki_pt_ru_enriched
wfpt-03388,antónio,,,3452,,kaikki_no_match
wfpt-02498,antônio,noun,,2553,антон,kaikki_pt_ru_enriched
wfpt-09334,anuais,,,9438,,kaikki_no_match
wfpt-02296,anual,,,2350,,kaikki_no_match
wfpt-06283,anualmente,,,6370,,kaikki_no_match
wfpt-04616,anuncia,,,4694,,kaikki_no_match
wfpt-06054,anunciada,,,6139,,kaikki_no_match
wfpt-03676,anunciado,,,3742,,kaikki_no_match
wfpt-04894,anunciar,,,4973,,kaikki_no_match
wfpt-09335,anunciaram,,,9439,,kaikki_no_match
wfpt-01510,anunciou,,,1557,,kaikki_no_match
wfpt-01228,análise,noun,,1268,обзор,kaikki_pt_ru_enriched
wfpt-04708,análises,,,4786,,kaikki_no_match
wfpt-10536,anão,noun,,10648,карлик,kaikki_pt_ru_enriched
wfpt-08050,anéis,,,8146,,kaikki_no_match
wfpt-08051,anônimo,,,8147,,kaikki_no_match
wfpt-02801,anúncio,noun,,2860,анонс,kaikki_pt_ru_enriched
wfpt-05513,anúncios,,,5596,,kaikki_no_match
wfpt-02121,aonde,,,2175,,kaikki_no_match
wfpt-11675,apaga,,,11796,,kaikki_no_match
wfpt-04209,apagar,,,4285,,kaikki_no_match
wfpt-10196,apaixona,,,10305,,kaikki_no_match
wfpt-04293,apaixonada,,,4369,,kaikki_no_match
wfpt-03389,apaixonado,,,3453,,kaikki_no_match
wfpt-08191,apaixonados,,,8287,,kaikki_no_match
wfpt-08475,apaixonar,,,8572,,kaikki_no_match
wfpt-11270,apaixonei,,,11387,,kaikki_no_match
wfpt-10717,apaixonou,,,10829,,kaikki_no_match
wfpt-11676,apanha,,,11797,,kaikki_no_match
wfpt-08192,apanhado,,,8288,,kaikki_no_match
wfpt-05827,apanhar,verb,,5911,успеть,kaikki_pt_ru_enriched
wfpt-01262,aparece,,,1303,,kaikki_no_match
wfpt-03120,aparecem,,,3182,,kaikki_no_match
wfpt-07272,aparecendo,,,7365,,kaikki_no_match
wfpt-01753,aparecer,,,1804,,kaikki_no_match
wfpt-06177,apareceram,,,6262,,kaikki_no_match
wfpt-01511,apareceu,,,1558,,kaikki_no_match
wfpt-10537,aparecida,,,10649,,kaikki_no_match
wfpt-09691,aparecido,,,9799,,kaikki_no_match
wfpt-09037,aparecimento,,,9139,,kaikki_no_match
wfpt-03593,aparelho,,,3659,,kaikki_no_match
wfpt-05732,aparelhos,,,5815,,kaikki_no_match
wfpt-06284,aparente,,,6371,,kaikki_no_match
wfpt-02249,aparentemente,,,2303,,kaikki_no_match
wfpt-10361,apareça,,,10472,,kaikki_no_match
wfpt-10019,aparição,,,10128,,kaikki_no_match
wfpt-01859,apartamento,noun,,1912,квартира,kaikki_pt_ru_enriched
wfpt-07152,apartamentos,,,7243,,kaikki_no_match
wfpt-02924,aparência,noun,,2985,вид,kaikki_pt_ru_enriched
wfpt-05194,apelido,,,5274,,kaikki_no_match
wfpt-06178,apelo,noun,,6263,зов,kaikki_pt_ru_enriched
wfpt-00098,apenas,,,104,,kaikki_no_match
wfpt-07905,apertado,,,8000,,kaikki_no_match
wfpt-06748,apertar,,,6837,,kaikki_no_match
wfpt-10020,aperto,,,10129,,kaikki_no_match
wfpt-00386,apesar,,,404,,kaikki_no_match
wfpt-09692,apetite,noun,,9800,аппетит,kaikki_pt_ru_enriched
wfpt-09513,aplausos,,,9619,,kaikki_no_match
wfpt-08052,aplica,,,8148,,kaikki_no_match
wfpt-05085,aplicada,,,5164,,kaikki_no_match
wfpt-11092,aplicadas,,,11206,,kaikki_no_match
wfpt-06883,aplicado,,,6973,,kaikki_no_match
wfpt-11677,aplicados,,,11798,,kaikki_no_match
wfpt-05298,aplicar,,,5378,,kaikki_no_match
wfpt-04049,aplicativo,,,4123,,kaikki_no_match
wfpt-05299,aplicativos,,,5379,,kaikki_no_match
wfpt-02650,aplicação,,,2706,,kaikki_no_match
wfpt-04125,aplicações,,,4200,,kaikki_no_match
wfpt-07633,apocalipse,noun,,7728,апокали́псис,kaikki_pt_ru_enriched
wfpt-05408,apoia,,,5491,,kaikki_no_match
wfpt-10887,apoiada,,,11000,,kaikki_no_match
wfpt-06884,apoiado,,,6974,,kaikki_no_match
wfpt-11875,apoiadores,,,11997,,kaikki_no_match
wfpt-10197,apoiam,,,10306,,kaikki_no_match
wfpt-07273,apoiando,,,7366,,kaikki_no_match
wfpt-02606,apoiar,,,2662,,kaikki_no_match
wfpt-00494,apoio,,,517,,kaikki_no_match
wfpt-07634,apoiou,,,7729,,kaikki_no_match
wfpt-03887,aponta,,,3958,,kaikki_no_match
wfpt-08476,apontado,,,8573,,kaikki_no_match
wfpt-06285,apontam,,,6372,,kaikki_no_match
wfpt-09038,apontando,,,9140,,kaikki_no_match
wfpt-05733,apontar,,,5816,,kaikki_no_match
wfpt-06885,apontou,,,6975,,kaikki_no_match
wfpt-08749,aposentado,,,8849,,kaikki_no_match
wfpt-06414,aposentadoria,,,6502,,kaikki_no_match
wfpt-10538,aposentar,,,10650,,kaikki_no_match
wfpt-04294,aposta,,,4370,,kaikki_no_match
wfpt-06886,apostar,,,6976,,kaikki_no_match
wfpt-07635,apostas,,,7730,,kaikki_no_match
wfpt-05734,aposto,,,5817,,kaikki_no_match
wfpt-04617,app,,,4695,,kaikki_no_match
wfpt-04210,apple,,,4286,,kaikki_no_match
wfpt-07153,apreciar,,,7244,,kaikki_no_match
wfpt-10198,apreensão,,,10307,,kaikki_no_match
wfpt-05622,aprenda,,,5705,,kaikki_no_match
wfpt-05623,aprende,,,5706,,kaikki_no_match
wfpt-11093,aprendem,,,11207,,kaikki_no_match
wfpt-09186,aprendemos,,,9289,,kaikki_no_match
wfpt-05514,aprendendo,,,5597,,kaikki_no_match
wfpt-00947,aprender,,,981,,kaikki_no_match
wfpt-04295,aprendeu,,,4371,,kaikki_no_match
wfpt-03121,aprendi,,,3183,,kaikki_no_match
wfpt-10021,aprendiz,noun,,10130,ученик,kaikki_pt_ru_enriched
wfpt-05195,aprendizado,,,5275,,kaikki_no_match
wfpt-05409,aprendizagem,,,5492,,kaikki_no_match
wfpt-00989,apresenta,,,1025,,kaikki_no_match
wfpt-04126,apresentada,,,4201,,kaikki_no_match
wfpt-05735,apresentadas,,,5818,,kaikki_no_match
wfpt-02250,apresentado,,,2304,,kaikki_no_match
wfpt-05410,apresentador,,,5493,,kaikki_no_match
wfpt-08193,apresentadora,,,8289,,kaikki_no_match
wfpt-05941,apresentados,,,6026,,kaikki_no_match
wfpt-02925,apresentam,,,2986,,kaikki_no_match
wfpt-03594,apresentando,,,3660,,kaikki_no_match
wfpt-01374,apresentar,,,1419,,kaikki_no_match
wfpt-06286,apresentaram,,,6373,,kaikki_no_match
wfpt-10539,apresentava,,,10651,,kaikki_no_match
wfpt-01649,apresentação,noun,,1698,подача,kaikki_pt_ru_enriched
wfpt-03808,apresentações,,,3878,,kaikki_no_match
wfpt-11094,apresente,,,11208,,kaikki_no_match
wfpt-11271,apresento,,,11388,,kaikki_no_match
wfpt-01948,apresentou,,,2002,,kaikki_no_match
wfpt-11095,april,,,11209,,kaikki_no_match
wfpt-10888,aprofundar,,,11001,,kaikki_no_match
wfpt-10022,apropriada,,,10131,,kaikki_no_match
wfpt-06055,apropriado,,,6140,,kaikki_no_match
wfpt-07765,aprova,,,7860,,kaikki_no_match
wfpt-04050,aprovada,,,4124,,kaikki_no_match
wfpt-02926,aprovado,,,2987,,kaikki_no_match
wfpt-07906,aprovar,,,8001,,kaikki_no_match
wfpt-02297,aprovação,,,2351,,kaikki_no_match
wfpt-07401,aproveita,,,7494,,kaikki_no_match
wfpt-11466,aproveitamento,,,11583,,kaikki_no_match
wfpt-06056,aproveitando,,,6141,,kaikki_no_match
wfpt-02354,aproveitar,verb,,2408,иметь выгоду,kaikki_pt_ru_enriched
wfpt-05086,aproveite,,,5165,,kaikki_no_match
wfpt-09845,aproveitou,,,9954,,kaikki_no_match
wfpt-05196,aprovou,,,5276,,kaikki_no_match
wfpt-05087,aproxima,,,5166,,kaikki_no_match
wfpt-01473,aproximadamente,,,1520,,kaikki_no_match
wfpt-08477,aproximando,,,8574,,kaikki_no_match
wfpt-05300,aproximar,verb,,5380,оценивать,kaikki_pt_ru_enriched
wfpt-05942,aproximação,,,6027,,kaikki_no_match
wfpt-11272,aproximou,,,11389,,kaikki_no_match
wfpt-11273,apurar,,,11390,,kaikki_no_match
wfpt-08617,apuração,,,8715,,kaikki_no_match
wfpt-11467,aquecer,,,11584,,kaikki_no_match
wfpt-04709,aquecimento,noun,,4787,oтопление,kaikki_pt_ru_enriched
wfpt-00058,aqui,,,63,,kaikki_no_match
wfpt-05301,aquisição,noun,,5381,приобретение,kaikki_pt_ru_enriched
wfpt-10199,aquário,noun,,10308,аквариум,kaikki_pt_ru_enriched
wfpt-04370,aranha,noun,,4446,паук,kaikki_pt_ru_enriched
wfpt-03309,araújo,,,3372,,kaikki_no_match
wfpt-07766,arbitragem,,,7861,,kaikki_no_match
wfpt-10023,arca,,,10132,,kaikki_no_match
wfpt-04211,arco,noun,,4287,лук,kaikki_pt_ru_enriched
wfpt-03966,are,noun,,4038,ар,kaikki_pt_ru_enriched
wfpt-08896,area,,,8997,,kaikki_no_match
wfpt-02927,areia,noun,,2988,песок,kaikki_pt_ru_enriched
wfpt-03058,arena,,,3120,,kaikki_no_match
wfpt-10200,ares,noun,,10309,арес,kaikki_pt_ru_enriched
wfpt-01229,argentina,noun,,1269,аргентина,kaikki_pt_ru_enriched
wfpt-04799,argentino,,,4877,,kaikki_no_match
wfpt-10362,argentinos,,,10473,,kaikki_no_match
wfpt-10024,argumenta,,,10133,,kaikki_no_match
wfpt-03310,argumento,noun,,3373,аргумент,kaikki_pt_ru_enriched
wfpt-04371,argumentos,,,4447,,kaikki_no_match
wfpt-10540,argumentou,,,10652,,kaikki_no_match
wfpt-07636,argélia,noun,,7731,алжир,kaikki_pt_ru_enriched
wfpt-11678,ari,,,11799,,kaikki_no_match
wfpt-09336,arizona,,,9440,,kaikki_no_match
wfpt-01860,arma,noun,,1913,оружие,kaikki_pt_ru_enriched
wfpt-04895,armada,,,4974,,kaikki_no_match
wfpt-03809,armadas,,,3879,,kaikki_no_match
wfpt-10889,armadilha,,,11002,,kaikki_no_match
wfpt-04982,armado,,,5061,,kaikki_no_match
wfpt-05736,armados,,,5819,,kaikki_no_match
wfpt-09337,armadura,noun,,9441,броня,kaikki_pt_ru_enriched
wfpt-10201,armamento,noun,,10310,вооружения,kaikki_pt_ru_enriched
wfpt-05943,armando,,,6028,,kaikki_no_match
wfpt-00872,armas,,,906,,kaikki_no_match
wfpt-06522,armazenamento,noun,,6611,откладывание,kaikki_pt_ru_enriched
wfpt-10541,armazém,,,10653,,kaikki_no_match
wfpt-07500,army,,,7594,,kaikki_no_match
wfpt-06523,armário,,,6612,,kaikki_no_match
wfpt-08053,armênia,,,8149,,kaikki_no_match
wfpt-09514,arquipélago,noun,,9620,архипелаг,kaikki_pt_ru_enriched
wfpt-11679,arquitectura,,,11800,,kaikki_no_match
wfpt-06524,arquiteto,noun,,6613,архитектор,kaikki_pt_ru_enriched
wfpt-02802,arquitetura,noun,,2861,архитектура,kaikki_pt_ru_enriched
wfpt-02122,arquivo,,,2176,,kaikki_no_match
wfpt-01903,arquivos,,,1956,,kaikki_no_match
wfpt-11680,arranca,,,11801,,kaikki_no_match
wfpt-08326,arrancar,,,8422,,kaikki_no_match
wfpt-06415,arranjar,,,6503,,kaikki_no_match
wfpt-07907,arranjo,,,8002,,kaikki_no_match
wfpt-11274,arranjos,,,11391,,kaikki_no_match
wfpt-11275,arrecadar,,,11392,,kaikki_no_match
wfpt-06887,arrecadação,,,6977,,kaikki_no_match
wfpt-05944,arredores,,,6029,,kaikki_no_match
wfpt-07402,arrepender,,,7495,,kaikki_no_match
wfpt-10363,arrependimento,,,10474,,kaikki_no_match
wfpt-07154,arriscar,,,7245,,kaikki_no_match
wfpt-10025,arrogante,,,10134,,kaikki_no_match
wfpt-10364,arrogância,,,10475,,kaikki_no_match
wfpt-02928,arroz,noun,,2989,рис,kaikki_pt_ru_enriched
wfpt-08327,arruda,,,8423,,kaikki_no_match
wfpt-03810,arrumar,,,3880,,kaikki_no_match
wfpt-08897,arsenal,,,8998,,kaikki_no_match
wfpt-02499,art,,,2554,,kaikki_no_match
wfpt-00654,arte,noun,,682,искусство,kaikki_pt_ru_enriched
wfpt-01980,artes,,,2034,,kaikki_no_match
wfpt-08898,artesanato,,,8999,,kaikki_no_match
wfpt-02555,arthur,,,2610,,kaikki_no_match
wfpt-07403,articulação,noun,,7496,сустав,kaikki_pt_ru_enriched
wfpt-05945,artificial,,,6030,,kaikki_no_match
wfpt-00655,artigo,noun,,683,артикль,kaikki_pt_ru_enriched
wfpt-01512,artigos,,,1559,,kaikki_no_match
wfpt-11468,artilheiro,noun,,11585,артиллерист,kaikki_pt_ru_enriched
wfpt-01408,artista,noun,,1455,артист,kaikki_pt_ru_enriched
wfpt-01167,artistas,,,1206,,kaikki_no_match
wfpt-10890,arts,,,11003,,kaikki_no_match
wfpt-10891,artur,,,11004,,kaikki_no_match
wfpt-05302,artística,,,5382,,kaikki_no_match
wfpt-07908,artísticas,,,8003,,kaikki_no_match
wfpt-04983,artístico,,,5062,,kaikki_no_match
wfpt-11681,artísticos,,,11802,,kaikki_no_match
wfpt-06749,arábia,,,6838,,kaikki_no_match
wfpt-07014,asa,noun,,7104,крыло,kaikki_pt_ru_enriched
wfpt-04618,asas,,,4696,,kaikki_no_match
wfpt-05515,ascensão,,,5598,,kaikki_no_match
wfpt-11276,asfalto,noun,,11393,асфальт,kaikki_pt_ru_enriched
wfpt-11682,ash,,,11803,,kaikki_no_match
wfpt-10542,ashley,,,10654,,kaikki_no_match
wfpt-08899,asilo,,,9000,,kaikki_no_match
wfpt-06888,asiático,,,6978,,kaikki_no_match
wfpt-11096,ask,,,11211,,kaikki_no_match
wfpt-02994,aspecto,,,3056,,kaikki_no_match
wfpt-02251,aspectos,,,2305,,kaikki_no_match
wfpt-04296,assalto,,,4372,,kaikki_no_match
wfpt-10892,assaltos,,,11005,,kaikki_no_match
wfpt-09039,assassinada,,,9141,,kaikki_no_match
wfpt-04051,assassinado,,,4125,,kaikki_no_match
wfpt-10202,assassinados,,,10311,,kaikki_no_match
wfpt-11469,assassinar,,,11586,,kaikki_no_match
wfpt-01754,assassinato,,,1805,,kaikki_no_match
wfpt-05411,assassinatos,,,5494,,kaikki_no_match
wfpt-04536,assassino,noun,,4613,убийца,kaikki_pt_ru_enriched
wfpt-05088,assassinos,,,5167,,kaikki_no_match
wfpt-03750,assegurar,,,3817,,kaikki_no_match
wfpt-01755,assembleia,,,1806,,kaikki_no_match
wfpt-06645,assembléia,,,6734,,kaikki_no_match
wfpt-10026,assentamento,,,10135,,kaikki_no_match
wfpt-07404,assento,,,7497,,kaikki_no_match
wfpt-08054,assentos,,,8150,,kaikki_no_match
wfpt-07767,assessor,,,7862,,kaikki_no_match
wfpt-08750,assessoria,,,8850,,kaikki_no_match
wfpt-00070,assim,,,75,,kaikki_no_match
wfpt-09693,assina,,,9801,,kaikki_no_match
wfpt-07501,assinada,,,7595,,kaikki_no_match
wfpt-03595,assinado,,,3661,,kaikki_no_match
wfpt-03888,assinar,verb,,3959,подписаться,kaikki_pt_ru_enriched
wfpt-10365,assinaram,,,10476,,kaikki_no_match
wfpt-03122,assinatura,,,3184,,kaikki_no_match
wfpt-09040,assinaturas,,,9142,,kaikki_no_match
wfpt-09041,assine,,,9143,,kaikki_no_match
wfpt-05197,assinou,,,5277,,kaikki_no_match
wfpt-06525,assis,,,6614,,kaikki_no_match
wfpt-05089,assista,,,5168,,kaikki_no_match
wfpt-08751,assiste,,,8851,,kaikki_no_match
wfpt-02864,assistente,,,2924,,kaikki_no_match
wfpt-09846,assistentes,,,9955,,kaikki_no_match
wfpt-07768,assisti,,,7863,,kaikki_no_match
wfpt-10543,assistido,,,10655,,kaikki_no_match
wfpt-04619,assistindo,,,4697,,kaikki_no_match
wfpt-01409,assistir,,,1456,,kaikki_no_match
wfpt-08194,assistiu,,,8290,,kaikki_no_match
wfpt-02451,assistência,,,2505,,kaikki_no_match
wfpt-05946,associada,,,6031,,kaikki_no_match
wfpt-06750,associadas,,,6839,,kaikki_no_match
wfpt-04127,associado,,,4202,,kaikki_no_match
wfpt-04212,associados,,,4288,,kaikki_no_match
wfpt-11470,association,,,11587,,kaikki_no_match
wfpt-00764,associação,,,798,,kaikki_no_match
wfpt-03967,associações,,,4039,,kaikki_no_match
wfpt-03677,assume,,,3743,,kaikki_no_match
wfpt-10544,assumido,,,10656,,kaikki_no_match
wfpt-08328,assumindo,,,8424,,kaikki_no_match
wfpt-02298,assumir,,,2352,,kaikki_no_match
wfpt-04128,assumiu,,,4203,,kaikki_no_match
wfpt-00637,assunto,,,665,,kaikki_no_match
wfpt-01684,assuntos,,,1733,,kaikki_no_match
wfpt-09338,assunção,,,9442,,kaikki_no_match
wfpt-07502,assusta,,,7596,,kaikki_no_match
wfpt-10893,assustada,,,11006,,kaikki_no_match
wfpt-06889,assustador,,,6979,,kaikki_no_match
wfpt-11277,assustar,,,11394,,kaikki_no_match
wfpt-08055,assédio,,,8151,,kaikki_no_match
wfpt-10027,astro,,,10136,,kaikki_no_match
wfpt-08618,ata,,,8716,,kaikki_no_match
wfpt-06057,ataca,,,6142,,kaikki_no_match
wfpt-09515,atacada,,,9621,,kaikki_no_match
wfpt-04984,atacado,noun,,5063,опт,kaikki_pt_ru_enriched
wfpt-11097,atacados,,,11212,,kaikki_no_match
wfpt-07637,atacando,,,7732,,kaikki_no_match
wfpt-04800,atacante,,,4878,,kaikki_no_match
wfpt-02759,atacar,,,2818,,kaikki_no_match
wfpt-08195,atacaram,,,8291,,kaikki_no_match
wfpt-05624,atacou,,,5707,,kaikki_no_match
wfpt-00809,ataque,,,843,,kaikki_no_match
wfpt-01981,ataques,,,2035,,kaikki_no_match
wfpt-04896,ate,,,4975,,kaikki_no_match
wfpt-06890,atenas,,,6980,,kaikki_no_match
wfpt-04710,atende,,,4788,,kaikki_no_match
wfpt-10545,atendendo,,,10657,,kaikki_no_match
wfpt-02556,atender,,,2611,,kaikki_no_match
wfpt-09847,atendeu,,,9956,,kaikki_no_match
wfpt-03751,atendimento,,,3818,,kaikki_no_match
wfpt-06891,atentado,,,6981,,kaikki_no_match
wfpt-07769,atento,,,7864,,kaikki_no_match
wfpt-08900,atentos,,,9001,,kaikki_no_match
wfpt-00371,atenção,,,389,,kaikki_no_match
wfpt-04453,atinge,,,4530,,kaikki_no_match
wfpt-11471,atingem,,,11588,,kaikki_no_match
wfpt-09187,atingida,,,9290,,kaikki_no_match
wfpt-03889,atingido,,,3960,,kaikki_no_match
wfpt-11278,atingidos,,,11395,,kaikki_no_match
wfpt-07909,atingindo,,,8004,,kaikki_no_match
wfpt-02500,atingir,,,2555,,kaikki_no_match
wfpt-09848,atingiram,,,9957,,kaikki_no_match
wfpt-03242,atingiu,,,3305,,kaikki_no_match
wfpt-11683,atirando,,,11804,,kaikki_no_match
wfpt-06179,atirar,verb,,6264,стрелять,kaikki_pt_ru_enriched
wfpt-11876,atirou,,,11998,,kaikki_no_match
wfpt-01904,atitude,noun,,1957,установка,kaikki_pt_ru_enriched
wfpt-03243,atitudes,,,3306,,kaikki_no_match
wfpt-03390,ativa,,,3454,,kaikki_no_match
wfpt-08478,ativamente,,,8575,,kaikki_no_match
wfpt-10203,ativar,verb,,10312,активизировать,kaikki_pt_ru_enriched
wfpt-11877,ativas,,,11999,,kaikki_no_match
wfpt-01411,atividade,noun,,1458,активность,kaikki_pt_ru_enriched
wfpt-00894,atividades,,,928,,kaikki_no_match
wfpt-08329,ativista,noun,,8425,активист,kaikki_pt_ru_enriched
wfpt-08901,ativistas,,,9002,,kaikki_no_match
wfpt-03811,ativo,,,3881,,kaikki_no_match
wfpt-04297,ativos,,,4373,,kaikki_no_match
wfpt-10204,atlanta,,,10313,,kaikki_no_match
wfpt-06892,atlas,,,6982,,kaikki_no_match
wfpt-03752,atleta,,,3819,,kaikki_no_match
wfpt-02557,atletas,,,2612,,kaikki_no_match
wfpt-07910,atletismo,,,8005,,kaikki_no_match
wfpt-09042,atlântica,,,9144,,kaikki_no_match
wfpt-06287,atlântico,,,6374,,kaikki_no_match
wfpt-03678,atlético,,,3744,,kaikki_no_match
wfpt-04129,atmosfera,noun,,4204,атмосфера,kaikki_pt_ru_enriched
wfpt-01284,ato,,,1326,,kaikki_no_match
wfpt-02501,ator,noun,,2556,актёр,kaikki_pt_ru_enriched
wfpt-03185,atores,,,3248,,kaikki_no_match
wfpt-02162,atos,,,2216,,kaikki_no_match
wfpt-07503,atraente,,,7597,,kaikki_no_match
wfpt-07155,atrai,,,7246,,kaikki_no_match
wfpt-04130,atrair,,,4205,,kaikki_no_match
wfpt-08752,atraiu,,,8852,,kaikki_no_match
wfpt-08753,atrapalhar,,,8853,,kaikki_no_match
wfpt-06646,atrasada,,,6735,,kaikki_no_match
wfpt-05737,atrasado,,,5820,,kaikki_no_match
wfpt-11878,atrasados,,,12000,,kaikki_no_match
wfpt-10028,atrasar,,,10137,,kaikki_no_match
wfpt-04131,atraso,,,4206,,kaikki_no_match
wfpt-10718,atrasos,,,10830,,kaikki_no_match
wfpt-07638,atravessa,,,7733,,kaikki_no_match
wfpt-11879,atravessando,,,12001,,kaikki_no_match
wfpt-05828,atravessar,,,5912,,kaikki_no_match
wfpt-00225,através,,,237,,kaikki_no_match
wfpt-04801,atração,noun,,4879,достопримечательность,kaikki_pt_ru_enriched
wfpt-06416,atrações,,,6504,,kaikki_no_match
wfpt-11472,atraído,,,11589,,kaikki_no_match
wfpt-07156,atribuição,,,7247,,kaikki_no_match
wfpt-11098,atributos,,,11213,,kaikki_no_match
wfpt-10719,atribuída,,,10831,,kaikki_no_match
wfpt-09339,atribuído,,,9443,,kaikki_no_match
wfpt-02452,atriz,noun,,2506,актриса,kaikki_pt_ru_enriched
wfpt-00421,atrás,,,441,,kaikki_no_match
wfpt-03244,atua,,,3307,,kaikki_no_match
wfpt-02163,atuais,,,2217,,kaikki_no_match
wfpt-00665,atual,,,694,,kaikki_no_match
wfpt-06647,atualidade,noun,,6736,актуальность,kaikki_pt_ru_enriched
wfpt-08902,atualizada,,,9003,,kaikki_no_match
wfpt-04985,atualizado,,,5064,,kaikki_no_match
wfpt-06893,atualizar,,,6983,,kaikki_no_match
wfpt-02408,atualização,,,2462,,kaikki_no_match
wfpt-06526,atualizações,,,6615,,kaikki_no_match
wfpt-00810,atualmente,,,844,,kaikki_no_match
wfpt-07911,atuam,,,8006,,kaikki_no_match
wfpt-05412,atuando,,,5495,,kaikki_no_match
wfpt-04132,atuar,,,4207,,kaikki_no_match
wfpt-02164,atuação,,,2218,,kaikki_no_match
wfpt-10894,atuações,,,11007,,kaikki_no_match
wfpt-08619,atuou,,,8717,,kaikki_no_match
wfpt-10029,audio,,,10138,,kaikki_no_match
wfpt-09340,audiovisual,,,9444,,kaikki_no_match
wfpt-08196,auditoria,noun,,8292,аудит,kaikki_pt_ru_enriched
wfpt-09188,auditório,,,9291,,kaikki_no_match
wfpt-07770,audição,,,7865,,kaikki_no_match
wfpt-01949,audiência,,,2003,,kaikki_no_match
wfpt-08330,audiências,,,8426,,kaikki_no_match
wfpt-07771,auge,,,7866,,kaikki_no_match
wfpt-10720,august,,,10832,,kaikki_no_match
wfpt-04213,augusto,,,4289,,kaikki_no_match
wfpt-01147,aula,,,1186,,kaikki_no_match
wfpt-01375,aulas,,,1420,,kaikki_no_match
wfpt-02929,aumenta,,,2990,,kaikki_no_match
wfpt-09516,aumentado,,,9622,,kaikki_no_match
wfpt-08754,aumentam,,,8854,,kaikki_no_match
wfpt-04133,aumentando,,,4208,,kaikki_no_match
wfpt-01513,aumentar,,,1560,,kaikki_no_match
wfpt-10366,aumentaram,,,10477,,kaikki_no_match
wfpt-00895,aumento,,,929,,kaikki_no_match
wfpt-03968,aumentou,,,4040,,kaikki_no_match
wfpt-08331,aurora,,,8427,,kaikki_no_match
wfpt-09517,aurélio,noun,,9623,аврелий,kaikki_pt_ru_enriched
wfpt-08903,ausente,,,9004,,kaikki_no_match
wfpt-07405,austin,,,7498,,kaikki_no_match
wfpt-11279,australiana,,,11396,,kaikki_no_match
wfpt-08332,australiano,,,8428,,kaikki_no_match
wfpt-02704,austrália,noun,,2763,австралия,kaikki_pt_ru_enriched
wfpt-02299,ausência,noun,,2353,отсутствие,kaikki_pt_ru_enriched
wfpt-01376,auto,,,1421,,kaikki_no_match
wfpt-10721,autoestima,,,10833,,kaikki_no_match
wfpt-05303,automaticamente,,,5383,,kaikki_no_match
wfpt-09341,automática,,,9445,,kaikki_no_match
wfpt-08056,automático,,,8152,,kaikki_no_match
wfpt-06180,automóveis,,,6265,,kaikki_no_match
wfpt-06894,automóvel,noun,,6984,машина,kaikki_pt_ru_enriched
wfpt-03969,autonomia,noun,,4041,автономия,kaikki_pt_ru_enriched
wfpt-00811,autor,,,845,,kaikki_no_match
wfpt-03245,autora,,,3308,,kaikki_no_match
wfpt-06895,autorais,,,6985,,kaikki_no_match
wfpt-01685,autores,,,1734,,kaikki_no_match
wfpt-03534,autoria,,,3599,,kaikki_no_match
wfpt-01650,autoridade,noun,,1699,авторитет,kaikki_pt_ru_enriched
wfpt-01822,autoridades,,,1874,,kaikki_no_match
wfpt-11473,autoriza,,,11590,,kaikki_no_match
wfpt-07912,autorizada,,,8007,,kaikki_no_match
wfpt-06181,autorizado,,,6266,,kaikki_no_match
wfpt-09518,autorizados,,,9624,,kaikki_no_match
wfpt-02409,autorização,,,2463,,kaikki_no_match
wfpt-10205,autorizou,,,10314,,kaikki_no_match
wfpt-11684,autêntico,,,11805,,kaikki_no_match
wfpt-11280,autônomo,,,11397,,kaikki_no_match
wfpt-04214,auxiliar,,,4290,,kaikki_no_match
wfpt-11685,auxiliares,,,11806,,kaikki_no_match
wfpt-03890,auxílio,,,3961,,kaikki_no_match
wfpt-11686,ava,,,11807,,kaikki_no_match
wfpt-10895,avalia,,,11008,,kaikki_no_match
wfpt-03470,avaliar,,,3534,,kaikki_no_match
wfpt-02865,avaliação,,,2925,,kaikki_no_match
wfpt-08620,avaliações,,,8718,,kaikki_no_match
wfpt-09189,avança,,,9292,,kaikki_no_match
wfpt-07157,avançada,,,7248,,kaikki_no_match
wfpt-07504,avançado,,,7598,,kaikki_no_match
wfpt-11687,avançados,,,11808,,kaikki_no_match
wfpt-11688,avançando,,,11809,,kaikki_no_match
wfpt-04215,avançar,verb,,4291,продолжать,kaikki_pt_ru_enriched
wfpt-03535,avanço,,,3600,,kaikki_no_match
wfpt-05739,avanços,,,5822,,kaikki_no_match
wfpt-09694,avançou,,,9802,,kaikki_no_match
wfpt-09190,avatar,,,9293,,kaikki_no_match
wfpt-05625,ave,,,5708,,kaikki_no_match
wfpt-10546,aveiro,,,10658,,kaikki_no_match
wfpt-01823,avenida,,,1875,,kaikki_no_match
wfpt-10206,avenidas,,,10315,,kaikki_no_match
wfpt-03059,aventura,noun,,3121,приключение,kaikki_pt_ru_enriched
wfpt-05626,aventuras,,,5709,,kaikki_no_match
wfpt-05198,aves,,,5278,,kaikki_no_match
wfpt-08904,aviação,noun,,9005,авиация,kaikki_pt_ru_enriched
wfpt-07158,avisa,,,7249,,kaikki_no_match
wfpt-10896,avisando,,,11009,,kaikki_no_match
wfpt-03596,avisar,,,3662,,kaikki_no_match
wfpt-11099,avisei,,,11214,,kaikki_no_match
wfpt-02300,aviso,noun,,2354,предупреждение,kaikki_pt_ru_enriched
wfpt-09849,avisos,,,9958,,kaikki_no_match
wfpt-09342,avisou,,,9446,,kaikki_no_match
wfpt-02208,avião,noun,,2262,самолёт,kaikki_pt_ru_enriched
wfpt-03597,aviões,,,3663,,kaikki_no_match
wfpt-03186,avó,noun,,3249,бабушка,kaikki_pt_ru_enriched
wfpt-06896,avós,,,6986,,kaikki_no_match
wfpt-03891,avô,noun,,3962,дед,kaikki_pt_ru_enriched
wfpt-10897,award,,,11010,,kaikki_no_match
wfpt-06289,awards,,,6376,,kaikki_no_match
wfpt-08333,away,,,8429,,kaikki_no_match
wfpt-06751,azar,noun,,6840,невезение,kaikki_pt_ru_enriched
wfpt-11689,azeite,noun,,11810,оливковое масло,kaikki_pt_ru_enriched
wfpt-09850,azerbaijão,noun,,9959,азербайджан,kaikki_pt_ru_enriched
wfpt-07159,azevedo,,,7250,,kaikki_no_match
wfpt-05740,azuis,,,5823,,kaikki_no_match
wfpt-01099,azul,,,1136,,kaikki_no_match
wfpt-04134,aço,noun,,4209,сталь,kaikki_pt_ru_enriched
wfpt-10547,açores,,,10659,,kaikki_no_match
wfpt-00567,ação,noun,,594,акция,kaikki_pt_ru_enriched
wfpt-00873,ações,,,907,,kaikki_no_match
wfpt-02502,açúcar,noun,,2557,сахар,kaikki_pt_ru_enriched
wfpt-09343,aécio,,,9447,,kaikki_no_match
wfpt-03123,aérea,,,3185,,kaikki_no_match
wfpt-05516,aéreas,,,5599,,kaikki_no_match
wfpt-04620,aéreo,,,4698,,kaikki_no_match
wfpt-10207,aéreos,,,10316,,kaikki_no_match
wfpt-06417,babaca,,,6505,,kaikki_no_match
wfpt-03060,baby,,,3122,,kaikki_no_match
wfpt-05517,bacana,,,5600,,kaikki_no_match
wfpt-05741,bacia,,,5824,,kaikki_no_match
wfpt-03970,back,,,4042,,kaikki_no_match
wfpt-07505,bacon,,,7599,,kaikki_no_match
wfpt-08334,bactérias,,,8430,,kaikki_no_match
wfpt-04621,bad,,,4699,,kaikki_no_match
wfpt-08197,bagagem,noun,,8293,багаж,kaikki_pt_ru_enriched
wfpt-05742,bagunça,noun,,5825,беспорядок,kaikki_pt_ru_enriched
wfpt-01377,bahia,,,1422,,kaikki_no_match
wfpt-10208,baiana,,,10317,,kaikki_no_match
wfpt-07506,baiano,,,7600,,kaikki_no_match
wfpt-03598,baile,noun,,3664,танец,kaikki_pt_ru_enriched
wfpt-00849,bairro,noun,,883,квартал,kaikki_pt_ru_enriched
wfpt-02760,bairros,,,2819,,kaikki_no_match
wfpt-01310,baixa,,,1352,,kaikki_no_match
wfpt-10722,baixada,,,10834,,kaikki_no_match
wfpt-02607,baixar,,,2663,,kaikki_no_match
wfpt-05199,baixas,,,5279,,kaikki_no_match
wfpt-06648,baixe,,,6737,,kaikki_no_match
wfpt-00597,baixo,,,625,,kaikki_no_match
wfpt-03187,baixos,,,3250,,kaikki_no_match
wfpt-10723,baker,,,10835,,kaikki_no_match
wfpt-03311,bala,,,3374,,kaikki_no_match
wfpt-07913,balada,,,8008,,kaikki_no_match
wfpt-08905,balança,noun,,9006,весы,kaikki_pt_ru_enriched
wfpt-06897,balanço,noun,,6987,баланс,kaikki_pt_ru_enriched
wfpt-04537,balas,,,4614,,kaikki_no_match
wfpt-10898,balcão,,,11011,,kaikki_no_match
wfpt-08335,balde,noun,,8431,ведро,kaikki_pt_ru_enriched
wfpt-08336,baleado,,,8432,,kaikki_no_match
wfpt-08906,baleia,noun,,9007,кит,kaikki_pt_ru_enriched
wfpt-08755,ball,,,8855,,kaikki_no_match
wfpt-07507,balão,,,7601,,kaikki_no_match
wfpt-10899,balões,,,11012,,kaikki_no_match
wfpt-05743,banana,noun,,5826,банан,kaikki_pt_ru_enriched
wfpt-09344,banca,noun,,9448,лоток,kaikki_pt_ru_enriched
wfpt-05947,bancada,,,6032,,kaikki_no_match
wfpt-00787,banco,noun,,821,банк,kaikki_pt_ru_enriched
wfpt-02503,bancos,,,2558,,kaikki_no_match
wfpt-09191,bancária,,,9294,,kaikki_no_match
wfpt-09043,bancário,,,9145,,kaikki_no_match
wfpt-06058,band,,,6143,,kaikki_no_match
wfpt-00874,banda,,,908,,kaikki_no_match
wfpt-03971,bandas,,,4043,,kaikki_no_match
wfpt-02074,bandeira,noun,,2128,флаг,kaikki_pt_ru_enriched
wfpt-09851,bandeirantes,,,9960,,kaikki_no_match
wfpt-06418,bandeiras,,,6506,,kaikki_no_match
wfpt-06059,bandido,,,6144,,kaikki_no_match
wfpt-04372,bandidos,,,4448,,kaikki_no_match
wfpt-04136,bando,,,4211,,kaikki_no_match
wfpt-06752,bang,,,6841,,kaikki_no_match
wfpt-11880,bangladesh,noun,,12002,бангладеш,kaikki_pt_ru_enriched
wfpt-09192,banheira,noun,,9295,ванна,kaikki_pt_ru_enriched
wfpt-01686,banheiro,,,1735,,kaikki_no_match
wfpt-01338,banho,,,1381,,kaikki_no_match
wfpt-09695,bank,,,9803,,kaikki_no_match
wfpt-08621,banner,,,8719,,kaikki_no_match
wfpt-02027,bar,,,2081,,kaikki_no_match
wfpt-05090,barata,noun,,5169,таракан,kaikki_pt_ru_enriched
wfpt-08756,baratas,,,8856,,kaikki_no_match
wfpt-03753,barato,,,3820,,kaikki_no_match
wfpt-11690,baratos,,,11811,,kaikki_no_match
wfpt-05304,barba,noun,,5384,борода,kaikki_pt_ru_enriched
wfpt-05518,barbara,,,5601,,kaikki_no_match
wfpt-10030,barbie,,,10139,,kaikki_no_match
wfpt-03536,barbosa,,,3601,,kaikki_no_match
wfpt-03391,barcelona,,,3455,,kaikki_no_match
wfpt-03679,barco,noun,,3745,лодка,kaikki_pt_ru_enriched
wfpt-05091,barcos,,,5170,,kaikki_no_match
wfpt-06649,bares,,,6738,,kaikki_no_match
wfpt-02301,barra,,,2355,,kaikki_no_match
wfpt-10724,barraca,,,10836,,kaikki_no_match
wfpt-07160,barragem,,,7251,,kaikki_no_match
wfpt-07015,barras,,,7105,,kaikki_no_match
wfpt-05413,barreira,,,5496,,kaikki_no_match
wfpt-05744,barreiras,,,5827,,kaikki_no_match
wfpt-09519,barreto,,,9625,,kaikki_no_match
wfpt-03599,barriga,noun,,3665,брюхо,kaikki_pt_ru_enriched
wfpt-11691,barris,,,11812,,kaikki_no_match
wfpt-09852,barro,,,9961,,kaikki_no_match
wfpt-05092,barros,,,5171,,kaikki_no_match
wfpt-09696,barroso,,,9804,,kaikki_no_match
wfpt-07274,barry,,,7367,,kaikki_no_match
wfpt-02558,barulho,,,2613,,kaikki_no_match
wfpt-08337,barão,noun,,8433,барон,kaikki_pt_ru_enriched
wfpt-00403,base,,,422,,kaikki_no_match
wfpt-02651,baseada,,,2707,,kaikki_no_match
wfpt-07508,baseadas,,,7602,,kaikki_no_match
wfpt-01905,baseado,,,1958,,kaikki_no_match
wfpt-06182,baseados,,,6267,,kaikki_no_match
wfpt-08057,baseia,,,8153,,kaikki_no_match
wfpt-03892,bases,,,3963,,kaikki_no_match
wfpt-02930,basicamente,,,2991,,kaikki_no_match
wfpt-05627,basquete,noun,,5710,баскетбол,kaikki_pt_ru_enriched
wfpt-01195,basta,,,1234,,kaikki_no_match
wfpt-00507,bastante,,,532,,kaikki_no_match
wfpt-05628,bastidores,,,5711,,kaikki_no_match
wfpt-08198,bastos,,,8294,,kaikki_no_match
wfpt-08757,bata,,,8857,,kaikki_no_match
wfpt-01339,batalha,noun,,1382,бой,kaikki_pt_ru_enriched
wfpt-06290,batalhas,,,6377,,kaikki_no_match
wfpt-05093,batalhão,noun,,5172,батальон,kaikki_pt_ru_enriched
wfpt-05414,batata,noun,,5497,картошка,kaikki_pt_ru_enriched
wfpt-08199,batatas,,,8295,,kaikki_no_match
wfpt-02453,bate,,,2507,,kaikki_no_match
wfpt-04986,batendo,,,5065,,kaikki_no_match
wfpt-01756,bater,,,1807,,kaikki_no_match
wfpt-01906,bateria,noun,,1959,батарея,kaikki_pt_ru_enriched
wfpt-08622,baterias,,,8720,,kaikki_no_match
wfpt-10900,bates,,,11013,,kaikki_no_match
wfpt-03061,bateu,,,3123,,kaikki_no_match
wfpt-11100,bati,,,11215,,kaikki_no_match
wfpt-06527,batida,,,6616,,kaikki_no_match
wfpt-09520,batido,,,9626,,kaikki_no_match
wfpt-10901,batismo,,,11014,,kaikki_no_match
wfpt-03972,batista,,,4044,,kaikki_no_match
wfpt-10902,batizado,,,11015,,kaikki_no_match
wfpt-04987,batman,,,5066,,kaikki_no_match
wfpt-08058,batom,noun,,8154,помада,kaikki_pt_ru_enriched
wfpt-08479,bay,,,8576,,kaikki_no_match
wfpt-07406,baía,noun,,7499,залив,kaikki_pt_ru_enriched
wfpt-04373,bbc,,,4449,,kaikki_no_match
wfpt-05829,beach,,,5913,,kaikki_no_match
wfpt-10725,beatles,,,10837,,kaikki_no_match
wfpt-05415,beatriz,,,5498,,kaikki_no_match
wfpt-11101,beba,,,11216,,kaikki_no_match
wfpt-04622,bebe,,,4700,,kaikki_no_match
wfpt-06753,bebendo,,,6842,,kaikki_no_match
wfpt-01474,beber,verb,,1521,выпить,kaikki_pt_ru_enriched
wfpt-03062,bebida,noun,,3124,напитки,kaikki_pt_ru_enriched
wfpt-03812,bebidas,,,3882,,kaikki_no_match
wfpt-09697,bebo,,,9805,,kaikki_no_match
wfpt-08623,bebé,,,8721,,kaikki_no_match
wfpt-01514,bebê,,,1561,,kaikki_no_match
wfpt-04623,bebês,,,4701,,kaikki_no_match
wfpt-10726,beck,,,10838,,kaikki_no_match
wfpt-07639,beija,,,7734,,kaikki_no_match
wfpt-10727,beijando,,,10839,,kaikki_no_match
wfpt-05519,beijar,verb,,5602,целовать,kaikki_pt_ru_enriched
wfpt-02410,beijo,noun,,2464,поцелуй,kaikki_pt_ru_enriched
wfpt-05200,beijos,,,5280,,kaikki_no_match
wfpt-11881,beijou,,,12003,,kaikki_no_match
wfpt-02652,beira,,,2708,,kaikki_no_match
wfpt-11281,beisebol,noun,,11398,бейсбол,kaikki_pt_ru_enriched
wfpt-01786,bela,,,1837,,kaikki_no_match
wfpt-04216,belas,,,4292,,kaikki_no_match
wfpt-01054,beleza,noun,,1091,красота,kaikki_pt_ru_enriched
wfpt-11882,belga,,,12004,,kaikki_no_match
wfpt-09193,bell,,,9296,,kaikki_no_match
wfpt-07161,bella,,,7252,,kaikki_no_match
wfpt-01073,belo,,,1110,,kaikki_no_match
wfpt-09194,belos,,,9297,,kaikki_no_match
wfpt-04711,belém,noun,,4789,вифлеем,kaikki_pt_ru_enriched
wfpt-00049,bem,noun,,54,благо,kaikki_pt_ru_enriched
wfpt-02165,ben,,,2219,,kaikki_no_match
wfpt-07914,beneficiar,,,8009,,kaikki_no_match
wfpt-04298,benefício,,,4374,,kaikki_no_match
wfpt-03124,benefícios,,,3186,,kaikki_no_match
wfpt-04712,benfica,,,4790,,kaikki_no_match
wfpt-10904,bengala,noun,,11017,трость,kaikki_pt_ru_enriched
wfpt-07509,benjamin,,,7603,,kaikki_no_match
wfpt-02355,bens,,,2409,,kaikki_no_match
wfpt-04299,bento,noun,,4375,венедикт,kaikki_pt_ru_enriched
wfpt-04624,berlim,,,4702,,kaikki_no_match
wfpt-11474,bernard,,,11591,,kaikki_no_match
wfpt-04300,bernardo,noun,,4376,бернард,kaikki_pt_ru_enriched
wfpt-08338,berço,,,8434,,kaikki_no_match
wfpt-03600,best,,,3666,,kaikki_no_match
wfpt-06291,besta,,,6378,,kaikki_no_match
wfpt-05629,besteira,,,5712,,kaikki_no_match
wfpt-05948,beta,,,6033,,kaikki_no_match
wfpt-10209,beth,,,10318,,kaikki_no_match
wfpt-07275,beto,,,7368,,kaikki_no_match
wfpt-11883,better,,,12005,,kaikki_no_match
wfpt-10548,betty,,,10660,,kaikki_no_match
wfpt-07407,beyoncé,,,7500,,kaikki_no_match
wfpt-10905,bezerra,,,11018,,kaikki_no_match
wfpt-08200,bianca,,,8296,,kaikki_no_match
wfpt-02252,biblioteca,noun,,2306,библиотека,kaikki_pt_ru_enriched
wfpt-06292,bibliotecas,,,6379,,kaikki_no_match
wfpt-07016,bicho,,,7106,,kaikki_no_match
wfpt-11692,bichos,,,11813,,kaikki_no_match
wfpt-03312,bicicleta,noun,,3375,велосипед,kaikki_pt_ru_enriched
wfpt-08480,bicicletas,,,8577,,kaikki_no_match
wfpt-05830,bico,noun,,5914,клюв,kaikki_pt_ru_enriched
wfpt-07640,bienal,,,7735,,kaikki_no_match
wfpt-02504,big,,,2559,,kaikki_no_match
wfpt-11102,bigode,noun,,11217,усы,kaikki_pt_ru_enriched
wfpt-09521,bike,,,9627,,kaikki_no_match
wfpt-07017,bilhete,,,7107,,kaikki_no_match
wfpt-08907,bilhetes,,,9008,,kaikki_no_match
wfpt-06293,bilhão,,,6380,,kaikki_no_match
wfpt-01757,bilhões,,,1808,,kaikki_no_match
wfpt-03246,bill,,,3309,,kaikki_no_match
wfpt-11693,billboard,,,11814,,kaikki_no_match
wfpt-05831,billy,,,5915,,kaikki_no_match
wfpt-08624,bin,,,8722,,kaikki_no_match
wfpt-08201,bio,,,8297,,kaikki_no_match
wfpt-05832,biodiversidade,noun,,5916,биоразнообразие,kaikki_pt_ru_enriched
wfpt-06898,biografia,,,6988,,kaikki_no_match
wfpt-04454,biologia,noun,,4531,биология,kaikki_pt_ru_enriched
wfpt-09698,biológica,,,9806,,kaikki_no_match
wfpt-10728,biológico,,,10840,,kaikki_no_match
wfpt-10031,biscoito,noun,,10140,бисквит,kaikki_pt_ru_enriched
wfpt-09044,bissau,,,9146,,kaikki_no_match
wfpt-11694,bit,noun,,11815,бит,kaikki_pt_ru_enriched
wfpt-11282,bizarro,,,11399,,kaikki_no_match
wfpt-02559,black,,,2614,,kaikki_no_match
wfpt-10367,blake,,,10478,,kaikki_no_match
wfpt-02253,bloco,,,2307,,kaikki_no_match
wfpt-04455,blocos,,,4532,,kaikki_no_match
wfpt-00765,blog,,,799,,kaikki_no_match
wfpt-05201,blogs,,,5281,,kaikki_no_match
wfpt-09853,blogue,,,9962,,kaikki_no_match
wfpt-09699,bloqueado,,,9807,,kaikki_no_match
wfpt-06060,bloquear,,,6145,,kaikki_no_match
wfpt-04802,bloqueio,,,4880,,kaikki_no_match
wfpt-05949,blue,,,6034,,kaikki_no_match
wfpt-11103,blues,,,11218,,kaikki_no_match
wfpt-11104,blumenau,,,11219,,kaikki_no_match
wfpt-08625,blusa,,,8723,,kaikki_no_match
wfpt-08059,blá,,,8155,,kaikki_no_match
wfpt-09854,bndes,,,9963,,kaikki_no_match
wfpt-00155,boa,,,165,,kaikki_no_match
wfpt-00718,boas,,,750,,kaikki_no_match
wfpt-09345,boate,noun,,9450,дискотека,kaikki_pt_ru_enriched
wfpt-11475,boato,,,11592,,kaikki_no_match
wfpt-06183,boatos,,,6268,,kaikki_no_match
wfpt-02866,bob,,,2926,,kaikki_no_match
wfpt-11695,boba,,,11816,,kaikki_no_match
wfpt-10032,bobagem,noun,,10141,вздор,kaikki_pt_ru_enriched
wfpt-08060,bobby,,,8156,,kaikki_no_match
wfpt-06754,bobo,,,6843,,kaikki_no_match
wfpt-00704,boca,noun,,735,рот,kaikki_pt_ru_enriched
wfpt-06184,bocado,noun,,6269,кусок,kaikki_pt_ru_enriched
wfpt-08481,body,,,8578,,kaikki_no_match
wfpt-06185,boi,noun,,6270,вол,kaikki_pt_ru_enriched
wfpt-01196,bola,noun,,1235,мяч,kaikki_pt_ru_enriched
wfpt-05630,bolas,,,5713,,kaikki_no_match
wfpt-07018,boletim,,,7108,,kaikki_no_match
wfpt-09195,bolha,,,9298,,kaikki_no_match
wfpt-02505,bolo,noun,,2560,торт,kaikki_pt_ru_enriched
wfpt-10906,bolos,,,11019,,kaikki_no_match
wfpt-02075,bolsa,noun,,2129,стипендия,kaikki_pt_ru_enriched
wfpt-05416,bolsas,,,5499,,kaikki_no_match
wfpt-03601,bolso,noun,,3667,карман,kaikki_pt_ru_enriched
wfpt-02608,bolsonaro,,,2664,,kaikki_no_match
wfpt-09346,bolsos,,,9451,,kaikki_no_match
wfpt-04625,bolívia,noun,,4703,боливия,kaikki_pt_ru_enriched
wfpt-00090,bom,,,96,,kaikki_no_match
wfpt-02302,bomba,noun,,2356,бомба,kaikki_pt_ru_enriched
wfpt-11696,bombardeio,,,11817,,kaikki_no_match
wfpt-03754,bombas,,,3821,,kaikki_no_match
wfpt-04301,bombeiros,,,4377,,kaikki_no_match
wfpt-10368,bon,,,10479,,kaikki_no_match
wfpt-08482,bond,,,8579,,kaikki_no_match
wfpt-06755,bondade,,,6844,,kaikki_no_match
wfpt-07409,boneca,noun,,7502,кукла,kaikki_pt_ru_enriched
wfpt-09196,boneco,,,9299,,kaikki_no_match
wfpt-01412,bonita,,,1459,,kaikki_no_match
wfpt-04988,bonitas,,,5067,,kaikki_no_match
wfpt-01285,bonito,,,1327,,kaikki_no_match
wfpt-06899,bonitos,,,6989,,kaikki_no_match
wfpt-01168,bons,,,1207,,kaikki_no_match
wfpt-05520,book,,,5603,,kaikki_no_match
wfpt-10210,books,,,10319,,kaikki_no_match
wfpt-08202,boom,,,8298,,kaikki_no_match
wfpt-08483,borboleta,noun,,8580,бабочка,kaikki_pt_ru_enriched
wfpt-08626,borda,,,8724,,kaikki_no_match
wfpt-03392,bordo,noun,,3456,клён,kaikki_pt_ru_enriched
wfpt-04897,borges,,,4976,,kaikki_no_match
wfpt-11283,boris,,,11400,,kaikki_no_match
wfpt-05631,borracha,noun,,5714,резина,kaikki_pt_ru_enriched
wfpt-10369,bosque,,,10480,,kaikki_no_match
wfpt-11284,bosta,,,11401,,kaikki_no_match
wfpt-05305,boston,,,5385,,kaikki_no_match
wfpt-08627,bota,,,8725,,kaikki_no_match
wfpt-03813,botafogo,,,3883,,kaikki_no_match
wfpt-08203,botar,,,8299,,kaikki_no_match
wfpt-09855,botas,,,9964,,kaikki_no_match
wfpt-10549,botânico,,,10661,,kaikki_no_match
wfpt-04217,botão,noun,,4293,бутон,kaikki_pt_ru_enriched
wfpt-09522,botões,,,9628,,kaikki_no_match
wfpt-06294,box,,,6381,,kaikki_no_match
wfpt-07642,boxe,,,7737,,kaikki_no_match
wfpt-03814,boy,,,3884,,kaikki_no_match
wfpt-08908,boys,,,9009,,kaikki_no_match
wfpt-07510,brad,,,7604,,kaikki_no_match
wfpt-11105,bradley,,,11220,,kaikki_no_match
wfpt-04137,braga,,,4212,,kaikki_no_match
wfpt-01515,branca,,,1562,,kaikki_no_match
wfpt-05950,brancas,,,6035,,kaikki_no_match
wfpt-00829,branco,,,863,,kaikki_no_match
wfpt-02867,brancos,,,2927,,kaikki_no_match
wfpt-11884,brandon,,,12006,,kaikki_no_match
wfpt-10550,brandão,,,10662,,kaikki_no_match
wfpt-00327,brasileira,,,344,,kaikki_no_match
wfpt-02123,brasileiras,,,2177,,kaikki_no_match
wfpt-00270,brasileiro,,,285,,kaikki_no_match
wfpt-00830,brasileiros,,,864,,kaikki_no_match
wfpt-09197,brasileirão,,,9300,,kaikki_no_match
wfpt-01378,brasília,,,1423,,kaikki_no_match
wfpt-06295,brava,,,6382,,kaikki_no_match
wfpt-05833,bravo,,,5917,,kaikki_no_match
wfpt-11697,braz,,,11818,,kaikki_no_match
wfpt-04538,brazil,,,4615,,kaikki_no_match
wfpt-02076,braço,noun,,2130,рука,kaikki_pt_ru_enriched
wfpt-02560,braços,,,2615,,kaikki_no_match
wfpt-10370,break,,,10481,,kaikki_no_match
wfpt-09523,brenda,,,9629,,kaikki_no_match
wfpt-07915,bretanha,,,8010,,kaikki_no_match
wfpt-01230,breve,,,1270,,kaikki_no_match
wfpt-08061,brevemente,,,8157,,kaikki_no_match
wfpt-03893,brian,,,3964,,kaikki_no_match
wfpt-11285,bridge,,,11402,,kaikki_no_match
wfpt-02868,briga,,,2928,,kaikki_no_match
wfpt-07511,brigada,noun,,7605,бригада,kaikki_pt_ru_enriched
wfpt-07410,brigadeiro,,,7503,,kaikki_no_match
wfpt-11106,brigando,,,11221,,kaikki_no_match
wfpt-06900,brigar,,,6990,,kaikki_no_match
wfpt-09198,brigas,,,9301,,kaikki_no_match
wfpt-03393,brilhante,,,3457,,kaikki_no_match
wfpt-07772,brilhantes,,,7867,,kaikki_no_match
wfpt-09856,brilhar,verb,,9965,сиять,kaikki_pt_ru_enriched
wfpt-03973,brilho,,,4046,,kaikki_no_match
wfpt-08204,brinca,noun,,8300,шутка,kaikki_pt_ru_enriched
wfpt-02454,brincadeira,noun,,2508,шутка,kaikki_pt_ru_enriched
wfpt-07773,brincadeiras,,,7868,,kaikki_no_match
wfpt-03680,brincando,,,3746,,kaikki_no_match
wfpt-02209,brincar,,,2263,,kaikki_no_match
wfpt-07512,brinde,,,7606,,kaikki_no_match
wfpt-06419,brinquedo,noun,,6507,игрушка,kaikki_pt_ru_enriched
wfpt-05632,brinquedos,,,5715,,kaikki_no_match
wfpt-10211,brisa,noun,,10320,бриз,kaikki_pt_ru_enriched
wfpt-10729,british,,,10841,,kaikki_no_match
wfpt-07019,brito,,,7109,,kaikki_no_match
wfpt-05306,britânica,,,5386,,kaikki_no_match
wfpt-03815,britânico,noun,,3885,британец,kaikki_pt_ru_enriched
wfpt-06650,britânicos,,,6739,,kaikki_no_match
wfpt-05417,bronze,,,5500,,kaikki_no_match
wfpt-07916,brooklyn,,,8011,,kaikki_no_match
wfpt-07513,brother,,,7607,,kaikki_no_match
wfpt-04052,brown,,,4126,,kaikki_no_match
wfpt-05418,bruce,,,5501,,kaikki_no_match
wfpt-08340,bruna,,,8436,,kaikki_no_match
wfpt-02077,bruno,noun,,2131,бруно,kaikki_pt_ru_enriched
wfpt-10730,bruta,,,10842,,kaikki_no_match
wfpt-08062,brutal,,,8158,,kaikki_no_match
wfpt-05834,bruto,noun,,5918,зверь,kaikki_pt_ru_enriched
wfpt-08341,bruxa,,,8437,,kaikki_no_match
wfpt-09524,bruxas,,,9630,,kaikki_no_match
wfpt-07162,bruxelas,,,7253,,kaikki_no_match
wfpt-07514,buceta,noun,,7608,пизда,kaikki_pt_ru_enriched
wfpt-10731,budapeste,,,10843,,kaikki_no_match
wfpt-07020,bueno,,,7110,,kaikki_no_match
wfpt-03974,buenos,,,4047,,kaikki_no_match
wfpt-07515,bulgária,noun,,7609,болгария,kaikki_pt_ru_enriched
wfpt-10732,bull,,,10844,,kaikki_no_match
wfpt-08205,bullying,,,8301,,kaikki_no_match
wfpt-03602,bunda,noun,,3668,жопа,kaikki_pt_ru_enriched
wfpt-04374,buraco,noun,,4450,дыра,kaikki_pt_ru_enriched
wfpt-07021,buracos,,,7111,,kaikki_no_match
wfpt-09199,burocracia,noun,,9302,бюрократия,kaikki_pt_ru_enriched
wfpt-05307,burro,,,5387,,kaikki_no_match
wfpt-00736,busca,,,768,,kaikki_no_match
wfpt-05745,buscam,,,5828,,kaikki_no_match
wfpt-04989,buscando,,,5068,,kaikki_no_match
wfpt-01437,buscar,,,1484,,kaikki_no_match
wfpt-08484,buscas,,,8581,,kaikki_no_match
wfpt-11698,buscou,,,11819,,kaikki_no_match
wfpt-06901,bush,,,6991,,kaikki_no_match
wfpt-06420,business,,,6508,,kaikki_no_match
wfpt-07163,but,,,7254,,kaikki_no_match
wfpt-05521,bárbara,,,5604,,kaikki_no_match
wfpt-03394,básica,,,3458,,kaikki_no_match
wfpt-04990,básicas,,,5069,,kaikki_no_match
wfpt-03681,básico,,,3747,,kaikki_no_match
wfpt-04713,básicos,,,4791,,kaikki_no_match
wfpt-07164,bélgica,noun,,7255,бельгия,kaikki_pt_ru_enriched
wfpt-09700,bêbada,,,9808,,kaikki_no_match
wfpt-06186,bêbado,,,6271,,kaikki_no_match
wfpt-09701,bênção,,,9809,,kaikki_no_match
wfpt-02803,bíblia,noun,,2862,библия,kaikki_pt_ru_enriched
wfpt-07165,bônus,,,7256,,kaikki_no_match
wfpt-02804,cabe,,,2863,,kaikki_no_match
wfpt-00896,cabelo,noun,,930,волосы,kaikki_pt_ru_enriched
wfpt-03313,cabelos,,,3376,,kaikki_no_match
wfpt-00344,cabeça,noun,,361,голова,kaikki_pt_ru_enriched
wfpt-04375,cabeças,,,4451,,kaikki_no_match
wfpt-08485,cabine,,,8582,,kaikki_no_match
wfpt-01055,cabo,,,1092,,kaikki_no_match
wfpt-08486,cabos,,,8583,,kaikki_no_match
wfpt-11107,cabra,noun,,11222,коза,kaikki_pt_ru_enriched
wfpt-04539,cabral,,,4616,,kaikki_no_match
wfpt-08909,cacau,,,9010,,kaikki_no_match
wfpt-10551,cacete,,,10663,,kaikki_no_match
wfpt-11885,cachaça,,,12007,,kaikki_no_match
wfpt-08628,cachoeira,noun,,8726,водопад,kaikki_pt_ru_enriched
wfpt-02254,cachorro,noun,,2308,собака,kaikki_pt_ru_enriched
wfpt-05094,cachorros,,,5173,,kaikki_no_match
wfpt-00134,cada,,,144,,kaikki_no_match
wfpt-01787,cadeia,noun,,1838,цепь,kaikki_pt_ru_enriched
wfpt-09525,cadeias,,,9631,,kaikki_no_match
wfpt-02761,cadeira,noun,,2820,стул,kaikki_pt_ru_enriched
wfpt-04898,cadeiras,,,4977,,kaikki_no_match
wfpt-10033,cadela,,,10142,,kaikki_no_match
wfpt-06651,caderno,noun,,6740,тетрадь,kaikki_pt_ru_enriched
wfpt-11476,cadernos,,,11593,,kaikki_no_match
wfpt-11477,cadáver,noun,,11594,труп,kaikki_pt_ru_enriched
wfpt-03314,cadê,,,3377,,kaikki_no_match
wfpt-08758,caem,,,8858,,kaikki_no_match
wfpt-06296,caetano,,,6383,,kaikki_no_match
wfpt-00897,café,noun,,931,кофе,kaikki_pt_ru_enriched
wfpt-09857,cafés,,,9966,,kaikki_no_match
wfpt-02762,cai,,,2821,,kaikki_no_match
wfpt-08063,caia,,,8159,,kaikki_no_match
wfpt-04540,caindo,,,4617,,kaikki_no_match
wfpt-04714,caio,,,4792,,kaikki_no_match
wfpt-01475,cair,,,1522,,kaikki_no_match
wfpt-09200,cairo,,,9303,,kaikki_no_match
wfpt-10733,cais,,,10845,,kaikki_no_match
wfpt-01551,caiu,,,1599,,kaikki_no_match
wfpt-01169,caixa,noun,,1208,ящик,kaikki_pt_ru_enriched
wfpt-04803,caixas,,,4881,,kaikki_no_match
wfpt-10371,caixão,noun,,10482,гроб,kaikki_pt_ru_enriched
wfpt-11108,cal,,,11223,,kaikki_no_match
wfpt-02411,cala,,,2465,,kaikki_no_match
wfpt-09201,calada,,,9304,,kaikki_no_match
wfpt-07917,calado,,,8012,,kaikki_no_match
wfpt-04456,calar,verb,,4533,молчать,kaikki_pt_ru_enriched
wfpt-09702,calcinha,,,9810,,kaikki_no_match
wfpt-10552,calcular,verb,,10664,считать,kaikki_pt_ru_enriched
wfpt-10734,caldas,,,10846,,kaikki_no_match
wfpt-11699,caldeira,,,11820,,kaikki_no_match
wfpt-03247,calendário,noun,,3310,календарь,kaikki_pt_ru_enriched
wfpt-10212,calhar,,,10321,,kaikki_no_match
wfpt-09347,calibre,noun,,9452,калибр,kaikki_pt_ru_enriched
wfpt-03471,califórnia,,,3535,,kaikki_no_match
wfpt-05951,call,,,6036,,kaikki_no_match
wfpt-01552,calma,noun,,1600,штиль,kaikki_pt_ru_enriched
wfpt-07166,calmo,,,7257,,kaikki_no_match
wfpt-01788,calor,noun,,1839,жара,kaikki_pt_ru_enriched
wfpt-11886,calvin,,,12008,,kaikki_no_match
wfpt-05419,calça,noun,,5502,брюки,kaikki_pt_ru_enriched
wfpt-08064,calçada,,,8160,,kaikki_no_match
wfpt-05952,calças,,,6037,,kaikki_no_match
wfpt-10372,cam,,,10483,,kaikki_no_match
wfpt-00948,cama,noun,,982,кровать,kaikki_pt_ru_enriched
wfpt-04804,camada,noun,,4882,слой,kaikki_pt_ru_enriched
wfpt-05522,camadas,,,5605,,kaikki_no_match
wfpt-08910,camargo,,,9011,,kaikki_no_match
wfpt-08911,camarão,noun,,9012,креветка,kaikki_pt_ru_enriched
wfpt-08206,camarões,noun,,8302,камерун,kaikki_pt_ru_enriched
wfpt-07411,cameron,,,7504,,kaikki_no_match
wfpt-04805,camila,,,4883,,kaikki_no_match
wfpt-09703,camilo,,,9811,,kaikki_no_match
wfpt-07774,caminha,,,7869,,kaikki_no_match
wfpt-04457,caminhada,,,4534,,kaikki_no_match
wfpt-08342,caminhando,,,8438,,kaikki_no_match
wfpt-04715,caminhar,,,4793,,kaikki_no_match
wfpt-00523,caminho,noun,,549,путь,kaikki_pt_ru_enriched
wfpt-03063,caminhos,,,3125,,kaikki_no_match
wfpt-04053,caminhão,noun,,4127,грузовик,kaikki_pt_ru_enriched
wfpt-06652,caminhões,,,6741,,kaikki_no_match
wfpt-02078,camisa,noun,,2132,рубашка,kaikki_pt_ru_enriched
wfpt-07918,camisas,,,8013,,kaikki_no_match
wfpt-06902,camiseta,noun,,6992,майка,kaikki_pt_ru_enriched
wfpt-10553,camisetas,,,10665,,kaikki_no_match
wfpt-11478,camisinha,,,11595,,kaikki_no_match
wfpt-11286,camisola,,,11403,,kaikki_no_match
wfpt-11109,camp,,,11224,,kaikki_no_match
wfpt-00719,campanha,,,751,,kaikki_no_match
wfpt-03064,campanhas,,,3126,,kaikki_no_match
wfpt-11700,campbell,,,11821,,kaikki_no_match
wfpt-01476,campeonato,,,1523,,kaikki_no_match
wfpt-10907,campeonatos,,,11020,,kaikki_no_match
wfpt-06421,campeã,,,6509,,kaikki_no_match
wfpt-01585,campeão,noun,,1634,чемпион,kaikki_pt_ru_enriched
wfpt-04899,campeões,,,4978,,kaikki_no_match
wfpt-04541,campinas,,,4618,,kaikki_no_match
wfpt-00468,campo,noun,,488,поле,kaikki_pt_ru_enriched
wfpt-08487,camponeses,,,8584,,kaikki_no_match
wfpt-01340,campos,,,1383,,kaikki_no_match
wfpt-03065,campus,,,3127,,kaikki_no_match
wfpt-04458,can,,,4535,,kaikki_no_match
wfpt-05420,cana,,,5503,,kaikki_no_match
wfpt-07276,canadense,,,7369,,kaikki_no_match
wfpt-02609,canadá,noun,,2665,канада,kaikki_pt_ru_enriched
wfpt-02166,canais,,,2220,,kaikki_no_match
wfpt-00705,canal,noun,,736,канал,kaikki_pt_ru_enriched
wfpt-08065,cancelada,,,8161,,kaikki_no_match
wfpt-07775,cancelado,,,7870,,kaikki_no_match
wfpt-08343,cancelamento,,,8439,,kaikki_no_match
wfpt-05308,cancelar,verb,,5388,нарушать,kaikki_pt_ru_enriched
wfpt-09045,cancro,,,9147,,kaikki_no_match
wfpt-06528,candidata,,,6617,,kaikki_no_match
wfpt-11110,candidatar,,,11225,,kaikki_no_match
wfpt-01263,candidato,,,1304,,kaikki_no_match
wfpt-01586,candidatos,,,1635,,kaikki_no_match
wfpt-03975,candidatura,noun,,4048,кандидату́ра,kaikki_pt_ru_enriched
wfpt-10908,candidaturas,,,11021,,kaikki_no_match
wfpt-10213,canela,,,10322,,kaikki_no_match
wfpt-06297,caneta,noun,,6384,ручка,kaikki_pt_ru_enriched
wfpt-11479,canhão,noun,,11596,пушка,kaikki_pt_ru_enriched
wfpt-08912,cano,,,9013,,kaikki_no_match
wfpt-11887,canoas,,,12009,,kaikki_no_match
wfpt-03816,cansada,,,3886,,kaikki_no_match
wfpt-02653,cansado,,,2709,,kaikki_no_match
wfpt-10214,cansados,,,10323,,kaikki_no_match
wfpt-09046,cansaço,,,9148,,kaikki_no_match
wfpt-08759,cansei,,,8859,,kaikki_no_match
wfpt-04626,canta,,,4704,,kaikki_no_match
wfpt-10909,cantada,,,11022,,kaikki_no_match
wfpt-11287,cantam,,,11404,,kaikki_no_match
wfpt-03894,cantando,,,3965,,kaikki_no_match
wfpt-02167,cantar,verb,,2221,петь,kaikki_pt_ru_enriched
wfpt-02028,canto,,,2082,,kaikki_no_match
wfpt-02303,cantor,noun,,2357,певец,kaikki_pt_ru_enriched
wfpt-02412,cantora,,,2466,,kaikki_no_match
wfpt-08488,cantores,,,8585,,kaikki_no_match
wfpt-06061,cantos,,,6146,,kaikki_no_match
wfpt-07167,cantou,,,7258,,kaikki_no_match
wfpt-02304,canção,noun,,2358,песнь,kaikki_pt_ru_enriched
wfpt-03315,canções,,,3378,,kaikki_no_match
wfpt-04054,caos,noun,,4128,беспорядок,kaikki_pt_ru_enriched
wfpt-07168,cap,,,7259,,kaikki_no_match
wfpt-01789,capa,,,1840,,kaikki_no_match
wfpt-10735,capacete,noun,,10847,каска,kaikki_pt_ru_enriched
wfpt-01004,capacidade,,,1040,,kaikki_no_match
wfpt-07776,capacidades,,,7871,,kaikki_no_match
wfpt-09858,capacitação,,,9967,,kaikki_no_match
wfpt-09526,capas,,,9632,,kaikki_no_match
wfpt-01005,capaz,,,1041,,kaikki_no_match
wfpt-02413,capazes,,,2467,,kaikki_no_match
wfpt-07277,capela,noun,,7370,капелла,kaikki_pt_ru_enriched
wfpt-09859,capita,,,9968,,kaikki_no_match
wfpt-05202,capitais,,,5282,,kaikki_no_match
wfpt-00553,capital,noun,,579,капитал,kaikki_pt_ru_enriched
wfpt-06298,capitalismo,noun,,6385,капитализм,kaikki_pt_ru_enriched
wfpt-09047,capitalista,noun,,9149,капиталист,kaikki_pt_ru_enriched
wfpt-01719,capitão,,,1768,,kaikki_no_match
wfpt-10554,captar,,,10666,,kaikki_no_match
wfpt-11480,captação,,,11597,,kaikki_no_match
wfpt-04900,captura,,,4979,,kaikki_no_match
wfpt-08489,capturado,,,8586,,kaikki_no_match
wfpt-06187,capturar,,,6272,,kaikki_no_match
wfpt-02932,capítulo,noun,,2993,глава,kaikki_pt_ru_enriched
wfpt-06188,capítulos,,,6273,,kaikki_no_match
wfpt-07412,car,,,7505,,kaikki_no_match
wfpt-00184,cara,,,195,,kaikki_no_match
wfpt-11288,caracas,,,11405,,kaikki_no_match
wfpt-06653,caracteres,,,6742,,kaikki_no_match
wfpt-08760,caracteriza,,,8860,,kaikki_no_match
wfpt-04055,característica,,,4129,,kaikki_no_match
wfpt-01617,características,,,1666,,kaikki_no_match
wfpt-03895,caralho,,,3966,,kaikki_no_match
wfpt-04302,caramba,,,4378,,kaikki_no_match
wfpt-01687,caras,,,1736,,kaikki_no_match
wfpt-10373,caravana,noun,,10484,караван,kaikki_pt_ru_enriched
wfpt-04459,carbono,noun,,4536,углерод,kaikki_pt_ru_enriched
wfpt-09860,cardeal,noun,,9969,кардинал,kaikki_pt_ru_enriched
wfpt-04056,cardoso,,,4130,,kaikki_no_match
wfpt-08066,cardíaca,,,8162,,kaikki_no_match
wfpt-07643,cardíaco,,,7738,,kaikki_no_match
wfpt-07919,care,,,8014,,kaikki_no_match
wfpt-10736,careca,,,10848,,kaikki_no_match
wfpt-10737,carentes,,,10849,,kaikki_no_match
wfpt-02255,carga,noun,,2309,груз,kaikki_pt_ru_enriched
wfpt-07516,cargas,,,7610,,kaikki_no_match
wfpt-01413,cargo,,,1460,,kaikki_no_match
wfpt-03976,cargos,,,4049,,kaikki_no_match
wfpt-06299,caribe,,,6386,,kaikki_no_match
wfpt-04218,caridade,noun,,4294,любовь,kaikki_pt_ru_enriched
wfpt-03472,carinho,,,3536,,kaikki_no_match
wfpt-02805,carioca,,,2864,,kaikki_no_match
wfpt-10215,cariocas,,,10324,,kaikki_no_match
wfpt-04716,carl,,,4794,,kaikki_no_match
wfpt-05953,carla,,,6038,,kaikki_no_match
wfpt-11701,carlo,,,11822,,kaikki_no_match
wfpt-00706,carlos,noun,,737,карл,kaikki_pt_ru_enriched
wfpt-08629,carmen,,,8728,,kaikki_no_match
wfpt-11888,carmo,,,12010,,kaikki_no_match
wfpt-01311,carnaval,noun,,1353,карнавал,kaikki_pt_ru_enriched
wfpt-01651,carne,noun,,1700,мясо,kaikki_pt_ru_enriched
wfpt-07022,carneiro,noun,,7112,баран,kaikki_pt_ru_enriched
wfpt-02124,caro,,,2178,,kaikki_no_match
wfpt-04219,carol,,,4295,,kaikki_no_match
wfpt-04627,carolina,noun,,4705,каролина,kaikki_pt_ru_enriched
wfpt-07644,caroline,,,7739,,kaikki_no_match
wfpt-08067,carona,,,8163,,kaikki_no_match
wfpt-06062,caros,,,6147,,kaikki_no_match
wfpt-05309,carrega,,,5389,,kaikki_no_match
wfpt-07777,carregado,,,7872,,kaikki_no_match
wfpt-11702,carregador,,,11823,,kaikki_no_match
wfpt-10555,carregamento,,,10667,,kaikki_no_match
wfpt-06063,carregando,,,6148,,kaikki_no_match
wfpt-03316,carregar,verb,,3379,грузить,kaikki_pt_ru_enriched
wfpt-01100,carreira,,,1137,,kaikki_no_match
wfpt-08913,carreiras,,,9014,,kaikki_no_match
wfpt-07778,carrinho,,,7873,,kaikki_no_match
wfpt-00524,carro,,,550,,kaikki_no_match
wfpt-01414,carros,,,1461,,kaikki_no_match
wfpt-01006,carta,,,1042,,kaikki_no_match
wfpt-02168,cartas,,,2222,,kaikki_no_match
wfpt-06189,cartaz,,,6274,,kaikki_no_match
wfpt-09861,cartazes,,,9970,,kaikki_no_match
wfpt-03395,carteira,noun,,3459,бумажник,kaikki_pt_ru_enriched
wfpt-09048,cartel,,,9150,,kaikki_no_match
wfpt-07023,carter,,,7113,,kaikki_no_match
wfpt-08207,cartola,,,8303,,kaikki_no_match
wfpt-10556,cartoon,,,10668,,kaikki_no_match
wfpt-01720,cartão,,,1769,,kaikki_no_match
wfpt-03537,cartões,,,3602,,kaikki_no_match
wfpt-02561,carvalho,noun,,2616,дуб,kaikki_pt_ru_enriched
wfpt-05203,carvão,,,5283,,kaikki_no_match
wfpt-07920,carácter,,,8015,,kaikki_no_match
wfpt-02169,caráter,,,2223,,kaikki_no_match
wfpt-09527,carência,,,9633,,kaikki_no_match
wfpt-00085,casa,noun,,91,дом,kaikki_pt_ru_enriched
wfpt-06422,casaco,,,6510,,kaikki_no_match
wfpt-04057,casada,,,4131,,kaikki_no_match
wfpt-03125,casado,,,3187,,kaikki_no_match
wfpt-09862,casados,,,9971,,kaikki_no_match
wfpt-03817,casais,,,3887,,kaikki_no_match
wfpt-01197,casal,,,1236,,kaikki_no_match
wfpt-00766,casamento,noun,,800,свадьба,kaikki_pt_ru_enriched
wfpt-05954,casamentos,,,6039,,kaikki_no_match
wfpt-01907,casar,,,1960,,kaikki_no_match
wfpt-01101,casas,,,1138,,kaikki_no_match
wfpt-09528,casca,,,9634,,kaikki_no_match
wfpt-06064,case,,,6149,,kaikki_no_match
wfpt-10910,caseiro,,,11023,,kaikki_no_match
wfpt-11889,casinha,,,12011,,kaikki_no_match
wfpt-11481,casino,,,11598,,kaikki_no_match
wfpt-00171,caso,,,181,,kaikki_no_match
wfpt-00656,casos,,,684,,kaikki_no_match
wfpt-05204,casou,,,5284,,kaikki_no_match
wfpt-10374,castanho,,,10485,,kaikki_no_match
wfpt-02763,castelo,noun,,2822,замок,kaikki_pt_ru_enriched
wfpt-06654,castigo,,,6743,,kaikki_no_match
wfpt-11289,castle,,,11406,,kaikki_no_match
wfpt-02210,castro,,,2264,,kaikki_no_match
wfpt-07645,cat,,,7740,,kaikki_no_match
wfpt-11290,catalunha,,,11407,,kaikki_no_match
wfpt-10911,catalão,,,11024,,kaikki_no_match
wfpt-02506,catarina,,,2561,,kaikki_no_match
wfpt-09704,catarinense,,,9812,,kaikki_no_match
wfpt-01286,categoria,noun,,1328,категория,kaikki_pt_ru_enriched
wfpt-02562,categorias,,,2617,,kaikki_no_match
wfpt-10375,catherine,,,10486,,kaikki_no_match
wfpt-10557,cativeiro,,,10669,,kaikki_no_match
wfpt-07779,catálogo,noun,,7874,каталог,kaikki_pt_ru_enriched
wfpt-02563,católica,,,2618,,kaikki_no_match
wfpt-07921,católico,,,8016,,kaikki_no_match
wfpt-07413,católicos,,,7506,,kaikki_no_match
wfpt-10034,cauda,noun,,10143,хвост,kaikki_pt_ru_enriched
wfpt-00323,causa,,,340,,kaikki_no_match
wfpt-05421,causada,,,5504,,kaikki_no_match
wfpt-09705,causadas,,,9813,,kaikki_no_match
wfpt-05205,causado,,,5285,,kaikki_no_match
wfpt-06529,causados,,,6618,,kaikki_no_match
wfpt-07414,causam,,,7507,,kaikki_no_match
wfpt-04138,causando,,,4213,,kaikki_no_match
wfpt-02564,causar,,,2619,,kaikki_no_match
wfpt-11703,causaram,,,11824,,kaikki_no_match
wfpt-02806,causas,,,2865,,kaikki_no_match
wfpt-03396,causou,,,3460,,kaikki_no_match
wfpt-11291,cautela,,,11408,,kaikki_no_match
wfpt-10216,cavalaria,noun,,10325,кавалерия,kaikki_pt_ru_enriched
wfpt-05835,cavaleiro,noun,,5919,рыцарь,kaikki_pt_ru_enriched
wfpt-07024,cavaleiros,,,7114,,kaikki_no_match
wfpt-02933,cavalo,noun,,2994,конь,kaikki_pt_ru_enriched
wfpt-04628,cavalos,,,4706,,kaikki_no_match
wfpt-07646,caverna,noun,,7741,пещера,kaikki_pt_ru_enriched
wfpt-11292,cavernas,,,11409,,kaikki_no_match
wfpt-06423,caxias,,,6511,,kaikki_no_match
wfpt-02764,caça,noun,,2823,охота,kaikki_pt_ru_enriched
wfpt-08344,caçador,noun,,8440,охотник,kaikki_pt_ru_enriched
wfpt-07278,caçadores,,,7371,,kaikki_no_match
wfpt-07025,caçar,verb,,7115,охотиться,kaikki_pt_ru_enriched
wfpt-10376,caí,,,10487,,kaikki_no_match
wfpt-07922,caído,,,8017,,kaikki_no_match
wfpt-07279,caíram,,,7372,,kaikki_no_match
wfpt-06903,cbf,,,6993,,kaikki_no_match
wfpt-06904,cds,,,6994,,kaikki_no_match
wfpt-09348,cearense,,,9453,,kaikki_no_match
wfpt-02170,ceará,,,2224,,kaikki_no_match
wfpt-10035,cebola,noun,,10144,лук,kaikki_pt_ru_enriched
wfpt-10217,cecília,,,10326,,kaikki_no_match
wfpt-09349,ceder,,,9454,,kaikki_no_match
wfpt-01007,cedo,,,1043,,kaikki_no_match
wfpt-09202,cega,,,9305,,kaikki_no_match
wfpt-05523,cego,,,5606,,kaikki_no_match
wfpt-10738,cegos,,,10850,,kaikki_no_match
wfpt-11111,cel,,,11226,,kaikki_no_match
wfpt-07780,cela,,,7875,,kaikki_no_match
wfpt-09203,celebra,,,9306,,kaikki_no_match
wfpt-08914,celebrado,,,9015,,kaikki_no_match
wfpt-04629,celebrar,,,4707,,kaikki_no_match
wfpt-04376,celebração,,,4452,,kaikki_no_match
wfpt-11482,celebrações,,,11599,,kaikki_no_match
wfpt-10739,celebridade,,,10851,,kaikki_no_match
wfpt-07415,celebridades,,,7508,,kaikki_no_match
wfpt-11293,celeste,,,11410,,kaikki_no_match
wfpt-05310,celso,,,5390,,kaikki_no_match
wfpt-00969,celular,,,1004,,kaikki_no_match
wfpt-04630,celulares,,,4708,,kaikki_no_match
wfpt-03126,cem,,,3188,,kaikki_no_match
wfpt-04901,cemitério,noun,,4980,кладбище,kaikki_pt_ru_enriched
wfpt-01102,cena,noun,,1139,сцена,kaikki_pt_ru_enriched
wfpt-01790,cenas,,,1841,,kaikki_no_match
wfpt-11704,cenoura,noun,,11825,морковь,kaikki_pt_ru_enriched
wfpt-05747,censo,noun,,5830,перепись,kaikki_pt_ru_enriched
wfpt-06300,censura,noun,,6387,цензура,kaikki_pt_ru_enriched
wfpt-09049,centavos,,,9151,,kaikki_no_match
wfpt-02211,centenas,,,2265,,kaikki_no_match
wfpt-10740,centenário,,,10852,,kaikki_no_match
wfpt-02995,center,,,3057,,kaikki_no_match
wfpt-02565,cento,,,2620,,kaikki_no_match
wfpt-04992,centrais,,,5071,,kaikki_no_match
wfpt-00638,central,,,666,,kaikki_no_match
wfpt-00291,centro,,,308,,kaikki_no_match
wfpt-02654,centros,,,2710,,kaikki_no_match
wfpt-08915,centímetros,,,9016,,kaikki_no_match
wfpt-01861,cenário,,,1914,,kaikki_no_match
wfpt-07026,cenários,,,7116,,kaikki_no_match
wfpt-08761,ceo,,,8861,,kaikki_no_match
wfpt-10036,cera,noun,,10145,воск,kaikki_pt_ru_enriched
wfpt-00345,cerca,,,362,,kaikki_no_match
wfpt-10377,cercada,,,10488,,kaikki_no_match
wfpt-08068,cercado,,,8164,,kaikki_no_match
wfpt-06424,cerco,noun,,6512,осада,kaikki_pt_ru_enriched
wfpt-09706,cereais,,,9814,,kaikki_no_match
wfpt-05524,cerebral,,,5607,,kaikki_no_match
wfpt-09050,cerimónia,,,9152,,kaikki_no_match
wfpt-02869,cerimônia,,,2929,,kaikki_no_match
wfpt-08345,cerrado,,,8441,,kaikki_no_match
wfpt-00949,certa,,,983,,kaikki_no_match
wfpt-01553,certamente,,,1601,,kaikki_no_match
wfpt-02610,certas,,,2666,,kaikki_no_match
wfpt-00478,certeza,noun,,500,надёжность,kaikki_pt_ru_enriched
wfpt-06065,certificado,noun,,6150,грамота,kaikki_pt_ru_enriched
wfpt-11294,certificar,,,11411,,kaikki_no_match
wfpt-09529,certificação,noun,,9635,сертификация,kaikki_pt_ru_enriched
wfpt-11705,certifique,,,11826,,kaikki_no_match
wfpt-00309,certo,,,326,,kaikki_no_match
wfpt-02305,certos,,,2359,,kaikki_no_match
wfpt-02171,cerveja,noun,,2225,пиво,kaikki_pt_ru_enriched
wfpt-10037,cervejas,,,10146,,kaikki_no_match
wfpt-09350,cerâmica,noun,,9455,керамика,kaikki_pt_ru_enriched
wfpt-07781,cesar,,,7876,,kaikki_no_match
wfpt-08630,cessar,verb,,8729,прекращать,kaikki_pt_ru_enriched
wfpt-08916,cesta,noun,,9017,корзина,kaikki_pt_ru_enriched
wfpt-10038,chagas,,,10147,,kaikki_no_match
wfpt-00748,chama,noun,,781,пламя,kaikki_pt_ru_enriched
wfpt-00749,chamada,,,782,,kaikki_no_match
wfpt-02765,chamadas,,,2824,,kaikki_no_match
wfpt-00613,chamado,,,641,,kaikki_no_match
wfpt-02807,chamados,,,2866,,kaikki_no_match
wfpt-02934,chamam,,,2995,,kaikki_no_match
wfpt-08490,chamamos,,,8587,,kaikki_no_match
wfpt-03066,chamando,,,3128,,kaikki_no_match
wfpt-00850,chamar,,,884,,kaikki_no_match
wfpt-06905,chamaram,,,6995,,kaikki_no_match
wfpt-05311,chamas,,,5391,,kaikki_no_match
wfpt-06066,chamava,,,6151,,kaikki_no_match
wfpt-07647,chame,,,7742,,kaikki_no_match
wfpt-07648,chamei,,,7743,,kaikki_no_match
wfpt-09863,chamem,,,9972,,kaikki_no_match
wfpt-03397,chamo,,,3461,,kaikki_no_match
wfpt-01688,chamou,,,1737,,kaikki_no_match
wfpt-10913,champions,,,11026,,kaikki_no_match
wfpt-08762,chan,,,8862,,kaikki_no_match
wfpt-01231,chance,noun,,1271,шанс,kaikki_pt_ru_enriched
wfpt-09204,chanceler,noun,,9307,канцлер,kaikki_pt_ru_enriched
wfpt-02996,chances,,,3058,,kaikki_no_match
wfpt-09864,channel,,,9973,,kaikki_no_match
wfpt-05836,chapa,,,5920,,kaikki_no_match
wfpt-09865,chapada,,,9974,,kaikki_no_match
wfpt-06425,chapéu,noun,,6513,шляпа,kaikki_pt_ru_enriched
wfpt-02808,charles,,,2867,,kaikki_no_match
wfpt-03473,charlie,,,3537,,kaikki_no_match
wfpt-07782,charlotte,,,7877,,kaikki_no_match
wfpt-08069,charme,,,8165,,kaikki_no_match
wfpt-10218,chase,,,10327,,kaikki_no_match
wfpt-06906,chat,noun,,6996,чат,kaikki_pt_ru_enriched
wfpt-09205,chata,,,9308,,kaikki_no_match
wfpt-07783,chateada,,,7878,,kaikki_no_match
wfpt-08070,chateado,,,8166,,kaikki_no_match
wfpt-04542,chato,,,4619,,kaikki_no_match
wfpt-01287,chave,noun,,1329,ключ,kaikki_pt_ru_enriched
wfpt-02870,chaves,,,2930,,kaikki_no_match
wfpt-11483,che,,,11600,,kaikki_no_match
wfpt-11112,checar,,,11227,,kaikki_no_match
wfpt-11113,check,,,11228,,kaikki_no_match
wfpt-06756,chef,,,6845,,kaikki_no_match
wfpt-00720,chefe,,,752,,kaikki_no_match
wfpt-04902,chefes,,,4981,,kaikki_no_match
wfpt-00598,chega,,,626,,kaikki_no_match
wfpt-01791,chegada,noun,,1842,финиш,kaikki_pt_ru_enriched
wfpt-04303,chegado,,,4379,,kaikki_no_match
wfpt-03249,chegam,,,3312,,kaikki_no_match
wfpt-03896,chegamos,,,3967,,kaikki_no_match
wfpt-01477,chegando,,,1524,,kaikki_no_match
wfpt-00372,chegar,,,390,,kaikki_no_match
wfpt-01908,chegaram,,,1961,,kaikki_no_match
wfpt-08763,chegarem,,,8863,,kaikki_no_match
wfpt-08917,chegará,,,9018,,kaikki_no_match
wfpt-09206,chegava,,,9309,,kaikki_no_match
wfpt-08346,chego,,,8442,,kaikki_no_match
wfpt-00439,chegou,,,459,,kaikki_no_match
wfpt-04304,chegue,,,4380,,kaikki_no_match
wfpt-02256,cheguei,,,2310,,kaikki_no_match
wfpt-11484,cheguem,,,11601,,kaikki_no_match
wfpt-01721,cheia,,,1770,,kaikki_no_match
wfpt-06907,cheias,,,6997,,kaikki_no_match
wfpt-01379,cheio,,,1424,,kaikki_no_match
wfpt-05525,cheios,,,5608,,kaikki_no_match
wfpt-02029,cheiro,noun,,2083,запах,kaikki_pt_ru_enriched
wfpt-08208,chelsea,,,8304,,kaikki_no_match
wfpt-10039,chen,,,10148,,kaikki_no_match
wfpt-10040,cheque,noun,,10149,чек,kaikki_pt_ru_enriched
wfpt-10219,chi,,,10328,,kaikki_no_match
wfpt-04058,chicago,,,4132,,kaikki_no_match
wfpt-03538,chico,,,3603,,kaikki_no_match
wfpt-10914,child,,,11027,,kaikki_no_match
wfpt-02414,chile,noun,,2468,чили,kaikki_pt_ru_enriched
wfpt-08918,chileno,,,9019,,kaikki_no_match
wfpt-00970,china,noun,,1005,китайская народная республика,kaikki_pt_ru_enriched
wfpt-03603,chinesa,,,3669,,kaikki_no_match
wfpt-11114,chinesas,,,11229,,kaikki_no_match
wfpt-04717,chineses,,,4795,,kaikki_no_match
wfpt-02809,chinês,,,2868,,kaikki_no_match
wfpt-07027,chip,,,7117,,kaikki_no_match
wfpt-10558,chipre,noun,,10670,кипр,kaikki_pt_ru_enriched
wfpt-10741,chique,,,10853,,kaikki_no_match
wfpt-10378,chocado,,,10489,,kaikki_no_match
wfpt-02507,chocolate,noun,,2562,шоколад,kaikki_pt_ru_enriched
wfpt-09707,choice,,,9815,,kaikki_no_match
wfpt-02935,choque,,,2996,,kaikki_no_match
wfpt-08631,chora,,,8730,,kaikki_no_match
wfpt-04543,chorando,,,4620,,kaikki_no_match
wfpt-02508,chorar,,,2563,,kaikki_no_match
wfpt-11890,chore,,,12012,,kaikki_no_match
wfpt-11891,chorei,,,12013,,kaikki_no_match
wfpt-07784,choro,,,7879,,kaikki_no_match
wfpt-09530,chover,,,9636,,kaikki_no_match
wfpt-02566,chris,,,2621,,kaikki_no_match
wfpt-06067,christian,,,6152,,kaikki_no_match
wfpt-11115,christina,,,11230,,kaikki_no_match
wfpt-09207,christopher,,,9310,,kaikki_no_match
wfpt-09051,chuck,,,9153,,kaikki_no_match
wfpt-07785,chumbo,noun,,7880,свинец,kaikki_pt_ru_enriched
wfpt-11485,chupar,verb,,11602,сосать,kaikki_pt_ru_enriched
wfpt-06908,churrasco,,,6998,,kaikki_no_match
wfpt-10915,chutar,,,11028,,kaikki_no_match
wfpt-07786,chute,,,7881,,kaikki_no_match
wfpt-01516,chuva,noun,,1563,дождь,kaikki_pt_ru_enriched
wfpt-04631,chuvas,,,4709,,kaikki_no_match
wfpt-07923,chuveiro,noun,,8018,душ,kaikki_pt_ru_enriched
wfpt-02655,chá,noun,,2711,чай,kaikki_pt_ru_enriched
wfpt-01103,chão,,,1140,,kaikki_no_match
wfpt-03755,cia,,,3822,,kaikki_no_match
wfpt-11706,cicatrizes,,,11827,,kaikki_no_match
wfpt-07028,ciclistas,,,7118,,kaikki_no_match
wfpt-02611,ciclo,noun,,2667,цикл,kaikki_pt_ru_enriched
wfpt-09208,ciclone,noun,,9311,циклон,kaikki_pt_ru_enriched
wfpt-08632,ciclos,,,8731,,kaikki_no_match
wfpt-03474,cidadania,,,3538,,kaikki_no_match
wfpt-00116,cidade,noun,,124,город,kaikki_pt_ru_enriched
wfpt-00568,cidades,,,595,,kaikki_no_match
wfpt-02567,cidadão,,,2622,,kaikki_no_match
wfpt-02125,cidadãos,,,2179,,kaikki_no_match
wfpt-08633,ciente,,,8732,,kaikki_no_match
wfpt-04806,cientista,,,4884,,kaikki_no_match
wfpt-03067,cientistas,,,3129,,kaikki_no_match
wfpt-02415,científica,,,2469,,kaikki_no_match
wfpt-08209,científicas,,,8305,,kaikki_no_match
wfpt-04305,científico,,,4381,,kaikki_no_match
wfpt-06655,científicos,,,6744,,kaikki_no_match
wfpt-04544,cigarro,noun,,4621,сигарета,kaikki_pt_ru_enriched
wfpt-00554,cima,,,580,,kaikki_no_match
wfpt-10041,cimento,noun,,10150,цемент,kaikki_pt_ru_enriched
wfpt-00355,cinco,,,373,,kaikki_no_match
wfpt-08634,cine,,,8733,,kaikki_no_match
wfpt-07029,cineasta,,,7119,,kaikki_no_match
wfpt-11486,cineastas,,,11603,,kaikki_no_match
wfpt-01074,cinema,noun,,1111,кино,kaikki_pt_ru_enriched
wfpt-06530,cinemas,,,6619,,kaikki_no_match
wfpt-09708,cinematográfica,,,9816,,kaikki_no_match
wfpt-05633,cinquenta,,,5716,,kaikki_no_match
wfpt-09351,cinto,,,9456,,kaikki_no_match
wfpt-05837,cintura,,,5921,,kaikki_no_match
wfpt-05312,cinza,noun,,5392,пепел,kaikki_pt_ru_enriched
wfpt-07030,cinzas,,,7120,,kaikki_no_match
wfpt-05634,circo,noun,,5717,цирк,kaikki_pt_ru_enriched
wfpt-03682,circuito,,,3748,,kaikki_no_match
wfpt-09531,circuitos,,,9637,,kaikki_no_match
wfpt-04460,circular,,,4537,,kaikki_no_match
wfpt-03127,circulação,,,3189,,kaikki_no_match
wfpt-03398,circunstâncias,,,3462,,kaikki_no_match
wfpt-10379,ciro,noun,,10490,кир,kaikki_pt_ru_enriched
wfpt-02612,cirurgia,noun,,2668,хирургия,kaikki_pt_ru_enriched
wfpt-09052,cirurgião,noun,,9154,хирург,kaikki_pt_ru_enriched
wfpt-06301,cita,,,6388,,kaikki_no_match
wfpt-08635,citada,,,8734,,kaikki_no_match
wfpt-11707,citadas,,,11828,,kaikki_no_match
wfpt-04718,citado,,,4796,,kaikki_no_match
wfpt-08071,citados,,,8167,,kaikki_no_match
wfpt-07280,citando,,,7373,,kaikki_no_match
wfpt-05748,citar,,,5831,,kaikki_no_match
wfpt-07787,citação,noun,,7882,цитата,kaikki_pt_ru_enriched
wfpt-09709,citações,,,9817,,kaikki_no_match
wfpt-08210,citou,,,8306,,kaikki_no_match
wfpt-02871,city,,,2931,,kaikki_no_match
wfpt-00666,civil,,,695,,kaikki_no_match
wfpt-04903,civilização,,,4982,,kaikki_no_match
wfpt-02509,civis,,,2564,,kaikki_no_match
wfpt-01232,ciência,noun,,1272,наука,kaikki_pt_ru_enriched
wfpt-01618,ciências,,,1667,,kaikki_no_match
wfpt-05955,ciúmes,,,6040,,kaikki_no_match
wfpt-10380,claire,,,10491,,kaikki_no_match
wfpt-01652,clara,,,1701,,kaikki_no_match
wfpt-02306,claramente,,,2360,,kaikki_no_match
wfpt-06531,claras,,,6620,,kaikki_no_match
wfpt-05838,clark,,,5922,,kaikki_no_match
wfpt-00367,claro,,,385,,kaikki_no_match
wfpt-07169,claros,,,7260,,kaikki_no_match
wfpt-10742,class,,,10854,,kaikki_no_match
wfpt-01075,classe,noun,,1112,класс,kaikki_pt_ru_enriched
wfpt-03250,classes,,,3313,,kaikki_no_match
wfpt-11708,classificada,,,11829,,kaikki_no_match
wfpt-07281,classificado,,,7374,,kaikki_no_match
wfpt-06426,classificados,,,6514,,kaikki_no_match
wfpt-10042,classificar,,,10151,,kaikki_no_match
wfpt-02356,classificação,noun,,2410,классифицирование,kaikki_pt_ru_enriched
wfpt-11892,classificou,,,12014,,kaikki_no_match
wfpt-05526,claudia,,,5609,,kaikki_no_match
wfpt-09532,claudio,,,9638,,kaikki_no_match
wfpt-10743,clicar,,,10855,,kaikki_no_match
wfpt-02030,cliente,noun,,2084,клиент,kaikki_pt_ru_enriched
wfpt-01862,clientes,,,1915,,kaikki_no_match
wfpt-01478,clima,noun,,1525,климат,kaikki_pt_ru_enriched
wfpt-07031,climáticas,,,7121,,kaikki_no_match
wfpt-10559,clinton,,,10671,,kaikki_no_match
wfpt-04545,clipe,noun,,4622,скрепка,kaikki_pt_ru_enriched
wfpt-11295,clipes,,,11412,,kaikki_no_match
wfpt-01653,clique,,,1702,,kaikki_no_match
wfpt-09352,close,,,9457,,kaikki_no_match
wfpt-03897,club,,,3968,,kaikki_no_match
wfpt-00812,clube,noun,,846,клуб,kaikki_pt_ru_enriched
wfpt-03475,clubes,,,3539,,kaikki_no_match
wfpt-05635,clássica,,,5718,,kaikki_no_match
wfpt-11893,clássicas,,,12015,,kaikki_no_match
wfpt-02257,clássico,,,2311,,kaikki_no_match
wfpt-05095,clássicos,,,5174,,kaikki_no_match
wfpt-07517,cláudia,,,7612,,kaikki_no_match
wfpt-05749,cláudio,,,5832,,kaikki_no_match
wfpt-08491,clã,noun,,8588,клан,kaikki_pt_ru_enriched
wfpt-04059,clínica,,,4133,,kaikki_no_match
wfpt-10916,clínicas,,,11029,,kaikki_no_match
wfpt-11116,coalizão,noun,,11231,коалиция,kaikki_pt_ru_enriched
wfpt-06068,coberta,,,6153,,kaikki_no_match
wfpt-08919,cobertas,,,9020,,kaikki_no_match
wfpt-06532,coberto,,,6621,,kaikki_no_match
wfpt-11117,cobertor,noun,,11232,одеяло,kaikki_pt_ru_enriched
wfpt-11894,cobertos,,,12016,,kaikki_no_match
wfpt-01909,cobertura,,,1962,,kaikki_no_match
wfpt-04060,cobra,noun,,4134,кобра,kaikki_pt_ru_enriched
wfpt-08636,cobrança,,,8735,,kaikki_no_match
wfpt-05096,cobrar,,,5175,,kaikki_no_match
wfpt-03818,cobre,noun,,3888,медь,kaikki_pt_ru_enriched
wfpt-09866,cobrindo,,,9975,,kaikki_no_match
wfpt-04632,cobrir,,,4710,,kaikki_no_match
wfpt-05422,coca,,,5505,,kaikki_no_match
wfpt-06427,cocaína,noun,,6515,кокаин,kaikki_pt_ru_enriched
wfpt-05750,coco,,,5833,,kaikki_no_match
wfpt-03251,coelho,noun,,3314,кролик,kaikki_pt_ru_enriched
wfpt-10917,coerente,,,11030,,kaikki_no_match
wfpt-10744,cofres,,,10856,,kaikki_no_match
wfpt-11709,cogumelos,,,11830,,kaikki_no_match
wfpt-05527,coimbra,,,5610,,kaikki_no_match
wfpt-04904,coincidência,noun,,4983,совпадение,kaikki_pt_ru_enriched
wfpt-00099,coisa,,,105,,kaikki_no_match
wfpt-00142,coisas,,,152,,kaikki_no_match
wfpt-11118,coisinha,,,11233,,kaikki_no_match
wfpt-11487,coitado,,,11604,,kaikki_no_match
wfpt-04306,cola,,,4382,,kaikki_no_match
wfpt-07416,colaborador,,,7509,,kaikki_no_match
wfpt-04719,colaboradores,,,4797,,kaikki_no_match
wfpt-07032,colaborar,,,7122,,kaikki_no_match
wfpt-10560,colaborou,,,10672,,kaikki_no_match
wfpt-05839,colapso,noun,,5923,глубокая депрессия,kaikki_pt_ru_enriched
wfpt-04905,colar,verb,,4984,клей,kaikki_pt_ru_enriched
wfpt-11710,colaterais,,,11831,,kaikki_no_match
wfpt-11711,colchão,noun,,11832,матрац,kaikki_pt_ru_enriched
wfpt-07033,cole,,,7123,,kaikki_no_match
wfpt-10745,colecção,,,10857,,kaikki_no_match
wfpt-02613,colega,,,2669,,kaikki_no_match
wfpt-02212,colegas,,,2266,,kaikki_no_match
wfpt-04807,coleta,,,4885,,kaikki_no_match
wfpt-10043,coletar,,,10152,,kaikki_no_match
wfpt-03476,coletiva,,,3540,,kaikki_no_match
wfpt-03477,coletivo,,,3541,,kaikki_no_match
wfpt-08920,coletivos,,,9021,,kaikki_no_match
wfpt-02031,coleção,noun,,2085,собрание,kaikki_pt_ru_enriched
wfpt-09209,coleções,,,9312,,kaikki_no_match
wfpt-07518,colheita,,,7613,,kaikki_no_match
wfpt-06428,colher,noun,,6516,ложка,kaikki_pt_ru_enriched
wfpt-08072,coligação,,,8168,,kaikki_no_match
wfpt-10746,colin,,,10858,,kaikki_no_match
wfpt-08211,colina,,,8307,,kaikki_no_match
wfpt-09867,colisão,noun,,9976,столкновение,kaikki_pt_ru_enriched
wfpt-09710,college,,,9818,,kaikki_no_match
wfpt-08921,collins,,,9022,,kaikki_no_match
wfpt-05097,colo,,,5176,,kaikki_no_match
wfpt-02032,coloca,,,2086,,kaikki_no_match
wfpt-04993,colocada,,,5072,,kaikki_no_match
wfpt-08347,colocadas,,,8443,,kaikki_no_match
wfpt-02706,colocado,,,2765,,kaikki_no_match
wfpt-05636,colocados,,,5719,,kaikki_no_match
wfpt-05751,colocam,,,5834,,kaikki_no_match
wfpt-11895,colocamos,,,12017,,kaikki_no_match
wfpt-02997,colocando,,,3059,,kaikki_no_match
wfpt-00667,colocar,,,696,,kaikki_no_match
wfpt-05840,colocaram,,,5924,,kaikki_no_match
wfpt-05313,colocação,,,5393,,kaikki_no_match
wfpt-08492,coloco,,,8589,,kaikki_no_match
wfpt-02172,colocou,,,2226,,kaikki_no_match
wfpt-08922,colocá,,,9023,,kaikki_no_match
wfpt-08923,colombiano,,,9024,,kaikki_no_match
wfpt-11896,colombo,,,12018,,kaikki_no_match
wfpt-04377,colonial,,,4453,,kaikki_no_match
wfpt-07788,colonização,,,7883,,kaikki_no_match
wfpt-02766,coloque,,,2825,,kaikki_no_match
wfpt-03604,coloquei,,,3670,,kaikki_no_match
wfpt-10561,coloquem,,,10673,,kaikki_no_match
wfpt-11296,color,,,11413,,kaikki_no_match
wfpt-08493,colorado,,,8590,,kaikki_no_match
wfpt-09533,colorida,,,9639,,kaikki_no_match
wfpt-09353,colorido,,,9458,,kaikki_no_match
wfpt-08637,columbia,,,8736,,kaikki_no_match
wfpt-02707,coluna,,,2766,,kaikki_no_match
wfpt-08348,colunas,,,8444,,kaikki_no_match
wfpt-10381,colunista,,,10492,,kaikki_no_match
wfpt-02173,colégio,,,2227,,kaikki_no_match
wfpt-02656,colômbia,noun,,2713,колумбия,kaikki_pt_ru_enriched
wfpt-05528,colônia,noun,,5611,колония,kaikki_pt_ru_enriched
wfpt-05841,coma,noun,,5925,кома,kaikki_pt_ru_enriched
wfpt-11297,comanda,,,11414,,kaikki_no_match
wfpt-11488,comandado,,,11605,,kaikki_no_match
wfpt-01983,comandante,,,2037,,kaikki_no_match
wfpt-10918,comandantes,,,11031,,kaikki_no_match
wfpt-10562,comandar,,,10674,,kaikki_no_match
wfpt-01380,comando,,,1425,,kaikki_no_match
wfpt-09210,comandos,,,9313,,kaikki_no_match
wfpt-01341,combate,,,1384,,kaikki_no_match
wfpt-10044,combatentes,,,10153,,kaikki_no_match
wfpt-03478,combater,,,3542,,kaikki_no_match
wfpt-05314,combina,,,5394,,kaikki_no_match
wfpt-05752,combinado,,,5835,,kaikki_no_match
wfpt-11897,combinam,,,12019,,kaikki_no_match
wfpt-06656,combinar,,,6745,,kaikki_no_match
wfpt-03539,combinação,,,3604,,kaikki_no_match
wfpt-06190,comboio,noun,,6275,поезд,kaikki_pt_ru_enriched
wfpt-06757,combustíveis,,,6846,,kaikki_no_match
wfpt-02657,combustível,,,2714,,kaikki_no_match
wfpt-02307,come,,,2361,,kaikki_no_match
wfpt-04808,comece,,,4886,,kaikki_no_match
wfpt-01722,comecei,,,1771,,kaikki_no_match
wfpt-09868,comecem,,,9977,,kaikki_no_match
wfpt-10747,comediante,noun,,10859,ко́мик,kaikki_pt_ru_enriched
wfpt-09354,comem,,,9459,,kaikki_no_match
wfpt-05956,comemora,,,6041,,kaikki_no_match
wfpt-09869,comemorando,,,9978,,kaikki_no_match
wfpt-03819,comemorar,,,3889,,kaikki_no_match
wfpt-08212,comemorações,,,8308,,kaikki_no_match
wfpt-11712,comemorou,,,11833,,kaikki_no_match
wfpt-03977,comendo,,,4050,,kaikki_no_match
wfpt-04061,comenta,,,4135,,kaikki_no_match
wfpt-06191,comentando,,,6276,,kaikki_no_match
wfpt-04062,comentar,,,4136,,kaikki_no_match
wfpt-09211,comentarista,,,9314,,kaikki_no_match
wfpt-03683,comentou,,,3749,,kaikki_no_match
wfpt-01824,comentário,noun,,1876,замечание,kaikki_pt_ru_enriched
wfpt-01233,comentários,,,1273,,kaikki_no_match
wfpt-00721,comer,verb,,753,есть,kaikki_pt_ru_enriched
wfpt-02308,comerciais,,,2362,,kaikki_no_match
wfpt-01312,comercial,noun,,1354,реклама,kaikki_pt_ru_enriched
wfpt-10748,comercialização,,,10860,,kaikki_no_match
wfpt-10382,comerciante,,,10493,,kaikki_no_match
wfpt-06302,comerciantes,,,6389,,kaikki_no_match
wfpt-05206,cometer,,,5286,,kaikki_no_match
wfpt-06533,cometeu,,,6622,,kaikki_no_match
wfpt-08349,cometido,,,8445,,kaikki_no_match
wfpt-10045,cometidos,,,10154,,kaikki_no_match
wfpt-05315,comeu,,,5395,,kaikki_no_match
wfpt-00767,começa,,,801,,kaikki_no_match
wfpt-07282,começado,,,7375,,kaikki_no_match
wfpt-02357,começam,,,2411,,kaikki_no_match
wfpt-04307,começamos,,,4383,,kaikki_no_match
wfpt-01984,começando,,,2038,,kaikki_no_match
wfpt-00479,começar,verb,,501,начать,kaikki_pt_ru_enriched
wfpt-01587,começaram,,,1636,,kaikki_no_match
wfpt-10383,começarem,,,10494,,kaikki_no_match
wfpt-11713,começará,,,11834,,kaikki_no_match
wfpt-10563,começava,,,10675,,kaikki_no_match
wfpt-01076,começo,,,1113,,kaikki_no_match
wfpt-00387,começou,,,405,,kaikki_no_match
wfpt-06758,comi,,,6847,,kaikki_no_match
wfpt-00831,comida,,,865,,kaikki_no_match
wfpt-08924,comidas,,,9025,,kaikki_no_match
wfpt-09053,comissário,noun,,9155,стюард,kaikki_pt_ru_enriched
wfpt-00917,comissão,,,951,,kaikki_no_match
wfpt-08638,comissões,,,8737,,kaikki_no_match
wfpt-08639,comité,,,8738,,kaikki_no_match
wfpt-02510,comitê,,,2565,,kaikki_no_match
wfpt-09212,compaixão,noun,,9315,сочувствие,kaikki_pt_ru_enriched
wfpt-09213,companheira,,,9316,,kaikki_no_match
wfpt-03540,companheiro,,,3605,,kaikki_no_match
wfpt-03684,companheiros,,,3750,,kaikki_no_match
wfpt-00875,companhia,noun,,909,діло,kaikki_pt_ru_enriched
wfpt-03317,companhias,,,3380,,kaikki_no_match
wfpt-10384,company,,,10495,,kaikki_no_match
wfpt-08640,compara,,,8739,,kaikki_no_match
wfpt-10919,comparada,,,11032,,kaikki_no_match
wfpt-05637,comparado,,,5720,,kaikki_no_match
wfpt-08764,comparando,,,8864,,kaikki_no_match
wfpt-06303,comparar,verb,,6390,сравнивать,kaikki_pt_ru_enriched
wfpt-02872,comparação,,,2932,,kaikki_no_match
wfpt-11898,comparações,,,12020,,kaikki_no_match
wfpt-08765,comparecer,,,8865,,kaikki_no_match
wfpt-07789,compartilha,,,7884,,kaikki_no_match
wfpt-10046,compartilhada,,,10155,,kaikki_no_match
wfpt-10385,compartilhado,,,10496,,kaikki_no_match
wfpt-11714,compartilham,,,11835,,kaikki_no_match
wfpt-08350,compartilhamento,,,8446,,kaikki_no_match
wfpt-08925,compartilhando,,,9026,,kaikki_no_match
wfpt-02309,compartilhar,,,2363,,kaikki_no_match
wfpt-08766,compartilhe,,,8866,,kaikki_no_match
wfpt-10564,compatível,,,10676,,kaikki_no_match
wfpt-09054,compensar,,,9156,,kaikki_no_match
wfpt-07649,compensação,,,7744,,kaikki_no_match
wfpt-10047,compete,,,10156,,kaikki_no_match
wfpt-07034,competir,,,7124,,kaikki_no_match
wfpt-11899,competitivo,,,12021,,kaikki_no_match
wfpt-01619,competição,,,1668,,kaikki_no_match
wfpt-07283,competições,,,7376,,kaikki_no_match
wfpt-06909,competência,,,6999,,kaikki_no_match
wfpt-11900,competências,,,12022,,kaikki_no_match
wfpt-11119,compilação,,,11234,,kaikki_no_match
wfpt-07924,complementar,,,8019,,kaikki_no_match
wfpt-01479,completa,,,1526,,kaikki_no_match
wfpt-01104,completamente,,,1141,,kaikki_no_match
wfpt-10749,completando,,,10861,,kaikki_no_match
wfpt-03978,completar,,,4051,,kaikki_no_match
wfpt-10386,completas,,,10497,,kaikki_no_match
wfpt-01910,completo,,,1963,,kaikki_no_match
wfpt-09355,completos,,,9460,,kaikki_no_match
wfpt-05423,completou,,,5506,,kaikki_no_match
wfpt-06910,complexa,,,7000,,kaikki_no_match
wfpt-09711,complexas,,,9819,,kaikki_no_match
wfpt-06429,complexidade,noun,,6517,сложность,kaikki_pt_ru_enriched
wfpt-01863,complexo,,,1916,,kaikki_no_match
wfpt-07519,complexos,,,7614,,kaikki_no_match
wfpt-06534,complicada,,,6623,,kaikki_no_match
wfpt-03068,complicado,,,3130,,kaikki_no_match
wfpt-08351,complicações,,,8447,,kaikki_no_match
wfpt-06657,componente,,,6746,,kaikki_no_match
wfpt-04220,componentes,,,4296,,kaikki_no_match
wfpt-07925,compor,,,8020,,kaikki_no_match
wfpt-10920,comporta,,,11033,,kaikki_no_match
wfpt-01620,comportamento,,,1669,,kaikki_no_match
wfpt-07284,comportamentos,,,7377,,kaikki_no_match
wfpt-11901,comportar,,,12023,,kaikki_no_match
wfpt-06069,compositor,noun,,6154,композитор,kaikki_pt_ru_enriched
wfpt-03399,composição,,,3463,,kaikki_no_match
wfpt-11298,composições,,,11415,,kaikki_no_match
wfpt-03252,composta,,,3315,,kaikki_no_match
wfpt-03069,composto,,,3131,,kaikki_no_match
wfpt-09356,compostos,,,9461,,kaikki_no_match
wfpt-01517,compra,,,1564,,kaikki_no_match
wfpt-06535,comprado,,,6624,,kaikki_no_match
wfpt-09712,compradores,,,9820,,kaikki_no_match
wfpt-11902,compram,,,12024,,kaikki_no_match
wfpt-07520,comprando,,,7615,,kaikki_no_match
wfpt-00614,comprar,verb,,642,покупать,kaikki_pt_ru_enriched
wfpt-03188,compras,,,3251,,kaikki_no_match
wfpt-04906,compre,,,4985,,kaikki_no_match
wfpt-05316,compreende,,,5396,,kaikki_no_match
wfpt-03685,compreender,,,3751,,kaikki_no_match
wfpt-04063,compreensão,,,4137,,kaikki_no_match
wfpt-02767,comprei,,,2826,,kaikki_no_match
wfpt-04461,comprimento,noun,,4538,длина,kaikki_pt_ru_enriched
wfpt-10048,compro,,,10157,,kaikki_no_match
wfpt-09055,comprometer,verb,,9157,нанимать,kaikki_pt_ru_enriched
wfpt-10921,comprometida,,,11034,,kaikki_no_match
wfpt-10565,comprometido,,,10677,,kaikki_no_match
wfpt-11299,comprometimento,,,11416,,kaikki_no_match
wfpt-02998,compromisso,,,3060,,kaikki_no_match
wfpt-07790,compromissos,,,7885,,kaikki_no_match
wfpt-02999,comprou,,,3061,,kaikki_no_match
wfpt-01288,computador,noun,,1330,компьютер,kaikki_pt_ru_enriched
wfpt-02568,computadores,,,2623,,kaikki_no_match
wfpt-04907,computação,,,4986,,kaikki_no_match
wfpt-10566,compõe,,,10678,,kaikki_no_match
wfpt-07285,compõem,,,7378,,kaikki_no_match
wfpt-00639,comum,,,667,,kaikki_no_match
wfpt-09357,comumente,,,9462,,kaikki_no_match
wfpt-09870,comuna,,,9979,,kaikki_no_match
wfpt-10750,comunhão,,,10862,,kaikki_no_match
wfpt-04462,comunicado,,,4539,,kaikki_no_match
wfpt-04378,comunicar,,,4454,,kaikki_no_match
wfpt-00707,comunicação,noun,,738,общение,kaikki_pt_ru_enriched
wfpt-03400,comunicações,,,3464,,kaikki_no_match
wfpt-00657,comunidade,,,685,,kaikki_no_match
wfpt-02310,comunidades,,,2364,,kaikki_no_match
wfpt-09713,comunismo,noun,,9821,коммунизм,kaikki_pt_ru_enriched
wfpt-03318,comunista,noun,,3381,коммунист,kaikki_pt_ru_enriched
wfpt-07926,comunistas,,,8021,,kaikki_no_match
wfpt-08213,comunitária,,,8309,,kaikki_no_match
wfpt-08073,comunitário,,,8169,,kaikki_no_match
wfpt-01758,comuns,,,1809,,kaikki_no_match
wfpt-04908,comédia,noun,,4987,комедия,kaikki_pt_ru_enriched
wfpt-01342,comércio,noun,,1385,торговля,kaikki_pt_ru_enriched
wfpt-04633,con,,,4711,,kaikki_no_match
wfpt-10049,concebido,,,10158,,kaikki_no_match
wfpt-10567,concede,,,10679,,kaikki_no_match
wfpt-08074,conceder,,,8170,,kaikki_no_match
wfpt-07791,concedeu,,,7886,,kaikki_no_match
wfpt-07035,concedida,,,7125,,kaikki_no_match
wfpt-06430,concedido,,,6518,,kaikki_no_match
wfpt-01480,conceito,noun,,1527,концепт,kaikki_pt_ru_enriched
wfpt-04064,conceitos,,,4138,,kaikki_no_match
wfpt-04720,conceição,,,4798,,kaikki_no_match
wfpt-05842,concelho,,,5926,,kaikki_no_match
wfpt-07927,concentra,,,8022,,kaikki_no_match
wfpt-11300,concentrado,,,11417,,kaikki_no_match
wfpt-06192,concentrar,,,6277,,kaikki_no_match
wfpt-02936,concentração,noun,,2997,напряжение,kaikki_pt_ru_enriched
wfpt-06193,concepção,,,6278,,kaikki_no_match
wfpt-04809,concerto,,,4887,,kaikki_no_match
wfpt-08767,concertos,,,8867,,kaikki_no_match
wfpt-04221,concessão,,,4297,,kaikki_no_match
wfpt-10387,concessões,,,10498,,kaikki_no_match
wfpt-07036,conclui,,,7126,,kaikki_no_match
wfpt-05957,concluir,,,6042,,kaikki_no_match
wfpt-04721,concluiu,,,4799,,kaikki_no_match
wfpt-02569,conclusão,,,2624,,kaikki_no_match
wfpt-06759,conclusões,,,6848,,kaikki_no_match
wfpt-08926,concluída,,,9027,,kaikki_no_match
wfpt-07792,concluído,,,7887,,kaikki_no_match
wfpt-04379,concorda,,,4455,,kaikki_no_match
wfpt-10568,concordam,,,10680,,kaikki_no_match
wfpt-04994,concordar,,,5073,,kaikki_no_match
wfpt-03319,concordo,,,3382,,kaikki_no_match
wfpt-06304,concordou,,,6391,,kaikki_no_match
wfpt-10050,concorrente,,,10159,,kaikki_no_match
wfpt-07037,concorrentes,,,7127,,kaikki_no_match
wfpt-06070,concorrer,,,6155,,kaikki_no_match
wfpt-06536,concorrência,,,6625,,kaikki_no_match
wfpt-05424,concreto,noun,,5507,бетон,kaikki_pt_ru_enriched
wfpt-01825,concurso,noun,,1877,конкурс,kaikki_pt_ru_enriched
wfpt-09534,concursos,,,9640,,kaikki_no_match
wfpt-08494,condado,,,8591,,kaikki_no_match
wfpt-06071,conde,noun,,6156,граф,kaikki_pt_ru_enriched
wfpt-10751,condenada,,,10863,,kaikki_no_match
wfpt-03128,condenado,noun,,3190,заключённый,kaikki_pt_ru_enriched
wfpt-06760,condenados,,,6849,,kaikki_no_match
wfpt-05638,condenação,,,5721,,kaikki_no_match
wfpt-10922,condenou,,,11035,,kaikki_no_match
wfpt-07170,condicionado,,,7261,,kaikki_no_match
wfpt-02033,condição,,,2087,,kaikki_no_match
wfpt-00788,condições,,,822,,kaikki_no_match
wfpt-08768,condomínio,,,8868,,kaikki_no_match
wfpt-04222,conduta,,,4298,,kaikki_no_match
wfpt-08495,condutor,,,8592,,kaikki_no_match
wfpt-08352,conduz,,,8448,,kaikki_no_match
wfpt-10923,conduzida,,,11036,,kaikki_no_match
wfpt-08214,conduzido,,,8310,,kaikki_no_match
wfpt-04634,conduzir,,,4712,,kaikki_no_match
wfpt-10388,conduziu,,,10499,,kaikki_no_match
wfpt-07286,condução,,,7379,,kaikki_no_match
wfpt-11903,cone,,,12025,,kaikki_no_match
wfpt-07650,conectado,,,7745,,kaikki_no_match
wfpt-09871,conectados,,,9980,,kaikki_no_match
wfpt-07038,conectar,,,7128,,kaikki_no_match
wfpt-02511,conexão,,,2566,,kaikki_no_match
wfpt-06194,conexões,,,6279,,kaikki_no_match
wfpt-06305,confederação,,,6392,,kaikki_no_match
wfpt-10220,confederações,,,10329,,kaikki_no_match
wfpt-09535,confere,,,9641,,kaikki_no_match
wfpt-06072,conferir,,,6157,,kaikki_no_match
wfpt-01864,conferência,,,1917,,kaikki_no_match
wfpt-06911,conferências,,,7001,,kaikki_no_match
wfpt-09358,confessar,,,9463,,kaikki_no_match
wfpt-04722,confesso,,,4800,,kaikki_no_match
wfpt-09536,confessou,,,9642,,kaikki_no_match
wfpt-05843,confia,,,5927,,kaikki_no_match
wfpt-08215,confiante,,,8311,,kaikki_no_match
wfpt-01654,confiança,,,1703,,kaikki_no_match
wfpt-03000,confiar,,,3062,,kaikki_no_match
wfpt-08927,confie,,,9028,,kaikki_no_match
wfpt-07521,configuração,,,7616,,kaikki_no_match
wfpt-04810,confio,,,4888,,kaikki_no_match
wfpt-01865,confira,,,1918,,kaikki_no_match
wfpt-05098,confirma,,,5177,,kaikki_no_match
wfpt-06431,confirmada,,,6519,,kaikki_no_match
wfpt-04723,confirmado,,,4801,,kaikki_no_match
wfpt-10221,confirmados,,,10330,,kaikki_no_match
wfpt-04635,confirmar,,,4713,,kaikki_no_match
wfpt-05844,confirmação,,,5928,,kaikki_no_match
wfpt-03756,confirmou,,,3823,,kaikki_no_match
wfpt-08769,confissão,,,8869,,kaikki_no_match
wfpt-10051,confiáveis,,,10160,,kaikki_no_match
wfpt-06073,confiável,,,6158,,kaikki_no_match
wfpt-02079,conflito,noun,,2133,конфликт,kaikki_pt_ru_enriched
wfpt-02708,conflitos,,,2767,,kaikki_no_match
wfpt-01518,conforme,,,1565,,kaikki_no_match
wfpt-05845,conforto,,,5929,,kaikki_no_match
wfpt-04223,confortável,,,4299,,kaikki_no_match
wfpt-03605,confronto,,,3671,,kaikki_no_match
wfpt-06537,confrontos,,,6626,,kaikki_no_match
wfpt-08641,confundir,,,8740,,kaikki_no_match
wfpt-07171,confusa,,,7262,,kaikki_no_match
wfpt-06306,confuso,,,6393,,kaikki_no_match
wfpt-02358,confusão,,,2412,,kaikki_no_match
wfpt-05529,congo,,,5612,,kaikki_no_match
wfpt-09056,congregação,,,9158,,kaikki_no_match
wfpt-01198,congresso,,,1237,,kaikki_no_match
wfpt-01027,conhece,,,1063,,kaikki_no_match
wfpt-03479,conhecem,,,3543,,kaikki_no_match
wfpt-04463,conhecemos,,,4540,,kaikki_no_match
wfpt-08353,conhecendo,,,8449,,kaikki_no_match
wfpt-00679,conhecer,verb,,709,знать,kaikki_pt_ru_enriched
wfpt-09714,conheceram,,,9822,,kaikki_no_match
wfpt-03001,conheceu,,,3063,,kaikki_no_match
wfpt-02359,conheci,,,2413,,kaikki_no_match
wfpt-04464,conhecia,,,4541,,kaikki_no_match
wfpt-11904,conheciam,,,12026,,kaikki_no_match
wfpt-01264,conhecida,,,1305,,kaikki_no_match
wfpt-04465,conhecidas,,,4542,,kaikki_no_match
wfpt-00722,conhecido,,,754,,kaikki_no_match
wfpt-02512,conhecidos,,,2567,,kaikki_no_match
wfpt-00950,conhecimento,,,984,,kaikki_no_match
wfpt-04724,conhecimentos,,,4802,,kaikki_no_match
wfpt-02513,conheça,,,2568,,kaikki_no_match
wfpt-01265,conheço,,,1306,,kaikki_no_match
wfpt-07039,conjunta,,,7129,,kaikki_no_match
wfpt-01008,conjunto,noun,,1044,множество,kaikki_pt_ru_enriched
wfpt-09359,conjuntos,,,9464,,kaikki_no_match
wfpt-09715,connosco,,,9823,,kaikki_no_match
wfpt-02514,conosco,,,2569,,kaikki_no_match
wfpt-02455,conquista,,,2509,,kaikki_no_match
wfpt-09360,conquistado,,,9465,,kaikki_no_match
wfpt-11489,conquistando,,,11606,,kaikki_no_match
wfpt-03070,conquistar,,,3132,,kaikki_no_match
wfpt-04909,conquistas,,,4988,,kaikki_no_match
wfpt-04224,conquistou,,,4300,,kaikki_no_match
wfpt-06432,consciente,,,6520,,kaikki_no_match
wfpt-08928,conscientização,,,9029,,kaikki_no_match
wfpt-01621,consciência,noun,,1670,сознание,kaikki_pt_ru_enriched
wfpt-10222,consecutivo,,,10331,,kaikki_no_match
wfpt-00708,consegue,,,739,,kaikki_no_match
wfpt-01952,conseguem,,,2006,,kaikki_no_match
wfpt-01438,consegui,,,1485,,kaikki_no_match
wfpt-04995,conseguia,,,5074,,kaikki_no_match
wfpt-04546,conseguido,,,4623,,kaikki_no_match
wfpt-03253,conseguimos,,,3316,,kaikki_no_match
wfpt-04547,conseguindo,,,4624,,kaikki_no_match
wfpt-00640,conseguir,,,668,,kaikki_no_match
wfpt-02658,conseguiram,,,2715,,kaikki_no_match
wfpt-10389,conseguirem,,,10500,,kaikki_no_match
wfpt-10569,conseguiria,,,10681,,kaikki_no_match
wfpt-10223,conseguirá,,,10332,,kaikki_no_match
wfpt-00737,conseguiu,,,769,,kaikki_no_match
wfpt-04996,conselheiro,,,5075,,kaikki_no_match
wfpt-09057,conselheiros,,,9159,,kaikki_no_match
wfpt-00615,conselho,,,643,,kaikki_no_match
wfpt-03480,conselhos,,,3544,,kaikki_no_match
wfpt-05846,consenso,,,5930,,kaikki_no_match
wfpt-07417,consentimento,,,7510,,kaikki_no_match
wfpt-04997,consequentemente,,,5076,,kaikki_no_match
wfpt-03254,consequência,,,3317,,kaikki_no_match
wfpt-02873,consequências,,,2933,,kaikki_no_match
wfpt-11301,conseqüências,,,11418,,kaikki_no_match
wfpt-09537,consertar,,,9643,,kaikki_no_match
wfpt-07522,conservador,,,7617,,kaikki_no_match
wfpt-11302,conservadora,,,11419,,kaikki_no_match
wfpt-09214,conservadores,,,9317,,kaikki_no_match
wfpt-03606,conservação,,,3672,,kaikki_no_match
wfpt-02709,considera,,,2768,,kaikki_no_match
wfpt-02213,considerada,,,2267,,kaikki_no_match
wfpt-04380,consideradas,,,4456,,kaikki_no_match
wfpt-01234,considerado,,,1274,,kaikki_no_match
wfpt-03129,considerados,,,3191,,kaikki_no_match
wfpt-05530,consideram,,,5613,,kaikki_no_match
wfpt-02311,considerando,,,2365,,kaikki_no_match
wfpt-02768,considerar,,,2827,,kaikki_no_match
wfpt-08642,consideravelmente,,,8741,,kaikki_no_match
wfpt-03898,consideração,,,3969,,kaikki_no_match
wfpt-10752,considerações,,,10864,,kaikki_no_match
wfpt-06761,considere,,,6850,,kaikki_no_match
wfpt-05425,considero,,,5508,,kaikki_no_match
wfpt-04811,considerou,,,4889,,kaikki_no_match
wfpt-06433,considerável,,,6521,,kaikki_no_match
wfpt-04910,consiga,,,4989,,kaikki_no_match
wfpt-03130,consiste,,,3192,,kaikki_no_match
wfpt-09215,consistente,,,9318,,kaikki_no_match
wfpt-11120,console,,,11235,,kaikki_no_match
wfpt-11121,consolidar,,,11236,,kaikki_no_match
wfpt-08929,consolidação,,,9030,,kaikki_no_match
wfpt-05639,conspiração,noun,,5722,конспирация,kaikki_pt_ru_enriched
wfpt-05753,consta,,,5836,,kaikki_no_match
wfpt-02258,constante,,,2312,,kaikki_no_match
wfpt-03686,constantemente,,,3752,,kaikki_no_match
wfpt-05958,constantes,,,6043,,kaikki_no_match
wfpt-08770,constitucionais,,,8870,,kaikki_no_match
wfpt-02874,constitucional,,,2934,,kaikki_no_match
wfpt-06912,constituem,,,7002,,kaikki_no_match
wfpt-05317,constitui,,,5397,,kaikki_no_match
wfpt-11122,constituinte,,,11237,,kaikki_no_match
wfpt-01313,constituição,noun,,1355,конституция,kaikki_pt_ru_enriched
wfpt-09538,constituída,,,9644,,kaikki_no_match
wfpt-08496,constituído,,,8593,,kaikki_no_match
wfpt-07040,construindo,,,7130,,kaikki_no_match
wfpt-01554,construir,,,1602,,kaikki_no_match
wfpt-06538,construiu,,,6627,,kaikki_no_match
wfpt-00587,construção,noun,,614,устроение,kaikki_pt_ru_enriched
wfpt-05207,construções,,,5287,,kaikki_no_match
wfpt-03687,construída,,,3753,,kaikki_no_match
wfpt-09539,construídas,,,9645,,kaikki_no_match
wfpt-03481,construído,,,3545,,kaikki_no_match
wfpt-10753,construídos,,,10865,,kaikki_no_match
wfpt-09716,construíram,,,9824,,kaikki_no_match
wfpt-10570,constrói,,,10682,,kaikki_no_match
wfpt-06658,consulado,noun,,6747,ко́нсульство,kaikki_pt_ru_enriched
wfpt-04065,consulta,,,4139,,kaikki_no_match
wfpt-07651,consultado,,,7746,,kaikki_no_match
wfpt-10390,consultar,,,10501,,kaikki_no_match
wfpt-06539,consultor,,,6628,,kaikki_no_match
wfpt-11715,consultoria,,,11836,,kaikki_no_match
wfpt-11490,consumido,,,11607,,kaikki_no_match
wfpt-06307,consumidor,,,6394,,kaikki_no_match
wfpt-05318,consumidores,,,5398,,kaikki_no_match
wfpt-11123,consumir,,,11238,,kaikki_no_match
wfpt-02080,consumo,noun,,2134,потребление,kaikki_pt_ru_enriched
wfpt-10224,consórcio,,,10333,,kaikki_no_match
wfpt-00211,conta,,,223,,kaikki_no_match
wfpt-09058,contabilidade,,,9160,,kaikki_no_match
wfpt-11716,contactar,,,11837,,kaikki_no_match
wfpt-04725,contacto,,,4803,,kaikki_no_match
wfpt-10571,contada,,,10683,,kaikki_no_match
wfpt-09872,contado,,,9981,,kaikki_no_match
wfpt-09361,contador,,,9466,,kaikki_no_match
wfpt-03979,contagem,,,4052,,kaikki_no_match
wfpt-04466,contam,,,4543,,kaikki_no_match
wfpt-08771,contaminação,,,8871,,kaikki_no_match
wfpt-10225,contamos,,,10334,,kaikki_no_match
wfpt-02659,contando,,,2716,,kaikki_no_match
wfpt-00709,contar,verb,,740,читать,kaikki_pt_ru_enriched
wfpt-10391,contaram,,,10502,,kaikki_no_match
wfpt-01028,contas,,,1064,,kaikki_no_match
wfpt-01121,contato,,,1160,,kaikki_no_match
wfpt-05208,contatos,,,5288,,kaikki_no_match
wfpt-07928,contava,,,8023,,kaikki_no_match
wfpt-04911,conte,,,4990,,kaikki_no_match
wfpt-08216,contei,,,8312,,kaikki_no_match
wfpt-11303,contem,,,11420,,kaikki_no_match
wfpt-04139,contemporânea,,,4215,,kaikki_no_match
wfpt-07523,contemporâneo,,,7618,,kaikki_no_match
wfpt-11717,contemporâneos,,,11838,,kaikki_no_match
wfpt-04467,contendo,,,4544,,kaikki_no_match
wfpt-05531,contente,,,5614,,kaikki_no_match
wfpt-11124,contenção,,,11239,,kaikki_no_match
wfpt-04381,conter,,,4457,,kaikki_no_match
wfpt-01588,contexto,noun,,1637,контекст,kaikki_pt_ru_enriched
wfpt-10392,contextos,,,10503,,kaikki_no_match
wfpt-00789,conteúdo,noun,,823,содержание,kaikki_pt_ru_enriched
wfpt-03189,conteúdos,,,3252,,kaikki_no_match
wfpt-07041,continental,,,7131,,kaikki_no_match
wfpt-03190,continente,noun,,3253,континент,kaikki_pt_ru_enriched
wfpt-08930,continentes,,,9031,,kaikki_no_match
wfpt-00723,continua,,,755,,kaikki_no_match
wfpt-03131,continuam,,,3193,,kaikki_no_match
wfpt-08643,continuamente,,,8742,,kaikki_no_match
wfpt-08354,continuamos,,,8450,,kaikki_no_match
wfpt-10393,continuando,,,10504,,kaikki_no_match
wfpt-00692,continuar,,,722,,kaikki_no_match
wfpt-06540,continuaram,,,6629,,kaikki_no_match
wfpt-07418,continuará,,,7511,,kaikki_no_match
wfpt-09717,continuava,,,9825,,kaikki_no_match
wfpt-05754,continuação,,,5837,,kaikki_no_match
wfpt-02174,continue,,,2228,,kaikki_no_match
wfpt-05959,continuem,,,6044,,kaikki_no_match
wfpt-04636,continuidade,,,4714,,kaikki_no_match
wfpt-04225,continuo,,,4301,,kaikki_no_match
wfpt-03980,continuou,,,4053,,kaikki_no_match
wfpt-02312,conto,noun,,2366,рассказ,kaikki_pt_ru_enriched
wfpt-03541,contos,,,3606,,kaikki_no_match
wfpt-01343,contou,,,1386,,kaikki_no_match
wfpt-10572,contrapartida,,,10684,,kaikki_no_match
wfpt-06308,contraste,noun,,6395,контраст,kaikki_pt_ru_enriched
wfpt-11718,contratada,,,11839,,kaikki_no_match
wfpt-06074,contratado,,,6159,,kaikki_no_match
wfpt-09059,contratados,,,9161,,kaikki_no_match
wfpt-05847,contratar,,,5931,,kaikki_no_match
wfpt-06434,contratação,,,6522,,kaikki_no_match
wfpt-01314,contrato,noun,,1356,договор,kaikki_pt_ru_enriched
wfpt-04812,contratos,,,4890,,kaikki_no_match
wfpt-07929,contratou,,,8024,,kaikki_no_match
wfpt-09060,contribuem,,,9162,,kaikki_no_match
wfpt-07172,contribui,,,7263,,kaikki_no_match
wfpt-09061,contribuindo,,,9163,,kaikki_no_match
wfpt-11304,contribuintes,,,11421,,kaikki_no_match
wfpt-03482,contribuir,,,3546,,kaikki_no_match
wfpt-07930,contribuiu,,,8025,,kaikki_no_match
wfpt-03542,contribuição,noun,,3607,вклад,kaikki_pt_ru_enriched
wfpt-04066,contribuições,,,4140,,kaikki_no_match
wfpt-09362,contribuíram,,,9467,,kaikki_no_match
wfpt-09718,control,,,9826,,kaikki_no_match
wfpt-06541,controla,,,6630,,kaikki_no_match
wfpt-06659,controlada,,,6748,,kaikki_no_match
wfpt-06660,controlado,,,6749,,kaikki_no_match
wfpt-11305,controlados,,,11422,,kaikki_no_match
wfpt-02126,controlar,,,2180,,kaikki_no_match
wfpt-00599,controle,,,627,,kaikki_no_match
wfpt-11125,controles,,,11240,,kaikki_no_match
wfpt-03543,controlo,,,3608,,kaikki_no_match
wfpt-07287,controvérsia,,,7380,,kaikki_no_match
wfpt-11126,controvérsias,,,11241,,kaikki_no_match
wfpt-11719,contrária,,,11840,,kaikki_no_match
wfpt-00990,contrário,,,1026,,kaikki_no_match
wfpt-01235,contudo,,,1275,,kaikki_no_match
wfpt-01826,contém,,,1878,,kaikki_no_match
wfpt-07793,contêm,,,7888,,kaikki_no_match
wfpt-05319,contínua,,,5399,,kaikki_no_match
wfpt-06309,contínuo,,,6396,,kaikki_no_match
wfpt-04637,convencer,,,4715,,kaikki_no_match
wfpt-09873,convenceu,,,9982,,kaikki_no_match
wfpt-09062,convencido,,,9164,,kaikki_no_match
wfpt-08644,convencionais,,,8743,,kaikki_no_match
wfpt-06075,convencional,,,6160,,kaikki_no_match
wfpt-08645,conveniente,,,8744,,kaikki_no_match
wfpt-11306,convento,,,11423,,kaikki_no_match
wfpt-03255,convenção,noun,,3318,соглашение,kaikki_pt_ru_enriched
wfpt-09540,convenções,,,9646,,kaikki_no_match
wfpt-10924,convergência,,,11037,,kaikki_no_match
wfpt-00971,conversa,noun,,1006,разговор,kaikki_pt_ru_enriched
wfpt-09874,conversamos,,,9983,,kaikki_no_match
wfpt-04813,conversando,,,4891,,kaikki_no_match
wfpt-01148,conversar,,,1187,,kaikki_no_match
wfpt-02937,conversas,,,2998,,kaikki_no_match
wfpt-09541,conversei,,,9647,,kaikki_no_match
wfpt-10052,conversou,,,10161,,kaikki_no_match
wfpt-07652,conversão,,,7747,,kaikki_no_match
wfpt-08931,converter,,,9032,,kaikki_no_match
wfpt-09063,convicção,,,9165,,kaikki_no_match
wfpt-06076,convida,,,6161,,kaikki_no_match
wfpt-07288,convidada,,,7381,,kaikki_no_match
wfpt-02875,convidado,noun,,2935,гость,kaikki_pt_ru_enriched
wfpt-02456,convidados,,,2510,,kaikki_no_match
wfpt-06435,convidar,,,6523,,kaikki_no_match
wfpt-06762,convidou,,,6851,,kaikki_no_match
wfpt-02876,convite,,,2936,,kaikki_no_match
wfpt-10053,convites,,,10162,,kaikki_no_match
wfpt-07794,conviver,,,7889,,kaikki_no_match
wfpt-09875,convivência,,,9984,,kaikki_no_match
wfpt-07289,convocado,,,7382,,kaikki_no_match
wfpt-11127,convocados,,,11242,,kaikki_no_match
wfpt-09542,convocação,,,9648,,kaikki_no_match
wfpt-11720,convocou,,,11841,,kaikki_no_match
wfpt-09363,convém,,,9468,,kaikki_no_match
wfpt-10054,cool,,,10163,,kaikki_no_match
wfpt-07524,cooper,,,7619,,kaikki_no_match
wfpt-11307,cooperativa,,,11424,,kaikki_no_match
wfpt-03132,cooperação,noun,,3194,сотрудничество,kaikki_pt_ru_enriched
wfpt-06763,coordenadas,,,6852,,kaikki_no_match
wfpt-04548,coordenador,,,4625,,kaikki_no_match
wfpt-10226,coordenadora,,,10335,,kaikki_no_match
wfpt-10573,coordenar,,,10685,,kaikki_no_match
wfpt-04726,coordenação,,,4804,,kaikki_no_match
wfpt-00569,copa,,,596,,kaikki_no_match
wfpt-08075,copacabana,,,8171,,kaikki_no_match
wfpt-07419,copiar,,,7512,,kaikki_no_match
wfpt-03133,copo,noun,,3195,стакан,kaikki_pt_ru_enriched
wfpt-09064,copos,,,9166,,kaikki_no_match
wfpt-01029,cor,noun,,1065,цвет,kaikki_pt_ru_enriched
wfpt-01555,coragem,noun,,1603,доблесть,kaikki_pt_ru_enriched
wfpt-10574,corajosa,,,10686,,kaikki_no_match
wfpt-06195,coral,noun,,6280,коралл,kaikki_pt_ru_enriched
wfpt-03899,corações,,,3970,,kaikki_no_match
wfpt-05099,corda,noun,,5178,хорда,kaikki_pt_ru_enriched
wfpt-06913,cordas,,,7003,,kaikki_no_match
wfpt-08932,cordeiro,,,9033,,kaikki_no_match
wfpt-10925,cordão,,,11038,,kaikki_no_match
wfpt-09543,core,,,9649,,kaikki_no_match
wfpt-10227,coreana,,,10336,,kaikki_no_match
wfpt-06310,coreano,,,6397,,kaikki_no_match
wfpt-10926,coreanos,,,11039,,kaikki_no_match
wfpt-04912,coreia,,,4991,,kaikki_no_match
wfpt-02034,cores,,,2088,,kaikki_no_match
wfpt-02938,corinthians,,,2999,,kaikki_no_match
wfpt-07173,coro,noun,,7264,хор,kaikki_pt_ru_enriched
wfpt-02939,coroa,noun,,3000,венец,kaikki_pt_ru_enriched
wfpt-02214,coronel,noun,,2268,полковник,kaikki_pt_ru_enriched
wfpt-00346,corpo,noun,,363,тело,kaikki_pt_ru_enriched
wfpt-06436,corporal,,,6524,,kaikki_no_match
wfpt-11905,corporativa,,,12027,,kaikki_no_match
wfpt-10754,corporações,,,10866,,kaikki_no_match
wfpt-01911,corpos,,,1964,,kaikki_no_match
wfpt-10394,corpus,,,10505,,kaikki_no_match
wfpt-07290,corra,,,7383,,kaikki_no_match
wfpt-02457,corre,,,2511,,kaikki_no_match
wfpt-04549,corredor,,,4626,,kaikki_no_match
wfpt-06764,corredores,,,6853,,kaikki_no_match
wfpt-08217,correia,,,8313,,kaikki_no_match
wfpt-03607,correio,noun,,3673,почта,kaikki_pt_ru_enriched
wfpt-08218,correios,,,8314,,kaikki_no_match
wfpt-07525,correm,,,7620,,kaikki_no_match
wfpt-02660,correndo,,,2717,,kaikki_no_match
wfpt-02259,corrente,noun,,2313,цепь,kaikki_pt_ru_enriched
wfpt-04998,correntes,,,5077,,kaikki_no_match
wfpt-01556,correr,verb,,1604,бегать,kaikki_pt_ru_enriched
wfpt-10927,correria,,,11040,,kaikki_no_match
wfpt-04913,corresponde,,,4992,,kaikki_no_match
wfpt-10228,correspondem,,,10337,,kaikki_no_match
wfpt-04382,correspondente,,,4458,,kaikki_no_match
wfpt-08933,correspondentes,,,9034,,kaikki_no_match
wfpt-08355,correspondência,,,8451,,kaikki_no_match
wfpt-05960,correta,,,6045,,kaikki_no_match
wfpt-07795,corretamente,,,7890,,kaikki_no_match
wfpt-03191,correto,,,3254,,kaikki_no_match
wfpt-08646,corretor,,,8745,,kaikki_no_match
wfpt-06311,correu,,,6398,,kaikki_no_match
wfpt-10755,correção,,,10867,,kaikki_no_match
wfpt-11308,corri,,,11425,,kaikki_no_match
wfpt-01655,corrida,,,1704,,kaikki_no_match
wfpt-06542,corridas,,,6631,,kaikki_no_match
wfpt-06437,corrigir,,,6525,,kaikki_no_match
wfpt-08934,corrupto,,,9035,,kaikki_no_match
wfpt-08219,corruptos,,,8315,,kaikki_no_match
wfpt-02081,corrupção,,,2135,,kaikki_no_match
wfpt-10928,corrêa,,,11041,,kaikki_no_match
wfpt-04468,corta,,,4545,,kaikki_no_match
wfpt-08772,cortada,,,8872,,kaikki_no_match
wfpt-08220,cortado,,,8316,,kaikki_no_match
wfpt-10229,cortando,,,10338,,kaikki_no_match
wfpt-02260,cortar,,,2314,,kaikki_no_match
wfpt-00972,corte,,,1007,,kaikki_no_match
wfpt-03688,cortes,,,3754,,kaikki_no_match
wfpt-09216,cortesia,,,9319,,kaikki_no_match
wfpt-09364,cortina,noun,,9469,штора,kaikki_pt_ru_enriched
wfpt-07653,cortou,,,7748,,kaikki_no_match
wfpt-10756,coréia,,,10868,,kaikki_no_match
wfpt-00851,costa,noun,,885,побережье,kaikki_pt_ru_enriched
wfpt-01690,costas,noun,,1739,спина,kaikki_pt_ru_enriched
wfpt-11128,costeira,,,11243,,kaikki_no_match
wfpt-04914,costuma,,,4993,,kaikki_no_match
wfpt-06077,costumam,,,6162,,kaikki_no_match
wfpt-05532,costumava,,,5615,,kaikki_no_match
wfpt-04383,costume,,,4459,,kaikki_no_match
wfpt-04999,costumes,,,5078,,kaikki_no_match
wfpt-08076,costumo,,,8172,,kaikki_no_match
wfpt-11721,costura,,,11842,,kaikki_no_match
wfpt-07931,cota,,,8026,,kaikki_no_match
wfpt-08773,cotas,,,8873,,kaikki_no_match
wfpt-05426,cotidiano,,,5509,,kaikki_no_match
wfpt-04469,country,,,4546,,kaikki_no_match
wfpt-06661,couro,,,6750,,kaikki_no_match
wfpt-06765,coutinho,,,6854,,kaikki_no_match
wfpt-09544,couto,,,9650,,kaikki_no_match
wfpt-10055,cova,,,10164,,kaikki_no_match
wfpt-09065,covarde,,,9167,,kaikki_no_match
wfpt-06766,cover,,,6855,,kaikki_no_match
wfpt-07932,covid,,,8027,,kaikki_no_match
wfpt-01691,cozinha,noun,,1740,кухня,kaikki_pt_ru_enriched
wfpt-05100,cozinhar,verb,,5179,готовить,kaikki_pt_ru_enriched
wfpt-08077,cpi,,,8173,,kaikki_no_match
wfpt-10929,crack,,,11042,,kaikki_no_match
wfpt-08774,craig,,,8874,,kaikki_no_match
wfpt-09545,crazy,,,9651,,kaikki_no_match
wfpt-06914,credibilidade,,,7004,,kaikki_no_match
wfpt-06915,credo,,,7005,,kaikki_no_match
wfpt-02710,creio,,,2769,,kaikki_no_match
wfpt-05961,creme,noun,,6046,крем,kaikki_pt_ru_enriched
wfpt-04814,crença,,,4892,,kaikki_no_match
wfpt-05427,crenças,,,5510,,kaikki_no_match
wfpt-04550,crer,,,4627,,kaikki_no_match
wfpt-03757,cresce,,,3824,,kaikki_no_match
wfpt-08497,crescem,,,8594,,kaikki_no_match
wfpt-04727,crescendo,,,4805,,kaikki_no_match
wfpt-03256,crescente,,,3319,,kaikki_no_match
wfpt-01912,crescer,verb,,1965,расти,kaikki_pt_ru_enriched
wfpt-10757,cresceram,,,10869,,kaikki_no_match
wfpt-02769,cresceu,,,2828,,kaikki_no_match
wfpt-10930,cresci,,,11043,,kaikki_no_match
wfpt-09719,crescido,,,9827,,kaikki_no_match
wfpt-01122,crescimento,,,1161,,kaikki_no_match
wfpt-02360,cria,,,2414,,kaikki_no_match
wfpt-01519,criada,,,1566,,kaikki_no_match
wfpt-05000,criadas,,,5079,,kaikki_no_match
wfpt-01077,criado,,,1114,,kaikki_no_match
wfpt-03758,criador,,,3825,,kaikki_no_match
wfpt-06543,criadores,,,6632,,kaikki_no_match
wfpt-03483,criados,,,3547,,kaikki_no_match
wfpt-07291,criam,,,7384,,kaikki_no_match
wfpt-09217,criamos,,,9320,,kaikki_no_match
wfpt-02570,criando,,,2625,,kaikki_no_match
wfpt-00570,criança,noun,,597,ребёнок,kaikki_pt_ru_enriched
wfpt-00328,crianças,,,345,,kaikki_no_match
wfpt-00658,criar,,,686,,kaikki_no_match
wfpt-05640,criaram,,,5723,,kaikki_no_match
wfpt-05755,criativa,,,5838,,kaikki_no_match
wfpt-10395,criativas,,,10506,,kaikki_no_match
wfpt-03544,criatividade,,,3609,,kaikki_no_match
wfpt-06767,criativo,,,6856,,kaikki_no_match
wfpt-11491,criativos,,,11608,,kaikki_no_match
wfpt-05320,criatura,noun,,5400,существо,kaikki_pt_ru_enriched
wfpt-06312,criaturas,,,6399,,kaikki_no_match
wfpt-00738,criação,,,770,,kaikki_no_match
wfpt-07796,crie,,,7891,,kaikki_no_match
wfpt-05756,criei,,,5839,,kaikki_no_match
wfpt-00852,crime,noun,,886,преступление,kaikki_pt_ru_enriched
wfpt-01792,crimes,,,1843,,kaikki_no_match
wfpt-10396,criminais,,,10507,,kaikki_no_match
wfpt-03820,criminal,,,3890,,kaikki_no_match
wfpt-09720,criminalidade,,,9828,,kaikki_no_match
wfpt-07420,criminosa,,,7513,,kaikki_no_match
wfpt-04308,criminoso,,,4384,,kaikki_no_match
wfpt-03900,criminosos,,,3971,,kaikki_no_match
wfpt-01557,criou,,,1605,,kaikki_no_match
wfpt-01123,crise,noun,,1162,кризис,kaikki_pt_ru_enriched
wfpt-06196,crises,,,6281,,kaikki_no_match
wfpt-11906,cristais,,,12028,,kaikki_no_match
wfpt-06438,cristal,noun,,6526,стекло,kaikki_pt_ru_enriched
wfpt-08498,cristianismo,noun,,8595,христианство,kaikki_pt_ru_enriched
wfpt-05848,cristiano,,,5932,,kaikki_no_match
wfpt-03901,cristina,,,3972,,kaikki_no_match
wfpt-04140,cristã,,,4216,,kaikki_no_match
wfpt-04309,cristão,,,4385,,kaikki_no_match
wfpt-03401,cristãos,,,3465,,kaikki_no_match
wfpt-10758,cristóvão,noun,,10870,христофор,kaikki_pt_ru_enriched
wfpt-05533,critica,,,5616,,kaikki_no_match
wfpt-09066,criticado,,,9168,,kaikki_no_match
wfpt-10397,criticando,,,10508,,kaikki_no_match
wfpt-05428,criticar,verb,,5511,критиковать,kaikki_pt_ru_enriched
wfpt-07421,criticou,,,7514,,kaikki_no_match
wfpt-06768,critério,,,6857,,kaikki_no_match
wfpt-03902,critérios,,,3973,,kaikki_no_match
wfpt-09365,cronograma,,,9470,,kaikki_no_match
wfpt-07654,cross,,,7749,,kaikki_no_match
wfpt-08775,croácia,noun,,8875,хорватия,kaikki_pt_ru_enriched
wfpt-07933,crucial,,,8028,,kaikki_no_match
wfpt-05534,cruel,,,5617,,kaikki_no_match
wfpt-11907,crueldade,,,12029,,kaikki_no_match
wfpt-01558,cruz,noun,,1606,крест,kaikki_pt_ru_enriched
wfpt-10230,cruzada,,,10339,,kaikki_no_match
wfpt-11722,cruzado,,,11843,,kaikki_no_match
wfpt-07655,cruzamento,,,7750,,kaikki_no_match
wfpt-08078,cruzar,,,8174,,kaikki_no_match
wfpt-02810,cruzeiro,noun,,2869,круиз,kaikki_pt_ru_enriched
wfpt-10759,cruzes,,,10871,,kaikki_no_match
wfpt-10398,crânio,noun,,10509,череп,kaikki_pt_ru_enriched
wfpt-02215,crédito,,,2269,,kaikki_no_match
wfpt-03903,créditos,,,3974,,kaikki_no_match
wfpt-09546,crê,,,9652,,kaikki_no_match
wfpt-01481,crítica,,,1528,,kaikki_no_match
wfpt-01913,críticas,,,1966,,kaikki_no_match
wfpt-03002,crítico,noun,,3064,критик,kaikki_pt_ru_enriched
wfpt-03484,críticos,,,3548,,kaikki_no_match
wfpt-07422,crônica,,,7515,,kaikki_no_match
wfpt-09067,crônicas,noun,,9169,ле́тописи,kaikki_pt_ru_enriched
wfpt-03485,cuba,noun,,3549,куба,kaikki_pt_ru_enriched
wfpt-09547,cuiabá,,,9653,,kaikki_no_match
wfpt-04728,cuida,,,4806,,kaikki_no_match
wfpt-01105,cuidado,,,1142,,kaikki_no_match
wfpt-03759,cuidados,,,3826,,kaikki_no_match
wfpt-09068,cuidadosamente,,,9170,,kaikki_no_match
wfpt-06916,cuidando,,,7006,,kaikki_no_match
wfpt-01656,cuidar,,,1705,,kaikki_no_match
wfpt-07174,cuide,,,7266,,kaikki_no_match
wfpt-11309,cuido,,,11426,,kaikki_no_match
wfpt-01723,cuja,,,1772,,kaikki_no_match
wfpt-05429,cujas,,,5512,,kaikki_no_match
wfpt-01589,cujo,,,1638,,kaikki_no_match
wfpt-04141,cujos,,,4217,,kaikki_no_match
wfpt-05535,culinária,noun,,5618,кулинария,kaikki_pt_ru_enriched
wfpt-01030,culpa,noun,,1066,изъян,kaikki_pt_ru_enriched
wfpt-09366,culpada,,,9471,,kaikki_no_match
wfpt-05430,culpado,,,5513,,kaikki_no_match
wfpt-10575,culpados,,,10687,,kaikki_no_match
wfpt-08356,culpar,verb,,8452,обвинить,kaikki_pt_ru_enriched
wfpt-10931,cultivar,,,11044,,kaikki_no_match
wfpt-06078,cultivo,,,6163,,kaikki_no_match
wfpt-04639,culto,,,4717,,kaikki_no_match
wfpt-00469,cultura,,,490,,kaikki_no_match
wfpt-01985,culturais,,,2039,,kaikki_no_match
wfpt-00898,cultural,,,932,,kaikki_no_match
wfpt-03689,culturas,,,3755,,kaikki_no_match
wfpt-10760,cumpre,,,10872,,kaikki_no_match
wfpt-05962,cumprimento,,,6047,,kaikki_no_match
wfpt-09548,cumprindo,,,9654,,kaikki_no_match
wfpt-02711,cumprir,,,2770,,kaikki_no_match
wfpt-08935,cumpriu,,,9036,,kaikki_no_match
wfpt-02940,cunha,,,3001,,kaikki_no_match
wfpt-11908,cunhada,noun,,12030,золовка,kaikki_pt_ru_enriched
wfpt-08499,cunhado,,,8596,,kaikki_no_match
wfpt-09721,cup,,,9829,,kaikki_no_match
wfpt-02712,cura,noun,,2771,лечение,kaikki_pt_ru_enriched
wfpt-06439,curar,verb,,6527,лечить,kaikki_pt_ru_enriched
wfpt-07423,curiosa,,,7516,,kaikki_no_match
wfpt-09876,curiosamente,,,9985,,kaikki_no_match
wfpt-04226,curiosidade,,,4302,,kaikki_no_match
wfpt-08357,curiosidades,,,8453,,kaikki_no_match
wfpt-04551,curioso,,,4628,,kaikki_no_match
wfpt-02877,curitiba,,,2937,,kaikki_no_match
wfpt-06769,currículo,,,6858,,kaikki_no_match
wfpt-00813,curso,noun,,847,курс,kaikki_pt_ru_enriched
wfpt-02361,cursos,,,2415,,kaikki_no_match
wfpt-01793,curta,,,1844,,kaikki_no_match
wfpt-05536,curtas,,,5619,,kaikki_no_match
wfpt-05431,curtir,verb,,5514,дубить,kaikki_pt_ru_enriched
wfpt-02082,curto,,,2136,,kaikki_no_match
wfpt-08500,curtos,,,8597,,kaikki_no_match
wfpt-05849,curva,noun,,5933,кривая,kaikki_pt_ru_enriched
wfpt-09549,curvas,,,9655,,kaikki_no_match
wfpt-02416,custa,,,2470,,kaikki_no_match
wfpt-11723,custam,,,11844,,kaikki_no_match
wfpt-07934,custar,,,8029,,kaikki_no_match
wfpt-01724,custo,,,1773,,kaikki_no_match
wfpt-03134,custos,,,3196,,kaikki_no_match
wfpt-07656,custou,,,7751,,kaikki_no_match
wfpt-08221,custódia,noun,,8317,попечение,kaikki_pt_ru_enriched
wfpt-11129,cut,,,11244,,kaikki_no_match
wfpt-10056,cyrus,,,10165,,kaikki_no_match
wfpt-05641,cálculo,,,5724,,kaikki_no_match
wfpt-08501,cálculos,,,8598,,kaikki_no_match
wfpt-11130,cápsula,noun,,11245,капсула,kaikki_pt_ru_enriched
wfpt-00724,câmara,,,756,,kaikki_no_match
wfpt-06197,câmaras,,,6282,,kaikki_no_match
wfpt-05963,câmbio,,,6048,,kaikki_no_match
wfpt-02127,câmera,noun,,2181,камера,kaikki_pt_ru_enriched
wfpt-03608,câmeras,,,3674,,kaikki_no_match
wfpt-01559,câncer,noun,,1607,рак,kaikki_pt_ru_enriched
wfpt-02770,cães,,,2829,,kaikki_no_match
wfpt-03003,cão,noun,,3065,пёс,kaikki_pt_ru_enriched
wfpt-07935,célula,noun,,8030,клетка,kaikki_pt_ru_enriched
wfpt-03135,células,,,3197,,kaikki_no_match
wfpt-02417,cérebro,noun,,2471,головной мозг,kaikki_pt_ru_enriched
wfpt-04142,césar,noun,,4218,цезарь,kaikki_pt_ru_enriched
wfpt-01124,céu,noun,,1163,небо,kaikki_pt_ru_enriched
wfpt-05101,céus,,,5180,,kaikki_no_match
wfpt-03545,círculo,noun,,3610,круг,kaikki_pt_ru_enriched
wfpt-07936,círculos,,,8031,,kaikki_no_match
wfpt-00853,código,,,887,,kaikki_no_match
wfpt-05102,códigos,,,5181,,kaikki_no_match
wfpt-03257,cópia,,,3320,,kaikki_no_match
wfpt-05321,cópias,,,5401,,kaikki_no_match
wfpt-10932,córrego,noun,,11045,ручей,kaikki_pt_ru_enriched
wfpt-06544,cúpula,noun,,6633,купол,kaikki_pt_ru_enriched
wfpt-02035,dada,,,2089,,kaikki_no_match
wfpt-05432,dadas,,,5515,,kaikki_no_match
wfpt-01031,dado,noun,,1067,кость,kaikki_pt_ru_enriched
wfpt-00404,dados,,,423,,kaikki_no_match
wfpt-07042,dai,,,7132,,kaikki_no_match
wfpt-08776,daily,,,8876,,kaikki_no_match
wfpt-08936,dale,,,9037,,kaikki_no_match
wfpt-05964,dali,,,6049,,kaikki_no_match
wfpt-08937,dallas,,,9038,,kaikki_no_match
wfpt-04384,dama,noun,,4460,дама,kaikki_pt_ru_enriched
wfpt-10231,damas,noun,,10340,шашки,kaikki_pt_ru_enriched
wfpt-11131,damasco,noun,,11246,дамаск,kaikki_pt_ru_enriched
wfpt-10576,damon,,,10688,,kaikki_no_match
wfpt-06545,damos,,,6634,,kaikki_no_match
wfpt-04227,dan,,,4303,,kaikki_no_match
wfpt-06546,dance,,,6635,,kaikki_no_match
wfpt-00876,dando,,,910,,kaikki_no_match
wfpt-11724,dani,,,11845,,kaikki_no_match
wfpt-01482,daniel,noun,,1529,даниил,kaikki_pt_ru_enriched
wfpt-08502,daniela,,,8599,,kaikki_no_match
wfpt-06917,danilo,,,7007,,kaikki_no_match
wfpt-07937,danny,,,8032,,kaikki_no_match
wfpt-04915,dano,,,4994,,kaikki_no_match
wfpt-02128,danos,,,2182,,kaikki_no_match
wfpt-09877,dantas,,,9986,,kaikki_no_match
wfpt-01415,dança,noun,,1462,танец,kaikki_pt_ru_enriched
wfpt-06440,dançando,,,6528,,kaikki_no_match
wfpt-02515,dançar,,,2570,,kaikki_no_match
wfpt-10232,danças,,,10341,,kaikki_no_match
wfpt-02418,daquela,,,2472,,kaikki_no_match
wfpt-04067,daquelas,,,4141,,kaikki_no_match
wfpt-01483,daquele,,,1530,,kaikki_no_match
wfpt-02129,daqueles,,,2183,,kaikki_no_match
wfpt-00616,daqui,,,644,,kaikki_no_match
wfpt-04228,daquilo,,,4304,,kaikki_no_match
wfpt-10761,darem,,,10873,,kaikki_no_match
wfpt-03690,daria,,,3756,,kaikki_no_match
wfpt-08222,dark,,,8318,,kaikki_no_match
wfpt-04815,dará,,,4893,,kaikki_no_match
wfpt-00768,data,noun,,802,дата,kaikki_pt_ru_enriched
wfpt-04916,datas,,,4995,,kaikki_no_match
wfpt-03004,dava,,,3066,,kaikki_no_match
wfpt-11725,davam,,,11846,,kaikki_no_match
wfpt-06198,dave,,,6283,,kaikki_no_match
wfpt-05103,davi,noun,,5182,давид,kaikki_pt_ru_enriched
wfpt-01125,david,,,1164,,kaikki_no_match
wfpt-06199,davis,,,6284,,kaikki_no_match
wfpt-10933,dawn,,,11046,,kaikki_no_match
wfpt-02458,day,,,2512,,kaikki_no_match
wfpt-07938,days,,,8033,,kaikki_no_match
wfpt-01344,daí,,,1387,,kaikki_no_match
wfpt-06770,dead,,,6859,,kaikki_no_match
wfpt-05965,dean,,,6050,,kaikki_no_match
wfpt-07175,death,,,7267,,kaikki_no_match
wfpt-03981,debaixo,,,4054,,kaikki_no_match
wfpt-02216,debate,noun,,2270,дебаты,kaikki_pt_ru_enriched
wfpt-07797,debater,,,7892,,kaikki_no_match
wfpt-05001,debates,,,5080,,kaikki_no_match
wfpt-07526,decente,,,7621,,kaikki_no_match
wfpt-09878,decepção,,,9987,,kaikki_no_match
wfpt-03320,decide,,,3383,,kaikki_no_match
wfpt-09879,decidem,,,9988,,kaikki_no_match
wfpt-03609,decidi,,,3675,,kaikki_no_match
wfpt-05322,decidido,,,5402,,kaikki_no_match
wfpt-06918,decidimos,,,7008,,kaikki_no_match
wfpt-02313,decidir,,,2367,,kaikki_no_match
wfpt-04729,decidiram,,,4807,,kaikki_no_match
wfpt-01381,decidiu,,,1426,,kaikki_no_match
wfpt-08503,decisivo,,,8600,,kaikki_no_match
wfpt-00641,decisão,noun,,669,решение,kaikki_pt_ru_enriched
wfpt-01986,decisões,,,2040,,kaikki_no_match
wfpt-06441,declara,,,6529,,kaikki_no_match
wfpt-10577,declarada,,,10689,,kaikki_no_match
wfpt-06200,declarado,,,6285,,kaikki_no_match
wfpt-11310,declarando,,,11427,,kaikki_no_match
wfpt-06313,declarar,,,6400,,kaikki_no_match
wfpt-01914,declaração,,,1967,,kaikki_no_match
wfpt-04640,declarações,,,4718,,kaikki_no_match
wfpt-02314,declarou,,,2368,,kaikki_no_match
wfpt-07657,declínio,,,7752,,kaikki_no_match
wfpt-11311,decorrentes,,,11428,,kaikki_no_match
wfpt-04470,decorrer,,,4547,,kaikki_no_match
wfpt-11312,decorreu,,,11429,,kaikki_no_match
wfpt-07939,decorrência,,,8034,,kaikki_no_match
wfpt-01987,decreto,noun,,2041,декрет,kaikki_pt_ru_enriched
wfpt-07798,dedica,,,7893,,kaikki_no_match
wfpt-04552,dedicada,,,4629,,kaikki_no_match
wfpt-03258,dedicado,,,3321,,kaikki_no_match
wfpt-09069,dedicados,,,9171,,kaikki_no_match
wfpt-05642,dedicar,,,5725,,kaikki_no_match
wfpt-07424,dedicação,noun,,7517,преданность,kaikki_pt_ru_enriched
wfpt-08079,dedicou,,,8175,,kaikki_no_match
wfpt-02713,dedo,noun,,2772,палец,kaikki_pt_ru_enriched
wfpt-03136,dedos,,,3198,,kaikki_no_match
wfpt-10233,deem,,,10342,,kaikki_no_match
wfpt-06442,defeito,,,6530,,kaikki_no_match
wfpt-06919,defeitos,,,7009,,kaikki_no_match
wfpt-02878,defende,,,2938,,kaikki_no_match
wfpt-08223,defendem,,,8319,,kaikki_no_match
wfpt-05433,defendendo,,,5516,,kaikki_no_match
wfpt-01953,defender,,,2007,,kaikki_no_match
wfpt-04385,defendeu,,,4461,,kaikki_no_match
wfpt-05002,defensor,noun,,5081,защитник,kaikki_pt_ru_enriched
wfpt-06443,defensores,,,6531,,kaikki_no_match
wfpt-00693,defesa,noun,,723,защита,kaikki_pt_ru_enriched
wfpt-10578,defesas,,,10690,,kaikki_no_match
wfpt-11493,deficiente,,,11611,,kaikki_no_match
wfpt-10057,deficientes,,,10166,,kaikki_no_match
wfpt-04816,deficiência,,,4894,,kaikki_no_match
wfpt-11313,deficiências,,,11430,,kaikki_no_match
wfpt-03259,define,,,3322,,kaikki_no_match
wfpt-09722,definem,,,9830,,kaikki_no_match
wfpt-05537,definida,,,5620,,kaikki_no_match
wfpt-08504,definidas,,,8601,,kaikki_no_match
wfpt-04641,definido,,,4719,,kaikki_no_match
wfpt-08505,definidos,,,8602,,kaikki_no_match
wfpt-04386,definir,,,4462,,kaikki_no_match
wfpt-06920,definitiva,,,7010,,kaikki_no_match
wfpt-03005,definitivamente,,,3067,,kaikki_no_match
wfpt-09218,definitivo,,,9321,,kaikki_no_match
wfpt-08358,definiu,,,8454,,kaikki_no_match
wfpt-02362,definição,noun,,2416,определение,kaikki_pt_ru_enriched
wfpt-08938,definições,,,9039,,kaikki_no_match
wfpt-08777,degradação,,,8877,,kaikki_no_match
wfpt-11909,degraus,,,12031,,kaikki_no_match
wfpt-01560,dei,,,1608,,kaikki_no_match
wfpt-08647,deitado,,,8746,,kaikki_no_match
wfpt-05104,deitar,,,5183,,kaikki_no_match
wfpt-00422,deixa,,,442,,kaikki_no_match
wfpt-10399,deixada,,,10510,,kaikki_no_match
wfpt-03610,deixado,,,3676,,kaikki_no_match
wfpt-02614,deixam,,,2670,,kaikki_no_match
wfpt-07425,deixamos,,,7518,,kaikki_no_match
wfpt-01382,deixando,,,1427,,kaikki_no_match
wfpt-00292,deixar,,,309,,kaikki_no_match
wfpt-02879,deixaram,,,2939,,kaikki_no_match
wfpt-09550,deixarem,,,9656,,kaikki_no_match
wfpt-09551,deixaria,,,9657,,kaikki_no_match
wfpt-09552,deixará,,,9658,,kaikki_no_match
wfpt-07799,deixava,,,7894,,kaikki_no_match
wfpt-01009,deixe,,,1045,,kaikki_no_match
wfpt-02880,deixei,,,2940,,kaikki_no_match
wfpt-02516,deixem,,,2571,,kaikki_no_match
wfpt-03546,deixo,,,3611,,kaikki_no_match
wfpt-00694,deixou,,,724,,kaikki_no_match
wfpt-08224,deixá,,,8320,,kaikki_no_match
wfpt-01657,del,noun,,1706,набла,kaikki_pt_ru_enriched
wfpt-00279,dela,,,295,,kaikki_no_match
wfpt-00973,delas,,,1008,,kaikki_no_match
wfpt-00248,dele,,,261,,kaikki_no_match
wfpt-03982,delegacia,noun,,4055,отделение милиции,kaikki_pt_ru_enriched
wfpt-04730,delegado,,,4808,,kaikki_no_match
wfpt-08648,delegados,,,8747,,kaikki_no_match
wfpt-07292,delegação,,,7385,,kaikki_no_match
wfpt-00368,deles,,,386,,kaikki_no_match
wfpt-10058,delgado,,,10167,,kaikki_no_match
wfpt-09553,delicada,,,9659,,kaikki_no_match
wfpt-10234,delicado,,,10343,,kaikki_no_match
wfpt-11726,deliciosa,,,11847,,kaikki_no_match
wfpt-07043,delicioso,,,7133,,kaikki_no_match
wfpt-10934,delito,,,11047,,kaikki_no_match
wfpt-07044,delta,noun,,7134,дельта,kaikki_pt_ru_enriched
wfpt-08225,delícia,,,8321,,kaikki_no_match
wfpt-07176,dem,,,7268,,kaikki_no_match
wfpt-00405,demais,,,424,,kaikki_no_match
wfpt-03192,demanda,noun,,3255,спрос,kaikki_pt_ru_enriched
wfpt-05850,demandas,,,5934,,kaikki_no_match
wfpt-03904,demasiado,,,3975,,kaikki_no_match
wfpt-05434,demissão,,,5517,,kaikki_no_match
wfpt-06771,demitido,,,6860,,kaikki_no_match
wfpt-10935,demo,,,11048,,kaikki_no_match
wfpt-02130,democracia,noun,,2184,демократия,kaikki_pt_ru_enriched
wfpt-07426,democrata,,,7519,,kaikki_no_match
wfpt-08778,democratas,,,8878,,kaikki_no_match
wfpt-04068,democrática,,,4142,,kaikki_no_match
wfpt-03821,democrático,,,3891,,kaikki_no_match
wfpt-11314,demolição,noun,,11431,снос,kaikki_pt_ru_enriched
wfpt-03691,demonstra,,,3757,,kaikki_no_match
wfpt-09367,demonstrado,,,9472,,kaikki_no_match
wfpt-08649,demonstram,,,8748,,kaikki_no_match
wfpt-09070,demonstrando,,,9172,,kaikki_no_match
wfpt-03611,demonstrar,,,3677,,kaikki_no_match
wfpt-05003,demonstração,,,5082,,kaikki_no_match
wfpt-08080,demonstrações,,,8176,,kaikki_no_match
wfpt-06772,demonstrou,,,6861,,kaikki_no_match
wfpt-03983,demora,,,4056,,kaikki_no_match
wfpt-03984,demorar,,,4057,,kaikki_no_match
wfpt-05323,demorou,,,5403,,kaikki_no_match
wfpt-08650,demos,,,8749,,kaikki_no_match
wfpt-05757,demônio,noun,,5840,демон,kaikki_pt_ru_enriched
wfpt-08359,demônios,,,8455,,kaikki_no_match
wfpt-08226,dengue,,,8322,,kaikki_no_match
wfpt-07658,denise,,,7753,,kaikki_no_match
wfpt-06773,dennis,,,6862,,kaikki_no_match
wfpt-07940,denominada,,,8035,,kaikki_no_match
wfpt-06663,denominado,,,6752,,kaikki_no_match
wfpt-09219,denominação,,,9322,,kaikki_no_match
wfpt-08506,densidade,noun,,8603,плотность,kaikki_pt_ru_enriched
wfpt-05324,dente,noun,,5404,зуб,kaikki_pt_ru_enriched
wfpt-02811,dentes,,,2870,,kaikki_no_match
wfpt-07293,dentista,noun,,7386,дантист,kaikki_pt_ru_enriched
wfpt-01590,dentre,,,1639,,kaikki_no_match
wfpt-00232,dentro,,,244,,kaikki_no_match
wfpt-10579,denuncia,,,10691,,kaikki_no_match
wfpt-07045,denunciar,,,7135,,kaikki_no_match
wfpt-11910,denunciou,,,12032,,kaikki_no_match
wfpt-03905,denúncia,,,3976,,kaikki_no_match
wfpt-06444,denúncias,,,6532,,kaikki_no_match
wfpt-01032,departamento,,,1068,,kaikki_no_match
wfpt-06774,departamentos,,,6863,,kaikki_no_match
wfpt-01759,depende,,,1810,,kaikki_no_match
wfpt-07941,dependem,,,8036,,kaikki_no_match
wfpt-04387,dependendo,,,4463,,kaikki_no_match
wfpt-07800,dependente,,,7895,,kaikki_no_match
wfpt-08081,dependentes,,,8177,,kaikki_no_match
wfpt-05325,depender,,,5405,,kaikki_no_match
wfpt-05758,dependência,,,5841,,kaikki_no_match
wfpt-04731,depoimento,,,4809,,kaikki_no_match
wfpt-07659,depoimentos,,,7754,,kaikki_no_match
wfpt-00071,depois,,,76,,kaikki_no_match
wfpt-09071,depressa,,,9173,,kaikki_no_match
wfpt-02812,depressão,noun,,2871,депрессия,kaikki_pt_ru_enriched
wfpt-06775,deputada,,,6864,,kaikki_no_match
wfpt-01149,deputado,noun,,1188,депутат,kaikki_pt_ru_enriched
wfpt-01439,deputados,,,1486,,kaikki_no_match
wfpt-05209,depósito,,,5289,,kaikki_no_match
wfpt-08651,depósitos,,,8750,,kaikki_no_match
wfpt-01520,der,,,1567,,kaikki_no_match
wfpt-07046,dera,,,7136,,kaikki_no_match
wfpt-01866,deram,,,1919,,kaikki_no_match
wfpt-10936,derek,,,11049,,kaikki_no_match
wfpt-08779,deriva,,,8879,,kaikki_no_match
wfpt-07942,derivado,,,8037,,kaikki_no_match
wfpt-08360,derivados,,,8456,,kaikki_no_match
wfpt-02771,derrota,noun,,2830,поражение,kaikki_pt_ru_enriched
wfpt-08361,derrotado,,,8457,,kaikki_no_match
wfpt-07047,derrotar,,,7137,,kaikki_no_match
wfpt-09723,derrotas,,,9831,,kaikki_no_match
wfpt-04229,derrubar,,,4305,,kaikki_no_match
wfpt-09724,derrubou,,,9832,,kaikki_no_match
wfpt-03193,des,,,3256,,kaikki_no_match
wfpt-10059,desafiar,,,10168,,kaikki_no_match
wfpt-01591,desafio,,,1640,,kaikki_no_match
wfpt-02571,desafios,,,2626,,kaikki_no_match
wfpt-10937,desagradável,,,11050,,kaikki_no_match
wfpt-09554,desaparece,,,9660,,kaikki_no_match
wfpt-06201,desaparecer,verb,,6286,исчезать,kaikki_pt_ru_enriched
wfpt-08507,desapareceram,,,8604,,kaikki_no_match
wfpt-06445,desapareceu,,,6533,,kaikki_no_match
wfpt-11911,desaparecida,,,12033,,kaikki_no_match
wfpt-07177,desaparecido,,,7269,,kaikki_no_match
wfpt-09725,desaparecidos,,,9833,,kaikki_no_match
wfpt-06314,desaparecimento,,,6402,,kaikki_no_match
wfpt-04310,desastre,,,4386,,kaikki_no_match
wfpt-10400,desastres,,,10511,,kaikki_no_match
wfpt-04388,descansar,,,4464,,kaikki_no_match
wfpt-09368,descanse,,,9473,,kaikki_no_match
wfpt-05326,descanso,,,5406,,kaikki_no_match
wfpt-11912,descarga,,,12034,,kaikki_no_match
wfpt-06921,desce,,,7011,,kaikki_no_match
wfpt-10580,descendente,noun,,10692,потомок,kaikki_pt_ru_enriched
wfpt-05435,descendentes,,,5518,,kaikki_no_match
wfpt-08939,descendo,,,9040,,kaikki_no_match
wfpt-04553,descer,,,4630,,kaikki_no_match
wfpt-10235,desceu,,,10344,,kaikki_no_match
wfpt-11727,descida,,,11848,,kaikki_no_match
wfpt-02941,descoberta,,,3002,,kaikki_no_match
wfpt-06202,descobertas,,,6287,,kaikki_no_match
wfpt-04389,descoberto,,,4465,,kaikki_no_match
wfpt-03402,descobre,,,3466,,kaikki_no_match
wfpt-09072,descobrem,,,9174,,kaikki_no_match
wfpt-02615,descobri,,,2671,,kaikki_no_match
wfpt-09073,descobrimos,,,9175,,kaikki_no_match
wfpt-09074,descobrindo,,,9176,,kaikki_no_match
wfpt-01416,descobrir,,,1463,,kaikki_no_match
wfpt-06547,descobriram,,,6636,,kaikki_no_match
wfpt-02616,descobriu,,,2672,,kaikki_no_match
wfpt-11132,desconfiança,,,11247,,kaikki_no_match
wfpt-11913,desconfortável,,,12035,,kaikki_no_match
wfpt-07048,desconhecida,,,7138,,kaikki_no_match
wfpt-11728,desconhecidas,,,11849,,kaikki_no_match
wfpt-03985,desconhecido,,,4058,,kaikki_no_match
wfpt-08508,desconhecidos,,,8605,,kaikki_no_match
wfpt-05643,desconto,,,5726,,kaikki_no_match
wfpt-03760,descreve,,,3827,,kaikki_no_match
wfpt-10762,descrevendo,,,10874,,kaikki_no_match
wfpt-03906,descrever,,,3977,,kaikki_no_match
wfpt-04471,descreveu,,,4548,,kaikki_no_match
wfpt-08652,descrita,,,8751,,kaikki_no_match
wfpt-05644,descrito,,,5727,,kaikki_no_match
wfpt-11315,descritos,,,11432,,kaikki_no_match
wfpt-02315,descrição,noun,,2369,описание,kaikki_pt_ru_enriched
wfpt-11316,descrições,,,11433,,kaikki_no_match
wfpt-04472,descubra,,,4549,,kaikki_no_match
wfpt-00899,desculpa,,,933,,kaikki_no_match
wfpt-02175,desculpas,,,2229,,kaikki_no_match
wfpt-04143,desculpe,,,4219,,kaikki_no_match
wfpt-07294,desculpem,,,7387,,kaikki_no_match
wfpt-02363,deseja,,,2417,,kaikki_no_match
wfpt-11914,desejado,,,12036,,kaikki_no_match
wfpt-06315,desejam,,,6403,,kaikki_no_match
wfpt-10763,desejamos,,,10875,,kaikki_no_match
wfpt-03822,desejar,verb,,3892,желать,kaikki_pt_ru_enriched
wfpt-10236,desejava,,,10345,,kaikki_no_match
wfpt-01150,desejo,,,1189,,kaikki_no_match
wfpt-04732,desejos,,,4810,,kaikki_no_match
wfpt-10401,desembargador,,,10512,,kaikki_no_match
wfpt-09880,desempenhar,,,9989,,kaikki_no_match
wfpt-01954,desempenho,,,2008,,kaikki_no_match
wfpt-05327,desemprego,,,5407,,kaikki_no_match
wfpt-09220,desenhada,,,9323,,kaikki_no_match
wfpt-05759,desenhar,,,5842,,kaikki_no_match
wfpt-01827,desenho,noun,,1879,рисунок,kaikki_pt_ru_enriched
wfpt-03194,desenhos,,,3257,,kaikki_no_match
wfpt-05851,desenvolve,,,5935,,kaikki_no_match
wfpt-08082,desenvolvedores,,,8178,,kaikki_no_match
wfpt-10060,desenvolvem,,,10169,,kaikki_no_match
wfpt-06548,desenvolvendo,,,6637,,kaikki_no_match
wfpt-02261,desenvolver,,,2315,,kaikki_no_match
wfpt-11317,desenvolveram,,,11434,,kaikki_no_match
wfpt-04917,desenvolveu,,,4996,,kaikki_no_match
wfpt-05210,desenvolvida,,,5290,,kaikki_no_match
wfpt-08653,desenvolvidas,,,8752,,kaikki_no_match
wfpt-02617,desenvolvido,,,2673,,kaikki_no_match
wfpt-04642,desenvolvidos,,,4720,,kaikki_no_match
wfpt-00356,desenvolvimento,,,374,,kaikki_no_match
wfpt-03907,deserto,noun,,3978,пустыня,kaikki_pt_ru_enriched
wfpt-08654,desesperada,,,8753,,kaikki_no_match
wfpt-08655,desesperado,,,8754,,kaikki_no_match
wfpt-04554,desespero,,,4631,,kaikki_no_match
wfpt-11494,desfazer,,,11612,,kaikki_no_match
wfpt-03986,desfile,,,4059,,kaikki_no_match
wfpt-09881,desfiles,,,9990,,kaikki_no_match
wfpt-10237,desfrutar,,,10346,,kaikki_no_match
wfpt-07427,desgraça,,,7520,,kaikki_no_match
wfpt-07801,desgraçado,,,7896,,kaikki_no_match
wfpt-02316,design,,,2370,,kaikki_no_match
wfpt-08083,designado,,,8179,,kaikki_no_match
wfpt-11915,designação,,,12037,,kaikki_no_match
wfpt-06316,designer,noun,,6404,дизайнер,kaikki_pt_ru_enriched
wfpt-10938,designers,,,11051,,kaikki_no_match
wfpt-08084,desigualdade,,,8180,,kaikki_no_match
wfpt-09555,desista,,,9661,,kaikki_no_match
wfpt-10764,desiste,,,10876,,kaikki_no_match
wfpt-02942,desistir,,,3003,,kaikki_no_match
wfpt-06317,desistiu,,,6405,,kaikki_no_match
wfpt-09726,desliga,,,9834,,kaikki_no_match
wfpt-06318,desligar,,,6406,,kaikki_no_match
wfpt-07527,deslocamento,noun,,7622,перемещение,kaikki_pt_ru_enriched
wfpt-11729,deslocar,,,11850,,kaikki_no_match
wfpt-11495,desordem,,,11613,,kaikki_no_match
wfpt-06319,despedida,noun,,6407,прощание,kaikki_pt_ru_enriched
wfpt-11730,despedir,,,11851,,kaikki_no_match
wfpt-08362,desperdício,,,8458,,kaikki_no_match
wfpt-11731,desperta,,,11852,,kaikki_no_match
wfpt-06203,despertar,verb,,6288,будить,kaikki_pt_ru_enriched
wfpt-04473,despesas,,,4550,,kaikki_no_match
wfpt-11133,desportiva,,,11248,,kaikki_no_match
wfpt-11318,desportivo,,,11435,,kaikki_no_match
wfpt-06320,desporto,,,6408,,kaikki_no_match
wfpt-09369,desprezo,,,9474,,kaikki_no_match
wfpt-10765,desrespeito,,,10877,,kaikki_no_match
wfpt-00357,dessa,,,375,,kaikki_no_match
wfpt-00877,dessas,,,911,,kaikki_no_match
wfpt-00373,desse,,,391,,kaikki_no_match
wfpt-00790,desses,,,824,,kaikki_no_match
wfpt-00347,desta,,,364,,kaikki_no_match
wfpt-02572,destaca,,,2627,,kaikki_no_match
wfpt-10061,destacado,,,10170,,kaikki_no_match
wfpt-07802,destacam,,,7897,,kaikki_no_match
wfpt-06080,destacando,,,6165,,kaikki_no_match
wfpt-05004,destacar,,,5083,,kaikki_no_match
wfpt-03823,destacou,,,3893,,kaikki_no_match
wfpt-01383,destaque,,,1428,,kaikki_no_match
wfpt-07943,destaques,,,8038,,kaikki_no_match
wfpt-01915,destas,,,1968,,kaikki_no_match
wfpt-00329,deste,,,346,,kaikki_no_match
wfpt-01345,destes,,,1388,,kaikki_no_match
wfpt-06776,destinada,,,6865,,kaikki_no_match
wfpt-11134,destinadas,,,11249,,kaikki_no_match
wfpt-05328,destinado,,,5408,,kaikki_no_match
wfpt-08940,destinados,,,9041,,kaikki_no_match
wfpt-01237,destino,noun,,1277,судьба,kaikki_pt_ru_enriched
wfpt-07528,destinos,,,7623,,kaikki_no_match
wfpt-08509,destruindo,,,8606,,kaikki_no_match
wfpt-03321,destruir,,,3384,,kaikki_no_match
wfpt-07660,destruiu,,,7755,,kaikki_no_match
wfpt-02813,destruição,noun,,2872,разрушение,kaikki_pt_ru_enriched
wfpt-06321,destruída,,,6409,,kaikki_no_match
wfpt-10939,destruídas,,,11052,,kaikki_no_match
wfpt-05966,destruído,,,6051,,kaikki_no_match
wfpt-09556,destruídos,,,9662,,kaikki_no_match
wfpt-09370,destrói,,,9475,,kaikki_no_match
wfpt-10581,desvantagem,,,10693,,kaikki_no_match
wfpt-08780,desviar,,,8880,,kaikki_no_match
wfpt-07295,desvio,noun,,7388,отклонение,kaikki_pt_ru_enriched
wfpt-09557,detalhada,,,9663,,kaikki_no_match
wfpt-11135,detalhado,,,11250,,kaikki_no_match
wfpt-04555,detalhe,,,4632,,kaikki_no_match
wfpt-01484,detalhes,,,1531,,kaikki_no_match
wfpt-10062,detectar,,,10171,,kaikki_no_match
wfpt-11732,detecção,,,11853,,kaikki_no_match
wfpt-07661,detenção,,,7756,,kaikki_no_match
wfpt-05436,deter,,,5519,,kaikki_no_match
wfpt-06081,determina,,,6166,,kaikki_no_match
wfpt-04390,determinada,,,4466,,kaikki_no_match
wfpt-06664,determinadas,,,6753,,kaikki_no_match
wfpt-02772,determinado,,,2831,,kaikki_no_match
wfpt-06082,determinados,,,6167,,kaikki_no_match
wfpt-03486,determinar,,,3550,,kaikki_no_match
wfpt-04733,determinação,,,4811,,kaikki_no_match
wfpt-06777,determinou,,,6866,,kaikki_no_match
wfpt-07529,detesto,,,7624,,kaikki_no_match
wfpt-07803,detetive,,,7898,,kaikki_no_match
wfpt-07530,detido,,,7625,,kaikki_no_match
wfpt-11733,detrimento,,,11854,,kaikki_no_match
wfpt-11319,detroit,,,11436,,kaikki_no_match
wfpt-10063,detrás,,,10172,,kaikki_no_match
wfpt-08085,detém,,,8181,,kaikki_no_match
wfpt-00337,deu,,,354,,kaikki_no_match
wfpt-05329,deusa,noun,,5409,богиня,kaikki_pt_ru_enriched
wfpt-03692,deuses,,,3758,,kaikki_no_match
wfpt-08363,deva,,,8459,,kaikki_no_match
wfpt-05437,devagar,,,5520,,kaikki_no_match
wfpt-00172,deve,,,182,,kaikki_no_match
wfpt-10766,development,,,10878,,kaikki_no_match
wfpt-00642,devem,,,670,,kaikki_no_match
wfpt-01760,devemos,,,1811,,kaikki_no_match
wfpt-09221,devendo,,,9324,,kaikki_no_match
wfpt-03006,dever,noun,,3068,долг,kaikki_pt_ru_enriched
wfpt-08941,deveres,,,9042,,kaikki_no_match
wfpt-00525,deveria,,,551,,kaikki_no_match
wfpt-02419,deveriam,,,2473,,kaikki_no_match
wfpt-03487,deverá,,,3551,,kaikki_no_match
wfpt-09371,deverão,,,9476,,kaikki_no_match
wfpt-05005,deveríamos,,,5084,,kaikki_no_match
wfpt-01521,devia,,,1568,,kaikki_no_match
wfpt-05330,deviam,,,5410,,kaikki_no_match
wfpt-08364,devida,,,8460,,kaikki_no_match
wfpt-07531,devidamente,,,7626,,kaikki_no_match
wfpt-00537,devido,,,563,,kaikki_no_match
wfpt-02083,devo,,,2137,,kaikki_no_match
wfpt-10402,devolve,,,10513,,kaikki_no_match
wfpt-06549,devolver,,,6638,,kaikki_no_match
wfpt-10940,devoção,,,11053,,kaikki_no_match
wfpt-00739,dez,,,771,,kaikki_no_match
wfpt-00526,dezembro,noun,,552,декабрь,kaikki_pt_ru_enriched
wfpt-03488,dezenas,,,3552,,kaikki_no_match
wfpt-10582,dezoito,,,10694,,kaikki_no_match
wfpt-00046,dia,noun,,51,день,kaikki_pt_ru_enriched
wfpt-11320,diabetes,noun,,11437,диабет,kaikki_pt_ru_enriched
wfpt-03824,diabo,noun,,3894,дьявол,kaikki_pt_ru_enriched
wfpt-11734,diabos,,,11855,,kaikki_no_match
wfpt-05438,diagnóstico,,,5521,,kaikki_no_match
wfpt-07049,diamante,noun,,7139,aлмаз,kaikki_pt_ru_enriched
wfpt-07296,diamantes,,,7389,,kaikki_no_match
wfpt-04734,diana,,,4812,,kaikki_no_match
wfpt-01151,diante,,,1190,,kaikki_no_match
wfpt-03612,diariamente,,,3678,,kaikki_no_match
wfpt-00129,dias,,,139,,kaikki_no_match
wfpt-02943,dica,,,3004,,kaikki_no_match
wfpt-02420,dicas,,,2474,,kaikki_no_match
wfpt-05967,dicionário,noun,,6052,словарь,kaikki_pt_ru_enriched
wfpt-08510,dick,,,8607,,kaikki_no_match
wfpt-11916,die,,,12038,,kaikki_no_match
wfpt-02661,diego,,,2718,,kaikki_no_match
wfpt-08781,diesel,,,8881,,kaikki_no_match
wfpt-03987,dieta,,,4060,,kaikki_no_match
wfpt-11496,diferenciada,,,11614,,kaikki_no_match
wfpt-10583,diferencial,,,10695,,kaikki_no_match
wfpt-11321,diferenciar,verb,,11438,отличать,kaikki_pt_ru_enriched
wfpt-00495,diferente,,,518,,kaikki_no_match
wfpt-09222,diferentemente,,,9325,,kaikki_no_match
wfpt-00414,diferentes,,,434,,kaikki_no_match
wfpt-00918,diferença,,,952,,kaikki_no_match
wfpt-02773,diferenças,,,2832,,kaikki_no_match
wfpt-08782,dificil,,,8882,,kaikki_no_match
wfpt-07050,dificilmente,,,7140,,kaikki_no_match
wfpt-02714,dificuldade,noun,,2773,трудность,kaikki_pt_ru_enriched
wfpt-01988,dificuldades,,,2042,,kaikki_no_match
wfpt-06922,difusão,,,7012,,kaikki_no_match
wfpt-03007,difíceis,,,3069,,kaikki_no_match
wfpt-00394,difícil,,,412,,kaikki_no_match
wfpt-01916,diga,,,1969,,kaikki_no_match
wfpt-05538,digam,,,5621,,kaikki_no_match
wfpt-07944,digamos,,,8039,,kaikki_no_match
wfpt-02262,digitais,,,2316,,kaikki_no_match
wfpt-00919,digital,,,953,,kaikki_no_match
wfpt-09075,digna,,,9177,,kaikki_no_match
wfpt-04144,dignidade,noun,,4220,достоинство,kaikki_pt_ru_enriched
wfpt-05968,digno,,,6053,,kaikki_no_match
wfpt-01289,digo,,,1331,,kaikki_no_match
wfpt-10584,dilema,noun,,10696,дилемма,kaikki_pt_ru_enriched
wfpt-01266,dilma,,,1308,,kaikki_no_match
wfpt-03908,dimensão,,,3979,,kaikki_no_match
wfpt-04817,dimensões,,,4895,,kaikki_no_match
wfpt-08511,diminui,,,8608,,kaikki_no_match
wfpt-10064,diminuindo,,,10173,,kaikki_no_match
wfpt-03825,diminuir,,,3895,,kaikki_no_match
wfpt-09223,diminuiu,,,9326,,kaikki_no_match
wfpt-06204,diminuição,,,6289,,kaikki_no_match
wfpt-07945,dinamarca,noun,,8040,дания,kaikki_pt_ru_enriched
wfpt-00254,dinheiro,noun,,267,деньги,kaikki_pt_ru_enriched
wfpt-10941,dinossauros,,,11054,,kaikki_no_match
wfpt-05852,dinâmica,,,5936,,kaikki_no_match
wfpt-06923,diogo,,,7013,,kaikki_no_match
wfpt-05439,diploma,,,5522,,kaikki_no_match
wfpt-11917,diplomata,noun,,12039,дипломат,kaikki_pt_ru_enriched
wfpt-11136,diplomática,,,11251,,kaikki_no_match
wfpt-11497,directa,,,11615,,kaikki_no_match
wfpt-06322,directamente,,,6410,,kaikki_no_match
wfpt-07946,directo,,,8041,,kaikki_no_match
wfpt-04145,director,,,4221,,kaikki_no_match
wfpt-03693,direcção,,,3759,,kaikki_no_match
wfpt-01126,direita,,,1165,,kaikki_no_match
wfpt-00249,direito,,,262,,kaikki_no_match
wfpt-00600,direitos,,,628,,kaikki_no_match
wfpt-02715,direta,,,2774,,kaikki_no_match
wfpt-01440,diretamente,,,1487,,kaikki_no_match
wfpt-07947,diretas,,,8042,,kaikki_no_match
wfpt-01622,direto,,,1671,,kaikki_no_match
wfpt-00854,diretor,noun,,888,директор,kaikki_pt_ru_enriched
wfpt-03322,diretora,,,3385,,kaikki_no_match
wfpt-05006,diretores,,,5085,,kaikki_no_match
wfpt-04918,diretoria,,,4997,,kaikki_no_match
wfpt-09372,diretos,,,9477,,kaikki_no_match
wfpt-06924,diretrizes,,,7014,,kaikki_no_match
wfpt-11322,diretório,noun,,11439,директория,kaikki_pt_ru_enriched
wfpt-00920,direção,noun,,954,направление,kaikki_pt_ru_enriched
wfpt-11918,direções,,,12040,,kaikki_no_match
wfpt-03071,diria,,,3133,,kaikki_no_match
wfpt-06083,dirige,,,6168,,kaikki_no_match
wfpt-08512,dirigente,,,8609,,kaikki_no_match
wfpt-05539,dirigentes,,,5622,,kaikki_no_match
wfpt-07297,dirigida,,,7390,,kaikki_no_match
wfpt-05211,dirigido,,,5291,,kaikki_no_match
wfpt-07532,dirigindo,,,7627,,kaikki_no_match
wfpt-03403,dirigir,,,3467,,kaikki_no_match
wfpt-07051,dirigiu,,,7141,,kaikki_no_match
wfpt-08227,dirá,,,8323,,kaikki_no_match
wfpt-05007,disciplina,,,5086,,kaikki_no_match
wfpt-08656,disciplinas,,,8755,,kaikki_no_match
wfpt-02263,disco,,,2317,,kaikki_no_match
wfpt-05440,discos,,,5523,,kaikki_no_match
wfpt-06550,discriminação,,,6639,,kaikki_no_match
wfpt-01794,discurso,,,1845,,kaikki_no_match
wfpt-06551,discursos,,,6640,,kaikki_no_match
wfpt-01917,discussão,noun,,1970,обсуждение,kaikki_pt_ru_enriched
wfpt-04146,discussões,,,4222,,kaikki_no_match
wfpt-07298,discute,,,7391,,kaikki_no_match
wfpt-10403,discutido,,,10514,,kaikki_no_match
wfpt-06552,discutindo,,,6641,,kaikki_no_match
wfpt-01867,discutir,,,1920,,kaikki_no_match
wfpt-11323,discípulos,,,11440,,kaikki_no_match
wfpt-03694,disney,,,3760,,kaikki_no_match
wfpt-11498,dispara,,,11616,,kaikki_no_match
wfpt-08228,disparar,,,8324,,kaikki_no_match
wfpt-09373,disparo,,,9478,,kaikki_no_match
wfpt-09558,disparos,,,9664,,kaikki_no_match
wfpt-10404,disparou,,,10515,,kaikki_no_match
wfpt-08365,disponibilidade,,,8461,,kaikki_no_match
wfpt-08783,disponibiliza,,,8883,,kaikki_no_match
wfpt-08784,disponibilizado,,,8884,,kaikki_no_match
wfpt-10585,disponibilizar,,,10697,,kaikki_no_match
wfpt-01989,disponíveis,,,2043,,kaikki_no_match
wfpt-01238,disponível,,,1278,,kaikki_no_match
wfpt-11735,dispor,,,11856,,kaikki_no_match
wfpt-03548,dispositivo,,,3613,,kaikki_no_match
wfpt-05105,dispositivos,,,5184,,kaikki_no_match
wfpt-03072,disposição,noun,,3134,расстановка,kaikki_pt_ru_enriched
wfpt-07662,disposta,,,7757,,kaikki_no_match
wfpt-04147,disposto,,,4223,,kaikki_no_match
wfpt-06925,dispostos,,,7015,,kaikki_no_match
wfpt-02084,disputa,,,2138,,kaikki_no_match
wfpt-10065,disputada,,,10174,,kaikki_no_match
wfpt-06553,disputar,,,6642,,kaikki_no_match
wfpt-08366,disputas,,,8462,,kaikki_no_match
wfpt-07178,dispõe,,,7270,,kaikki_no_match
wfpt-00166,disse,,,176,,kaikki_no_match
wfpt-11736,disseminação,,,11857,,kaikki_no_match
wfpt-07428,disser,,,7521,,kaikki_no_match
wfpt-01990,disseram,,,2044,,kaikki_no_match
wfpt-00243,disso,,,256,,kaikki_no_match
wfpt-03404,distante,,,3468,,kaikki_no_match
wfpt-07052,distantes,,,7142,,kaikki_no_match
wfpt-09076,distinguir,verb,,9178,дифференцировать,kaikki_pt_ru_enriched
wfpt-07053,distintas,,,7143,,kaikki_no_match
wfpt-08229,distintos,,,8325,,kaikki_no_match
wfpt-06084,distinção,noun,,6169,разбор,kaikki_pt_ru_enriched
wfpt-03695,disto,,,3761,,kaikki_no_match
wfpt-11919,distrair,,,12041,,kaikki_no_match
wfpt-08086,distribuir,,,8182,,kaikki_no_match
wfpt-01658,distribuição,noun,,1707,pаспределение,kaikki_pt_ru_enriched
wfpt-11324,distribuídas,,,11441,,kaikki_no_match
wfpt-08513,distribuído,,,8610,,kaikki_no_match
wfpt-07663,distribuídos,,,7758,,kaikki_no_match
wfpt-11737,distrital,,,11858,,kaikki_no_match
wfpt-01725,distrito,,,1774,,kaikki_no_match
wfpt-08942,distritos,,,9043,,kaikki_no_match
wfpt-01290,distância,noun,,1332,расстояние,kaikki_pt_ru_enriched
wfpt-09559,distâncias,,,9665,,kaikki_no_match
wfpt-07948,distúrbios,,,8043,,kaikki_no_match
wfpt-05540,dita,,,5623,,kaikki_no_match
wfpt-08514,ditado,,,8611,,kaikki_no_match
wfpt-09560,ditador,noun,,9666,диктатор,kaikki_pt_ru_enriched
wfpt-03073,ditadura,noun,,3135,диктатура,kaikki_pt_ru_enriched
wfpt-10767,ditas,,,10879,,kaikki_no_match
wfpt-01659,dito,,,1708,,kaikki_no_match
wfpt-00750,diversas,,,783,,kaikki_no_match
wfpt-03323,diversidade,noun,,3386,разнообразие,kaikki_pt_ru_enriched
wfpt-00814,diversos,,,848,,kaikki_no_match
wfpt-03826,diversão,,,3896,,kaikki_no_match
wfpt-07664,divertida,,,7759,,kaikki_no_match
wfpt-04556,divertido,,,4633,,kaikki_no_match
wfpt-11325,divertindo,,,11442,,kaikki_no_match
wfpt-05008,divertir,,,5087,,kaikki_no_match
wfpt-05331,divide,,,5411,,kaikki_no_match
wfpt-11499,dividem,,,11617,,kaikki_no_match
wfpt-06554,dividida,,,6643,,kaikki_no_match
wfpt-11500,divididas,,,11618,,kaikki_no_match
wfpt-04818,dividido,,,4896,,kaikki_no_match
wfpt-08515,divididos,,,8612,,kaikki_no_match
wfpt-03613,dividir,verb,,3679,делить,kaikki_pt_ru_enriched
wfpt-11920,dividiu,,,12042,,kaikki_no_match
wfpt-06085,divina,,,6170,,kaikki_no_match
wfpt-06323,divino,,,6411,,kaikki_no_match
wfpt-01991,divisão,,,2045,,kaikki_no_match
wfpt-08785,divisões,,,8885,,kaikki_no_match
wfpt-07949,divulga,,,8044,,kaikki_no_match
wfpt-05645,divulgada,,,5728,,kaikki_no_match
wfpt-10405,divulgadas,,,10516,,kaikki_no_match
wfpt-03988,divulgado,,,4061,,kaikki_no_match
wfpt-07533,divulgados,,,7628,,kaikki_no_match
wfpt-10406,divulgando,,,10517,,kaikki_no_match
wfpt-02618,divulgar,,,2674,,kaikki_no_match
wfpt-01828,divulgação,,,1880,,kaikki_no_match
wfpt-04919,divulgou,,,4998,,kaikki_no_match
wfpt-05760,divórcio,noun,,5843,развод,kaikki_pt_ru_enriched
wfpt-00146,diz,,,156,,kaikki_no_match
wfpt-00751,dizem,,,784,,kaikki_no_match
wfpt-10586,dizemos,,,10698,,kaikki_no_match
wfpt-00680,dizendo,,,710,,kaikki_no_match
wfpt-01955,dizia,,,2009,,kaikki_no_match
wfpt-07179,diziam,,,7271,,kaikki_no_match
wfpt-03324,diálogo,noun,,3387,диалог,kaikki_pt_ru_enriched
wfpt-08516,diálogos,,,8613,,kaikki_no_match
wfpt-05106,diária,,,5185,,kaikki_no_match
wfpt-06779,diárias,,,6868,,kaikki_no_match
wfpt-01441,diário,,,1488,,kaikki_no_match
wfpt-06324,diários,,,6412,,kaikki_no_match
wfpt-09077,diâmetro,noun,,9179,диаметр,kaikki_pt_ru_enriched
wfpt-03910,dna,noun,,3981,днк,kaikki_pt_ru_enriched
wfpt-06926,doar,,,7016,,kaikki_no_match
wfpt-04643,doação,,,4721,,kaikki_no_match
wfpt-06086,doações,,,6171,,kaikki_no_match
wfpt-11921,dobrar,,,12043,,kaikki_no_match
wfpt-05009,dobro,,,5088,,kaikki_no_match
wfpt-06665,doc,,,6754,,kaikki_no_match
wfpt-01485,doce,,,1532,,kaikki_no_match
wfpt-08657,docente,,,8756,,kaikki_no_match
wfpt-04474,doces,,,4551,,kaikki_no_match
wfpt-04920,documentação,,,4999,,kaikki_no_match
wfpt-01918,documento,,,1971,,kaikki_no_match
wfpt-01315,documentos,,,1357,,kaikki_no_match
wfpt-02881,documentário,,,2941,,kaikki_no_match
wfpt-09078,documentários,,,9180,,kaikki_no_match
wfpt-02264,doente,,,2318,,kaikki_no_match
wfpt-05107,doentes,,,5186,,kaikki_no_match
wfpt-01239,doença,noun,,1279,болезнь,kaikki_pt_ru_enriched
wfpt-02517,doenças,,,2572,,kaikki_no_match
wfpt-08367,doer,verb,,8463,болеть,kaikki_pt_ru_enriched
wfpt-08230,dog,,,8326,,kaikki_no_match
wfpt-08658,doida,,,8757,,kaikki_no_match
wfpt-05441,doido,,,5524,,kaikki_no_match
wfpt-00102,dois,,,109,,kaikki_no_match
wfpt-11326,doloroso,,,11443,,kaikki_no_match
wfpt-01868,dom,,,1921,,kaikki_no_match
wfpt-10587,domina,,,10699,,kaikki_no_match
wfpt-11501,dominado,,,11619,,kaikki_no_match
wfpt-07534,dominante,,,7629,,kaikki_no_match
wfpt-06555,dominar,,,6644,,kaikki_no_match
wfpt-10238,dominação,,,10347,,kaikki_no_match
wfpt-00855,domingo,noun,,889,воскресенье,kaikki_pt_ru_enriched
wfpt-03549,domingos,,,3614,,kaikki_no_match
wfpt-09727,dominicana,,,9835,,kaikki_no_match
wfpt-05969,doméstica,,,6054,,kaikki_no_match
wfpt-11922,domésticas,,,12044,,kaikki_no_match
wfpt-07054,doméstico,,,7144,,kaikki_no_match
wfpt-07180,domésticos,,,7272,,kaikki_no_match
wfpt-01761,domínio,,,1812,,kaikki_no_match
wfpt-06780,domínios,,,6869,,kaikki_no_match
wfpt-04230,don,,,4306,,kaikki_no_match
wfpt-02421,dona,noun,,2475,женщина,kaikki_pt_ru_enriched
wfpt-06556,donald,,,6645,,kaikki_no_match
wfpt-01919,dono,,,1972,,kaikki_no_match
wfpt-04921,donos,,,5000,,kaikki_no_match
wfpt-00900,dor,noun,,934,боль,kaikki_pt_ru_enriched
wfpt-03489,dores,,,3554,,kaikki_no_match
wfpt-05212,dorme,,,5292,,kaikki_no_match
wfpt-07804,dormi,,,7899,,kaikki_no_match
wfpt-10768,dormia,,,10880,,kaikki_no_match
wfpt-03405,dormindo,,,3469,,kaikki_no_match
wfpt-00878,dormir,verb,,912,спать,kaikki_pt_ru_enriched
wfpt-06666,dormiu,,,6755,,kaikki_no_match
wfpt-04148,dose,noun,,4224,доза,kaikki_pt_ru_enriched
wfpt-09882,doses,,,9991,,kaikki_no_match
wfpt-01829,dou,,,1881,,kaikki_no_match
wfpt-05853,douglas,,,5937,,kaikki_no_match
wfpt-08517,dourada,,,8614,,kaikki_no_match
wfpt-05970,dourado,,,6055,,kaikki_no_match
wfpt-10066,dourados,,,10175,,kaikki_no_match
wfpt-02573,doutor,noun,,2628,доктор,kaikki_pt_ru_enriched
wfpt-10588,doutora,,,10700,,kaikki_no_match
wfpt-04819,doutorado,,,4897,,kaikki_no_match
wfpt-04820,doutrina,noun,,4898,доктрина,kaikki_pt_ru_enriched
wfpt-04311,down,,,4387,,kaikki_no_match
wfpt-03550,download,,,3615,,kaikki_no_match
wfpt-03911,doze,,,3982,,kaikki_no_match
wfpt-06667,dra,,,6756,,kaikki_no_match
wfpt-09883,dragon,,,9992,,kaikki_no_match
wfpt-04557,dragão,noun,,4634,змей,kaikki_pt_ru_enriched
wfpt-09374,dragões,,,9479,,kaikki_no_match
wfpt-08368,drake,,,8464,,kaikki_no_match
wfpt-02662,drama,noun,,2719,драма,kaikki_pt_ru_enriched
wfpt-11738,dramas,,,11859,,kaikki_no_match
wfpt-08659,dramática,,,8758,,kaikki_no_match
wfpt-10769,dramático,,,10881,,kaikki_no_match
wfpt-09224,dream,,,9327,,kaikki_no_match
wfpt-06557,drive,,,6646,,kaikki_no_match
wfpt-02364,droga,,,2418,,kaikki_no_match
wfpt-01346,drogas,,,1389,,kaikki_no_match
wfpt-06205,duarte,,,6290,,kaikki_no_match
wfpt-00178,duas,,,188,,kaikki_no_match
wfpt-07181,dubai,,,7273,,kaikki_no_match
wfpt-09884,dublado,,,9993,,kaikki_no_match
wfpt-07429,duelo,,,7522,,kaikki_no_match
wfpt-09561,duke,,,9667,,kaikki_no_match
wfpt-11923,duncan,,,12045,,kaikki_no_match
wfpt-02085,dupla,,,2139,,kaikki_no_match
wfpt-11137,duplas,,,11252,,kaikki_no_match
wfpt-04312,duplo,,,4388,,kaikki_no_match
wfpt-07055,duque,noun,,7145,герцог,kaikki_pt_ru_enriched
wfpt-02265,dura,,,2319,,kaikki_no_match
wfpt-00123,durante,,,133,,kaikki_no_match
wfpt-05213,durar,,,5293,,kaikki_no_match
wfpt-09562,duras,,,9668,,kaikki_no_match
wfpt-03260,duração,,,3323,,kaikki_no_match
wfpt-11327,durma,,,11444,,kaikki_no_match
wfpt-10770,durmo,,,10882,,kaikki_no_match
wfpt-03008,duro,,,3070,,kaikki_no_match
wfpt-04149,durou,,,4225,,kaikki_no_match
wfpt-11328,dutra,,,11445,,kaikki_no_match
wfpt-07805,duvida,,,7900,,kaikki_no_match
wfpt-04475,duvido,,,4552,,kaikki_no_match
wfpt-11138,duzentos,,,11253,,kaikki_no_match
wfpt-03406,dvd,,,3470,,kaikki_no_match
wfpt-06927,dylan,,,7017,,kaikki_no_match
wfpt-01592,dão,,,1641,,kaikki_no_match
wfpt-11329,débora,,,11446,,kaikki_no_match
wfpt-01726,década,noun,,1775,десятилетие,kaikki_pt_ru_enriched
wfpt-01992,décadas,,,2046,,kaikki_no_match
wfpt-08943,décimo,,,9044,,kaikki_no_match
wfpt-06928,dêem,,,7018,,kaikki_no_match
wfpt-02814,dívida,,,2873,,kaikki_no_match
wfpt-05109,dívidas,,,5188,,kaikki_no_match
wfpt-03989,dói,,,4062,,kaikki_no_match
wfpt-05332,dólar,noun,,5412,доллар,kaikki_pt_ru_enriched
wfpt-01033,dólares,,,1069,,kaikki_no_match
wfpt-01316,dúvida,noun,,1358,сомнение,kaikki_pt_ru_enriched
wfpt-02036,dúvidas,,,2090,,kaikki_no_match
wfpt-07535,dúzia,noun,,7630,дюжина,kaikki_pt_ru_enriched
wfpt-08944,earth,,,9045,,kaikki_no_match
wfpt-06668,east,,,6757,,kaikki_no_match
wfpt-09563,eclipse,noun,,9669,затмение,kaikki_pt_ru_enriched
wfpt-07056,eco,noun,,7146,эхо,kaikki_pt_ru_enriched
wfpt-09225,ecologia,noun,,9328,экология,kaikki_pt_ru_enriched
wfpt-11330,ecológica,,,11447,,kaikki_no_match
wfpt-09728,ecológico,,,9836,,kaikki_no_match
wfpt-00879,economia,noun,,913,экономика,kaikki_pt_ru_enriched
wfpt-09375,economias,,,9480,,kaikki_no_match
wfpt-11331,economicamente,,,11448,,kaikki_no_match
wfpt-07536,economista,noun,,7631,экономист,kaikki_pt_ru_enriched
wfpt-11139,economizar,,,11254,,kaikki_no_match
wfpt-05541,económica,,,5624,,kaikki_no_match
wfpt-10772,económicas,,,10884,,kaikki_no_match
wfpt-07182,económico,,,7274,,kaikki_no_match
wfpt-01727,econômica,,,1776,,kaikki_no_match
wfpt-04476,econômicas,,,4553,,kaikki_no_match
wfpt-02037,econômico,,,2091,,kaikki_no_match
wfpt-05010,econômicos,,,5089,,kaikki_no_match
wfpt-10942,ecossistema,noun,,11055,экосистема,kaikki_pt_ru_enriched
wfpt-11924,ecrã,,,12046,,kaikki_no_match
wfpt-07183,eddie,,,7275,,kaikki_no_match
wfpt-09079,edgar,,,9181,,kaikki_no_match
wfpt-02176,edifício,noun,,2230,здание,kaikki_pt_ru_enriched
wfpt-04644,edifícios,,,4722,,kaikki_no_match
wfpt-10943,editada,,,11056,,kaikki_no_match
wfpt-09564,editado,,,9670,,kaikki_no_match
wfpt-11332,edital,,,11449,,kaikki_no_match
wfpt-06446,editar,,,6534,,kaikki_no_match
wfpt-02663,editor,,,2720,,kaikki_no_match
wfpt-02177,editora,,,2231,,kaikki_no_match
wfpt-10067,editoras,,,10176,,kaikki_no_match
wfpt-06782,editores,,,6871,,kaikki_no_match
wfpt-04150,editorial,,,4226,,kaikki_no_match
wfpt-00617,edição,,,645,,kaikki_no_match
wfpt-04231,edições,,,4307,,kaikki_no_match
wfpt-07950,edson,,,8045,,kaikki_no_match
wfpt-01348,eduardo,noun,,1391,эдуард,kaikki_pt_ru_enriched
wfpt-07184,educacionais,,,7276,,kaikki_no_match
wfpt-04477,educacional,,,4554,,kaikki_no_match
wfpt-11925,educada,,,12047,,kaikki_no_match
wfpt-05971,educado,,,6056,,kaikki_no_match
wfpt-11926,educadores,,,12048,,kaikki_no_match
wfpt-10068,educar,,,10177,,kaikki_no_match
wfpt-00454,educação,noun,,474,воспитание,kaikki_pt_ru_enriched
wfpt-04391,edward,,,4467,,kaikki_no_match
wfpt-01240,efeito,,,1280,,kaikki_no_match
wfpt-01486,efeitos,,,1533,,kaikki_no_match
wfpt-07430,efetiva,,,7523,,kaikki_no_match
wfpt-06447,efetivamente,,,6535,,kaikki_no_match
wfpt-08231,efetivo,,,8327,,kaikki_no_match
wfpt-04558,eficaz,,,4635,,kaikki_no_match
wfpt-05110,eficiente,,,5189,,kaikki_no_match
wfpt-11140,eficientes,,,11255,,kaikki_no_match
wfpt-05972,eficiência,noun,,6057,эффективность,kaikki_pt_ru_enriched
wfpt-08232,eficácia,,,8328,,kaikki_no_match
wfpt-02664,egito,noun,,2721,египет,kaikki_pt_ru_enriched
wfpt-06783,ego,,,6872,,kaikki_no_match
wfpt-09226,egoísta,,,9329,,kaikki_no_match
wfpt-10407,egípcia,,,10518,,kaikki_no_match
wfpt-09565,egípcio,,,9671,,kaikki_no_match
wfpt-10239,egípcios,,,10348,,kaikki_no_match
wfpt-09227,einstein,noun,,9330,эйнште́йн,kaikki_pt_ru_enriched
wfpt-02774,eis,,,2833,,kaikki_no_match
wfpt-04478,eixo,,,4555,,kaikki_no_match
wfpt-11141,eixos,,,11256,,kaikki_no_match
wfpt-10408,elaborada,,,10519,,kaikki_no_match
wfpt-08087,elaborado,,,8183,,kaikki_no_match
wfpt-10240,elaborar,,,10349,,kaikki_no_match
wfpt-09376,elefante,noun,,9481,слоновые,kaikki_pt_ru_enriched
wfpt-11739,elefantes,,,11860,,kaikki_no_match
wfpt-07057,elegante,,,7147,,kaikki_no_match
wfpt-07537,eleger,,,7632,,kaikki_no_match
wfpt-11333,elegeu,,,11450,,kaikki_no_match
wfpt-06325,eleita,,,6413,,kaikki_no_match
wfpt-01993,eleito,,,2047,,kaikki_no_match
wfpt-06558,eleitor,noun,,6647,избиратель,kaikki_pt_ru_enriched
wfpt-11502,eleitorado,,,11620,,kaikki_no_match
wfpt-06326,eleitorais,,,6414,,kaikki_no_match
wfpt-01593,eleitoral,,,1642,,kaikki_no_match
wfpt-04232,eleitores,,,4308,,kaikki_no_match
wfpt-05111,eleitos,,,5190,,kaikki_no_match
wfpt-01594,eleição,,,1643,,kaikki_no_match
wfpt-01034,eleições,,,1070,,kaikki_no_match
wfpt-03074,elemento,,,3136,,kaikki_no_match
wfpt-01561,elementos,,,1609,,kaikki_no_match
wfpt-06784,elena,,,6873,,kaikki_no_match
wfpt-03075,elenco,,,3137,,kaikki_no_match
wfpt-05442,eletricidade,noun,,5525,электричество,kaikki_pt_ru_enriched
wfpt-04069,eletrônica,noun,,4143,электроника,kaikki_pt_ru_enriched
wfpt-03696,eletrônico,,,3762,,kaikki_no_match
wfpt-04233,eletrônicos,,,4309,,kaikki_no_match
wfpt-04922,elevada,,,5001,,kaikki_no_match
wfpt-10241,elevadas,,,10350,,kaikki_no_match
wfpt-03407,elevado,,,3471,,kaikki_no_match
wfpt-07058,elevador,noun,,7148,лифт,kaikki_pt_ru_enriched
wfpt-08369,elevados,,,8465,,kaikki_no_match
wfpt-09377,elevar,,,9482,,kaikki_no_match
wfpt-07538,elevação,,,7633,,kaikki_no_match
wfpt-07951,elias,noun,,8046,илия́,kaikki_pt_ru_enriched
wfpt-11334,eliminada,,,11451,,kaikki_no_match
wfpt-06448,eliminado,,,6536,,kaikki_no_match
wfpt-03325,eliminar,,,3388,,kaikki_no_match
wfpt-04392,eliminação,,,4468,,kaikki_no_match
wfpt-10242,elisa,,,10351,,kaikki_no_match
wfpt-03326,elite,,,3389,,kaikki_no_match
wfpt-04313,elizabeth,,,4389,,kaikki_no_match
wfpt-08370,ellen,,,8466,,kaikki_no_match
wfpt-10069,elo,,,10178,,kaikki_no_match
wfpt-08786,elogio,,,8886,,kaikki_no_match
wfpt-05647,elogios,,,5730,,kaikki_no_match
wfpt-11503,elvis,,,11621,,kaikki_no_match
wfpt-02422,elétrica,,,2476,,kaikki_no_match
wfpt-10409,elétricas,,,10520,,kaikki_no_match
wfpt-06087,elétrico,,,6172,,kaikki_no_match
wfpt-08660,elétricos,,,8759,,kaikki_no_match
wfpt-08945,emagrecer,,,9046,,kaikki_no_match
wfpt-03697,email,,,3763,,kaikki_no_match
wfpt-10944,emancipação,,,11057,,kaikki_no_match
wfpt-03327,embaixada,noun,,3390,посольство,kaikki_pt_ru_enriched
wfpt-04479,embaixador,noun,,4556,посол,kaikki_pt_ru_enriched
wfpt-05214,embaixo,,,5294,,kaikki_no_match
wfpt-11927,embarcar,,,12049,,kaikki_no_match
wfpt-10945,embarque,,,11058,,kaikki_no_match
wfpt-00289,embora,,,305,,kaikki_no_match
wfpt-10773,emboscada,noun,,10885,засада,kaikki_pt_ru_enriched
wfpt-05215,emenda,,,5295,,kaikki_no_match
wfpt-10946,emendas,,,11059,,kaikki_no_match
wfpt-01920,emergência,,,1973,,kaikki_no_match
wfpt-11504,emerson,,,11622,,kaikki_no_match
wfpt-04480,emily,,,4557,,kaikki_no_match
wfpt-03990,emissora,,,4063,,kaikki_no_match
wfpt-06929,emissoras,,,7019,,kaikki_no_match
wfpt-05011,emissão,,,5090,,kaikki_no_match
wfpt-08787,emissões,,,8887,,kaikki_no_match
wfpt-10947,emitida,,,11060,,kaikki_no_match
wfpt-08661,emitido,,,8760,,kaikki_no_match
wfpt-08788,emitir,,,8888,,kaikki_no_match
wfpt-08371,emitiu,,,8467,,kaikki_no_match
wfpt-05443,emma,,,5526,,kaikki_no_match
wfpt-11740,emocionais,,,11861,,kaikki_no_match
wfpt-04151,emocional,,,4227,,kaikki_no_match
wfpt-11741,emocionalmente,,,11862,,kaikki_no_match
wfpt-05333,emocionante,,,5414,,kaikki_no_match
wfpt-03761,emoção,,,3828,,kaikki_no_match
wfpt-03762,emoções,,,3829,,kaikki_no_match
wfpt-04821,empate,,,4899,,kaikki_no_match
wfpt-11928,empatia,noun,,12050,эмпатия,kaikki_pt_ru_enriched
wfpt-11505,empenho,,,11623,,kaikki_no_match
wfpt-08789,empreendedores,,,8889,,kaikki_no_match
wfpt-07665,empreendimento,,,7760,,kaikki_no_match
wfpt-07539,empreendimentos,,,7634,,kaikki_no_match
wfpt-05334,empregada,,,5415,,kaikki_no_match
wfpt-05012,empregado,,,5091,,kaikki_no_match
wfpt-04393,empregados,,,4469,,kaikki_no_match
wfpt-01035,emprego,noun,,1071,работа,kaikki_pt_ru_enriched
wfpt-04070,empregos,,,4144,,kaikki_no_match
wfpt-00395,empresa,noun,,413,бизнес,kaikki_pt_ru_enriched
wfpt-10774,empresariais,,,10886,,kaikki_no_match
wfpt-07059,empresarial,,,7149,,kaikki_no_match
wfpt-00601,empresas,,,629,,kaikki_no_match
wfpt-07060,emprestado,,,7150,,kaikki_no_match
wfpt-02815,empresário,noun,,2874,бизнесмен,kaikki_pt_ru_enriched
wfpt-03763,empresários,,,3830,,kaikki_no_match
wfpt-05013,empréstimo,,,5092,,kaikki_no_match
wfpt-07431,empréstimos,,,7524,,kaikki_no_match
wfpt-09566,encaixa,,,9672,,kaikki_no_match
wfpt-10775,encantado,,,10887,,kaikki_no_match
wfpt-10776,encanto,,,10888,,kaikki_no_match
wfpt-11506,encara,,,11624,,kaikki_no_match
wfpt-05444,encarar,,,5527,,kaikki_no_match
wfpt-08518,encarregado,,,8615,,kaikki_no_match
wfpt-08662,encerra,,,8761,,kaikki_no_match
wfpt-10410,encerrada,,,10521,,kaikki_no_match
wfpt-08372,encerrado,,,8468,,kaikki_no_match
wfpt-04735,encerramento,,,4813,,kaikki_no_match
wfpt-06559,encerrar,,,6648,,kaikki_no_match
wfpt-08519,encerrou,,,8616,,kaikki_no_match
wfpt-09080,enche,,,9182,,kaikki_no_match
wfpt-05648,encher,,,5731,,kaikki_no_match
wfpt-11929,encheu,,,12051,,kaikki_no_match
wfpt-08233,encomenda,noun,,8329,заказ,kaikki_pt_ru_enriched
wfpt-00856,encontra,,,890,,kaikki_no_match
wfpt-02882,encontrada,,,2942,,kaikki_no_match
wfpt-03827,encontradas,,,3897,,kaikki_no_match
wfpt-01692,encontrado,,,1741,,kaikki_no_match
wfpt-03261,encontrados,,,3324,,kaikki_no_match
wfpt-01921,encontram,,,1974,,kaikki_no_match
wfpt-03614,encontramos,,,3680,,kaikki_no_match
wfpt-07061,encontrando,,,7151,,kaikki_no_match
wfpt-00440,encontrar,verb,,460,найти,kaikki_pt_ru_enriched
wfpt-03764,encontraram,,,3831,,kaikki_no_match
wfpt-10411,encontrarem,,,10522,,kaikki_no_match
wfpt-06785,encontrará,,,6874,,kaikki_no_match
wfpt-05761,encontrava,,,5844,,kaikki_no_match
wfpt-11142,encontravam,,,11257,,kaikki_no_match
wfpt-04071,encontre,,,4145,,kaikki_no_match
wfpt-02317,encontrei,,,2371,,kaikki_no_match
wfpt-00618,encontro,,,646,,kaikki_no_match
wfpt-03490,encontros,,,3555,,kaikki_no_match
wfpt-01956,encontrou,,,2010,,kaikki_no_match
wfpt-08946,encontrá,,,9047,,kaikki_no_match
wfpt-09729,encosta,,,9837,,kaikki_no_match
wfpt-06560,end,,,6649,,kaikki_no_match
wfpt-02619,endereço,noun,,2675,адрес,kaikki_pt_ru_enriched
wfpt-07666,endereços,,,7761,,kaikki_no_match
wfpt-08088,enem,,,8184,,kaikki_no_match
wfpt-00527,energia,noun,,553,энергия,kaikki_pt_ru_enriched
wfpt-07299,energias,,,7392,,kaikki_no_match
wfpt-07300,energética,,,7393,,kaikki_no_match
wfpt-10070,energético,,,10179,,kaikki_no_match
wfpt-09378,enfermeira,noun,,9483,медсестра,kaikki_pt_ru_enriched
wfpt-09379,enfiar,,,9484,,kaikki_no_match
wfpt-01830,enfim,,,1882,,kaikki_no_match
wfpt-05854,enfrenta,,,5938,,kaikki_no_match
wfpt-08089,enfrentam,,,8185,,kaikki_no_match
wfpt-08090,enfrentando,,,8186,,kaikki_no_match
wfpt-02131,enfrentar,,,2185,,kaikki_no_match
wfpt-11742,enfrentaram,,,11863,,kaikki_no_match
wfpt-08947,enfrentou,,,9048,,kaikki_no_match
wfpt-10589,engajamento,,,10701,,kaikki_no_match
wfpt-09730,engana,,,9838,,kaikki_no_match
wfpt-10071,enganado,,,10180,,kaikki_no_match
wfpt-05855,enganar,,,5939,,kaikki_no_match
wfpt-05762,engano,noun,,5845,недоразумение,kaikki_pt_ru_enriched
wfpt-01957,engenharia,,,2011,,kaikki_no_match
wfpt-03912,engenheiro,noun,,3983,инженер,kaikki_pt_ru_enriched
wfpt-06669,engenheiros,,,6758,,kaikki_no_match
wfpt-08790,english,,,8890,,kaikki_no_match
wfpt-10243,engolir,,,10352,,kaikki_no_match
wfpt-07062,engraçada,,,7152,,kaikki_no_match
wfpt-01562,engraçado,,,1610,,kaikki_no_match
wfpt-11743,engraçados,,,11864,,kaikki_no_match
wfpt-01349,enorme,,,1392,,kaikki_no_match
wfpt-05763,enormes,,,5846,,kaikki_no_match
wfpt-00190,enquanto,,,202,,kaikki_no_match
wfpt-06327,enredo,,,6415,,kaikki_no_match
wfpt-10412,enrique,,,10523,,kaikki_no_match
wfpt-03408,ensaio,noun,,3472,эссе,kaikki_pt_ru_enriched
wfpt-05973,ensaios,,,6058,,kaikki_no_match
wfpt-04559,ensina,,,4636,,kaikki_no_match
wfpt-09081,ensinamentos,,,9183,,kaikki_no_match
wfpt-07806,ensinando,,,7901,,kaikki_no_match
wfpt-02132,ensinar,,,2186,,kaikki_no_match
wfpt-00901,ensino,,,935,,kaikki_no_match
wfpt-05014,ensinou,,,5093,,kaikki_no_match
wfpt-00429,entanto,,,449,,kaikki_no_match
wfpt-04072,entenda,,,4146,,kaikki_no_match
wfpt-01623,entende,,,1672,,kaikki_no_match
wfpt-04394,entendem,,,4470,,kaikki_no_match
wfpt-07807,entendemos,,,7902,,kaikki_no_match
wfpt-05856,entendendo,,,5940,,kaikki_no_match
wfpt-00725,entender,verb,,757,понять,kaikki_pt_ru_enriched
wfpt-10244,entenderam,,,10353,,kaikki_no_match
wfpt-03262,entendeu,,,3325,,kaikki_no_match
wfpt-01994,entendi,,,2048,,kaikki_no_match
wfpt-06930,entendido,,,7020,,kaikki_no_match
wfpt-05112,entendimento,,,5191,,kaikki_no_match
wfpt-01384,entendo,,,1429,,kaikki_no_match
wfpt-07667,enterrado,,,7762,,kaikki_no_match
wfpt-09886,enterro,,,9995,,kaikki_no_match
wfpt-02883,entidade,,,2943,,kaikki_no_match
wfpt-03137,entidades,,,3199,,kaikki_no_match
wfpt-08091,entorno,,,8187,,kaikki_no_match
wfpt-01350,entra,,,1393,,kaikki_no_match
wfpt-00921,entrada,noun,,955,статья,kaikki_pt_ru_enriched
wfpt-06088,entradas,,,6173,,kaikki_no_match
wfpt-08234,entrado,,,8330,,kaikki_no_match
wfpt-04923,entram,,,5002,,kaikki_no_match
wfpt-10072,entramos,,,10181,,kaikki_no_match
wfpt-03615,entrando,,,3681,,kaikki_no_match
wfpt-00496,entrar,,,519,,kaikki_no_match
wfpt-03913,entraram,,,3984,,kaikki_no_match
wfpt-11744,entrava,,,11865,,kaikki_no_match
wfpt-02575,entrega,,,2630,,kaikki_no_match
wfpt-02460,entregar,,,2514,,kaikki_no_match
wfpt-05542,entregou,,,5625,,kaikki_no_match
wfpt-03009,entregue,,,3071,,kaikki_no_match
wfpt-08235,entregues,,,8331,,kaikki_no_match
wfpt-03828,entrei,,,3898,,kaikki_no_match
wfpt-11930,entrem,,,12052,,kaikki_no_match
wfpt-01127,entretanto,,,1166,,kaikki_no_match
wfpt-03991,entretenimento,noun,,4064,отдых,kaikki_pt_ru_enriched
wfpt-01078,entrevista,noun,,1115,беседа,kaikki_pt_ru_enriched
wfpt-10245,entrevistados,,,10354,,kaikki_no_match
wfpt-03829,entrevistas,,,3899,,kaikki_no_match
wfpt-09082,entro,,,9184,,kaikki_no_match
wfpt-01267,entrou,,,1309,,kaikki_no_match
wfpt-06786,entusiasmo,,,6875,,kaikki_no_match
wfpt-06449,envia,,,6537,,kaikki_no_match
wfpt-05113,enviada,,,5192,,kaikki_no_match
wfpt-07185,enviadas,,,7277,,kaikki_no_match
wfpt-02816,enviado,,,2875,,kaikki_no_match
wfpt-05015,enviados,,,5094,,kaikki_no_match
wfpt-07808,enviando,,,7903,,kaikki_no_match
wfpt-01728,enviar,verb,,1777,бросить,kaikki_pt_ru_enriched
wfpt-09228,enviaram,,,9331,,kaikki_no_match
wfpt-04822,envie,,,4900,,kaikki_no_match
wfpt-06450,envio,,,6538,,kaikki_no_match
wfpt-02620,enviou,,,2676,,kaikki_no_match
wfpt-03491,envolve,,,3556,,kaikki_no_match
wfpt-07809,envolvem,,,7904,,kaikki_no_match
wfpt-02621,envolvendo,,,2677,,kaikki_no_match
wfpt-04073,envolver,,,4147,,kaikki_no_match
wfpt-06089,envolveu,,,6174,,kaikki_no_match
wfpt-05764,envolvida,,,5847,,kaikki_no_match
wfpt-06206,envolvidas,,,6291,,kaikki_no_match
wfpt-03328,envolvido,,,3391,,kaikki_no_match
wfpt-02817,envolvidos,,,2876,,kaikki_no_match
wfpt-04074,envolvimento,,,4148,,kaikki_no_match
wfpt-06931,enxergar,,,7021,,kaikki_no_match
wfpt-09229,epidemia,noun,,9332,эпидемия,kaikki_pt_ru_enriched
wfpt-01291,episódio,noun,,1333,эпизод,kaikki_pt_ru_enriched
wfpt-03492,episódios,,,3557,,kaikki_no_match
wfpt-04395,equador,noun,,4471,экватор,kaikki_pt_ru_enriched
wfpt-10413,equação,noun,,10524,уравнение,kaikki_pt_ru_enriched
wfpt-03263,equilíbrio,noun,,3326,равновесие,kaikki_pt_ru_enriched
wfpt-01729,equipa,,,1778,,kaikki_no_match
wfpt-09887,equipado,,,9996,,kaikki_no_match
wfpt-03010,equipamento,noun,,3072,снаряжение,kaikki_pt_ru_enriched
wfpt-02716,equipamentos,,,2775,,kaikki_no_match
wfpt-07186,equipas,,,7278,,kaikki_no_match
wfpt-00310,equipe,noun,,327,состав,kaikki_pt_ru_enriched
wfpt-02518,equipes,,,2573,,kaikki_no_match
wfpt-04152,equivalente,,,4228,,kaikki_no_match
wfpt-00406,eram,,,425,,kaikki_no_match
wfpt-09888,eras,,,9997,,kaikki_no_match
wfpt-04153,eric,,,4229,,kaikki_no_match
wfpt-09889,erik,,,9998,,kaikki_no_match
wfpt-02318,errada,,,2372,,kaikki_no_match
wfpt-07301,erradas,,,7394,,kaikki_no_match
wfpt-00668,errado,,,697,,kaikki_no_match
wfpt-11143,errados,,,11258,,kaikki_no_match
wfpt-10414,errar,,,10525,,kaikki_no_match
wfpt-01170,erro,noun,,1209,ошибка,kaikki_pt_ru_enriched
wfpt-01870,erros,,,1923,,kaikki_no_match
wfpt-10590,errou,,,10702,,kaikki_no_match
wfpt-08373,erva,,,8469,,kaikki_no_match
wfpt-09890,ervas,,,9999,,kaikki_no_match
wfpt-05543,escada,noun,,5626,лестница,kaikki_pt_ru_enriched
wfpt-07952,escadas,,,8047,,kaikki_no_match
wfpt-02266,escala,noun,,2320,масштаб,kaikki_pt_ru_enriched
wfpt-07953,escalada,noun,,8048,карабканье,kaikki_pt_ru_enriched
wfpt-10591,escalar,,,10703,,kaikki_no_match
wfpt-09891,escalão,noun,,10000,звено́,kaikki_pt_ru_enriched
wfpt-03616,escapar,,,3682,,kaikki_no_match
wfpt-08791,escape,,,8891,,kaikki_no_match
wfpt-09380,escapou,,,9485,,kaikki_no_match
wfpt-09230,escassez,,,9333,,kaikki_no_match
wfpt-05544,esclarecer,,,5627,,kaikki_no_match
wfpt-00261,escola,noun,,275,школа,kaikki_pt_ru_enriched
wfpt-03329,escolar,,,3392,,kaikki_no_match
wfpt-07540,escolares,,,7635,,kaikki_no_match
wfpt-01036,escolas,,,1072,,kaikki_no_match
wfpt-00902,escolha,,,936,,kaikki_no_match
wfpt-03765,escolhas,,,3832,,kaikki_no_match
wfpt-04736,escolhe,,,4814,,kaikki_no_match
wfpt-11335,escolhemos,,,11452,,kaikki_no_match
wfpt-01268,escolher,,,1310,,kaikki_no_match
wfpt-09567,escolheram,,,9673,,kaikki_no_match
wfpt-03830,escolheu,,,3900,,kaikki_no_match
wfpt-05335,escolhi,,,5416,,kaikki_no_match
wfpt-05445,escolhida,,,5528,,kaikki_no_match
wfpt-02944,escolhido,,,3005,,kaikki_no_match
wfpt-05974,escolhidos,,,6059,,kaikki_no_match
wfpt-11931,escolho,,,12053,,kaikki_no_match
wfpt-05545,esconde,,,5628,,kaikki_no_match
wfpt-11932,escondendo,,,12054,,kaikki_no_match
wfpt-03076,esconder,verb,,3138,спрятать,kaikki_pt_ru_enriched
wfpt-09892,escondida,,,10001,,kaikki_no_match
wfpt-11144,escondidas,noun,,11259,прятки,kaikki_pt_ru_enriched
wfpt-05546,escondido,,,5629,,kaikki_no_match
wfpt-11746,escondidos,,,11867,,kaikki_no_match
wfpt-10948,escova,,,11061,,kaikki_no_match
wfpt-10246,escrava,,,10355,,kaikki_no_match
wfpt-05857,escravidão,noun,,5941,рабство,kaikki_pt_ru_enriched
wfpt-05446,escravo,noun,,5529,раб,kaikki_pt_ru_enriched
wfpt-03698,escravos,,,3764,,kaikki_no_match
wfpt-07432,escreva,,,7525,,kaikki_no_match
wfpt-02577,escreve,,,2632,,kaikki_no_match
wfpt-03617,escrevendo,,,3683,,kaikki_no_match
wfpt-00974,escrever,verb,,1009,писать,kaikki_pt_ru_enriched
wfpt-10949,escreveram,,,11062,,kaikki_no_match
wfpt-01037,escreveu,,,1073,,kaikki_no_match
wfpt-03766,escrevi,,,3833,,kaikki_no_match
wfpt-11145,escrevia,,,11260,,kaikki_no_match
wfpt-05547,escrevo,,,5630,,kaikki_no_match
wfpt-01693,escrita,noun,,1742,письмо,kaikki_pt_ru_enriched
wfpt-07433,escritas,,,7526,,kaikki_no_match
wfpt-01107,escrito,,,1144,,kaikki_no_match
wfpt-01522,escritor,,,1569,,kaikki_no_match
wfpt-05548,escritora,,,5631,,kaikki_no_match
wfpt-03138,escritores,,,3200,,kaikki_no_match
wfpt-03410,escritos,,,3474,,kaikki_no_match
wfpt-11336,escrituras,,,11453,,kaikki_no_match
wfpt-01595,escritório,noun,,1644,бюро,kaikki_pt_ru_enriched
wfpt-05114,escritórios,,,5193,,kaikki_no_match
wfpt-06932,escudo,noun,,7022,щит,kaikki_pt_ru_enriched
wfpt-10592,escultura,noun,,10704,скульптура,kaikki_pt_ru_enriched
wfpt-11509,esculturas,,,11627,,kaikki_no_match
wfpt-06670,escura,,,6759,,kaikki_no_match
wfpt-10593,escuras,,,10705,,kaikki_no_match
wfpt-07063,escuridão,,,7153,,kaikki_no_match
wfpt-03077,escuro,,,3139,,kaikki_no_match
wfpt-10777,escuros,,,10889,,kaikki_no_match
wfpt-04075,escuta,,,4149,,kaikki_no_match
wfpt-09731,escutando,,,9839,,kaikki_no_match
wfpt-04396,escutar,verb,,4472,слущать,kaikki_pt_ru_enriched
wfpt-11510,escutei,,,11628,,kaikki_no_match
wfpt-10073,escuto,,,10182,,kaikki_no_match
wfpt-05649,escândalo,,,5732,,kaikki_no_match
wfpt-09893,escócia,noun,,10002,шотландия,kaikki_pt_ru_enriched
wfpt-05016,esfera,noun,,5095,сфера,kaikki_pt_ru_enriched
wfpt-08520,esferas,,,8617,,kaikki_no_match
wfpt-11511,esforçar,,,11629,,kaikki_no_match
wfpt-01871,esforço,noun,,1924,усилие,kaikki_pt_ru_enriched
wfpt-02818,esforços,,,2877,,kaikki_no_match
wfpt-07302,esgoto,,,7395,,kaikki_no_match
wfpt-11146,espaciais,,,11261,,kaikki_no_match
wfpt-04646,espacial,,,4724,,kaikki_no_match
wfpt-04154,espada,noun,,4230,меч,kaikki_pt_ru_enriched
wfpt-11747,espadas,,,11868,,kaikki_no_match
wfpt-10778,espalha,,,10890,,kaikki_no_match
wfpt-09732,espalhadas,,,9840,,kaikki_no_match
wfpt-08092,espalhados,,,8188,,kaikki_no_match
wfpt-11512,espalhando,,,11630,,kaikki_no_match
wfpt-05336,espalhar,,,5417,,kaikki_no_match
wfpt-09083,espalhou,,,9185,,kaikki_no_match
wfpt-01128,espanha,noun,,1167,испания,kaikki_pt_ru_enriched
wfpt-01487,espanhol,noun,,1534,испанский язык,kaikki_pt_ru_enriched
wfpt-04076,espanhola,,,4150,,kaikki_no_match
wfpt-05549,espanhóis,,,5632,,kaikki_no_match
wfpt-00481,espaço,,,503,,kaikki_no_match
wfpt-02461,espaços,,,2515,,kaikki_no_match
wfpt-01624,especiais,,,1673,,kaikki_no_match
wfpt-00407,especial,,,426,,kaikki_no_match
wfpt-09231,especialidade,,,9334,,kaikki_no_match
wfpt-02665,especialista,noun,,2722,специалист,kaikki_pt_ru_enriched
wfpt-02578,especialistas,,,2633,,kaikki_no_match
wfpt-05337,especializada,,,5418,,kaikki_no_match
wfpt-06933,especializado,,,7023,,kaikki_no_match
wfpt-10779,especializados,,,10891,,kaikki_no_match
wfpt-10780,especialização,,,10892,,kaikki_no_match
wfpt-00832,especialmente,,,866,,kaikki_no_match
wfpt-03195,especificamente,,,3258,,kaikki_no_match
wfpt-06328,espectadores,,,6416,,kaikki_no_match
wfpt-07954,espectro,noun,,8049,спектр,kaikki_pt_ru_enriched
wfpt-11147,espectáculo,,,11262,,kaikki_no_match
wfpt-11148,especulação,noun,,11263,спекуляция,kaikki_pt_ru_enriched
wfpt-04560,específica,,,4637,,kaikki_no_match
wfpt-05447,específicas,,,5530,,kaikki_no_match
wfpt-03139,específico,,,3201,,kaikki_no_match
wfpt-05115,específicos,,,5194,,kaikki_no_match
wfpt-03330,espelho,noun,,3393,зеркало,kaikki_pt_ru_enriched
wfpt-00791,espera,,,825,,kaikki_no_match
wfpt-10781,esperada,,,10893,,kaikki_no_match
wfpt-04155,esperado,,,4231,,kaikki_no_match
wfpt-05216,esperam,,,5296,,kaikki_no_match
wfpt-03331,esperamos,,,3394,,kaikki_no_match
wfpt-01056,esperando,,,1093,,kaikki_no_match
wfpt-01171,esperança,noun,,1210,надежда,kaikki_pt_ru_enriched
wfpt-05338,esperanças,,,5419,,kaikki_no_match
wfpt-00857,esperar,verb,,891,ждать,kaikki_pt_ru_enriched
wfpt-02579,esperava,,,2634,,kaikki_no_match
wfpt-11513,esperavam,,,11631,,kaikki_no_match
wfpt-05448,espere,,,5531,,kaikki_no_match
wfpt-09733,esperei,,,9841,,kaikki_no_match
wfpt-00588,espero,,,615,,kaikki_no_match
wfpt-11748,esperou,,,11869,,kaikki_no_match
wfpt-11514,esperta,,,11632,,kaikki_no_match
wfpt-07810,esperto,,,7905,,kaikki_no_match
wfpt-11933,espessura,,,12055,,kaikki_no_match
wfpt-07811,espetacular,,,7906,,kaikki_no_match
wfpt-03992,espetáculo,,,4065,,kaikki_no_match
wfpt-10950,espetáculos,,,11063,,kaikki_no_match
wfpt-11934,espinha,,,12056,,kaikki_no_match
wfpt-08663,espionagem,noun,,8762,шпионаж,kaikki_pt_ru_enriched
wfpt-11935,espiral,,,12057,,kaikki_no_match
wfpt-04481,espiritual,,,4558,,kaikki_no_match
wfpt-11936,espn,,,12058,,kaikki_no_match
wfpt-01995,esporte,noun,,2049,спорт,kaikki_pt_ru_enriched
wfpt-03551,esportes,,,3616,,kaikki_no_match
wfpt-07303,esportiva,,,7396,,kaikki_no_match
wfpt-11749,esportivas,,,11870,,kaikki_no_match
wfpt-07187,esportivo,,,7279,,kaikki_no_match
wfpt-10247,esportivos,,,10356,,kaikki_no_match
wfpt-00975,esposa,noun,,1010,жена,kaikki_pt_ru_enriched
wfpt-08792,esposas,,,8892,,kaikki_no_match
wfpt-01292,espécie,noun,,1334,вид,kaikki_pt_ru_enriched
wfpt-02884,espécies,,,2944,,kaikki_no_match
wfpt-01152,espírito,,,1191,,kaikki_no_match
wfpt-06329,espíritos,,,6417,,kaikki_no_match
wfpt-07064,esquadra,noun,,7154,отделение,kaikki_pt_ru_enriched
wfpt-05449,esquadrão,noun,,5532,эскадрон,kaikki_pt_ru_enriched
wfpt-03196,esquece,,,3259,,kaikki_no_match
wfpt-09894,esquecendo,,,10003,,kaikki_no_match
wfpt-01625,esquecer,verb,,1674,забыть,kaikki_pt_ru_enriched
wfpt-09381,esqueceram,,,9486,,kaikki_no_match
wfpt-03831,esqueceu,,,3901,,kaikki_no_match
wfpt-02819,esqueci,,,2878,,kaikki_no_match
wfpt-04482,esquecido,,,4559,,kaikki_no_match
wfpt-08374,esquecimento,,,8470,,kaikki_no_match
wfpt-03332,esquema,,,3395,,kaikki_no_match
wfpt-11937,esquemas,,,12059,,kaikki_no_match
wfpt-00992,esquerda,noun,,1028,левый,kaikki_pt_ru_enriched
wfpt-03914,esquerdo,,,3985,,kaikki_no_match
wfpt-02945,esqueça,,,3006,,kaikki_no_match
wfpt-07188,esqueçam,,,7280,,kaikki_no_match
wfpt-05550,esquina,noun,,5633,угол,kaikki_pt_ru_enriched
wfpt-05975,essenciais,,,6060,,kaikki_no_match
wfpt-03618,essencial,,,3684,,kaikki_no_match
wfpt-06090,essencialmente,,,6175,,kaikki_no_match
wfpt-05650,essência,,,5733,,kaikki_no_match
wfpt-06787,est,,,6876,,kaikki_no_match
wfpt-05339,estabelece,,,5420,,kaikki_no_match
wfpt-10074,estabelecendo,,,10183,,kaikki_no_match
wfpt-02519,estabelecer,,,2574,,kaikki_no_match
wfpt-08375,estabeleceu,,,8471,,kaikki_no_match
wfpt-06207,estabelecida,,,6292,,kaikki_no_match
wfpt-07812,estabelecidas,,,7907,,kaikki_no_match
wfpt-04561,estabelecido,,,4638,,kaikki_no_match
wfpt-07668,estabelecidos,,,7763,,kaikki_no_match
wfpt-03619,estabelecimento,,,3685,,kaikki_no_match
wfpt-07189,estabelecimentos,,,7281,,kaikki_no_match
wfpt-03993,estabilidade,,,4066,,kaikki_no_match
wfpt-04483,estacionamento,,,4560,,kaikki_no_match
wfpt-08664,estadia,,,8763,,kaikki_no_match
wfpt-00124,estado,,,134,,kaikki_no_match
wfpt-00315,estados,,,332,,kaikki_no_match
wfpt-03915,estaduais,,,3986,,kaikki_no_match
wfpt-01172,estadual,,,1211,,kaikki_no_match
wfpt-10415,estadunidense,,,10526,,kaikki_no_match
wfpt-10594,estadão,,,10706,,kaikki_no_match
wfpt-00295,estamos,,,312,,kaikki_no_match
wfpt-03994,estando,,,4067,,kaikki_no_match
wfpt-03767,estarei,,,3834,,kaikki_no_match
wfpt-04397,estarem,,,4473,,kaikki_no_match
wfpt-05217,estaremos,,,5297,,kaikki_no_match
wfpt-01831,estaria,,,1883,,kaikki_no_match
wfpt-05976,estariam,,,6061,,kaikki_no_match
wfpt-10248,estarmos,,,10357,,kaikki_no_match
wfpt-01596,estará,,,1645,,kaikki_no_match
wfpt-02775,estarão,,,2834,,kaikki_no_match
wfpt-09734,estatais,,,9842,,kaikki_no_match
wfpt-04737,estatal,,,4815,,kaikki_no_match
wfpt-03768,estatuto,,,3835,,kaikki_no_match
wfpt-04823,estatística,,,4901,,kaikki_no_match
wfpt-03333,estatísticas,,,3396,,kaikki_no_match
wfpt-00156,estava,,,166,,kaikki_no_match
wfpt-00470,estavam,,,491,,kaikki_no_match
wfpt-01079,estação,,,1116,,kaikki_no_match
wfpt-03552,estações,,,3617,,kaikki_no_match
wfpt-01057,esteja,,,1094,,kaikki_no_match
wfpt-02520,estejam,,,2575,,kaikki_no_match
wfpt-08093,estende,,,8189,,kaikki_no_match
wfpt-08948,estender,,,9049,,kaikki_no_match
wfpt-01108,esteve,,,1145,,kaikki_no_match
wfpt-00922,estilo,,,956,,kaikki_no_match
wfpt-05858,estilos,,,5942,,kaikki_no_match
wfpt-03197,estima,,,3260,,kaikki_no_match
wfpt-07304,estimado,,,7397,,kaikki_no_match
wfpt-07305,estimativa,,,7398,,kaikki_no_match
wfpt-08376,estimativas,,,8472,,kaikki_no_match
wfpt-07541,estimação,,,7636,,kaikki_no_match
wfpt-07434,estimular,,,7527,,kaikki_no_match
wfpt-04647,estive,,,4725,,kaikki_no_match
wfpt-01199,estiver,,,1238,,kaikki_no_match
wfpt-03493,estiveram,,,3558,,kaikki_no_match
wfpt-05765,estiverem,,,5848,,kaikki_no_match
wfpt-02622,estivesse,,,2678,,kaikki_no_match
wfpt-06671,estivessem,,,6760,,kaikki_no_match
wfpt-10075,estoque,,,10184,,kaikki_no_match
wfpt-00120,estou,,,130,,kaikki_no_match
wfpt-01153,estrada,noun,,1192,шоссе,kaikki_pt_ru_enriched
wfpt-03198,estradas,,,3261,,kaikki_no_match
wfpt-05859,estragar,,,5943,,kaikki_no_match
wfpt-05977,estrangeira,,,6062,,kaikki_no_match
wfpt-06451,estrangeiras,,,6539,,kaikki_no_match
wfpt-03494,estrangeiro,noun,,3559,иностранец,kaikki_pt_ru_enriched
wfpt-02623,estrangeiros,,,2679,,kaikki_no_match
wfpt-02885,estranha,,,2945,,kaikki_no_match
wfpt-08094,estranhas,,,8190,,kaikki_no_match
wfpt-01200,estranho,,,1239,,kaikki_no_match
wfpt-05116,estranhos,,,5195,,kaikki_no_match
wfpt-02365,estratégia,,,2419,,kaikki_no_match
wfpt-04562,estratégias,,,4639,,kaikki_no_match
wfpt-08521,estratégica,,,8618,,kaikki_no_match
wfpt-08949,estratégico,,,9050,,kaikki_no_match
wfpt-02423,estreia,,,2477,,kaikki_no_match
wfpt-08950,estreita,,,9051,,kaikki_no_match
wfpt-01922,estrela,noun,,1975,звезда,kaikki_pt_ru_enriched
wfpt-01762,estrelas,,,1813,,kaikki_no_match
wfpt-09568,estreou,,,9674,,kaikki_no_match
wfpt-05017,estresse,noun,,5096,стресс,kaikki_pt_ru_enriched
wfpt-10595,estritamente,,,10707,,kaikki_no_match
wfpt-01038,estrutura,,,1074,,kaikki_no_match
wfpt-10951,estruturais,,,11064,,kaikki_no_match
wfpt-09232,estrutural,,,9335,,kaikki_no_match
wfpt-02776,estruturas,,,2835,,kaikki_no_match
wfpt-07306,estréia,,,7399,,kaikki_no_match
wfpt-05450,estuda,,,5533,,kaikki_no_match
wfpt-09084,estudado,,,9186,,kaikki_no_match
wfpt-06452,estudando,,,6540,,kaikki_no_match
wfpt-02366,estudante,noun,,2420,ученик,kaikki_pt_ru_enriched
wfpt-01351,estudantes,,,1394,,kaikki_no_match
wfpt-07813,estudantil,,,7908,,kaikki_no_match
wfpt-01795,estudar,,,1846,,kaikki_no_match
wfpt-10416,estudei,,,10527,,kaikki_no_match
wfpt-11337,estudiosos,,,11454,,kaikki_no_match
wfpt-00951,estudo,,,985,,kaikki_no_match
wfpt-00858,estudos,,,892,,kaikki_no_match
wfpt-06934,estudou,,,7024,,kaikki_no_match
wfpt-04314,estupro,,,4390,,kaikki_no_match
wfpt-01730,estádio,,,1779,,kaikki_no_match
wfpt-07814,estádios,,,7909,,kaikki_no_match
wfpt-04315,estágio,,,4391,,kaikki_no_match
wfpt-09233,estágios,,,9336,,kaikki_no_match
wfpt-04398,estás,,,4474,,kaikki_no_match
wfpt-05860,estátua,noun,,5944,статуя,kaikki_pt_ru_enriched
wfpt-03620,estávamos,,,3686,,kaikki_no_match
wfpt-04563,estável,,,4640,,kaikki_no_match
wfpt-00076,estão,,,82,,kaikki_no_match
wfpt-07307,estética,,,7400,,kaikki_no_match
wfpt-10417,estímulo,,,10528,,kaikki_no_match
wfpt-05340,estômago,noun,,5421,желудок,kaikki_pt_ru_enriched
wfpt-03199,estúdio,,,3262,,kaikki_no_match
wfpt-11750,estúpido,,,11871,,kaikki_no_match
wfpt-10952,etanol,noun,,11065,этанол,kaikki_pt_ru_enriched
wfpt-02267,etapa,,,2321,,kaikki_no_match
wfpt-04924,etapas,,,5003,,kaikki_no_match
wfpt-00792,etc,,,826,,kaikki_no_match
wfpt-05117,eterna,,,5196,,kaikki_no_match
wfpt-09735,eternamente,,,9843,,kaikki_no_match
wfpt-07669,eternidade,noun,,7764,вечность,kaikki_pt_ru_enriched
wfpt-05861,eterno,,,5945,,kaikki_no_match
wfpt-09895,ethan,,,10004,,kaikki_no_match
wfpt-08665,etiópia,noun,,8764,эфиопия,kaikki_pt_ru_enriched
wfpt-11338,etnia,,,11455,,kaikki_no_match
wfpt-00923,eua,,,957,,kaikki_no_match
wfpt-04925,euro,,,5004,,kaikki_no_match
wfpt-00752,europa,noun,,785,европа,kaikki_pt_ru_enriched
wfpt-10596,europe,,,10708,,kaikki_no_match
wfpt-01872,europeia,,,1925,,kaikki_no_match
wfpt-07670,europeias,,,7765,,kaikki_no_match
wfpt-02319,europeu,,,2373,,kaikki_no_match
wfpt-03011,europeus,,,3073,,kaikki_no_match
wfpt-11339,européia,,,11456,,kaikki_no_match
wfpt-02946,euros,,,3007,,kaikki_no_match
wfpt-05018,eva,noun,,5097,ева,kaikki_pt_ru_enriched
wfpt-09896,evacuação,,,10005,,kaikki_no_match
wfpt-08666,evangélica,,,8765,,kaikki_no_match
wfpt-10953,evans,,,11066,,kaikki_no_match
wfpt-00482,evento,noun,,504,случай,kaikki_pt_ru_enriched
wfpt-00726,eventos,,,758,,kaikki_no_match
wfpt-11340,eventuais,,,11457,,kaikki_no_match
wfpt-09234,eventual,,,9337,,kaikki_no_match
wfpt-03995,eventualmente,,,4068,,kaikki_no_match
wfpt-08793,ever,,,8893,,kaikki_no_match
wfpt-11149,everything,,,11264,,kaikki_no_match
wfpt-04564,evidente,,,4641,,kaikki_no_match
wfpt-10076,evidentemente,,,10185,,kaikki_no_match
wfpt-03916,evidência,,,3987,,kaikki_no_match
wfpt-03621,evidências,,,3687,,kaikki_no_match
wfpt-11751,evil,,,11872,,kaikki_no_match
wfpt-10418,evita,,,10529,,kaikki_no_match
wfpt-08667,evitando,,,8766,,kaikki_no_match
wfpt-01129,evitar,verb,,1168,избегать,kaikki_pt_ru_enriched
wfpt-10597,evoluir,verb,,10709,развива́ться,kaikki_pt_ru_enriched
wfpt-02217,evolução,noun,,2271,эволюция,kaikki_pt_ru_enriched
wfpt-09897,exactamente,,,10006,,kaikki_no_match
wfpt-10954,exagerado,,,11067,,kaikki_no_match
wfpt-08668,exagero,,,8767,,kaikki_no_match
wfpt-03012,exame,noun,,3074,экзамен,kaikki_pt_ru_enriched
wfpt-04399,exames,,,4475,,kaikki_no_match
wfpt-09736,examinar,,,9844,,kaikki_no_match
wfpt-08377,exata,,,8473,,kaikki_no_match
wfpt-01039,exatamente,,,1075,,kaikki_no_match
wfpt-11515,exatas,,,11633,,kaikki_no_match
wfpt-04565,exato,,,4642,,kaikki_no_match
wfpt-01873,excelente,,,1926,,kaikki_no_match
wfpt-09569,excelentes,,,9675,,kaikki_no_match
wfpt-04400,excelência,,,4476,,kaikki_no_match
wfpt-09737,excepcional,,,9845,,kaikki_no_match
wfpt-10419,excepto,,,10530,,kaikki_no_match
wfpt-10782,excepção,,,10894,,kaikki_no_match
wfpt-10955,excessiva,,,11068,,kaikki_no_match
wfpt-11938,excessivo,,,12060,,kaikki_no_match
wfpt-05341,excesso,,,5422,,kaikki_no_match
wfpt-02367,exceto,,,2421,,kaikki_no_match
wfpt-03264,exceção,noun,,3327,отключение,kaikki_pt_ru_enriched
wfpt-09570,exceções,,,9676,,kaikki_no_match
wfpt-08794,excluir,,,8894,,kaikki_no_match
wfpt-05862,exclusiva,,,5946,,kaikki_no_match
wfpt-03553,exclusivamente,,,3618,,kaikki_no_match
wfpt-11516,exclusividade,,,11634,,kaikki_no_match
wfpt-05766,exclusivo,,,5849,,kaikki_no_match
wfpt-07190,exclusão,,,7282,,kaikki_no_match
wfpt-11341,excluídos,,,11458,,kaikki_no_match
wfpt-09738,executada,,,9846,,kaikki_no_match
wfpt-05863,executado,,,5947,,kaikki_no_match
wfpt-07955,executados,,,8050,,kaikki_no_match
wfpt-05218,executar,verb,,5298,делать,kaikki_pt_ru_enriched
wfpt-06935,executiva,,,7025,,kaikki_no_match
wfpt-02086,executivo,,,2140,,kaikki_no_match
wfpt-07542,executivos,,,7637,,kaikki_no_match
wfpt-02268,execução,,,2322,,kaikki_no_match
wfpt-08522,exemplar,,,8619,,kaikki_no_match
wfpt-08523,exemplares,,,8620,,kaikki_no_match
wfpt-00317,exemplo,,,334,,kaikki_no_match
wfpt-02087,exemplos,,,2141,,kaikki_no_match
wfpt-10420,exerce,,,10531,,kaikki_no_match
wfpt-04648,exercer,,,4726,,kaikki_no_match
wfpt-11752,exercido,,,11873,,kaikki_no_match
wfpt-02777,exercício,noun,,2836,упражнение,kaikki_pt_ru_enriched
wfpt-06453,exercícios,,,6541,,kaikki_no_match
wfpt-07543,exibe,,,7638,,kaikki_no_match
wfpt-09571,exibida,,,9677,,kaikki_no_match
wfpt-06454,exibido,,,6542,,kaikki_no_match
wfpt-11753,exibidos,,,11874,,kaikki_no_match
wfpt-07671,exibir,,,7766,,kaikki_no_match
wfpt-04316,exibição,,,4392,,kaikki_no_match
wfpt-03699,exige,,,3765,,kaikki_no_match
wfpt-07308,exigem,,,7401,,kaikki_no_match
wfpt-09572,exigindo,,,9678,,kaikki_no_match
wfpt-06208,exigir,,,6293,,kaikki_no_match
wfpt-10598,exigiu,,,10710,,kaikki_no_match
wfpt-08095,exigência,,,8191,,kaikki_no_match
wfpt-04824,exigências,,,4902,,kaikki_no_match
wfpt-08096,exista,,,8192,,kaikki_no_match
wfpt-11150,existam,,,11265,,kaikki_no_match
wfpt-00369,existe,,,387,,kaikki_no_match
wfpt-00669,existem,,,698,,kaikki_no_match
wfpt-04156,existente,,,4232,,kaikki_no_match
wfpt-03078,existentes,,,3140,,kaikki_no_match
wfpt-05219,existia,,,5299,,kaikki_no_match
wfpt-09382,existiam,,,9487,,kaikki_no_match
wfpt-02666,existir,verb,,2723,бывать,kaikki_pt_ru_enriched
wfpt-07672,existiu,,,7767,,kaikki_no_match
wfpt-01442,existência,,,1489,,kaikki_no_match
wfpt-06209,expandir,verb,,6294,расширить,kaikki_pt_ru_enriched
wfpt-03013,expansão,noun,,3075,экспансия,kaikki_pt_ru_enriched
wfpt-02820,expectativa,,,2879,,kaikki_no_match
wfpt-03200,expectativas,,,3263,,kaikki_no_match
wfpt-07673,expedição,noun,,7768,экспедиция,kaikki_pt_ru_enriched
wfpt-10421,experiente,,,10532,,kaikki_no_match
wfpt-10599,experientes,,,10711,,kaikki_no_match
wfpt-07674,experimental,,,7769,,kaikki_no_match
wfpt-05019,experimentar,,,5098,,kaikki_no_match
wfpt-08097,experimente,,,8193,,kaikki_no_match
wfpt-06936,experimento,,,7026,,kaikki_no_match
wfpt-10077,experimentos,,,10186,,kaikki_no_match
wfpt-00833,experiência,noun,,867,опыт,kaikki_pt_ru_enriched
wfpt-01923,experiências,,,1976,,kaikki_no_match
wfpt-01443,explica,,,1490,,kaikki_no_match
wfpt-08669,explicado,,,8768,,kaikki_no_match
wfpt-07435,explicando,,,7528,,kaikki_no_match
wfpt-01417,explicar,verb,,1464,объяснить,kaikki_pt_ru_enriched
wfpt-03014,explicação,,,3076,,kaikki_no_match
wfpt-06561,explicações,,,6650,,kaikki_no_match
wfpt-03334,explicou,,,3397,,kaikki_no_match
wfpt-11939,explique,,,12061,,kaikki_no_match
wfpt-06330,explodir,verb,,6418,взрываться,kaikki_pt_ru_enriched
wfpt-09898,explodiu,,,10007,,kaikki_no_match
wfpt-10956,explora,,,11069,,kaikki_no_match
wfpt-03769,explorar,,,3836,,kaikki_no_match
wfpt-09899,explosivos,,,10008,,kaikki_no_match
wfpt-02947,explosão,noun,,3008,взрыв,kaikki_pt_ru_enriched
wfpt-11151,explosões,,,11266,,kaikki_no_match
wfpt-04566,expor,,,4643,,kaikki_no_match
wfpt-05551,exportação,noun,,5634,экспорт,kaikki_pt_ru_enriched
wfpt-09383,exportações,,,9488,,kaikki_no_match
wfpt-01832,exposição,,,1884,,kaikki_no_match
wfpt-07065,exposições,,,7155,,kaikki_no_match
wfpt-08795,exposta,,,8895,,kaikki_no_match
wfpt-08236,exposto,,,8332,,kaikki_no_match
wfpt-07956,expostos,,,8051,,kaikki_no_match
wfpt-10600,express,,,10712,,kaikki_no_match
wfpt-04738,expressa,,,4816,,kaikki_no_match
wfpt-04567,expressar,,,4644,,kaikki_no_match
wfpt-06788,expresso,noun,,6878,эспрессо,kaikki_pt_ru_enriched
wfpt-01563,expressão,,,1611,,kaikki_no_match
wfpt-05342,expressões,,,5423,,kaikki_no_match
wfpt-10783,expulsa,,,10895,,kaikki_no_match
wfpt-10078,expulsar,,,10187,,kaikki_no_match
wfpt-06331,expulso,,,6419,,kaikki_no_match
wfpt-11517,expulsos,,,11635,,kaikki_no_match
wfpt-08098,expulsão,,,8194,,kaikki_no_match
wfpt-09085,expõe,,,9187,,kaikki_no_match
wfpt-08378,extensa,,,8474,,kaikki_no_match
wfpt-10601,extenso,,,10713,,kaikki_no_match
wfpt-02368,extensão,,,2422,,kaikki_no_match
wfpt-01626,exterior,,,1675,,kaikki_no_match
wfpt-05651,exteriores,,,5734,,kaikki_no_match
wfpt-03265,externa,,,3328,,kaikki_no_match
wfpt-07191,externas,,,7283,,kaikki_no_match
wfpt-06332,externo,,,6420,,kaikki_no_match
wfpt-07309,externos,,,7402,,kaikki_no_match
wfpt-04157,extinção,,,4233,,kaikki_no_match
wfpt-02821,extra,,,2880,,kaikki_no_match
wfpt-11152,extrair,,,11267,,kaikki_no_match
wfpt-08237,extraordinária,,,8333,,kaikki_no_match
wfpt-06210,extraordinário,,,6295,,kaikki_no_match
wfpt-07310,extras,,,7403,,kaikki_no_match
wfpt-06455,extração,noun,,6543,розыгрыш,kaikki_pt_ru_enriched
wfpt-03996,extrema,,,4069,,kaikki_no_match
wfpt-01924,extremamente,,,1977,,kaikki_no_match
wfpt-05020,extremo,,,5099,,kaikki_no_match
wfpt-09900,extremos,,,10009,,kaikki_no_match
wfpt-00769,exército,noun,,803,армия,kaikki_pt_ru_enriched
wfpt-10784,exércitos,,,10896,,kaikki_no_match
wfpt-06333,exílio,,,6421,,kaikki_no_match
wfpt-10602,fabiano,,,10714,,kaikki_no_match
wfpt-09086,fabio,,,9188,,kaikki_no_match
wfpt-11940,fabricado,,,12062,,kaikki_no_match
wfpt-06789,fabricante,,,6879,,kaikki_no_match
wfpt-08379,fabricantes,,,8475,,kaikki_no_match
wfpt-06672,fabricação,,,6761,,kaikki_no_match
wfpt-04825,faca,noun,,4903,нож,kaikki_pt_ru_enriched
wfpt-01352,face,noun,,1395,ru,kaikki_pt_ru_enriched
wfpt-00659,facebook,,,687,,kaikki_no_match
wfpt-08524,faces,,,8621,,kaikki_no_match
wfpt-06562,fachada,noun,,6651,фасад,kaikki_pt_ru_enriched
wfpt-11342,facial,,,11459,,kaikki_no_match
wfpt-05451,facilidade,noun,,5534,лёгкость,kaikki_pt_ru_enriched
wfpt-04401,facilitar,,,4477,,kaikki_no_match
wfpt-02369,facilmente,,,2423,,kaikki_no_match
wfpt-01731,facto,,,1780,,kaikki_no_match
wfpt-09739,factor,,,9847,,kaikki_no_match
wfpt-08525,factos,,,8622,,kaikki_no_match
wfpt-00903,faculdade,,,937,,kaikki_no_match
wfpt-07815,faculdades,,,7910,,kaikki_no_match
wfpt-09384,facção,,,9489,,kaikki_no_match
wfpt-10957,facções,,,11070,,kaikki_no_match
wfpt-10079,fada,noun,,10188,фея,kaikki_pt_ru_enriched
wfpt-08099,fadas,,,8195,,kaikki_no_match
wfpt-01732,faixa,,,1781,,kaikki_no_match
wfpt-04317,faixas,,,4393,,kaikki_no_match
wfpt-00397,fala,,,415,,kaikki_no_match
wfpt-09235,falada,,,9338,,kaikki_no_match
wfpt-04234,falado,,,4310,,kaikki_no_match
wfpt-01874,falam,,,1927,,kaikki_no_match
wfpt-03015,falamos,,,3077,,kaikki_no_match
wfpt-00415,falando,,,435,,kaikki_no_match
wfpt-07311,falantes,,,7404,,kaikki_no_match
wfpt-00147,falar,verb,,157,сказать,kaikki_pt_ru_enriched
wfpt-05220,falaram,,,5300,,kaikki_no_match
wfpt-08526,falas,,,8623,,kaikki_no_match
wfpt-11941,falasse,,,12063,,kaikki_no_match
wfpt-03622,falava,,,3688,,kaikki_no_match
wfpt-10603,falavam,,,10715,,kaikki_no_match
wfpt-08380,falcão,noun,,8476,сокол,kaikki_pt_ru_enriched
wfpt-02822,fale,,,2881,,kaikki_no_match
wfpt-05864,faleceu,,,5948,,kaikki_no_match
wfpt-06563,falecido,,,6652,,kaikki_no_match
wfpt-10604,falecimento,,,10716,,kaikki_no_match
wfpt-01353,falei,,,1396,,kaikki_no_match
wfpt-08238,falem,,,8334,,kaikki_no_match
wfpt-02823,falha,,,2882,,kaikki_no_match
wfpt-09385,falhar,,,9490,,kaikki_no_match
wfpt-04568,falhas,,,4645,,kaikki_no_match
wfpt-08100,falhou,,,8196,,kaikki_no_match
wfpt-01996,falo,,,2050,,kaikki_no_match
wfpt-00859,falou,,,893,,kaikki_no_match
wfpt-03495,falsa,,,3560,,kaikki_no_match
wfpt-04826,falsas,,,4904,,kaikki_no_match
wfpt-03016,falso,,,3078,,kaikki_no_match
wfpt-05343,falsos,,,5424,,kaikki_no_match
wfpt-00318,falta,,,335,,kaikki_no_match
wfpt-04077,faltam,,,4151,,kaikki_no_match
wfpt-06091,faltando,,,6176,,kaikki_no_match
wfpt-06937,faltar,,,7027,,kaikki_no_match
wfpt-07192,faltava,,,7284,,kaikki_no_match
wfpt-08381,faltou,,,8477,,kaikki_no_match
wfpt-07193,falência,,,7285,,kaikki_no_match
wfpt-03700,fama,,,3766,,kaikki_no_match
wfpt-06092,familia,,,6177,,kaikki_no_match
wfpt-02133,familiar,,,2187,,kaikki_no_match
wfpt-02134,familiares,,,2188,,kaikki_no_match
wfpt-07066,family,,,7156,,kaikki_no_match
wfpt-02580,famosa,,,2636,,kaikki_no_match
wfpt-06093,famosas,,,6178,,kaikki_no_match
wfpt-01488,famoso,,,1535,,kaikki_no_match
wfpt-03496,famosos,,,3561,,kaikki_no_match
wfpt-00212,família,noun,,224,семья,kaikki_pt_ru_enriched
wfpt-01173,famílias,,,1212,,kaikki_no_match
wfpt-10249,fan,,,10358,,kaikki_no_match
wfpt-03201,fantasia,noun,,3264,костюм,kaikki_pt_ru_enriched
wfpt-09236,fantasias,,,9339,,kaikki_no_match
wfpt-05118,fantasma,noun,,5197,привидения,kaikki_pt_ru_enriched
wfpt-07816,fantasmas,,,7911,,kaikki_no_match
wfpt-06564,fantástica,,,6653,,kaikki_no_match
wfpt-03770,fantástico,,,3837,,kaikki_no_match
wfpt-10958,far,,,11071,,kaikki_no_match
wfpt-08951,farei,,,9052,,kaikki_no_match
wfpt-09087,faremos,,,9189,,kaikki_no_match
wfpt-01875,faria,,,1928,,kaikki_no_match
wfpt-11754,fariam,,,11875,,kaikki_no_match
wfpt-09573,farias,,,9679,,kaikki_no_match
wfpt-06565,farinha,noun,,6654,мука,kaikki_pt_ru_enriched
wfpt-07194,farmácia,noun,,7286,аптека,kaikki_pt_ru_enriched
wfpt-11343,faro,,,11460,,kaikki_no_match
wfpt-08101,farol,noun,,8197,маяк,kaikki_pt_ru_enriched
wfpt-09386,farsa,,,9491,,kaikki_no_match
wfpt-10605,farta,,,10717,,kaikki_no_match
wfpt-10606,farto,,,10718,,kaikki_no_match
wfpt-02581,fará,,,2637,,kaikki_no_match
wfpt-05652,farão,,,5735,,kaikki_no_match
wfpt-08796,fascinante,,,8896,,kaikki_no_match
wfpt-11153,fascista,,,11269,,kaikki_no_match
wfpt-00834,fase,,,868,,kaikki_no_match
wfpt-04739,fases,,,4817,,kaikki_no_match
wfpt-11344,fashion,,,11461,,kaikki_no_match
wfpt-07957,fast,,,8052,,kaikki_no_match
wfpt-07817,fatal,,,7912,,kaikki_no_match
wfpt-00455,fato,,,475,,kaikki_no_match
wfpt-04158,fator,noun,,4234,фактор,kaikki_pt_ru_enriched
wfpt-03335,fatores,,,3398,,kaikki_no_match
wfpt-02038,fatos,,,2092,,kaikki_no_match
wfpt-07958,fauna,,,8053,,kaikki_no_match
wfpt-05978,favela,noun,,6063,трущобы,kaikki_pt_ru_enriched
wfpt-00319,favor,noun,,336,услуга,kaikki_pt_ru_enriched
wfpt-05344,favorita,,,5425,,kaikki_no_match
wfpt-09574,favoritas,,,9680,,kaikki_no_match
wfpt-03554,favorito,,,3619,,kaikki_no_match
wfpt-05653,favoritos,,,5736,,kaikki_no_match
wfpt-07544,favoráveis,,,7639,,kaikki_no_match
wfpt-06094,favorável,,,6179,,kaikki_no_match
wfpt-00115,faz,,,123,,kaikki_no_match
wfpt-00441,fazem,,,461,,kaikki_no_match
wfpt-03336,fazemos,,,3399,,kaikki_no_match
wfpt-02178,fazenda,,,2232,,kaikki_no_match
wfpt-07312,fazendas,,,7405,,kaikki_no_match
wfpt-09740,fazendeiro,,,9848,,kaikki_no_match
wfpt-11755,fazendeiros,,,11876,,kaikki_no_match
wfpt-00244,fazendo,,,257,,kaikki_no_match
wfpt-04827,fazerem,,,4905,,kaikki_no_match
wfpt-08797,fazes,,,8897,,kaikki_no_match
wfpt-01385,fazia,,,1431,,kaikki_no_match
wfpt-03997,faziam,,,4070,,kaikki_no_match
wfpt-02717,fazê,,,2776,,kaikki_no_match
wfpt-00643,faça,,,671,,kaikki_no_match
wfpt-02521,façam,,,2576,,kaikki_no_match
wfpt-00695,faço,,,725,,kaikki_no_match
wfpt-08382,fbi,,,8478,,kaikki_no_match
wfpt-09741,feat,,,9849,,kaikki_no_match
wfpt-04078,febre,noun,,4152,лихорадка,kaikki_pt_ru_enriched
wfpt-04828,fecha,,,4906,,kaikki_no_match
wfpt-04159,fechada,,,4235,,kaikki_no_match
wfpt-07545,fechadas,,,7640,,kaikki_no_match
wfpt-02667,fechado,,,2724,,kaikki_no_match
wfpt-05452,fechados,,,5535,,kaikki_no_match
wfpt-04402,fechamento,,,4478,,kaikki_no_match
wfpt-08670,fechando,,,8769,,kaikki_no_match
wfpt-01925,fechar,,,1978,,kaikki_no_match
wfpt-09088,fecho,,,9190,,kaikki_no_match
wfpt-05345,fechou,,,5426,,kaikki_no_match
wfpt-03266,federais,,,3329,,kaikki_no_match
wfpt-00442,federal,,,462,,kaikki_no_match
wfpt-02719,federação,,,2778,,kaikki_no_match
wfpt-10422,feed,,,10533,,kaikki_no_match
wfpt-10080,feedback,,,10189,,kaikki_no_match
wfpt-11756,feel,,,11877,,kaikki_no_match
wfpt-06211,feia,,,6296,,kaikki_no_match
wfpt-05654,feijão,noun,,5737,фасоль,kaikki_pt_ru_enriched
wfpt-04649,feio,,,4727,,kaikki_no_match
wfpt-00330,feira,,,347,,kaikki_no_match
wfpt-07313,feiras,,,7406,,kaikki_no_match
wfpt-00710,feita,,,741,,kaikki_no_match
wfpt-01418,feitas,,,1465,,kaikki_no_match
wfpt-00311,feito,,,328,,kaikki_no_match
wfpt-01694,feitos,,,1743,,kaikki_no_match
wfpt-02088,felicidade,noun,,2142,счастье,kaikki_pt_ru_enriched
wfpt-02269,felipe,noun,,2323,филип,kaikki_pt_ru_enriched
wfpt-08798,felix,,,8898,,kaikki_no_match
wfpt-00388,feliz,,,406,,kaikki_no_match
wfpt-02089,felizes,,,2143,,kaikki_no_match
wfpt-04569,felizmente,,,4646,,kaikki_no_match
wfpt-02370,feminina,,,2424,,kaikki_no_match
wfpt-06938,femininas,,,7028,,kaikki_no_match
wfpt-02179,feminino,,,2233,,kaikki_no_match
wfpt-08799,femininos,,,8899,,kaikki_no_match
wfpt-07314,feminismo,noun,,7407,феминизм,kaikki_pt_ru_enriched
wfpt-06673,feminista,,,6762,,kaikki_no_match
wfpt-09387,feministas,,,9492,,kaikki_no_match
wfpt-03623,fenômeno,,,3689,,kaikki_no_match
wfpt-09089,fenômenos,,,9191,,kaikki_no_match
wfpt-08952,fera,,,9053,,kaikki_no_match
wfpt-03624,feriado,,,3690,,kaikki_no_match
wfpt-10081,feriados,,,10190,,kaikki_no_match
wfpt-05979,ferida,noun,,6064,рана,kaikki_pt_ru_enriched
wfpt-05552,feridas,,,5635,,kaikki_no_match
wfpt-04829,ferido,,,4907,,kaikki_no_match
wfpt-04650,feridos,,,4728,,kaikki_no_match
wfpt-05865,ferimentos,,,5949,,kaikki_no_match
wfpt-10082,ferir,,,10191,,kaikki_no_match
wfpt-04318,fernanda,,,4394,,kaikki_no_match
wfpt-03555,fernandes,,,3620,,kaikki_no_match
wfpt-01010,fernando,noun,,1046,фердинанд,kaikki_pt_ru_enriched
wfpt-11757,fernández,,,11878,,kaikki_no_match
wfpt-02270,ferramenta,noun,,2324,прибор,kaikki_pt_ru_enriched
wfpt-01833,ferramentas,,,1885,,kaikki_no_match
wfpt-11154,ferrar,,,11270,,kaikki_no_match
wfpt-07959,ferrari,,,8054,,kaikki_no_match
wfpt-02462,ferreira,,,2516,,kaikki_no_match
wfpt-02039,ferro,noun,,2093,железо,kaikki_pt_ru_enriched
wfpt-00528,festa,noun,,554,вечеринка,kaikki_pt_ru_enriched
wfpt-02424,festas,,,2478,,kaikki_no_match
wfpt-07818,festivais,,,7913,,kaikki_no_match
wfpt-01154,festival,noun,,1193,фестиваль,kaikki_pt_ru_enriched
wfpt-00589,fevereiro,noun,,616,февраль,kaikki_pt_ru_enriched
wfpt-00191,fez,noun,,203,фес,kaikki_pt_ru_enriched
wfpt-09575,fiança,,,9681,,kaikki_no_match
wfpt-08383,fibra,noun,,8479,волокно,kaikki_pt_ru_enriched
wfpt-09576,fibras,,,9682,,kaikki_no_match
wfpt-00296,fica,,,313,,kaikki_no_match
wfpt-04079,ficado,,,4153,,kaikki_no_match
wfpt-01317,ficam,,,1359,,kaikki_no_match
wfpt-02948,ficamos,,,3009,,kaikki_no_match
wfpt-01354,ficando,,,1397,,kaikki_no_match
wfpt-00159,ficar,verb,,169,оставаться,kaikki_pt_ru_enriched
wfpt-01763,ficaram,,,1814,,kaikki_no_match
wfpt-05221,ficarem,,,5301,,kaikki_no_match
wfpt-03701,ficaria,,,3767,,kaikki_no_match
wfpt-03625,ficará,,,3691,,kaikki_no_match
wfpt-09388,ficarão,,,9493,,kaikki_no_match
wfpt-08239,ficasse,,,8335,,kaikki_no_match
wfpt-02886,ficava,,,2946,,kaikki_no_match
wfpt-10423,ficavam,,,10534,,kaikki_no_match
wfpt-03917,ficha,,,3988,,kaikki_no_match
wfpt-01040,fico,,,1076,,kaikki_no_match
wfpt-00338,ficou,,,355,,kaikki_no_match
wfpt-03832,ficção,,,3902,,kaikki_no_match
wfpt-08527,fidelidade,noun,,8624,верность,kaikki_pt_ru_enriched
wfpt-03833,fiel,,,3903,,kaikki_no_match
wfpt-02625,fifa,,,2681,,kaikki_no_match
wfpt-09389,figueiredo,,,9494,,kaikki_no_match
wfpt-01876,figura,noun,,1929,образ,kaikki_pt_ru_enriched
wfpt-03702,figuras,,,3768,,kaikki_no_match
wfpt-03017,fila,,,3079,,kaikki_no_match
wfpt-10250,filas,,,10359,,kaikki_no_match
wfpt-00483,filha,noun,,505,дочь,kaikki_pt_ru_enriched
wfpt-03703,filhas,,,3769,,kaikki_no_match
wfpt-00233,filho,,,245,,kaikki_no_match
wfpt-00456,filhos,,,476,,kaikki_no_match
wfpt-09902,filhote,,,10011,,kaikki_no_match
wfpt-08102,filhotes,,,8198,,kaikki_no_match
wfpt-04651,filipe,noun,,4729,филип,kaikki_pt_ru_enriched
wfpt-05222,filipinas,noun,,5302,филиппины,kaikki_pt_ru_enriched
wfpt-11345,film,,,11462,,kaikki_no_match
wfpt-11155,filmado,,,11271,,kaikki_no_match
wfpt-08384,filmagem,,,8480,,kaikki_no_match
wfpt-09742,filmagens,,,9850,,kaikki_no_match
wfpt-11942,filmando,,,12064,,kaikki_no_match
wfpt-07315,filmar,,,7408,,kaikki_no_match
wfpt-00297,filme,noun,,314,фильм,kaikki_pt_ru_enriched
wfpt-00952,filmes,,,986,,kaikki_no_match
wfpt-02320,filosofia,noun,,2374,философия,kaikki_pt_ru_enriched
wfpt-07960,filtro,noun,,8055,фильтр,kaikki_pt_ru_enriched
wfpt-09237,filtros,,,9340,,kaikki_no_match
wfpt-08528,filósofo,noun,,8625,фило́соф,kaikki_pt_ru_enriched
wfpt-00215,fim,noun,,227,конец,kaikki_pt_ru_enriched
wfpt-06790,fina,,,6880,,kaikki_no_match
wfpt-02463,finais,,,2517,,kaikki_no_match
wfpt-00216,final,,,228,,kaikki_no_match
wfpt-05980,finalidade,,,6065,,kaikki_no_match
wfpt-08529,finalistas,,,8626,,kaikki_no_match
wfpt-10607,finalizar,,,10719,,kaikki_no_match
wfpt-10424,finalização,,,10535,,kaikki_no_match
wfpt-00753,finalmente,,,786,,kaikki_no_match
wfpt-02824,financeira,,,2883,,kaikki_no_match
wfpt-04926,financeiras,,,5005,,kaikki_no_match
wfpt-03202,financeiro,,,3265,,kaikki_no_match
wfpt-04403,financeiros,,,4479,,kaikki_no_match
wfpt-02949,financiamento,,,3010,,kaikki_no_match
wfpt-08953,financiar,,,9054,,kaikki_no_match
wfpt-04570,finanças,noun,,4647,финансы,kaikki_pt_ru_enriched
wfpt-08954,find,,,9055,,kaikki_no_match
wfpt-09390,fingindo,,,9495,,kaikki_no_match
wfpt-04404,fingir,,,4480,,kaikki_no_match
wfpt-07675,fino,,,7770,,kaikki_no_match
wfpt-02090,fins,,,2144,,kaikki_no_match
wfpt-03834,fio,,,3904,,kaikki_no_match
wfpt-06791,fios,,,6881,,kaikki_no_match
wfpt-01355,fique,,,1398,,kaikki_no_match
wfpt-00880,fiquei,,,914,,kaikki_no_match
wfpt-03140,fiquem,,,3202,,kaikki_no_match
wfpt-08240,fire,,,8336,,kaikki_no_match
wfpt-08385,firma,,,8481,,kaikki_no_match
wfpt-03337,firme,,,3400,,kaikki_no_match
wfpt-11943,firmes,,,12065,,kaikki_no_match
wfpt-05223,first,,,5303,,kaikki_no_match
wfpt-06792,fiscais,,,6882,,kaikki_no_match
wfpt-04652,fiscal,,,4730,,kaikki_no_match
wfpt-08671,fiscalização,,,8770,,kaikki_no_match
wfpt-06566,fisicamente,,,6655,,kaikki_no_match
wfpt-03835,fita,,,3905,,kaikki_no_match
wfpt-08800,fitas,,,8900,,kaikki_no_match
wfpt-11518,fitness,,,11636,,kaikki_no_match
wfpt-11156,five,,,11272,,kaikki_no_match
wfpt-07546,fixa,,,7641,,kaikki_no_match
wfpt-10785,fixado,,,10897,,kaikki_no_match
wfpt-08241,fixe,,,8337,,kaikki_no_match
wfpt-07316,fixo,,,7409,,kaikki_no_match
wfpt-00457,fiz,,,477,,kaikki_no_match
wfpt-02950,fizemos,,,3011,,kaikki_no_match
wfpt-03411,fizer,,,3475,,kaikki_no_match
wfpt-00881,fizeram,,,915,,kaikki_no_match
wfpt-05553,fizesse,,,5636,,kaikki_no_match
wfpt-05655,fiéis,,,5738,,kaikki_no_match
wfpt-09090,flagrante,,,9192,,kaikki_no_match
wfpt-03018,flamengo,,,3080,,kaikki_no_match
wfpt-04927,flash,,,5006,,kaikki_no_match
wfpt-11346,flexível,,,11463,,kaikki_no_match
wfpt-02371,flor,noun,,2425,цвет,kaikki_pt_ru_enriched
wfpt-07676,flora,,,7771,,kaikki_no_match
wfpt-09743,florence,,,9851,,kaikki_no_match
wfpt-01695,flores,,,1744,,kaikki_no_match
wfpt-01696,floresta,noun,,1745,лес,kaikki_pt_ru_enriched
wfpt-11758,florestais,,,11879,,kaikki_no_match
wfpt-05554,florestal,,,5637,,kaikki_no_match
wfpt-03704,florestas,,,3770,,kaikki_no_match
wfpt-05866,florianópolis,noun,,5950,флорианополис,kaikki_pt_ru_enriched
wfpt-08672,florida,,,8771,,kaikki_no_match
wfpt-03079,fluminense,,,3141,,kaikki_no_match
wfpt-02951,fluxo,,,3012,,kaikki_no_match
wfpt-11759,fluxos,,,11880,,kaikki_no_match
wfpt-10608,flávia,,,10720,,kaikki_no_match
wfpt-05453,flávio,noun,,5536,флавии,kaikki_pt_ru_enriched
wfpt-07547,flórida,,,7642,,kaikki_no_match
wfpt-08673,foca,noun,,8772,тюлень,kaikki_pt_ru_enriched
wfpt-11519,focada,,,11637,,kaikki_no_match
wfpt-10609,focado,,,10721,,kaikki_no_match
wfpt-06334,focar,,,6422,,kaikki_no_match
wfpt-01444,foco,noun,,1491,фокус,kaikki_pt_ru_enriched
wfpt-02372,foda,,,2426,,kaikki_no_match
wfpt-10425,fodendo,,,10536,,kaikki_no_match
wfpt-03497,foder,verb,,3562,ети,kaikki_pt_ru_enriched
wfpt-11760,fofa,,,11881,,kaikki_no_match
wfpt-07436,fofo,,,7529,,kaikki_no_match
wfpt-06567,foge,,,6656,,kaikki_no_match
wfpt-00904,fogo,noun,,938,огонь,kaikki_pt_ru_enriched
wfpt-08386,fogos,,,8482,,kaikki_no_match
wfpt-11944,fogueira,noun,,12066,костёр,kaikki_pt_ru_enriched
wfpt-10786,foguete,noun,,10898,ракета,kaikki_pt_ru_enriched
wfpt-11945,foguetes,,,12067,,kaikki_no_match
wfpt-10610,fogão,,,10722,,kaikki_no_match
wfpt-10611,folclore,,,10723,,kaikki_no_match
wfpt-06456,folga,,,6544,,kaikki_no_match
wfpt-01877,folha,noun,,1930,лист,kaikki_pt_ru_enriched
wfpt-03412,folhas,,,3476,,kaikki_no_match
wfpt-11946,folia,,,12068,,kaikki_no_match
wfpt-01011,fome,noun,,1047,голод,kaikki_pt_ru_enriched
wfpt-11347,fomentar,verb,,11464,возбуждать,kaikki_pt_ru_enriched
wfpt-01958,fomos,,,2012,,kaikki_no_match
wfpt-11348,fone,,,11465,,kaikki_no_match
wfpt-08103,fonseca,,,8199,,kaikki_no_match
wfpt-00860,fonte,,,894,,kaikki_no_match
wfpt-01318,fontes,,,1360,,kaikki_no_match
wfpt-07677,food,,,7772,,kaikki_no_match
wfpt-00208,for,,,220,,kaikki_no_match
wfpt-00234,fora,,,246,,kaikki_no_match
wfpt-00091,foram,,,97,,kaikki_no_match
wfpt-07819,force,,,7914,,kaikki_no_match
wfpt-05867,ford,,,5951,,kaikki_no_match
wfpt-03267,forem,,,3330,,kaikki_no_match
wfpt-10612,forever,,,10724,,kaikki_no_match
wfpt-00125,forma,,,135,,kaikki_no_match
wfpt-03556,formada,,,3621,,kaikki_no_match
wfpt-02952,formado,,,3013,,kaikki_no_match
wfpt-08674,formados,,,8773,,kaikki_no_match
wfpt-09238,formais,,,9341,,kaikki_no_match
wfpt-03998,formal,,,4071,,kaikki_no_match
wfpt-07067,formalmente,,,7157,,kaikki_no_match
wfpt-05119,formam,,,5198,,kaikki_no_match
wfpt-05868,formando,,,5952,,kaikki_no_match
wfpt-02953,formar,,,3014,,kaikki_no_match
wfpt-10787,formaram,,,10899,,kaikki_no_match
wfpt-01041,formas,,,1077,,kaikki_no_match
wfpt-01834,formato,noun,,1886,формат,kaikki_pt_ru_enriched
wfpt-07195,formatos,,,7287,,kaikki_no_match
wfpt-08387,formatura,noun,,8483,окончание,kaikki_pt_ru_enriched
wfpt-00924,formação,,,958,,kaikki_no_match
wfpt-10613,formações,,,10725,,kaikki_no_match
wfpt-09903,formiga,noun,,10012,муравей,kaikki_pt_ru_enriched
wfpt-10426,formigas,,,10537,,kaikki_no_match
wfpt-07317,formou,,,7410,,kaikki_no_match
wfpt-05767,formulário,,,5850,,kaikki_no_match
wfpt-03918,fornece,,,3989,,kaikki_no_match
wfpt-11761,fornecedor,,,11882,,kaikki_no_match
wfpt-06793,fornecedores,,,6883,,kaikki_no_match
wfpt-09391,fornecem,,,9496,,kaikki_no_match
wfpt-09744,fornecendo,,,9852,,kaikki_no_match
wfpt-03080,fornecer,,,3142,,kaikki_no_match
wfpt-11349,forneceu,,,11466,,kaikki_no_match
wfpt-06674,fornecimento,,,6763,,kaikki_no_match
wfpt-07678,forno,noun,,7773,печь,kaikki_pt_ru_enriched
wfpt-09392,foro,noun,,9497,форум,kaikki_pt_ru_enriched
wfpt-08801,forró,,,8901,,kaikki_no_match
wfpt-11350,fort,,,11467,,kaikki_no_match
wfpt-10614,fortalece,,,10726,,kaikki_no_match
wfpt-05454,fortalecer,,,5537,,kaikki_no_match
wfpt-09393,fortalecimento,,,9498,,kaikki_no_match
wfpt-01997,fortaleza,,,2051,,kaikki_no_match
wfpt-00443,forte,,,463,,kaikki_no_match
wfpt-04235,fortemente,,,4311,,kaikki_no_match
wfpt-01564,fortes,,,1612,,kaikki_no_match
wfpt-05455,fortuna,,,5538,,kaikki_no_match
wfpt-08955,forum,,,9056,,kaikki_no_match
wfpt-00398,força,,,416,,kaikki_no_match
wfpt-08104,forçada,,,8200,,kaikki_no_match
wfpt-04928,forçado,,,5007,,kaikki_no_match
wfpt-09394,forçados,,,9499,,kaikki_no_match
wfpt-09091,forçando,,,9193,,kaikki_no_match
wfpt-06335,forçar,,,6423,,kaikki_no_match
wfpt-00815,forças,,,849,,kaikki_no_match
wfpt-11351,forçou,,,11468,,kaikki_no_match
wfpt-00331,fosse,,,348,,kaikki_no_match
wfpt-02091,fossem,,,2145,,kaikki_no_match
wfpt-11352,foste,,,11469,,kaikki_no_match
wfpt-11520,foster,,,11638,,kaikki_no_match
wfpt-00199,foto,,,211,,kaikki_no_match
wfpt-11762,fotografar,,,11883,,kaikki_no_match
wfpt-01835,fotografia,noun,,1887,фотография,kaikki_pt_ru_enriched
wfpt-03203,fotografias,,,3266,,kaikki_no_match
wfpt-10083,fotográfica,,,10192,,kaikki_no_match
wfpt-10427,fotográfico,,,10538,,kaikki_no_match
wfpt-00374,fotos,,,392,,kaikki_no_match
wfpt-05346,fotógrafo,noun,,5427,фотограф,kaikki_pt_ru_enriched
wfpt-10615,fotógrafos,,,10727,,kaikki_no_match
wfpt-08105,foundation,,,8201,,kaikki_no_match
wfpt-11157,four,,,11273,,kaikki_no_match
wfpt-05768,fox,,,5851,,kaikki_no_match
wfpt-07961,foz,,,8056,,kaikki_no_match
wfpt-05347,fraca,,,5428,,kaikki_no_match
wfpt-05021,fracasso,,,5100,,kaikki_no_match
wfpt-03338,fraco,,,3401,,kaikki_no_match
wfpt-07196,fracos,,,7288,,kaikki_no_match
wfpt-09745,fragmentos,,,9853,,kaikki_no_match
wfpt-07318,franca,,,7411,,kaikki_no_match
wfpt-08242,france,,,8338,,kaikki_no_match
wfpt-02425,francesa,,,2479,,kaikki_no_match
wfpt-09746,francesas,,,9854,,kaikki_no_match
wfpt-03626,franceses,,,3692,,kaikki_no_match
wfpt-07820,francis,,,7915,,kaikki_no_match
wfpt-01269,francisco,noun,,1311,франциск,kaikki_pt_ru_enriched
wfpt-03141,franco,,,3203,,kaikki_no_match
wfpt-01270,francês,,,1312,,kaikki_no_match
wfpt-03919,frango,,,3990,,kaikki_no_match
wfpt-02954,frank,,,3015,,kaikki_no_match
wfpt-09239,franklin,,,9342,,kaikki_no_match
wfpt-06096,franquia,,,6181,,kaikki_no_match
wfpt-00976,frança,noun,,1011,франция,kaikki_pt_ru_enriched
wfpt-11353,françois,,,11470,,kaikki_no_match
wfpt-08243,fraqueza,,,8339,,kaikki_no_match
wfpt-02040,frase,noun,,2094,фраза,kaikki_pt_ru_enriched
wfpt-03081,frases,,,3143,,kaikki_no_match
wfpt-08106,fraternidade,,,8202,,kaikki_no_match
wfpt-04929,fraude,noun,,5008,афе́ра,kaikki_pt_ru_enriched
wfpt-04571,fred,,,4648,,kaikki_no_match
wfpt-03268,free,,,3331,,kaikki_no_match
wfpt-07319,freguesia,,,7412,,kaikki_no_match
wfpt-09395,frei,,,9500,,kaikki_no_match
wfpt-11521,freio,noun,,11639,тормоз,kaikki_pt_ru_enriched
wfpt-07679,freire,,,7774,,kaikki_no_match
wfpt-05120,freitas,,,5199,,kaikki_no_match
wfpt-00262,frente,,,276,,kaikki_no_match
wfpt-11763,frequentar,,,11884,,kaikki_no_match
wfpt-07197,frequente,,,7289,,kaikki_no_match
wfpt-02321,frequentemente,,,2375,,kaikki_no_match
wfpt-06212,frequentes,,,6297,,kaikki_no_match
wfpt-02522,frequência,noun,,2577,частота,kaikki_pt_ru_enriched
wfpt-10084,freqüentemente,,,10193,,kaikki_no_match
wfpt-09396,freqüência,,,9501,,kaikki_no_match
wfpt-09240,fresca,,,9343,,kaikki_no_match
wfpt-06568,fresco,,,6657,,kaikki_no_match
wfpt-03142,fria,,,3204,,kaikki_no_match
wfpt-09577,frias,,,9683,,kaikki_no_match
wfpt-06939,friends,,,7029,,kaikki_no_match
wfpt-01386,frio,,,1432,,kaikki_no_match
wfpt-01959,from,,,2013,,kaikki_no_match
wfpt-11764,front,,,11885,,kaikki_no_match
wfpt-08388,frontal,,,8484,,kaikki_no_match
wfpt-01523,fronteira,,,1570,,kaikki_no_match
wfpt-03627,fronteiras,,,3693,,kaikki_no_match
wfpt-03705,frota,noun,,3771,флот,kaikki_pt_ru_enriched
wfpt-09904,frustração,noun,,10013,фрустрация,kaikki_pt_ru_enriched
wfpt-06336,fruta,noun,,6424,плод,kaikki_pt_ru_enriched
wfpt-05869,frutas,,,5953,,kaikki_no_match
wfpt-04320,fruto,,,4396,,kaikki_no_match
wfpt-06097,frutos,,,6182,,kaikki_no_match
wfpt-07068,frágil,,,7158,,kaikki_no_match
wfpt-03557,fuga,noun,,3622,побег,kaikki_pt_ru_enriched
wfpt-08389,fugindo,,,8485,,kaikki_no_match
wfpt-02373,fugir,verb,,2427,понести,kaikki_pt_ru_enriched
wfpt-07962,fugiram,,,8057,,kaikki_no_match
wfpt-05555,fugiu,,,5638,,kaikki_no_match
wfpt-00348,fui,,,365,,kaikki_no_match
wfpt-05981,full,,,6066,,kaikki_no_match
wfpt-04572,fumar,verb,,4649,курить,kaikki_pt_ru_enriched
wfpt-04740,fumaça,noun,,4818,дым,kaikki_pt_ru_enriched
wfpt-06569,fumo,,,6658,,kaikki_no_match
wfpt-01489,funciona,,,1536,,kaikki_no_match
wfpt-08244,funcional,,,8340,,kaikki_no_match
wfpt-05348,funcionam,,,5429,,kaikki_no_match
wfpt-03269,funcionamento,,,3332,,kaikki_no_match
wfpt-04830,funcionando,,,4908,,kaikki_no_match
wfpt-03143,funcionar,,,3205,,kaikki_no_match
wfpt-07320,funcionou,,,7413,,kaikki_no_match
wfpt-04080,funcionário,,,4154,,kaikki_no_match
wfpt-01524,funcionários,,,1571,,kaikki_no_match
wfpt-04930,fundada,,,5009,,kaikki_no_match
wfpt-06794,fundado,,,6884,,kaikki_no_match
wfpt-02668,fundador,,,2725,,kaikki_no_match
wfpt-06675,fundadores,,,6764,,kaikki_no_match
wfpt-03498,fundamentais,,,3563,,kaikki_no_match
wfpt-01926,fundamental,,,1979,,kaikki_no_match
wfpt-08956,fundamento,noun,,9057,основа,kaikki_pt_ru_enriched
wfpt-10616,fundamentos,,,10728,,kaikki_no_match
wfpt-01490,fundação,,,1537,,kaikki_no_match
wfpt-08390,fundações,,,8486,,kaikki_no_match
wfpt-00816,fundo,,,850,,kaikki_no_match
wfpt-02218,fundos,,,2272,,kaikki_no_match
wfpt-09906,fundou,,,10015,,kaikki_no_match
wfpt-07321,funeral,noun,,7414,похороны,kaikki_pt_ru_enriched
wfpt-11947,fungos,,,12069,,kaikki_no_match
wfpt-06795,funk,,,6885,,kaikki_no_match
wfpt-01109,função,noun,,1146,функция,kaikki_pt_ru_enriched
wfpt-02092,funções,,,2146,,kaikki_no_match
wfpt-04405,furacão,noun,,4481,буря,kaikki_pt_ru_enriched
wfpt-11158,furo,,,11274,,kaikki_no_match
wfpt-06796,fusão,,,6886,,kaikki_no_match
wfpt-00423,futebol,noun,,443,футбол,kaikki_pt_ru_enriched
wfpt-08675,futsal,,,8774,,kaikki_no_match
wfpt-05349,futura,,,5430,,kaikki_no_match
wfpt-06098,futuras,,,6183,,kaikki_no_match
wfpt-09578,future,,,9684,,kaikki_no_match
wfpt-00590,futuro,noun,,617,будущее,kaikki_pt_ru_enriched
wfpt-05224,futuros,,,5304,,kaikki_no_match
wfpt-11522,fuzileiros,,,11640,,kaikki_no_match
wfpt-04160,fábio,,,4236,,kaikki_no_match
wfpt-02426,fábrica,,,2480,,kaikki_no_match
wfpt-07069,fábricas,,,7159,,kaikki_no_match
wfpt-06797,fáceis,,,6887,,kaikki_no_match
wfpt-00444,fácil,,,464,,kaikki_no_match
wfpt-04931,fátima,,,5010,,kaikki_no_match
wfpt-01627,fãs,,,1676,,kaikki_no_match
wfpt-09241,félix,noun,,9344,феликс,kaikki_pt_ru_enriched
wfpt-01525,férias,,,1572,,kaikki_no_match
wfpt-11354,fértil,,,11471,,kaikki_no_match
wfpt-09907,fêmea,,,10016,,kaikki_no_match
wfpt-11523,fêmeas,,,11641,,kaikki_no_match
wfpt-06213,fígado,noun,,6298,печень,kaikki_pt_ru_enriched
wfpt-01356,física,noun,,1399,физика,kaikki_pt_ru_enriched
wfpt-05121,físicas,,,5200,,kaikki_no_match
wfpt-02778,físico,noun,,2837,физик,kaikki_pt_ru_enriched
wfpt-04831,físicos,,,4909,,kaikki_no_match
wfpt-03558,fórmula,noun,,3623,формула,kaikki_pt_ru_enriched
wfpt-02374,fórum,,,2428,,kaikki_no_match
wfpt-10959,fóruns,,,11072,,kaikki_no_match
wfpt-09092,fósseis,,,9194,,kaikki_no_match
wfpt-09397,fôlego,,,9502,,kaikki_no_match
wfpt-08107,fúria,,,8203,,kaikki_no_match
wfpt-02523,gabinete,,,2578,,kaikki_no_match
wfpt-02180,gabriel,noun,,2234,гавриил,kaikki_pt_ru_enriched
wfpt-06337,gabriela,,,6425,,kaikki_no_match
wfpt-05656,gado,,,5739,,kaikki_no_match
wfpt-09579,gaga,,,9685,,kaikki_no_match
wfpt-05225,gajo,,,5305,,kaikki_no_match
wfpt-10251,galaxy,,,10360,,kaikki_no_match
wfpt-05226,galera,,,5306,,kaikki_no_match
wfpt-03628,galeria,noun,,3694,галерея,kaikki_pt_ru_enriched
wfpt-04932,galinha,noun,,5011,курка,kaikki_pt_ru_enriched
wfpt-10617,galinhas,,,10729,,kaikki_no_match
wfpt-06099,galo,,,6184,,kaikki_no_match
wfpt-06798,galvão,,,6888,,kaikki_no_match
wfpt-08245,galáxia,noun,,8341,галактика,kaikki_pt_ru_enriched
wfpt-03270,gama,,,3333,,kaikki_no_match
wfpt-02524,game,,,2579,,kaikki_no_match
wfpt-04321,games,,,4397,,kaikki_no_match
wfpt-10428,gana,noun,,10539,гана,kaikki_pt_ru_enriched
wfpt-09093,gangue,,,9195,,kaikki_no_match
wfpt-01733,ganha,,,1783,,kaikki_no_match
wfpt-11355,ganhado,,,11472,,kaikki_no_match
wfpt-10429,ganhador,,,10540,,kaikki_no_match
wfpt-05022,ganham,,,5101,,kaikki_no_match
wfpt-07680,ganhamos,,,7775,,kaikki_no_match
wfpt-03019,ganhando,,,3081,,kaikki_no_match
wfpt-00754,ganhar,,,787,,kaikki_no_match
wfpt-05023,ganharam,,,5102,,kaikki_no_match
wfpt-07821,ganhe,,,7916,,kaikki_no_match
wfpt-04484,ganhei,,,4561,,kaikki_no_match
wfpt-03271,ganho,,,3334,,kaikki_no_match
wfpt-07548,ganhos,,,7643,,kaikki_no_match
wfpt-00993,ganhou,,,1029,,kaikki_no_match
wfpt-05350,garagem,noun,,5431,гараж,kaikki_pt_ru_enriched
wfpt-10085,garanta,,,10194,,kaikki_no_match
wfpt-04832,garante,,,4910,,kaikki_no_match
wfpt-03999,garantia,noun,,4072,гарантия,kaikki_pt_ru_enriched
wfpt-09094,garantias,,,9196,,kaikki_no_match
wfpt-11524,garantida,,,11642,,kaikki_no_match
wfpt-08530,garantido,,,8628,,kaikki_no_match
wfpt-08531,garantindo,,,8629,,kaikki_no_match
wfpt-01526,garantir,,,1573,,kaikki_no_match
wfpt-06676,garantiu,,,6765,,kaikki_no_match
wfpt-09580,garanto,,,9686,,kaikki_no_match
wfpt-04236,garcia,,,4312,,kaikki_no_match
wfpt-08676,garcía,,,8775,,kaikki_no_match
wfpt-04322,garganta,noun,,4398,зев,kaikki_pt_ru_enriched
wfpt-01174,garota,,,1213,,kaikki_no_match
wfpt-03144,garotas,,,3206,,kaikki_no_match
wfpt-01998,garoto,,,2052,,kaikki_no_match
wfpt-05657,garotos,,,5740,,kaikki_no_match
wfpt-10960,garra,noun,,11073,коготь,kaikki_pt_ru_enriched
wfpt-04833,garrafa,noun,,4911,бутылка,kaikki_pt_ru_enriched
wfpt-06677,garrafas,,,6766,,kaikki_no_match
wfpt-08108,gary,,,8204,,kaikki_no_match
wfpt-10961,garçom,noun,,11074,официант,kaikki_pt_ru_enriched
wfpt-06799,gases,,,6889,,kaikki_no_match
wfpt-04237,gasolina,noun,,4313,бензин,kaikki_pt_ru_enriched
wfpt-07681,gasta,,,7776,,kaikki_no_match
wfpt-11356,gastando,,,11473,,kaikki_no_match
wfpt-03499,gastar,,,3564,,kaikki_no_match
wfpt-07549,gasto,noun,,7644,затрата,kaikki_pt_ru_enriched
wfpt-04406,gastos,,,4482,,kaikki_no_match
wfpt-11765,gastou,,,11886,,kaikki_no_match
wfpt-11357,gastronomia,,,11474,,kaikki_no_match
wfpt-06678,gata,,,6767,,kaikki_no_match
wfpt-06800,gatilho,noun,,6890,спусковой крючок,kaikki_pt_ru_enriched
wfpt-10618,gatinho,,,10730,,kaikki_no_match
wfpt-02219,gato,noun,,2273,кот,kaikki_pt_ru_enriched
wfpt-04238,gatos,,,4314,,kaikki_no_match
wfpt-11358,gaveta,noun,,11475,выдвижной ящик,kaikki_pt_ru_enriched
wfpt-01491,gay,,,1538,,kaikki_no_match
wfpt-04653,gays,,,4731,,kaikki_no_match
wfpt-11359,gazeta,,,11476,,kaikki_no_match
wfpt-08802,gaúcha,,,8902,,kaikki_no_match
wfpt-06570,gaúcho,,,6659,,kaikki_no_match
wfpt-09398,gelada,,,9503,,kaikki_no_match
wfpt-05556,geladeira,noun,,5639,холодильник,kaikki_pt_ru_enriched
wfpt-07550,gelado,,,7645,,kaikki_no_match
wfpt-02271,gelo,noun,,2325,лёд,kaikki_pt_ru_enriched
wfpt-07070,gene,noun,,7160,ген,kaikki_pt_ru_enriched
wfpt-09242,genebra,noun,,9345,женева,kaikki_pt_ru_enriched
wfpt-07822,generais,,,7917,,kaikki_no_match
wfpt-01201,general,noun,,1240,генерал,kaikki_pt_ru_enriched
wfpt-10788,generalizada,,,10900,,kaikki_no_match
wfpt-11766,generoso,,,11887,,kaikki_no_match
wfpt-09399,genes,,,9504,,kaikki_no_match
wfpt-09747,genial,,,9855,,kaikki_no_match
wfpt-11525,genro,,,11643,,kaikki_no_match
wfpt-00213,gente,noun,,225,народ,kaikki_pt_ru_enriched
wfpt-07322,gentil,,,7415,,kaikki_no_match
wfpt-08803,gentileza,noun,,8903,доброта,kaikki_pt_ru_enriched
wfpt-06100,genética,noun,,6185,генетика,kaikki_pt_ru_enriched
wfpt-10962,genético,,,11075,,kaikki_no_match
wfpt-03629,geografia,noun,,3695,география,kaikki_pt_ru_enriched
wfpt-08246,geográfica,,,8342,,kaikki_no_match
wfpt-01597,george,,,1646,,kaikki_no_match
wfpt-10252,georgia,,,10361,,kaikki_no_match
wfpt-04239,gera,,,4315,,kaikki_no_match
wfpt-09581,gerada,,,9687,,kaikki_no_match
wfpt-07198,gerado,,,7290,,kaikki_no_match
wfpt-08247,gerador,,,8343,,kaikki_no_match
wfpt-11159,geradores,,,11275,,kaikki_no_match
wfpt-01293,gerais,,,1335,,kaikki_no_match
wfpt-00304,geral,,,321,,kaikki_no_match
wfpt-11526,gerald,,,11644,,kaikki_no_match
wfpt-06571,geraldo,,,6660,,kaikki_no_match
wfpt-01445,geralmente,,,1492,,kaikki_no_match
wfpt-10963,geram,,,11076,,kaikki_no_match
wfpt-06572,gerando,,,6661,,kaikki_no_match
wfpt-03339,gerar,,,3402,,kaikki_no_match
wfpt-01155,geração,,,1194,,kaikki_no_match
wfpt-03920,gerações,,,3991,,kaikki_no_match
wfpt-05982,gerenciamento,,,6067,,kaikki_no_match
wfpt-11948,gerenciar,,,12070,,kaikki_no_match
wfpt-03500,gerente,,,3565,,kaikki_no_match
wfpt-10086,gerir,,,10195,,kaikki_no_match
wfpt-05456,gerou,,,5539,,kaikki_no_match
wfpt-06101,gesto,noun,,6186,жест,kaikki_pt_ru_enriched
wfpt-11949,gestor,,,12071,,kaikki_no_match
wfpt-01628,gestão,,,1677,,kaikki_no_match
wfpt-04834,get,,,4912,,kaikki_no_match
wfpt-10087,getúlio,,,10196,,kaikki_no_match
wfpt-04835,geórgia,noun,,4913,грузия,kaikki_pt_ru_enriched
wfpt-02825,gigante,noun,,2884,гигант,kaikki_pt_ru_enriched
wfpt-05557,gigantes,,,5640,,kaikki_no_match
wfpt-03501,gil,,,3566,,kaikki_no_match
wfpt-04573,gilberto,,,4650,,kaikki_no_match
wfpt-10964,gilmar,,,11077,,kaikki_no_match
wfpt-05227,ginásio,,,5307,,kaikki_no_match
wfpt-07963,ginástica,,,8058,,kaikki_no_match
wfpt-05658,gira,,,5741,,kaikki_no_match
wfpt-03836,girl,,,3906,,kaikki_no_match
wfpt-06679,girls,,,6768,,kaikki_no_match
wfpt-04836,giro,,,4914,,kaikki_no_match
wfpt-11160,give,,,11276,,kaikki_no_match
wfpt-11161,glenn,,,11277,,kaikki_no_match
wfpt-08391,globais,,,8487,,kaikki_no_match
wfpt-01241,global,,,1281,,kaikki_no_match
wfpt-10965,globalização,noun,,11078,глобализация,kaikki_pt_ru_enriched
wfpt-00925,globo,,,959,,kaikki_no_match
wfpt-06801,gloria,,,6891,,kaikki_no_match
wfpt-02779,glória,,,2838,,kaikki_no_match
wfpt-08804,god,,,8904,,kaikki_no_match
wfpt-03837,goiás,,,3907,,kaikki_no_match
wfpt-05983,goiânia,,,6068,,kaikki_no_match
wfpt-01697,gol,,,1746,,kaikki_no_match
wfpt-07071,gold,,,7161,,kaikki_no_match
wfpt-11950,golden,,,12072,,kaikki_no_match
wfpt-03838,goleiro,noun,,3908,вратарь,kaikki_pt_ru_enriched
wfpt-08677,golfe,,,8776,,kaikki_no_match
wfpt-07437,golfo,,,7530,,kaikki_no_match
wfpt-11162,golo,,,11278,,kaikki_no_match
wfpt-11527,golos,,,11645,,kaikki_no_match
wfpt-01698,golpe,noun,,1747,путч,kaikki_pt_ru_enriched
wfpt-06457,golpes,,,6545,,kaikki_no_match
wfpt-02181,gols,,,2235,,kaikki_no_match
wfpt-02272,gomes,,,2326,,kaikki_no_match
wfpt-08392,gonçalo,,,8488,,kaikki_no_match
wfpt-04837,gonçalves,,,4915,,kaikki_no_match
wfpt-04485,good,,,4562,,kaikki_no_match
wfpt-01446,google,,,1493,,kaikki_no_match
wfpt-07199,gorda,,,7291,,kaikki_no_match
wfpt-04741,gordo,,,4819,,kaikki_no_match
wfpt-06102,gordon,,,6187,,kaikki_no_match
wfpt-07682,gordura,,,7777,,kaikki_no_match
wfpt-08248,gospel,,,8344,,kaikki_no_match
wfpt-00681,gosta,,,711,,kaikki_no_match
wfpt-10430,gostado,,,10541,,kaikki_no_match
wfpt-02322,gostam,,,2376,,kaikki_no_match
wfpt-07200,gostamos,,,7292,,kaikki_no_match
wfpt-08678,gostando,,,8777,,kaikki_no_match
wfpt-01836,gostar,,,1888,,kaikki_no_match
wfpt-10253,gostaram,,,10362,,kaikki_no_match
wfpt-00882,gostaria,,,916,,kaikki_no_match
wfpt-10431,gostariam,,,10542,,kaikki_no_match
wfpt-06103,gostaríamos,,,6188,,kaikki_no_match
wfpt-10432,gostas,,,10543,,kaikki_no_match
wfpt-02323,gostava,,,2377,,kaikki_no_match
wfpt-05870,goste,,,5954,,kaikki_no_match
wfpt-01629,gostei,,,1678,,kaikki_no_match
wfpt-10966,gostem,,,11079,,kaikki_no_match
wfpt-00389,gosto,,,407,,kaikki_no_match
wfpt-11163,gostos,,,11279,,kaikki_no_match
wfpt-03413,gostosa,,,3477,,kaikki_no_match
wfpt-11951,gostosas,,,12073,,kaikki_no_match
wfpt-03921,gostoso,,,3992,,kaikki_no_match
wfpt-02826,gostou,,,2885,,kaikki_no_match
wfpt-05122,got,,,5201,,kaikki_no_match
wfpt-07072,gota,,,7162,,kaikki_no_match
wfpt-01156,governador,,,1195,,kaikki_no_match
wfpt-08532,governadores,,,8630,,kaikki_no_match
wfpt-05351,governamentais,,,5432,,kaikki_no_match
wfpt-07073,governamental,,,7163,,kaikki_no_match
wfpt-08109,governante,,,8205,,kaikki_no_match
wfpt-07438,governantes,,,7531,,kaikki_no_match
wfpt-09243,governança,,,9346,,kaikki_no_match
wfpt-07439,governar,,,7532,,kaikki_no_match
wfpt-00226,governo,noun,,238,правительство,kaikki_pt_ru_enriched
wfpt-03340,governos,,,3403,,kaikki_no_match
wfpt-05659,gozar,,,5742,,kaikki_no_match
wfpt-07823,gps,,,7918,,kaikki_no_match
wfpt-07824,grace,,,7919,,kaikki_no_match
wfpt-06940,grade,,,7030,,kaikki_no_match
wfpt-10789,grades,,,10901,,kaikki_no_match
wfpt-07825,gradualmente,,,7920,,kaikki_no_match
wfpt-03414,graduação,,,3478,,kaikki_no_match
wfpt-10254,graham,,,10363,,kaikki_no_match
wfpt-06573,grama,noun,,6662,трава,kaikki_pt_ru_enriched
wfpt-08110,gramado,,,8206,,kaikki_no_match
wfpt-11952,gramas,,,12074,,kaikki_no_match
wfpt-08957,grammy,,,9058,,kaikki_no_match
wfpt-10619,gran,,,10731,,kaikki_no_match
wfpt-05123,grana,,,5202,,kaikki_no_match
wfpt-07826,granada,noun,,7921,граната,kaikki_pt_ru_enriched
wfpt-06458,grand,,,6546,,kaikki_no_match
wfpt-00094,grande,,,100,,kaikki_no_match
wfpt-00358,grandes,,,376,,kaikki_no_match
wfpt-09244,grandeza,,,9347,,kaikki_no_match
wfpt-07683,grant,,,7778,,kaikki_no_match
wfpt-08805,grata,,,8905,,kaikki_no_match
wfpt-06459,gratidão,,,6547,,kaikki_no_match
wfpt-08249,grato,,,8345,,kaikki_no_match
wfpt-05558,gratuita,,,5641,,kaikki_no_match
wfpt-05660,gratuitamente,,,5743,,kaikki_no_match
wfpt-04654,gratuito,,,4732,,kaikki_no_match
wfpt-08111,gratuitos,,,8207,,kaikki_no_match
wfpt-01960,grau,noun,,2014,градус,kaikki_pt_ru_enriched
wfpt-03415,graus,,,3479,,kaikki_no_match
wfpt-10255,gravada,,,10364,,kaikki_no_match
wfpt-11528,gravadas,,,11646,,kaikki_no_match
wfpt-05769,gravado,,,5852,,kaikki_no_match
wfpt-11529,gravadora,,,11647,,kaikki_no_match
wfpt-09095,gravando,,,9197,,kaikki_no_match
wfpt-03502,gravar,,,3567,,kaikki_no_match
wfpt-03341,gravação,,,3404,,kaikki_no_match
wfpt-05457,gravações,,,5540,,kaikki_no_match
wfpt-02042,grave,,,2096,,kaikki_no_match
wfpt-09908,gravemente,,,10017,,kaikki_no_match
wfpt-03342,graves,,,3405,,kaikki_no_match
wfpt-04323,gravidade,,,4399,,kaikki_no_match
wfpt-04838,gravidez,noun,,4916,беременность,kaikki_pt_ru_enriched
wfpt-07074,gravou,,,7164,,kaikki_no_match
wfpt-10256,gray,,,10365,,kaikki_no_match
wfpt-01357,graça,noun,,1400,помилование,kaikki_pt_ru_enriched
wfpt-00861,graças,,,895,,kaikki_no_match
wfpt-07964,great,,,8059,,kaikki_no_match
wfpt-04324,green,,,4400,,kaikki_no_match
wfpt-08533,greg,,,8631,,kaikki_no_match
wfpt-07440,grega,,,7533,,kaikki_no_match
wfpt-05024,grego,,,5103,,kaikki_no_match
wfpt-06680,gregos,,,6769,,kaikki_no_match
wfpt-03343,greve,noun,,3406,стачка,kaikki_pt_ru_enriched
wfpt-09583,grey,,,9689,,kaikki_no_match
wfpt-06681,gripe,noun,,6770,простуда,kaikki_pt_ru_enriched
wfpt-08679,grita,,,8778,,kaikki_no_match
wfpt-04742,gritando,,,4820,,kaikki_no_match
wfpt-03503,gritar,verb,,3568,кричать,kaikki_pt_ru_enriched
wfpt-04839,grito,,,4917,,kaikki_no_match
wfpt-05984,gritos,,,6069,,kaikki_no_match
wfpt-08534,gritou,,,8632,,kaikki_no_match
wfpt-06802,grossa,,,6892,,kaikki_no_match
wfpt-02182,grosso,,,2236,,kaikki_no_match
wfpt-04743,group,,,4821,,kaikki_no_match
wfpt-00179,grupo,,,189,,kaikki_no_match
wfpt-00572,grupos,,,599,,kaikki_no_match
wfpt-06460,gráfica,,,6548,,kaikki_no_match
wfpt-04840,gráfico,,,4918,,kaikki_no_match
wfpt-06338,gráficos,,,6426,,kaikki_no_match
wfpt-04161,grátis,,,4237,,kaikki_no_match
wfpt-03706,grávida,noun,,3772,беременная,kaikki_pt_ru_enriched
wfpt-08535,grã,,,8633,,kaikki_no_match
wfpt-08250,grão,,,8346,,kaikki_no_match
wfpt-09096,grãos,,,9198,,kaikki_no_match
wfpt-02827,grécia,noun,,2886,греция,kaikki_pt_ru_enriched
wfpt-04407,grêmio,,,4483,,kaikki_no_match
wfpt-10620,guanabara,,,10732,,kaikki_no_match
wfpt-06461,guarani,,,6549,,kaikki_no_match
wfpt-01130,guarda,noun,,1169,сторож,kaikki_pt_ru_enriched
wfpt-09245,guardado,,,9348,,kaikki_no_match
wfpt-03344,guardar,,,3407,,kaikki_no_match
wfpt-06104,guardas,,,6189,,kaikki_no_match
wfpt-11530,guarde,,,11648,,kaikki_no_match
wfpt-10621,guardian,,,10733,,kaikki_no_match
wfpt-09584,guardião,,,9690,,kaikki_no_match
wfpt-10433,guarulhos,,,10544,,kaikki_no_match
wfpt-07551,guatemala,noun,,7646,гватемала,kaikki_pt_ru_enriched
wfpt-06941,guedes,,,7031,,kaikki_no_match
wfpt-00290,guerra,noun,,306,война,kaikki_pt_ru_enriched
wfpt-04655,guerras,,,4733,,kaikki_no_match
wfpt-04841,guerreiro,noun,,4919,воин,kaikki_pt_ru_enriched
wfpt-05770,guerreiros,,,5853,,kaikki_no_match
wfpt-09400,guerrero,,,9505,,kaikki_no_match
wfpt-11767,guerrilha,,,11888,,kaikki_no_match
wfpt-01999,guia,noun,,2053,гид,kaikki_pt_ru_enriched
wfpt-08680,guiana,noun,,8779,гайана,kaikki_pt_ru_enriched
wfpt-08806,guias,,,8906,,kaikki_no_match
wfpt-03145,guilherme,noun,,3207,вильгельм,kaikki_pt_ru_enriched
wfpt-04574,guimarães,,,4651,,kaikki_no_match
wfpt-04000,guiné,noun,,4073,гвинея,kaikki_pt_ru_enriched
wfpt-05661,guitarra,noun,,5744,гитара,kaikki_pt_ru_enriched
wfpt-03020,gustavo,,,3082,,kaikki_no_match
wfpt-07075,guy,,,7165,,kaikki_no_match
wfpt-01699,gás,noun,,1748,газ,kaikki_pt_ru_enriched
wfpt-03771,género,noun,,3838,жанр,kaikki_pt_ru_enriched
wfpt-11768,gêmeas,,,11889,,kaikki_no_match
wfpt-07323,gêmeos,noun,,7416,близнецы,kaikki_pt_ru_enriched
wfpt-01565,gênero,,,1613,,kaikki_no_match
wfpt-07552,gêneros,,,7647,,kaikki_no_match
wfpt-07324,gênio,,,7417,,kaikki_no_match
wfpt-03082,habilidade,noun,,3144,возможность,kaikki_pt_ru_enriched
wfpt-02828,habilidades,,,2887,,kaikki_no_match
wfpt-10790,habitam,,,10902,,kaikki_no_match
wfpt-01878,habitantes,,,1931,,kaikki_no_match
wfpt-06339,habitação,,,6427,,kaikki_no_match
wfpt-06803,habitual,,,6893,,kaikki_no_match
wfpt-11531,haddad,,,11649,,kaikki_no_match
wfpt-08681,haiti,noun,,8780,гаити,kaikki_pt_ru_enriched
wfpt-02273,haja,,,2327,,kaikki_no_match
wfpt-06340,hall,,,6428,,kaikki_no_match
wfpt-11360,halloween,,,11477,,kaikki_no_match
wfpt-09246,hambúrguer,noun,,9349,гамбургер,kaikki_pt_ru_enriched
wfpt-07965,hamilton,,,8060,,kaikki_no_match
wfpt-07966,han,,,8061,,kaikki_no_match
wfpt-11953,handebol,noun,,12075,гандбол,kaikki_pt_ru_enriched
wfpt-10257,hanna,,,10366,,kaikki_no_match
wfpt-10434,hannah,,,10545,,kaikki_no_match
wfpt-05662,happy,,,5745,,kaikki_no_match
wfpt-07325,hard,,,7418,,kaikki_no_match
wfpt-08251,hardware,,,8347,,kaikki_no_match
wfpt-05985,harmonia,noun,,6070,гармония,kaikki_pt_ru_enriched
wfpt-09585,harold,,,9691,,kaikki_no_match
wfpt-08252,harris,,,8348,,kaikki_no_match
wfpt-09909,harrison,,,10018,,kaikki_no_match
wfpt-01734,harry,,,1784,,kaikki_no_match
wfpt-07076,harvard,,,7166,,kaikki_no_match
wfpt-10088,harvey,,,10197,,kaikki_no_match
wfpt-08958,hashtag,,,9059,,kaikki_no_match
wfpt-10622,havana,,,10734,,kaikki_no_match
wfpt-07326,have,,,7419,,kaikki_no_match
wfpt-04842,havendo,,,4920,,kaikki_no_match
wfpt-05025,haveria,,,5104,,kaikki_no_match
wfpt-02093,haverá,,,2147,,kaikki_no_match
wfpt-00298,havia,,,315,,kaikki_no_match
wfpt-02220,haviam,,,2274,,kaikki_no_match
wfpt-08112,havido,,,8208,,kaikki_no_match
wfpt-10623,head,,,10735,,kaikki_no_match
wfpt-11769,health,,,11890,,kaikki_no_match
wfpt-09247,heart,,,9350,,kaikki_no_match
wfpt-05559,hectares,,,5642,,kaikki_no_match
wfpt-03146,hein,,,3208,,kaikki_no_match
wfpt-09097,helen,,,9199,,kaikki_no_match
wfpt-05124,helena,,,5203,,kaikki_no_match
wfpt-07441,helicóptero,noun,,7534,вертолёт,kaikki_pt_ru_enriched
wfpt-09401,helicópteros,,,9506,,kaikki_no_match
wfpt-09748,help,,,9856,,kaikki_no_match
wfpt-02000,henrique,noun,,2054,генрих,kaikki_pt_ru_enriched
wfpt-02626,henry,,,2682,,kaikki_no_match
wfpt-09749,her,,,9857,,kaikki_no_match
wfpt-04486,herança,noun,,4563,наследие,kaikki_pt_ru_enriched
wfpt-09248,herdeiro,noun,,9351,наследник,kaikki_pt_ru_enriched
wfpt-05986,here,,,6071,,kaikki_no_match
wfpt-09750,heroína,noun,,9858,героин,kaikki_pt_ru_enriched
wfpt-02627,herói,noun,,2683,герой,kaikki_pt_ru_enriched
wfpt-03630,heróis,,,3696,,kaikki_no_match
wfpt-06105,hey,,,6190,,kaikki_no_match
wfpt-08536,hierarquia,,,8634,,kaikki_no_match
wfpt-06106,high,,,6191,,kaikki_no_match
wfpt-08537,higiene,,,8635,,kaikki_no_match
wfpt-05353,hill,,,5434,,kaikki_no_match
wfpt-11532,hills,,,11650,,kaikki_no_match
wfpt-04162,hino,noun,,4238,гимн,kaikki_pt_ru_enriched
wfpt-05871,hip,,,5955,,kaikki_no_match
wfpt-08393,hipocrisia,noun,,8489,лицемерие,kaikki_pt_ru_enriched
wfpt-11164,hipócrita,,,11280,,kaikki_no_match
wfpt-03021,hipótese,noun,,3083,гипотеза,kaikki_pt_ru_enriched
wfpt-05663,hipóteses,,,5746,,kaikki_no_match
wfpt-08113,his,,,8209,,kaikki_no_match
wfpt-04843,historia,,,4921,,kaikki_no_match
wfpt-07684,historiador,,,7779,,kaikki_no_match
wfpt-07077,historicamente,,,7167,,kaikki_no_match
wfpt-09402,history,,,9507,,kaikki_no_match
wfpt-00173,história,,,183,,kaikki_no_match
wfpt-01081,histórias,,,1118,,kaikki_no_match
wfpt-02582,histórica,,,2638,,kaikki_no_match
wfpt-06682,históricas,,,6771,,kaikki_no_match
wfpt-01131,histórico,,,1170,,kaikki_no_match
wfpt-04325,históricos,,,4401,,kaikki_no_match
wfpt-05228,hit,,,5308,,kaikki_no_match
wfpt-04933,hitler,,,5012,,kaikki_no_match
wfpt-10967,hits,,,11080,,kaikki_no_match
wfpt-07685,hiv,,,7780,,kaikki_no_match
wfpt-11165,hmm,,,11281,,kaikki_no_match
wfpt-00109,hoje,noun,,117,сегодня,kaikki_pt_ru_enriched
wfpt-05125,holanda,noun,,5204,нидерланды,kaikki_pt_ru_enriched
wfpt-09751,holandês,,,9859,,kaikki_no_match
wfpt-05026,hollywood,,,5105,,kaikki_no_match
wfpt-09586,holmes,,,9692,,kaikki_no_match
wfpt-10968,holocausto,noun,,11081,холокост,kaikki_pt_ru_enriched
wfpt-02780,home,,,2839,,kaikki_no_match
wfpt-00235,homem,noun,,247,мужчина,kaikki_pt_ru_enriched
wfpt-09910,homenagear,,,10019,,kaikki_no_match
wfpt-01796,homenagem,noun,,1847,почитание,kaikki_pt_ru_enriched
wfpt-09249,homenagens,,,9352,,kaikki_no_match
wfpt-00390,homens,,,408,,kaikki_no_match
wfpt-04575,homicídio,,,4652,,kaikki_no_match
wfpt-06214,homicídios,,,6299,,kaikki_no_match
wfpt-10969,homofobia,noun,,11082,гомофобия,kaikki_pt_ru_enriched
wfpt-08114,homossexuais,,,8210,,kaikki_no_match
wfpt-08807,homossexual,noun,,8907,пидор,kaikki_pt_ru_enriched
wfpt-10258,homossexualidade,noun,,10367,гомосексуальность,kaikki_pt_ru_enriched
wfpt-08808,honduras,noun,,8908,гондурас,kaikki_pt_ru_enriched
wfpt-09098,honestidade,,,9200,,kaikki_no_match
wfpt-07686,honesto,,,7781,,kaikki_no_match
wfpt-04081,hong,,,4155,,kaikki_no_match
wfpt-02043,honra,noun,,2097,честь,kaikki_pt_ru_enriched
wfpt-10259,honrar,,,10368,,kaikki_no_match
wfpt-06215,hop,,,6300,,kaikki_no_match
wfpt-06341,hope,,,6429,,kaikki_no_match
wfpt-00220,hora,,,232,,kaikki_no_match
wfpt-00245,horas,,,258,,kaikki_no_match
wfpt-10435,horizontal,,,10546,,kaikki_no_match
wfpt-02135,horizonte,noun,,2189,горизонт,kaikki_pt_ru_enriched
wfpt-05126,horror,noun,,5205,ужас,kaikki_pt_ru_enriched
wfpt-09587,horrores,,,9693,,kaikki_no_match
wfpt-11166,horríveis,,,11282,,kaikki_no_match
wfpt-02136,horrível,,,2190,,kaikki_no_match
wfpt-07078,horta,noun,,7168,огород,kaikki_pt_ru_enriched
wfpt-01419,horário,,,1466,,kaikki_no_match
wfpt-05987,horários,,,6072,,kaikki_no_match
wfpt-09752,hospedagem,,,9860,,kaikki_no_match
wfpt-04163,hospitais,,,4239,,kaikki_no_match
wfpt-00770,hospital,noun,,804,больница,kaikki_pt_ru_enriched
wfpt-11954,hostil,,,12076,,kaikki_no_match
wfpt-06216,hot,,,6301,,kaikki_no_match
wfpt-01202,hotel,noun,,1241,гостиница,kaikki_pt_ru_enriched
wfpt-05988,hotéis,,,6073,,kaikki_no_match
wfpt-02628,house,,,2684,,kaikki_no_match
wfpt-08395,houston,,,8491,,kaikki_no_match
wfpt-00644,houve,,,672,,kaikki_no_match
wfpt-03707,houver,,,3773,,kaikki_no_match
wfpt-04744,houvesse,,,4822,,kaikki_no_match
wfpt-05872,how,,,5956,,kaikki_no_match
wfpt-05873,howard,,,5957,,kaikki_no_match
wfpt-00755,http,,,788,,kaikki_no_match
wfpt-02888,https,,,2948,,kaikki_no_match
wfpt-11534,hudson,,,11652,,kaikki_no_match
wfpt-03345,hugo,noun,,3408,хью,kaikki_pt_ru_enriched
wfpt-10624,hulk,,,10736,,kaikki_no_match
wfpt-07827,hum,,,7922,,kaikki_no_match
wfpt-09251,human,,,9354,,kaikki_no_match
wfpt-01447,humana,,,1494,,kaikki_no_match
wfpt-03346,humanas,,,3409,,kaikki_no_match
wfpt-02044,humanidade,noun,,2098,гуманность,kaikki_pt_ru_enriched
wfpt-00926,humano,,,960,,kaikki_no_match
wfpt-00771,humanos,,,805,,kaikki_no_match
wfpt-10791,humberto,noun,,10903,гумберт,kaikki_pt_ru_enriched
wfpt-08809,humildade,,,8909,,kaikki_no_match
wfpt-06462,humilde,,,6550,,kaikki_no_match
wfpt-09753,humilhação,,,9861,,kaikki_no_match
wfpt-01764,humor,noun,,1815,юмор,kaikki_pt_ru_enriched
wfpt-05874,hungria,noun,,5958,венгрия,kaikki_pt_ru_enriched
wfpt-09588,hunter,,,9694,,kaikki_no_match
wfpt-05771,hábito,noun,,5854,привычка,kaikki_pt_ru_enriched
wfpt-05560,hábitos,,,5643,,kaikki_no_match
wfpt-10260,hélio,noun,,10369,гелий,kaikki_pt_ru_enriched
wfpt-10792,hídricos,,,10904,,kaikki_no_match
wfpt-11167,hóspedes,,,11283,,kaikki_no_match
wfpt-04745,iam,,,4823,,kaikki_no_match
wfpt-05561,ian,,,5644,,kaikki_no_match
wfpt-07967,ibge,,,8062,,kaikki_no_match
wfpt-11770,ibope,,,11891,,kaikki_no_match
wfpt-10089,ice,,,10198,,kaikki_no_match
wfpt-05127,ida,,,5206,,kaikki_no_match
wfpt-00591,idade,,,618,,kaikki_no_match
wfpt-07828,idades,,,7923,,kaikki_no_match
wfpt-05989,ideais,,,6074,,kaikki_no_match
wfpt-03083,ideal,noun,,3145,идеал,kaikki_pt_ru_enriched
wfpt-00497,ideia,noun,,520,идея,kaikki_pt_ru_enriched
wfpt-01387,ideias,,,1434,,kaikki_no_match
wfpt-01598,identidade,,,1647,,kaikki_no_match
wfpt-09754,identidades,,,9862,,kaikki_no_match
wfpt-08115,identifica,,,8211,,kaikki_no_match
wfpt-10436,identificada,,,10547,,kaikki_no_match
wfpt-11362,identificadas,,,11479,,kaikki_no_match
wfpt-05229,identificado,,,5309,,kaikki_no_match
wfpt-07202,identificados,,,7294,,kaikki_no_match
wfpt-02955,identificar,,,3016,,kaikki_no_match
wfpt-02720,identificação,,,2779,,kaikki_no_match
wfpt-09589,identificou,,,9695,,kaikki_no_match
wfpt-06107,ideologia,noun,,6192,идеология,kaikki_pt_ru_enriched
wfpt-04240,idioma,noun,,4316,язык,kaikki_pt_ru_enriched
wfpt-05772,idiomas,,,5855,,kaikki_no_match
wfpt-02137,idiota,noun,,2191,идиот,kaikki_pt_ru_enriched
wfpt-05990,idiotas,,,6075,,kaikki_no_match
wfpt-03416,ido,noun,,3480,идо,kaikki_pt_ru_enriched
wfpt-10970,idoso,,,11083,,kaikki_no_match
wfpt-05230,idosos,,,5310,,kaikki_no_match
wfpt-01567,idéia,,,1615,,kaikki_no_match
wfpt-04241,idéias,,,4317,,kaikki_no_match
wfpt-10437,ignora,,,10548,,kaikki_no_match
wfpt-11168,ignorado,,,11284,,kaikki_no_match
wfpt-10793,ignorante,,,10905,,kaikki_no_match
wfpt-04746,ignorar,,,4824,,kaikki_no_match
wfpt-05991,ignorância,,,6076,,kaikki_no_match
wfpt-06108,igor,noun,,6193,игорь,kaikki_pt_ru_enriched
wfpt-02889,iguais,,,2949,,kaikki_no_match
wfpt-01175,igual,,,1214,,kaikki_no_match
wfpt-03839,igualdade,noun,,3909,равенство,kaikki_pt_ru_enriched
wfpt-02427,igualmente,,,2481,,kaikki_no_match
wfpt-07829,iguaçu,,,7924,,kaikki_no_match
wfpt-02670,iii,,,2727,,kaikki_no_match
wfpt-07553,ilegais,,,7648,,kaikki_no_match
wfpt-03417,ilegal,,,3481,,kaikki_no_match
wfpt-00977,ilha,noun,,1012,остров,kaikki_pt_ru_enriched
wfpt-02375,ilhas,,,2429,,kaikki_no_match
wfpt-05773,iluminação,,,5856,,kaikki_no_match
wfpt-07830,ilustração,,,7925,,kaikki_no_match
wfpt-09404,ilustrações,,,9509,,kaikki_no_match
wfpt-05774,ilusão,,,5857,,kaikki_no_match
wfpt-00574,imagem,noun,,601,картина,kaikki_pt_ru_enriched
wfpt-00883,imagens,,,917,,kaikki_no_match
wfpt-03504,imagina,,,3569,,kaikki_no_match
wfpt-07968,imaginando,,,8063,,kaikki_no_match
wfpt-02138,imaginar,,,2192,,kaikki_no_match
wfpt-07327,imaginava,,,7420,,kaikki_no_match
wfpt-04656,imaginação,noun,,4734,воображение,kaikki_pt_ru_enriched
wfpt-03347,imagine,,,3411,,kaikki_no_match
wfpt-05875,imaginei,,,5959,,kaikki_no_match
wfpt-11169,imaginem,,,11285,,kaikki_no_match
wfpt-03631,imagino,,,3697,,kaikki_no_match
wfpt-11170,imaginou,,,11286,,kaikki_no_match
wfpt-08253,imaginário,,,8349,,kaikki_no_match
wfpt-09590,imbecil,noun,,9696,дура,kaikki_pt_ru_enriched
wfpt-04845,imediata,,,4923,,kaikki_no_match
wfpt-01599,imediatamente,,,1648,,kaikki_no_match
wfpt-04001,imediato,,,4074,,kaikki_no_match
wfpt-04934,imensa,,,5013,,kaikki_no_match
wfpt-03559,imenso,,,3624,,kaikki_no_match
wfpt-03772,imigrantes,,,3840,,kaikki_no_match
wfpt-05129,imigração,noun,,5208,иммиграция,kaikki_pt_ru_enriched
wfpt-09591,iminente,,,9697,,kaikki_no_match
wfpt-08396,imobiliária,,,8492,,kaikki_no_match
wfpt-08397,imobiliário,,,8493,,kaikki_no_match
wfpt-11771,imortal,,,11892,,kaikki_no_match
wfpt-01700,impacto,,,1749,,kaikki_no_match
wfpt-05664,impactos,,,5747,,kaikki_no_match
wfpt-05876,impeachment,,,5960,,kaikki_no_match
wfpt-04846,impede,,,4924,,kaikki_no_match
wfpt-09911,impedido,,,10020,,kaikki_no_match
wfpt-11363,impedimento,,,11480,,kaikki_no_match
wfpt-09099,impedindo,,,9201,,kaikki_no_match
wfpt-02324,impedir,verb,,2378,мешать,kaikki_pt_ru_enriched
wfpt-07687,impediu,,,7782,,kaikki_no_match
wfpt-05130,imperador,,,5209,,kaikki_no_match
wfpt-11772,imperatriz,,,11893,,kaikki_no_match
wfpt-09592,imperial,,,9698,,kaikki_no_match
wfpt-05775,implantação,,,5858,,kaikki_no_match
wfpt-07328,implementar,verb,,7421,выполнять,kaikki_pt_ru_enriched
wfpt-03708,implementação,,,3774,,kaikki_no_match
wfpt-06109,implica,,,6194,,kaikki_no_match
wfpt-09755,implicações,,,9863,,kaikki_no_match
wfpt-07554,impor,,,7649,,kaikki_no_match
wfpt-00862,importa,,,896,,kaikki_no_match
wfpt-07203,importam,,,7295,,kaikki_no_match
wfpt-00299,importante,,,316,,kaikki_no_match
wfpt-00835,importantes,,,869,,kaikki_no_match
wfpt-05131,importar,,,5210,,kaikki_no_match
wfpt-09405,importação,noun,,9510,импорт,kaikki_pt_ru_enriched
wfpt-04847,importo,,,4925,,kaikki_no_match
wfpt-01042,importância,,,1078,,kaikki_no_match
wfpt-11171,imposição,,,11287,,kaikki_no_match
wfpt-01203,impossível,,,1242,,kaikki_no_match
wfpt-11956,imposta,,,12078,,kaikki_no_match
wfpt-03773,imposto,noun,,3841,налог,kaikki_pt_ru_enriched
wfpt-02671,impostos,,,2728,,kaikki_no_match
wfpt-01157,imprensa,,,1196,,kaikki_no_match
wfpt-09252,impressa,,,9355,,kaikki_no_match
wfpt-11773,impressionada,,,11894,,kaikki_no_match
wfpt-09406,impressionado,,,9511,,kaikki_no_match
wfpt-02672,impressionante,,,2729,,kaikki_no_match
wfpt-08810,impresso,,,8910,,kaikki_no_match
wfpt-11774,impressos,,,11895,,kaikki_no_match
wfpt-02464,impressão,noun,,2518,впечатление,kaikki_pt_ru_enriched
wfpt-05458,impressões,,,5541,,kaikki_no_match
wfpt-09593,imprimir,,,9699,,kaikki_no_match
wfpt-08538,improvável,,,8636,,kaikki_no_match
wfpt-05665,impulso,noun,,5748,порыв,kaikki_pt_ru_enriched
wfpt-03418,império,,,3482,,kaikki_no_match
wfpt-10971,impõe,,,11084,,kaikki_no_match
wfpt-08682,imunidade,,,8781,,kaikki_no_match
wfpt-06683,imóveis,,,6772,,kaikki_no_match
wfpt-06804,imóvel,,,6894,,kaikki_no_match
wfpt-11535,inaceitável,,,11653,,kaikki_no_match
wfpt-05132,inacreditável,,,5211,,kaikki_no_match
wfpt-11957,inaugurada,,,12079,,kaikki_no_match
wfpt-10261,inaugurado,,,10370,,kaikki_no_match
wfpt-06110,inauguração,,,6195,,kaikki_no_match
wfpt-11958,inc,,,12080,,kaikki_no_match
wfpt-09100,incapacidade,,,9202,,kaikki_no_match
wfpt-05992,incapaz,,,6077,,kaikki_no_match
wfpt-11959,incapazes,,,12081,,kaikki_no_match
wfpt-06342,incentivar,,,6430,,kaikki_no_match
wfpt-06217,incentivo,noun,,6302,сти́мул,kaikki_pt_ru_enriched
wfpt-10090,incerteza,,,10199,,kaikki_no_match
wfpt-03632,incidente,,,3698,,kaikki_no_match
wfpt-06942,incidentes,,,7032,,kaikki_no_match
wfpt-10262,incidência,,,10371,,kaikki_no_match
wfpt-03147,incluem,,,3209,,kaikki_no_match
wfpt-01630,inclui,,,1679,,kaikki_no_match
wfpt-00670,incluindo,,,699,,kaikki_no_match
wfpt-03560,incluir,,,3625,,kaikki_no_match
wfpt-07831,incluiu,,,7926,,kaikki_no_match
wfpt-01012,inclusive,,,1048,,kaikki_no_match
wfpt-03709,inclusão,,,3775,,kaikki_no_match
wfpt-10794,incluída,,,10906,,kaikki_no_match
wfpt-06684,incluído,,,6773,,kaikki_no_match
wfpt-08959,incluídos,,,9060,,kaikki_no_match
wfpt-05133,incomoda,,,5212,,kaikki_no_match
wfpt-07204,incomodar,,,7296,,kaikki_no_match
wfpt-06463,incomum,,,6551,,kaikki_no_match
wfpt-08539,inconsciente,,,8637,,kaikki_no_match
wfpt-11960,inconveniente,,,12082,,kaikki_no_match
wfpt-08811,incrivelmente,,,8911,,kaikki_no_match
wfpt-04326,incríveis,,,4402,,kaikki_no_match
wfpt-00994,incrível,,,1030,,kaikki_no_match
wfpt-02673,incêndio,noun,,2730,пожар,kaikki_pt_ru_enriched
wfpt-07205,incêndios,,,7297,,kaikki_no_match
wfpt-09101,indenização,,,9203,,kaikki_no_match
wfpt-01242,independente,,,1282,,kaikki_no_match
wfpt-03922,independentemente,,,3993,,kaikki_no_match
wfpt-03633,independentes,,,3699,,kaikki_no_match
wfpt-01927,independência,noun,,1980,независимость,kaikki_pt_ru_enriched
wfpt-09594,india,,,9700,,kaikki_no_match
wfpt-06111,indiana,,,6196,,kaikki_no_match
wfpt-06112,indiano,,,6197,,kaikki_no_match
wfpt-02325,indica,,,2379,,kaikki_no_match
wfpt-06343,indicada,,,6431,,kaikki_no_match
wfpt-02890,indicado,,,2950,,kaikki_no_match
wfpt-11961,indicador,,,12083,,kaikki_no_match
wfpt-11364,indicadores,,,11481,,kaikki_no_match
wfpt-07832,indicados,,,7927,,kaikki_no_match
wfpt-04747,indicam,,,4825,,kaikki_no_match
wfpt-06685,indicando,,,6774,,kaikki_no_match
wfpt-04164,indicar,,,4240,,kaikki_no_match
wfpt-03710,indicação,,,3776,,kaikki_no_match
wfpt-06344,indicações,,,6432,,kaikki_no_match
wfpt-09756,indicou,,,9864,,kaikki_no_match
wfpt-11962,indie,,,12084,,kaikki_no_match
wfpt-10972,indiferente,,,11085,,kaikki_no_match
wfpt-11365,indiferença,,,11482,,kaikki_no_match
wfpt-11366,indignação,,,11483,,kaikki_no_match
wfpt-09912,indireta,,,10021,,kaikki_no_match
wfpt-10973,indiretamente,,,11086,,kaikki_no_match
wfpt-03084,individuais,,,3146,,kaikki_no_match
wfpt-02674,individual,,,2731,,kaikki_no_match
wfpt-10625,individualmente,,,10737,,kaikki_no_match
wfpt-02956,indivíduo,,,3017,,kaikki_no_match
wfpt-02045,indivíduos,,,2099,,kaikki_no_match
wfpt-00927,indo,,,961,,kaikki_no_match
wfpt-05231,indonésia,noun,,5311,индонезия,kaikki_pt_ru_enriched
wfpt-07079,industriais,,,7169,,kaikki_no_match
wfpt-02525,industrial,,,2580,,kaikki_no_match
wfpt-09757,indícios,,,9865,,kaikki_no_match
wfpt-04748,indígena,,,4826,,kaikki_no_match
wfpt-03204,indígenas,,,3267,,kaikki_no_match
wfpt-01132,indústria,noun,,1171,индустрия,kaikki_pt_ru_enriched
wfpt-03840,indústrias,,,3910,,kaikki_no_match
wfpt-11775,inesperada,,,11896,,kaikki_no_match
wfpt-09758,inesperado,,,9866,,kaikki_no_match
wfpt-10795,inesquecível,,,10907,,kaikki_no_match
wfpt-06574,inevitável,,,6663,,kaikki_no_match
wfpt-02094,infantil,,,2148,,kaikki_no_match
wfpt-05776,infantis,,,5859,,kaikki_no_match
wfpt-11963,infarto,noun,,12085,инфаркт,kaikki_pt_ru_enriched
wfpt-05666,infecção,noun,,5749,инфекция,kaikki_pt_ru_enriched
wfpt-05993,infeliz,,,6078,,kaikki_no_match
wfpt-01204,infelizmente,,,1243,,kaikki_no_match
wfpt-03022,inferior,,,3084,,kaikki_no_match
wfpt-07688,inferiores,,,7783,,kaikki_no_match
wfpt-01961,inferno,noun,,2015,ад,kaikki_pt_ru_enriched
wfpt-11776,infinita,,,11897,,kaikki_no_match
wfpt-06943,infinito,,,7033,,kaikki_no_match
wfpt-06575,inflação,noun,,6664,инфляция,kaikki_pt_ru_enriched
wfpt-07969,influenciar,,,8064,,kaikki_no_match
wfpt-10263,influente,,,10372,,kaikki_no_match
wfpt-08960,influentes,,,9061,,kaikki_no_match
wfpt-01631,influência,,,1680,,kaikki_no_match
wfpt-07206,influências,,,7298,,kaikki_no_match
wfpt-09253,info,,,9356,,kaikki_no_match
wfpt-04487,informa,,,4564,,kaikki_no_match
wfpt-11172,informada,,,11288,,kaikki_no_match
wfpt-04749,informado,,,4827,,kaikki_no_match
wfpt-09759,informados,,,9867,,kaikki_no_match
wfpt-09595,informal,,,9701,,kaikki_no_match
wfpt-10264,informando,,,10373,,kaikki_no_match
wfpt-03085,informar,,,3147,,kaikki_no_match
wfpt-06944,information,,,7034,,kaikki_no_match
wfpt-00538,informação,noun,,564,информация,kaikki_pt_ru_enriched
wfpt-00375,informações,,,393,,kaikki_no_match
wfpt-07207,informe,,,7299,,kaikki_no_match
wfpt-03419,informou,,,3483,,kaikki_no_match
wfpt-05877,informática,noun,,5961,информатика,kaikki_pt_ru_enriched
wfpt-06805,infra,,,6895,,kaikki_no_match
wfpt-03205,infraestrutura,noun,,3268,инфраструктуры,kaikki_pt_ru_enriched
wfpt-01879,infância,noun,,1932,детство,kaikki_pt_ru_enriched
wfpt-02465,inglaterra,noun,,2519,англия,kaikki_pt_ru_enriched
wfpt-03841,inglesa,,,3911,,kaikki_no_match
wfpt-07329,ingleses,,,7422,,kaikki_no_match
wfpt-00539,inglês,,,565,,kaikki_no_match
wfpt-07833,ingredientes,,,7928,,kaikki_no_match
wfpt-04935,ingresso,,,5014,,kaikki_no_match
wfpt-04408,ingressos,,,4484,,kaikki_no_match
wfpt-10265,ingrid,,,10374,,kaikki_no_match
wfpt-04409,inicia,,,4485,,kaikki_no_match
wfpt-06218,iniciada,,,6303,,kaikki_no_match
wfpt-05134,iniciado,,,5213,,kaikki_no_match
wfpt-04488,iniciais,,,4565,,kaikki_no_match
wfpt-01837,inicial,,,1889,,kaikki_no_match
wfpt-02829,inicialmente,,,2888,,kaikki_no_match
wfpt-08961,iniciando,,,9062,,kaikki_no_match
wfpt-03348,iniciar,,,3412,,kaikki_no_match
wfpt-07834,iniciaram,,,7929,,kaikki_no_match
wfpt-01765,iniciativa,noun,,1816,инициатива,kaikki_pt_ru_enriched
wfpt-05027,iniciativas,,,5106,,kaikki_no_match
wfpt-05777,inicio,,,5860,,kaikki_no_match
wfpt-03023,iniciou,,,3085,,kaikki_no_match
wfpt-02526,inimigo,noun,,2581,враг,kaikki_pt_ru_enriched
wfpt-02376,inimigos,,,2430,,kaikki_no_match
wfpt-09407,injeção,noun,,9512,инъекция,kaikki_pt_ru_enriched
wfpt-07970,injustiça,noun,,8065,несправедливость,kaikki_pt_ru_enriched
wfpt-07971,injusto,,,8066,,kaikki_no_match
wfpt-04750,inocente,,,4828,,kaikki_no_match
wfpt-05667,inocentes,,,5750,,kaikki_no_match
wfpt-07689,inocência,noun,,7784,невинность,kaikki_pt_ru_enriched
wfpt-10974,inovador,,,11087,,kaikki_no_match
wfpt-10975,inovadora,,,11088,,kaikki_no_match
wfpt-11367,inovadoras,,,11484,,kaikki_no_match
wfpt-04751,inovação,noun,,4829,инновация,kaikki_pt_ru_enriched
wfpt-05232,inquérito,,,5312,,kaikki_no_match
wfpt-08254,inscrever,,,8350,,kaikki_no_match
wfpt-06345,inscritos,,,6433,,kaikki_no_match
wfpt-04327,inscrição,,,4403,,kaikki_no_match
wfpt-04576,inscrições,,,4653,,kaikki_no_match
wfpt-07080,insegurança,,,7170,,kaikki_no_match
wfpt-10796,inserção,,,10908,,kaikki_no_match
wfpt-08962,inseto,noun,,9063,насекомое,kaikki_pt_ru_enriched
wfpt-07330,insetos,,,7423,,kaikki_no_match
wfpt-07331,insiste,,,7424,,kaikki_no_match
wfpt-11964,insistem,,,12086,,kaikki_no_match
wfpt-09913,insistir,verb,,10022,настаивать,kaikki_pt_ru_enriched
wfpt-10091,insistiu,,,10200,,kaikki_no_match
wfpt-09760,inspeção,,,9868,,kaikki_no_match
wfpt-10266,inspira,,,10375,,kaikki_no_match
wfpt-06576,inspirada,,,6665,,kaikki_no_match
wfpt-05233,inspirado,,,5313,,kaikki_no_match
wfpt-11173,inspirados,,,11289,,kaikki_no_match
wfpt-09408,inspirar,,,9513,,kaikki_no_match
wfpt-03086,inspiração,,,3148,,kaikki_no_match
wfpt-07690,inspirou,,,7785,,kaikki_no_match
wfpt-09102,instabilidade,,,9204,,kaikki_no_match
wfpt-03349,instagram,,,3413,,kaikki_no_match
wfpt-07332,instalada,,,7425,,kaikki_no_match
wfpt-06219,instalado,,,6304,,kaikki_no_match
wfpt-09761,instalados,,,9869,,kaikki_no_match
wfpt-06220,instalar,verb,,6305,провести,kaikki_pt_ru_enriched
wfpt-02891,instalação,noun,,2951,устано́вка,kaikki_pt_ru_enriched
wfpt-03024,instalações,,,3086,,kaikki_no_match
wfpt-10267,instalou,,,10376,,kaikki_no_match
wfpt-04848,instante,,,4926,,kaikki_no_match
wfpt-11777,institucionais,,,11898,,kaikki_no_match
wfpt-05668,institucional,,,5751,,kaikki_no_match
wfpt-01838,instituição,,,1890,,kaikki_no_match
wfpt-01359,instituições,,,1402,,kaikki_no_match
wfpt-07208,institute,,,7300,,kaikki_no_match
wfpt-00863,instituto,noun,,897,институт,kaikki_pt_ru_enriched
wfpt-10976,institutos,,,11089,,kaikki_no_match
wfpt-02721,instrumento,,,2780,,kaikki_no_match
wfpt-02892,instrumentos,,,2952,,kaikki_no_match
wfpt-09762,instrutor,noun,,9870,инструктор,kaikki_pt_ru_enriched
wfpt-05994,instrução,noun,,6079,образование,kaikki_pt_ru_enriched
wfpt-03561,instruções,,,3626,,kaikki_no_match
wfpt-09763,instável,,,9871,,kaikki_no_match
wfpt-08255,instância,,,8351,,kaikki_no_match
wfpt-11965,insuficiente,,,12087,,kaikki_no_match
wfpt-11368,insuficiência,,,11485,,kaikki_no_match
wfpt-11536,insuportável,,,11654,,kaikki_no_match
wfpt-07691,integra,,,7786,,kaikki_no_match
wfpt-08963,integrada,,,9064,,kaikki_no_match
wfpt-05778,integrado,,,5861,,kaikki_no_match
wfpt-04410,integral,noun,,4486,интеграл,kaikki_pt_ru_enriched
wfpt-05028,integrante,,,5107,,kaikki_no_match
wfpt-03350,integrantes,,,3414,,kaikki_no_match
wfpt-05995,integrar,,,6080,,kaikki_no_match
wfpt-03923,integração,,,3994,,kaikki_no_match
wfpt-05562,integridade,,,5645,,kaikki_no_match
wfpt-02046,inteira,,,2100,,kaikki_no_match
wfpt-05779,inteiramente,,,5862,,kaikki_no_match
wfpt-01205,inteiro,,,1244,,kaikki_no_match
wfpt-09103,inteiros,,,9205,,kaikki_no_match
wfpt-06346,intelectuais,,,6434,,kaikki_no_match
wfpt-03774,intelectual,,,3842,,kaikki_no_match
wfpt-02466,inteligente,,,2520,,kaikki_no_match
wfpt-06347,inteligentes,,,6435,,kaikki_no_match
wfpt-02139,inteligência,noun,,2193,сведения,kaikki_pt_ru_enriched
wfpt-05354,intensa,,,5435,,kaikki_no_match
wfpt-10977,intensamente,,,11090,,kaikki_no_match
wfpt-04577,intensidade,,,4654,,kaikki_no_match
wfpt-04657,intenso,,,4735,,kaikki_no_match
wfpt-01839,intenção,noun,,1891,намерение,kaikki_pt_ru_enriched
wfpt-05029,intenções,,,5108,,kaikki_no_match
wfpt-04328,inter,,,4404,,kaikki_no_match
wfpt-06945,interagir,,,7035,,kaikki_no_match
wfpt-11537,interativo,,,11655,,kaikki_no_match
wfpt-04489,interação,,,4566,,kaikki_no_match
wfpt-09914,interações,,,10023,,kaikki_no_match
wfpt-06946,intercâmbio,,,7036,,kaikki_no_match
wfpt-03562,interessa,,,3627,,kaikki_no_match
wfpt-07333,interessada,,,7426,,kaikki_no_match
wfpt-10092,interessadas,,,10201,,kaikki_no_match
wfpt-03563,interessado,,,3628,,kaikki_no_match
wfpt-03775,interessados,,,3843,,kaikki_no_match
wfpt-01043,interessante,,,1079,,kaikki_no_match
wfpt-04490,interessantes,,,4567,,kaikki_no_match
wfpt-09764,interessar,verb,,9872,интересовать,kaikki_pt_ru_enriched
wfpt-00772,interesse,,,806,,kaikki_no_match
wfpt-02140,interesses,,,2194,,kaikki_no_match
wfpt-05780,interface,noun,,5863,интерфейс,kaikki_pt_ru_enriched
wfpt-09596,interferir,,,9702,,kaikki_no_match
wfpt-07081,interferência,,,7171,,kaikki_no_match
wfpt-08964,interino,,,9065,,kaikki_no_match
wfpt-00953,interior,,,987,,kaikki_no_match
wfpt-10797,interiores,,,10909,,kaikki_no_match
wfpt-11174,intermediário,,,11290,,kaikki_no_match
wfpt-11966,intermediários,,,12088,,kaikki_no_match
wfpt-11967,intermédio,,,12089,,kaikki_no_match
wfpt-02893,interna,,,2953,,kaikki_no_match
wfpt-01420,internacionais,,,1467,,kaikki_no_match
wfpt-00408,internacional,,,427,,kaikki_no_match
wfpt-08398,internacionalmente,,,8494,,kaikki_no_match
wfpt-11175,internado,,,11291,,kaikki_no_match
wfpt-10626,internamente,,,10738,,kaikki_no_match
wfpt-05878,internas,,,5962,,kaikki_no_match
wfpt-02957,international,,,3018,,kaikki_no_match
wfpt-11538,internautas,,,11656,,kaikki_no_match
wfpt-00399,internet,,,417,,kaikki_no_match
wfpt-03206,interno,,,3269,,kaikki_no_match
wfpt-04578,internos,,,4655,,kaikki_no_match
wfpt-11176,interpreta,,,11292,,kaikki_no_match
wfpt-09597,interpretado,,,9703,,kaikki_no_match
wfpt-07082,interpretar,verb,,7172,интерпретировать,kaikki_pt_ru_enriched
wfpt-03148,interpretação,,,3210,,kaikki_no_match
wfpt-08965,interpretações,,,9066,,kaikki_no_match
wfpt-10268,interrogatório,,,10377,,kaikki_no_match
wfpt-09254,interromper,,,9357,,kaikki_no_match
wfpt-11177,interrompida,,,11293,,kaikki_no_match
wfpt-10798,interrompido,,,10910,,kaikki_no_match
wfpt-08256,interrupção,,,8352,,kaikki_no_match
wfpt-03842,intervalo,noun,,3912,интервал,kaikki_pt_ru_enriched
wfpt-11178,intervalos,,,11294,,kaikki_no_match
wfpt-02428,intervenção,noun,,2482,вмешательство,kaikki_pt_ru_enriched
wfpt-08812,intervenções,,,8912,,kaikki_no_match
wfpt-10438,intervir,,,10549,,kaikki_no_match
wfpt-08540,intimidade,,,8638,,kaikki_no_match
wfpt-07209,intitulada,,,7301,,kaikki_no_match
wfpt-02958,intitulado,,,3019,,kaikki_no_match
wfpt-09915,into,,,10024,,kaikki_no_match
wfpt-10269,intolerância,,,10378,,kaikki_no_match
wfpt-07835,introduzir,,,7930,,kaikki_no_match
wfpt-03025,introdução,,,3087,,kaikki_no_match
wfpt-03843,intuito,,,3913,,kaikki_no_match
wfpt-10799,intuição,noun,,10911,интуиция,kaikki_pt_ru_enriched
wfpt-06806,invadir,,,6896,,kaikki_no_match
wfpt-10093,invadiram,,,10202,,kaikki_no_match
wfpt-07555,invadiu,,,7650,,kaikki_no_match
wfpt-11179,invasores,,,11295,,kaikki_no_match
wfpt-03087,invasão,noun,,3149,вторжение,kaikki_pt_ru_enriched
wfpt-11539,invasões,,,11657,,kaikki_no_match
wfpt-05355,inveja,noun,,5436,зависть,kaikki_pt_ru_enriched
wfpt-07836,inventar,verb,,7931,изобрета́ть,kaikki_pt_ru_enriched
wfpt-07972,inventou,,,8067,,kaikki_no_match
wfpt-11540,inventário,noun,,11658,инвентаризация,kaikki_pt_ru_enriched
wfpt-07692,invenção,noun,,7787,изобретение,kaikki_pt_ru_enriched
wfpt-02221,inverno,noun,,2275,зима,kaikki_pt_ru_enriched
wfpt-05356,investidores,,,5437,,kaikki_no_match
wfpt-09598,investiga,,,9704,,kaikki_no_match
wfpt-08966,investigador,,,9067,,kaikki_no_match
wfpt-07442,investigadores,,,7535,,kaikki_no_match
wfpt-10627,investigando,,,10739,,kaikki_no_match
wfpt-03505,investigar,verb,,3570,расследовать,kaikki_pt_ru_enriched
wfpt-01243,investigação,,,1283,,kaikki_no_match
wfpt-03924,investigações,,,3995,,kaikki_no_match
wfpt-03088,investimento,noun,,3150,инвестиции,kaikki_pt_ru_enriched
wfpt-03420,investimentos,,,3484,,kaikki_no_match
wfpt-06221,investir,,,6306,,kaikki_no_match
wfpt-06686,invisível,,,6775,,kaikki_no_match
wfpt-02095,invés,,,2149,,kaikki_no_match
wfpt-06222,inácio,noun,,6307,игнатий,kaikki_pt_ru_enriched
wfpt-08541,inédita,,,8639,,kaikki_no_match
wfpt-09255,inédito,,,9358,,kaikki_no_match
wfpt-08967,inês,noun,,9068,агнес,kaikki_pt_ru_enriched
wfpt-00359,início,,,377,,kaikki_no_match
wfpt-03351,inúmeras,,,3415,,kaikki_no_match
wfpt-04002,inúmeros,,,4075,,kaikki_no_match
wfpt-09765,inúteis,,,9873,,kaikki_no_match
wfpt-05459,inútil,,,5542,,kaikki_no_match
wfpt-02467,iorque,,,2521,,kaikki_no_match
wfpt-06348,ios,,,6436,,kaikki_no_match
wfpt-10800,ipad,,,10912,,kaikki_no_match
wfpt-10978,ipanema,,,11091,,kaikki_no_match
wfpt-04411,iphone,,,4487,,kaikki_no_match
wfpt-10979,ipiranga,,,11092,,kaikki_no_match
wfpt-05234,ira,noun,,5314,гнев,kaikki_pt_ru_enriched
wfpt-03925,iraque,noun,,3996,ирак,kaikki_pt_ru_enriched
wfpt-02583,irei,,,2639,,kaikki_no_match
wfpt-07693,irem,,,7788,,kaikki_no_match
wfpt-03564,iremos,,,3629,,kaikki_no_match
wfpt-10980,irene,,,11093,,kaikki_no_match
wfpt-01244,iria,,,1284,,kaikki_no_match
wfpt-05135,iriam,,,5214,,kaikki_no_match
wfpt-11180,iris,,,11296,,kaikki_no_match
wfpt-06947,irlanda,noun,,7037,ирландия,kaikki_pt_ru_enriched
wfpt-09916,irlandês,,,10025,,kaikki_no_match
wfpt-07694,irmandade,,,7789,,kaikki_no_match
wfpt-00905,irmã,noun,,939,сестра,kaikki_pt_ru_enriched
wfpt-00540,irmão,noun,,566,брат,kaikki_pt_ru_enriched
wfpt-01294,irmãos,,,1336,,kaikki_no_match
wfpt-03634,irmãs,,,3700,,kaikki_no_match
wfpt-05879,ironia,noun,,5963,ирония,kaikki_pt_ru_enriched
wfpt-09104,irregular,,,9206,,kaikki_no_match
wfpt-07837,irregularidades,,,7932,,kaikki_no_match
wfpt-08968,irritado,,,9069,,kaikki_no_match
wfpt-10094,irritante,,,10203,,kaikki_no_match
wfpt-00619,irá,,,647,,kaikki_no_match
wfpt-05136,irã,noun,,5215,иран,kaikki_pt_ru_enriched
wfpt-01735,irão,noun,,1785,иран,kaikki_pt_ru_enriched
wfpt-10628,irônico,,,10740,,kaikki_no_match
wfpt-09766,isaac,,,9874,,kaikki_no_match
wfpt-05030,isabel,,,5109,,kaikki_no_match
wfpt-10270,isabella,,,10379,,kaikki_no_match
wfpt-11968,isaías,noun,,12090,исайя,kaikki_pt_ru_enriched
wfpt-11778,isbn,,,11899,,kaikki_no_match
wfpt-07334,island,,,7427,,kaikki_no_match
wfpt-09917,islâmica,,,10026,,kaikki_no_match
wfpt-07443,islâmico,,,7536,,kaikki_no_match
wfpt-09105,islândia,noun,,9207,исландия,kaikki_pt_ru_enriched
wfpt-06948,iso,,,7038,,kaikki_no_match
wfpt-08969,isolada,,,9070,,kaikki_no_match
wfpt-07335,isolado,,,7428,,kaikki_no_match
wfpt-09767,isolados,,,9875,,kaikki_no_match
wfpt-06577,isolamento,,,6666,,kaikki_no_match
wfpt-01880,israel,noun,,1933,израиль,kaikki_pt_ru_enriched
wfpt-08813,israelense,,,8913,,kaikki_no_match
wfpt-09599,istambul,,,9705,,kaikki_no_match
wfpt-05235,italiana,,,5315,,kaikki_no_match
wfpt-03026,italiano,noun,,3088,итальянский язык,kaikki_pt_ru_enriched
wfpt-07838,italianos,,,7933,,kaikki_no_match
wfpt-07839,item,,,7934,,kaikki_no_match
wfpt-04165,itens,,,4241,,kaikki_no_match
wfpt-11541,its,,,11659,,kaikki_no_match
wfpt-06464,itunes,,,6552,,kaikki_no_match
wfpt-01840,itália,noun,,1892,италия,kaikki_pt_ru_enriched
wfpt-05137,ivan,,,5216,,kaikki_no_match
wfpt-11542,ivete,,,11660,,kaikki_no_match
wfpt-11779,ivo,,,11900,,kaikki_no_match
wfpt-02629,jack,,,2685,,kaikki_no_match
wfpt-03421,jackson,,,3485,,kaikki_no_match
wfpt-06687,jacob,noun,,6776,яков,kaikki_pt_ru_enriched
wfpt-10981,jacques,,,11094,,kaikki_no_match
wfpt-10801,jade,noun,,10913,жад,kaikki_pt_ru_enriched
wfpt-07840,jaime,noun,,7935,джеймс,kaikki_pt_ru_enriched
wfpt-06349,jair,,,6437,,kaikki_no_match
wfpt-08683,jake,,,8782,,kaikki_no_match
wfpt-09106,jamaica,noun,,9208,ямайка,kaikki_pt_ru_enriched
wfpt-01661,jamais,,,1710,,kaikki_no_match
wfpt-01841,james,,,1893,,kaikki_no_match
wfpt-08814,jamie,,,8914,,kaikki_no_match
wfpt-07444,jan,,,7537,,kaikki_no_match
wfpt-04579,jane,,,4656,,kaikki_no_match
wfpt-00246,janeiro,noun,,259,январь,kaikki_pt_ru_enriched
wfpt-02222,janela,noun,,2276,окно,kaikki_pt_ru_enriched
wfpt-03844,janelas,,,3914,,kaikki_no_match
wfpt-07973,janet,,,8068,,kaikki_no_match
wfpt-02001,jantar,noun,,2055,обед,kaikki_pt_ru_enriched
wfpt-04242,japonesa,,,4318,,kaikki_no_match
wfpt-04580,japoneses,,,4657,,kaikki_no_match
wfpt-03711,japonês,,,3777,,kaikki_no_match
wfpt-01271,japão,noun,,1313,япония,kaikki_pt_ru_enriched
wfpt-01448,jardim,noun,,1495,сад,kaikki_pt_ru_enriched
wfpt-06113,jardins,,,6198,,kaikki_no_match
wfpt-04936,jason,,,5015,,kaikki_no_match
wfpt-03927,jato,,,3998,,kaikki_no_match
wfpt-09600,java,,,9706,,kaikki_no_match
wfpt-09768,javier,,,9876,,kaikki_no_match
wfpt-05460,jay,,,5543,,kaikki_no_match
wfpt-06114,jazz,,,6199,,kaikki_no_match
wfpt-03089,jean,,,3151,,kaikki_no_match
wfpt-09256,jeans,,,9359,,kaikki_no_match
wfpt-05997,jeff,,,6082,,kaikki_no_match
wfpt-09769,jefferson,,,9877,,kaikki_no_match
wfpt-00602,jeito,noun,,630,манера,kaikki_pt_ru_enriched
wfpt-10982,jejum,noun,,11095,пост,kaikki_pt_ru_enriched
wfpt-06578,jennifer,,,6667,,kaikki_no_match
wfpt-09409,jeremy,,,9514,,kaikki_no_match
wfpt-06688,jerry,,,6777,,kaikki_no_match
wfpt-07083,jersey,,,7173,,kaikki_no_match
wfpt-05669,jerusalém,noun,,5752,иерусалим,kaikki_pt_ru_enriched
wfpt-10095,jesse,,,10204,,kaikki_no_match
wfpt-05236,jessica,,,5316,,kaikki_no_match
wfpt-11543,jessie,,,11661,,kaikki_no_match
wfpt-04658,jim,,,4736,,kaikki_no_match
wfpt-05998,jimmy,,,6083,,kaikki_no_match
wfpt-07974,jin,,,8069,,kaikki_no_match
wfpt-09918,joan,,,10027,,kaikki_no_match
wfpt-06223,joana,,,6309,,kaikki_no_match
wfpt-04849,joaquim,,,4927,,kaikki_no_match
wfpt-03352,joe,,,3416,,kaikki_no_match
wfpt-08117,joel,noun,,8213,иои́ль,kaikki_pt_ru_enriched
wfpt-05999,joelho,noun,,6084,колено,kaikki_pt_ru_enriched
wfpt-08684,joelhos,,,8783,,kaikki_no_match
wfpt-02630,joga,,,2686,,kaikki_no_match
wfpt-04659,jogada,,,4737,,kaikki_no_match
wfpt-10983,jogadas,,,11096,,kaikki_no_match
wfpt-05670,jogado,,,5753,,kaikki_no_match
wfpt-01245,jogador,noun,,1285,игрок,kaikki_pt_ru_enriched
wfpt-01319,jogadores,,,1361,,kaikki_no_match
wfpt-08257,jogam,,,8353,,kaikki_no_match
wfpt-02675,jogando,,,2732,,kaikki_no_match
wfpt-00884,jogar,,,918,,kaikki_no_match
wfpt-07841,jogaram,,,7936,,kaikki_no_match
wfpt-09107,jogava,,,9209,,kaikki_no_match
wfpt-00221,jogo,noun,,233,игра,kaikki_pt_ru_enriched
wfpt-00575,jogos,,,602,,kaikki_no_match
wfpt-02584,jogou,,,2640,,kaikki_no_match
wfpt-09257,jogue,,,9360,,kaikki_no_match
wfpt-09258,joguei,,,9361,,kaikki_no_match
wfpt-00864,john,,,898,,kaikki_no_match
wfpt-04850,johnny,,,4928,,kaikki_no_match
wfpt-05880,johnson,,,5964,,kaikki_no_match
wfpt-11969,joias,,,12091,,kaikki_no_match
wfpt-09770,joinville,,,9878,,kaikki_no_match
wfpt-06350,jon,,,6438,,kaikki_no_match
wfpt-06224,jonas,noun,,6310,книга ионы,kaikki_pt_ru_enriched
wfpt-06351,jonathan,,,6439,,kaikki_no_match
wfpt-04329,jones,,,4405,,kaikki_no_match
wfpt-06949,jordan,,,7039,,kaikki_no_match
wfpt-01527,jorge,noun,,1574,георгий,kaikki_pt_ru_enriched
wfpt-02959,jornada,,,3020,,kaikki_no_match
wfpt-02223,jornais,,,2277,,kaikki_no_match
wfpt-00793,jornal,noun,,827,газета,kaikki_pt_ru_enriched
wfpt-02894,jornalismo,,,2954,,kaikki_no_match
wfpt-01492,jornalista,noun,,1539,журналист,kaikki_pt_ru_enriched
wfpt-02781,jornalistas,,,2840,,kaikki_no_match
wfpt-07975,jose,,,8070,,kaikki_no_match
wfpt-05031,joseph,,,5110,,kaikki_no_match
wfpt-07084,josh,,,7174,,kaikki_no_match
wfpt-00541,josé,noun,,567,иосиф,kaikki_pt_ru_enriched
wfpt-09410,journal,,,9515,,kaikki_no_match
wfpt-00508,jovem,,,534,,kaikki_no_match
wfpt-00817,jovens,,,851,,kaikki_no_match
wfpt-10629,joy,,,10741,,kaikki_no_match
wfpt-09919,joyce,,,10028,,kaikki_no_match
wfpt-00645,joão,noun,,673,иван,kaikki_pt_ru_enriched
wfpt-02831,juan,,,2890,,kaikki_no_match
wfpt-10630,juazeiro,,,10742,,kaikki_no_match
wfpt-09259,judas,noun,,9362,иу́да,kaikki_pt_ru_enriched
wfpt-05671,judeu,noun,,5754,евреи,kaikki_pt_ru_enriched
wfpt-03090,judeus,,,3152,,kaikki_no_match
wfpt-06579,judiciais,,,6668,,kaikki_no_match
wfpt-03091,judicial,,,3153,,kaikki_no_match
wfpt-04660,judiciário,,,4738,,kaikki_no_match
wfpt-01320,juiz,noun,,1362,судья,kaikki_pt_ru_enriched
wfpt-09260,julga,,,9363,,kaikki_no_match
wfpt-06000,julgado,,,6085,,kaikki_no_match
wfpt-01701,julgamento,,,1750,,kaikki_no_match
wfpt-10984,julgamentos,,,11097,,kaikki_no_match
wfpt-04003,julgar,,,4076,,kaikki_no_match
wfpt-00576,julho,noun,,603,июль,kaikki_pt_ru_enriched
wfpt-04330,julia,,,4406,,kaikki_no_match
wfpt-07445,julian,,,7538,,kaikki_no_match
wfpt-05138,juliana,,,5217,,kaikki_no_match
wfpt-10096,juliano,,,10205,,kaikki_no_match
wfpt-08685,julie,,,8784,,kaikki_no_match
wfpt-06689,julio,,,6778,,kaikki_no_match
wfpt-11181,jun,,,11297,,kaikki_no_match
wfpt-10439,june,,,10550,,kaikki_no_match
wfpt-10802,jung,,,10914,,kaikki_no_match
wfpt-00471,junho,noun,,492,июнь,kaikki_pt_ru_enriched
wfpt-04082,junior,,,4156,,kaikki_no_match
wfpt-03353,junta,,,3417,,kaikki_no_match
wfpt-11369,juntam,,,11486,,kaikki_no_match
wfpt-02274,juntamente,,,2328,,kaikki_no_match
wfpt-09261,juntando,,,9364,,kaikki_no_match
wfpt-02527,juntar,verb,,2582,собрать,kaikki_pt_ru_enriched
wfpt-08815,juntaram,,,8915,,kaikki_no_match
wfpt-03149,juntas,,,3211,,kaikki_no_match
wfpt-05672,junte,,,5755,,kaikki_no_match
wfpt-00498,junto,,,521,,kaikki_no_match
wfpt-00906,juntos,,,940,,kaikki_no_match
wfpt-05357,juntou,,,5438,,kaikki_no_match
wfpt-08816,jura,,,8916,,kaikki_no_match
wfpt-08399,jurados,,,8495,,kaikki_no_match
wfpt-10803,juramento,,,10915,,kaikki_no_match
wfpt-07842,jurisdição,noun,,7937,юрисди́кция,kaikki_pt_ru_enriched
wfpt-10271,jurista,noun,,10380,юрист,kaikki_pt_ru_enriched
wfpt-02047,juro,,,2101,,kaikki_no_match
wfpt-07695,juros,,,7790,,kaikki_no_match
wfpt-04412,jurídica,,,4488,,kaikki_no_match
wfpt-09601,jurídicas,,,9707,,kaikki_no_match
wfpt-04661,jurídico,,,4739,,kaikki_no_match
wfpt-10272,jurídicos,,,10381,,kaikki_no_match
wfpt-05139,just,,,5218,,kaikki_no_match
wfpt-04937,justa,,,5016,,kaikki_no_match
wfpt-03635,justamente,,,3701,,kaikki_no_match
wfpt-08258,justifica,,,8354,,kaikki_no_match
wfpt-06950,justificar,,,7040,,kaikki_no_match
wfpt-07556,justificativa,,,7651,,kaikki_no_match
wfpt-04851,justin,,,4929,,kaikki_no_match
wfpt-00555,justiça,noun,,581,право,kaikki_pt_ru_enriched
wfpt-02141,justo,,,2195,,kaikki_no_match
wfpt-05673,juvenil,,,5756,,kaikki_no_match
wfpt-02048,juventude,noun,,2102,юность,kaikki_pt_ru_enriched
wfpt-09602,juíza,,,9708,,kaikki_no_match
wfpt-04413,juízes,noun,,4489,книга судей израилевых,kaikki_pt_ru_enriched
wfpt-04662,juízo,,,4740,,kaikki_no_match
wfpt-11182,jóias,,,11298,,kaikki_no_match
wfpt-08542,júlia,,,8640,,kaikki_no_match
wfpt-07085,júlio,noun,,7175,юлий,kaikki_pt_ru_enriched
wfpt-03712,júnior,,,3778,,kaikki_no_match
wfpt-03928,júri,,,3999,,kaikki_no_match
wfpt-11183,kai,,,11299,,kaikki_no_match
wfpt-11544,kane,,,11662,,kaikki_no_match
wfpt-11970,kansas,,,12092,,kaikki_no_match
wfpt-06690,karen,,,6779,,kaikki_no_match
wfpt-08817,karl,,,8917,,kaikki_no_match
wfpt-07210,kate,,,7302,,kaikki_no_match
wfpt-11370,katherine,,,11487,,kaikki_no_match
wfpt-10273,keith,,,10382,,kaikki_no_match
wfpt-04663,kelly,,,4741,,kaikki_no_match
wfpt-08818,ken,,,8918,,kaikki_no_match
wfpt-06951,kennedy,,,7041,,kaikki_no_match
wfpt-10274,kent,,,10383,,kaikki_no_match
wfpt-04166,kevin,,,4242,,kaikki_no_match
wfpt-10275,key,,,10384,,kaikki_no_match
wfpt-07976,khan,,,8071,,kaikki_no_match
wfpt-10097,kid,,,10206,,kaikki_no_match
wfpt-06691,kids,,,6780,,kaikki_no_match
wfpt-10985,killer,,,11098,,kaikki_no_match
wfpt-02631,kim,,,2687,,kaikki_no_match
wfpt-03846,king,,,3916,,kaikki_no_match
wfpt-11781,kiss,,,11902,,kaikki_no_match
wfpt-04004,kit,,,4077,,kaikki_no_match
wfpt-09771,knight,,,9879,,kaikki_no_match
wfpt-06225,know,,,6311,,kaikki_no_match
wfpt-03847,kong,,,3917,,kaikki_no_match
wfpt-09411,kurt,,,9516,,kaikki_no_match
wfpt-11782,lab,,,11903,,kaikki_no_match
wfpt-02275,laboratório,noun,,2329,лаборатория,kaikki_pt_ru_enriched
wfpt-08686,laboratórios,,,8785,,kaikki_no_match
wfpt-00187,lado,,,199,,kaikki_no_match
wfpt-02429,lados,,,2483,,kaikki_no_match
wfpt-04938,ladrão,,,5017,,kaikki_no_match
wfpt-07557,ladrões,,,7652,,kaikki_no_match
wfpt-03354,lady,,,3418,,kaikki_no_match
wfpt-02895,lago,noun,,2955,озеро,kaikki_pt_ru_enriched
wfpt-06226,lagoa,,,6312,,kaikki_no_match
wfpt-08543,lagoas,,,8641,,kaikki_no_match
wfpt-06227,lagos,,,6313,,kaikki_no_match
wfpt-11783,lake,,,11904,,kaikki_no_match
wfpt-05237,lama,noun,,5317,грязь,kaikki_pt_ru_enriched
wfpt-10986,lamenta,,,11099,,kaikki_no_match
wfpt-11971,lamentar,,,12093,,kaikki_no_match
wfpt-06692,lamento,noun,,6781,жалоба,kaikki_pt_ru_enriched
wfpt-07446,lamentável,,,7539,,kaikki_no_match
wfpt-07558,lana,,,7653,,kaikki_no_match
wfpt-03272,lance,,,3335,,kaikki_no_match
wfpt-08118,lanche,,,8214,,kaikki_no_match
wfpt-07696,land,,,7791,,kaikki_no_match
wfpt-09412,lane,,,9517,,kaikki_no_match
wfpt-11545,lanka,,,11663,,kaikki_no_match
wfpt-09772,lanterna,,,9880,,kaikki_no_match
wfpt-02326,lança,noun,,2380,копьё,kaikki_pt_ru_enriched
wfpt-02676,lançada,,,2733,,kaikki_no_match
wfpt-01528,lançado,,,1575,,kaikki_no_match
wfpt-07211,lançados,,,7303,,kaikki_no_match
wfpt-01176,lançamento,noun,,1215,выпуск,kaikki_pt_ru_enriched
wfpt-07447,lançamentos,,,7540,,kaikki_no_match
wfpt-07212,lançando,,,7304,,kaikki_no_match
wfpt-02183,lançar,,,2237,,kaikki_no_match
wfpt-06115,lançaram,,,6200,,kaikki_no_match
wfpt-01493,lançou,,,1540,,kaikki_no_match
wfpt-08970,lapa,,,9071,,kaikki_no_match
wfpt-03027,lar,,,3089,,kaikki_no_match
wfpt-07448,lara,,,7541,,kaikki_no_match
wfpt-03848,laranja,noun,,3918,апельсин,kaikki_pt_ru_enriched
wfpt-10804,lares,,,10916,,kaikki_no_match
wfpt-02528,larga,,,2583,,kaikki_no_match
wfpt-06352,largar,,,6440,,kaikki_no_match
wfpt-04083,largo,,,4157,,kaikki_no_match
wfpt-06353,largura,noun,,6441,ширина,kaikki_pt_ru_enriched
wfpt-04005,larry,,,4078,,kaikki_no_match
wfpt-00818,las,,,852,,kaikki_no_match
wfpt-07697,laser,,,7792,,kaikki_no_match
wfpt-04581,last,,,4658,,kaikki_no_match
wfpt-06354,lata,,,6442,,kaikki_no_match
wfpt-11784,latas,,,11905,,kaikki_no_match
wfpt-07843,laterais,,,7938,,kaikki_no_match
wfpt-04084,lateral,,,4158,,kaikki_no_match
wfpt-09108,latim,noun,,9210,латынь,kaikki_pt_ru_enriched
wfpt-02142,latina,,,2196,,kaikki_no_match
wfpt-03422,latino,,,3486,,kaikki_no_match
wfpt-03506,laura,,,3571,,kaikki_no_match
wfpt-07698,lauren,,,7793,,kaikki_no_match
wfpt-03636,lava,noun,,3702,лава,kaikki_pt_ru_enriched
wfpt-06001,lavagem,,,6086,,kaikki_no_match
wfpt-03273,lavar,,,3336,,kaikki_no_match
wfpt-07449,law,,,7542,,kaikki_no_match
wfpt-09921,lawrence,,,10030,,kaikki_no_match
wfpt-06116,lazer,,,6201,,kaikki_no_match
wfpt-09413,laço,,,9518,,kaikki_no_match
wfpt-05461,laços,,,5544,,kaikki_no_match
wfpt-06228,league,,,6314,,kaikki_no_match
wfpt-11785,leais,,,11906,,kaikki_no_match
wfpt-06117,leal,,,6202,,kaikki_no_match
wfpt-07559,lealdade,noun,,7654,верность,kaikki_pt_ru_enriched
wfpt-05462,leandro,,,5545,,kaikki_no_match
wfpt-11184,led,,,11300,,kaikki_no_match
wfpt-02961,lee,,,3022,,kaikki_no_match
wfpt-11371,left,,,11488,,kaikki_no_match
wfpt-04414,legado,,,4490,,kaikki_no_match
wfpt-02327,legais,,,2381,,kaikki_no_match
wfpt-00458,legal,,,478,,kaikki_no_match
wfpt-10440,legalidade,,,10551,,kaikki_no_match
wfpt-08119,legalização,,,8215,,kaikki_no_match
wfpt-07213,legalmente,,,7305,,kaikki_no_match
wfpt-03274,legenda,,,3337,,kaikki_no_match
wfpt-10987,legendado,,,11100,,kaikki_no_match
wfpt-06580,legendas,,,6669,,kaikki_no_match
wfpt-04415,legislativa,,,4491,,kaikki_no_match
wfpt-07844,legislativas,,,7939,,kaikki_no_match
wfpt-04416,legislativo,,,4492,,kaikki_no_match
wfpt-02049,legislação,,,2103,,kaikki_no_match
wfpt-09922,legitimidade,noun,,10031,легитимность,kaikki_pt_ru_enriched
wfpt-09109,legião,,,9211,,kaikki_no_match
wfpt-09110,legítima,,,9212,,kaikki_no_match
wfpt-08259,legítimo,,,8355,,kaikki_no_match
wfpt-00281,lei,noun,,297,закон,kaikki_pt_ru_enriched
wfpt-01766,leia,,,1817,,kaikki_no_match
wfpt-07560,leilão,noun,,7655,аукцион,kaikki_pt_ru_enriched
wfpt-08120,leio,,,8216,,kaikki_no_match
wfpt-01568,leis,,,1617,,kaikki_no_match
wfpt-01662,leite,noun,,1711,молоко,kaikki_pt_ru_enriched
wfpt-10276,leito,,,10385,,kaikki_no_match
wfpt-03275,leitor,noun,,3338,читатель,kaikki_pt_ru_enriched
wfpt-03276,leitores,,,3339,,kaikki_no_match
wfpt-02002,leitura,noun,,2056,чтение,kaikki_pt_ru_enriched
wfpt-07977,leituras,,,8072,,kaikki_no_match
wfpt-06952,lema,noun,,7042,девиз,kaikki_pt_ru_enriched
wfpt-00928,lembra,,,962,,kaikki_no_match
wfpt-07978,lembrado,,,8073,,kaikki_no_match
wfpt-05674,lembram,,,5757,,kaikki_no_match
wfpt-04085,lembrando,,,4159,,kaikki_no_match
wfpt-06118,lembrança,,,6203,,kaikki_no_match
wfpt-04417,lembranças,,,4493,,kaikki_no_match
wfpt-01013,lembrar,,,1049,,kaikki_no_match
wfpt-10988,lembrava,,,11101,,kaikki_no_match
wfpt-02896,lembre,,,2956,,kaikki_no_match
wfpt-06953,lembrei,,,7043,,kaikki_no_match
wfpt-10277,lembrem,,,10386,,kaikki_no_match
wfpt-01014,lembro,,,1050,,kaikki_no_match
wfpt-04418,lembrou,,,4494,,kaikki_no_match
wfpt-06808,lemos,,,6898,,kaikki_no_match
wfpt-02962,lenda,noun,,3023,легенда,kaikki_pt_ru_enriched
wfpt-06465,lendas,,,6553,,kaikki_no_match
wfpt-02632,lendo,,,2688,,kaikki_no_match
wfpt-10631,lenha,,,10743,,kaikki_no_match
wfpt-05781,lenta,,,5864,,kaikki_no_match
wfpt-05563,lentamente,,,5646,,kaikki_no_match
wfpt-09773,lente,,,9881,,kaikki_no_match
wfpt-09774,lentes,,,9882,,kaikki_no_match
wfpt-05238,lento,,,5318,,kaikki_no_match
wfpt-04006,leo,,,4079,,kaikki_no_match
wfpt-09923,leon,,,10032,,kaikki_no_match
wfpt-08544,leonard,,,8642,,kaikki_no_match
wfpt-03507,leonardo,,,3572,,kaikki_no_match
wfpt-00620,ler,verb,,648,читать,kaikki_pt_ru_enriched
wfpt-03423,les,,,3487,,kaikki_no_match
wfpt-01015,leste,noun,,1051,восток,kaikki_pt_ru_enriched
wfpt-05140,lesão,noun,,5219,рана,kaikki_pt_ru_enriched
wfpt-06809,lesões,,,6899,,kaikki_no_match
wfpt-06693,let,,,6782,,kaikki_no_match
wfpt-11972,letal,,,12094,,kaikki_no_match
wfpt-02184,letra,noun,,2238,буква,kaikki_pt_ru_enriched
wfpt-02096,letras,,,2150,,kaikki_no_match
wfpt-04582,leu,,,4659,,kaikki_no_match
wfpt-00836,leva,,,870,,kaikki_no_match
wfpt-05032,levada,,,5111,,kaikki_no_match
wfpt-10278,levadas,,,10387,,kaikki_no_match
wfpt-02430,levado,,,2484,,kaikki_no_match
wfpt-06119,levados,,,6204,,kaikki_no_match
wfpt-03277,levam,,,3340,,kaikki_no_match
wfpt-01663,levando,,,1712,,kaikki_no_match
wfpt-03424,levanta,,,3488,,kaikki_no_match
wfpt-06120,levantamento,,,6205,,kaikki_no_match
wfpt-11973,levantando,,,12095,,kaikki_no_match
wfpt-02143,levantar,,,2197,,kaikki_no_match
wfpt-05463,levante,,,5546,,kaikki_no_match
wfpt-06229,levantou,,,6315,,kaikki_no_match
wfpt-00499,levar,,,522,,kaikki_no_match
wfpt-02468,levaram,,,2522,,kaikki_no_match
wfpt-07845,levaria,,,7940,,kaikki_no_match
wfpt-07699,levará,,,7794,,kaikki_no_match
wfpt-07700,levava,,,7795,,kaikki_no_match
wfpt-01206,leve,,,1245,,kaikki_no_match
wfpt-05141,levei,,,5220,,kaikki_no_match
wfpt-11546,levem,,,11664,,kaikki_no_match
wfpt-11786,levemente,,,11907,,kaikki_no_match
wfpt-07214,leves,,,7306,,kaikki_no_match
wfpt-04752,levo,,,4830,,kaikki_no_match
wfpt-00819,levou,,,853,,kaikki_no_match
wfpt-11372,levy,,,11489,,kaikki_no_match
wfpt-06810,levá,,,6900,,kaikki_no_match
wfpt-05881,lewis,,,5965,,kaikki_no_match
wfpt-01928,leão,noun,,1981,лев,kaikki_pt_ru_enriched
wfpt-09924,leões,,,10033,,kaikki_no_match
wfpt-04664,lgbt,,,4742,,kaikki_no_match
wfpt-09775,lia,,,9883,,kaikki_no_match
wfpt-08545,liam,,,8643,,kaikki_no_match
wfpt-11547,libera,,,11665,,kaikki_no_match
wfpt-09603,liberada,,,9709,,kaikki_no_match
wfpt-05882,liberado,,,5966,,kaikki_no_match
wfpt-07701,liberais,,,7796,,kaikki_no_match
wfpt-04753,liberal,,,4831,,kaikki_no_match
wfpt-06811,liberar,,,6901,,kaikki_no_match
wfpt-05564,liberação,,,5647,,kaikki_no_match
wfpt-00885,liberdade,noun,,919,свобода,kaikki_pt_ru_enriched
wfpt-10806,liberdades,,,10918,,kaikki_no_match
wfpt-11373,liberta,,,11490,,kaikki_no_match
wfpt-09111,libertado,,,9213,,kaikki_no_match
wfpt-04331,libertadores,,,4407,,kaikki_no_match
wfpt-05782,libertar,,,5865,,kaikki_no_match
wfpt-04167,libertação,,,4243,,kaikki_no_match
wfpt-05675,libras,,,5758,,kaikki_no_match
wfpt-11374,licenciado,,,11491,,kaikki_no_match
wfpt-11548,licenciamento,,,11666,,kaikki_no_match
wfpt-11549,licenciatura,noun,,11667,лиценциат,kaikki_pt_ru_enriched
wfpt-00954,licença,noun,,988,разрешение,kaikki_pt_ru_enriched
wfpt-09925,licenças,,,10034,,kaikki_no_match
wfpt-09604,liceu,,,9710,,kaikki_no_match
wfpt-09776,licitação,,,9884,,kaikki_no_match
wfpt-07086,lida,,,7176,,kaikki_no_match
wfpt-09777,lidando,,,9885,,kaikki_no_match
wfpt-01273,lidar,,,1315,,kaikki_no_match
wfpt-09778,lidera,,,9886,,kaikki_no_match
wfpt-08121,liderada,,,8217,,kaikki_no_match
wfpt-06355,liderado,,,6443,,kaikki_no_match
wfpt-10807,liderados,,,10919,,kaikki_no_match
wfpt-02050,liderança,,,2104,,kaikki_no_match
wfpt-07561,lideranças,,,7656,,kaikki_no_match
wfpt-06954,liderar,,,7044,,kaikki_no_match
wfpt-11375,liderou,,,11492,,kaikki_no_match
wfpt-04852,lido,,,4930,,kaikki_no_match
wfpt-02963,life,,,3024,,kaikki_no_match
wfpt-00820,liga,noun,,854,сплав,kaikki_pt_ru_enriched
wfpt-03776,ligada,,,3844,,kaikki_no_match
wfpt-04939,ligadas,,,5018,,kaikki_no_match
wfpt-02185,ligado,,,2239,,kaikki_no_match
wfpt-03508,ligados,,,3573,,kaikki_no_match
wfpt-09414,ligam,,,9519,,kaikki_no_match
wfpt-04754,ligando,,,4832,,kaikki_no_match
wfpt-01702,ligar,,,1751,,kaikki_no_match
wfpt-01388,ligação,,,1435,,kaikki_no_match
wfpt-02529,ligações,,,2584,,kaikki_no_match
wfpt-09415,ligeiramente,,,9520,,kaikki_no_match
wfpt-06356,light,,,6444,,kaikki_no_match
wfpt-03929,ligo,,,4000,,kaikki_no_match
wfpt-04755,ligou,,,4833,,kaikki_no_match
wfpt-05464,ligue,,,5547,,kaikki_no_match
wfpt-06357,liguei,,,6445,,kaikki_no_match
wfpt-02677,like,,,2734,,kaikki_no_match
wfpt-10632,likes,,,10744,,kaikki_no_match
wfpt-01421,lima,noun,,1468,лима,kaikki_pt_ru_enriched
wfpt-10279,liminar,,,10388,,kaikki_no_match
wfpt-08260,limita,,,8356,,kaikki_no_match
wfpt-05465,limitada,,,5548,,kaikki_no_match
wfpt-04940,limitado,,,5019,,kaikki_no_match
wfpt-11550,limitados,,,11668,,kaikki_no_match
wfpt-09262,limitar,,,9365,,kaikki_no_match
wfpt-06694,limitações,,,6783,,kaikki_no_match
wfpt-02144,limite,noun,,2198,предел,kaikki_pt_ru_enriched
wfpt-01767,limites,,,1818,,kaikki_no_match
wfpt-03028,limpa,,,3090,,kaikki_no_match
wfpt-03425,limpar,,,3489,,kaikki_no_match
wfpt-11787,limpas,,,11908,,kaikki_no_match
wfpt-03150,limpeza,,,3212,,kaikki_no_match
wfpt-04168,limpo,,,4244,,kaikki_no_match
wfpt-10989,limpos,,,11102,,kaikki_no_match
wfpt-06230,limão,noun,,6316,лимон,kaikki_pt_ru_enriched
wfpt-07087,lincoln,,,7177,,kaikki_no_match
wfpt-00955,linda,,,989,,kaikki_no_match
wfpt-03713,lindas,,,3779,,kaikki_no_match
wfpt-01177,lindo,,,1216,,kaikki_no_match
wfpt-05239,lindos,,,5319,,kaikki_no_match
wfpt-02276,line,,,2330,,kaikki_no_match
wfpt-09605,lingua,,,9711,,kaikki_no_match
wfpt-01736,linguagem,,,1787,,kaikki_no_match
wfpt-09416,linguagens,,,9521,,kaikki_no_match
wfpt-08261,linguística,noun,,8357,лингвистика,kaikki_pt_ru_enriched
wfpt-00556,linha,,,582,,kaikki_no_match
wfpt-01768,linhas,,,1819,,kaikki_no_match
wfpt-01449,link,,,1496,,kaikki_no_match
wfpt-02964,links,,,3025,,kaikki_no_match
wfpt-11974,lins,,,12096,,kaikki_no_match
wfpt-06121,linux,noun,,6206,линукс,kaikki_pt_ru_enriched
wfpt-04583,lisa,,,4660,,kaikki_no_match
wfpt-11376,liso,,,11493,,kaikki_no_match
wfpt-09926,list,,,10035,,kaikki_no_match
wfpt-00472,lista,,,493,,kaikki_no_match
wfpt-10990,listados,,,11103,,kaikki_no_match
wfpt-05142,listas,,,5221,,kaikki_no_match
wfpt-03777,literalmente,,,3845,,kaikki_no_match
wfpt-01529,literatura,noun,,1576,литература,kaikki_pt_ru_enriched
wfpt-06812,literária,,,6902,,kaikki_no_match
wfpt-07336,literário,,,7429,,kaikki_no_match
wfpt-05466,litoral,,,5549,,kaikki_no_match
wfpt-06695,litros,,,6784,,kaikki_no_match
wfpt-03092,little,,,3154,,kaikki_no_match
wfpt-01797,live,,,1848,,kaikki_no_match
wfpt-11551,liverpool,,,11669,,kaikki_no_match
wfpt-11788,lives,,,11909,,kaikki_no_match
wfpt-09263,living,,,9366,,kaikki_no_match
wfpt-05467,livrar,,,5550,,kaikki_no_match
wfpt-08262,livraria,noun,,8358,книшный магазин,kaikki_pt_ru_enriched
wfpt-00509,livre,,,535,,kaikki_no_match
wfpt-07337,livremente,,,7430,,kaikki_no_match
wfpt-02328,livres,,,2382,,kaikki_no_match
wfpt-00360,livro,noun,,378,книга,kaikki_pt_ru_enriched
wfpt-00671,livros,,,700,,kaikki_no_match
wfpt-01207,lixo,noun,,1246,мусор,kaikki_pt_ru_enriched
wfpt-03355,lição,noun,,3419,урок,kaikki_pt_ru_enriched
wfpt-06813,lições,,,6903,,kaikki_no_match
wfpt-11552,lloyd,,,11670,,kaikki_no_match
wfpt-04332,lobo,noun,,4408,волк,kaikki_pt_ru_enriched
wfpt-07562,lobos,,,7657,,kaikki_no_match
wfpt-00773,locais,,,807,,kaikki_no_match
wfpt-00266,local,,,280,,kaikki_no_match
wfpt-06696,localidade,,,6785,,kaikki_no_match
wfpt-07979,localidades,,,8074,,kaikki_no_match
wfpt-10633,localiza,,,10745,,kaikki_no_match
wfpt-02530,localizada,,,2585,,kaikki_no_match
wfpt-09112,localizadas,,,9214,,kaikki_no_match
wfpt-02051,localizado,,,2105,,kaikki_no_match
wfpt-07215,localizados,,,7307,,kaikki_no_match
wfpt-08122,localizar,,,8218,,kaikki_no_match
wfpt-01929,localização,,,1982,,kaikki_no_match
wfpt-11789,loco,,,11910,,kaikki_no_match
wfpt-08123,logan,,,8219,,kaikki_no_match
wfpt-00301,logo,,,318,,kaikki_no_match
wfpt-10634,logotipo,noun,,10746,логотип,kaikki_pt_ru_enriched
wfpt-08124,logística,noun,,8220,логистика,kaikki_pt_ru_enriched
wfpt-04941,loira,,,5020,,kaikki_no_match
wfpt-01246,loja,noun,,1287,магазин,kaikki_pt_ru_enriched
wfpt-02678,lojas,,,2735,,kaikki_no_match
wfpt-09417,lola,,,9522,,kaikki_no_match
wfpt-01494,londres,,,1541,,kaikki_no_match
wfpt-09113,londrina,,,9215,,kaikki_no_match
wfpt-04243,long,,,4319,,kaikki_no_match
wfpt-01208,longa,,,1247,,kaikki_no_match
wfpt-04756,longas,,,4834,,kaikki_no_match
wfpt-00660,longe,,,689,,kaikki_no_match
wfpt-00459,longo,,,479,,kaikki_no_match
wfpt-04853,longos,,,4931,,kaikki_no_match
wfpt-05143,look,,,5222,,kaikki_no_match
wfpt-03637,lopes,,,3703,,kaikki_no_match
wfpt-09927,lord,,,10036,,kaikki_no_match
wfpt-07846,lorde,,,7941,,kaikki_no_match
wfpt-06955,lorena,,,7045,,kaikki_no_match
wfpt-10635,lorenzo,,,10747,,kaikki_no_match
wfpt-00376,los,,,394,,kaikki_no_match
wfpt-10098,lost,,,10207,,kaikki_no_match
wfpt-10636,lotado,,,10748,,kaikki_no_match
wfpt-09114,lote,,,9216,,kaikki_no_match
wfpt-09779,lou,,,9887,,kaikki_no_match
wfpt-02431,louca,,,2485,,kaikki_no_match
wfpt-11975,loucas,,,12097,,kaikki_no_match
wfpt-01600,louco,,,1649,,kaikki_no_match
wfpt-05565,loucos,,,5648,,kaikki_no_match
wfpt-03207,loucura,noun,,3270,безумие,kaikki_pt_ru_enriched
wfpt-02186,louis,,,2240,,kaikki_no_match
wfpt-10280,louise,,,10389,,kaikki_no_match
wfpt-08546,lourenço,noun,,8644,лаврентий,kaikki_pt_ru_enriched
wfpt-11976,louvor,,,12098,,kaikki_no_match
wfpt-01798,love,,,1849,,kaikki_no_match
wfpt-09418,low,,,9523,,kaikki_no_match
wfpt-11977,ltda,,,12099,,kaikki_no_match
wfpt-01570,lua,noun,,1619,луна,kaikki_pt_ru_enriched
wfpt-09928,luana,,,10037,,kaikki_no_match
wfpt-08971,luanda,noun,,9072,луанда,kaikki_pt_ru_enriched
wfpt-02145,lucas,noun,,2199,лука,kaikki_pt_ru_enriched
wfpt-10281,luciana,,,10390,,kaikki_no_match
wfpt-06122,luciano,,,6207,,kaikki_no_match
wfpt-06956,lucrativos,,,7046,,kaikki_no_match
wfpt-04854,lucro,noun,,4932,профит,kaikki_pt_ru_enriched
wfpt-05566,lucros,,,5649,,kaikki_no_match
wfpt-07980,lucy,,,8075,,kaikki_no_match
wfpt-00200,lugar,noun,,212,место,kaikki_pt_ru_enriched
wfpt-01016,lugares,,,1052,,kaikki_no_match
wfpt-02329,luis,,,2383,,kaikki_no_match
wfpt-01450,luiz,,,1497,,kaikki_no_match
wfpt-07848,luiza,,,7943,,kaikki_no_match
wfpt-06814,luke,,,6904,,kaikki_no_match
wfpt-01082,lula,,,1119,,kaikki_no_match
wfpt-11553,lulu,,,11671,,kaikki_no_match
wfpt-09606,luna,,,9712,,kaikki_no_match
wfpt-10808,luso,,,10920,,kaikki_no_match
wfpt-00621,luta,noun,,649,драка,kaikki_pt_ru_enriched
wfpt-09115,lutador,,,9217,,kaikki_no_match
wfpt-08819,lutam,,,8919,,kaikki_no_match
wfpt-04244,lutando,,,4320,,kaikki_no_match
wfpt-01703,lutar,,,1752,,kaikki_no_match
wfpt-10441,lutaram,,,10552,,kaikki_no_match
wfpt-03714,lutas,,,3780,,kaikki_no_match
wfpt-10991,lute,,,11104,,kaikki_no_match
wfpt-05033,luto,noun,,5112,оплакивание,kaikki_pt_ru_enriched
wfpt-07338,lutou,,,7431,,kaikki_no_match
wfpt-11185,luvas,,,11301,,kaikki_no_match
wfpt-03715,luxo,,,3781,,kaikki_no_match
wfpt-00577,luz,,,604,,kaikki_no_match
wfpt-04665,luzes,,,4743,,kaikki_no_match
wfpt-02633,luís,noun,,2689,людвиг,kaikki_pt_ru_enriched
wfpt-04855,lábios,,,4933,,kaikki_no_match
wfpt-03716,lágrimas,,,3782,,kaikki_no_match
wfpt-08400,lápis,noun,,8496,карандаш,kaikki_pt_ru_enriched
wfpt-09264,lâmina,,,9367,,kaikki_no_match
wfpt-10442,lâmpada,noun,,10553,лампа,kaikki_pt_ru_enriched
wfpt-09607,léo,,,9713,,kaikki_no_match
wfpt-09265,lésbica,noun,,9368,лесбиянка,kaikki_pt_ru_enriched
wfpt-09929,lésbicas,,,10038,,kaikki_no_match
wfpt-08401,líbano,noun,,8497,ливан,kaikki_pt_ru_enriched
wfpt-07702,líbia,noun,,7797,ливия,kaikki_pt_ru_enriched
wfpt-00929,líder,,,963,,kaikki_no_match
wfpt-02146,líderes,,,2200,,kaikki_no_match
wfpt-00510,língua,noun,,536,язык,kaikki_pt_ru_enriched
wfpt-02097,línguas,,,2151,,kaikki_no_match
wfpt-05358,líquido,noun,,5439,жидкость,kaikki_pt_ru_enriched
wfpt-02782,lógica,noun,,2841,логика,kaikki_pt_ru_enriched
wfpt-06123,lógico,,,6208,,kaikki_no_match
wfpt-08402,lópez,,,8498,,kaikki_no_match
wfpt-08263,lúcia,,,8359,,kaikki_no_match
wfpt-08972,lúcio,noun,,9073,луций,kaikki_pt_ru_enriched
wfpt-04333,mac,,,4409,,kaikki_no_match
wfpt-07216,macaco,noun,,7308,обезьяна,kaikki_pt_ru_enriched
wfpt-06581,macacos,,,6670,,kaikki_no_match
wfpt-10282,macarrão,noun,,10391,макароны,kaikki_pt_ru_enriched
wfpt-07088,macau,noun,,7178,макао,kaikki_pt_ru_enriched
wfpt-08687,macedo,,,8786,,kaikki_no_match
wfpt-09608,macedônia,noun,,9714,македония,kaikki_pt_ru_enriched
wfpt-09609,maceió,,,9715,,kaikki_no_match
wfpt-02832,machado,noun,,2891,топор,kaikki_pt_ru_enriched
wfpt-10809,machismo,noun,,10921,мачи́зм,kaikki_pt_ru_enriched
wfpt-09610,machista,,,9716,,kaikki_no_match
wfpt-05034,macho,,,5113,,kaikki_no_match
wfpt-11186,machos,,,11302,,kaikki_no_match
wfpt-07339,machucar,,,7432,,kaikki_no_match
wfpt-11790,machucou,,,11911,,kaikki_no_match
wfpt-04007,maconha,,,4080,,kaikki_no_match
wfpt-09116,madame,,,9218,,kaikki_no_match
wfpt-09780,made,,,9888,,kaikki_no_match
wfpt-01530,madeira,,,1577,,kaikki_no_match
wfpt-10637,madison,,,10749,,kaikki_no_match
wfpt-09117,madre,,,9219,,kaikki_no_match
wfpt-09930,madri,,,10039,,kaikki_no_match
wfpt-03426,madrid,,,3490,,kaikki_no_match
wfpt-02898,madrugada,,,2958,,kaikki_no_match
wfpt-11978,madura,,,12100,,kaikki_no_match
wfpt-11979,madureira,,,12101,,kaikki_no_match
wfpt-07849,maduro,,,7944,,kaikki_no_match
wfpt-09419,mae,,,9524,,kaikki_no_match
wfpt-10638,maestro,,,10750,,kaikki_no_match
wfpt-06815,magalhães,,,6905,,kaikki_no_match
wfpt-07981,magazine,,,8076,,kaikki_no_match
wfpt-03930,magia,noun,,4001,магия,kaikki_pt_ru_enriched
wfpt-11791,magistrado,,,11912,,kaikki_no_match
wfpt-07450,magnitude,noun,,7543,важность,kaikki_pt_ru_enriched
wfpt-10810,mago,,,10922,,kaikki_no_match
wfpt-09611,magoar,,,9717,,kaikki_no_match
wfpt-10811,magra,,,10923,,kaikki_no_match
wfpt-10812,magro,,,10924,,kaikki_no_match
wfpt-09266,mai,,,9369,,kaikki_no_match
wfpt-03278,maia,,,3341,,kaikki_no_match
wfpt-01799,mail,,,1850,,kaikki_no_match
wfpt-06124,mails,,,6209,,kaikki_no_match
wfpt-00500,maio,noun,,523,май,kaikki_pt_ru_enriched
wfpt-00130,maior,,,140,,kaikki_no_match
wfpt-00646,maiores,,,674,,kaikki_no_match
wfpt-00430,maioria,,,450,,kaikki_no_match
wfpt-10639,majestade,,,10751,,kaikki_no_match
wfpt-03093,major,noun,,3155,майор,kaikki_pt_ru_enriched
wfpt-05144,make,,,5223,,kaikki_no_match
wfpt-00302,mal,noun,,319,зло,kaikki_pt_ru_enriched
wfpt-04491,mala,noun,,4568,чемодан,kaikki_pt_ru_enriched
wfpt-06125,malas,,,6210,,kaikki_no_match
wfpt-08547,maldade,noun,,8645,враждебность,kaikki_pt_ru_enriched
wfpt-09420,maldita,,,9525,,kaikki_no_match
wfpt-10283,maldito,,,10392,,kaikki_no_match
wfpt-08125,maldição,noun,,8221,проклятие,kaikki_pt_ru_enriched
wfpt-10813,malha,,,10925,,kaikki_no_match
wfpt-11377,mali,noun,,11494,мали,kaikki_pt_ru_enriched
wfpt-06126,malta,noun,,6211,мальта,kaikki_pt_ru_enriched
wfpt-06697,maluca,,,6786,,kaikki_no_match
wfpt-03931,maluco,,,4002,,kaikki_no_match
wfpt-07451,malásia,noun,,7544,малайзия,kaikki_pt_ru_enriched
wfpt-04942,mama,,,5021,,kaikki_no_match
wfpt-02833,mamãe,,,2892,,kaikki_no_match
wfpt-02679,man,,,2736,,kaikki_no_match
wfpt-10640,management,,,10752,,kaikki_no_match
wfpt-04169,manaus,,,4245,,kaikki_no_match
wfpt-07563,mancha,noun,,7658,пятно,kaikki_pt_ru_enriched
wfpt-08820,manchas,,,8920,,kaikki_no_match
wfpt-09118,manchester,,,9220,,kaikki_no_match
wfpt-08548,manchete,,,8646,,kaikki_no_match
wfpt-02432,manda,,,2486,,kaikki_no_match
wfpt-04856,mandado,,,4934,,kaikki_no_match
wfpt-11555,mandados,,,11673,,kaikki_no_match
wfpt-09421,mandam,,,9526,,kaikki_no_match
wfpt-08126,mandando,,,8222,,kaikki_no_match
wfpt-01704,mandar,,,1753,,kaikki_no_match
wfpt-08821,mandaram,,,8921,,kaikki_no_match
wfpt-02187,mandato,,,2241,,kaikki_no_match
wfpt-10099,mandatos,,,10208,,kaikki_no_match
wfpt-05676,mande,,,5759,,kaikki_no_match
wfpt-04245,mandei,,,4321,,kaikki_no_match
wfpt-10641,mandioca,noun,,10753,маниок,kaikki_pt_ru_enriched
wfpt-05468,mando,,,5551,,kaikki_no_match
wfpt-01800,mandou,,,1851,,kaikki_no_match
wfpt-00391,maneira,noun,,409,образ,kaikki_pt_ru_enriched
wfpt-03151,maneiras,,,3213,,kaikki_no_match
wfpt-06582,manga,noun,,6671,манго,kaikki_pt_ru_enriched
wfpt-08822,mangueira,,,8922,,kaikki_no_match
wfpt-07982,manhattan,,,8077,,kaikki_no_match
wfpt-00409,manhã,noun,,428,утро,kaikki_pt_ru_enriched
wfpt-11556,manhãs,,,11674,,kaikki_no_match
wfpt-10284,mania,,,10393,,kaikki_no_match
wfpt-09422,manifesta,,,9527,,kaikki_no_match
wfpt-06957,manifestantes,,,7047,,kaikki_no_match
wfpt-08403,manifestar,,,8499,,kaikki_no_match
wfpt-03427,manifestação,,,3491,,kaikki_no_match
wfpt-03428,manifestações,,,3492,,kaikki_no_match
wfpt-07089,manifesto,noun,,7179,манифест,kaikki_pt_ru_enriched
wfpt-10285,manifestou,,,10394,,kaikki_no_match
wfpt-09423,manipular,,,9528,,kaikki_no_match
wfpt-06231,manipulação,,,6317,,kaikki_no_match
wfpt-03429,mano,,,3493,,kaikki_no_match
wfpt-07983,manobra,,,8078,,kaikki_no_match
wfpt-08973,manobras,,,9074,,kaikki_no_match
wfpt-04492,manoel,,,4569,,kaikki_no_match
wfpt-06583,mansão,,,6672,,kaikki_no_match
wfpt-06816,manteiga,noun,,6906,масло,kaikki_pt_ru_enriched
wfpt-03638,mantendo,,,3704,,kaikki_no_match
wfpt-05240,mantenha,,,5320,,kaikki_no_match
wfpt-00622,manter,,,650,,kaikki_no_match
wfpt-03717,manteve,,,3783,,kaikki_no_match
wfpt-06817,mantida,,,6907,,kaikki_no_match
wfpt-11980,mantidas,,,12102,,kaikki_no_match
wfpt-04584,mantido,,,4661,,kaikki_no_match
wfpt-08974,mantidos,,,9075,,kaikki_no_match
wfpt-09931,mantinha,,,10040,,kaikki_no_match
wfpt-09781,mantiveram,,,9889,,kaikki_no_match
wfpt-07984,manto,,,8079,,kaikki_no_match
wfpt-01801,mantém,,,1852,,kaikki_no_match
wfpt-08823,mantê,,,8923,,kaikki_no_match
wfpt-06818,mantêm,,,6908,,kaikki_no_match
wfpt-10443,manuais,,,10554,,kaikki_no_match
wfpt-03718,manual,,,3784,,kaikki_no_match
wfpt-02834,manuel,noun,,2893,мануил,kaikki_pt_ru_enriched
wfpt-11792,manuela,,,11913,,kaikki_no_match
wfpt-02531,manutenção,,,2586,,kaikki_no_match
wfpt-10444,mao,,,10555,,kaikki_no_match
wfpt-01802,mapa,noun,,1853,географическая карта,kaikki_pt_ru_enriched
wfpt-04757,mapas,,,4835,,kaikki_no_match
wfpt-10992,mapeamento,,,11105,,kaikki_no_match
wfpt-04246,maquiagem,noun,,4322,макияж,kaikki_pt_ru_enriched
wfpt-00794,mar,noun,,828,море,kaikki_pt_ru_enriched
wfpt-09612,mara,noun,,9718,мара,kaikki_pt_ru_enriched
wfpt-05567,maracanã,,,5650,,kaikki_no_match
wfpt-03430,maranhão,,,3494,,kaikki_no_match
wfpt-05677,maratona,noun,,5760,марафон,kaikki_pt_ru_enriched
wfpt-04247,maravilha,,,4323,,kaikki_no_match
wfpt-07452,maravilhas,,,7545,,kaikki_no_match
wfpt-02680,maravilhosa,,,2737,,kaikki_no_match
wfpt-07340,maravilhosas,,,7433,,kaikki_no_match
wfpt-01769,maravilhoso,,,1820,,kaikki_no_match
wfpt-09119,maravilhosos,,,9221,,kaikki_no_match
wfpt-09424,marc,,,9529,,kaikki_no_match
wfpt-00978,marca,,,1013,,kaikki_no_match
wfpt-03509,marcada,,,3574,,kaikki_no_match
wfpt-11187,marcadas,,,11303,,kaikki_no_match
wfpt-02433,marcado,,,2487,,kaikki_no_match
wfpt-07703,marcados,,,7798,,kaikki_no_match
wfpt-10286,marcam,,,10395,,kaikki_no_match
wfpt-06466,marcando,,,6554,,kaikki_no_match
wfpt-08824,marcante,,,8924,,kaikki_no_match
wfpt-10642,marcantes,,,10754,,kaikki_no_match
wfpt-02783,marcar,verb,,2842,записать,kaikki_pt_ru_enriched
wfpt-08825,marcaram,,,8925,,kaikki_no_match
wfpt-02634,marcas,,,2690,,kaikki_no_match
wfpt-10445,marcação,,,10556,,kaikki_no_match
wfpt-09120,marcel,,,9222,,kaikki_no_match
wfpt-10446,marcela,,,10557,,kaikki_no_match
wfpt-01842,marcelo,,,1894,,kaikki_no_match
wfpt-03932,marcha,noun,,4003,марш,kaikki_pt_ru_enriched
wfpt-09932,marcial,,,10041,,kaikki_no_match
wfpt-01705,marco,noun,,1754,марка,kaikki_pt_ru_enriched
wfpt-01882,marcos,noun,,1935,марк,kaikki_pt_ru_enriched
wfpt-02899,marcou,,,2959,,kaikki_no_match
wfpt-07090,marcus,noun,,7180,марк,kaikki_pt_ru_enriched
wfpt-09933,mares,,,10042,,kaikki_no_match
wfpt-09425,marfim,noun,,9530,слоновая кость,kaikki_pt_ru_enriched
wfpt-08975,margaret,,,9076,,kaikki_no_match
wfpt-03431,margem,,,3495,,kaikki_no_match
wfpt-04943,margens,,,5022,,kaikki_no_match
wfpt-09426,marginal,,,9531,,kaikki_no_match
wfpt-11557,mari,,,11675,,kaikki_no_match
wfpt-03432,mariana,,,3496,,kaikki_no_match
wfpt-09934,mariano,,,10043,,kaikki_no_match
wfpt-01158,marido,noun,,1197,муж,kaikki_pt_ru_enriched
wfpt-10814,maridos,,,10926,,kaikki_no_match
wfpt-06819,marie,,,6909,,kaikki_no_match
wfpt-03152,marina,,,3214,,kaikki_no_match
wfpt-03094,marinha,,,3156,,kaikki_no_match
wfpt-06002,marinho,,,6087,,kaikki_no_match
wfpt-04086,mario,,,4160,,kaikki_no_match
wfpt-11188,marisa,,,11304,,kaikki_no_match
wfpt-02532,mark,,,2587,,kaikki_no_match
wfpt-03433,marketing,noun,,3497,маркетинг,kaikki_pt_ru_enriched
wfpt-10993,marley,,,11106,,kaikki_no_match
wfpt-10447,marque,,,10558,,kaikki_no_match
wfpt-03719,marques,,,3785,,kaikki_no_match
wfpt-05783,marrocos,noun,,5866,марокко,kaikki_pt_ru_enriched
wfpt-08127,marrom,,,8223,,kaikki_no_match
wfpt-11189,mars,,,11305,,kaikki_no_match
wfpt-08128,marshall,,,8224,,kaikki_no_match
wfpt-05568,marta,,,5651,,kaikki_no_match
wfpt-06003,marte,,,6088,,kaikki_no_match
wfpt-09613,martelo,noun,,9719,молот,kaikki_pt_ru_enriched
wfpt-09614,martha,,,9720,,kaikki_no_match
wfpt-02900,martin,,,2960,,kaikki_no_match
wfpt-02965,martins,,,3026,,kaikki_no_match
wfpt-07850,marvel,,,7945,,kaikki_no_match
wfpt-10643,marx,,,10755,,kaikki_no_match
wfpt-03153,mary,,,3215,,kaikki_no_match
wfpt-00460,março,noun,,480,март,kaikki_pt_ru_enriched
wfpt-07564,maré,,,7659,,kaikki_no_match
wfpt-09782,maría,,,9890,,kaikki_no_match
wfpt-08404,marília,,,8500,,kaikki_no_match
wfpt-10644,mascote,,,10756,,kaikki_no_match
wfpt-05145,masculina,,,5224,,kaikki_no_match
wfpt-03208,masculino,,,3271,,kaikki_no_match
wfpt-11558,masculinos,,,11676,,kaikki_no_match
wfpt-11378,mason,,,11495,,kaikki_no_match
wfpt-00930,massa,noun,,964,масса,kaikki_pt_ru_enriched
wfpt-05569,massacre,,,5652,,kaikki_no_match
wfpt-05883,massagem,,,5967,,kaikki_no_match
wfpt-06004,massas,,,6089,,kaikki_no_match
wfpt-06358,master,,,6446,,kaikki_no_match
wfpt-01389,mata,,,1436,,kaikki_no_match
wfpt-11559,matado,,,11677,,kaikki_no_match
wfpt-07453,matam,,,7546,,kaikki_no_match
wfpt-03357,matando,,,3421,,kaikki_no_match
wfpt-01017,matar,verb,,1053,убивать,kaikki_pt_ru_enriched
wfpt-06820,mataram,,,6910,,kaikki_no_match
wfpt-10815,matas,,,10927,,kaikki_no_match
wfpt-06958,mate,,,7048,,kaikki_no_match
wfpt-09427,matei,,,9532,,kaikki_no_match
wfpt-01737,matemática,noun,,1788,математика,kaikki_pt_ru_enriched
wfpt-02052,materiais,,,2106,,kaikki_no_match
wfpt-01083,material,,,1120,,kaikki_no_match
wfpt-08976,maternidade,,,9077,,kaikki_no_match
wfpt-11379,materno,,,11496,,kaikki_no_match
wfpt-04334,mateus,noun,,4410,матвей,kaikki_pt_ru_enriched
wfpt-07091,matheus,,,7181,,kaikki_no_match
wfpt-01770,mato,,,1821,,kaikki_no_match
wfpt-10100,matos,,,10209,,kaikki_no_match
wfpt-02635,matou,,,2691,,kaikki_no_match
wfpt-05241,matriz,,,5321,,kaikki_no_match
wfpt-10448,matrícula,,,10559,,kaikki_no_match
wfpt-05146,matt,,,5225,,kaikki_no_match
wfpt-07565,matthew,,,7660,,kaikki_no_match
wfpt-07704,maturidade,,,7799,,kaikki_no_match
wfpt-10994,matá,,,11107,,kaikki_no_match
wfpt-01209,matéria,,,1248,,kaikki_no_match
wfpt-03933,matérias,,,4004,,kaikki_no_match
wfpt-01883,mau,noun,,1936,плохой,kaikki_pt_ru_enriched
wfpt-10287,mauricio,,,10396,,kaikki_no_match
wfpt-07851,mauro,,,7946,,kaikki_no_match
wfpt-06698,maurício,noun,,6787,маврикий,kaikki_pt_ru_enriched
wfpt-04087,maus,,,4161,,kaikki_no_match
wfpt-02585,max,,,2641,,kaikki_no_match
wfpt-05147,may,,,5226,,kaikki_no_match
wfpt-09428,maya,,,9533,,kaikki_no_match
wfpt-07217,maçã,noun,,7309,яблоко,kaikki_pt_ru_enriched
wfpt-04857,meados,,,4935,,kaikki_no_match
wfpt-08129,mec,,,8225,,kaikki_no_match
wfpt-04335,mecanismo,noun,,4411,механизм,kaikki_pt_ru_enriched
wfpt-05035,mecanismos,,,5114,,kaikki_no_match
wfpt-05036,mecânica,,,5115,,kaikki_no_match
wfpt-07566,mecânico,noun,,7661,механик,kaikki_pt_ru_enriched
wfpt-03510,medalha,noun,,3575,медаль,kaikki_pt_ru_enriched
wfpt-06468,medalhas,,,6556,,kaikki_no_match
wfpt-09267,mede,,,9370,,kaikki_no_match
wfpt-06821,medeiros,,,6911,,kaikki_no_match
wfpt-03849,media,,,3919,,kaikki_no_match
wfpt-05678,mediante,,,5761,,kaikki_no_match
wfpt-08977,medicamento,noun,,9078,медикамент,kaikki_pt_ru_enriched
wfpt-04858,medicamentos,,,4936,,kaikki_no_match
wfpt-11793,medicação,,,11914,,kaikki_no_match
wfpt-01803,medicina,noun,,1854,медицина,kaikki_pt_ru_enriched
wfpt-00979,medida,,,1014,,kaikki_no_match
wfpt-01422,medidas,,,1469,,kaikki_no_match
wfpt-10101,medieval,,,10210,,kaikki_no_match
wfpt-07341,medir,,,7434,,kaikki_no_match
wfpt-11190,mediterrâneo,,,11306,,kaikki_no_match
wfpt-10995,medição,,,11108,,kaikki_no_match
wfpt-00361,medo,,,379,,kaikki_no_match
wfpt-07852,medos,,,7947,,kaikki_no_match
wfpt-03095,mega,,,3157,,kaikki_no_match
wfpt-01018,meia,noun,,1054,носок,kaikki_pt_ru_enriched
wfpt-05784,meias,,,5867,,kaikki_no_match
wfpt-00180,meio,,,190,,kaikki_no_match
wfpt-01738,meios,,,1789,,kaikki_no_match
wfpt-02784,mel,noun,,2843,мёд,kaikki_pt_ru_enriched
wfpt-11981,melanie,,,12103,,kaikki_no_match
wfpt-00089,melhor,,,95,,kaikki_no_match
wfpt-04944,melhora,,,5023,,kaikki_no_match
wfpt-08688,melhorando,,,8787,,kaikki_no_match
wfpt-01451,melhorar,verb,,1498,поднять,kaikki_pt_ru_enriched
wfpt-00445,melhores,,,465,,kaikki_no_match
wfpt-05570,melhoria,,,5653,,kaikki_no_match
wfpt-06959,melhorias,,,7049,,kaikki_no_match
wfpt-08405,melhorou,,,8501,,kaikki_no_match
wfpt-08406,melissa,,,8502,,kaikki_no_match
wfpt-05148,mello,,,5227,,kaikki_no_match
wfpt-04493,melo,,,4570,,kaikki_no_match
wfpt-10645,melodia,noun,,10757,мелодия,kaikki_pt_ru_enriched
wfpt-11380,melody,,,11497,,kaikki_no_match
wfpt-01110,membro,noun,,1148,член,kaikki_pt_ru_enriched
wfpt-00557,membros,,,583,,kaikki_no_match
wfpt-10817,meme,noun,,10929,мем,kaikki_pt_ru_enriched
wfpt-06699,memorial,,,6788,,kaikki_no_match
wfpt-01210,memória,noun,,1249,память,kaikki_pt_ru_enriched
wfpt-03096,memórias,,,3158,,kaikki_no_match
wfpt-06232,men,,,6318,,kaikki_no_match
wfpt-08826,menciona,,,8926,,kaikki_no_match
wfpt-11982,mencionada,,,12104,,kaikki_no_match
wfpt-05359,mencionado,,,5440,,kaikki_no_match
wfpt-10646,mencionados,,,10758,,kaikki_no_match
wfpt-06233,mencionar,,,6319,,kaikki_no_match
wfpt-06960,mencionou,,,7050,,kaikki_no_match
wfpt-02188,mendes,,,2242,,kaikki_no_match
wfpt-07454,mendonça,,,7547,,kaikki_no_match
wfpt-08407,menezes,,,8503,,kaikki_no_match
wfpt-00980,menina,noun,,1015,девочка,kaikki_pt_ru_enriched
wfpt-01321,meninas,,,1363,,kaikki_no_match
wfpt-01390,menino,,,1437,,kaikki_no_match
wfpt-02434,meninos,,,2488,,kaikki_no_match
wfpt-00995,menor,,,1031,,kaikki_no_match
wfpt-02098,menores,,,2152,,kaikki_no_match
wfpt-00623,mensagem,noun,,651,сообщение,kaikki_pt_ru_enriched
wfpt-01601,mensagens,,,1650,,kaikki_no_match
wfpt-05884,mensal,,,5968,,kaikki_no_match
wfpt-07853,mentais,,,7948,,kaikki_no_match
wfpt-03029,mental,,,3091,,kaikki_no_match
wfpt-09615,mentalidade,noun,,9721,менталитет,kaikki_pt_ru_enriched
wfpt-00956,mente,,,990,,kaikki_no_match
wfpt-06234,mentes,,,6320,,kaikki_no_match
wfpt-07705,mentindo,,,7800,,kaikki_no_match
wfpt-03934,mentir,verb,,4005,лгать,kaikki_pt_ru_enriched
wfpt-02189,mentira,noun,,2243,ложь,kaikki_pt_ru_enriched
wfpt-04248,mentiras,,,4324,,kaikki_no_match
wfpt-10449,mentiroso,noun,,10560,врун,kaikki_pt_ru_enriched
wfpt-10288,mentiu,,,10397,,kaikki_no_match
wfpt-09935,mentor,,,10044,,kaikki_no_match
wfpt-06469,menção,,,6557,,kaikki_no_match
wfpt-08264,mera,,,8360,,kaikki_no_match
wfpt-11560,meramente,,,11678,,kaikki_no_match
wfpt-00727,mercado,noun,,759,базар,kaikki_pt_ru_enriched
wfpt-08827,mercadoria,,,8927,,kaikki_no_match
wfpt-07342,mercadorias,,,7435,,kaikki_no_match
wfpt-04585,mercados,,,4662,,kaikki_no_match
wfpt-07706,mercedes,,,7801,,kaikki_no_match
wfpt-09783,mercosul,,,9891,,kaikki_no_match
wfpt-10996,mercúrio,noun,,11109,меркурий,kaikki_pt_ru_enriched
wfpt-00416,merda,noun,,436,говно,kaikki_pt_ru_enriched
wfpt-07455,merdas,,,7548,,kaikki_no_match
wfpt-01804,merece,,,1855,,kaikki_no_match
wfpt-04758,merecem,,,4836,,kaikki_no_match
wfpt-10289,merecer,,,10398,,kaikki_no_match
wfpt-10818,mereceu,,,10930,,kaikki_no_match
wfpt-08828,merecia,,,8928,,kaikki_no_match
wfpt-09429,mereço,,,9534,,kaikki_no_match
wfpt-09430,mergulhar,,,9535,,kaikki_no_match
wfpt-08265,mergulho,,,8361,,kaikki_no_match
wfpt-11983,mero,,,12105,,kaikki_no_match
wfpt-01322,mesa,noun,,1364,стол,kaikki_pt_ru_enriched
wfpt-06700,mesas,,,6789,,kaikki_no_match
wfpt-00349,meses,,,366,,kaikki_no_match
wfpt-00263,mesma,,,277,,kaikki_no_match
wfpt-02190,mesmas,,,2244,,kaikki_no_match
wfpt-00051,mesmo,,,56,,kaikki_no_match
wfpt-01323,mesmos,,,1365,,kaikki_no_match
wfpt-05360,mesquita,noun,,5441,мечеть,kaikki_pt_ru_enriched
wfpt-09784,messias,noun,,9892,мессия,kaikki_pt_ru_enriched
wfpt-05571,mestrado,,,5654,,kaikki_no_match
wfpt-01423,mestre,,,1470,,kaikki_no_match
wfpt-06701,mestres,,,6790,,kaikki_no_match
wfpt-02469,meta,,,2523,,kaikki_no_match
wfpt-00981,metade,,,1016,,kaikki_no_match
wfpt-08689,metais,,,8788,,kaikki_no_match
wfpt-02966,metal,noun,,3027,металлы,kaikki_pt_ru_enriched
wfpt-06702,metas,,,6791,,kaikki_no_match
wfpt-07092,mete,,,7182,,kaikki_no_match
wfpt-11985,metendo,,,12107,,kaikki_no_match
wfpt-03639,meter,,,3705,,kaikki_no_match
wfpt-10450,meteu,,,10561,,kaikki_no_match
wfpt-11191,metodologia,noun,,11307,методология,kaikki_pt_ru_enriched
wfpt-06235,metragem,,,6321,,kaikki_no_match
wfpt-04170,metro,noun,,4246,метр,kaikki_pt_ru_enriched
wfpt-04945,metropolitana,,,5024,,kaikki_no_match
wfpt-01211,metros,,,1250,,kaikki_no_match
wfpt-03209,metrô,noun,,3272,метрополитен,kaikki_pt_ru_enriched
wfpt-11561,metáfora,noun,,11679,метафора,kaikki_pt_ru_enriched
wfpt-05679,mexe,,,5762,,kaikki_no_match
wfpt-08549,mexendo,,,8647,,kaikki_no_match
wfpt-03434,mexer,,,3498,,kaikki_no_match
wfpt-11794,mexeu,,,11915,,kaikki_no_match
wfpt-07093,mexicana,,,7183,,kaikki_no_match
wfpt-05469,mexicano,noun,,5552,мексиканец,kaikki_pt_ru_enriched
wfpt-10451,mexicanos,,,10562,,kaikki_no_match
wfpt-06005,mia,,,6090,,kaikki_no_match
wfpt-04008,miami,,,4081,,kaikki_no_match
wfpt-01391,michael,,,1438,,kaikki_no_match
wfpt-03280,michel,,,3343,,kaikki_no_match
wfpt-11795,michele,,,11916,,kaikki_no_match
wfpt-05242,michelle,,,5322,,kaikki_no_match
wfpt-09936,mickey,,,10045,,kaikki_no_match
wfpt-04171,micro,,,4247,,kaikki_no_match
wfpt-07094,microfone,noun,,7184,микрофон,kaikki_pt_ru_enriched
wfpt-03154,microsoft,,,3216,,kaikki_no_match
wfpt-07456,migração,noun,,7549,миграция,kaikki_pt_ru_enriched
wfpt-02099,miguel,noun,,2153,михаил,kaikki_pt_ru_enriched
wfpt-03565,mike,,,3630,,kaikki_no_match
wfpt-00250,mil,,,263,,kaikki_no_match
wfpt-09431,miles,,,9536,,kaikki_no_match
wfpt-01571,milhares,,,1620,,kaikki_no_match
wfpt-04946,milhas,,,5025,,kaikki_no_match
wfpt-04494,milho,noun,,4571,кукуруза,kaikki_pt_ru_enriched
wfpt-01843,milhão,,,1895,,kaikki_no_match
wfpt-00333,milhões,,,350,,kaikki_no_match
wfpt-10290,milionário,,,10399,,kaikki_no_match
wfpt-08408,militante,,,8504,,kaikki_no_match
wfpt-07343,militantes,,,7436,,kaikki_no_match
wfpt-00578,militar,noun,,605,военнослужащий,kaikki_pt_ru_enriched
wfpt-01178,militares,,,1217,,kaikki_no_match
wfpt-11796,militância,,,11917,,kaikki_no_match
wfpt-05680,miller,,,5763,,kaikki_no_match
wfpt-08550,milton,,,8648,,kaikki_no_match
wfpt-09937,milão,,,10046,,kaikki_no_match
wfpt-10452,milímetros,,,10563,,kaikki_no_match
wfpt-04419,min,,,4495,,kaikki_no_match
wfpt-03435,mina,,,3499,,kaikki_no_match
wfpt-01295,minas,,,1337,,kaikki_no_match
wfpt-10819,mind,,,10931,,kaikki_no_match
wfpt-10102,mineira,,,10211,,kaikki_no_match
wfpt-05572,mineiro,noun,,5655,шахтёр,kaikki_pt_ru_enriched
wfpt-11797,mineiros,,,11918,,kaikki_no_match
wfpt-06584,minerais,,,6673,,kaikki_no_match
wfpt-08130,mineral,noun,,8226,минерал,kaikki_pt_ru_enriched
wfpt-05470,mineração,,,5553,,kaikki_no_match
wfpt-10103,minho,,,10212,,kaikki_no_match
wfpt-04172,mini,,,4248,,kaikki_no_match
wfpt-10104,minimizar,,,10213,,kaikki_no_match
wfpt-05361,ministra,,,5442,,kaikki_no_match
wfpt-00728,ministro,,,760,,kaikki_no_match
wfpt-02901,ministros,,,2961,,kaikki_no_match
wfpt-00711,ministério,noun,,742,министерство,kaikki_pt_ru_enriched
wfpt-11381,ministérios,,,11498,,kaikki_no_match
wfpt-09432,minoria,,,9537,,kaikki_no_match
wfpt-11562,minorias,,,11680,,kaikki_no_match
wfpt-02053,minuto,,,2107,,kaikki_no_match
wfpt-00447,minutos,,,467,,kaikki_no_match
wfpt-10453,minério,noun,,10564,руда,kaikki_pt_ru_enriched
wfpt-07095,mira,,,7185,,kaikki_no_match
wfpt-04759,miranda,,,4837,,kaikki_no_match
wfpt-04173,misericórdia,,,4249,,kaikki_no_match
wfpt-11986,miserável,,,12108,,kaikki_no_match
wfpt-03097,miss,,,3159,,kaikki_no_match
wfpt-04947,missa,noun,,5026,месса,kaikki_pt_ru_enriched
wfpt-09616,missionário,noun,,9722,миссионер,kaikki_pt_ru_enriched
wfpt-00931,missão,noun,,965,миссия,kaikki_pt_ru_enriched
wfpt-05681,missões,,,5764,,kaikki_no_match
wfpt-11382,mista,,,11499,,kaikki_no_match
wfpt-08551,misteriosa,,,8649,,kaikki_no_match
wfpt-07707,misterioso,,,7802,,kaikki_no_match
wfpt-08690,misto,,,8789,,kaikki_no_match
wfpt-02533,mistura,noun,,2588,меланж,kaikki_pt_ru_enriched
wfpt-10454,misturar,,,10565,,kaikki_no_match
wfpt-03850,mistério,,,3920,,kaikki_no_match
wfpt-09938,mistérios,,,10047,,kaikki_no_match
wfpt-07708,miséria,,,7803,,kaikki_no_match
wfpt-10455,mitchell,,,10566,,kaikki_no_match
wfpt-04174,mito,noun,,4250,миф,kaikki_pt_ru_enriched
wfpt-08829,mitologia,noun,,8929,мифология,kaikki_pt_ru_enriched
wfpt-07344,mitos,,,7437,,kaikki_no_match
wfpt-04666,mix,,,4744,,kaikki_no_match
wfpt-10820,miúda,,,10932,,kaikki_no_match
wfpt-08131,mobile,,,8227,,kaikki_no_match
wfpt-05573,mobilidade,,,5656,,kaikki_no_match
wfpt-06961,mobilização,noun,,7051,мобилизация,kaikki_pt_ru_enriched
wfpt-05785,mochila,noun,,5868,рюкзак,kaikki_pt_ru_enriched
wfpt-02100,moda,noun,,2154,мода,kaikki_pt_ru_enriched
wfpt-05471,modalidade,noun,,5554,метод,kaikki_pt_ru_enriched
wfpt-08132,modalidades,,,8228,,kaikki_no_match
wfpt-00837,modelo,noun,,871,макет,kaikki_pt_ru_enriched
wfpt-02054,modelos,,,2108,,kaikki_no_match
wfpt-02722,moderna,,,2781,,kaikki_no_match
wfpt-07096,modernas,,,7186,,kaikki_no_match
wfpt-10291,modernidade,,,10400,,kaikki_no_match
wfpt-09433,modernização,,,9538,,kaikki_no_match
wfpt-03155,moderno,,,3217,,kaikki_no_match
wfpt-05362,modernos,,,5443,,kaikki_no_match
wfpt-11563,modificar,,,11681,,kaikki_no_match
wfpt-10456,modificação,noun,,10567,модификации,kaikki_pt_ru_enriched
wfpt-08266,modificações,,,8362,,kaikki_no_match
wfpt-00579,modo,,,606,,kaikki_no_match
wfpt-05574,modos,,,5657,,kaikki_no_match
wfpt-02681,moeda,noun,,2738,валюта,kaikki_pt_ru_enriched
wfpt-03935,moedas,,,4006,,kaikki_no_match
wfpt-10292,moinho,noun,,10401,мельница,kaikki_pt_ru_enriched
wfpt-07567,moisés,noun,,7662,моисей,kaikki_pt_ru_enriched
wfpt-07097,mole,,,7187,,kaikki_no_match
wfpt-11987,molhada,,,12109,,kaikki_no_match
wfpt-09939,molhado,,,10048,,kaikki_no_match
wfpt-05363,molho,noun,,5444,соус,kaikki_pt_ru_enriched
wfpt-00194,momento,noun,,206,момент,kaikki_pt_ru_enriched
wfpt-01084,momentos,,,1121,,kaikki_no_match
wfpt-08830,mona,,,8930,,kaikki_no_match
wfpt-08133,monarquia,noun,,8229,монархия,kaikki_pt_ru_enriched
wfpt-07218,money,,,7310,,kaikki_no_match
wfpt-08409,monge,noun,,8505,монах,kaikki_pt_ru_enriched
wfpt-08552,monges,,,8650,,kaikki_no_match
wfpt-10105,monica,,,10214,,kaikki_no_match
wfpt-07457,monitor,,,7551,,kaikki_no_match
wfpt-04948,monitoramento,,,5027,,kaikki_no_match
wfpt-09268,monitorar,,,9371,,kaikki_no_match
wfpt-11383,monopólio,noun,,11500,монополия,kaikki_pt_ru_enriched
wfpt-04009,monstro,noun,,4083,монстр,kaikki_pt_ru_enriched
wfpt-06962,monstros,,,7052,,kaikki_no_match
wfpt-11384,montada,,,11501,,kaikki_no_match
wfpt-07568,montado,,,7663,,kaikki_no_match
wfpt-04175,montagem,noun,,4251,сборка,kaikki_pt_ru_enriched
wfpt-02835,montanha,noun,,2894,гора,kaikki_pt_ru_enriched
wfpt-02682,montanhas,,,2739,,kaikki_no_match
wfpt-10457,montante,,,10568,,kaikki_no_match
wfpt-04949,montar,,,5028,,kaikki_no_match
wfpt-00932,monte,,,966,,kaikki_no_match
wfpt-04336,monteiro,,,4412,,kaikki_no_match
wfpt-06585,montes,,,6674,,kaikki_no_match
wfpt-07854,monumento,,,7949,,kaikki_no_match
wfpt-11385,monumentos,,,11502,,kaikki_no_match
wfpt-09785,moon,,,9893,,kaikki_no_match
wfpt-10293,moore,,,10402,,kaikki_no_match
wfpt-06359,mor,,,6447,,kaikki_no_match
wfpt-02003,mora,,,2057,,kaikki_no_match
wfpt-07098,morada,,,7188,,kaikki_no_match
wfpt-06586,moradia,,,6675,,kaikki_no_match
wfpt-08267,morador,,,8363,,kaikki_no_match
wfpt-02147,moradores,,,2201,,kaikki_no_match
wfpt-05575,moraes,,,5658,,kaikki_no_match
wfpt-04088,morais,,,4162,,kaikki_no_match
wfpt-01706,moral,noun,,1755,мораль,kaikki_pt_ru_enriched
wfpt-07709,moram,,,7804,,kaikki_no_match
wfpt-06963,morando,,,7053,,kaikki_no_match
wfpt-02902,morar,verb,,2962,жить,kaikki_pt_ru_enriched
wfpt-07345,morava,,,7438,,kaikki_no_match
wfpt-11386,morder,,,11503,,kaikki_no_match
wfpt-03436,more,,,3500,,kaikki_no_match
wfpt-04010,moreira,,,4084,,kaikki_no_match
wfpt-06470,morena,,,6558,,kaikki_no_match
wfpt-06822,moreno,,,6912,,kaikki_no_match
wfpt-06823,morgan,,,6913,,kaikki_no_match
wfpt-11564,morning,,,11682,,kaikki_no_match
wfpt-03566,moro,,,3631,,kaikki_no_match
wfpt-08553,morra,,,8651,,kaikki_no_match
wfpt-02683,morre,,,2740,,kaikki_no_match
wfpt-06127,morrem,,,6212,,kaikki_no_match
wfpt-03281,morrendo,,,3344,,kaikki_no_match
wfpt-00712,morrer,,,743,,kaikki_no_match
wfpt-02723,morreram,,,2782,,kaikki_no_match
wfpt-00756,morreu,,,789,,kaikki_no_match
wfpt-10647,morri,,,10759,,kaikki_no_match
wfpt-07346,morrido,,,7439,,kaikki_no_match
wfpt-03437,morro,,,3501,,kaikki_no_match
wfpt-01963,morta,,,2017,,kaikki_no_match
wfpt-06128,mortais,,,6213,,kaikki_no_match
wfpt-05472,mortal,,,5555,,kaikki_no_match
wfpt-08554,mortalidade,,,8652,,kaikki_no_match
wfpt-05576,mortas,,,5659,,kaikki_no_match
wfpt-00267,morte,noun,,281,смерть,kaikki_pt_ru_enriched
wfpt-02278,mortes,,,2332,,kaikki_no_match
wfpt-01059,morto,,,1096,,kaikki_no_match
wfpt-00865,mortos,,,899,,kaikki_no_match
wfpt-08691,morumbi,,,8790,,kaikki_no_match
wfpt-11565,mosca,noun,,11683,муха,kaikki_pt_ru_enriched
wfpt-03778,moscou,noun,,3846,москва,kaikki_pt_ru_enriched
wfpt-08555,mosquito,noun,,8653,комар,kaikki_pt_ru_enriched
wfpt-00740,mostra,,,772,,kaikki_no_match
wfpt-05243,mostrado,,,5323,,kaikki_no_match
wfpt-02903,mostram,,,2963,,kaikki_no_match
wfpt-02191,mostrando,,,2245,,kaikki_no_match
wfpt-00682,mostrar,verb,,712,показать,kaikki_pt_ru_enriched
wfpt-05885,mostraram,,,5969,,kaikki_no_match
wfpt-10106,mostrava,,,10215,,kaikki_no_match
wfpt-06236,mostre,,,6322,,kaikki_no_match
wfpt-10648,mostro,,,10760,,kaikki_no_match
wfpt-02004,mostrou,,,2058,,kaikki_no_match
wfpt-07219,mota,,,7311,,kaikki_no_match
wfpt-09269,motel,noun,,9372,мотель,kaikki_pt_ru_enriched
wfpt-04668,motivação,noun,,4746,мотивация,kaikki_pt_ru_enriched
wfpt-00774,motivo,,,808,,kaikki_no_match
wfpt-01392,motivos,,,1439,,kaikki_no_match
wfpt-03358,moto,,,3422,,kaikki_no_match
wfpt-02148,motor,noun,,2202,мотор,kaikki_pt_ru_enriched
wfpt-04586,motores,,,4663,,kaikki_no_match
wfpt-02904,motorista,,,2964,,kaikki_no_match
wfpt-08268,motoristas,,,8364,,kaikki_no_match
wfpt-04950,moura,,,5029,,kaikki_no_match
wfpt-09786,mouse,,,9894,,kaikki_no_match
wfpt-06006,move,,,6091,,kaikki_no_match
wfpt-06360,mover,,,6448,,kaikki_no_match
wfpt-10997,movido,,,11110,,kaikki_no_match
wfpt-07099,movimentação,,,7189,,kaikki_no_match
wfpt-00580,movimento,,,607,,kaikki_no_match
wfpt-01664,movimentos,,,1713,,kaikki_no_match
wfpt-03282,moça,,,3345,,kaikki_no_match
wfpt-10294,moças,,,10403,,kaikki_no_match
wfpt-10998,mpf,,,11111,,kaikki_no_match
wfpt-11566,mrs,,,11684,,kaikki_no_match
wfpt-06471,mtv,,,6559,,kaikki_no_match
wfpt-02377,muda,,,2431,,kaikki_no_match
wfpt-06007,mudado,,,6092,,kaikki_no_match
wfpt-05577,mudam,,,5660,,kaikki_no_match
wfpt-04176,mudando,,,4252,,kaikki_no_match
wfpt-00957,mudança,noun,,991,переезд,kaikki_pt_ru_enriched
wfpt-01179,mudanças,,,1218,,kaikki_no_match
wfpt-00592,mudar,,,620,,kaikki_no_match
wfpt-04420,mudaram,,,4497,,kaikki_no_match
wfpt-05886,mude,,,5970,,kaikki_no_match
wfpt-04951,mudei,,,5030,,kaikki_no_match
wfpt-05887,mudo,,,5971,,kaikki_no_match
wfpt-01085,mudou,,,1122,,kaikki_no_match
wfpt-00188,mulher,,,200,,kaikki_no_match
wfpt-00324,mulheres,,,341,,kaikki_no_match
wfpt-04421,multa,noun,,4498,штраф,kaikki_pt_ru_enriched
wfpt-09617,multas,,,9723,,kaikki_no_match
wfpt-06588,multi,,,6677,,kaikki_no_match
wfpt-04177,multidão,,,4253,,kaikki_no_match
wfpt-11567,multimídia,,,11685,,kaikki_no_match
wfpt-03779,mundiais,,,3847,,kaikki_no_match
wfpt-00558,mundial,,,584,,kaikki_no_match
wfpt-08410,mundialmente,,,8506,,kaikki_no_match
wfpt-00075,mundo,noun,,81,мир,kaikki_pt_ru_enriched
wfpt-06589,mundos,,,6678,,kaikki_no_match
wfpt-03851,municipais,,,3921,,kaikki_no_match
wfpt-00933,municipal,,,967,,kaikki_no_match
wfpt-00958,município,noun,,992,муниципалитет,kaikki_pt_ru_enriched
wfpt-01844,municípios,,,1896,,kaikki_no_match
wfpt-08692,munição,noun,,8791,боеприпас,kaikki_pt_ru_enriched
wfpt-10458,munições,,,10569,,kaikki_no_match
wfpt-11568,mural,,,11686,,kaikki_no_match
wfpt-07855,muralha,,,7950,,kaikki_no_match
wfpt-09940,murilo,,,10049,,kaikki_no_match
wfpt-04587,muro,noun,,4664,стена,kaikki_pt_ru_enriched
wfpt-07856,muros,,,7951,,kaikki_no_match
wfpt-09270,murphy,,,9373,,kaikki_no_match
wfpt-09618,musa,,,9724,,kaikki_no_match
wfpt-10295,muscular,,,10404,,kaikki_no_match
wfpt-01771,museu,noun,,1822,музей,kaikki_pt_ru_enriched
wfpt-07569,museus,,,7664,,kaikki_no_match
wfpt-04760,music,,,4838,,kaikki_no_match
wfpt-06964,musica,,,7054,,kaikki_no_match
wfpt-04670,musicais,,,4748,,kaikki_no_match
wfpt-01964,musical,,,2018,,kaikki_no_match
wfpt-11387,muçulmana,,,11504,,kaikki_no_match
wfpt-11192,muçulmano,,,11309,,kaikki_no_match
wfpt-05473,muçulmanos,,,5556,,kaikki_no_match
wfpt-11569,máfia,,,11687,,kaikki_no_match
wfpt-05888,mágica,,,5972,,kaikki_no_match
wfpt-05037,mágico,noun,,5116,волшебник,kaikki_pt_ru_enriched
wfpt-01739,máquina,noun,,1790,машина,kaikki_pt_ru_enriched
wfpt-03283,máquinas,,,3346,,kaikki_no_match
wfpt-07570,márcio,,,7665,,kaikki_no_match
wfpt-03720,mário,,,3786,,kaikki_no_match
wfpt-11388,mártir,noun,,11505,мученик,kaikki_pt_ru_enriched
wfpt-10649,mártires,,,10761,,kaikki_no_match
wfpt-03511,más,,,3576,,kaikki_no_match
wfpt-04178,máscara,,,4254,,kaikki_no_match
wfpt-07458,máscaras,,,7552,,kaikki_no_match
wfpt-03030,máxima,,,3092,,kaikki_no_match
wfpt-01531,máximo,noun,,1578,максим,kaikki_pt_ru_enriched
wfpt-00160,mãe,noun,,170,мать,kaikki_pt_ru_enriched
wfpt-02279,mães,,,2333,,kaikki_no_match
wfpt-00431,mão,noun,,451,рука,kaikki_pt_ru_enriched
wfpt-00729,mãos,,,761,,kaikki_no_match
wfpt-00959,média,,,993,,kaikki_no_match
wfpt-08556,médias,,,8654,,kaikki_no_match
wfpt-02470,médica,,,2524,,kaikki_no_match
wfpt-07985,médicas,,,8080,,kaikki_no_match
wfpt-00934,médico,noun,,968,врач,kaikki_pt_ru_enriched
wfpt-01495,médicos,,,1542,,kaikki_no_match
wfpt-00960,médio,,,994,,kaikki_no_match
wfpt-05244,mérito,,,5324,,kaikki_no_match
wfpt-02280,método,,,2334,,kaikki_no_match
wfpt-02586,métodos,,,2642,,kaikki_no_match
wfpt-01086,méxico,noun,,1123,мексика,kaikki_pt_ru_enriched
wfpt-00424,mês,noun,,444,месяц,kaikki_pt_ru_enriched
wfpt-01496,mídia,,,1543,,kaikki_no_match
wfpt-05149,mídias,,,5228,,kaikki_no_match
wfpt-04011,mínima,,,4085,,kaikki_no_match
wfpt-01930,mínimo,,,1983,,kaikki_no_match
wfpt-10459,mínimos,,,10570,,kaikki_no_match
wfpt-06824,mísseis,,,6914,,kaikki_no_match
wfpt-06825,módulo,,,6915,,kaikki_no_match
wfpt-03640,móveis,,,3706,,kaikki_no_match
wfpt-04249,móvel,noun,,4325,мебель,kaikki_pt_ru_enriched
wfpt-08269,mônica,,,8365,,kaikki_no_match
wfpt-07100,múltiplas,,,7190,,kaikki_no_match
wfpt-07571,múltiplos,,,7666,,kaikki_no_match
wfpt-10107,músculo,noun,,10216,мышцы,kaikki_pt_ru_enriched
wfpt-07220,músculos,,,7312,,kaikki_no_match
wfpt-00238,música,noun,,250,музыка,kaikki_pt_ru_enriched
wfpt-01060,músicas,,,1097,,kaikki_no_match
wfpt-04089,músico,noun,,4163,музыкант,kaikki_pt_ru_enriched
wfpt-04250,músicos,,,4326,,kaikki_no_match
wfpt-11798,mútuo,,,11919,,kaikki_no_match
wfpt-01497,nacionais,,,1544,,kaikki_no_match
wfpt-00201,nacional,,,213,,kaikki_no_match
wfpt-07857,nacionalidade,noun,,7952,подданство,kaikki_pt_ru_enriched
wfpt-10296,nacionalista,,,10405,,kaikki_no_match
wfpt-00086,nada,noun,,92,ничто,kaikki_pt_ru_enriched
wfpt-09434,nadar,verb,,9539,плавать,kaikki_pt_ru_enriched
wfpt-08831,name,,,8931,,kaikki_no_match
wfpt-01772,namorada,,,1823,,kaikki_no_match
wfpt-01740,namorado,,,1791,,kaikki_no_match
wfpt-06129,namorados,,,6214,,kaikki_no_match
wfpt-11389,namorando,,,11506,,kaikki_no_match
wfpt-07347,namorar,,,7440,,kaikki_no_match
wfpt-06361,namoro,,,6449,,kaikki_no_match
wfpt-07858,nancy,,,7953,,kaikki_no_match
wfpt-01884,naquela,,,1937,,kaikki_no_match
wfpt-01324,naquele,,,1366,,kaikki_no_match
wfpt-09271,naqueles,,,9374,,kaikki_no_match
wfpt-07572,naquilo,,,7667,,kaikki_no_match
wfpt-02967,nariz,noun,,3028,нос,kaikki_pt_ru_enriched
wfpt-11390,narra,,,11507,,kaikki_no_match
wfpt-09272,narrador,noun,,9375,рассказчик,kaikki_pt_ru_enriched
wfpt-03936,narrativa,,,4007,,kaikki_no_match
wfpt-10108,narrativas,,,10217,,kaikki_no_match
wfpt-09787,narração,,,9895,,kaikki_no_match
wfpt-11799,naruto,,,11920,,kaikki_no_match
wfpt-08134,nasa,,,8230,,kaikki_no_match
wfpt-04179,nasce,,,4255,,kaikki_no_match
wfpt-10460,nascem,,,10571,,kaikki_no_match
wfpt-09941,nascente,,,10050,,kaikki_no_match
wfpt-03937,nascer,,,4008,,kaikki_no_match
wfpt-07986,nasceram,,,8081,,kaikki_no_match
wfpt-01452,nasceu,,,1499,,kaikki_no_match
wfpt-05474,nasci,,,5557,,kaikki_no_match
wfpt-07221,nascida,,,7313,,kaikki_no_match
wfpt-03359,nascido,,,3423,,kaikki_no_match
wfpt-08978,nascidos,,,9079,,kaikki_no_match
wfpt-01773,nascimento,,,1824,,kaikki_no_match
wfpt-00838,natal,noun,,872,рождество,kaikki_pt_ru_enriched
wfpt-07710,natação,noun,,7805,плавание,kaikki_pt_ru_enriched
wfpt-07987,nathan,,,8082,,kaikki_no_match
wfpt-05578,national,,,5661,,kaikki_no_match
wfpt-07459,nativa,,,7553,,kaikki_no_match
wfpt-09788,nativas,,,9896,,kaikki_no_match
wfpt-09619,nativo,,,9725,,kaikki_no_match
wfpt-05475,nativos,,,5558,,kaikki_no_match
wfpt-01632,naturais,,,1681,,kaikki_no_match
wfpt-00982,natural,,,1017,,kaikki_no_match
wfpt-03567,naturalmente,,,3632,,kaikki_no_match
wfpt-00996,natureza,,,1032,,kaikki_no_match
wfpt-08557,naval,,,8655,,kaikki_no_match
wfpt-04422,nave,,,4499,,kaikki_no_match
wfpt-06237,navegador,noun,,6323,браузер,kaikki_pt_ru_enriched
wfpt-07573,navegar,,,7668,,kaikki_no_match
wfpt-05150,navegação,noun,,5229,навигация,kaikki_pt_ru_enriched
wfpt-09620,naves,,,9726,,kaikki_no_match
wfpt-02379,navio,noun,,2433,корабль,kaikki_pt_ru_enriched
wfpt-04859,navios,,,4937,,kaikki_no_match
wfpt-09942,nazista,,,10051,,kaikki_no_match
wfpt-10109,nazistas,,,10218,,kaikki_no_match
wfpt-02192,nação,noun,,2246,нация,kaikki_pt_ru_enriched
wfpt-01498,nações,,,1545,,kaikki_no_match
wfpt-04337,necessariamente,,,4413,,kaikki_no_match
wfpt-01061,necessidade,,,1098,,kaikki_no_match
wfpt-02534,necessidades,,,2589,,kaikki_no_match
wfpt-07711,necessita,,,7806,,kaikki_no_match
wfpt-10110,necessitam,,,10219,,kaikki_no_match
wfpt-03098,necessária,,,3160,,kaikki_no_match
wfpt-03852,necessárias,,,3922,,kaikki_no_match
wfpt-01087,necessário,,,1124,,kaikki_no_match
wfpt-03938,necessários,,,4009,,kaikki_no_match
wfpt-10297,need,,,10406,,kaikki_no_match
wfpt-05038,nega,,,5117,,kaikki_no_match
wfpt-09621,negado,,,9727,,kaikki_no_match
wfpt-04181,negar,,,4257,,kaikki_no_match
wfpt-04761,negativa,,,4839,,kaikki_no_match
wfpt-06826,negativas,,,6916,,kaikki_no_match
wfpt-04090,negativo,noun,,4164,негатив,kaikki_pt_ru_enriched
wfpt-06238,negativos,,,6324,,kaikki_no_match
wfpt-09622,negação,,,9728,,kaikki_no_match
wfpt-05151,negociar,,,5230,,kaikki_no_match
wfpt-05039,negociação,,,5118,,kaikki_no_match
wfpt-03939,negociações,,,4010,,kaikki_no_match
wfpt-06473,negou,,,6561,,kaikki_no_match
wfpt-01931,negra,,,1984,,kaikki_no_match
wfpt-05683,negras,,,5766,,kaikki_no_match
wfpt-01325,negro,noun,,1367,негр,kaikki_pt_ru_enriched
wfpt-02587,negros,,,2643,,kaikki_no_match
wfpt-00935,negócio,noun,,969,сделка,kaikki_pt_ru_enriched
wfpt-00961,negócios,,,995,,kaikki_no_match
wfpt-09273,neil,,,9376,,kaikki_no_match
wfpt-01885,nela,,,1938,,kaikki_no_match
wfpt-08135,nelas,,,8231,,kaikki_no_match
wfpt-01532,nele,,,1579,,kaikki_no_match
wfpt-05476,neles,,,5559,,kaikki_no_match
wfpt-03853,nelson,,,3923,,kaikki_no_match
wfpt-00410,nenhum,,,429,,kaikki_no_match
wfpt-00473,nenhuma,,,494,,kaikki_no_match
wfpt-08270,neo,,,8366,,kaikki_no_match
wfpt-11391,nepal,noun,,11508,непал,kaikki_pt_ru_enriched
wfpt-09274,nerd,,,9377,,kaikki_no_match
wfpt-09943,nervos,,,10052,,kaikki_no_match
wfpt-05477,nervosa,,,5560,,kaikki_no_match
wfpt-03641,nervoso,,,3707,,kaikki_no_match
wfpt-00501,nessa,,,524,,kaikki_no_match
wfpt-03211,nessas,,,3274,,kaikki_no_match
wfpt-00392,nesse,,,410,,kaikki_no_match
wfpt-02724,nesses,,,2783,,kaikki_no_match
wfpt-00511,nesta,,,537,,kaikki_no_match
wfpt-05040,nestas,,,5119,,kaikki_no_match
wfpt-00312,neste,,,329,,kaikki_no_match
wfpt-04091,nestes,,,4165,,kaikki_no_match
wfpt-04182,net,,,4258,,kaikki_no_match
wfpt-10111,neta,noun,,10220,вну́чка,kaikki_pt_ru_enriched
wfpt-06008,netflix,,,6093,,kaikki_no_match
wfpt-02471,neto,noun,,2525,внук,kaikki_pt_ru_enriched
wfpt-08136,netos,,,8232,,kaikki_no_match
wfpt-05245,network,,,5325,,kaikki_no_match
wfpt-10821,neutro,,,10933,,kaikki_no_match
wfpt-03721,neve,noun,,3787,снег,kaikki_pt_ru_enriched
wfpt-06130,never,,,6215,,kaikki_no_match
wfpt-04251,neves,,,4327,,kaikki_no_match
wfpt-01296,new,,,1338,,kaikki_no_match
wfpt-02905,news,,,2965,,kaikki_no_match
wfpt-10112,newton,,,10221,,kaikki_no_match
wfpt-08411,next,,,8507,,kaikki_no_match
wfpt-08137,neymar,,,8233,,kaikki_no_match
wfpt-11570,nicarágua,noun,,11688,никарагуа,kaikki_pt_ru_enriched
wfpt-10650,nice,noun,,10762,ницца,kaikki_pt_ru_enriched
wfpt-07859,nicholas,,,7954,,kaikki_no_match
wfpt-03780,nick,,,3848,,kaikki_no_match
wfpt-10651,nico,,,10763,,kaikki_no_match
wfpt-09435,nicolas,noun,,9540,николай,kaikki_pt_ru_enriched
wfpt-07101,nicole,,,7191,,kaikki_no_match
wfpt-06703,night,,,6792,,kaikki_no_match
wfpt-06131,nigéria,noun,,6216,нигерия,kaikki_pt_ru_enriched
wfpt-05579,nina,,,5662,,kaikki_no_match
wfpt-10652,ninguem,,,10764,,kaikki_no_match
wfpt-00192,ninguém,,,204,,kaikki_no_match
wfpt-07460,ninho,,,7554,,kaikki_no_match
wfpt-07712,ninja,noun,,7807,ниндзя,kaikki_pt_ru_enriched
wfpt-08979,nintendo,,,9080,,kaikki_no_match
wfpt-01394,nisso,,,1441,,kaikki_no_match
wfpt-09623,nisto,,,9729,,kaikki_no_match
wfpt-08693,niterói,,,8792,,kaikki_no_match
wfpt-09944,noah,,,10053,,kaikki_no_match
wfpt-05152,nobel,,,5231,,kaikki_no_match
wfpt-03642,nobre,,,3708,,kaikki_no_match
wfpt-08139,nobres,,,8235,,kaikki_no_match
wfpt-06362,noel,,,6450,,kaikki_no_match
wfpt-07461,nogueira,,,7555,,kaikki_no_match
wfpt-00167,noite,noun,,177,ночь,kaikki_pt_ru_enriched
wfpt-02906,noites,,,2966,,kaikki_no_match
wfpt-04252,noiva,noun,,4328,невеста,kaikki_pt_ru_enriched
wfpt-07574,noivo,,,7669,,kaikki_no_match
wfpt-08412,nojento,,,8508,,kaikki_no_match
wfpt-08694,nojo,noun,,8793,неприятие,kaikki_pt_ru_enriched
wfpt-00143,nome,,,153,,kaikki_no_match
wfpt-10461,nomeada,,,10572,,kaikki_no_match
wfpt-04671,nomeadamente,,,4749,,kaikki_no_match
wfpt-06363,nomeado,,,6451,,kaikki_no_match
wfpt-09945,nomear,,,10054,,kaikki_no_match
wfpt-05041,nomeação,,,5120,,kaikki_no_match
wfpt-11990,nomeou,,,12112,,kaikki_no_match
wfpt-01044,nomes,,,1080,,kaikki_no_match
wfpt-06704,non,,,6793,,kaikki_no_match
wfpt-09789,nora,,,9897,,kaikki_no_match
wfpt-02224,nordeste,,,2278,,kaikki_no_match
wfpt-05042,norma,,,5121,,kaikki_no_match
wfpt-04338,normais,,,4414,,kaikki_no_match
wfpt-00936,normal,,,970,,kaikki_no_match
wfpt-01274,normalmente,,,1316,,kaikki_no_match
wfpt-08413,norman,,,8509,,kaikki_no_match
wfpt-04183,normas,,,4259,,kaikki_no_match
wfpt-07462,noroeste,,,7556,,kaikki_no_match
wfpt-00378,norte,noun,,396,север,kaikki_pt_ru_enriched
wfpt-09275,north,,,9378,,kaikki_no_match
wfpt-08558,noruega,noun,,8656,норвегия,kaikki_pt_ru_enriched
wfpt-03854,not,,,3924,,kaikki_no_match
wfpt-00839,nota,,,873,,kaikki_no_match
wfpt-11991,notado,,,12113,,kaikki_no_match
wfpt-04860,notar,,,4938,,kaikki_no_match
wfpt-01845,notas,,,1897,,kaikki_no_match
wfpt-05889,note,,,5973,,kaikki_no_match
wfpt-10999,notebook,,,11112,,kaikki_no_match
wfpt-07463,noticia,,,7557,,kaikki_no_match
wfpt-06132,noticias,,,6217,,kaikki_no_match
wfpt-10462,noticiário,,,10573,,kaikki_no_match
wfpt-07575,notificação,,,7670,,kaikki_no_match
wfpt-10463,notificações,,,10574,,kaikki_no_match
wfpt-07464,notou,,,7558,,kaikki_no_match
wfpt-09436,noturna,,,9541,,kaikki_no_match
wfpt-07860,noturno,noun,,7955,ноктю́рн,kaikki_pt_ru_enriched
wfpt-06009,notável,,,6094,,kaikki_no_match
wfpt-01247,notícia,,,1288,,kaikki_no_match
wfpt-00866,notícias,,,900,,kaikki_no_match
wfpt-00169,nova,,,179,,kaikki_no_match
wfpt-00624,novamente,,,652,,kaikki_no_match
wfpt-00529,novas,,,555,,kaikki_no_match
wfpt-01453,nove,noun,,1500,девять,kaikki_pt_ru_enriched
wfpt-02055,novela,noun,,2109,новелла,kaikki_pt_ru_enriched
wfpt-07102,novelas,,,7192,,kaikki_no_match
wfpt-00542,novembro,noun,,568,ноябрь,kaikki_pt_ru_enriched
wfpt-09946,noventa,,,10055,,kaikki_no_match
wfpt-02836,novidade,,,2895,,kaikki_no_match
wfpt-03940,novidades,,,4011,,kaikki_no_match
wfpt-06827,novinha,,,6917,,kaikki_no_match
wfpt-00126,novo,,,136,,kaikki_no_match
wfpt-00581,novos,,,608,,kaikki_no_match
wfpt-05043,now,,,5122,,kaikki_no_match
wfpt-03212,noção,,,3275,,kaikki_no_match
wfpt-07713,nua,,,7808,,kaikki_no_match
wfpt-02725,nuclear,,,2784,,kaikki_no_match
wfpt-06474,nucleares,,,6562,,kaikki_no_match
wfpt-00222,num,,,234,,kaikki_no_match
wfpt-00252,numa,,,265,,kaikki_no_match
wfpt-07714,numero,,,7809,,kaikki_no_match
wfpt-08414,numerosos,,,8510,,kaikki_no_match
wfpt-00103,nunca,,,110,,kaikki_no_match
wfpt-05364,nunes,,,5445,,kaikki_no_match
wfpt-05786,nuno,,,5869,,kaikki_no_match
wfpt-11193,nutrição,,,11310,,kaikki_no_match
wfpt-06133,nuvem,noun,,6218,облако,kaikki_pt_ru_enriched
wfpt-05581,nuvens,,,5664,,kaikki_no_match
wfpt-02101,níveis,,,2155,,kaikki_no_match
wfpt-00530,nível,noun,,556,уровень,kaikki_pt_ru_enriched
wfpt-02968,núcleo,,,3029,,kaikki_no_match
wfpt-00253,número,noun,,266,номер,kaikki_pt_ru_enriched
wfpt-01248,números,noun,,1289,кни́га чи́сел,kaikki_pt_ru_enriched
wfpt-11194,oab,,,11311,,kaikki_no_match
wfpt-05787,obama,,,5870,,kaikki_no_match
wfpt-09947,obedecer,verb,,10056,слушаться,kaikki_pt_ru_enriched
wfpt-03781,objectivo,,,3849,,kaikki_no_match
wfpt-09624,objectivos,,,9730,,kaikki_no_match
wfpt-09790,objecto,,,9898,,kaikki_no_match
wfpt-09791,objetiva,,,9899,,kaikki_no_match
wfpt-00543,objetivo,,,569,,kaikki_no_match
wfpt-02225,objetivos,,,2279,,kaikki_no_match
wfpt-02281,objeto,,,2335,,kaikki_no_match
wfpt-02726,objetos,,,2785,,kaikki_no_match
wfpt-00672,obra,,,702,,kaikki_no_match
wfpt-00795,obras,,,829,,kaikki_no_match
wfpt-07988,obriga,,,8083,,kaikki_no_match
wfpt-00625,obrigada,,,653,,kaikki_no_match
wfpt-00593,obrigado,,,621,,kaikki_no_match
wfpt-07348,obrigados,,,7441,,kaikki_no_match
wfpt-11392,obrigando,,,11509,,kaikki_no_match
wfpt-08559,obrigar,,,8657,,kaikki_no_match
wfpt-07576,obrigatória,,,7671,,kaikki_no_match
wfpt-06239,obrigatório,,,6325,,kaikki_no_match
wfpt-04253,obrigação,,,4329,,kaikki_no_match
wfpt-06705,obrigações,,,6794,,kaikki_no_match
wfpt-10653,obrigou,,,10765,,kaikki_no_match
wfpt-09437,obs,,,9542,,kaikki_no_match
wfpt-05246,observa,,,5326,,kaikki_no_match
wfpt-06828,observado,,,6918,,kaikki_no_match
wfpt-09625,observador,,,9731,,kaikki_no_match
wfpt-04952,observando,,,5031,,kaikki_no_match
wfpt-03439,observar,verb,,3503,следить,kaikki_pt_ru_enriched
wfpt-06965,observatório,,,7055,,kaikki_no_match
wfpt-03568,observação,noun,,3633,наблюдение,kaikki_pt_ru_enriched
wfpt-05788,observações,,,5871,,kaikki_no_match
wfpt-09438,observe,,,9543,,kaikki_no_match
wfpt-06475,observou,,,6563,,kaikki_no_match
wfpt-11994,obsessão,noun,,12116,помешанность,kaikki_pt_ru_enriched
wfpt-09121,obstante,,,9223,,kaikki_no_match
wfpt-09792,obstáculo,,,9900,,kaikki_no_match
wfpt-05789,obstáculos,,,5872,,kaikki_no_match
wfpt-07577,obtenção,,,7672,,kaikki_no_match
wfpt-01395,obter,,,1442,,kaikki_no_match
wfpt-04672,obteve,,,4750,,kaikki_no_match
wfpt-11000,obtida,,,11113,,kaikki_no_match
wfpt-06966,obtido,,,7056,,kaikki_no_match
wfpt-08560,obtidos,,,8658,,kaikki_no_match
wfpt-02969,obviamente,,,3030,,kaikki_no_match
wfpt-10654,ocasionalmente,,,10766,,kaikki_no_match
wfpt-02282,ocasião,noun,,2336,случай,kaikki_pt_ru_enriched
wfpt-05153,ocasiões,,,5232,,kaikki_no_match
wfpt-03512,oceano,noun,,3577,океан,kaikki_pt_ru_enriched
wfpt-11995,oceanos,,,12117,,kaikki_no_match
wfpt-05478,ocidentais,,,5561,,kaikki_no_match
wfpt-02193,ocidental,,,2247,,kaikki_no_match
wfpt-05044,ocidente,,,5123,,kaikki_no_match
wfpt-01806,ocorre,,,1857,,kaikki_no_match
wfpt-04588,ocorrem,,,4666,,kaikki_no_match
wfpt-07103,ocorrendo,,,7193,,kaikki_no_match
wfpt-04254,ocorrer,,,4330,,kaikki_no_match
wfpt-04762,ocorreram,,,4840,,kaikki_no_match
wfpt-01665,ocorreu,,,1714,,kaikki_no_match
wfpt-10822,ocorrida,,,10934,,kaikki_no_match
wfpt-03440,ocorrido,,,3504,,kaikki_no_match
wfpt-09626,ocorridos,,,9732,,kaikki_no_match
wfpt-05365,ocorrência,,,5446,,kaikki_no_match
wfpt-04255,ocupa,,,4331,,kaikki_no_match
wfpt-04953,ocupada,,,5032,,kaikki_no_match
wfpt-11800,ocupadas,,,11921,,kaikki_no_match
wfpt-03722,ocupado,,,3788,,kaikki_no_match
wfpt-07578,ocupados,,,7673,,kaikki_no_match
wfpt-10298,ocupam,,,10407,,kaikki_no_match
wfpt-08140,ocupando,,,8236,,kaikki_no_match
wfpt-04589,ocupar,verb,,4667,занимать,kaikki_pt_ru_enriched
wfpt-02970,ocupação,noun,,3031,оккупация,kaikki_pt_ru_enriched
wfpt-10299,ocupou,,,10408,,kaikki_no_match
wfpt-11571,odebrecht,,,11689,,kaikki_no_match
wfpt-04184,odeia,,,4260,,kaikki_no_match
wfpt-09627,odeiam,,,9733,,kaikki_no_match
wfpt-01965,odeio,,,2019,,kaikki_no_match
wfpt-08271,odiar,,,8367,,kaikki_no_match
wfpt-01602,oeste,noun,,1651,запад,kaikki_pt_ru_enriched
wfpt-09439,ofender,verb,,9544,обижать,kaikki_pt_ru_enriched
wfpt-07579,ofensa,,,7674,,kaikki_no_match
wfpt-06476,ofensiva,,,6564,,kaikki_no_match
wfpt-09948,ofensivo,,,10057,,kaikki_no_match
wfpt-01886,oferece,,,1939,,kaikki_no_match
wfpt-06477,oferecem,,,6565,,kaikki_no_match
wfpt-05247,oferecendo,,,5327,,kaikki_no_match
wfpt-01774,oferecer,,,1825,,kaikki_no_match
wfpt-04339,ofereceu,,,4415,,kaikki_no_match
wfpt-11195,oferecida,,,11312,,kaikki_no_match
wfpt-06478,oferecido,,,6566,,kaikki_no_match
wfpt-11996,oferecidos,,,12118,,kaikki_no_match
wfpt-02472,oferta,noun,,2526,оферта,kaikki_pt_ru_enriched
wfpt-11196,ofertas,,,11313,,kaikki_no_match
wfpt-03031,off,,,3093,,kaikki_no_match
wfpt-06590,office,,,6679,,kaikki_no_match
wfpt-11197,official,,,11314,,kaikki_no_match
wfpt-01396,oficiais,,,1443,,kaikki_no_match
wfpt-00484,oficial,,,506,,kaikki_no_match
wfpt-02330,oficialmente,,,2384,,kaikki_no_match
wfpt-03723,oficina,,,3789,,kaikki_no_match
wfpt-05366,oficinas,,,5447,,kaikki_no_match
wfpt-07715,ofício,,,7810,,kaikki_no_match
wfpt-11001,ohio,,,11114,,kaikki_no_match
wfpt-10464,oitava,,,10575,,kaikki_no_match
wfpt-11393,oitavo,,,11510,,kaikki_no_match
wfpt-09122,oitenta,,,9224,,kaikki_no_match
wfpt-01062,oito,,,1099,,kaikki_no_match
wfpt-08561,okay,,,8659,,kaikki_no_match
wfpt-08562,ola,,,8660,,kaikki_no_match
wfpt-04954,old,,,5033,,kaikki_no_match
wfpt-00411,olha,,,430,,kaikki_no_match
wfpt-03360,olhada,,,3424,,kaikki_no_match
wfpt-09440,olham,,,9545,,kaikki_no_match
wfpt-01666,olhando,,,1715,,kaikki_no_match
wfpt-00673,olhar,,,703,,kaikki_no_match
wfpt-05684,olhares,,,5767,,kaikki_no_match
wfpt-10465,olhava,,,10576,,kaikki_no_match
wfpt-03643,olhe,,,3709,,kaikki_no_match
wfpt-05890,olhei,,,5974,,kaikki_no_match
wfpt-05154,olhem,,,5233,,kaikki_no_match
wfpt-01212,olho,noun,,1251,око,kaikki_pt_ru_enriched
wfpt-00512,olhos,,,538,,kaikki_no_match
wfpt-06134,olhou,,,6219,,kaikki_no_match
wfpt-09441,olimpíada,,,9546,,kaikki_no_match
wfpt-03156,olimpíadas,,,3218,,kaikki_no_match
wfpt-09793,olinda,,,9901,,kaikki_no_match
wfpt-01499,oliveira,,,1546,,kaikki_no_match
wfpt-06364,oliver,,,6452,,kaikki_no_match
wfpt-01159,olá,,,1198,,kaikki_no_match
wfpt-06240,olímpica,,,6326,,kaikki_no_match
wfpt-05790,olímpico,,,5873,,kaikki_no_match
wfpt-05155,olímpicos,,,5234,,kaikki_no_match
wfpt-07989,omar,,,8084,,kaikki_no_match
wfpt-05479,ombro,,,5562,,kaikki_no_match
wfpt-08141,ombros,,,8237,,kaikki_no_match
wfpt-02005,onda,noun,,2059,волна,kaikki_pt_ru_enriched
wfpt-03284,ondas,,,3347,,kaikki_no_match
wfpt-00073,onde,,,78,,kaikki_no_match
wfpt-01180,one,,,1219,,kaikki_no_match
wfpt-08142,ong,,,8238,,kaikki_no_match
wfpt-00696,online,,,726,,kaikki_no_match
wfpt-08143,only,,,8239,,kaikki_no_match
wfpt-00502,ontem,,,525,,kaikki_no_match
wfpt-03782,onu,,,3850,,kaikki_no_match
wfpt-05582,onze,,,5665,,kaikki_no_match
wfpt-11572,opa,,,11690,,kaikki_no_match
wfpt-03285,open,,,3348,,kaikki_no_match
wfpt-06967,opera,,,7057,,kaikki_no_match
wfpt-07990,operacionais,,,8085,,kaikki_no_match
wfpt-04673,operacional,,,4751,,kaikki_no_match
wfpt-11573,operado,,,11691,,kaikki_no_match
wfpt-08272,operador,,,8368,,kaikki_no_match
wfpt-10466,operadora,,,10577,,kaikki_no_match
wfpt-09442,operadoras,,,9547,,kaikki_no_match
wfpt-08144,operadores,,,8240,,kaikki_no_match
wfpt-11002,operando,,,11115,,kaikki_no_match
wfpt-05045,operar,,,5124,,kaikki_no_match
wfpt-01045,operação,noun,,1081,операция,kaikki_pt_ru_enriched
wfpt-01634,operações,,,1683,,kaikki_no_match
wfpt-11574,operário,,,11692,,kaikki_no_match
wfpt-00840,opinião,noun,,874,взгляд,kaikki_pt_ru_enriched
wfpt-03513,opiniões,,,3578,,kaikki_no_match
wfpt-11394,oponente,,,11511,,kaikki_no_match
wfpt-00841,oportunidade,,,875,,kaikki_no_match
wfpt-02226,oportunidades,,,2280,,kaikki_no_match
wfpt-02194,oposição,,,2248,,kaikki_no_match
wfpt-05367,oposto,,,5448,,kaikki_no_match
wfpt-11997,opressão,,,12119,,kaikki_no_match
wfpt-11801,optar,,,11922,,kaikki_no_match
wfpt-08563,optou,,,8661,,kaikki_no_match
wfpt-01454,opção,noun,,1501,вариант,kaikki_pt_ru_enriched
wfpt-03032,opções,,,3094,,kaikki_no_match
wfpt-02435,ora,,,2489,,kaikki_no_match
wfpt-04092,oral,,,4166,,kaikki_no_match
wfpt-11575,orar,verb,,11693,просить,kaikki_pt_ru_enriched
wfpt-06591,orações,,,6680,,kaikki_no_match
wfpt-00582,ordem,noun,,609,заказ,kaikki_pt_ru_enriched
wfpt-11576,ordenado,noun,,11694,оклад,kaikki_pt_ru_enriched
wfpt-06010,ordenou,,,6095,,kaikki_no_match
wfpt-02535,ordens,,,2590,,kaikki_no_match
wfpt-10113,order,,,10222,,kaikki_no_match
wfpt-06968,orelha,noun,,7058,ухо,kaikki_pt_ru_enriched
wfpt-10114,orelhas,,,10223,,kaikki_no_match
wfpt-09123,org,,,9225,,kaikki_no_match
wfpt-06135,organismo,noun,,6220,организм,kaikki_pt_ru_enriched
wfpt-06706,organismos,,,6795,,kaikki_no_match
wfpt-08273,organiza,,,8369,,kaikki_no_match
wfpt-03157,organizada,,,3219,,kaikki_no_match
wfpt-08415,organizadas,,,8511,,kaikki_no_match
wfpt-02684,organizado,,,2741,,kaikki_no_match
wfpt-10823,organizador,,,10935,,kaikki_no_match
wfpt-09276,organizadores,,,9379,,kaikki_no_match
wfpt-07580,organizados,,,7675,,kaikki_no_match
wfpt-02971,organizar,,,3032,,kaikki_no_match
wfpt-00626,organização,noun,,654,организация,kaikki_pt_ru_enriched
wfpt-01846,organizações,,,1899,,kaikki_no_match
wfpt-06365,organizou,,,6453,,kaikki_no_match
wfpt-11577,orgasmo,,,11695,,kaikki_no_match
wfpt-01635,orgulho,,,1684,,kaikki_no_match
wfpt-06136,orgulhosa,,,6221,,kaikki_no_match
wfpt-07349,orgulhoso,,,7442,,kaikki_no_match
wfpt-11998,orgulhosos,,,12120,,kaikki_no_match
wfpt-07581,orgânica,,,7676,,kaikki_no_match
wfpt-11198,orgânico,,,11315,,kaikki_no_match
wfpt-05046,oriental,,,5125,,kaikki_no_match
wfpt-11578,orientar,,,11696,,kaikki_no_match
wfpt-02907,orientação,,,2967,,kaikki_no_match
wfpt-11802,orientações,,,11923,,kaikki_no_match
wfpt-02685,oriente,,,2742,,kaikki_no_match
wfpt-01046,origem,,,1082,,kaikki_no_match
wfpt-05685,origens,,,5768,,kaikki_no_match
wfpt-04012,originais,,,4086,,kaikki_no_match
wfpt-00697,original,,,727,,kaikki_no_match
wfpt-02331,originalmente,,,2385,,kaikki_no_match
wfpt-09124,orkut,,,9226,,kaikki_no_match
wfpt-11803,orla,,,11924,,kaikki_no_match
wfpt-05156,orlando,,,5235,,kaikki_no_match
wfpt-08833,orleans,,,8933,,kaikki_no_match
wfpt-06969,orquestra,noun,,7059,оркестр,kaikki_pt_ru_enriched
wfpt-02837,orçamento,noun,,2896,бюджет,kaikki_pt_ru_enriched
wfpt-02149,oscar,,,2203,,kaikki_no_match
wfpt-05480,osso,noun,,5563,кость,kaikki_pt_ru_enriched
wfpt-05248,ossos,,,5328,,kaikki_no_match
wfpt-11579,oswaldo,,,11697,,kaikki_no_match
wfpt-07862,other,,,7957,,kaikki_no_match
wfpt-10467,otimista,noun,,10578,оптимист,kaikki_pt_ru_enriched
wfpt-11804,otto,,,11925,,kaikki_no_match
wfpt-07863,our,,,7958,,kaikki_no_match
wfpt-00842,ouro,noun,,876,бубны,kaikki_pt_ru_enriched
wfpt-11999,ousadia,,,12121,,kaikki_no_match
wfpt-03033,out,,,3095,,kaikki_no_match
wfpt-06137,outono,noun,,6222,осень,kaikki_pt_ru_enriched
wfpt-00193,outra,,,205,,kaikki_no_match
wfpt-00189,outras,,,201,,kaikki_no_match
wfpt-00131,outro,,,141,,kaikki_no_match
wfpt-10115,outrora,,,10224,,kaikki_no_match
wfpt-00108,outros,,,116,,kaikki_no_match
wfpt-00448,outubro,noun,,468,октябрь,kaikki_pt_ru_enriched
wfpt-03514,ouve,,,3579,,kaikki_no_match
wfpt-10468,ouvem,,,10579,,kaikki_no_match
wfpt-01741,ouvi,,,1792,,kaikki_no_match
wfpt-10116,ouvia,,,10225,,kaikki_no_match
wfpt-02195,ouvido,,,2249,,kaikki_no_match
wfpt-04093,ouvidos,,,4167,,kaikki_no_match
wfpt-07222,ouvimos,,,7314,,kaikki_no_match
wfpt-02380,ouvindo,,,2434,,kaikki_no_match
wfpt-11580,ouvintes,,,11698,,kaikki_no_match
wfpt-00485,ouvir,verb,,507,слушать,kaikki_pt_ru_enriched
wfpt-07864,ouviram,,,7959,,kaikki_no_match
wfpt-02908,ouviu,,,2968,,kaikki_no_match
wfpt-04094,ouça,,,4168,,kaikki_no_match
wfpt-04955,ouço,,,5034,,kaikki_no_match
wfpt-11395,ovelhas,,,11512,,kaikki_no_match
wfpt-06241,over,,,6327,,kaikki_no_match
wfpt-04340,ovo,noun,,4416,яйцо,kaikki_pt_ru_enriched
wfpt-03361,ovos,,,3425,,kaikki_no_match
wfpt-08145,oxford,,,8241,,kaikki_no_match
wfpt-06138,oxigênio,noun,,6223,кислород,kaikki_pt_ru_enriched
wfpt-04763,pablo,,,4841,,kaikki_no_match
wfpt-10117,pacheco,,,10226,,kaikki_no_match
wfpt-02332,paciente,,,2386,,kaikki_no_match
wfpt-02636,pacientes,,,2692,,kaikki_no_match
wfpt-03362,paciência,noun,,3426,пасьянс,kaikki_pt_ru_enriched
wfpt-03724,pacote,,,3790,,kaikki_no_match
wfpt-06242,pacotes,,,6328,,kaikki_no_match
wfpt-06366,pacto,,,6454,,kaikki_no_match
wfpt-10469,pacífica,,,10580,,kaikki_no_match
wfpt-03363,pacífico,,,3427,,kaikki_no_match
wfpt-11003,padaria,noun,,11116,пекарня,kaikki_pt_ru_enriched
wfpt-11805,padilha,,,11926,,kaikki_no_match
wfpt-11199,padrinho,,,11316,,kaikki_no_match
wfpt-01424,padrão,,,1471,,kaikki_no_match
wfpt-02727,padrões,,,2786,,kaikki_no_match
wfpt-09277,paes,,,9380,,kaikki_no_match
wfpt-02056,paga,,,2110,,kaikki_no_match
wfpt-05686,pagam,,,5769,,kaikki_no_match
wfpt-02436,pagamento,,,2490,,kaikki_no_match
wfpt-07582,pagamentos,,,7677,,kaikki_no_match
wfpt-05583,pagando,,,5666,,kaikki_no_match
wfpt-00775,pagar,verb,,809,платить,kaikki_pt_ru_enriched
wfpt-09628,pagas,,,9734,,kaikki_no_match
wfpt-06970,page,,,7060,,kaikki_no_match
wfpt-09629,pagina,,,9735,,kaikki_no_match
wfpt-02227,pago,,,2281,,kaikki_no_match
wfpt-05584,pagos,,,5667,,kaikki_no_match
wfpt-05891,pagou,,,5975,,kaikki_no_match
wfpt-09278,pague,,,9381,,kaikki_no_match
wfpt-08980,paguei,,,9082,,kaikki_no_match
wfpt-00228,pai,noun,,240,отец,kaikki_pt_ru_enriched
wfpt-03941,painel,,,4012,,kaikki_no_match
wfpt-07465,painéis,,,7559,,kaikki_no_match
wfpt-00513,pais,,,539,,kaikki_no_match
wfpt-04495,paisagem,noun,,4572,пейзаж,kaikki_pt_ru_enriched
wfpt-09794,paisagens,,,9902,,kaikki_no_match
wfpt-09125,paiva,,,9227,,kaikki_no_match
wfpt-02228,paixão,noun,,2282,страсть,kaikki_pt_ru_enriched
wfpt-00627,palavra,noun,,655,словo,kaikki_pt_ru_enriched
wfpt-00486,palavras,,,508,,kaikki_no_match
wfpt-01742,palco,,,1793,,kaikki_no_match
wfpt-09443,palcos,,,9548,,kaikki_no_match
wfpt-07104,palestina,noun,,7194,палестина,kaikki_pt_ru_enriched
wfpt-06011,palestra,,,6096,,kaikki_no_match
wfpt-05481,palestras,,,5564,,kaikki_no_match
wfpt-08981,palha,noun,,9083,солома,kaikki_pt_ru_enriched
wfpt-06367,palhaço,noun,,6455,шут,kaikki_pt_ru_enriched
wfpt-09795,palhaços,,,9903,,kaikki_no_match
wfpt-06479,palma,,,6567,,kaikki_no_match
wfpt-05687,palmas,,,5770,,kaikki_no_match
wfpt-03515,palmeiras,,,3580,,kaikki_no_match
wfpt-10655,palpite,,,10767,,kaikki_no_match
wfpt-02381,palácio,noun,,2435,дворец,kaikki_pt_ru_enriched
wfpt-04496,pan,,,4573,,kaikki_no_match
wfpt-06368,panamá,noun,,6456,панама,kaikki_pt_ru_enriched
wfpt-11581,panda,noun,,11699,панда,kaikki_pt_ru_enriched
wfpt-07583,pandemia,noun,,7678,пандемия,kaikki_pt_ru_enriched
wfpt-07223,panela,,,7315,,kaikki_no_match
wfpt-05482,pano,,,5565,,kaikki_no_match
wfpt-06971,panorama,,,7061,,kaikki_no_match
wfpt-02150,papa,noun,,2204,папство,kaikki_pt_ru_enriched
wfpt-03286,papai,noun,,3349,папа,kaikki_pt_ru_enriched
wfpt-00432,papel,noun,,452,бумага,kaikki_pt_ru_enriched
wfpt-02838,papo,,,2897,,kaikki_no_match
wfpt-03442,papéis,,,3506,,kaikki_no_match
wfpt-05892,paquistão,noun,,5976,пакистан,kaikki_pt_ru_enriched
wfpt-02006,par,noun,,2060,пара,kaikki_pt_ru_enriched
wfpt-01275,parabéns,,,1317,,kaikki_no_match
wfpt-02102,parada,noun,,2156,aaa,kaikki_pt_ru_enriched
wfpt-05688,paradas,,,5771,,kaikki_no_match
wfpt-10300,paradigma,noun,,10409,парадигма,kaikki_pt_ru_enriched
wfpt-04013,parado,,,4087,,kaikki_no_match
wfpt-03644,paraguai,noun,,3710,парагвай,kaikki_pt_ru_enriched
wfpt-11806,paralelamente,,,11927,,kaikki_no_match
wfpt-05893,paralelo,,,5977,,kaikki_no_match
wfpt-11200,paralisação,,,11317,,kaikki_no_match
wfpt-08834,param,,,8934,,kaikki_no_match
wfpt-10301,paranaense,,,10410,,kaikki_no_match
wfpt-02473,paraná,,,2527,,kaikki_no_match
wfpt-00628,parar,verb,,656,остановить,kaikki_pt_ru_enriched
wfpt-07584,pararam,,,7679,,kaikki_no_match
wfpt-04423,paraíba,,,4500,,kaikki_no_match
wfpt-03287,paraíso,noun,,3350,рай,kaikki_pt_ru_enriched
wfpt-06592,parceira,,,6681,,kaikki_no_match
wfpt-02382,parceiro,,,2436,,kaikki_no_match
wfpt-03364,parceiros,,,3428,,kaikki_no_match
wfpt-05585,parcela,noun,,5668,слагаемое,kaikki_pt_ru_enriched
wfpt-01297,parceria,,,1339,,kaikki_no_match
wfpt-06480,parcerias,,,6568,,kaikki_no_match
wfpt-05483,parcial,,,5566,,kaikki_no_match
wfpt-05894,parcialmente,,,5978,,kaikki_no_match
wfpt-03288,pare,,,3351,,kaikki_no_match
wfpt-00217,parece,,,229,,kaikki_no_match
wfpt-02057,parecem,,,2111,,kaikki_no_match
wfpt-08416,parecendo,,,8512,,kaikki_no_match
wfpt-01743,parecer,verb,,1794,появляться,kaikki_pt_ru_enriched
wfpt-06707,pareceu,,,6796,,kaikki_no_match
wfpt-02196,parecia,,,2250,,kaikki_no_match
wfpt-08274,pareciam,,,8370,,kaikki_no_match
wfpt-06243,parecida,,,6329,,kaikki_no_match
wfpt-11396,parecidas,,,11513,,kaikki_no_match
wfpt-04497,parecido,,,4574,,kaikki_no_match
wfpt-10656,parecidos,,,10768,,kaikki_no_match
wfpt-01966,parede,noun,,2020,стена,kaikki_pt_ru_enriched
wfpt-02728,paredes,,,2787,,kaikki_no_match
wfpt-06369,parei,,,6457,,kaikki_no_match
wfpt-02729,parem,,,2788,,kaikki_no_match
wfpt-05895,parente,,,5979,,kaikki_no_match
wfpt-04498,parentes,,,4575,,kaikki_no_match
wfpt-05586,pares,,,5669,,kaikki_no_match
wfpt-06972,pareça,,,7062,,kaikki_no_match
wfpt-07224,pareço,,,7316,,kaikki_no_match
wfpt-01326,paris,noun,,1368,париж,kaikki_pt_ru_enriched
wfpt-03213,park,,,3276,,kaikki_no_match
wfpt-07991,parker,,,8086,,kaikki_no_match
wfpt-03516,parlamentar,,,3581,,kaikki_no_match
wfpt-04674,parlamentares,,,4752,,kaikki_no_match
wfpt-02588,parlamento,noun,,2644,m,kaikki_pt_ru_enriched
wfpt-02589,parou,,,2645,,kaikki_no_match
wfpt-01019,parque,noun,,1055,парк,kaikki_pt_ru_enriched
wfpt-06593,parques,,,6682,,kaikki_no_match
wfpt-05689,part,,,5772,,kaikki_no_match
wfpt-00107,parte,,,114,,kaikki_no_match
wfpt-11201,partem,,,11318,,kaikki_no_match
wfpt-00937,partes,,,971,,kaikki_no_match
wfpt-04861,participa,,,4939,,kaikki_no_match
wfpt-08146,participado,,,8242,,kaikki_no_match
wfpt-05690,participam,,,5773,,kaikki_no_match
wfpt-04862,participando,,,4940,,kaikki_no_match
wfpt-05157,participante,,,5236,,kaikki_no_match
wfpt-01327,participantes,,,1369,,kaikki_no_match
wfpt-01111,participar,,,1149,,kaikki_no_match
wfpt-03034,participaram,,,3096,,kaikki_no_match
wfpt-00683,participação,,,713,,kaikki_no_match
wfpt-08982,participações,,,9084,,kaikki_no_match
wfpt-08695,participe,,,8794,,kaikki_no_match
wfpt-02785,participou,,,2844,,kaikki_no_match
wfpt-01360,particular,,,1403,,kaikki_no_match
wfpt-04424,particulares,,,4501,,kaikki_no_match
wfpt-02686,particularmente,,,2743,,kaikki_no_match
wfpt-01361,partida,,,1404,,kaikki_no_match
wfpt-05047,partidas,,,5126,,kaikki_no_match
wfpt-00544,partido,noun,,570,партия,kaikki_pt_ru_enriched
wfpt-02437,partidos,,,2491,,kaikki_no_match
wfpt-11004,partidária,,,11117,,kaikki_no_match
wfpt-11582,partidários,,,11700,,kaikki_no_match
wfpt-07105,partilha,,,7195,,kaikki_no_match
wfpt-05791,partilhar,,,5874,,kaikki_no_match
wfpt-06594,partindo,,,6683,,kaikki_no_match
wfpt-00282,partir,,,298,,kaikki_no_match
wfpt-11005,partiram,,,11118,,kaikki_no_match
wfpt-03365,partiu,,,3429,,kaikki_no_match
wfpt-03855,parto,,,3925,,kaikki_no_match
wfpt-05792,party,,,5875,,kaikki_no_match
wfpt-08417,partículas,,,8513,,kaikki_no_match
wfpt-02786,pará,,,2845,,kaikki_no_match
wfpt-11006,parágrafo,,,11119,,kaikki_no_match
wfpt-07992,parâmetros,,,8087,,kaikki_no_match
wfpt-09949,paródia,,,10058,,kaikki_no_match
wfpt-08835,pas,,,8935,,kaikki_no_match
wfpt-00449,passa,,,469,,kaikki_no_match
wfpt-01298,passada,,,1340,,kaikki_no_match
wfpt-08275,passadas,,,8371,,kaikki_no_match
wfpt-00400,passado,,,418,,kaikki_no_match
wfpt-06973,passados,,,7063,,kaikki_no_match
wfpt-08836,passageiro,noun,,8936,пассажир,kaikki_pt_ru_enriched
wfpt-02637,passageiros,,,2693,,kaikki_no_match
wfpt-01455,passagem,noun,,1502,билет,kaikki_pt_ru_enriched
wfpt-04014,passagens,,,4088,,kaikki_no_match
wfpt-02197,passam,,,2251,,kaikki_no_match
wfpt-04764,passamos,,,4842,,kaikki_no_match
wfpt-01088,passando,,,1125,,kaikki_no_match
wfpt-05896,passaporte,noun,,5980,паспорт,kaikki_pt_ru_enriched
wfpt-00362,passar,,,380,,kaikki_no_match
wfpt-01603,passaram,,,1652,,kaikki_no_match
wfpt-11807,passarem,,,11928,,kaikki_no_match
wfpt-09950,passaria,,,10059,,kaikki_no_match
wfpt-08418,passará,,,8514,,kaikki_no_match
wfpt-04341,passava,,,4417,,kaikki_no_match
wfpt-11808,passavam,,,11929,,kaikki_no_match
wfpt-02283,passe,,,2337,,kaikki_no_match
wfpt-06708,passear,,,6797,,kaikki_no_match
wfpt-01847,passei,,,1900,,kaikki_no_match
wfpt-03725,passeio,noun,,3791,прогулка,kaikki_pt_ru_enriched
wfpt-11007,passeios,,,11120,,kaikki_no_match
wfpt-08696,passem,,,8796,,kaikki_no_match
wfpt-11809,passes,,,11930,,kaikki_no_match
wfpt-00757,passo,noun,,790,след,kaikki_pt_ru_enriched
wfpt-02284,passos,,,2338,,kaikki_no_match
wfpt-00461,passou,,,481,,kaikki_no_match
wfpt-05484,pasta,,,5567,,kaikki_no_match
wfpt-03035,pastor,noun,,3097,пастор,kaikki_pt_ru_enriched
wfpt-08983,pastoral,,,9085,,kaikki_no_match
wfpt-10470,pastores,,,10581,,kaikki_no_match
wfpt-11583,pat,,,11701,,kaikki_no_match
wfpt-11584,patamar,,,11702,,kaikki_no_match
wfpt-09630,patas,,,9736,,kaikki_no_match
wfpt-07716,patente,noun,,7811,патент,kaikki_pt_ru_enriched
wfpt-10657,patentes,,,10769,,kaikki_no_match
wfpt-06244,pato,noun,,6330,утка,kaikki_pt_ru_enriched
wfpt-10824,patos,,,10936,,kaikki_no_match
wfpt-10471,patricia,,,10582,,kaikki_no_match
wfpt-04765,patrick,,,4843,,kaikki_no_match
wfpt-07106,património,,,7196,,kaikki_no_match
wfpt-02536,patrimônio,,,2591,,kaikki_no_match
wfpt-11397,patrocinadores,,,11514,,kaikki_no_match
wfpt-06370,patrocínio,,,6458,,kaikki_no_match
wfpt-08564,patrulha,,,8662,,kaikki_no_match
wfpt-07350,patrão,,,7443,,kaikki_no_match
wfpt-10118,patrícia,,,10227,,kaikki_no_match
wfpt-02438,pau,,,2492,,kaikki_no_match
wfpt-01932,paul,,,1985,,kaikki_no_match
wfpt-02333,paula,,,2387,,kaikki_no_match
wfpt-09951,paulinho,,,10060,,kaikki_no_match
wfpt-11585,paulino,,,11703,,kaikki_no_match
wfpt-01667,paulista,,,1716,,kaikki_no_match
wfpt-00186,paulo,noun,,197,павел,kaikki_pt_ru_enriched
wfpt-05691,pausa,noun,,5774,пауза,kaikki_pt_ru_enriched
wfpt-05250,pauta,,,5330,,kaikki_no_match
wfpt-09126,pavilhão,,,9228,,kaikki_no_match
wfpt-00433,paz,noun,,453,мир,kaikki_pt_ru_enriched
wfpt-00202,país,noun,,214,страна,kaikki_pt_ru_enriched
wfpt-00450,países,,,470,,kaikki_no_match
wfpt-04766,pdf,,,4844,,kaikki_no_match
wfpt-08565,pec,,,8663,,kaikki_no_match
wfpt-09631,peculiar,,,9737,,kaikki_no_match
wfpt-08984,pecuária,noun,,9086,животново́дство,kaikki_pt_ru_enriched
wfpt-03942,pedaço,,,4013,,kaikki_no_match
wfpt-05251,pedaços,,,5331,,kaikki_no_match
wfpt-01533,pede,,,1581,,kaikki_no_match
wfpt-05587,pedem,,,5670,,kaikki_no_match
wfpt-11586,pedestres,,,11704,,kaikki_no_match
wfpt-02285,pedi,,,2339,,kaikki_no_match
wfpt-09632,pedia,,,9738,,kaikki_no_match
wfpt-01089,pedido,noun,,1126,приказ,kaikki_pt_ru_enriched
wfpt-03158,pedidos,,,3220,,kaikki_no_match
wfpt-05485,pedimos,,,5568,,kaikki_no_match
wfpt-01668,pedindo,,,1717,,kaikki_no_match
wfpt-00684,pedir,,,714,,kaikki_no_match
wfpt-06012,pediram,,,6097,,kaikki_no_match
wfpt-01213,pediu,,,1252,,kaikki_no_match
wfpt-01604,pedra,noun,,1653,камень,kaikki_pt_ru_enriched
wfpt-02638,pedras,,,2694,,kaikki_no_match
wfpt-00796,pedro,noun,,830,пётр,kaikki_pt_ru_enriched
wfpt-02286,pega,,,2340,,kaikki_no_match
wfpt-10472,pegada,,,10583,,kaikki_no_match
wfpt-11202,pegam,,,11319,,kaikki_no_match
wfpt-04863,pegando,,,4941,,kaikki_no_match
wfpt-00713,pegar,,,744,,kaikki_no_match
wfpt-10119,pegaram,,,10228,,kaikki_no_match
wfpt-03099,pego,,,3161,,kaikki_no_match
wfpt-02334,pegou,,,2388,,kaikki_no_match
wfpt-07585,pegue,,,7680,,kaikki_no_match
wfpt-02474,peguei,,,2528,,kaikki_no_match
wfpt-02639,peito,,,2695,,kaikki_no_match
wfpt-07107,peitos,,,7197,,kaikki_no_match
wfpt-02287,peixe,noun,,2341,рыба,kaikki_pt_ru_enriched
wfpt-02687,peixes,noun,,2744,рыбы,kaikki_pt_ru_enriched
wfpt-00047,pela,,,52,,kaikki_no_match
wfpt-00370,pelas,,,388,,kaikki_no_match
wfpt-01605,pele,noun,,1654,шкура,kaikki_pt_ru_enriched
wfpt-00042,pelo,,,47,,kaikki_no_match
wfpt-00209,pelos,,,221,,kaikki_no_match
wfpt-11398,pelé,,,11515,,kaikki_no_match
wfpt-10825,pen,,,10937,,kaikki_no_match
wfpt-00474,pena,noun,,496,перо,kaikki_pt_ru_enriched
wfpt-02590,penal,,,2646,,kaikki_no_match
wfpt-05588,penas,,,5671,,kaikki_no_match
wfpt-10302,penetração,,,10411,,kaikki_no_match
wfpt-07865,penha,,,7960,,kaikki_no_match
wfpt-11810,penitenciária,,,11931,,kaikki_no_match
wfpt-00938,pensa,,,972,,kaikki_no_match
wfpt-06371,pensado,,,6459,,kaikki_no_match
wfpt-02229,pensam,,,2283,,kaikki_no_match
wfpt-01669,pensamento,noun,,1718,мышление,kaikki_pt_ru_enriched
wfpt-02230,pensamentos,,,2284,,kaikki_no_match
wfpt-06595,pensamos,,,6684,,kaikki_no_match
wfpt-00907,pensando,,,941,,kaikki_no_match
wfpt-00412,pensar,verb,,431,найти,kaikki_pt_ru_enriched
wfpt-11203,pensaram,,,11320,,kaikki_no_match
wfpt-04095,pensava,,,4169,,kaikki_no_match
wfpt-02839,pense,,,2898,,kaikki_no_match
wfpt-01181,pensei,,,1220,,kaikki_no_match
wfpt-08419,pensem,,,8515,,kaikki_no_match
wfpt-01214,penso,,,1253,,kaikki_no_match
wfpt-03289,pensou,,,3352,,kaikki_no_match
wfpt-07466,pensão,,,7560,,kaikki_no_match
wfpt-09280,península,noun,,9383,полуостров,kaikki_pt_ru_enriched
wfpt-07351,people,,,7444,,kaikki_no_match
wfpt-00741,pequena,,,773,,kaikki_no_match
wfpt-01606,pequenas,,,1655,,kaikki_no_match
wfpt-00698,pequeno,,,728,,kaikki_no_match
wfpt-01500,pequenos,,,1547,,kaikki_no_match
wfpt-05897,pequim,noun,,5982,пекин,kaikki_pt_ru_enriched
wfpt-05692,per,,,5775,,kaikki_no_match
wfpt-02688,perante,,,2745,,kaikki_no_match
wfpt-04425,perca,noun,,4502,о́кунь,kaikki_pt_ru_enriched
wfpt-02972,percebe,,,3033,,kaikki_no_match
wfpt-08420,percebem,,,8516,,kaikki_no_match
wfpt-09127,percebemos,,,9229,,kaikki_no_match
wfpt-10658,percebendo,,,10770,,kaikki_no_match
wfpt-01456,perceber,,,1503,,kaikki_no_match
wfpt-08697,perceberam,,,8797,,kaikki_no_match
wfpt-04256,percebeu,,,4332,,kaikki_no_match
wfpt-02787,percebi,,,2846,,kaikki_no_match
wfpt-07717,percebido,,,7812,,kaikki_no_match
wfpt-04185,percebo,,,4261,,kaikki_no_match
wfpt-04499,percepção,,,4576,,kaikki_no_match
wfpt-11399,perco,,,11516,,kaikki_no_match
wfpt-08276,percorrer,,,8372,,kaikki_no_match
wfpt-04342,percurso,,,4418,,kaikki_no_match
wfpt-11008,percy,,,11121,,kaikki_no_match
wfpt-01501,perda,,,1548,,kaikki_no_match
wfpt-05252,perdas,,,5332,,kaikki_no_match
wfpt-02909,perde,,,2969,,kaikki_no_match
wfpt-06829,perdem,,,6919,,kaikki_no_match
wfpt-06013,perdemos,,,6098,,kaikki_no_match
wfpt-02475,perdendo,,,2529,,kaikki_no_match
wfpt-00674,perder,,,704,,kaikki_no_match
wfpt-04257,perderam,,,4333,,kaikki_no_match
wfpt-00998,perdeu,,,1034,,kaikki_no_match
wfpt-01933,perdi,,,1986,,kaikki_no_match
wfpt-04015,perdida,,,4089,,kaikki_no_match
wfpt-09128,perdidas,,,9230,,kaikki_no_match
wfpt-02007,perdido,,,2061,,kaikki_no_match
wfpt-05693,perdidos,,,5776,,kaikki_no_match
wfpt-09281,perdoa,,,9384,,kaikki_no_match
wfpt-05694,perdoar,,,5777,,kaikki_no_match
wfpt-08421,perdoe,,,8517,,kaikki_no_match
wfpt-03215,perdão,noun,,3278,прощение,kaikki_pt_ru_enriched
wfpt-02231,pereira,noun,,2285,груша,kaikki_pt_ru_enriched
wfpt-01967,perfeita,,,2021,,kaikki_no_match
wfpt-03856,perfeitamente,,,3927,,kaikki_no_match
wfpt-09633,perfeitas,,,9739,,kaikki_no_match
wfpt-01090,perfeito,,,1127,,kaikki_no_match
wfpt-08277,perfeitos,,,8373,,kaikki_no_match
wfpt-06372,perfeição,,,6460,,kaikki_no_match
wfpt-00983,perfil,,,1018,,kaikki_no_match
wfpt-06974,perfis,,,7064,,kaikki_no_match
wfpt-03216,performance,,,3279,,kaikki_no_match
wfpt-10120,performances,,,10229,,kaikki_no_match
wfpt-05589,perfume,noun,,5672,духи,kaikki_pt_ru_enriched
wfpt-00629,pergunta,noun,,657,вопрос,kaikki_pt_ru_enriched
wfpt-11009,perguntado,,,11122,,kaikki_no_match
wfpt-06481,perguntam,,,6569,,kaikki_no_match
wfpt-03159,perguntando,,,3221,,kaikki_no_match
wfpt-01848,perguntar,,,1901,,kaikki_no_match
wfpt-09634,perguntaram,,,9740,,kaikki_no_match
wfpt-01249,perguntas,,,1290,,kaikki_no_match
wfpt-05590,pergunte,,,5673,,kaikki_no_match
wfpt-04675,perguntei,,,4753,,kaikki_no_match
wfpt-03444,pergunto,,,3508,,kaikki_no_match
wfpt-02383,perguntou,,,2437,,kaikki_no_match
wfpt-09282,periferia,,,9385,,kaikki_no_match
wfpt-01849,perigo,noun,,1902,опасность,kaikki_pt_ru_enriched
wfpt-08278,perigos,,,8374,,kaikki_no_match
wfpt-06014,perigosa,,,6099,,kaikki_no_match
wfpt-08985,perigosas,,,9087,,kaikki_no_match
wfpt-03569,perigoso,,,3634,,kaikki_no_match
wfpt-08698,perigosos,,,8798,,kaikki_no_match
wfpt-11204,perito,,,11321,,kaikki_no_match
wfpt-11205,periódico,,,11322,,kaikki_no_match
wfpt-03160,permanece,,,3222,,kaikki_no_match
wfpt-06975,permanecem,,,7065,,kaikki_no_match
wfpt-03783,permanecer,,,3852,,kaikki_no_match
wfpt-11587,permaneceram,,,11705,,kaikki_no_match
wfpt-07993,permaneceu,,,8088,,kaikki_no_match
wfpt-02730,permanente,,,2789,,kaikki_no_match
wfpt-09444,permanentemente,,,9549,,kaikki_no_match
wfpt-09796,permanentes,,,9904,,kaikki_no_match
wfpt-07586,permanência,,,7681,,kaikki_no_match
wfpt-02973,permissão,noun,,3034,разрешение,kaikki_pt_ru_enriched
wfpt-05898,permita,,,5983,,kaikki_no_match
wfpt-10121,permitam,,,10230,,kaikki_no_match
wfpt-01276,permite,,,1318,,kaikki_no_match
wfpt-04426,permitem,,,4503,,kaikki_no_match
wfpt-11010,permitida,,,11123,,kaikki_no_match
wfpt-04427,permitido,,,4504,,kaikki_no_match
wfpt-03570,permitindo,,,3635,,kaikki_no_match
wfpt-02008,permitir,,,2062,,kaikki_no_match
wfpt-10303,permitiram,,,10412,,kaikki_no_match
wfpt-09445,permitirá,,,9550,,kaikki_no_match
wfpt-04864,permitiu,,,4942,,kaikki_no_match
wfpt-03036,perna,,,3098,,kaikki_no_match
wfpt-02840,pernambuco,,,2899,,kaikki_no_match
wfpt-02439,pernas,,,2493,,kaikki_no_match
wfpt-10304,perpétua,,,10413,,kaikki_no_match
wfpt-06139,perry,,,6224,,kaikki_no_match
wfpt-07718,persa,,,7813,,kaikki_no_match
wfpt-11206,perseguido,,,11323,,kaikki_no_match
wfpt-08566,perseguir,,,8664,,kaikki_no_match
wfpt-04096,perseguição,,,4170,,kaikki_no_match
wfpt-01457,personagem,,,1504,,kaikki_no_match
wfpt-01670,personagens,,,1719,,kaikki_no_match
wfpt-10826,personal,,,10938,,kaikki_no_match
wfpt-02640,personalidade,,,2696,,kaikki_no_match
wfpt-05695,personalidades,,,5778,,kaikki_no_match
wfpt-02641,perspectiva,,,2697,,kaikki_no_match
wfpt-06140,perspectivas,,,6225,,kaikki_no_match
wfpt-02384,pertence,,,2438,,kaikki_no_match
wfpt-06141,pertencem,,,6226,,kaikki_no_match
wfpt-09635,pertencente,,,9741,,kaikki_no_match
wfpt-09129,pertencentes,,,9231,,kaikki_no_match
wfpt-10473,pertencer,,,10584,,kaikki_no_match
wfpt-11400,pertences,,,11517,,kaikki_no_match
wfpt-10122,pertencia,,,10231,,kaikki_no_match
wfpt-00487,perto,,,509,,kaikki_no_match
wfpt-11811,perturbar,,,11932,,kaikki_no_match
wfpt-02385,peru,noun,,2439,перу,kaikki_pt_ru_enriched
wfpt-11207,peruano,,,11324,,kaikki_no_match
wfpt-08837,perímetro,noun,,8937,периметр,kaikki_pt_ru_enriched
wfpt-00514,período,,,540,,kaikki_no_match
wfpt-05048,períodos,,,5127,,kaikki_no_match
wfpt-09130,pesa,,,9232,,kaikki_no_match
wfpt-04865,pesada,,,4943,,kaikki_no_match
wfpt-07994,pesadas,,,8089,,kaikki_no_match
wfpt-05899,pesadelo,noun,,5984,кошмар,kaikki_pt_ru_enriched
wfpt-03445,pesado,,,3509,,kaikki_no_match
wfpt-08567,pesados,,,8665,,kaikki_no_match
wfpt-08986,pesar,verb,,9088,весить,kaikki_pt_ru_enriched
wfpt-04500,pesca,noun,,4577,рыболовство,kaikki_pt_ru_enriched
wfpt-07719,pescadores,,,7814,,kaikki_no_match
wfpt-02841,pescoço,noun,,2900,шея,kaikki_pt_ru_enriched
wfpt-01502,peso,noun,,1549,вес,kaikki_pt_ru_enriched
wfpt-07720,pesos,,,7815,,kaikki_no_match
wfpt-00742,pesquisa,,,774,,kaikki_no_match
wfpt-06142,pesquisador,,,6227,,kaikki_no_match
wfpt-11812,pesquisadora,,,11933,,kaikki_no_match
wfpt-04016,pesquisadores,,,4090,,kaikki_no_match
wfpt-04866,pesquisar,,,4944,,kaikki_no_match
wfpt-01934,pesquisas,,,1987,,kaikki_no_match
wfpt-00223,pessoa,,,235,,kaikki_no_match
wfpt-01807,pessoais,,,1858,,kaikki_no_match
wfpt-00425,pessoal,noun,,445,штат,kaikki_pt_ru_enriched
wfpt-02476,pessoalmente,,,2530,,kaikki_no_match
wfpt-00053,pessoas,,,58,,kaikki_no_match
wfpt-09952,peste,noun,,10061,бич,kaikki_pt_ru_enriched
wfpt-10827,pet,,,10939,,kaikki_no_match
wfpt-11011,pete,,,11124,,kaikki_no_match
wfpt-01887,peter,,,1940,,kaikki_no_match
wfpt-10305,petista,,,10414,,kaikki_no_match
wfpt-07225,petição,noun,,7317,петиция,kaikki_pt_ru_enriched
wfpt-04676,petrobras,,,4754,,kaikki_no_match
wfpt-02591,petróleo,noun,,2647,нефть,kaikki_pt_ru_enriched
wfpt-01277,peça,,,1319,,kaikki_no_match
wfpt-01744,peças,,,1795,,kaikki_no_match
wfpt-02477,peço,,,2531,,kaikki_no_match
wfpt-08422,phil,,,8518,,kaikki_no_match
wfpt-10306,philip,,,10415,,kaikki_no_match
wfpt-11588,philips,,,11706,,kaikki_no_match
wfpt-10828,phoenix,,,10940,,kaikki_no_match
wfpt-09636,photo,,,9742,,kaikki_no_match
wfpt-07866,pia,,,7961,,kaikki_no_match
wfpt-02103,piada,,,2157,,kaikki_no_match
wfpt-04767,piadas,,,4845,,kaikki_no_match
wfpt-05253,piano,noun,,5333,фортепиано,kaikki_pt_ru_enriched
wfpt-05158,piauí,,,5237,,kaikki_no_match
wfpt-04258,pib,,,4334,,kaikki_no_match
wfpt-07867,pica,,,7962,,kaikki_no_match
wfpt-06596,pico,,,6685,,kaikki_no_match
wfpt-06143,piedade,,,6228,,kaikki_no_match
wfpt-07108,pierre,,,7198,,kaikki_no_match
wfpt-08838,pilar,,,8938,,kaikki_no_match
wfpt-09637,pilares,,,9743,,kaikki_no_match
wfpt-09131,pilha,noun,,9233,ворох,kaikki_pt_ru_enriched
wfpt-02335,piloto,noun,,2389,пилот,kaikki_pt_ru_enriched
wfpt-05793,pilotos,,,5876,,kaikki_no_match
wfpt-04428,pimenta,,,4505,,kaikki_no_match
wfpt-09283,pimentel,,,9386,,kaikki_no_match
wfpt-05696,pinheiro,noun,,5779,сосна,kaikki_pt_ru_enriched
wfpt-09953,pink,,,10062,,kaikki_no_match
wfpt-11208,pinta,,,11325,,kaikki_no_match
wfpt-05794,pintar,verb,,5877,писать,kaikki_pt_ru_enriched
wfpt-02788,pinto,noun,,2847,цыплёнок,kaikki_pt_ru_enriched
wfpt-09446,pintor,noun,,9551,маляр,kaikki_pt_ru_enriched
wfpt-02974,pintura,noun,,3035,картина,kaikki_pt_ru_enriched
wfpt-06830,pinturas,,,6920,,kaikki_no_match
wfpt-11209,pioneira,,,11326,,kaikki_no_match
wfpt-10123,pioneiro,,,10232,,kaikki_no_match
wfpt-11589,pioneiros,,,11707,,kaikki_no_match
wfpt-00714,pior,,,745,,kaikki_no_match
wfpt-06597,piorar,,,6686,,kaikki_no_match
wfpt-03037,piores,,,3099,,kaikki_no_match
wfpt-11401,pipa,,,11518,,kaikki_no_match
wfpt-09447,pipoca,,,9552,,kaikki_no_match
wfpt-07721,pirata,noun,,7816,пират,kaikki_pt_ru_enriched
wfpt-08279,piratas,,,8375,,kaikki_no_match
wfpt-05900,pires,,,5985,,kaikki_no_match
wfpt-09638,pirâmide,noun,,9744,пирамида,kaikki_pt_ru_enriched
wfpt-10659,pisa,,,10771,,kaikki_no_match
wfpt-11012,pisar,verb,,11125,топать,kaikki_pt_ru_enriched
wfpt-02478,piscina,noun,,2532,бассейн,kaikki_pt_ru_enriched
wfpt-05697,piso,,,5780,,kaikki_no_match
wfpt-01850,pista,,,1903,,kaikki_no_match
wfpt-04956,pistas,,,5035,,kaikki_no_match
wfpt-07467,pistola,noun,,7561,пистолет,kaikki_pt_ru_enriched
wfpt-04677,pizza,noun,,4755,пицца,kaikki_pt_ru_enriched
wfpt-03446,placa,noun,,3510,знак,kaikki_pt_ru_enriched
wfpt-05698,placar,,,5781,,kaikki_no_match
wfpt-04501,placas,,,4578,,kaikki_no_match
wfpt-07868,place,,,7963,,kaikki_no_match
wfpt-06245,planalto,noun,,6331,плато,kaikki_pt_ru_enriched
wfpt-07722,planeja,,,7817,,kaikki_no_match
wfpt-09132,planejada,,,9234,,kaikki_no_match
wfpt-05486,planejado,,,5569,,kaikki_no_match
wfpt-03645,planejamento,,,3711,,kaikki_no_match
wfpt-06482,planejando,,,6570,,kaikki_no_match
wfpt-09448,planejar,,,9553,,kaikki_no_match
wfpt-01250,planeta,noun,,1291,планета,kaikki_pt_ru_enriched
wfpt-07587,planetas,,,7682,,kaikki_no_match
wfpt-00545,plano,noun,,571,плоскость,kaikki_pt_ru_enriched
wfpt-01251,planos,,,1292,,kaikki_no_match
wfpt-03038,planta,noun,,3100,растения,kaikki_pt_ru_enriched
wfpt-08699,plantar,,,8799,,kaikki_no_match
wfpt-02336,plantas,,,2390,,kaikki_no_match
wfpt-11590,plantação,,,11708,,kaikki_no_match
wfpt-10474,plantações,,,10585,,kaikki_no_match
wfpt-10660,plantio,,,10772,,kaikki_no_match
wfpt-08839,plantão,,,8939,,kaikki_no_match
wfpt-01572,plataforma,,,1621,,kaikki_no_match
wfpt-03857,plataformas,,,3928,,kaikki_no_match
wfpt-07352,plateia,,,7445,,kaikki_no_match
wfpt-03858,play,,,3929,,kaikki_no_match
wfpt-11013,playboy,,,11126,,kaikki_no_match
wfpt-10124,player,,,10233,,kaikki_no_match
wfpt-11210,playstation,,,11327,,kaikki_no_match
wfpt-10307,plaza,,,10416,,kaikki_no_match
wfpt-09639,please,,,9745,,kaikki_no_match
wfpt-10308,pleito,,,10417,,kaikki_no_match
wfpt-04017,plena,,,4091,,kaikki_no_match
wfpt-08568,plenamente,,,8666,,kaikki_no_match
wfpt-03290,pleno,,,3353,,kaikki_no_match
wfpt-08147,plenário,,,8243,,kaikki_no_match
wfpt-11014,plural,noun,,11127,множественное число,kaikki_pt_ru_enriched
wfpt-05901,plus,,,5986,,kaikki_no_match
wfpt-11211,plástica,,,11328,,kaikki_no_match
wfpt-09449,plásticas,,,9554,,kaikki_no_match
wfpt-04429,plástico,,,4506,,kaikki_no_match
wfpt-11015,plásticos,,,11128,,kaikki_no_match
wfpt-05368,pmdb,,,5449,,kaikki_no_match
wfpt-10475,pneu,,,10586,,kaikki_no_match
wfpt-07468,pneus,,,7562,,kaikki_no_match
wfpt-01534,pobre,,,1582,,kaikki_no_match
wfpt-02731,pobres,,,2790,,kaikki_no_match
wfpt-04259,pobreza,noun,,4335,бедность,kaikki_pt_ru_enriched
wfpt-08700,podcast,,,8800,,kaikki_no_match
wfpt-00052,pode,,,57,,kaikki_no_match
wfpt-00174,podem,,,184,,kaikki_no_match
wfpt-00546,podemos,,,572,,kaikki_no_match
wfpt-03291,podendo,,,3354,,kaikki_no_match
wfpt-08840,poderem,,,8940,,kaikki_no_match
wfpt-08423,poderemos,,,8519,,kaikki_no_match
wfpt-02009,poderes,,,2063,,kaikki_no_match
wfpt-00417,poderia,,,437,,kaikki_no_match
wfpt-01935,poderiam,,,1988,,kaikki_no_match
wfpt-04018,poderosa,,,4092,,kaikki_no_match
wfpt-08701,poderosas,,,8801,,kaikki_no_match
wfpt-03161,poderoso,,,3223,,kaikki_no_match
wfpt-05902,poderosos,,,5987,,kaikki_no_match
wfpt-01362,poderá,,,1405,,kaikki_no_match
wfpt-03217,poderão,,,3280,,kaikki_no_match
wfpt-06598,poderíamos,,,6687,,kaikki_no_match
wfpt-04343,podes,,,4419,,kaikki_no_match
wfpt-00908,podia,,,942,,kaikki_no_match
wfpt-03859,podiam,,,3930,,kaikki_no_match
wfpt-09285,podre,,,9388,,kaikki_no_match
wfpt-06831,poeira,noun,,6921,пыль,kaikki_pt_ru_enriched
wfpt-04097,poema,noun,,4171,стихотворение,kaikki_pt_ru_enriched
wfpt-05254,poemas,,,5334,,kaikki_no_match
wfpt-02642,poesia,noun,,2698,поэзия,kaikki_pt_ru_enriched
wfpt-03726,poeta,noun,,3792,поэт,kaikki_pt_ru_enriched
wfpt-07469,poetas,,,7563,,kaikki_no_match
wfpt-06246,point,,,6332,,kaikki_no_match
wfpt-00239,pois,,,251,,kaikki_no_match
wfpt-07353,pokémon,,,7446,,kaikki_no_match
wfpt-09954,polegadas,,,10063,,kaikki_no_match
wfpt-04344,policia,,,4420,,kaikki_no_match
wfpt-01671,policiais,,,1720,,kaikki_no_match
wfpt-01278,policial,,,1320,,kaikki_no_match
wfpt-10476,politica,,,10587,,kaikki_no_match
wfpt-07354,politicamente,,,7447,,kaikki_no_match
wfpt-07109,polo,,,7199,,kaikki_no_match
wfpt-06247,poluição,,,6333,,kaikki_no_match
wfpt-04345,polêmica,,,4421,,kaikki_no_match
wfpt-11016,polêmicas,,,11129,,kaikki_no_match
wfpt-00340,polícia,noun,,357,мент,kaikki_pt_ru_enriched
wfpt-06248,polícias,,,6334,,kaikki_no_match
wfpt-00379,política,noun,,397,курс,kaikki_pt_ru_enriched
wfpt-01182,políticas,,,1221,,kaikki_no_match
wfpt-00758,político,noun,,791,политик,kaikki_pt_ru_enriched
wfpt-01183,políticos,,,1222,,kaikki_no_match
wfpt-08569,polônia,noun,,8667,польша,kaikki_pt_ru_enriched
wfpt-11017,pondo,,,11130,,kaikki_no_match
wfpt-02288,ponta,,,2342,,kaikki_no_match
wfpt-07227,pontas,,,7319,,kaikki_no_match
wfpt-01808,ponte,noun,,1859,мост,kaikki_pt_ru_enriched
wfpt-04957,pontes,,,5036,,kaikki_no_match
wfpt-00380,ponto,noun,,398,балл,kaikki_pt_ru_enriched
wfpt-00418,pontos,,,438,,kaikki_no_match
wfpt-06976,pontuação,noun,,7066,препинание,kaikki_pt_ru_enriched
wfpt-02592,pop,,,2648,,kaikki_no_match
wfpt-10125,populacional,,,10234,,kaikki_no_match
wfpt-00797,popular,,,831,,kaikki_no_match
wfpt-02337,populares,,,2391,,kaikki_no_match
wfpt-04502,popularidade,,,4579,,kaikki_no_match
wfpt-00334,população,noun,,351,население,kaikki_pt_ru_enriched
wfpt-04098,populações,,,4172,,kaikki_no_match
wfpt-07228,porcaria,,,7320,,kaikki_no_match
wfpt-08424,porcentagem,,,8520,,kaikki_no_match
wfpt-05795,porco,noun,,5878,кабан,kaikki_pt_ru_enriched
wfpt-10126,porcos,,,10235,,kaikki_no_match
wfpt-09450,porem,,,9555,,kaikki_no_match
wfpt-10661,porno,,,10773,,kaikki_no_match
wfpt-09133,pornografia,,,9235,,kaikki_no_match
wfpt-07229,pornô,,,7321,,kaikki_no_match
wfpt-01091,porra,,,1128,,kaikki_no_match
wfpt-09640,porrada,,,9746,,kaikki_no_match
wfpt-00798,porta,noun,,832,дверь,kaikki_pt_ru_enriched
wfpt-09955,portadores,,,10064,,kaikki_no_match
wfpt-11402,portais,,,11519,,kaikki_no_match
wfpt-01636,portal,noun,,1685,портал,kaikki_pt_ru_enriched
wfpt-00759,portanto,,,792,,kaikki_no_match
wfpt-09286,portaria,,,9389,,kaikki_no_match
wfpt-01809,portas,,,1860,,kaikki_no_match
wfpt-04019,porte,,,4093,,kaikki_no_match
wfpt-09956,portela,,,10065,,kaikki_no_match
wfpt-07995,portos,,,8090,,kaikki_no_match
wfpt-00475,portugal,noun,,497,португалия,kaikki_pt_ru_enriched
wfpt-00984,portuguesa,,,1019,,kaikki_no_match
wfpt-06832,portuguesas,,,6922,,kaikki_no_match
wfpt-02289,portugueses,,,2343,,kaikki_no_match
wfpt-00515,português,noun,,541,португальский,kaikki_pt_ru_enriched
wfpt-09957,portátil,,,10066,,kaikki_no_match
wfpt-05369,portão,,,5450,,kaikki_no_match
wfpt-09797,portões,,,9905,,kaikki_no_match
wfpt-07110,porção,noun,,7200,порция,kaikki_pt_ru_enriched
wfpt-00419,porém,,,439,,kaikki_no_match
wfpt-06833,posicionamento,,,6923,,kaikki_no_match
wfpt-03366,positiva,,,3430,,kaikki_no_match
wfpt-11212,positivamente,,,11329,,kaikki_no_match
wfpt-05370,positivas,,,5451,,kaikki_no_match
wfpt-03101,positivo,noun,,3163,позитив,kaikki_pt_ru_enriched
wfpt-06249,positivos,,,6335,,kaikki_no_match
wfpt-00685,posição,,,715,,kaikki_no_match
wfpt-02842,posições,,,2901,,kaikki_no_match
wfpt-00886,possa,,,920,,kaikki_no_match
wfpt-01775,possam,,,1826,,kaikki_no_match
wfpt-04346,possamos,,,4422,,kaikki_no_match
wfpt-01968,posse,,,2022,,kaikki_no_match
wfpt-01535,possibilidade,noun,,1583,возможность,kaikki_pt_ru_enriched
wfpt-04020,possibilidades,,,4094,,kaikki_no_match
wfpt-11814,possibilita,,,11935,,kaikki_no_match
wfpt-11213,possivel,,,11330,,kaikki_no_match
wfpt-03447,possivelmente,,,3511,,kaikki_no_match
wfpt-00335,posso,,,352,,kaikki_no_match
wfpt-01672,possuem,,,1721,,kaikki_no_match
wfpt-00686,possui,,,716,,kaikki_no_match
wfpt-05049,possuir,,,5128,,kaikki_no_match
wfpt-09287,possuía,,,9390,,kaikki_no_match
wfpt-02232,possíveis,,,2286,,kaikki_no_match
wfpt-00381,possível,,,399,,kaikki_no_match
wfpt-01215,post,,,1254,,kaikki_no_match
wfpt-03784,posta,,,3853,,kaikki_no_match
wfpt-06977,postado,,,7067,,kaikki_no_match
wfpt-05371,postagem,,,5452,,kaikki_no_match
wfpt-08570,postagens,,,8668,,kaikki_no_match
wfpt-08148,postal,,,8244,,kaikki_no_match
wfpt-08280,postando,,,8376,,kaikki_no_match
wfpt-03943,postar,,,4014,,kaikki_no_match
wfpt-07588,poste,,,7683,,kaikki_no_match
wfpt-06599,posterior,,,6688,,kaikki_no_match
wfpt-03292,posteriormente,,,3355,,kaikki_no_match
wfpt-01673,posto,noun,,1722,азс,kaikki_pt_ru_enriched
wfpt-02910,postos,,,2970,,kaikki_no_match
wfpt-03571,postou,,,3636,,kaikki_no_match
wfpt-05159,posts,,,5238,,kaikki_no_match
wfpt-03572,postura,,,3637,,kaikki_no_match
wfpt-10477,pote,noun,,10588,горшок,kaikki_pt_ru_enriched
wfpt-07230,potenciais,,,7322,,kaikki_no_match
wfpt-01851,potencial,noun,,1904,возможность,kaikki_pt_ru_enriched
wfpt-09798,potencialmente,,,9906,,kaikki_no_match
wfpt-06144,potter,,,6229,,kaikki_no_match
wfpt-04021,potência,,,4095,,kaikki_no_match
wfpt-08988,poupar,verb,,9090,сберегать,kaikki_pt_ru_enriched
wfpt-04430,pouquinho,,,4507,,kaikki_no_match
wfpt-10662,pouso,,,10774,,kaikki_no_match
wfpt-00413,povo,noun,,432,народ,kaikki_pt_ru_enriched
wfpt-06709,povoado,,,6798,,kaikki_no_match
wfpt-02479,povos,,,2533,,kaikki_no_match
wfpt-03860,power,,,3931,,kaikki_no_match
wfpt-05050,poço,,,5129,,kaikki_no_match
wfpt-11815,poços,,,11936,,kaikki_no_match
wfpt-11403,poética,,,11520,,kaikki_no_match
wfpt-08841,prado,noun,,8941,прерия,kaikki_pt_ru_enriched
wfpt-05591,praga,,,5674,,kaikki_no_match
wfpt-00799,praia,noun,,833,пляж,kaikki_pt_ru_enriched
wfpt-06015,praias,,,6100,,kaikki_no_match
wfpt-02975,prata,noun,,3036,серебро,kaikki_pt_ru_enriched
wfpt-10309,pratica,,,10418,,kaikki_no_match
wfpt-10310,praticado,,,10419,,kaikki_no_match
wfpt-02010,praticamente,,,2064,,kaikki_no_match
wfpt-05487,praticar,,,5570,,kaikki_no_match
wfpt-03367,prato,noun,,3431,тарелка,kaikki_pt_ru_enriched
wfpt-05796,pratos,,,5879,,kaikki_no_match
wfpt-01425,prazer,,,1472,,kaikki_no_match
wfpt-09958,prazeres,,,10067,,kaikki_no_match
wfpt-01745,prazo,,,1796,,kaikki_no_match
wfpt-01184,praça,noun,,1223,площадь,kaikki_pt_ru_enriched
wfpt-06834,praças,,,6924,,kaikki_no_match
wfpt-08702,precedentes,,,8802,,kaikki_no_match
wfpt-10127,preciosa,,,10236,,kaikki_no_match
wfpt-07869,precioso,,,7964,,kaikki_no_match
wfpt-09451,precipitação,,,9556,,kaikki_no_match
wfpt-00271,precisa,,,287,,kaikki_no_match
wfpt-01112,precisam,,,1150,,kaikki_no_match
wfpt-04590,precisamente,,,4668,,kaikki_no_match
wfpt-01252,precisamos,,,1293,,kaikki_no_match
wfpt-07231,precisando,,,7323,,kaikki_no_match
wfpt-01888,precisar,verb,,1941,нуждаться,kaikki_pt_ru_enriched
wfpt-08842,precisará,,,8942,,kaikki_no_match
wfpt-10311,precisas,,,10420,,kaikki_no_match
wfpt-02440,precisava,,,2494,,kaikki_no_match
wfpt-10312,precisavam,,,10421,,kaikki_no_match
wfpt-07996,precise,,,8091,,kaikki_no_match
wfpt-10128,precisei,,,10237,,kaikki_no_match
wfpt-00240,preciso,,,252,,kaikki_no_match
wfpt-07111,precisou,,,7201,,kaikki_no_match
wfpt-06145,precisão,,,6230,,kaikki_no_match
wfpt-10313,precoce,,,10422,,kaikki_no_match
wfpt-03944,preconceito,noun,,4015,предрассудок,kaikki_pt_ru_enriched
wfpt-10663,preconceitos,,,10775,,kaikki_no_match
wfpt-07112,preencher,,,7202,,kaikki_no_match
wfpt-01299,prefeito,,,1341,,kaikki_no_match
wfpt-07997,prefeitos,,,8092,,kaikki_no_match
wfpt-01426,prefeitura,,,1473,,kaikki_no_match
wfpt-04347,prefere,,,4423,,kaikki_no_match
wfpt-06710,preferem,,,6799,,kaikki_no_match
wfpt-08989,preferia,,,9091,,kaikki_no_match
wfpt-08425,preferida,,,8521,,kaikki_no_match
wfpt-06835,preferido,,,6925,,kaikki_no_match
wfpt-10478,preferir,verb,,10589,предпочесть,kaikki_pt_ru_enriched
wfpt-09959,preferiu,,,10068,,kaikki_no_match
wfpt-05255,preferência,,,5335,,kaikki_no_match
wfpt-02643,prefiro,,,2699,,kaikki_no_match
wfpt-10314,preguiça,noun,,10423,лень,kaikki_pt_ru_enriched
wfpt-11404,preguiçoso,,,11521,,kaikki_no_match
wfpt-07589,prejudicar,verb,,7684,вредить,kaikki_pt_ru_enriched
wfpt-07590,prejuízo,noun,,7685,брак,kaikki_pt_ru_enriched
wfpt-08990,prejuízos,,,9092,,kaikki_no_match
wfpt-08571,preliminar,,,8669,,kaikki_no_match
wfpt-10129,preliminares,,,10238,,kaikki_no_match
wfpt-10130,premiada,,,10239,,kaikki_no_match
wfpt-07355,premiado,,,7448,,kaikki_no_match
wfpt-04678,premiação,,,4756,,kaikki_no_match
wfpt-11816,premium,,,11937,,kaikki_no_match
wfpt-08281,prende,,,8377,,kaikki_no_match
wfpt-04022,prender,verb,,4096,увлечь,kaikki_pt_ru_enriched
wfpt-08149,prendeu,,,8245,,kaikki_no_match
wfpt-03861,preocupa,,,3932,,kaikki_no_match
wfpt-04591,preocupada,,,4669,,kaikki_no_match
wfpt-03862,preocupado,,,3933,,kaikki_no_match
wfpt-06978,preocupados,,,7068,,kaikki_no_match
wfpt-10131,preocupam,,,10240,,kaikki_no_match
wfpt-11817,preocupante,,,11938,,kaikki_no_match
wfpt-03368,preocupar,,,3432,,kaikki_no_match
wfpt-02480,preocupação,,,2534,,kaikki_no_match
wfpt-05051,preocupações,,,5130,,kaikki_no_match
wfpt-07232,preocupe,,,7324,,kaikki_no_match
wfpt-04504,prepara,,,4581,,kaikki_no_match
wfpt-05052,preparada,,,5131,,kaikki_no_match
wfpt-03102,preparado,,,3164,,kaikki_no_match
wfpt-05256,preparados,,,5336,,kaikki_no_match
wfpt-04023,preparando,,,4097,,kaikki_no_match
wfpt-02537,preparar,,,2592,,kaikki_no_match
wfpt-10315,preparativos,,,10424,,kaikki_no_match
wfpt-03646,preparação,noun,,3712,подготовка,kaikki_pt_ru_enriched
wfpt-08572,prepare,,,8670,,kaikki_no_match
wfpt-11591,preparem,,,11709,,kaikki_no_match
wfpt-10479,preparou,,,10590,,kaikki_no_match
wfpt-03103,presa,,,3165,,kaikki_no_match
wfpt-06250,presas,,,6336,,kaikki_no_match
wfpt-00560,presente,,,587,,kaikki_no_match
wfpt-01503,presentes,,,1550,,kaikki_no_match
wfpt-00821,presença,noun,,855,присутствие,kaikki_pt_ru_enriched
wfpt-04958,preservar,,,5037,,kaikki_no_match
wfpt-03863,preservação,,,3934,,kaikki_no_match
wfpt-08573,presidenciais,,,8671,,kaikki_no_match
wfpt-04505,presidencial,,,4582,,kaikki_no_match
wfpt-09452,presidenta,,,9557,,kaikki_no_match
wfpt-00203,presidente,noun,,215,президент,kaikki_pt_ru_enriched
wfpt-05161,presidentes,,,5240,,kaikki_no_match
wfpt-01936,presidência,,,1989,,kaikki_no_match
wfpt-00985,preso,,,1020,,kaikki_no_match
wfpt-02233,presos,,,2287,,kaikki_no_match
wfpt-04024,press,,,4098,,kaikki_no_match
wfpt-04592,pressa,noun,,4670,спешка,kaikki_pt_ru_enriched
wfpt-08703,pressionar,verb,,8803,давить,kaikki_pt_ru_enriched
wfpt-01113,pressão,noun,,1151,давление,kaikki_pt_ru_enriched
wfpt-09799,pressões,,,9907,,kaikki_no_match
wfpt-05592,presta,,,5675,,kaikki_no_match
wfpt-10829,prestam,,,10941,,kaikki_no_match
wfpt-10132,prestando,,,10241,,kaikki_no_match
wfpt-03727,prestar,,,3793,,kaikki_no_match
wfpt-05699,prestação,,,5782,,kaikki_no_match
wfpt-08150,preste,,,8246,,kaikki_no_match
wfpt-04025,prestes,,,4099,,kaikki_no_match
wfpt-09960,prestou,,,10069,,kaikki_no_match
wfpt-09800,prestígio,,,9908,,kaikki_no_match
wfpt-09801,presídio,,,9909,,kaikki_no_match
wfpt-02732,preta,,,2791,,kaikki_no_match
wfpt-11214,pretas,,,11331,,kaikki_no_match
wfpt-02105,pretende,,,2159,,kaikki_no_match
wfpt-09134,pretendem,,,9236,,kaikki_no_match
wfpt-06979,pretendia,,,7069,,kaikki_no_match
wfpt-06483,pretendo,,,6571,,kaikki_no_match
wfpt-11592,pretexto,noun,,11710,повод,kaikki_pt_ru_enriched
wfpt-01216,preto,,,1255,,kaikki_no_match
wfpt-08843,pretos,,,8943,,kaikki_no_match
wfpt-11405,pretty,,,11522,,kaikki_no_match
wfpt-05488,prevenir,,,5571,,kaikki_no_match
wfpt-09961,preventiva,,,10070,,kaikki_no_match
wfpt-04348,prevenção,,,4424,,kaikki_no_match
wfpt-08151,prever,,,8247,,kaikki_no_match
wfpt-07591,previamente,,,7686,,kaikki_no_match
wfpt-08574,previdência,,,8672,,kaikki_no_match
wfpt-05372,prevista,,,5453,,kaikki_no_match
wfpt-11406,previstas,,,11523,,kaikki_no_match
wfpt-04186,previsto,,,4262,,kaikki_no_match
wfpt-11018,previstos,,,11131,,kaikki_no_match
wfpt-04260,previsão,noun,,4336,прогноз,kaikki_pt_ru_enriched
wfpt-11407,previsões,,,11524,,kaikki_no_match
wfpt-04679,prevê,,,4757,,kaikki_no_match
wfpt-00962,preço,noun,,996,цена,kaikki_pt_ru_enriched
wfpt-01937,preços,,,1990,,kaikki_no_match
wfpt-10316,price,,,10425,,kaikki_no_match
wfpt-02844,prima,noun,,2903,кузина,kaikki_pt_ru_enriched
wfpt-10133,primas,,,10242,,kaikki_no_match
wfpt-03162,primavera,noun,,3224,весна,kaikki_pt_ru_enriched
wfpt-09962,prime,,,10071,,kaikki_no_match
wfpt-00181,primeira,,,191,,kaikki_no_match
wfpt-03785,primeiramente,,,3854,,kaikki_no_match
wfpt-01637,primeiras,,,1686,,kaikki_no_match
wfpt-00132,primeiro,,,142,,kaikki_no_match
wfpt-00910,primeiros,,,944,,kaikki_no_match
wfpt-02733,primo,noun,,2792,кузен,kaikki_pt_ru_enriched
wfpt-11818,primordial,,,11939,,kaikki_no_match
wfpt-06836,primos,,,6926,,kaikki_no_match
wfpt-07356,primária,,,7449,,kaikki_no_match
wfpt-07723,primário,,,7818,,kaikki_no_match
wfpt-01746,princesa,noun,,1797,принцесса,kaikki_pt_ru_enriched
wfpt-09802,princesas,,,9910,,kaikki_no_match
wfpt-00604,principais,,,632,,kaikki_no_match
wfpt-00488,principal,,,510,,kaikki_no_match
wfpt-00605,principalmente,,,633,,kaikki_no_match
wfpt-01852,princípio,noun,,1905,нача́ло,kaikki_pt_ru_enriched
wfpt-02151,princípios,,,2205,,kaikki_no_match
wfpt-03647,prioridade,,,3713,,kaikki_no_match
wfpt-06484,prioridades,,,6572,,kaikki_no_match
wfpt-07870,prisioneiro,noun,,7965,пленник,kaikki_pt_ru_enriched
wfpt-03945,prisioneiros,,,4016,,kaikki_no_match
wfpt-00800,prisão,,,834,,kaikki_no_match
wfpt-07233,prisões,,,7325,,kaikki_no_match
wfpt-03648,privacidade,,,3714,,kaikki_no_match
wfpt-02290,privada,,,2344,,kaikki_no_match
wfpt-04506,privadas,,,4583,,kaikki_no_match
wfpt-02644,privado,,,2700,,kaikki_no_match
wfpt-05700,privados,,,5783,,kaikki_no_match
wfpt-10664,privatização,,,10776,,kaikki_no_match
wfpt-11593,privilegiado,,,11711,,kaikki_no_match
wfpt-06600,privilégio,noun,,6689,привилегия,kaikki_pt_ru_enriched
wfpt-08426,privilégios,,,8522,,kaikki_no_match
wfpt-01134,pro,,,1173,,kaikki_no_match
wfpt-05797,probabilidade,noun,,5880,вероятность,kaikki_pt_ru_enriched
wfpt-00283,problema,noun,,299,проблема,kaikki_pt_ru_enriched
wfpt-00350,problemas,,,367,,kaikki_no_match
wfpt-11819,problemática,,,11940,,kaikki_no_match
wfpt-04261,procedimento,noun,,4337,процедура,kaikki_pt_ru_enriched
wfpt-05053,procedimentos,,,5132,,kaikki_no_match
wfpt-06980,processamento,,,7070,,kaikki_no_match
wfpt-06146,processar,,,6231,,kaikki_no_match
wfpt-00341,processo,noun,,358,иск,kaikki_pt_ru_enriched
wfpt-01747,processos,,,1798,,kaikki_no_match
wfpt-01114,procura,noun,,1152,поиск,kaikki_pt_ru_enriched
wfpt-06837,procurado,,,6927,,kaikki_no_match
wfpt-04099,procurador,noun,,4173,прокурор,kaikki_pt_ru_enriched
wfpt-07998,procuradoria,,,8093,,kaikki_no_match
wfpt-04959,procuram,,,5038,,kaikki_no_match
wfpt-10480,procuramos,,,10591,,kaikki_no_match
wfpt-01776,procurando,,,1827,,kaikki_no_match
wfpt-01397,procurar,verb,,1444,искать,kaikki_pt_ru_enriched
wfpt-09641,procurava,,,9747,,kaikki_no_match
wfpt-04187,procure,,,4263,,kaikki_no_match
wfpt-08427,procurei,,,8523,,kaikki_no_match
wfpt-05903,procuro,,,5988,,kaikki_no_match
wfpt-05798,procurou,,,5881,,kaikki_no_match
wfpt-10665,produtividade,,,10777,,kaikki_no_match
wfpt-10481,produtivo,,,10592,,kaikki_no_match
wfpt-01810,produto,noun,,1861,продукция,kaikki_pt_ru_enriched
wfpt-03517,produtor,noun,,3582,продюсер,kaikki_pt_ru_enriched
wfpt-05799,produtora,,,5882,,kaikki_no_match
wfpt-02689,produtores,,,2746,,kaikki_no_match
wfpt-01135,produtos,,,1174,,kaikki_no_match
wfpt-04262,produz,,,4338,,kaikki_no_match
wfpt-07999,produzem,,,8094,,kaikki_no_match
wfpt-04431,produzida,,,4508,,kaikki_no_match
wfpt-07724,produzidas,,,7819,,kaikki_no_match
wfpt-02734,produzido,,,2793,,kaikki_no_match
wfpt-04680,produzidos,,,4758,,kaikki_no_match
wfpt-09288,produzindo,,,9391,,kaikki_no_match
wfpt-02058,produzir,verb,,2112,делать,kaikki_pt_ru_enriched
wfpt-06374,produziu,,,6462,,kaikki_no_match
wfpt-00451,produção,noun,,471,производство,kaikki_pt_ru_enriched
wfpt-06601,produções,,,6690,,kaikki_no_match
wfpt-09963,proeminente,,,10072,,kaikki_no_match
wfpt-04026,prof,,,4100,,kaikki_no_match
wfpt-00561,professor,noun,,588,учитель,kaikki_pt_ru_enriched
wfpt-01707,professora,,,1756,,kaikki_no_match
wfpt-01136,professores,,,1175,,kaikki_no_match
wfpt-06602,profeta,noun,,6691,пророк,kaikki_pt_ru_enriched
wfpt-01328,profissionais,,,1370,,kaikki_no_match
wfpt-00911,profissional,,,945,,kaikki_no_match
wfpt-11594,profissionalismo,noun,,11712,профессионализм,kaikki_pt_ru_enriched
wfpt-03573,profissão,,,3638,,kaikki_no_match
wfpt-03786,profunda,,,3855,,kaikki_no_match
wfpt-04100,profundamente,,,4174,,kaikki_no_match
wfpt-06838,profundas,,,6928,,kaikki_no_match
wfpt-04593,profundidade,,,4671,,kaikki_no_match
wfpt-03946,profundo,,,4017,,kaikki_no_match
wfpt-10134,profundos,,,10243,,kaikki_no_match
wfpt-00306,programa,noun,,323,программа,kaikki_pt_ru_enriched
wfpt-11820,programada,,,11941,,kaikki_no_match
wfpt-09289,programado,,,9392,,kaikki_no_match
wfpt-01115,programas,,,1153,,kaikki_no_match
wfpt-01777,programação,,,1828,,kaikki_no_match
wfpt-11821,progressista,,,11942,,kaikki_no_match
wfpt-11019,progressiva,,,11132,,kaikki_no_match
wfpt-03163,progresso,noun,,3225,прогресс,kaikki_pt_ru_enriched
wfpt-06839,proibida,,,6929,,kaikki_no_match
wfpt-04349,proibido,,,4425,,kaikki_no_match
wfpt-11595,proibir,verb,,11713,запретить,kaikki_pt_ru_enriched
wfpt-06485,proibição,noun,,6573,запрет,kaikki_pt_ru_enriched
wfpt-05701,project,,,5784,,kaikki_no_match
wfpt-02735,projecto,,,2794,,kaikki_no_match
wfpt-07357,projectos,,,7450,,kaikki_no_match
wfpt-08000,projetado,,,8095,,kaikki_no_match
wfpt-00272,projeto,noun,,288,проект,kaikki_pt_ru_enriched
wfpt-00843,projetos,,,877,,kaikki_no_match
wfpt-08152,projeção,noun,,8248,проекция,kaikki_pt_ru_enriched
wfpt-06603,prol,,,6692,,kaikki_no_match
wfpt-03649,promessa,,,3715,,kaikki_no_match
wfpt-04867,promessas,,,4945,,kaikki_no_match
wfpt-03864,promete,,,3935,,kaikki_no_match
wfpt-04432,prometeu,,,4509,,kaikki_no_match
wfpt-09642,prometido,,,9748,,kaikki_no_match
wfpt-04681,prometo,,,4759,,kaikki_no_match
wfpt-08575,promocional,,,8673,,kaikki_no_match
wfpt-05054,promotor,,,5133,,kaikki_no_match
wfpt-11596,promotores,,,11714,,kaikki_no_match
wfpt-10482,promotoria,,,10593,,kaikki_no_match
wfpt-04768,promove,,,4846,,kaikki_no_match
wfpt-11020,promovem,,,11133,,kaikki_no_match
wfpt-06604,promovendo,,,6693,,kaikki_no_match
wfpt-01811,promover,,,1862,,kaikki_no_match
wfpt-08428,promoveu,,,8524,,kaikki_no_match
wfpt-07358,promovida,,,7451,,kaikki_no_match
wfpt-04188,promovido,,,4264,,kaikki_no_match
wfpt-01638,promoção,,,1687,,kaikki_no_match
wfpt-11408,promoções,,,11525,,kaikki_no_match
wfpt-03039,pronta,,,3101,,kaikki_no_match
wfpt-09453,prontas,,,9558,,kaikki_no_match
wfpt-01253,pronto,,,1294,,kaikki_no_match
wfpt-04769,prontos,,,4847,,kaikki_no_match
wfpt-02593,propaganda,,,2649,,kaikki_no_match
wfpt-10483,propagação,,,10594,,kaikki_no_match
wfpt-10317,propina,,,10426,,kaikki_no_match
wfpt-07234,propor,,,7326,,kaikki_no_match
wfpt-10135,proporciona,,,10244,,kaikki_no_match
wfpt-11597,proporcional,,,11715,,kaikki_no_match
wfpt-07470,proporcionar,,,7564,,kaikki_no_match
wfpt-06251,proporção,noun,,6337,пропорция,kaikki_pt_ru_enriched
wfpt-08704,proporções,,,8804,,kaikki_no_match
wfpt-01020,proposta,,,1056,,kaikki_no_match
wfpt-02538,propostas,,,2593,,kaikki_no_match
wfpt-06252,proposto,,,6338,,kaikki_no_match
wfpt-06840,propriamente,,,6930,,kaikki_no_match
wfpt-01185,propriedade,,,1224,,kaikki_no_match
wfpt-02690,propriedades,,,2747,,kaikki_no_match
wfpt-03650,proprietário,noun,,3716,хозяин,kaikki_pt_ru_enriched
wfpt-04433,proprietários,,,4510,,kaikki_no_match
wfpt-01970,propósito,,,2024,,kaikki_no_match
wfpt-10484,propósitos,,,10595,,kaikki_no_match
wfpt-06605,propôs,,,6694,,kaikki_no_match
wfpt-05055,propõe,,,5134,,kaikki_no_match
wfpt-11598,prorrogação,,,11716,,kaikki_no_match
wfpt-09454,pros,,,9559,,kaikki_no_match
wfpt-08429,prosperidade,,,8525,,kaikki_no_match
wfpt-08576,prosseguir,,,8674,,kaikki_no_match
wfpt-10136,prostituição,noun,,10245,проституция,kaikki_pt_ru_enriched
wfpt-09290,prostitutas,,,9393,,kaikki_no_match
wfpt-04868,protagonista,noun,,4946,протагонист,kaikki_pt_ru_enriched
wfpt-07359,protagonistas,,,7452,,kaikki_no_match
wfpt-04263,protecção,,,4339,,kaikki_no_match
wfpt-05162,protege,,,5241,,kaikki_no_match
wfpt-08153,protegendo,,,8249,,kaikki_no_match
wfpt-01398,proteger,,,1445,,kaikki_no_match
wfpt-07235,protegida,,,7327,,kaikki_no_match
wfpt-10137,protegidas,,,10246,,kaikki_no_match
wfpt-06147,protegido,,,6232,,kaikki_no_match
wfpt-09643,protegidos,,,9749,,kaikki_no_match
wfpt-10485,protegê,,,10596,,kaikki_no_match
wfpt-07360,proteja,,,7453,,kaikki_no_match
wfpt-07725,protestantes,,,7820,,kaikki_no_match
wfpt-04027,protesto,,,4101,,kaikki_no_match
wfpt-04507,protestos,,,4584,,kaikki_no_match
wfpt-08430,protetor,,,8526,,kaikki_no_match
wfpt-01137,proteção,,,1176,,kaikki_no_match
wfpt-08154,proteína,noun,,8250,белок,kaikki_pt_ru_enriched
wfpt-06981,proteínas,,,7071,,kaikki_no_match
wfpt-04434,protocolo,noun,,4511,протокол,kaikki_pt_ru_enriched
wfpt-09644,protocolos,,,9750,,kaikki_no_match
wfpt-00661,prova,noun,,690,испытание,kaikki_pt_ru_enriched
wfpt-11822,provado,,,11943,,kaikki_no_match
wfpt-02736,provar,,,2795,,kaikki_no_match
wfpt-01363,provas,,,1406,,kaikki_no_match
wfpt-01047,provavelmente,,,1083,,kaikki_no_match
wfpt-10830,provedor,,,10942,,kaikki_no_match
wfpt-10138,proveito,,,10247,,kaikki_no_match
wfpt-08705,proveniente,,,8805,,kaikki_no_match
wfpt-06606,provenientes,,,6695,,kaikki_no_match
wfpt-11823,providências,,,11944,,kaikki_no_match
wfpt-10139,provincial,,,10248,,kaikki_no_match
wfpt-09135,provisória,,,9237,,kaikki_no_match
wfpt-05593,provoca,,,5676,,kaikki_no_match
wfpt-10666,provocado,,,10778,,kaikki_no_match
wfpt-08001,provocando,,,8096,,kaikki_no_match
wfpt-04770,provocar,,,4848,,kaikki_no_match
wfpt-06253,provocou,,,6339,,kaikki_no_match
wfpt-08155,provou,,,8251,,kaikki_no_match
wfpt-02976,provável,,,3037,,kaikki_no_match
wfpt-02059,província,noun,,2113,провинция,kaikki_pt_ru_enriched
wfpt-05163,províncias,,,5242,,kaikki_no_match
wfpt-06016,proximidade,,,6101,,kaikki_no_match
wfpt-07871,proximidades,,,7966,,kaikki_no_match
wfpt-09964,proíbe,,,10073,,kaikki_no_match
wfpt-09803,prudente,,,9911,,kaikki_no_match
wfpt-01092,prática,,,1129,,kaikki_no_match
wfpt-02106,práticas,,,2160,,kaikki_no_match
wfpt-09455,prático,,,9560,,kaikki_no_match
wfpt-01186,pré,,,1225,,kaikki_no_match
wfpt-01639,prédio,noun,,1688,здание,kaikki_pt_ru_enriched
wfpt-05164,prédios,,,5243,,kaikki_no_match
wfpt-03728,prémio,,,3794,,kaikki_no_match
wfpt-10486,prémios,,,10597,,kaikki_no_match
wfpt-06711,prévia,,,6800,,kaikki_no_match
wfpt-09965,prévio,,,10074,,kaikki_no_match
wfpt-00912,prêmio,,,946,,kaikki_no_match
wfpt-03787,prêmios,,,3856,,kaikki_no_match
wfpt-01458,príncipe,noun,,1505,принц,kaikki_pt_ru_enriched
wfpt-03651,pró,,,3717,,kaikki_no_match
wfpt-00503,própria,,,527,,kaikki_no_match
wfpt-02011,próprias,,,2065,,kaikki_no_match
wfpt-00426,próprio,,,446,,kaikki_no_match
wfpt-01536,próprios,,,1584,,kaikki_no_match
wfpt-00822,próxima,,,856,,kaikki_no_match
wfpt-02737,próximas,,,2796,,kaikki_no_match
wfpt-00583,próximo,,,610,,kaikki_no_match
wfpt-01573,próximos,,,1622,,kaikki_no_match
wfpt-10831,psb,,,10943,,kaikki_no_match
wfpt-07471,psd,,,7565,,kaikki_no_match
wfpt-03865,psdb,,,3936,,kaikki_no_match
wfpt-04101,psicologia,noun,,4175,психология,kaikki_pt_ru_enriched
wfpt-08991,psicológica,,,9093,,kaikki_no_match
wfpt-06486,psicológico,,,6574,,kaikki_no_match
wfpt-10832,psicóloga,,,10944,,kaikki_no_match
wfpt-09136,psicólogo,noun,,9238,психолог,kaikki_pt_ru_enriched
wfpt-11215,psiquiatra,noun,,11332,психиатр,kaikki_pt_ru_enriched
wfpt-09291,psol,,,9394,,kaikki_no_match
wfpt-09804,public,,,9912,,kaikki_no_match
wfpt-05489,publica,,,5572,,kaikki_no_match
wfpt-02012,publicada,,,2066,,kaikki_no_match
wfpt-05165,publicadas,,,5244,,kaikki_no_match
wfpt-01116,publicado,,,1154,,kaikki_no_match
wfpt-03729,publicados,,,3795,,kaikki_no_match
wfpt-06254,publicamente,,,6340,,kaikki_no_match
wfpt-02691,publicar,,,2748,,kaikki_no_match
wfpt-01537,publicação,noun,,1585,издание,kaikki_pt_ru_enriched
wfpt-02911,publicações,,,2971,,kaikki_no_match
wfpt-03218,publicidade,,,3281,,kaikki_no_match
wfpt-11021,publicitário,,,11134,,kaikki_no_match
wfpt-07113,publico,,,7203,,kaikki_no_match
wfpt-02060,publicou,,,2114,,kaikki_no_match
wfpt-11599,puc,,,11717,,kaikki_no_match
wfpt-04028,pude,,,4102,,kaikki_no_match
wfpt-02789,puder,,,2848,,kaikki_no_match
wfpt-06712,puderam,,,6801,,kaikki_no_match
wfpt-02013,pudesse,,,2067,,kaikki_no_match
wfpt-05373,pudessem,,,5454,,kaikki_no_match
wfpt-06255,pular,,,6341,,kaikki_no_match
wfpt-09645,pulmão,noun,,9751,лёгкие,kaikki_pt_ru_enriched
wfpt-11824,pulmões,,,11945,,kaikki_no_match
wfpt-11600,pulseira,noun,,11718,браслет,kaikki_pt_ru_enriched
wfpt-08844,pulso,,,8944,,kaikki_no_match
wfpt-09292,punho,,,9395,,kaikki_no_match
wfpt-10318,punido,,,10427,,kaikki_no_match
wfpt-10667,punir,,,10779,,kaikki_no_match
wfpt-05904,punição,noun,,5989,наказание,kaikki_pt_ru_enriched
wfpt-10140,punk,,,10249,,kaikki_no_match
wfpt-03448,pura,,,3512,,kaikki_no_match
wfpt-11409,puramente,,,11526,,kaikki_no_match
wfpt-11022,pureza,,,11135,,kaikki_no_match
wfpt-03730,puro,,,3796,,kaikki_no_match
wfpt-01459,puta,noun,,1506,блядь,kaikki_pt_ru_enriched
wfpt-11825,putas,,,11946,,kaikki_no_match
wfpt-07872,puto,,,7967,,kaikki_no_match
wfpt-05800,puxa,,,5883,,kaikki_no_match
wfpt-05801,puxar,,,5884,,kaikki_no_match
wfpt-00675,página,,,705,,kaikki_no_match
wfpt-01778,páginas,,,1829,,kaikki_no_match
wfpt-06841,pára,,,6931,,kaikki_no_match
wfpt-05490,páscoa,,,5573,,kaikki_no_match
wfpt-08282,pássaro,noun,,8378,птица,kaikki_pt_ru_enriched
wfpt-07114,pássaros,,,7204,,kaikki_no_match
wfpt-05905,pátio,,,5990,,kaikki_no_match
wfpt-05906,pátria,noun,,5991,отчизна,kaikki_pt_ru_enriched
wfpt-03788,pânico,noun,,3857,паника,kaikki_pt_ru_enriched
wfpt-01889,pão,noun,,1942,хлеб,kaikki_pt_ru_enriched
wfpt-10487,pérola,noun,,10598,жемчуг,kaikki_pt_ru_enriched
wfpt-01708,pés,,,1757,,kaikki_no_match
wfpt-06017,péssima,,,6102,,kaikki_no_match
wfpt-04869,péssimo,,,4947,,kaikki_no_match
wfpt-11410,pênalti,,,11527,,kaikki_no_match
wfpt-09646,pênaltis,,,9752,,kaikki_no_match
wfpt-06375,pênis,noun,,6463,пенис,kaikki_pt_ru_enriched
wfpt-09966,pódio,noun,,10075,по́диум,kaikki_pt_ru_enriched
wfpt-01300,pós,,,1342,,kaikki_no_match
wfpt-04508,pôde,,,4585,,kaikki_no_match
wfpt-03164,pôr,,,3226,,kaikki_no_match
wfpt-07592,pôs,,,7687,,kaikki_no_match
wfpt-03574,põe,,,3639,,kaikki_no_match
wfpt-00606,pública,,,634,,kaikki_no_match
wfpt-01400,públicas,,,1447,,kaikki_no_match
wfpt-00284,público,,,300,,kaikki_no_match
wfpt-01279,públicos,,,1321,,kaikki_no_match
wfpt-06487,quadra,,,6575,,kaikki_no_match
wfpt-08002,quadrado,noun,,8097,квадрат,kaikki_pt_ru_enriched
wfpt-06148,quadrados,,,6233,,kaikki_no_match
wfpt-09456,quadras,,,9561,,kaikki_no_match
wfpt-07472,quadrilha,noun,,7566,рил,kaikki_pt_ru_enriched
wfpt-03653,quadrinhos,,,3719,,kaikki_no_match
wfpt-01938,quadro,noun,,1991,кадр,kaikki_pt_ru_enriched
wfpt-03947,quadros,,,4018,,kaikki_no_match
wfpt-00382,quais,,,400,,kaikki_no_match
wfpt-03789,quaisquer,,,3858,,kaikki_no_match
wfpt-00117,qual,,,125,,kaikki_no_match
wfpt-00963,qualidade,noun,,997,качество,kaikki_pt_ru_enriched
wfpt-06714,qualidades,,,6803,,kaikki_no_match
wfpt-10319,qualificado,,,10428,,kaikki_no_match
wfpt-09457,qualificados,,,9562,,kaikki_no_match
wfpt-05802,qualificação,,,5885,,kaikki_no_match
wfpt-00136,qualquer,,,146,,kaikki_no_match
wfpt-00039,quando,,,44,,kaikki_no_match
wfpt-09293,quanta,,,9396,,kaikki_no_match
wfpt-01939,quantas,,,1992,,kaikki_no_match
wfpt-06018,quantia,,,6103,,kaikki_no_match
wfpt-01329,quantidade,noun,,1371,количество,kaikki_pt_ru_enriched
wfpt-06488,quantidades,,,6576,,kaikki_no_match
wfpt-00204,quanto,,,216,,kaikki_no_match
wfpt-01812,quantos,,,1863,,kaikki_no_match
wfpt-04960,quarenta,,,5039,,kaikki_no_match
wfpt-11216,quarentena,,,11333,,kaikki_no_match
wfpt-00939,quarta,,,973,,kaikki_no_match
wfpt-08003,quartas,,,8098,,kaikki_no_match
wfpt-06256,quartel,,,6342,,kaikki_no_match
wfpt-00562,quarto,,,589,,kaikki_no_match
wfpt-04509,quartos,,,4586,,kaikki_no_match
wfpt-00229,quase,,,241,,kaikki_no_match
wfpt-00336,quatro,,,353,,kaikki_no_match
wfpt-02845,quebra,,,2904,,kaikki_no_match
wfpt-08283,quebrada,,,8379,,kaikki_no_match
wfpt-07236,quebrado,,,7328,,kaikki_no_match
wfpt-08284,quebrando,,,8380,,kaikki_no_match
wfpt-02738,quebrar,verb,,2797,ломаться,kaikki_pt_ru_enriched
wfpt-04870,quebrou,,,4948,,kaikki_no_match
wfpt-01574,queda,noun,,1623,падение,kaikki_pt_ru_enriched
wfpt-08845,quedas,,,8945,,kaikki_no_match
wfpt-07473,queen,,,7567,,kaikki_no_match
wfpt-03040,queijo,noun,,3102,сыр,kaikki_pt_ru_enriched
wfpt-05056,queima,,,5135,,kaikki_no_match
wfpt-10141,queimada,,,10250,,kaikki_no_match
wfpt-08707,queimado,,,8807,,kaikki_no_match
wfpt-07726,queimando,,,7821,,kaikki_no_match
wfpt-05257,queimar,verb,,5337,жечь,kaikki_pt_ru_enriched
wfpt-02339,queira,,,2393,,kaikki_no_match
wfpt-07237,queiram,,,7329,,kaikki_no_match
wfpt-05907,queiroz,,,5992,,kaikki_no_match
wfpt-05491,queixa,,,5574,,kaikki_no_match
wfpt-09458,queixas,,,9563,,kaikki_no_match
wfpt-11217,queixo,noun,,11334,подбородок,kaikki_pt_ru_enriched
wfpt-00063,quem,,,68,,kaikki_no_match
wfpt-01538,quente,,,1586,,kaikki_no_match
wfpt-05258,quentes,,,5338,,kaikki_no_match
wfpt-00119,quer,,,129,,kaikki_no_match
wfpt-00648,querem,,,676,,kaikki_no_match
wfpt-01063,queremos,,,1100,,kaikki_no_match
wfpt-03041,querendo,,,3103,,kaikki_no_match
wfpt-00986,querer,verb,,1021,хотеть,kaikki_pt_ru_enriched
wfpt-05259,queres,,,5339,,kaikki_no_match
wfpt-00257,queria,,,270,,kaikki_no_match
wfpt-03790,queriam,,,3859,,kaikki_no_match
wfpt-02152,querida,,,2206,,kaikki_no_match
wfpt-01890,querido,,,1943,,kaikki_no_match
wfpt-05375,queridos,,,5456,,kaikki_no_match
wfpt-00105,quero,,,112,,kaikki_no_match
wfpt-10142,queríamos,,,10251,,kaikki_no_match
wfpt-10833,questiona,,,10945,,kaikki_no_match
wfpt-10143,questionado,,,10252,,kaikki_no_match
wfpt-11411,questionamentos,,,11528,,kaikki_no_match
wfpt-06715,questionar,,,6804,,kaikki_no_match
wfpt-00531,questão,noun,,557,вопрос,kaikki_pt_ru_enriched
wfpt-01254,questões,,,1295,,kaikki_no_match
wfpt-08992,qui,,,9094,,kaikki_no_match
wfpt-08993,quieta,,,9095,,kaikki_no_match
wfpt-06019,quieto,,,6104,,kaikki_no_match
wfpt-07115,quilos,,,7205,,kaikki_no_match
wfpt-07238,quilómetros,,,7330,,kaikki_no_match
wfpt-02153,quilômetros,,,2207,,kaikki_no_match
wfpt-01064,quinta,,,1101,,kaikki_no_match
wfpt-06257,quintal,noun,,6343,центнер,kaikki_pt_ru_enriched
wfpt-10320,quintas,,,10429,,kaikki_no_match
wfpt-04510,quinto,,,4587,,kaikki_no_match
wfpt-04871,quinze,,,4949,,kaikki_no_match
wfpt-01217,quis,,,1256,,kaikki_no_match
wfpt-00383,quiser,,,401,,kaikki_no_match
wfpt-11827,quiseram,,,11948,,kaikki_no_match
wfpt-05057,quiserem,,,5136,,kaikki_no_match
wfpt-07116,quisesse,,,7206,,kaikki_no_match
wfpt-02790,quão,,,2849,,kaikki_no_match
wfpt-01640,quê,,,1689,,kaikki_no_match
wfpt-02386,química,noun,,2440,химия,kaikki_pt_ru_enriched
wfpt-08431,químicas,,,8527,,kaikki_no_match
wfpt-08432,químico,noun,,8528,химик,kaikki_pt_ru_enriched
wfpt-05376,químicos,,,5457,,kaikki_no_match
wfpt-04029,rabo,noun,,4103,хвост,kaikki_pt_ru_enriched
wfpt-05166,rachel,,,5245,,kaikki_no_match
wfpt-07474,racial,,,7568,,kaikki_no_match
wfpt-08846,raciocínio,,,8946,,kaikki_no_match
wfpt-08708,racional,,,8808,,kaikki_no_match
wfpt-05058,racismo,noun,,5137,расизм,kaikki_pt_ru_enriched
wfpt-06716,racista,,,6805,,kaikki_no_match
wfpt-11828,racistas,,,11949,,kaikki_no_match
wfpt-07361,radar,,,7454,,kaikki_no_match
wfpt-05059,radiação,,,5138,,kaikki_no_match
wfpt-06607,radicais,,,6696,,kaikki_no_match
wfpt-04961,radical,noun,,5040,радикал,kaikki_pt_ru_enriched
wfpt-03791,radio,,,3860,,kaikki_no_match
wfpt-02061,rafael,noun,,2115,рафаил,kaikki_pt_ru_enriched
wfpt-09459,raimundo,,,9564,,kaikki_no_match
wfpt-01187,rainha,noun,,1226,королева,kaikki_pt_ru_enriched
wfpt-01940,raio,noun,,1993,молния,kaikki_pt_ru_enriched
wfpt-04594,raios,,,4672,,kaikki_no_match
wfpt-01853,raiva,noun,,1906,бешенство,kaikki_pt_ru_enriched
wfpt-04435,raiz,noun,,4512,корень,kaikki_pt_ru_enriched
wfpt-10145,ralph,,,10254,,kaikki_no_match
wfpt-10146,ram,,,10255,,kaikki_no_match
wfpt-03369,ramo,,,3433,,kaikki_no_match
wfpt-02846,ramos,,,2905,,kaikki_no_match
wfpt-11829,rancho,,,11950,,kaikki_no_match
wfpt-02739,ranking,,,2798,,kaikki_no_match
wfpt-04264,rap,,,4340,,kaikki_no_match
wfpt-07117,rapariga,,,7207,,kaikki_no_match
wfpt-08847,raparigas,,,8947,,kaikki_no_match
wfpt-02107,rapaz,,,2161,,kaikki_no_match
wfpt-04872,rapazes,,,4950,,kaikki_no_match
wfpt-11601,raphael,,,11719,,kaikki_no_match
wfpt-01280,rapidamente,,,1322,,kaikki_no_match
wfpt-11023,rapidez,,,11136,,kaikki_no_match
wfpt-08994,raposa,noun,,9096,лиса,kaikki_pt_ru_enriched
wfpt-05060,rapper,,,5139,,kaikki_no_match
wfpt-05702,raquel,,,5785,,kaikki_no_match
wfpt-06376,rara,,,6464,,kaikki_no_match
wfpt-04189,raramente,,,4265,,kaikki_no_match
wfpt-08285,raras,,,8381,,kaikki_no_match
wfpt-04511,raro,,,4588,,kaikki_no_match
wfpt-08004,raros,,,8099,,kaikki_no_match
wfpt-10834,rastreamento,,,10946,,kaikki_no_match
wfpt-11024,rastrear,,,11137,,kaikki_no_match
wfpt-05167,rato,noun,,5246,мышь,kaikki_pt_ru_enriched
wfpt-07118,ratos,,,7208,,kaikki_no_match
wfpt-05803,raul,,,5886,,kaikki_no_match
wfpt-03731,ray,,,3797,,kaikki_no_match
wfpt-08995,raymond,,,9097,,kaikki_no_match
wfpt-06489,razoável,,,6577,,kaikki_no_match
wfpt-00760,razão,noun,,793,разум,kaikki_pt_ru_enriched
wfpt-02154,razões,,,2208,,kaikki_no_match
wfpt-02481,raça,noun,,2535,раса,kaikki_pt_ru_enriched
wfpt-08156,raças,,,8252,,kaikki_no_match
wfpt-03654,raízes,,,3720,,kaikki_no_match
wfpt-06377,reabilitação,,,6465,,kaikki_no_match
wfpt-10835,reacção,,,10947,,kaikki_no_match
wfpt-07727,read,,,7822,,kaikki_no_match
wfpt-06983,reagir,,,7073,,kaikki_no_match
wfpt-00913,reais,,,947,,kaikki_no_match
wfpt-11830,reajuste,,,11951,,kaikki_no_match
wfpt-00434,real,,,454,,kaikki_no_match
wfpt-00776,realidade,noun,,810,реальность,kaikki_pt_ru_enriched
wfpt-11025,realidades,,,11138,,kaikki_no_match
wfpt-08577,realista,,,8675,,kaikki_no_match
wfpt-05908,reality,,,5993,,kaikki_no_match
wfpt-04030,realiza,,,4104,,kaikki_no_match
wfpt-01301,realizada,,,1343,,kaikki_no_match
wfpt-02847,realizadas,,,2906,,kaikki_no_match
wfpt-01093,realizado,,,1130,,kaikki_no_match
wfpt-02740,realizados,,,2799,,kaikki_no_match
wfpt-07873,realizam,,,7968,,kaikki_no_match
wfpt-06378,realizando,,,6466,,kaikki_no_match
wfpt-01575,realizar,,,1624,,kaikki_no_match
wfpt-06608,realizaram,,,6697,,kaikki_no_match
wfpt-02198,realização,,,2252,,kaikki_no_match
wfpt-11218,realizações,,,11335,,kaikki_no_match
wfpt-03104,realizou,,,3166,,kaikki_no_match
wfpt-10147,really,,,10256,,kaikki_no_match
wfpt-00351,realmente,,,368,,kaikki_no_match
wfpt-01813,reação,,,1864,,kaikki_no_match
wfpt-04512,reações,,,4589,,kaikki_no_match
wfpt-10836,rebaixamento,,,10948,,kaikki_no_match
wfpt-08996,rebecca,,,9098,,kaikki_no_match
wfpt-05804,rebelde,,,5887,,kaikki_no_match
wfpt-05377,rebeldes,,,5458,,kaikki_no_match
wfpt-07874,rebelião,noun,,7969,бунт,kaikki_pt_ru_enriched
wfpt-04595,recado,,,4673,,kaikki_no_match
wfpt-10148,receba,,,10257,,kaikki_no_match
wfpt-01709,recebe,,,1758,,kaikki_no_match
wfpt-03866,recebem,,,3937,,kaikki_no_match
wfpt-05492,recebemos,,,5575,,kaikki_no_match
wfpt-03219,recebendo,,,3282,,kaikki_no_match
wfpt-00887,receber,,,921,,kaikki_no_match
wfpt-03293,receberam,,,3356,,kaikki_no_match
wfpt-09294,receberá,,,9397,,kaikki_no_match
wfpt-00867,recebeu,,,901,,kaikki_no_match
wfpt-02977,recebi,,,3038,,kaikki_no_match
wfpt-07362,recebida,,,7455,,kaikki_no_match
wfpt-10668,recebidas,,,10780,,kaikki_no_match
wfpt-02387,recebido,,,2441,,kaikki_no_match
wfpt-07363,recebidos,,,7456,,kaikki_no_match
wfpt-07364,recebo,,,7457,,kaikki_no_match
wfpt-06490,receio,,,6578,,kaikki_no_match
wfpt-03220,receita,noun,,3283,выручка,kaikki_pt_ru_enriched
wfpt-06379,receitas,,,6467,,kaikki_no_match
wfpt-02014,recente,,,2068,,kaikki_no_match
wfpt-01539,recentemente,,,1587,,kaikki_no_match
wfpt-02912,recentes,,,2972,,kaikki_no_match
wfpt-11602,receptor,,,11720,,kaikki_no_match
wfpt-03948,recepção,noun,,4019,вахта,kaikki_pt_ru_enriched
wfpt-09137,reciclagem,,,9239,,kaikki_no_match
wfpt-02848,recife,noun,,2907,риф,kaikki_pt_ru_enriched
wfpt-08286,reclama,,,8382,,kaikki_no_match
wfpt-09460,reclamam,,,9565,,kaikki_no_match
wfpt-08997,reclamando,,,9099,,kaikki_no_match
wfpt-04682,reclamar,,,4760,,kaikki_no_match
wfpt-08005,reclamação,noun,,8100,стенание,kaikki_pt_ru_enriched
wfpt-06984,reclamações,,,7074,,kaikki_no_match
wfpt-09805,recolha,,,9913,,kaikki_no_match
wfpt-06020,recolher,,,6105,,kaikki_no_match
wfpt-09806,recomenda,,,9914,,kaikki_no_match
wfpt-08848,recomendação,,,8948,,kaikki_no_match
wfpt-07728,recomendações,,,7823,,kaikki_no_match
wfpt-05378,recomendo,,,5459,,kaikki_no_match
wfpt-08849,recomeçar,,,8949,,kaikki_no_match
wfpt-07239,recompensa,,,7331,,kaikki_no_match
wfpt-04031,reconhece,,,4105,,kaikki_no_match
wfpt-10321,reconhecendo,,,10430,,kaikki_no_match
wfpt-03370,reconhecer,,,3434,,kaikki_no_match
wfpt-06021,reconheceu,,,6106,,kaikki_no_match
wfpt-05805,reconhecida,,,5888,,kaikki_no_match
wfpt-11412,reconhecidas,,,11529,,kaikki_no_match
wfpt-03792,reconhecido,,,3861,,kaikki_no_match
wfpt-08709,reconhecidos,,,8809,,kaikki_no_match
wfpt-01710,reconhecimento,,,1759,,kaikki_no_match
wfpt-11831,reconheço,,,11952,,kaikki_no_match
wfpt-09647,reconstruir,,,9753,,kaikki_no_match
wfpt-05594,reconstrução,,,5677,,kaikki_no_match
wfpt-04596,record,,,4674,,kaikki_no_match
wfpt-10488,recorda,,,10599,,kaikki_no_match
wfpt-08287,recordar,,,8383,,kaikki_no_match
wfpt-03449,recorde,,,3513,,kaikki_no_match
wfpt-11603,recordes,,,11721,,kaikki_no_match
wfpt-11219,recordo,,,11336,,kaikki_no_match
wfpt-08433,recorrente,,,8529,,kaikki_no_match
wfpt-07240,recorrer,,,7332,,kaikki_no_match
wfpt-11604,recreio,,,11722,,kaikki_no_match
wfpt-10489,recrutamento,,,10600,,kaikki_no_match
wfpt-11413,recuar,,,11530,,kaikki_no_match
wfpt-02791,recuperar,,,2850,,kaikki_no_match
wfpt-03655,recuperação,,,3721,,kaikki_no_match
wfpt-03371,recurso,noun,,3435,ресурс,kaikki_pt_ru_enriched
wfpt-00743,recursos,,,775,,kaikki_no_match
wfpt-05168,recusa,noun,,5247,отказ,kaikki_pt_ru_enriched
wfpt-08157,recusar,,,8253,,kaikki_no_match
wfpt-04436,recusou,,,4513,,kaikki_no_match
wfpt-02645,recém,,,2701,,kaikki_no_match
wfpt-03221,red,,,3284,,kaikki_no_match
wfpt-04437,redação,,,4514,,kaikki_no_match
wfpt-00384,rede,noun,,402,сеть,kaikki_pt_ru_enriched
wfpt-00868,redes,,,902,,kaikki_no_match
wfpt-08006,redonda,,,8101,,kaikki_no_match
wfpt-01302,redor,,,1344,,kaikki_no_match
wfpt-07875,reduz,,,7970,,kaikki_no_match
wfpt-06609,reduzida,,,6698,,kaikki_no_match
wfpt-06985,reduzido,,,7075,,kaikki_no_match
wfpt-11026,reduzindo,,,11139,,kaikki_no_match
wfpt-02913,reduzir,,,2973,,kaikki_no_match
wfpt-02340,redução,,,2394,,kaikki_no_match
wfpt-08578,reeleição,,,8676,,kaikki_no_match
wfpt-10149,reestruturação,,,10258,,kaikki_no_match
wfpt-06380,refeição,,,6468,,kaikki_no_match
wfpt-08434,refeições,,,8530,,kaikki_no_match
wfpt-01941,refere,,,1994,,kaikki_no_match
wfpt-09295,referem,,,9398,,kaikki_no_match
wfpt-10322,referendo,noun,,10431,референдум,kaikki_pt_ru_enriched
wfpt-09648,referente,,,9754,,kaikki_no_match
wfpt-09461,referentes,,,9566,,kaikki_no_match
wfpt-11832,referia,,,11953,,kaikki_no_match
wfpt-07593,referida,,,7688,,kaikki_no_match
wfpt-05703,referido,,,5786,,kaikki_no_match
wfpt-07365,referindo,,,7458,,kaikki_no_match
wfpt-05379,referir,,,5460,,kaikki_no_match
wfpt-10323,referiu,,,10432,,kaikki_no_match
wfpt-01401,referência,,,1448,,kaikki_no_match
wfpt-03867,referências,,,3938,,kaikki_no_match
wfpt-05909,reflete,,,5994,,kaikki_no_match
wfpt-11027,refletindo,,,11140,,kaikki_no_match
wfpt-05061,refletir,,,5140,,kaikki_no_match
wfpt-06717,reflexo,noun,,6806,рефлекс,kaikki_pt_ru_enriched
wfpt-04032,reflexão,,,4106,,kaikki_no_match
wfpt-07366,reflexões,,,7459,,kaikki_no_match
wfpt-01427,reforma,noun,,1474,рефо́рма,kaikki_pt_ru_enriched
wfpt-04102,reformas,,,4176,,kaikki_no_match
wfpt-10490,reforça,,,10601,,kaikki_no_match
wfpt-06842,reforçar,,,6932,,kaikki_no_match
wfpt-06986,reforço,,,7076,,kaikki_no_match
wfpt-10491,reforços,,,10602,,kaikki_no_match
wfpt-09296,refrigerante,,,9399,,kaikki_no_match
wfpt-06022,refugiados,,,6107,,kaikki_no_match
wfpt-11414,refém,noun,,11531,заложник,kaikki_pt_ru_enriched
wfpt-07119,reféns,,,7209,,kaikki_no_match
wfpt-06843,refúgio,,,6933,,kaikki_no_match
wfpt-09462,reggae,,,9567,,kaikki_no_match
wfpt-01460,regime,noun,,1507,режим,kaikki_pt_ru_enriched
wfpt-07367,regimento,noun,,7460,полк,kaikki_pt_ru_enriched
wfpt-10837,regimes,,,10949,,kaikki_no_match
wfpt-06023,regina,,,6108,,kaikki_no_match
wfpt-03165,regionais,,,3227,,kaikki_no_match
wfpt-01461,regional,,,1508,,kaikki_no_match
wfpt-05169,registo,,,5248,,kaikki_no_match
wfpt-09138,registos,,,9240,,kaikki_no_match
wfpt-08435,registra,,,8531,,kaikki_no_match
wfpt-06024,registrada,,,6109,,kaikki_no_match
wfpt-08850,registradas,,,8950,,kaikki_no_match
wfpt-05170,registrado,,,5249,,kaikki_no_match
wfpt-06025,registrados,,,6110,,kaikki_no_match
wfpt-05704,registrar,verb,,5787,регистрировать,kaikki_pt_ru_enriched
wfpt-01971,registro,,,2025,,kaikki_no_match
wfpt-03042,registros,,,3104,,kaikki_no_match
wfpt-05595,registrou,,,5678,,kaikki_no_match
wfpt-00273,região,noun,,289,регион,kaikki_pt_ru_enriched
wfpt-01364,regiões,,,1408,,kaikki_no_match
wfpt-02539,regra,noun,,2594,правило,kaikki_pt_ru_enriched
wfpt-01218,regras,,,1257,,kaikki_no_match
wfpt-08436,regressar,,,8532,,kaikki_no_match
wfpt-04771,regresso,,,4849,,kaikki_no_match
wfpt-07368,regulamentação,,,7461,,kaikki_no_match
wfpt-06026,regulamento,,,6111,,kaikki_no_match
wfpt-11605,regulamentos,,,11723,,kaikki_no_match
wfpt-03222,regular,verb,,3285,регулировать,kaikki_pt_ru_enriched
wfpt-07594,regulares,,,7689,,kaikki_no_match
wfpt-05062,regularmente,,,5141,,kaikki_no_match
wfpt-08579,regulação,,,8677,,kaikki_no_match
wfpt-00761,rei,noun,,794,король,kaikki_pt_ru_enriched
wfpt-10838,reinado,,,10950,,kaikki_no_match
wfpt-09463,reinaldo,,,9568,,kaikki_no_match
wfpt-01281,reino,,,1323,,kaikki_no_match
wfpt-03450,reis,noun,,3514,кни́га царе́й,kaikki_pt_ru_enriched
wfpt-06844,reitor,noun,,6934,ректор,kaikki_pt_ru_enriched
wfpt-10492,reitoria,,,10603,,kaikki_no_match
wfpt-09649,reivindicações,,,9755,,kaikki_no_match
wfpt-10493,rejeitado,,,10604,,kaikki_no_match
wfpt-10494,rejeitou,,,10605,,kaikki_no_match
wfpt-06610,rejeição,,,6699,,kaikki_no_match
wfpt-10495,relaciona,,,10606,,kaikki_no_match
wfpt-04772,relacionada,,,4850,,kaikki_no_match
wfpt-02741,relacionadas,,,2800,,kaikki_no_match
wfpt-03575,relacionado,,,3640,,kaikki_no_match
wfpt-02199,relacionados,,,2253,,kaikki_no_match
wfpt-01576,relacionamento,,,1625,,kaikki_no_match
wfpt-05705,relacionamentos,,,5788,,kaikki_no_match
wfpt-11220,relacionar,,,11337,,kaikki_no_match
wfpt-06381,relata,,,6469,,kaikki_no_match
wfpt-09139,relatado,,,9241,,kaikki_no_match
wfpt-11833,relatar,,,11954,,kaikki_no_match
wfpt-06149,relativa,,,6234,,kaikki_no_match
wfpt-02978,relativamente,,,3039,,kaikki_no_match
wfpt-08007,relativas,,,8102,,kaikki_no_match
wfpt-09650,relativo,,,9756,,kaikki_no_match
wfpt-08437,relativos,,,8533,,kaikki_no_match
wfpt-04597,relato,,,4675,,kaikki_no_match
wfpt-10150,relator,,,10259,,kaikki_no_match
wfpt-04033,relatos,,,4107,,kaikki_no_match
wfpt-06845,relatou,,,6935,,kaikki_no_match
wfpt-01219,relatório,noun,,1258,отчёт,kaikki_pt_ru_enriched
wfpt-03451,relatórios,,,3515,,kaikki_no_match
wfpt-07120,relaxa,,,7210,,kaikki_no_match
wfpt-06027,relaxar,verb,,6112,отдыхать,kaikki_pt_ru_enriched
wfpt-00363,relação,noun,,381,связь,kaikki_pt_ru_enriched
wfpt-00914,relações,,,948,,kaikki_no_match
wfpt-09807,relembrar,,,9915,,kaikki_no_match
wfpt-04513,relevante,,,4590,,kaikki_no_match
wfpt-05380,relevantes,,,5461,,kaikki_no_match
wfpt-11028,relevo,,,11141,,kaikki_no_match
wfpt-06718,relevância,,,6807,,kaikki_no_match
wfpt-03043,religiosa,,,3105,,kaikki_no_match
wfpt-04962,religiosas,,,5041,,kaikki_no_match
wfpt-03452,religioso,,,3516,,kaikki_no_match
wfpt-03656,religiosos,,,3722,,kaikki_no_match
wfpt-01674,religião,noun,,1723,религия,kaikki_pt_ru_enriched
wfpt-05596,religiões,,,5679,,kaikki_no_match
wfpt-03576,relógio,noun,,3641,часы,kaikki_pt_ru_enriched
wfpt-11606,relógios,,,11724,,kaikki_no_match
wfpt-11415,remanescentes,,,11532,,kaikki_no_match
wfpt-10151,remix,noun,,10260,ремикс,kaikki_pt_ru_enriched
wfpt-11416,remota,,,11533,,kaikki_no_match
wfpt-08580,remoto,,,8678,,kaikki_no_match
wfpt-05260,remover,,,5340,,kaikki_no_match
wfpt-09140,removido,,,9242,,kaikki_no_match
wfpt-05597,remoção,,,5680,,kaikki_no_match
wfpt-04438,remédio,noun,,4515,лекарство,kaikki_pt_ru_enriched
wfpt-04683,remédios,,,4761,,kaikki_no_match
wfpt-11834,renal,,,11955,,kaikki_no_match
wfpt-05910,renan,,,5995,,kaikki_no_match
wfpt-11417,renascimento,,,11534,,kaikki_no_match
wfpt-06719,renata,,,6808,,kaikki_no_match
wfpt-03166,renato,,,3228,,kaikki_no_match
wfpt-02108,renda,noun,,2162,доход,kaikki_pt_ru_enriched
wfpt-08158,render,,,8254,,kaikki_no_match
wfpt-07876,rendeu,,,7971,,kaikki_no_match
wfpt-06846,rendimento,,,6936,,kaikki_no_match
wfpt-09464,rendimentos,,,9569,,kaikki_no_match
wfpt-10669,renovado,,,10781,,kaikki_no_match
wfpt-09297,renovar,,,9400,,kaikki_no_match
wfpt-06382,renovação,,,6470,,kaikki_no_match
wfpt-10839,renunciar,,,10951,,kaikki_no_match
wfpt-07729,renúncia,noun,,7824,отказ,kaikki_pt_ru_enriched
wfpt-08851,reparar,verb,,8951,заметить,kaikki_pt_ru_enriched
wfpt-02742,repente,,,2801,,kaikki_no_match
wfpt-06028,repercussão,,,6113,,kaikki_no_match
wfpt-08438,repertório,,,8534,,kaikki_no_match
wfpt-08159,repete,,,8255,,kaikki_no_match
wfpt-11418,repetidamente,,,11535,,kaikki_no_match
wfpt-11029,repetindo,,,11142,,kaikki_no_match
wfpt-03793,repetir,,,3862,,kaikki_no_match
wfpt-11419,repita,,,11536,,kaikki_no_match
wfpt-07877,repito,,,7972,,kaikki_no_match
wfpt-10670,repleta,,,10782,,kaikki_no_match
wfpt-07730,report,,,7825,,kaikki_no_match
wfpt-03518,reportagem,noun,,3583,доклад,kaikki_pt_ru_enriched
wfpt-09465,reportagens,,,9570,,kaikki_no_match
wfpt-11221,repouso,,,11338,,kaikki_no_match
wfpt-01428,representa,,,1475,,kaikki_no_match
wfpt-08852,representada,,,8952,,kaikki_no_match
wfpt-06847,representado,,,6937,,kaikki_no_match
wfpt-09141,representados,,,9243,,kaikki_no_match
wfpt-03733,representam,,,3799,,kaikki_no_match
wfpt-05261,representando,,,5341,,kaikki_no_match
wfpt-02441,representante,noun,,2495,староста,kaikki_pt_ru_enriched
wfpt-02109,representantes,,,2163,,kaikki_no_match
wfpt-03657,representar,,,3723,,kaikki_no_match
wfpt-02743,representação,,,2802,,kaikki_no_match
wfpt-07475,representações,,,7569,,kaikki_no_match
wfpt-09651,representou,,,9757,,kaikki_no_match
wfpt-06848,repressão,,,6938,,kaikki_no_match
wfpt-11835,reproduzir,,,11956,,kaikki_no_match
wfpt-03734,reprodução,,,3800,,kaikki_no_match
wfpt-09298,republicano,,,9401,,kaikki_no_match
wfpt-04350,reputação,,,4426,,kaikki_no_match
wfpt-04103,repórter,,,4177,,kaikki_no_match
wfpt-11030,repórteres,,,11143,,kaikki_no_match
wfpt-00744,república,noun,,776,республика,kaikki_pt_ru_enriched
wfpt-05063,requer,,,5142,,kaikki_no_match
wfpt-06987,requisitos,,,7077,,kaikki_no_match
wfpt-09142,research,,,9244,,kaikki_no_match
wfpt-04514,resenha,noun,,4591,рецензия,kaikki_pt_ru_enriched
wfpt-01891,reserva,,,1944,,kaikki_no_match
wfpt-09808,reservado,,,9916,,kaikki_no_match
wfpt-11607,reservados,,,11725,,kaikki_no_match
wfpt-03794,reservas,,,3863,,kaikki_no_match
wfpt-10496,reservatório,,,10607,,kaikki_no_match
wfpt-07369,resgatar,,,7462,,kaikki_no_match
wfpt-03223,resgate,,,3286,,kaikki_no_match
wfpt-07595,reside,,,7690,,kaikki_no_match
wfpt-08008,residencial,,,8103,,kaikki_no_match
wfpt-06383,residente,,,6471,,kaikki_no_match
wfpt-04963,residentes,,,5042,,kaikki_no_match
wfpt-02482,residência,,,2536,,kaikki_no_match
wfpt-06491,residências,,,6579,,kaikki_no_match
wfpt-11608,resiste,,,11726,,kaikki_no_match
wfpt-09652,resistente,,,9758,,kaikki_no_match
wfpt-05598,resistir,verb,,5681,отбиваться,kaikki_pt_ru_enriched
wfpt-01577,resistência,noun,,1626,сопротивление,kaikki_pt_ru_enriched
wfpt-02200,resolução,noun,,2254,решение,kaikki_pt_ru_enriched
wfpt-11420,resoluções,,,11537,,kaikki_no_match
wfpt-05262,resolve,,,5342,,kaikki_no_match
wfpt-01429,resolver,verb,,1476,решить,kaikki_pt_ru_enriched
wfpt-10840,resolveram,,,10952,,kaikki_no_match
wfpt-03868,resolveu,,,3939,,kaikki_no_match
wfpt-06988,resolvi,,,7078,,kaikki_no_match
wfpt-05911,resolvido,,,5996,,kaikki_no_match
wfpt-11836,resolvidos,,,11957,,kaikki_no_match
wfpt-04515,respectivamente,,,4592,,kaikki_no_match
wfpt-09299,respectivas,,,9402,,kaikki_no_match
wfpt-06720,respectivos,,,6809,,kaikki_no_match
wfpt-06384,respeita,,,6472,,kaikki_no_match
wfpt-09809,respeitado,,,9917,,kaikki_no_match
wfpt-04265,respeitar,,,4341,,kaikki_no_match
wfpt-11837,respeite,,,11958,,kaikki_no_match
wfpt-00532,respeito,noun,,558,уважение,kaikki_pt_ru_enriched
wfpt-08439,respira,,,8535,,kaikki_no_match
wfpt-05263,respirar,,,5343,,kaikki_no_match
wfpt-06611,respiração,noun,,6700,дыхание,kaikki_pt_ru_enriched
wfpt-06492,responda,,,6580,,kaikki_no_match
wfpt-02744,responde,,,2803,,kaikki_no_match
wfpt-10152,respondem,,,10261,,kaikki_no_match
wfpt-06150,respondendo,,,6235,,kaikki_no_match
wfpt-01462,responder,,,1509,,kaikki_no_match
wfpt-02483,respondeu,,,2537,,kaikki_no_match
wfpt-10324,respondi,,,10433,,kaikki_no_match
wfpt-01220,responsabilidade,,,1259,,kaikki_no_match
wfpt-05706,responsabilidades,,,5789,,kaikki_no_match
wfpt-02015,responsáveis,,,2069,,kaikki_no_match
wfpt-00801,responsável,,,835,,kaikki_no_match
wfpt-00730,resposta,noun,,762,ответ,kaikki_pt_ru_enriched
wfpt-01892,respostas,,,1945,,kaikki_no_match
wfpt-07731,ressalta,,,7826,,kaikki_no_match
wfpt-10153,ressaltar,,,10262,,kaikki_no_match
wfpt-11609,ressonância,,,11727,,kaikki_no_match
wfpt-11222,ressurreição,,,11339,,kaikki_no_match
wfpt-03167,resta,,,3229,,kaikki_no_match
wfpt-04351,restante,,,4427,,kaikki_no_match
wfpt-05264,restantes,,,5344,,kaikki_no_match
wfpt-02484,restaurante,noun,,2538,ресторан,kaikki_pt_ru_enriched
wfpt-04773,restaurantes,,,4851,,kaikki_no_match
wfpt-08998,restaurar,,,9100,,kaikki_no_match
wfpt-07732,restauração,noun,,7827,реституция,kaikki_pt_ru_enriched
wfpt-00940,resto,,,974,,kaikki_no_match
wfpt-05064,restos,,,5143,,kaikki_no_match
wfpt-09967,restrita,,,10076,,kaikki_no_match
wfpt-10154,restrito,,,10263,,kaikki_no_match
wfpt-07121,restrição,,,7211,,kaikki_no_match
wfpt-05265,restrições,,,5345,,kaikki_no_match
wfpt-04774,resulta,,,4852,,kaikki_no_match
wfpt-00607,resultado,noun,,635,итог,kaikki_pt_ru_enriched
wfpt-00715,resultados,,,746,,kaikki_no_match
wfpt-07596,resultando,,,7691,,kaikki_no_match
wfpt-08710,resultante,,,8810,,kaikki_no_match
wfpt-06721,resultar,,,6810,,kaikki_no_match
wfpt-11610,resultaram,,,11728,,kaikki_no_match
wfpt-03658,resultou,,,3724,,kaikki_no_match
wfpt-06849,resume,,,6939,,kaikki_no_match
wfpt-09143,resumindo,,,9245,,kaikki_no_match
wfpt-02849,resumo,,,2908,,kaikki_no_match
wfpt-05266,resíduos,,,5346,,kaikki_no_match
wfpt-05599,reta,noun,,5682,прямая,kaikki_pt_ru_enriched
wfpt-10841,retira,,,10953,,kaikki_no_match
wfpt-02979,retirada,,,3040,,kaikki_no_match
wfpt-11223,retiradas,,,11340,,kaikki_no_match
wfpt-06029,retirado,,,6114,,kaikki_no_match
wfpt-09968,retirados,,,10077,,kaikki_no_match
wfpt-02980,retirar,,,3041,,kaikki_no_match
wfpt-11031,retire,,,11144,,kaikki_no_match
wfpt-07370,retiro,,,7463,,kaikki_no_match
wfpt-08853,retirou,,,8953,,kaikki_no_match
wfpt-10842,reto,,,10954,,kaikki_no_match
wfpt-10843,retomada,,,10955,,kaikki_no_match
wfpt-08288,retomar,,,8384,,kaikki_no_match
wfpt-07878,retorna,,,7973,,kaikki_no_match
wfpt-04190,retornar,,,4266,,kaikki_no_match
wfpt-02062,retorno,,,2116,,kaikki_no_match
wfpt-07733,retornou,,,7828,,kaikki_no_match
wfpt-08160,retrata,,,8256,,kaikki_no_match
wfpt-04104,retrato,,,4178,,kaikki_no_match
wfpt-08581,retratos,,,8679,,kaikki_no_match
wfpt-11421,return,,,11538,,kaikki_no_match
wfpt-11611,retórica,noun,,11729,риторика,kaikki_pt_ru_enriched
wfpt-07734,reunidos,,,7829,,kaikki_no_match
wfpt-09144,reunindo,,,9246,,kaikki_no_match
wfpt-03519,reunir,,,3584,,kaikki_no_match
wfpt-08440,reuniram,,,8536,,kaikki_no_match
wfpt-04266,reuniu,,,4342,,kaikki_no_match
wfpt-01021,reunião,noun,,1057,воссоединение,kaikki_pt_ru_enriched
wfpt-03294,reuniões,,,3357,,kaikki_no_match
wfpt-08289,reuters,,,8385,,kaikki_no_match
wfpt-02540,revela,,,2595,,kaikki_no_match
wfpt-06385,revelado,,,6473,,kaikki_no_match
wfpt-08009,revelam,,,8104,,kaikki_no_match
wfpt-09145,revelando,,,9247,,kaikki_no_match
wfpt-04439,revelar,,,4516,,kaikki_no_match
wfpt-05600,revelação,,,5683,,kaikki_no_match
wfpt-02792,revelou,,,2851,,kaikki_no_match
wfpt-06030,rever,,,6115,,kaikki_no_match
wfpt-08999,reverter,,,9101,,kaikki_no_match
wfpt-11032,review,,,11145,,kaikki_no_match
wfpt-00802,revista,noun,,836,журнал,kaikki_pt_ru_enriched
wfpt-03453,revistas,,,3517,,kaikki_no_match
wfpt-02341,revisão,,,2395,,kaikki_no_match
wfpt-03295,revolta,,,3358,,kaikki_no_match
wfpt-09000,revolucionária,,,9102,,kaikki_no_match
wfpt-06493,revolucionário,,,6581,,kaikki_no_match
wfpt-10671,revolucionários,,,10783,,kaikki_no_match
wfpt-01578,revolução,noun,,1627,переворот,kaikki_pt_ru_enriched
wfpt-08010,rey,,,8105,,kaikki_no_match
wfpt-08711,reza,,,8811,,kaikki_no_match
wfpt-07371,rezar,verb,,7464,молиться,kaikki_pt_ru_enriched
wfpt-03577,reúne,,,3642,,kaikki_no_match
wfpt-10155,reúnem,,,10264,,kaikki_no_match
wfpt-10156,ria,,,10265,,kaikki_no_match
wfpt-02914,ribeiro,,,2974,,kaikki_no_match
wfpt-05806,ribeirão,,,5889,,kaikki_no_match
wfpt-01942,rica,,,1995,,kaikki_no_match
wfpt-01748,ricardo,noun,,1799,ричард,kaikki_pt_ru_enriched
wfpt-08290,ricas,,,8386,,kaikki_no_match
wfpt-11422,rich,,,11539,,kaikki_no_match
wfpt-02850,richard,,,2909,,kaikki_no_match
wfpt-05707,rick,,,5790,,kaikki_no_match
wfpt-01675,rico,,,1724,,kaikki_no_match
wfpt-03224,ricos,,,3287,,kaikki_no_match
wfpt-09146,ridícula,,,9248,,kaikki_no_match
wfpt-03296,ridículo,,,3359,,kaikki_no_match
wfpt-07477,right,,,7571,,kaikki_no_match
wfpt-10672,rigor,,,10784,,kaikki_no_match
wfpt-10497,rim,,,10608,,kaikki_no_match
wfpt-10844,rima,,,10956,,kaikki_no_match
wfpt-06612,rindo,,,6701,,kaikki_no_match
wfpt-00163,rio,noun,,173,река,kaikki_pt_ru_enriched
wfpt-02745,rios,,,2804,,kaikki_no_match
wfpt-03520,riqueza,,,3585,,kaikki_no_match
wfpt-09147,riquezas,,,9249,,kaikki_no_match
wfpt-03168,rir,,,3230,,kaikki_no_match
wfpt-11224,risada,,,11341,,kaikki_no_match
wfpt-01048,risco,noun,,1084,риск,kaikki_pt_ru_enriched
wfpt-03225,riscos,,,3288,,kaikki_no_match
wfpt-10325,riso,noun,,10434,смех,kaikki_pt_ru_enriched
wfpt-07478,risos,,,7572,,kaikki_no_match
wfpt-04352,rita,,,4428,,kaikki_no_match
wfpt-03044,ritmo,noun,,3106,темп,kaikki_pt_ru_enriched
wfpt-09969,ritmos,,,10078,,kaikki_no_match
wfpt-08441,rituais,,,8537,,kaikki_no_match
wfpt-05912,ritual,,,5997,,kaikki_no_match
wfpt-07122,rivais,,,7212,,kaikki_no_match
wfpt-05913,rival,,,5998,,kaikki_no_match
wfpt-08854,river,,,8954,,kaikki_no_match
wfpt-06613,road,,,6702,,kaikki_no_match
wfpt-09001,rob,,,9103,,kaikki_no_match
wfpt-02692,robert,,,2749,,kaikki_no_match
wfpt-11612,roberta,,,11730,,kaikki_no_match
wfpt-01893,roberto,noun,,1946,роберт,kaikki_pt_ru_enriched
wfpt-09467,roberts,,,9572,,kaikki_no_match
wfpt-06614,robin,,,6703,,kaikki_no_match
wfpt-10845,robinson,,,10957,,kaikki_no_match
wfpt-09468,robson,,,9573,,kaikki_no_match
wfpt-07735,robô,noun,,7830,робот,kaikki_pt_ru_enriched
wfpt-08582,robôs,,,8680,,kaikki_no_match
wfpt-02981,rocha,noun,,3042,скала,kaikki_pt_ru_enriched
wfpt-08291,rochas,,,8387,,kaikki_no_match
wfpt-01188,rock,,,1227,,kaikki_no_match
wfpt-03578,roda,,,3643,,kaikki_no_match
wfpt-02541,rodada,,,2596,,kaikki_no_match
wfpt-11613,rodadas,,,11731,,kaikki_no_match
wfpt-10157,rodar,,,10266,,kaikki_no_match
wfpt-04105,rodas,,,4179,,kaikki_no_match
wfpt-04775,rodovia,,,4853,,kaikki_no_match
wfpt-08161,rodovias,,,8257,,kaikki_no_match
wfpt-09970,rodoviária,,,10079,,kaikki_no_match
wfpt-11838,rodoviário,,,11959,,kaikki_no_match
wfpt-02063,rodrigo,,,2117,,kaikki_no_match
wfpt-02485,rodrigues,,,2539,,kaikki_no_match
wfpt-10326,rodríguez,,,10435,,kaikki_no_match
wfpt-04516,roger,,,4593,,kaikki_no_match
wfpt-05267,rogério,,,5347,,kaikki_no_match
wfpt-06494,rola,,,6582,,kaikki_no_match
wfpt-07597,rolando,,,7692,,kaikki_no_match
wfpt-08712,rolar,verb,,8812,катиться,kaikki_pt_ru_enriched
wfpt-10846,role,,,10958,,kaikki_no_match
wfpt-10673,roll,,,10785,,kaikki_no_match
wfpt-09148,rolo,,,9250,,kaikki_no_match
wfpt-02486,roma,,,2540,,kaikki_no_match
wfpt-09653,roman,,,9759,,kaikki_no_match
wfpt-09149,romana,,,9251,,kaikki_no_match
wfpt-02542,romance,,,2597,,kaikki_no_match
wfpt-09150,romances,,,9252,,kaikki_no_match
wfpt-07123,romano,,,7213,,kaikki_no_match
wfpt-07372,romanos,noun,,7465,посла́ние к ри́млянам,kaikki_pt_ru_enriched
wfpt-06615,romero,,,6704,,kaikki_no_match
wfpt-11614,romeu,,,11732,,kaikki_no_match
wfpt-09151,romper,,,9253,,kaikki_no_match
wfpt-11615,rompimento,noun,,11733,разрыв,kaikki_pt_ru_enriched
wfpt-07241,romântica,,,7333,,kaikki_no_match
wfpt-04267,romântico,,,4343,,kaikki_no_match
wfpt-09469,ron,,,9574,,kaikki_no_match
wfpt-04034,ronaldo,,,4108,,kaikki_no_match
wfpt-08292,ronda,,,8388,,kaikki_no_match
wfpt-07124,rondônia,,,7214,,kaikki_no_match
wfpt-08162,roque,,,8258,,kaikki_no_match
wfpt-10327,roraima,noun,,10436,рорайма,kaikki_pt_ru_enriched
wfpt-01504,rosa,noun,,1551,роза,kaikki_pt_ru_enriched
wfpt-05914,rosas,,,5999,,kaikki_no_match
wfpt-04440,rose,,,4517,,kaikki_no_match
wfpt-07242,ross,,,7334,,kaikki_no_match
wfpt-11033,rossi,,,11146,,kaikki_no_match
wfpt-01160,rosto,noun,,1199,лицо,kaikki_pt_ru_enriched
wfpt-08442,rostos,,,8538,,kaikki_no_match
wfpt-08163,rosário,noun,,8259,чётки,kaikki_pt_ru_enriched
wfpt-03105,rota,,,3167,,kaikki_no_match
wfpt-08855,rotas,,,8955,,kaikki_no_match
wfpt-11225,rotação,,,11342,,kaikki_no_match
wfpt-03372,roteiro,,,3436,,kaikki_no_match
wfpt-03045,rotina,,,3107,,kaikki_no_match
wfpt-09470,rouba,,,9575,,kaikki_no_match
wfpt-05493,roubado,,,5576,,kaikki_no_match
wfpt-09471,roubando,,,9576,,kaikki_no_match
wfpt-03169,roubar,verb,,3231,воровать,kaikki_pt_ru_enriched
wfpt-10847,roubaram,,,10959,,kaikki_no_match
wfpt-03659,roubo,noun,,3725,кража,kaikki_pt_ru_enriched
wfpt-09811,roubos,,,9919,,kaikki_no_match
wfpt-06850,roubou,,,6940,,kaikki_no_match
wfpt-01330,roupa,noun,,1372,костюм,kaikki_pt_ru_enriched
wfpt-01430,roupas,,,1477,,kaikki_no_match
wfpt-05601,rousseff,,,5684,,kaikki_no_match
wfpt-08011,roxo,,,8106,,kaikki_no_match
wfpt-07736,roy,,,7831,,kaikki_no_match
wfpt-10848,royal,,,10960,,kaikki_no_match
wfpt-10849,rpg,,,10961,,kaikki_no_match
wfpt-07737,rss,,,7832,,kaikki_no_match
wfpt-09971,rtp,,,10080,,kaikki_no_match
wfpt-00401,rua,noun,,420,улица,kaikki_pt_ru_enriched
wfpt-01365,ruas,,,1409,,kaikki_no_match
wfpt-09812,rubro,,,9920,,kaikki_no_match
wfpt-04517,rui,,,4594,,kaikki_no_match
wfpt-01161,ruim,,,1200,,kaikki_no_match
wfpt-04191,ruins,,,4267,,kaikki_no_match
wfpt-03170,rumo,,,3232,,kaikki_no_match
wfpt-05381,rumores,,,5462,,kaikki_no_match
wfpt-08583,run,,,8681,,kaikki_no_match
wfpt-09813,ruptura,,,9921,,kaikki_no_match
wfpt-03735,rurais,,,3801,,kaikki_no_match
wfpt-02016,rural,,,2070,,kaikki_no_match
wfpt-02915,russa,,,2975,,kaikki_no_match
wfpt-11034,russas,,,11147,,kaikki_no_match
wfpt-08713,russell,,,8813,,kaikki_no_match
wfpt-01894,russo,noun,,1947,русский,kaikki_pt_ru_enriched
wfpt-04035,russos,,,4109,,kaikki_no_match
wfpt-08584,ruth,,,8682,,kaikki_no_match
wfpt-11035,ruy,,,11148,,kaikki_no_match
wfpt-08164,ruído,,,8260,,kaikki_no_match
wfpt-08293,ruínas,,,8389,,kaikki_no_match
wfpt-04776,ryan,,,4854,,kaikki_no_match
wfpt-00823,rádio,noun,,857,радий,kaikki_pt_ru_enriched
wfpt-05065,rádios,,,5144,,kaikki_no_match
wfpt-02111,rápida,,,2165,,kaikki_no_match
wfpt-09153,rápidas,,,9255,,kaikki_no_match
wfpt-00777,rápido,,,811,,kaikki_no_match
wfpt-07243,rápidos,,,7335,,kaikki_no_match
wfpt-11616,réplica,,,11734,,kaikki_no_match
wfpt-09002,réu,,,9104,,kaikki_no_match
wfpt-10674,rígido,,,10786,,kaikki_no_match
wfpt-11226,rótulo,,,11343,,kaikki_no_match
wfpt-01331,rússia,noun,,1373,россия,kaikki_pt_ru_enriched
wfpt-00148,sabe,,,158,,kaikki_no_match
wfpt-04873,sabedoria,,,4951,,kaikki_no_match
wfpt-00888,sabem,,,922,,kaikki_no_match
wfpt-01540,sabemos,,,1588,,kaikki_no_match
wfpt-02064,sabendo,,,2118,,kaikki_no_match
wfpt-00205,saber,,,217,,kaikki_no_match
wfpt-04268,sabes,,,4344,,kaikki_no_match
wfpt-00687,sabia,,,717,,kaikki_no_match
wfpt-05382,sabiam,,,5463,,kaikki_no_match
wfpt-11839,sabido,,,11960,,kaikki_no_match
wfpt-04518,sabor,noun,,4595,вкус,kaikki_pt_ru_enriched
wfpt-09815,sabrina,,,9923,,kaikki_no_match
wfpt-10675,sabão,noun,,10787,мыло,kaikki_pt_ru_enriched
wfpt-08585,sacerdote,,,8683,,kaikki_no_match
wfpt-02112,saco,,,2166,,kaikki_no_match
wfpt-09472,sacos,,,9577,,kaikki_no_match
wfpt-05708,sacrifício,noun,,5791,жертвоприношение,kaikki_pt_ru_enriched
wfpt-10676,sacrifícios,,,10788,,kaikki_no_match
wfpt-04269,saem,,,4345,,kaikki_no_match
wfpt-07244,safada,,,7336,,kaikki_no_match
wfpt-09972,safado,,,10081,,kaikki_no_match
wfpt-06031,saga,noun,,6116,сага,kaikki_pt_ru_enriched
wfpt-05709,sagrada,,,5792,,kaikki_no_match
wfpt-04353,sagrado,,,4429,,kaikki_no_match
wfpt-00964,sai,,,998,,kaikki_no_match
wfpt-02693,saia,,,2750,,kaikki_no_match
wfpt-11423,saiam,,,11540,,kaikki_no_match
wfpt-01138,saiba,,,1177,,kaikki_no_match
wfpt-06722,saibam,,,6811,,kaikki_no_match
wfpt-02234,saindo,,,2288,,kaikki_no_match
wfpt-06989,saint,,,7079,,kaikki_no_match
wfpt-06386,saio,,,6474,,kaikki_no_match
wfpt-00274,sair,,,290,,kaikki_no_match
wfpt-11036,sairá,,,11149,,kaikki_no_match
wfpt-11037,sais,,,11150,,kaikki_no_match
wfpt-00999,saiu,,,1035,,kaikki_no_match
wfpt-03106,sal,noun,,3168,соль,kaikki_pt_ru_enriched
wfpt-00608,sala,,,636,,kaikki_no_match
wfpt-07479,salada,noun,,7573,салат,kaikki_pt_ru_enriched
wfpt-09654,salarial,,,9760,,kaikki_no_match
wfpt-03454,salas,,,3518,,kaikki_no_match
wfpt-06990,saldo,,,7080,,kaikki_no_match
wfpt-07598,salgado,,,7693,,kaikki_no_match
wfpt-11424,salgueiro,,,11541,,kaikki_no_match
wfpt-11425,salta,,,11542,,kaikki_no_match
wfpt-10498,saltar,verb,,10609,прыгать,kaikki_pt_ru_enriched
wfpt-03297,salto,,,3360,,kaikki_no_match
wfpt-10499,saltos,,,10610,,kaikki_no_match
wfpt-04106,salva,,,4180,,kaikki_no_match
wfpt-01402,salvador,,,1449,,kaikki_no_match
wfpt-01814,salvar,verb,,1865,спасать,kaikki_pt_ru_enriched
wfpt-06032,salvação,noun,,6117,спасение,kaikki_pt_ru_enriched
wfpt-04684,salve,,,4762,,kaikki_no_match
wfpt-03949,salvo,,,4020,,kaikki_no_match
wfpt-05268,salvou,,,5348,,kaikki_no_match
wfpt-02342,salário,noun,,2396,зарплата,kaikki_pt_ru_enriched
wfpt-03455,salários,,,3519,,kaikki_no_match
wfpt-02694,salão,noun,,2751,зал,kaikki_pt_ru_enriched
wfpt-03660,sam,,,3726,,kaikki_no_match
wfpt-02543,samba,,,2598,,kaikki_no_match
wfpt-05602,sampaio,,,5685,,kaikki_no_match
wfpt-09003,samsung,,,9105,,kaikki_no_match
wfpt-06151,samuel,noun,,6236,самойло,kaikki_pt_ru_enriched
wfpt-01895,san,,,1948,,kaikki_no_match
wfpt-06616,sandra,,,6705,,kaikki_no_match
wfpt-07373,sandy,,,7466,,kaikki_no_match
wfpt-07245,saneamento,,,7337,,kaikki_no_match
wfpt-01094,sangue,noun,,1131,кровь,kaikki_pt_ru_enriched
wfpt-03171,santiago,,,3233,,kaikki_no_match
wfpt-09973,santidade,,,10082,,kaikki_no_match
wfpt-06851,santuário,noun,,6941,рака,kaikki_pt_ru_enriched
wfpt-09816,sanções,,,9924,,kaikki_no_match
wfpt-06991,sapato,noun,,7081,ботинок,kaikki_pt_ru_enriched
wfpt-05269,sapatos,,,5349,,kaikki_no_match
wfpt-09300,sapo,noun,,9403,жаба,kaikki_pt_ru_enriched
wfpt-03950,sara,,,4021,,kaikki_no_match
wfpt-03373,sarah,,,3437,,kaikki_no_match
wfpt-08714,saraiva,,,8814,,kaikki_no_match
wfpt-07125,sargento,,,7215,,kaikki_no_match
wfpt-09473,sarney,,,9578,,kaikki_no_match
wfpt-09974,satanás,,,10083,,kaikki_no_match
wfpt-09655,satisfazer,verb,,9761,удовлетворить,kaikki_pt_ru_enriched
wfpt-06033,satisfação,,,6118,,kaikki_no_match
wfpt-10328,satisfeita,,,10437,,kaikki_no_match
wfpt-05807,satisfeito,,,5890,,kaikki_no_match
wfpt-11038,satisfeitos,,,11151,,kaikki_no_match
wfpt-04036,satélite,noun,,4110,спутник,kaikki_pt_ru_enriched
wfpt-05270,saudade,,,5350,,kaikki_no_match
wfpt-03736,saudades,,,3802,,kaikki_no_match
wfpt-06852,saudita,,,6942,,kaikki_no_match
wfpt-09975,saudáveis,,,10084,,kaikki_no_match
wfpt-03521,saudável,,,3586,,kaikki_no_match
wfpt-08165,say,,,8261,,kaikki_no_match
wfpt-05383,saí,,,5464,,kaikki_no_match
wfpt-01162,saída,noun,,1201,выход,kaikki_pt_ru_enriched
wfpt-08856,saídas,,,8957,,kaikki_no_match
wfpt-06152,saído,,,6237,,kaikki_no_match
wfpt-09004,saímos,,,9106,,kaikki_no_match
wfpt-04441,saíram,,,4518,,kaikki_no_match
wfpt-10850,saírem,,,10962,,kaikki_no_match
wfpt-00427,saúde,,,447,,kaikki_no_match
wfpt-05271,sbt,,,5351,,kaikki_no_match
wfpt-08294,schmidt,,,8390,,kaikki_no_match
wfpt-05915,school,,,6000,,kaikki_no_match
wfpt-10158,science,,,10267,,kaikki_no_match
wfpt-03661,scott,,,3727,,kaikki_no_match
wfpt-09817,sea,,,9925,,kaikki_no_match
wfpt-06853,sean,,,6943,,kaikki_no_match
wfpt-09976,search,,,10085,,kaikki_no_match
wfpt-09301,seattle,,,9404,,kaikki_no_match
wfpt-08715,sebastian,,,8815,,kaikki_no_match
wfpt-07599,sebastião,,,7694,,kaikki_no_match
wfpt-02746,seca,,,2805,,kaikki_no_match
wfpt-08586,secar,,,8684,,kaikki_no_match
wfpt-07738,secas,,,7833,,kaikki_no_match
wfpt-04685,seco,,,4763,,kaikki_no_match
wfpt-11039,second,,,11152,,kaikki_no_match
wfpt-11840,secos,,,11961,,kaikki_no_match
wfpt-11040,secret,,,11153,,kaikki_no_match
wfpt-05171,secreta,,,5250,,kaikki_no_match
wfpt-02388,secretaria,,,2442,,kaikki_no_match
wfpt-09656,secretas,,,9762,,kaikki_no_match
wfpt-05172,secreto,,,5251,,kaikki_no_match
wfpt-08012,secretos,,,8107,,kaikki_no_match
wfpt-04354,secretária,,,4430,,kaikki_no_match
wfpt-01541,secretário,noun,,1589,секретарь,kaikki_pt_ru_enriched
wfpt-06034,sector,,,6119,,kaikki_no_match
wfpt-07126,secundária,,,7216,,kaikki_no_match
wfpt-06387,secundário,,,6475,,kaikki_no_match
wfpt-06258,secção,,,6344,,kaikki_no_match
wfpt-08857,seda,noun,,8958,шелк,kaikki_pt_ru_enriched
wfpt-01095,sede,noun,,1132,жажда,kaikki_pt_ru_enriched
wfpt-11841,sedes,,,11962,,kaikki_no_match
wfpt-08295,see,,,8391,,kaikki_no_match
wfpt-05603,segmento,,,5686,,kaikki_no_match
wfpt-07879,segmentos,,,7974,,kaikki_no_match
wfpt-02155,segredo,noun,,2209,тайна,kaikki_pt_ru_enriched
wfpt-03579,segredos,,,3644,,kaikki_no_match
wfpt-01139,segue,,,1178,,kaikki_no_match
wfpt-02793,seguem,,,2852,,kaikki_no_match
wfpt-05273,segui,,,5353,,kaikki_no_match
wfpt-09302,seguia,,,9405,,kaikki_no_match
wfpt-01096,seguida,,,1133,,kaikki_no_match
wfpt-07374,seguidas,,,7467,,kaikki_no_match
wfpt-03226,seguido,,,3289,,kaikki_no_match
wfpt-02235,seguidores,,,2289,,kaikki_no_match
wfpt-06388,seguidos,,,6476,,kaikki_no_match
wfpt-11426,seguimento,,,11543,,kaikki_no_match
wfpt-09303,seguimos,,,9406,,kaikki_no_match
wfpt-01711,seguindo,,,1760,,kaikki_no_match
wfpt-00609,seguinte,,,637,,kaikki_no_match
wfpt-01579,seguintes,,,1628,,kaikki_no_match
wfpt-00563,seguir,verb,,590,следовать,kaikki_pt_ru_enriched
wfpt-06035,seguiram,,,6120,,kaikki_no_match
wfpt-02646,seguiu,,,2702,,kaikki_no_match
wfpt-00268,segunda,,,282,,kaikki_no_match
wfpt-10159,segundas,,,10268,,kaikki_no_match
wfpt-00164,segundo,noun,,174,второй,kaikki_pt_ru_enriched
wfpt-01505,segundos,,,1552,,kaikki_no_match
wfpt-01896,segura,,,1949,,kaikki_no_match
wfpt-05495,segurando,,,5578,,kaikki_no_match
wfpt-00313,segurança,noun,,330,сохранность,kaikki_pt_ru_enriched
wfpt-09474,seguranças,,,9579,,kaikki_no_match
wfpt-04192,segurar,verb,,4268,держать,kaikki_pt_ru_enriched
wfpt-09154,seguras,,,9256,,kaikki_no_match
wfpt-01366,seguro,noun,,1410,страхование,kaikki_pt_ru_enriched
wfpt-03737,seguros,,,3803,,kaikki_no_match
wfpt-00110,sei,,,118,,kaikki_no_match
wfpt-08013,seio,,,8108,,kaikki_no_match
wfpt-05808,seios,,,5891,,kaikki_no_match
wfpt-00516,seis,,,542,,kaikki_no_match
wfpt-00128,seja,,,138,,kaikki_no_match
wfpt-00889,sejam,,,923,,kaikki_no_match
wfpt-08296,sejamos,,,8392,,kaikki_no_match
wfpt-10160,selecionadas,,,10269,,kaikki_no_match
wfpt-10500,selecionado,,,10611,,kaikki_no_match
wfpt-06854,selecionados,,,6944,,kaikki_no_match
wfpt-10851,selecionar,,,10963,,kaikki_no_match
wfpt-10501,selecção,,,10612,,kaikki_no_match
wfpt-00890,seleção,noun,,924,отбор,kaikki_pt_ru_enriched
wfpt-11842,seleções,,,11963,,kaikki_no_match
wfpt-11617,self,,,11736,,kaikki_no_match
wfpt-05274,selo,noun,,5354,лейбл,kaikki_pt_ru_enriched
wfpt-10502,selos,,,10613,,kaikki_no_match
wfpt-07600,selva,noun,,7695,джунгли,kaikki_pt_ru_enriched
wfpt-05066,selvagem,noun,,5145,дикарь,kaikki_pt_ru_enriched
wfpt-05173,selvagens,,,5252,,kaikki_no_match
wfpt-00218,semana,noun,,230,неделя,kaikki_pt_ru_enriched
wfpt-08716,semanais,,,8816,,kaikki_no_match
wfpt-06617,semanal,,,6706,,kaikki_no_match
wfpt-00845,semanas,,,879,,kaikki_no_match
wfpt-02544,semelhante,,,2599,,kaikki_no_match
wfpt-03172,semelhantes,,,3234,,kaikki_no_match
wfpt-06389,semelhança,noun,,6477,сходство,kaikki_pt_ru_enriched
wfpt-11427,semelhanças,,,11544,,kaikki_no_match
wfpt-09657,semente,noun,,9763,семя,kaikki_pt_ru_enriched
wfpt-04875,sementes,,,4953,,kaikki_no_match
wfpt-04777,semestre,,,4855,,kaikki_no_match
wfpt-04355,semi,,,4431,,kaikki_no_match
wfpt-09818,semifinal,,,9926,,kaikki_no_match
wfpt-04778,seminário,noun,,4856,семинар,kaikki_pt_ru_enriched
wfpt-00092,sempre,,,98,,kaikki_no_match
wfpt-08858,sena,noun,,8959,сена,kaikki_pt_ru_enriched
wfpt-01943,senado,noun,,1996,сенат,kaikki_pt_ru_enriched
wfpt-01944,senador,noun,,1997,сенатор,kaikki_pt_ru_enriched
wfpt-09658,senadora,,,9764,,kaikki_no_match
wfpt-05067,senadores,,,5146,,kaikki_no_match
wfpt-00144,sendo,,,154,,kaikki_no_match
wfpt-11843,senegal,noun,,11964,сенегал,kaikki_pt_ru_enriched
wfpt-03869,senha,noun,,3940,пароль,kaikki_pt_ru_enriched
wfpt-00476,senhor,noun,,498,господин,kaikki_pt_ru_enriched
wfpt-00803,senhora,,,837,,kaikki_no_match
wfpt-08717,senhoras,,,8817,,kaikki_no_match
wfpt-04519,senhores,,,4596,,kaikki_no_match
wfpt-10852,senhorita,noun,,10964,девушка,kaikki_pt_ru_enriched
wfpt-11618,senna,,,11737,,kaikki_no_match
wfpt-09475,sensacional,,,9580,,kaikki_no_match
wfpt-01749,sensação,,,1800,,kaikki_no_match
wfpt-11227,sensações,,,11344,,kaikki_no_match
wfpt-06992,sensibilidade,,,7082,,kaikki_no_match
wfpt-03227,senso,,,3290,,kaikki_no_match
wfpt-07375,sensores,,,7468,,kaikki_no_match
wfpt-08718,sensual,,,8818,,kaikki_no_match
wfpt-08014,sensíveis,,,8109,,kaikki_no_match
wfpt-04598,sensível,,,4676,,kaikki_no_match
wfpt-04442,senta,,,4519,,kaikki_no_match
wfpt-06036,sentada,,,6121,,kaikki_no_match
wfpt-05068,sentado,,,5147,,kaikki_no_match
wfpt-10329,sentados,,,10438,,kaikki_no_match
wfpt-03522,sentar,,,3587,,kaikki_no_match
wfpt-01000,sente,,,1036,,kaikki_no_match
wfpt-02747,sentem,,,2806,,kaikki_no_match
wfpt-03523,sentença,noun,,3588,приговор,kaikki_pt_ru_enriched
wfpt-02017,senti,,,2071,,kaikki_no_match
wfpt-04107,sentia,,,4181,,kaikki_no_match
wfpt-00649,sentido,,,677,,kaikki_no_match
wfpt-05809,sentidos,,,5892,,kaikki_no_match
wfpt-11228,sentimental,,,11345,,kaikki_no_match
wfpt-01815,sentimento,noun,,1866,чувство,kaikki_pt_ru_enriched
wfpt-01676,sentimentos,,,1725,,kaikki_no_match
wfpt-05384,sentimos,,,5465,,kaikki_no_match
wfpt-02545,sentindo,,,2600,,kaikki_no_match
wfpt-00662,sentir,verb,,691,чувствовать,kaikki_pt_ru_enriched
wfpt-10853,sentiram,,,10965,,kaikki_no_match
wfpt-11428,sentirem,,,11545,,kaikki_no_match
wfpt-03951,sentiu,,,4022,,kaikki_no_match
wfpt-11844,sentou,,,11965,,kaikki_no_match
wfpt-02982,senão,,,3044,,kaikki_no_match
wfpt-08015,separa,,,8110,,kaikki_no_match
wfpt-11845,separada,,,11966,,kaikki_no_match
wfpt-08297,separadas,,,8393,,kaikki_no_match
wfpt-08016,separado,,,8111,,kaikki_no_match
wfpt-05385,separados,,,5466,,kaikki_no_match
wfpt-04964,separar,verb,,5043,отделиться,kaikki_pt_ru_enriched
wfpt-04270,separação,,,4346,,kaikki_no_match
wfpt-02343,sequer,,,2397,,kaikki_no_match
wfpt-08587,sequestro,,,8685,,kaikki_no_match
wfpt-02236,sequência,,,2290,,kaikki_no_match
wfpt-08859,sera,,,8960,,kaikki_no_match
wfpt-05710,serei,,,5793,,kaikki_no_match
wfpt-11846,sereia,noun,,11967,сирен,kaikki_pt_ru_enriched
wfpt-00778,serem,,,812,,kaikki_no_match
wfpt-06993,seremos,,,7083,,kaikki_no_match
wfpt-11429,serena,,,11546,,kaikki_no_match
wfpt-02065,seres,,,2119,,kaikki_no_match
wfpt-06037,sergio,,,6122,,kaikki_no_match
wfpt-07880,sergipe,,,7975,,kaikki_no_match
wfpt-00258,seria,,,271,,kaikki_no_match
wfpt-02018,seriam,,,2072,,kaikki_no_match
wfpt-06495,seriamente,,,6583,,kaikki_no_match
wfpt-08017,serie,,,8112,,kaikki_no_match
wfpt-08018,series,,,8113,,kaikki_no_match
wfpt-05496,sermos,,,5579,,kaikki_no_match
wfpt-11229,serpente,noun,,11346,змея,kaikki_pt_ru_enriched
wfpt-01403,serra,,,1450,,kaikki_no_match
wfpt-11847,sertanejo,,,11968,,kaikki_no_match
wfpt-07739,sertão,,,7834,,kaikki_no_match
wfpt-01712,serve,,,1761,,kaikki_no_match
wfpt-05069,servem,,,5148,,kaikki_no_match
wfpt-11619,server,,,11738,,kaikki_no_match
wfpt-06618,service,,,6707,,kaikki_no_match
wfpt-06855,servido,,,6945,,kaikki_no_match
wfpt-04686,servidor,noun,,4764,сервер,kaikki_pt_ru_enriched
wfpt-04779,servidores,,,4857,,kaikki_no_match
wfpt-07881,servindo,,,7976,,kaikki_no_match
wfpt-01972,servir,,,2026,,kaikki_no_match
wfpt-04356,serviu,,,4432,,kaikki_no_match
wfpt-00504,serviço,noun,,528,обряд,kaikki_pt_ru_enriched
wfpt-00688,serviços,,,718,,kaikki_no_match
wfpt-10161,servo,,,10270,,kaikki_no_match
wfpt-00133,será,,,143,,kaikki_no_match
wfpt-00731,serão,,,763,,kaikki_no_match
wfpt-07601,sessenta,,,7696,,kaikki_no_match
wfpt-01779,sessão,,,1830,,kaikki_no_match
wfpt-04271,sessões,,,4347,,kaikki_no_match
wfpt-04272,set,,,4348,,kaikki_no_match
wfpt-00824,sete,,,858,,kaikki_no_match
wfpt-00489,setembro,noun,,512,сентябрь,kaikki_pt_ru_enriched
wfpt-08443,setenta,,,8540,,kaikki_no_match
wfpt-01580,setor,noun,,1629,сектор,kaikki_pt_ru_enriched
wfpt-03228,setores,,,3291,,kaikki_no_match
wfpt-10854,severo,,,10966,,kaikki_no_match
wfpt-07740,sex,,,7835,,kaikki_no_match
wfpt-00650,sexo,noun,,678,пол,kaikki_pt_ru_enriched
wfpt-11848,sexos,,,11969,,kaikki_no_match
wfpt-00762,sexta,,,796,,kaikki_no_match
wfpt-07246,sexto,,,7338,,kaikki_no_match
wfpt-03870,sexuais,,,3941,,kaikki_no_match
wfpt-01581,sexual,,,1630,,kaikki_no_match
wfpt-05810,sexualidade,,,5893,,kaikki_no_match
wfpt-08860,sexualmente,,,8961,,kaikki_no_match
wfpt-04687,sexy,,,4765,,kaikki_no_match
wfpt-02442,seção,,,2496,,kaikki_no_match
wfpt-09977,seções,,,10086,,kaikki_no_match
wfpt-11041,shakespeare,,,11154,,kaikki_no_match
wfpt-08166,shawn,,,8262,,kaikki_no_match
wfpt-08861,she,,,8962,,kaikki_no_match
wfpt-10677,shop,,,10789,,kaikki_no_match
wfpt-02594,shopping,,,2650,,kaikki_no_match
wfpt-08019,short,,,8114,,kaikki_no_match
wfpt-00745,show,,,778,,kaikki_no_match
wfpt-02595,shows,,,2651,,kaikki_no_match
wfpt-07741,sic,,,7836,,kaikki_no_match
wfpt-09659,side,,,9765,,kaikki_no_match
wfpt-10162,sidney,,,10271,,kaikki_no_match
wfpt-00206,sido,,,218,,kaikki_no_match
wfpt-02344,siga,,,2398,,kaikki_no_match
wfpt-06038,sigam,,,6123,,kaikki_no_match
wfpt-07882,sigilo,noun,,7977,секретность,kaikki_pt_ru_enriched
wfpt-06039,sigla,,,6124,,kaikki_no_match
wfpt-00630,significa,,,658,,kaikki_no_match
wfpt-02237,significado,noun,,2291,значение,kaikki_pt_ru_enriched
wfpt-09978,significados,,,10087,,kaikki_no_match
wfpt-11042,significam,,,11155,,kaikki_no_match
wfpt-07376,significar,,,7469,,kaikki_no_match
wfpt-04520,significativa,,,4597,,kaikki_no_match
wfpt-08862,significativamente,,,8963,,kaikki_no_match
wfpt-09819,significativas,,,9927,,kaikki_no_match
wfpt-05174,significativo,,,5253,,kaikki_no_match
wfpt-10678,significativos,,,10790,,kaikki_no_match
wfpt-10679,significava,,,10791,,kaikki_no_match
wfpt-10680,signo,,,10792,,kaikki_no_match
wfpt-11230,silas,noun,,11347,сила,kaikki_pt_ru_enriched
wfpt-00804,silva,,,838,,kaikki_no_match
wfpt-10163,silveira,,,10272,,kaikki_no_match
wfpt-07742,silvio,,,7837,,kaikki_no_match
wfpt-01367,silêncio,noun,,1411,тишина,kaikki_pt_ru_enriched
wfpt-11430,simbólico,,,11547,,kaikki_no_match
wfpt-03662,similar,,,3728,,kaikki_no_match
wfpt-04876,similares,,,4954,,kaikki_no_match
wfpt-04108,simon,,,4182,,kaikki_no_match
wfpt-06723,simone,,,6812,,kaikki_no_match
wfpt-05916,simpatia,,,6001,,kaikki_no_match
wfpt-00699,simples,,,729,,kaikki_no_match
wfpt-00763,simplesmente,,,797,,kaikki_no_match
wfpt-10503,simplicidade,,,10614,,kaikki_no_match
wfpt-11231,simpson,,,11348,,kaikki_no_match
wfpt-08167,simpática,,,8263,,kaikki_no_match
wfpt-08588,simpático,,,8686,,kaikki_no_match
wfpt-10330,simulação,,,10439,,kaikki_no_match
wfpt-06724,simultaneamente,,,6813,,kaikki_no_match
wfpt-11620,simão,,,11739,,kaikki_no_match
wfpt-08589,sin,,,8687,,kaikki_no_match
wfpt-01897,sinais,,,1950,,kaikki_no_match
wfpt-01140,sinal,noun,,1179,сигнал,kaikki_pt_ru_enriched
wfpt-08590,sincera,,,8688,,kaikki_no_match
wfpt-03871,sinceramente,,,3942,,kaikki_no_match
wfpt-11232,sinceridade,noun,,11349,искренность,kaikki_pt_ru_enriched
wfpt-06153,sincero,,,6238,,kaikki_no_match
wfpt-03524,sindicato,noun,,3589,профсоюз,kaikki_pt_ru_enriched
wfpt-07377,sindicatos,,,7470,,kaikki_no_match
wfpt-08719,singapura,noun,,8819,сингапур,kaikki_pt_ru_enriched
wfpt-04273,single,,,4349,,kaikki_no_match
wfpt-07602,singular,noun,,7697,единственное число,kaikki_pt_ru_enriched
wfpt-07743,sino,noun,,7838,колокол,kaikki_pt_ru_enriched
wfpt-06619,sinopse,,,6708,,kaikki_no_match
wfpt-11431,sinos,,,11548,,kaikki_no_match
wfpt-04274,sinta,,,4350,,kaikki_no_match
wfpt-09005,sintam,,,9107,,kaikki_no_match
wfpt-00463,sinto,,,483,,kaikki_no_match
wfpt-04109,sintomas,,,4183,,kaikki_no_match
wfpt-11621,sintonia,,,11740,,kaikki_no_match
wfpt-08020,sinônimo,noun,,8115,синоним,kaikki_pt_ru_enriched
wfpt-05275,sir,,,5355,,kaikki_no_match
wfpt-08168,sirva,,,8264,,kaikki_no_match
wfpt-00259,sistema,noun,,272,система,kaikki_pt_ru_enriched
wfpt-01282,sistemas,,,1324,,kaikki_no_match
wfpt-09476,sistemática,noun,,9581,систематика,kaikki_pt_ru_enriched
wfpt-00285,site,,,301,,kaikki_no_match
wfpt-01854,sites,,,1907,,kaikki_no_match
wfpt-09304,sitio,,,9407,,kaikki_no_match
wfpt-11432,situa,,,11549,,kaikki_no_match
wfpt-06496,situada,,,6584,,kaikki_no_match
wfpt-06154,situado,,,6239,,kaikki_no_match
wfpt-00517,situação,,,543,,kaikki_no_match
wfpt-02156,situações,,,2210,,kaikki_no_match
wfpt-09155,skate,,,9257,,kaikki_no_match
wfpt-06994,sky,,,7084,,kaikki_no_match
wfpt-09660,skype,,,9766,,kaikki_no_match
wfpt-11433,slim,,,11550,,kaikki_no_match
wfpt-11043,slogan,,,11156,,kaikki_no_match
wfpt-11850,smartphones,,,11971,,kaikki_no_match
wfpt-04443,smith,,,4520,,kaikki_no_match
wfpt-03795,sms,,,3864,,kaikki_no_match
wfpt-08169,soa,,,8265,,kaikki_no_match
wfpt-03663,soares,,,3729,,kaikki_no_match
wfpt-04877,sobe,,,4955,,kaikki_no_match
wfpt-06856,soberania,noun,,6946,суверенитет,kaikki_pt_ru_enriched
wfpt-08298,soberano,,,8394,,kaikki_no_match
wfpt-07378,sobra,noun,,7471,обрезки,kaikki_pt_ru_enriched
wfpt-09156,sobremesa,noun,,9258,десерт,kaikki_pt_ru_enriched
wfpt-11233,sobrenatural,,,11350,,kaikki_no_match
wfpt-06155,sobrenome,,,6240,,kaikki_no_match
wfpt-02238,sobretudo,noun,,2292,плащ,kaikki_pt_ru_enriched
wfpt-11851,sobrevive,,,11972,,kaikki_no_match
wfpt-09305,sobrevivente,,,9408,,kaikki_no_match
wfpt-04878,sobreviventes,,,4956,,kaikki_no_match
wfpt-04193,sobreviver,verb,,4269,переживать,kaikki_pt_ru_enriched
wfpt-08021,sobreviveu,,,8116,,kaikki_no_match
wfpt-04037,sobrevivência,noun,,4111,выживание,kaikki_pt_ru_enriched
wfpt-07127,sobrinha,,,7217,,kaikki_no_match
wfpt-05070,sobrinho,noun,,5149,племянник,kaikki_pt_ru_enriched
wfpt-09979,sobrou,,,10088,,kaikki_no_match
wfpt-00547,sociais,,,573,,kaikki_no_match
wfpt-00307,social,,,324,,kaikki_no_match
wfpt-09006,socialismo,noun,,9108,социализм,kaikki_pt_ru_enriched
wfpt-05071,socialista,,,5150,,kaikki_no_match
wfpt-09980,socialmente,,,10089,,kaikki_no_match
wfpt-00452,sociedade,noun,,472,общество,kaikki_pt_ru_enriched
wfpt-04688,sociedades,,,4766,,kaikki_no_match
wfpt-04965,society,,,5044,,kaikki_no_match
wfpt-06620,sociologia,noun,,6709,социология,kaikki_pt_ru_enriched
wfpt-08444,soco,,,8541,,kaikki_no_match
wfpt-01898,socorro,,,1951,,kaikki_no_match
wfpt-05917,sofia,,,6002,,kaikki_no_match
wfpt-03046,sofre,,,3108,,kaikki_no_match
wfpt-04780,sofrem,,,4858,,kaikki_no_match
wfpt-04521,sofrendo,,,4598,,kaikki_no_match
wfpt-02596,sofrer,,,2652,,kaikki_no_match
wfpt-07480,sofreram,,,7574,,kaikki_no_match
wfpt-02597,sofreu,,,2653,,kaikki_no_match
wfpt-10504,sofria,,,10615,,kaikki_no_match
wfpt-06259,sofrido,,,6345,,kaikki_no_match
wfpt-02487,sofrimento,noun,,2541,страдание,kaikki_pt_ru_enriched
wfpt-01607,software,,,1656,,kaikki_no_match
wfpt-08591,softwares,,,8689,,kaikki_no_match
wfpt-03738,sofá,,,3804,,kaikki_no_match
wfpt-10855,sogra,noun,,10967,тёща,kaikki_pt_ru_enriched
wfpt-06390,soja,noun,,6478,соевые бобы,kaikki_pt_ru_enriched
wfpt-00732,sol,noun,,764,соль,kaikki_pt_ru_enriched
wfpt-02389,solar,,,2443,,kaikki_no_match
wfpt-10505,solares,,,10616,,kaikki_no_match
wfpt-03872,soldado,noun,,3943,солдат,kaikki_pt_ru_enriched
wfpt-01780,soldados,,,1831,,kaikki_no_match
wfpt-11852,solicitado,,,11973,,kaikki_no_match
wfpt-08720,solicitar,,,8820,,kaikki_no_match
wfpt-09157,solicitação,,,9259,,kaikki_no_match
wfpt-08721,solicitou,,,8821,,kaikki_no_match
wfpt-04522,solidariedade,noun,,4599,солидарность,kaikki_pt_ru_enriched
wfpt-06621,solidão,,,6710,,kaikki_no_match
wfpt-10331,solitária,,,10440,,kaikki_no_match
wfpt-08445,solitário,,,8542,,kaikki_no_match
wfpt-01404,solo,,,1451,,kaikki_no_match
wfpt-08863,solos,,,8964,,kaikki_no_match
wfpt-04194,solta,,,4270,,kaikki_no_match
wfpt-05276,soltar,,,5356,,kaikki_no_match
wfpt-07128,solteira,,,7218,,kaikki_no_match
wfpt-06156,solteiro,,,6241,,kaikki_no_match
wfpt-06157,solto,,,6242,,kaikki_no_match
wfpt-09306,solucionar,,,9409,,kaikki_no_match
wfpt-01332,solução,noun,,1374,раствор,kaikki_pt_ru_enriched
wfpt-02546,soluções,,,2601,,kaikki_no_match
wfpt-01097,som,noun,,1134,звук,kaikki_pt_ru_enriched
wfpt-05386,soma,,,5467,,kaikki_no_match
wfpt-11434,somar,,,11551,,kaikki_no_match
wfpt-03173,sombra,noun,,3235,тень,kaikki_pt_ru_enriched
wfpt-06995,sombras,,,7085,,kaikki_no_match
wfpt-10506,sombrio,,,10617,,kaikki_no_match
wfpt-03873,some,,,3944,,kaikki_no_match
wfpt-00676,somente,,,706,,kaikki_no_match
wfpt-00428,somos,,,448,,kaikki_no_match
wfpt-08722,son,,,8822,,kaikki_no_match
wfpt-11044,sonda,,,11157,,kaikki_no_match
wfpt-10856,song,,,10968,,kaikki_no_match
wfpt-09307,sonha,,,9410,,kaikki_no_match
wfpt-09158,sonhando,,,9260,,kaikki_no_match
wfpt-05497,sonhar,verb,,5580,мечтать,kaikki_pt_ru_enriched
wfpt-08723,sonhei,,,8823,,kaikki_no_match
wfpt-01022,sonho,noun,,1058,сон,kaikki_pt_ru_enriched
wfpt-01463,sonhos,,,1510,,kaikki_no_match
wfpt-02851,sono,noun,,2910,сон,kaikki_pt_ru_enriched
wfpt-05387,sonora,,,5468,,kaikki_no_match
wfpt-04879,sons,,,4957,,kaikki_no_match
wfpt-08724,sony,,,8824,,kaikki_no_match
wfpt-04275,sopa,noun,,4351,суп,kaikki_pt_ru_enriched
wfpt-08725,sophia,,,8825,,kaikki_no_match
wfpt-09159,sophie,,,9261,,kaikki_no_match
wfpt-09661,soro,,,9767,,kaikki_no_match
wfpt-09160,sorocaba,,,9262,,kaikki_no_match
wfpt-11622,sorri,,,11741,,kaikki_no_match
wfpt-11435,sorria,,,11552,,kaikki_no_match
wfpt-08446,sorrindo,,,8543,,kaikki_no_match
wfpt-06725,sorrir,,,6814,,kaikki_no_match
wfpt-03047,sorriso,,,3109,,kaikki_no_match
wfpt-10164,sorrisos,,,10273,,kaikki_no_match
wfpt-00915,sorte,,,949,,kaikki_no_match
wfpt-04689,sorteio,,,4767,,kaikki_no_match
wfpt-06622,sorvete,noun,,6711,мороженое,kaikki_pt_ru_enriched
wfpt-08592,sos,,,8690,,kaikki_no_match
wfpt-08447,sotaque,,,8544,,kaikki_no_match
wfpt-00100,sou,,,106,,kaikki_no_match
wfpt-03048,soube,,,3110,,kaikki_no_match
wfpt-08022,souber,,,8117,,kaikki_no_match
wfpt-04599,soubesse,,,4677,,kaikki_no_match
wfpt-10165,soul,,,10274,,kaikki_no_match
wfpt-04276,sousa,,,4352,,kaikki_no_match
wfpt-05072,south,,,5151,,kaikki_no_match
wfpt-11623,southern,,,11742,,kaikki_no_match
wfpt-02547,souza,,,2602,,kaikki_no_match
wfpt-06040,soviética,,,6125,,kaikki_no_match
wfpt-10332,soviético,,,10441,,kaikki_no_match
wfpt-01464,sozinha,,,1511,,kaikki_no_match
wfpt-11234,sozinhas,,,11351,,kaikki_no_match
wfpt-01141,sozinho,,,1180,,kaikki_no_match
wfpt-07129,sozinhos,,,7219,,kaikki_no_match
wfpt-11436,spa,,,11553,,kaikki_no_match
wfpt-11437,spam,,,11554,,kaikki_no_match
wfpt-08448,spencer,,,8545,,kaikki_no_match
wfpt-04880,sport,,,4958,,kaikki_no_match
wfpt-05604,sporting,,,5687,,kaikki_no_match
wfpt-11438,sports,,,11555,,kaikki_no_match
wfpt-10333,spray,,,10442,,kaikki_no_match
wfpt-11624,spring,,,11743,,kaikki_no_match
wfpt-08593,square,,,8691,,kaikki_no_match
wfpt-06623,sra,,,6712,,kaikki_no_match
wfpt-09007,sri,,,9109,,kaikki_no_match
wfpt-06857,stan,,,6947,,kaikki_no_match
wfpt-08726,stand,,,8826,,kaikki_no_match
wfpt-11235,standard,,,11352,,kaikki_no_match
wfpt-09308,stanley,,,9411,,kaikki_no_match
wfpt-03580,star,,,3645,,kaikki_no_match
wfpt-05175,state,,,5254,,kaikki_no_match
wfpt-11045,states,,,11158,,kaikki_no_match
wfpt-02113,status,,,2167,,kaikki_no_match
wfpt-09981,stefan,,,10090,,kaikki_no_match
wfpt-06996,stephen,,,7086,,kaikki_no_match
wfpt-03456,steve,,,3520,,kaikki_no_match
wfpt-07247,steven,,,7339,,kaikki_no_match
wfpt-11046,stewart,,,11159,,kaikki_no_match
wfpt-03174,stf,,,3236,,kaikki_no_match
wfpt-11047,stock,,,11160,,kaikki_no_match
wfpt-07744,stone,,,7839,,kaikki_no_match
wfpt-06997,stop,,,7087,,kaikki_no_match
wfpt-08170,store,,,8266,,kaikki_no_match
wfpt-07248,stories,,,7340,,kaikki_no_match
wfpt-05918,story,,,6003,,kaikki_no_match
wfpt-11048,streaming,,,11161,,kaikki_no_match
wfpt-03298,street,,,3361,,kaikki_no_match
wfpt-08299,stress,,,8395,,kaikki_no_match
wfpt-10857,strong,,,10969,,kaikki_no_match
wfpt-11236,stuart,,,11353,,kaikki_no_match
wfpt-10166,studio,,,10275,,kaikki_no_match
wfpt-09820,style,,,9928,,kaikki_no_match
wfpt-04110,suave,,,4184,,kaikki_no_match
wfpt-02488,sub,,,2542,,kaikki_no_match
wfpt-07379,subida,,,7472,,kaikki_no_match
wfpt-06041,subindo,,,6126,,kaikki_no_match
wfpt-02202,subir,,,2256,,kaikki_no_match
wfpt-04781,subiu,,,4859,,kaikki_no_match
wfpt-08864,submarino,noun,,8965,подводная лодка,kaikki_pt_ru_enriched
wfpt-09309,submeter,,,9412,,kaikki_no_match
wfpt-09821,submetido,,,9929,,kaikki_no_match
wfpt-11625,submetidos,,,11744,,kaikki_no_match
wfpt-10681,submissão,,,10793,,kaikki_no_match
wfpt-11626,substancial,,,11745,,kaikki_no_match
wfpt-10334,substitui,,,10443,,kaikki_no_match
wfpt-03952,substituir,,,4023,,kaikki_no_match
wfpt-05176,substituição,,,5255,,kaikki_no_match
wfpt-07481,substituto,,,7575,,kaikki_no_match
wfpt-08865,substituído,,,8966,,kaikki_no_match
wfpt-06497,substância,,,6585,,kaikki_no_match
wfpt-06625,substâncias,,,6714,,kaikki_no_match
wfpt-10335,subsídios,,,10444,,kaikki_no_match
wfpt-05919,sucedida,,,6004,,kaikki_no_match
wfpt-05073,sucedido,,,5152,,kaikki_no_match
wfpt-10682,sucedidos,,,10794,,kaikki_no_match
wfpt-00548,sucesso,noun,,574,успех,kaikki_pt_ru_enriched
wfpt-09008,sucessor,,,9110,,kaikki_no_match
wfpt-07130,sucessos,,,7220,,kaikki_no_match
wfpt-08300,sucessão,noun,,8396,чередование,kaikki_pt_ru_enriched
wfpt-04782,suco,noun,,4860,сок,kaikki_pt_ru_enriched
wfpt-03581,sudeste,noun,,3646,юго-восток,kaikki_pt_ru_enriched
wfpt-07482,sudoeste,noun,,7576,юго-запад,kaikki_pt_ru_enriched
wfpt-08301,sudão,noun,,8397,судан,kaikki_pt_ru_enriched
wfpt-11049,sueco,,,11162,,kaikki_no_match
wfpt-01049,suficiente,,,1086,,kaikki_no_match
wfpt-06391,suficientemente,,,6479,,kaikki_no_match
wfpt-04444,suficientes,,,4521,,kaikki_no_match
wfpt-11439,sugar,,,11556,,kaikki_no_match
wfpt-03525,sugere,,,3590,,kaikki_no_match
wfpt-07483,sugerem,,,7577,,kaikki_no_match
wfpt-11050,sugerido,,,11163,,kaikki_no_match
wfpt-08594,sugerindo,,,8692,,kaikki_no_match
wfpt-06726,sugerir,verb,,6815,предложить,kaikki_pt_ru_enriched
wfpt-06158,sugeriu,,,6243,,kaikki_no_match
wfpt-05811,sugestão,,,5894,,kaikki_no_match
wfpt-05277,sugestões,,,5357,,kaikki_no_match
wfpt-10507,sugiro,,,10618,,kaikki_no_match
wfpt-08023,suicida,,,8118,,kaikki_no_match
wfpt-03299,suicídio,noun,,3362,суицид,kaikki_pt_ru_enriched
wfpt-11051,suite,,,11164,,kaikki_no_match
wfpt-05605,suja,,,5688,,kaikki_no_match
wfpt-10683,sujeira,,,10795,,kaikki_no_match
wfpt-11440,sujeita,,,11557,,kaikki_no_match
wfpt-03175,sujeito,,,3237,,kaikki_no_match
wfpt-06858,sujeitos,,,6948,,kaikki_no_match
wfpt-04881,sujo,,,4959,,kaikki_no_match
wfpt-00275,sul,noun,,291,юг,kaikki_pt_ru_enriched
wfpt-07883,suma,,,7978,,kaikki_no_match
wfpt-11627,sumir,,,11746,,kaikki_no_match
wfpt-06260,sumiu,,,6346,,kaikki_no_match
wfpt-09161,summer,,,9263,,kaikki_no_match
wfpt-09162,sumo,,,9264,,kaikki_no_match
wfpt-07603,sun,,,7698,,kaikki_no_match
wfpt-09982,suor,noun,,10091,пот,kaikki_pt_ru_enriched
wfpt-00689,super,,,719,,kaikki_no_match
wfpt-10336,supera,,,10445,,kaikki_no_match
wfpt-03374,superar,,,3438,,kaikki_no_match
wfpt-11237,superação,,,11354,,kaikki_no_match
wfpt-09163,superficial,,,9265,,kaikki_no_match
wfpt-03049,superfície,,,3111,,kaikki_no_match
wfpt-00891,superior,,,925,,kaikki_no_match
wfpt-03526,superiores,,,3591,,kaikki_no_match
wfpt-10858,superman,,,10970,,kaikki_no_match
wfpt-07131,supermercado,noun,,7221,супермаркет,kaikki_pt_ru_enriched
wfpt-08024,superou,,,8119,,kaikki_no_match
wfpt-11628,supervisor,,,11747,,kaikki_no_match
wfpt-06159,supervisão,noun,,6244,надзор,kaikki_pt_ru_enriched
wfpt-07745,suporta,,,7840,,kaikki_no_match
wfpt-05388,suportar,,,5469,,kaikki_no_match
wfpt-02794,suporte,,,2853,,kaikki_no_match
wfpt-07746,suposta,,,7841,,kaikki_no_match
wfpt-04278,supostamente,,,4354,,kaikki_no_match
wfpt-04357,suposto,,,4433,,kaikki_no_match
wfpt-06859,suprema,,,6949,,kaikki_no_match
wfpt-02748,supremo,,,2807,,kaikki_no_match
wfpt-07884,suprimentos,,,7979,,kaikki_no_match
wfpt-09164,sur,,,9266,,kaikki_no_match
wfpt-03375,surge,,,3439,,kaikki_no_match
wfpt-05920,surgem,,,6005,,kaikki_no_match
wfpt-05812,surgimento,,,5895,,kaikki_no_match
wfpt-11238,surgindo,,,11355,,kaikki_no_match
wfpt-06042,surgir,,,6127,,kaikki_no_match
wfpt-05177,surgiram,,,5256,,kaikki_no_match
wfpt-02345,surgiu,,,2399,,kaikki_no_match
wfpt-06160,surpreende,,,6245,,kaikki_no_match
wfpt-05711,surpreendente,,,5794,,kaikki_no_match
wfpt-06498,surpreender,,,6586,,kaikki_no_match
wfpt-10684,surpreendeu,,,10796,,kaikki_no_match
wfpt-11629,surpreendido,,,11748,,kaikki_no_match
wfpt-01608,surpresa,noun,,1657,сюрприз,kaikki_pt_ru_enriched
wfpt-06860,surpresas,,,6950,,kaikki_no_match
wfpt-08025,surpreso,,,8120,,kaikki_no_match
wfpt-10859,surra,,,10971,,kaikki_no_match
wfpt-10685,surreal,,,10797,,kaikki_no_match
wfpt-09165,surto,,,9267,,kaikki_no_match
wfpt-07484,sus,,,7578,,kaikki_no_match
wfpt-09009,susan,,,9111,,kaikki_no_match
wfpt-04038,suspeita,,,4112,,kaikki_no_match
wfpt-07485,suspeitas,,,7579,,kaikki_no_match
wfpt-03527,suspeito,,,3592,,kaikki_no_match
wfpt-04600,suspeitos,,,4678,,kaikki_no_match
wfpt-10686,suspender,,,10798,,kaikki_no_match
wfpt-09166,suspensa,,,9268,,kaikki_no_match
wfpt-10508,suspense,,,10619,,kaikki_no_match
wfpt-06998,suspenso,,,7088,,kaikki_no_match
wfpt-04111,suspensão,,,4185,,kaikki_no_match
wfpt-09662,sustenta,,,9768,,kaikki_no_match
wfpt-07380,sustentabilidade,,,7473,,kaikki_no_match
wfpt-07132,sustentar,,,7222,,kaikki_no_match
wfpt-03739,sustentável,,,3805,,kaikki_no_match
wfpt-08595,susto,,,8693,,kaikki_no_match
wfpt-11239,sutil,,,11356,,kaikki_no_match
wfpt-05712,suécia,noun,,5795,швеция,kaikki_pt_ru_enriched
wfpt-09010,suíte,,,9112,,kaikki_no_match
wfpt-04523,suíça,noun,,4600,швейцария,kaikki_pt_ru_enriched
wfpt-10167,swift,,,10276,,kaikki_no_match
wfpt-08727,sydney,,,8827,,kaikki_no_match
wfpt-07381,system,,,7474,,kaikki_no_match
wfpt-00846,sábado,noun,,880,суббота,kaikki_pt_ru_enriched
wfpt-09822,sábados,,,9930,,kaikki_no_match
wfpt-08302,sábio,,,8398,,kaikki_no_match
wfpt-01065,século,noun,,1102,век,kaikki_pt_ru_enriched
wfpt-03457,séculos,,,3521,,kaikki_no_match
wfpt-02598,sérgio,,,2654,,kaikki_no_match
wfpt-04445,séria,,,4522,,kaikki_no_match
wfpt-10337,sérias,,,10446,,kaikki_no_match
wfpt-00320,série,,,337,,kaikki_no_match
wfpt-02852,séries,,,2911,,kaikki_no_match
wfpt-00518,sério,,,544,,kaikki_no_match
wfpt-07382,sérios,,,7475,,kaikki_no_match
wfpt-04783,sérvia,noun,,4861,сербия,kaikki_pt_ru_enriched
wfpt-11240,sérvio,noun,,11357,cерб,kaikki_pt_ru_enriched
wfpt-10168,sétima,,,10277,,kaikki_no_match
wfpt-08729,sétimo,,,8829,,kaikki_no_match
wfpt-11441,sênior,,,11558,,kaikki_no_match
wfpt-02548,símbolo,,,2603,,kaikki_no_match
wfpt-06499,símbolos,,,6587,,kaikki_no_match
wfpt-05606,síndrome,noun,,5689,синдром,kaikki_pt_ru_enriched
wfpt-08303,síntese,,,8399,,kaikki_no_match
wfpt-03796,síria,noun,,3865,сирия,kaikki_pt_ru_enriched
wfpt-10338,sírio,,,10447,,kaikki_no_match
wfpt-01855,sítio,noun,,1908,осада,kaikki_pt_ru_enriched
wfpt-05278,sítios,,,5358,,kaikki_no_match
wfpt-03740,sócio,,,3806,,kaikki_no_match
wfpt-07133,sócios,,,7223,,kaikki_no_match
wfpt-09310,sócrates,,,9413,,kaikki_no_match
wfpt-10169,sódio,noun,,10278,натрий,kaikki_pt_ru_enriched
wfpt-08450,sólida,,,8547,,kaikki_no_match
wfpt-09311,sólido,,,9414,,kaikki_no_match
wfpt-11442,sólidos,,,11559,,kaikki_no_match
wfpt-09011,tabaco,noun,,9113,табак,kaikki_pt_ru_enriched
wfpt-02983,tabela,,,3045,,kaikki_no_match
wfpt-11241,tabelas,,,11358,,kaikki_no_match
wfpt-10170,tabuleiro,,,10279,,kaikki_no_match
wfpt-04112,tag,,,4186,,kaikki_no_match
wfpt-06043,tags,,,6128,,kaikki_no_match
wfpt-05607,tailândia,noun,,5690,таиланд,kaikki_pt_ru_enriched
wfpt-00805,tais,,,839,,kaikki_no_match
wfpt-07383,taiwan,noun,,7476,китайская республика,kaikki_pt_ru_enriched
wfpt-07249,take,,,7341,,kaikki_no_match
wfpt-00364,tal,,,382,,kaikki_no_match
wfpt-02853,talento,noun,,2912,талант,kaikki_pt_ru_enriched
wfpt-06392,talentos,,,6480,,kaikki_no_match
wfpt-11630,talentoso,,,11749,,kaikki_no_match
wfpt-09477,talk,,,9582,,kaikki_no_match
wfpt-00435,talvez,,,455,,kaikki_no_match
wfpt-09663,tamanha,,,9769,,kaikki_no_match
wfpt-01255,tamanho,,,1296,,kaikki_no_match
wfpt-07885,tampa,,,7980,,kaikki_no_match
wfpt-09823,tampouco,,,9931,,kaikki_no_match
wfpt-06263,tanque,noun,,6349,танк,kaikki_pt_ru_enriched
wfpt-07134,tanques,,,7224,,kaikki_no_match
wfpt-01432,tanta,,,1479,,kaikki_no_match
wfpt-01677,tantas,,,1726,,kaikki_no_match
wfpt-00230,tanto,,,242,,kaikki_no_match
wfpt-01856,tantos,,,1909,,kaikki_no_match
wfpt-11242,tanzânia,noun,,11359,танзания,kaikki_pt_ru_enriched
wfpt-08596,tapa,,,8694,,kaikki_no_match
wfpt-07604,tapete,noun,,7699,ковёр,kaikki_pt_ru_enriched
wfpt-00265,tarde,,,279,,kaikki_no_match
wfpt-02390,tarefa,,,2444,,kaikki_no_match
wfpt-04690,tarefas,,,4768,,kaikki_no_match
wfpt-09012,tarifa,,,9114,,kaikki_no_match
wfpt-11052,tarifas,,,11165,,kaikki_no_match
wfpt-11443,tartaruga,noun,,11560,черепаха,kaikki_pt_ru_enriched
wfpt-06264,tatuagem,,,6350,,kaikki_no_match
wfpt-09825,tatuagens,,,9933,,kaikki_no_match
wfpt-05178,tava,,,5257,,kaikki_no_match
wfpt-07605,tavares,,,7700,,kaikki_no_match
wfpt-01542,taxa,noun,,1590,налог,kaikki_pt_ru_enriched
wfpt-03107,taxas,,,3169,,kaikki_no_match
wfpt-02916,taylor,,,2976,,kaikki_no_match
wfpt-03741,taça,,,3807,,kaikki_no_match
wfpt-11053,tbm,,,11166,,kaikki_no_match
wfpt-03458,tchau,,,3522,,kaikki_no_match
wfpt-05713,team,,,5796,,kaikki_no_match
wfpt-11243,teatral,,,11360,,kaikki_no_match
wfpt-01543,teatro,noun,,1591,театр,kaikki_pt_ru_enriched
wfpt-11054,technology,,,11167,,kaikki_no_match
wfpt-04601,tecido,noun,,4679,ткань,kaikki_pt_ru_enriched
wfpt-06500,tecidos,,,6588,,kaikki_no_match
wfpt-05389,teclado,noun,,5470,клавиатура,kaikki_pt_ru_enriched
wfpt-09167,tecnicamente,,,9269,,kaikki_no_match
wfpt-00651,tecnologia,noun,,679,технология,kaikki_pt_ru_enriched
wfpt-02346,tecnologias,,,2400,,kaikki_no_match
wfpt-08304,tecnológica,,,8400,,kaikki_no_match
wfpt-09826,tecnológicas,,,9934,,kaikki_no_match
wfpt-08597,tecnológico,,,8695,,kaikki_no_match
wfpt-09827,tecnológicos,,,9935,,kaikki_no_match
wfpt-07606,ted,,,7701,,kaikki_no_match
wfpt-09983,teen,,,10092,,kaikki_no_match
wfpt-04691,teixeira,,,4769,,kaikki_no_match
wfpt-08598,tel,,,8696,,kaikki_no_match
wfpt-01899,tela,noun,,1952,экран,kaikki_pt_ru_enriched
wfpt-08599,telas,,,8697,,kaikki_no_match
wfpt-04882,telecomunicações,,,4960,,kaikki_no_match
wfpt-01221,telefone,noun,,1260,телефон,kaikki_pt_ru_enriched
wfpt-05279,telefones,,,5359,,kaikki_no_match
wfpt-07886,telefonia,,,7981,,kaikki_no_match
wfpt-09168,telefônica,,,9270,,kaikki_no_match
wfpt-05608,telemóvel,,,5691,,kaikki_no_match
wfpt-11631,televisiva,,,11750,,kaikki_no_match
wfpt-00916,televisão,noun,,950,телевизор,kaikki_pt_ru_enriched
wfpt-07607,telhado,noun,,7702,крыша,kaikki_pt_ru_enriched
wfpt-09664,tell,,,9770,,kaikki_no_match
wfpt-00806,tema,,,840,,kaikki_no_match
wfpt-01641,temas,,,1690,,kaikki_no_match
wfpt-09984,teme,,,10093,,kaikki_no_match
wfpt-03050,temer,,,3112,,kaikki_no_match
wfpt-00276,temos,,,292,,kaikki_no_match
wfpt-02391,temperatura,noun,,2445,температура,kaikki_pt_ru_enriched
wfpt-05498,temperaturas,,,5581,,kaikki_no_match
wfpt-02695,tempestade,,,2752,,kaikki_no_match
wfpt-09665,tempestades,,,9771,,kaikki_no_match
wfpt-03742,templo,noun,,3808,храм,kaikki_pt_ru_enriched
wfpt-11244,templos,,,11361,,kaikki_no_match
wfpt-00078,tempo,noun,,84,час,kaikki_pt_ru_enriched
wfpt-01050,temporada,,,1087,,kaikki_no_match
wfpt-08171,temporadas,,,8267,,kaikki_no_match
wfpt-08172,temporal,,,8268,,kaikki_no_match
wfpt-07384,temporariamente,,,7477,,kaikki_no_match
wfpt-07250,temporária,,,7342,,kaikki_no_match
wfpt-08026,temporário,,,8121,,kaikki_no_match
wfpt-00869,tempos,,,903,,kaikki_no_match
wfpt-05609,temática,,,5692,,kaikki_no_match
wfpt-09985,ten,,,10094,,kaikki_no_match
wfpt-06861,tende,,,6951,,kaikki_no_match
wfpt-05179,tendem,,,5258,,kaikki_no_match
wfpt-00564,tendo,,,591,,kaikki_no_match
wfpt-02392,tendência,noun,,2446,тенденция,kaikki_pt_ru_enriched
wfpt-04524,tendências,,,4601,,kaikki_no_match
wfpt-03459,tenente,noun,,3523,лейтенант,kaikki_pt_ru_enriched
wfpt-00352,tenha,,,369,,kaikki_no_match
wfpt-01222,tenham,,,1261,,kaikki_no_match
wfpt-07608,tenhamos,,,7703,,kaikki_no_match
wfpt-00084,tenho,,,90,,kaikki_no_match
wfpt-02393,tens,,,2447,,kaikki_no_match
wfpt-11245,tenso,,,11362,,kaikki_no_match
wfpt-02854,tensão,noun,,2913,напряжение,kaikki_pt_ru_enriched
wfpt-08730,tensões,,,8830,,kaikki_no_match
wfpt-01609,tenta,,,1658,,kaikki_no_match
wfpt-06862,tentado,,,6952,,kaikki_no_match
wfpt-04602,tentam,,,4680,,kaikki_no_match
wfpt-08866,tentamos,,,8967,,kaikki_no_match
wfpt-00779,tentando,,,813,,kaikki_no_match
wfpt-00631,tentar,verb,,659,стараться,kaikki_pt_ru_enriched
wfpt-04603,tentaram,,,4681,,kaikki_no_match
wfpt-01610,tentativa,noun,,1659,попытка,kaikki_pt_ru_enriched
wfpt-04195,tentativas,,,4271,,kaikki_no_match
wfpt-07385,tentava,,,7478,,kaikki_no_match
wfpt-10171,tentação,noun,,10280,искуше́ние,kaikki_pt_ru_enriched
wfpt-03664,tente,,,3730,,kaikki_no_match
wfpt-03176,tentei,,,3238,,kaikki_no_match
wfpt-04113,tento,,,4187,,kaikki_no_match
wfpt-01817,tentou,,,1868,,kaikki_no_match
wfpt-08451,teologia,noun,,8548,богословие,kaikki_pt_ru_enriched
wfpt-09986,teor,,,10095,,kaikki_no_match
wfpt-01611,teoria,noun,,1660,теория,kaikki_pt_ru_enriched
wfpt-04883,teorias,,,4961,,kaikki_no_match
wfpt-11055,terapeuta,noun,,11168,терапевт,kaikki_pt_ru_enriched
wfpt-03743,terapia,noun,,3809,терапия,kaikki_pt_ru_enriched
wfpt-01612,terceira,,,1661,,kaikki_no_match
wfpt-01189,terceiro,,,1228,,kaikki_no_match
wfpt-07000,terceiros,,,7090,,kaikki_no_match
wfpt-06727,terei,,,6816,,kaikki_no_match
wfpt-01713,terem,,,1762,,kaikki_no_match
wfpt-02749,teremos,,,2808,,kaikki_no_match
wfpt-07001,teresa,,,7091,,kaikki_no_match
wfpt-08867,teresina,,,8968,,kaikki_no_match
wfpt-00632,teria,,,660,,kaikki_no_match
wfpt-02917,teriam,,,2977,,kaikki_no_match
wfpt-02489,termina,,,2543,,kaikki_no_match
wfpt-07386,terminado,,,7479,,kaikki_no_match
wfpt-11444,terminais,,,11561,,kaikki_no_match
wfpt-05180,terminal,,,5259,,kaikki_no_match
wfpt-11056,terminam,,,11169,,kaikki_no_match
wfpt-06393,terminando,,,6481,,kaikki_no_match
wfpt-01781,terminar,,,1832,,kaikki_no_match
wfpt-09169,terminaram,,,9271,,kaikki_no_match
wfpt-10860,termine,,,10972,,kaikki_no_match
wfpt-06501,terminei,,,6589,,kaikki_no_match
wfpt-02019,terminou,,,2073,,kaikki_no_match
wfpt-01506,termo,,,1553,,kaikki_no_match
wfpt-00847,termos,,,881,,kaikki_no_match
wfpt-11246,terno,,,11363,,kaikki_no_match
wfpt-00314,terra,noun,,331,земля,kaikki_pt_ru_enriched
wfpt-01465,terras,,,1512,,kaikki_no_match
wfpt-11057,terraço,,,11170,,kaikki_no_match
wfpt-09013,terremoto,noun,,9115,землетрясение,kaikki_pt_ru_enriched
wfpt-02239,terreno,,,2293,,kaikki_no_match
wfpt-06626,terrenos,,,6715,,kaikki_no_match
wfpt-07609,terrestre,,,7704,,kaikki_no_match
wfpt-10861,terrestres,,,10973,,kaikki_no_match
wfpt-09312,territorial,,,9415,,kaikki_no_match
wfpt-01190,território,noun,,1229,территория,kaikki_pt_ru_enriched
wfpt-04604,territórios,,,4682,,kaikki_no_match
wfpt-02394,terror,,,2448,,kaikki_no_match
wfpt-06863,terrorismo,,,6953,,kaikki_no_match
wfpt-05390,terrorista,noun,,5471,террорист,kaikki_pt_ru_enriched
wfpt-04966,terroristas,,,5045,,kaikki_no_match
wfpt-09478,terry,,,9583,,kaikki_no_match
wfpt-08600,terríveis,,,8698,,kaikki_no_match
wfpt-03528,terrível,,,3593,,kaikki_no_match
wfpt-00716,terá,,,747,,kaikki_no_match
wfpt-02240,terão,,,2294,,kaikki_no_match
wfpt-01544,terça,,,1592,,kaikki_no_match
wfpt-06627,terço,,,6716,,kaikki_no_match
wfpt-09828,teríamos,,,9936,,kaikki_no_match
wfpt-03582,tese,,,3647,,kaikki_no_match
wfpt-04446,tesouro,noun,,4523,клад,kaikki_pt_ru_enriched
wfpt-11632,tesouros,,,11751,,kaikki_no_match
wfpt-07251,testa,noun,,7343,лоб,kaikki_pt_ru_enriched
wfpt-05921,testamento,,,6006,,kaikki_no_match
wfpt-11633,testando,,,11752,,kaikki_no_match
wfpt-04967,testar,,,5046,,kaikki_no_match
wfpt-01368,teste,noun,,1412,тест,kaikki_pt_ru_enriched
wfpt-05074,testemunha,,,5153,,kaikki_no_match
wfpt-11247,testemunhar,,,11364,,kaikki_no_match
wfpt-03229,testemunhas,,,3292,,kaikki_no_match
wfpt-05391,testemunho,,,5472,,kaikki_no_match
wfpt-02395,testes,,,2449,,kaikki_no_match
wfpt-07135,tesão,,,7225,,kaikki_no_match
wfpt-03460,teto,,,3524,,kaikki_no_match
wfpt-00277,teve,,,293,,kaikki_no_match
wfpt-04784,texas,,,4862,,kaikki_no_match
wfpt-00652,texto,noun,,680,текст,kaikki_pt_ru_enriched
wfpt-01818,textos,,,1869,,kaikki_no_match
wfpt-03583,that,,,3648,,kaikki_no_match
wfpt-00087,the,,,93,,kaikki_no_match
wfpt-07747,their,,,7842,,kaikki_no_match
wfpt-09479,there,,,9584,,kaikki_no_match
wfpt-11058,they,,,11171,,kaikki_no_match
wfpt-04279,thiago,,,4355,,kaikki_no_match
wfpt-05813,things,,,5896,,kaikki_no_match
wfpt-03230,this,,,3293,,kaikki_no_match
wfpt-03584,thomas,,,3649,,kaikki_no_match
wfpt-10687,thompson,,,10799,,kaikki_no_match
wfpt-09829,thor,,,9937,,kaikki_no_match
wfpt-08601,three,,,8699,,kaikki_no_match
wfpt-11634,through,,,11754,,kaikki_no_match
wfpt-02347,tia,noun,,2401,тётя,kaikki_pt_ru_enriched
wfpt-03665,tiago,noun,,3731,иа́ков,kaikki_pt_ru_enriched
wfpt-02348,tido,,,2402,,kaikki_no_match
wfpt-06161,tigre,noun,,6246,тигр,kaikki_pt_ru_enriched
wfpt-11248,tijolos,,,11365,,kaikki_no_match
wfpt-08731,tijuca,,,8831,,kaikki_no_match
wfpt-03300,tim,,,3363,,kaikki_no_match
wfpt-00519,time,noun,,545,команда,kaikki_pt_ru_enriched
wfpt-01678,times,,,1727,,kaikki_no_match
wfpt-08868,timor,,,8969,,kaikki_no_match
wfpt-00870,tinham,,,904,,kaikki_no_match
wfpt-05181,tinta,,,5260,,kaikki_no_match
wfpt-02157,tio,noun,,2211,дядя,kaikki_pt_ru_enriched
wfpt-11635,tipicamente,,,11755,,kaikki_no_match
wfpt-00182,tipo,noun,,192,тип,kaikki_pt_ru_enriched
wfpt-01142,tipos,,,1181,,kaikki_no_match
wfpt-01900,tira,noun,,1953,полоса,kaikki_pt_ru_enriched
wfpt-09480,tirada,,,9585,,kaikki_no_match
wfpt-10862,tiradentes,,,10974,,kaikki_no_match
wfpt-07610,tirado,,,7705,,kaikki_no_match
wfpt-09830,tiram,,,9938,,kaikki_no_match
wfpt-03585,tirando,,,3650,,kaikki_no_match
wfpt-00633,tirar,,,661,,kaikki_no_match
wfpt-07252,tiraram,,,7344,,kaikki_no_match
wfpt-09987,tiras,,,10096,,kaikki_no_match
wfpt-06265,tire,,,6351,,kaikki_no_match
wfpt-04968,tirei,,,5047,,kaikki_no_match
wfpt-10172,tirem,,,10281,,kaikki_no_match
wfpt-01433,tiro,noun,,1480,выстрел,kaikki_pt_ru_enriched
wfpt-02984,tiros,,,3046,,kaikki_no_match
wfpt-08027,tiroteio,,,8122,,kaikki_no_match
wfpt-02349,tirou,,,2403,,kaikki_no_match
wfpt-03461,titular,,,3525,,kaikki_no_match
wfpt-09170,titulares,,,9272,,kaikki_no_match
wfpt-10688,titulo,,,10800,,kaikki_no_match
wfpt-00700,tive,,,730,,kaikki_no_match
wfpt-02490,tivemos,,,2544,,kaikki_no_match
wfpt-01191,tiver,,,1230,,kaikki_no_match
wfpt-01163,tiveram,,,1202,,kaikki_no_match
wfpt-07387,tiverem,,,7480,,kaikki_no_match
wfpt-00892,tivesse,,,926,,kaikki_no_match
wfpt-04358,tivessem,,,4434,,kaikki_no_match
wfpt-08452,toa,,,8549,,kaikki_no_match
wfpt-07748,toalha,noun,,7843,полотенце,kaikki_pt_ru_enriched
wfpt-02491,toca,noun,,2545,нора́,kaikki_pt_ru_enriched
wfpt-11636,tocado,,,11756,,kaikki_no_match
wfpt-04280,tocando,,,4356,,kaikki_no_match
wfpt-08028,tocantins,,,8123,,kaikki_no_match
wfpt-01613,tocar,verb,,1662,играть,kaikki_pt_ru_enriched
wfpt-10863,tocha,noun,,10975,факел,kaikki_pt_ru_enriched
wfpt-03953,tocou,,,4025,,kaikki_no_match
wfpt-04447,todavia,,,4524,,kaikki_no_match
wfpt-07611,today,,,7706,,kaikki_no_match
wfpt-07612,toledo,,,7707,,kaikki_no_match
wfpt-07486,tolerância,,,7580,,kaikki_no_match
wfpt-01223,tom,,,1262,,kaikki_no_match
wfpt-01819,toma,,,1870,,kaikki_no_match
wfpt-02599,tomada,,,2655,,kaikki_no_match
wfpt-05182,tomadas,,,5261,,kaikki_no_match
wfpt-05280,tomado,,,5360,,kaikki_no_match
wfpt-08869,tomam,,,8970,,kaikki_no_match
wfpt-11637,tomamos,,,11757,,kaikki_no_match
wfpt-02856,tomando,,,2915,,kaikki_no_match
wfpt-00584,tomar,verb,,611,пить,kaikki_pt_ru_enriched
wfpt-09014,tomara,,,9116,,kaikki_no_match
wfpt-06502,tomaram,,,6590,,kaikki_no_match
wfpt-10173,tomate,noun,,10282,томат,kaikki_pt_ru_enriched
wfpt-04785,tome,,,4863,,kaikki_no_match
wfpt-04605,tomei,,,4683,,kaikki_no_match
wfpt-09171,tomem,,,9273,,kaikki_no_match
wfpt-09015,tommy,,,9117,,kaikki_no_match
wfpt-06266,tomo,,,6352,,kaikki_no_match
wfpt-02066,tomou,,,2120,,kaikki_no_match
wfpt-07887,tomás,,,7982,,kaikki_no_match
wfpt-04525,tomé,,,4602,,kaikki_no_match
wfpt-08870,tona,,,8971,,kaikki_no_match
wfpt-03797,toneladas,,,3866,,kaikki_no_match
wfpt-06728,tons,,,6817,,kaikki_no_match
wfpt-03529,tony,,,3594,,kaikki_no_match
wfpt-08871,too,,,8972,,kaikki_no_match
wfpt-01857,top,,,1910,,kaikki_no_match
wfpt-02396,topo,,,2450,,kaikki_no_match
wfpt-01973,toque,,,2027,,kaikki_no_match
wfpt-09988,toques,,,10097,,kaikki_no_match
wfpt-08602,torcedor,,,8700,,kaikki_no_match
wfpt-03954,torcedores,,,4026,,kaikki_no_match
wfpt-07749,torcer,,,7844,,kaikki_no_match
wfpt-03376,torcida,,,3440,,kaikki_no_match
wfpt-01117,torna,,,1156,,kaikki_no_match
wfpt-04692,tornado,noun,,4770,смерч,kaikki_pt_ru_enriched
wfpt-03874,tornam,,,3945,,kaikki_no_match
wfpt-01820,tornando,,,1871,,kaikki_no_match
wfpt-00825,tornar,,,859,,kaikki_no_match
wfpt-02857,tornaram,,,2916,,kaikki_no_match
wfpt-10174,tornarem,,,10283,,kaikki_no_match
wfpt-09481,tornaria,,,9586,,kaikki_no_match
wfpt-10509,tornará,,,10620,,kaikki_no_match
wfpt-06864,torne,,,6954,,kaikki_no_match
wfpt-10689,tornei,,,10801,,kaikki_no_match
wfpt-04281,torneio,,,4357,,kaikki_no_match
wfpt-01466,torno,,,1513,,kaikki_no_match
wfpt-00733,tornou,,,765,,kaikki_no_match
wfpt-08029,torná,,,8124,,kaikki_no_match
wfpt-09482,toronto,,,9587,,kaikki_no_match
wfpt-03177,torre,,,3239,,kaikki_no_match
wfpt-04114,torres,,,4188,,kaikki_no_match
wfpt-07613,torta,,,7708,,kaikki_no_match
wfpt-05281,tortura,noun,,5361,пытка,kaikki_pt_ru_enriched
wfpt-00533,total,,,559,,kaikki_no_match
wfpt-07614,totalidade,,,7709,,kaikki_no_match
wfpt-01118,totalmente,,,1157,,kaikki_no_match
wfpt-02918,tour,,,2978,,kaikki_no_match
wfpt-07888,touro,noun,,7983,телец,kaikki_pt_ru_enriched
wfpt-11059,town,,,11172,,kaikki_no_match
wfpt-01434,trabalha,,,1481,,kaikki_no_match
wfpt-05282,trabalhado,,,5362,,kaikki_no_match
wfpt-04526,trabalhador,noun,,4603,работник,kaikki_pt_ru_enriched
wfpt-10510,trabalhadora,,,10621,,kaikki_no_match
wfpt-01303,trabalhadores,,,1345,,kaikki_no_match
wfpt-03301,trabalham,,,3364,,kaikki_no_match
wfpt-06267,trabalhamos,,,6353,,kaikki_no_match
wfpt-01467,trabalhando,,,1514,,kaikki_no_match
wfpt-00549,trabalhar,verb,,575,работать,kaikki_pt_ru_enriched
wfpt-09172,trabalharam,,,9274,,kaikki_no_match
wfpt-03955,trabalhava,,,4027,,kaikki_no_match
wfpt-10864,trabalhavam,,,10976,,kaikki_no_match
wfpt-09016,trabalhei,,,9118,,kaikki_no_match
wfpt-06865,trabalhista,,,6955,,kaikki_no_match
wfpt-10339,trabalhistas,,,10448,,kaikki_no_match
wfpt-00121,trabalho,noun,,131,труд,kaikki_pt_ru_enriched
wfpt-01051,trabalhos,,,1088,,kaikki_no_match
wfpt-03051,trabalhou,,,3113,,kaikki_no_match
wfpt-02397,tradicionais,,,2451,,kaikki_no_match
wfpt-01405,tradicional,,,1452,,kaikki_no_match
wfpt-07487,tradicionalmente,,,7581,,kaikki_no_match
wfpt-02067,tradição,noun,,2121,традиция,kaikki_pt_ru_enriched
wfpt-04282,tradições,,,4358,,kaikki_no_match
wfpt-06866,tradutor,noun,,6956,переводчик,kaikki_pt_ru_enriched
wfpt-09989,traduz,,,10098,,kaikki_no_match
wfpt-11249,traduzida,,,11366,,kaikki_no_match
wfpt-05283,traduzido,,,5363,,kaikki_no_match
wfpt-05714,traduzir,verb,,5797,переводить,kaikki_pt_ru_enriched
wfpt-00610,tradução,noun,,638,перевод,kaikki_pt_ru_enriched
wfpt-06503,traduções,,,6591,,kaikki_no_match
wfpt-11853,traficante,,,11974,,kaikki_no_match
wfpt-09483,traficantes,,,9588,,kaikki_no_match
wfpt-05814,traga,,,5897,,kaikki_no_match
wfpt-07889,trago,,,7984,,kaikki_no_match
wfpt-04359,tragédia,,,4435,,kaikki_no_match
wfpt-05392,trailer,,,5473,,kaikki_no_match
wfpt-09484,trair,verb,,9589,предать,kaikki_pt_ru_enriched
wfpt-11250,traiu,,,11367,,kaikki_no_match
wfpt-05284,traição,noun,,5364,предательство,kaikki_pt_ru_enriched
wfpt-10690,traje,,,10802,,kaikki_no_match
wfpt-11060,trajeto,,,11173,,kaikki_no_match
wfpt-05499,trajetória,noun,,5582,траектория,kaikki_pt_ru_enriched
wfpt-05610,trama,,,5693,,kaikki_no_match
wfpt-05611,tranquila,,,5694,,kaikki_no_match
wfpt-07890,tranquilidade,,,7985,,kaikki_no_match
wfpt-04606,tranquilo,,,4684,,kaikki_no_match
wfpt-07253,trans,,,7345,,kaikki_no_match
wfpt-09666,transando,,,9772,,kaikki_no_match
wfpt-06504,transar,,,6592,,kaikki_no_match
wfpt-10175,transações,,,10284,,kaikki_no_match
wfpt-09990,transcrição,,,10099,,kaikki_no_match
wfpt-11638,transferida,,,11758,,kaikki_no_match
wfpt-07254,transferido,,,7346,,kaikki_no_match
wfpt-10176,transferidos,,,10285,,kaikki_no_match
wfpt-07750,transferir,,,7845,,kaikki_no_match
wfpt-02858,transferência,,,2917,,kaikki_no_match
wfpt-11061,transferências,,,11174,,kaikki_no_match
wfpt-05285,transforma,,,5365,,kaikki_no_match
wfpt-10865,transformada,,,10977,,kaikki_no_match
wfpt-07136,transformado,,,7226,,kaikki_no_match
wfpt-06628,transformando,,,6717,,kaikki_no_match
wfpt-02549,transformar,,,2604,,kaikki_no_match
wfpt-04040,transformação,noun,,4114,превращение,kaikki_pt_ru_enriched
wfpt-10340,transformações,,,10449,,kaikki_no_match
wfpt-03875,transformou,,,3946,,kaikki_no_match
wfpt-03108,transição,,,3170,,kaikki_no_match
wfpt-01945,transmissão,noun,,1998,коробка передач,kaikki_pt_ru_enriched
wfpt-09017,transmissões,,,9119,,kaikki_no_match
wfpt-10341,transmite,,,10450,,kaikki_no_match
wfpt-08872,transmitida,,,8973,,kaikki_no_match
wfpt-05612,transmitido,,,5695,,kaikki_no_match
wfpt-04607,transmitir,,,4685,,kaikki_no_match
wfpt-06394,transparente,,,6482,,kaikki_no_match
wfpt-04969,transparência,noun,,5048,прозрачность,kaikki_pt_ru_enriched
wfpt-06867,transportar,,,6957,,kaikki_no_match
wfpt-01024,transporte,noun,,1060,перевозка,kaikki_pt_ru_enriched
wfpt-03377,transportes,,,3441,,kaikki_no_match
wfpt-08173,transtorno,,,8269,,kaikki_no_match
wfpt-09991,trará,,,10100,,kaikki_no_match
wfpt-08453,traseira,,,8550,,kaikki_no_match
wfpt-09992,traseiro,noun,,10101,зад,kaikki_pt_ru_enriched
wfpt-00734,trata,,,766,,kaikki_no_match
wfpt-07255,tratada,,,7347,,kaikki_no_match
wfpt-11854,tratadas,,,11975,,kaikki_no_match
wfpt-02443,tratado,noun,,2497,трактат,kaikki_pt_ru_enriched
wfpt-04693,tratados,,,4771,,kaikki_no_match
wfpt-05715,tratam,,,5798,,kaikki_no_match
wfpt-01256,tratamento,,,1297,,kaikki_no_match
wfpt-09485,tratamentos,,,9590,,kaikki_no_match
wfpt-06729,tratando,,,6818,,kaikki_no_match
wfpt-01679,tratar,,,1728,,kaikki_no_match
wfpt-06629,tratava,,,6718,,kaikki_no_match
wfpt-08732,trate,,,8832,,kaikki_no_match
wfpt-06268,trato,,,6354,,kaikki_no_match
wfpt-07615,tratou,,,7710,,kaikki_no_match
wfpt-07891,trauma,,,7986,,kaikki_no_match
wfpt-10177,trava,,,10286,,kaikki_no_match
wfpt-10866,travar,,,10978,,kaikki_no_match
wfpt-01143,traz,,,1182,,kaikki_no_match
wfpt-05922,trazem,,,6007,,kaikki_no_match
wfpt-04196,trazendo,,,4272,,kaikki_no_match
wfpt-01224,trazer,verb,,1263,принести,kaikki_pt_ru_enriched
wfpt-10691,trazia,,,10803,,kaikki_no_match
wfpt-08174,trazido,,,8270,,kaikki_no_match
wfpt-11855,traçar,,,11976,,kaikki_no_match
wfpt-11639,traço,,,11759,,kaikki_no_match
wfpt-06505,traços,,,6593,,kaikki_no_match
wfpt-03109,trecho,,,3171,,kaikki_no_match
wfpt-05500,trechos,,,5583,,kaikki_no_match
wfpt-10511,treinado,,,10622,,kaikki_no_match
wfpt-02696,treinador,,,2753,,kaikki_no_match
wfpt-10692,treinados,,,10804,,kaikki_no_match
wfpt-02020,treinamento,,,2074,,kaikki_no_match
wfpt-10693,treinamentos,,,10805,,kaikki_no_match
wfpt-10694,treinando,,,10806,,kaikki_no_match
wfpt-03956,treinar,verb,,4028,тренирова́ться,kaikki_pt_ru_enriched
wfpt-02647,treino,,,2703,,kaikki_no_match
wfpt-09486,treinos,,,9591,,kaikki_no_match
wfpt-02203,trem,noun,,2257,поезд,kaikki_pt_ru_enriched
wfpt-08603,tremendo,,,8701,,kaikki_no_match
wfpt-07892,trens,,,7987,,kaikki_no_match
wfpt-10695,tres,,,10807,,kaikki_no_match
wfpt-09018,treta,,,9120,,kaikki_no_match
wfpt-07893,trevas,,,7988,,kaikki_no_match
wfpt-08030,treze,,,8125,,kaikki_no_match
wfpt-04608,tribo,,,4686,,kaikki_no_match
wfpt-07388,tribos,,,7481,,kaikki_no_match
wfpt-05393,tribunais,,,5474,,kaikki_no_match
wfpt-00780,tribunal,,,814,,kaikki_no_match
wfpt-06868,tributo,,,6958,,kaikki_no_match
wfpt-07002,tricolor,,,7092,,kaikki_no_match
wfpt-07256,trigo,,,7348,,kaikki_no_match
wfpt-03744,trilha,,,3810,,kaikki_no_match
wfpt-08873,trilhas,,,8974,,kaikki_no_match
wfpt-09313,trilhos,,,9416,,kaikki_no_match
wfpt-10696,trilogia,noun,,10808,трилогия,kaikki_pt_ru_enriched
wfpt-11251,trimestre,,,11368,,kaikki_no_match
wfpt-09314,trindade,,,9417,,kaikki_no_match
wfpt-02985,trinta,,,3047,,kaikki_no_match
wfpt-05286,trio,,,5366,,kaikki_no_match
wfpt-09173,triplo,,,9275,,kaikki_no_match
wfpt-05923,tripulação,,,6008,,kaikki_no_match
wfpt-01164,triste,,,1203,,kaikki_no_match
wfpt-06395,tristes,,,6483,,kaikki_no_match
wfpt-03378,tristeza,noun,,3442,грусть,kaikki_pt_ru_enriched
wfpt-08305,triunfo,,,8401,,kaikki_no_match
wfpt-08874,triângulo,noun,,8975,треугольник,kaikki_pt_ru_enriched
wfpt-01225,troca,noun,,1264,обмен,kaikki_pt_ru_enriched
wfpt-11252,trocado,,,11369,,kaikki_no_match
wfpt-09831,trocando,,,9939,,kaikki_no_match
wfpt-02444,trocar,,,2498,,kaikki_no_match
wfpt-07616,trocas,,,7711,,kaikki_no_match
wfpt-07751,troco,noun,,7846,сдача,kaikki_pt_ru_enriched
wfpt-08875,trocou,,,8976,,kaikki_no_match
wfpt-06044,troféu,noun,,6129,трофей,kaikki_pt_ru_enriched
wfpt-08454,tronco,noun,,8551,ствол,kaikki_pt_ru_enriched
wfpt-05924,trono,noun,,6009,престол,kaikki_pt_ru_enriched
wfpt-06269,tropa,,,6355,,kaikki_no_match
wfpt-02795,tropas,,,2854,,kaikki_no_match
wfpt-06730,tropical,,,6819,,kaikki_no_match
wfpt-01821,trouxe,,,1872,,kaikki_no_match
wfpt-06869,trouxeram,,,6959,,kaikki_no_match
wfpt-11062,troço,,,11175,,kaikki_no_match
wfpt-09315,true,,,9418,,kaikki_no_match
wfpt-05815,trump,,,5898,,kaikki_no_match
wfpt-11445,truques,,,11562,,kaikki_no_match
wfpt-03666,tráfego,,,3732,,kaikki_no_match
wfpt-04197,tráfico,,,4273,,kaikki_no_match
wfpt-09487,trágico,,,9592,,kaikki_no_match
wfpt-00826,trás,,,860,,kaikki_no_match
wfpt-02600,trânsito,noun,,2656,транзит,kaikki_pt_ru_enriched
wfpt-00157,três,,,167,,kaikki_no_match
wfpt-07389,tse,,,7482,,kaikki_no_match
wfpt-07752,tubarão,noun,,7847,акула,kaikki_pt_ru_enriched
wfpt-07137,tubo,noun,,7227,труба,kaikki_pt_ru_enriched
wfpt-09488,tubos,,,9593,,kaikki_no_match
wfpt-00056,tudo,,,61,,kaikki_no_match
wfpt-09019,tumblr,,,9121,,kaikki_no_match
wfpt-09020,tumor,,,9122,,kaikki_no_match
wfpt-10512,tunísia,noun,,10623,тунис,kaikki_pt_ru_enriched
wfpt-09489,turca,,,9594,,kaikki_no_match
wfpt-07003,turco,,,7093,,kaikki_no_match
wfpt-08175,turcos,,,8271,,kaikki_no_match
wfpt-02158,turismo,noun,,2212,туризм,kaikki_pt_ru_enriched
wfpt-10513,turista,noun,,10624,турист,kaikki_pt_ru_enriched
wfpt-03877,turistas,,,3948,,kaikki_no_match
wfpt-02398,turma,,,2452,,kaikki_no_match
wfpt-10178,turner,,,10287,,kaikki_no_match
wfpt-02750,turno,,,2809,,kaikki_no_match
wfpt-11063,turnos,,,11176,,kaikki_no_match
wfpt-05716,turnê,,,5799,,kaikki_no_match
wfpt-03667,turquia,noun,,3733,турция,kaikki_pt_ru_enriched
wfpt-10697,turística,,,10809,,kaikki_no_match
wfpt-06162,turístico,,,6247,,kaikki_no_match
wfpt-08876,turísticos,,,8977,,kaikki_no_match
wfpt-07390,tutorial,,,7483,,kaikki_no_match
wfpt-07894,tweet,,,7989,,kaikki_no_match
wfpt-03878,tweets,,,3949,,kaikki_no_match
wfpt-00321,twitter,,,338,,kaikki_no_match
wfpt-05816,two,,,5899,,kaikki_no_match
wfpt-07391,tyler,,,7484,,kaikki_no_match
wfpt-08306,tática,,,8402,,kaikki_no_match
wfpt-09667,táticas,,,9773,,kaikki_no_match
wfpt-06630,táxi,,,6719,,kaikki_no_match
wfpt-01614,técnica,noun,,1663,техника,kaikki_pt_ru_enriched
wfpt-02241,técnicas,,,2295,,kaikki_no_match
wfpt-01369,técnico,noun,,1413,тренер,kaikki_pt_ru_enriched
wfpt-03379,técnicos,,,3443,,kaikki_no_match
wfpt-10698,térmica,,,10810,,kaikki_no_match
wfpt-06506,término,,,6594,,kaikki_no_match
wfpt-03231,tênis,noun,,3294,теннис,kaikki_pt_ru_enriched
wfpt-10514,tímido,,,10625,,kaikki_no_match
wfpt-04694,tínhamos,,,4772,,kaikki_no_match
wfpt-06163,típica,,,6248,,kaikki_no_match
wfpt-10867,típicas,,,10979,,kaikki_no_match
wfpt-05075,típico,,,5154,,kaikki_no_match
wfpt-11856,típicos,,,11977,,kaikki_no_match
wfpt-00941,título,,,975,,kaikki_no_match
wfpt-02986,títulos,,,3048,,kaikki_no_match
wfpt-06164,tópico,,,6249,,kaikki_no_match
wfpt-07138,tópicos,,,7228,,kaikki_no_match
wfpt-05287,tóquio,,,5367,,kaikki_no_match
wfpt-07004,túmulo,noun,,7094,могила,kaikki_pt_ru_enriched
wfpt-06631,túnel,noun,,6720,тоннель,kaikki_pt_ru_enriched
wfpt-08877,uau,,,8978,,kaikki_no_match
wfpt-05183,ucrânia,noun,,5262,украина,kaikki_pt_ru_enriched
wfpt-09832,ufc,,,9940,,kaikki_no_match
wfpt-11253,uganda,noun,,11370,уганда,kaikki_pt_ru_enriched
wfpt-08177,ultima,,,8273,,kaikki_no_match
wfpt-03798,ultimamente,,,3867,,kaikki_no_match
wfpt-09668,ultimo,,,9774,,kaikki_no_match
wfpt-07139,ultra,,,7229,,kaikki_no_match
wfpt-07617,ultrapassar,,,7712,,kaikki_no_match
wfpt-10868,ultrapassou,,,10980,,kaikki_no_match
wfpt-10179,umidade,,,10288,,kaikki_no_match
wfpt-06165,una,,,6250,,kaikki_no_match
wfpt-09490,unanimidade,noun,,9595,единодушие,kaikki_pt_ru_enriched
wfpt-08733,under,,,8833,,kaikki_no_match
wfpt-05501,une,,,5584,,kaikki_no_match
wfpt-05717,unesco,noun,,5800,юнеско,kaikki_pt_ru_enriched
wfpt-11064,unha,noun,,11177,ноготь,kaikki_pt_ru_enriched
wfpt-04527,unhas,,,4604,,kaikki_no_match
wfpt-11640,unicamente,,,11760,,kaikki_no_match
wfpt-08307,unida,,,8403,,kaikki_no_match
wfpt-01144,unidade,,,1183,,kaikki_no_match
wfpt-01680,unidades,,,1729,,kaikki_no_match
wfpt-02697,unidas,,,2754,,kaikki_no_match
wfpt-02242,unido,,,2296,,kaikki_no_match
wfpt-00420,unidos,,,440,,kaikki_no_match
wfpt-04041,uniforme,noun,,4115,форма,kaikki_pt_ru_enriched
wfpt-09491,uniformes,,,9596,,kaikki_no_match
wfpt-04884,unir,,,4962,,kaikki_no_match
wfpt-04970,united,,,5049,,kaikki_no_match
wfpt-10342,uniu,,,10452,,kaikki_no_match
wfpt-02445,universal,,,2499,,kaikki_no_match
wfpt-00385,universidade,noun,,403,университет,kaikki_pt_ru_enriched
wfpt-02987,universidades,,,3049,,kaikki_no_match
wfpt-06632,university,,,6721,,kaikki_no_match
wfpt-06507,universitária,,,6595,,kaikki_no_match
wfpt-03668,universitário,,,3734,,kaikki_no_match
wfpt-07618,universitários,,,7713,,kaikki_no_match
wfpt-01545,universo,noun,,1593,вселенная,kaikki_pt_ru_enriched
wfpt-00781,união,noun,,815,союз,kaikki_pt_ru_enriched
wfpt-11641,uno,,,11761,,kaikki_no_match
wfpt-07392,uol,,,7485,,kaikki_no_match
wfpt-02399,urbana,,,2453,,kaikki_no_match
wfpt-06870,urbanas,,,6960,,kaikki_no_match
wfpt-03462,urbano,,,3526,,kaikki_no_match
wfpt-05394,urbanos,,,5475,,kaikki_no_match
wfpt-03232,urgente,,,3295,,kaikki_no_match
wfpt-05718,urgência,,,5801,,kaikki_no_match
wfpt-10343,urina,noun,,10453,моча,kaikki_pt_ru_enriched
wfpt-08734,urnas,,,8834,,kaikki_no_match
wfpt-07005,urso,noun,,7095,медведь,kaikki_pt_ru_enriched
wfpt-03586,uruguai,noun,,3651,уругвай,kaikki_pt_ru_enriched
wfpt-01066,usa,,,1103,,kaikki_no_match
wfpt-01546,usada,,,1594,,kaikki_no_match
wfpt-02919,usadas,,,2979,,kaikki_no_match
wfpt-01052,usado,,,1089,,kaikki_no_match
wfpt-02400,usados,,,2454,,kaikki_no_match
wfpt-02550,usam,,,2605,,kaikki_no_match
wfpt-06871,usamos,,,6961,,kaikki_no_match
wfpt-00677,usando,,,707,,kaikki_no_match
wfpt-00342,usar,verb,,359,использовать,kaikki_pt_ru_enriched
wfpt-06633,usaram,,,6722,,kaikki_no_match
wfpt-04971,usava,,,5050,,kaikki_no_match
wfpt-09021,usavam,,,9123,,kaikki_no_match
wfpt-02114,use,,,2168,,kaikki_no_match
wfpt-04972,usei,,,5051,,kaikki_no_match
wfpt-08308,usem,,,8404,,kaikki_no_match
wfpt-05502,usina,,,5585,,kaikki_no_match
wfpt-09993,usinas,,,10102,,kaikki_no_match
wfpt-00325,uso,,,342,,kaikki_no_match
wfpt-08309,usos,,,8405,,kaikki_no_match
wfpt-02401,usou,,,2455,,kaikki_no_match
wfpt-04042,usp,,,4116,,kaikki_no_match
wfpt-11642,usual,,,11762,,kaikki_no_match
wfpt-01507,usuário,noun,,1554,участник,kaikki_pt_ru_enriched
wfpt-00987,usuários,,,1022,,kaikki_no_match
wfpt-05925,usá,,,6010,,kaikki_no_match
wfpt-06872,utilidade,,,6962,,kaikki_no_match
wfpt-03745,utiliza,,,3811,,kaikki_no_match
wfpt-02243,utilizada,,,2297,,kaikki_no_match
wfpt-04199,utilizadas,,,4275,,kaikki_no_match
wfpt-02068,utilizado,,,2122,,kaikki_no_match
wfpt-07140,utilizador,,,7230,,kaikki_no_match
wfpt-07393,utilizadores,,,7486,,kaikki_no_match
wfpt-03233,utilizados,,,3296,,kaikki_no_match
wfpt-04695,utilizam,,,4773,,kaikki_no_match
wfpt-02920,utilizando,,,2980,,kaikki_no_match
wfpt-02698,utilizar,verb,,2755,использовать,kaikki_pt_ru_enriched
wfpt-02446,utilização,,,2500,,kaikki_no_match
wfpt-09316,utilizou,,,9419,,kaikki_no_match
wfpt-09022,uva,noun,,9124,виноград,kaikki_pt_ru_enriched
wfpt-04609,vaca,noun,,4687,корова,kaikki_pt_ru_enriched
wfpt-06396,vacina,noun,,6484,вакцина,kaikki_pt_ru_enriched
wfpt-11065,vacinas,,,11178,,kaikki_no_match
wfpt-05184,vadia,,,5263,,kaikki_no_match
wfpt-02402,vaga,,,2456,,kaikki_no_match
wfpt-11066,vagabundo,,,11179,,kaikki_no_match
wfpt-03052,vagas,,,3114,,kaikki_no_match
wfpt-08604,vagina,noun,,8702,вагина,kaikki_pt_ru_enriched
wfpt-03957,vais,,,4029,,kaikki_no_match
wfpt-11067,val,,,11180,,kaikki_no_match
wfpt-00550,vale,,,576,,kaikki_no_match
wfpt-08031,valem,,,8126,,kaikki_no_match
wfpt-11643,valendo,,,11763,,kaikki_no_match
wfpt-06731,valente,,,6820,,kaikki_no_match
wfpt-04360,valer,,,4436,,kaikki_no_match
wfpt-11254,vales,,,11371,,kaikki_no_match
wfpt-03669,valeu,,,3735,,kaikki_no_match
wfpt-10180,valia,,,10289,,kaikki_no_match
wfpt-11068,validade,noun,,11181,действительность,kaikki_pt_ru_enriched
wfpt-11255,valioso,,,11372,,kaikki_no_match
wfpt-09994,valley,,,10103,,kaikki_no_match
wfpt-00611,valor,,,639,,kaikki_no_match
wfpt-01406,valores,,,1453,,kaikki_no_match
wfpt-07257,valorizar,,,7349,,kaikki_no_match
wfpt-08455,valorização,,,8552,,kaikki_no_match
wfpt-00195,vamos,,,207,,kaikki_no_match
wfpt-09833,vampiro,noun,,9941,вампир,kaikki_pt_ru_enriched
wfpt-10870,vampiros,,,10982,,kaikki_no_match
wfpt-02699,van,,,2756,,kaikki_no_match
wfpt-05395,vanessa,,,5476,,kaikki_no_match
wfpt-11644,vanguarda,noun,,11764,авангард,kaikki_pt_ru_enriched
wfpt-02751,vantagem,,,2810,,kaikki_no_match
wfpt-04787,vantagens,,,4865,,kaikki_no_match
wfpt-06873,vapor,,,6963,,kaikki_no_match
wfpt-09995,var,,,10104,,kaikki_no_match
wfpt-06045,vara,,,6130,,kaikki_no_match
wfpt-08878,varanda,noun,,8979,балкон,kaikki_pt_ru_enriched
wfpt-05396,vargas,,,5477,,kaikki_no_match
wfpt-07006,varia,,,7096,,kaikki_no_match
wfpt-08178,variadas,,,8274,,kaikki_no_match
wfpt-07394,variados,,,7487,,kaikki_no_match
wfpt-05817,variam,,,5900,,kaikki_no_match
wfpt-07258,variar,,,7350,,kaikki_no_match
wfpt-07895,varias,,,7990,,kaikki_no_match
wfpt-06270,variação,,,6356,,kaikki_no_match
wfpt-06271,variações,,,6357,,kaikki_no_match
wfpt-02551,variedade,,,2606,,kaikki_no_match
wfpt-08879,variedades,,,8980,,kaikki_no_match
wfpt-07896,variáveis,,,7991,,kaikki_no_match
wfpt-08880,variável,noun,,8981,переменная,kaikki_pt_ru_enriched
wfpt-03053,vasco,noun,,3115,vásko,kaikki_pt_ru_enriched
wfpt-08735,vaso,noun,,8835,ваза,kaikki_pt_ru_enriched
wfpt-10344,vasos,,,10454,,kaikki_no_match
wfpt-06508,vasta,,,6596,,kaikki_no_match
wfpt-08456,vasto,,,8553,,kaikki_no_match
wfpt-06732,vaticano,noun,,6821,ватикан,kaikki_pt_ru_enriched
wfpt-07007,vaz,,,7097,,kaikki_no_match
wfpt-08032,vazamento,,,8127,,kaikki_no_match
wfpt-05926,vazia,,,6011,,kaikki_no_match
wfpt-08881,vazias,,,8982,,kaikki_no_match
wfpt-02752,vazio,,,2811,,kaikki_no_match
wfpt-11069,vazios,,,11182,,kaikki_no_match
wfpt-08179,vcs,,,8275,,kaikki_no_match
wfpt-06509,veem,,,6597,,kaikki_no_match
wfpt-05503,vegas,,,5586,,kaikki_no_match
wfpt-07141,vegetais,,,7231,,kaikki_no_match
wfpt-08457,vegetal,,,8554,,kaikki_no_match
wfpt-07753,vegetação,,,7848,,kaikki_no_match
wfpt-10699,veia,noun,,10811,вена,kaikki_pt_ru_enriched
wfpt-00717,veio,,,748,,kaikki_no_match
wfpt-00402,veja,,,421,,kaikki_no_match
wfpt-03746,vejam,,,3812,,kaikki_no_match
wfpt-00594,vejo,,,622,,kaikki_no_match
wfpt-05397,vela,noun,,5478,парус,kaikki_pt_ru_enriched
wfpt-06397,velas,,,6485,,kaikki_no_match
wfpt-01582,velha,,,1631,,kaikki_no_match
wfpt-06046,velhas,,,6131,,kaikki_no_match
wfpt-00893,velho,noun,,927,старик,kaikki_pt_ru_enriched
wfpt-03110,velhos,,,3172,,kaikki_no_match
wfpt-01435,velocidade,noun,,1482,скорость,kaikki_pt_ru_enriched
wfpt-11446,velocidades,,,11563,,kaikki_no_match
wfpt-09996,veloso,,,10105,,kaikki_no_match
wfpt-00236,vem,,,248,,kaikki_no_match
wfpt-02796,vemos,,,2855,,kaikki_no_match
wfpt-05818,vence,,,5901,,kaikki_no_match
wfpt-02797,vencedor,noun,,2856,призёр,kaikki_pt_ru_enriched
wfpt-07259,vencedora,,,7351,,kaikki_no_match
wfpt-04115,vencedores,,,4189,,kaikki_no_match
wfpt-11447,vencendo,,,11564,,kaikki_no_match
wfpt-01782,vencer,,,1833,,kaikki_no_match
wfpt-03111,venceu,,,3173,,kaikki_no_match
wfpt-08882,vencido,,,8983,,kaikki_no_match
wfpt-01714,venda,,,1763,,kaikki_no_match
wfpt-02601,vendas,,,2657,,kaikki_no_match
wfpt-04361,vende,,,4437,,kaikki_no_match
wfpt-06634,vendedor,,,6723,,kaikki_no_match
wfpt-09317,vendedores,,,9420,,kaikki_no_match
wfpt-09023,vendem,,,9125,,kaikki_no_match
wfpt-05398,vendendo,,,5479,,kaikki_no_match
wfpt-01858,vender,,,1911,,kaikki_no_match
wfpt-05399,vendeu,,,5480,,kaikki_no_match
wfpt-08736,vendida,,,8836,,kaikki_no_match
wfpt-11448,vendidas,,,11565,,kaikki_no_match
wfpt-04788,vendido,,,4866,,kaikki_no_match
wfpt-04696,vendidos,,,4774,,kaikki_no_match
wfpt-01283,vendo,,,1325,,kaikki_no_match
wfpt-06398,veneno,noun,,6486,яд,kaikki_pt_ru_enriched
wfpt-10871,veneza,noun,,10983,венеция,kaikki_pt_ru_enriched
wfpt-02921,venezuela,noun,,2981,венесуэла,kaikki_pt_ru_enriched
wfpt-01508,venha,,,1555,,kaikki_no_match
wfpt-03879,venham,,,3950,,kaikki_no_match
wfpt-03880,venho,,,3951,,kaikki_no_match
wfpt-01901,vento,noun,,1954,ветер,kaikki_pt_ru_enriched
wfpt-05288,ventos,,,5368,,kaikki_no_match
wfpt-00088,ver,verb,,94,видеть,kaikki_pt_ru_enriched
wfpt-06874,vera,,,6964,,kaikki_no_match
wfpt-09492,verba,,,9597,,kaikki_no_match
wfpt-11645,verbal,,,11765,,kaikki_no_match
wfpt-09669,verbas,,,9775,,kaikki_no_match
wfpt-09024,verbo,,,9126,,kaikki_no_match
wfpt-00196,verdade,noun,,208,истина,kaikki_pt_ru_enriched
wfpt-01642,verdadeira,,,1691,,kaikki_no_match
wfpt-05185,verdadeiramente,,,5264,,kaikki_no_match
wfpt-06733,verdadeiras,,,6822,,kaikki_no_match
wfpt-01226,verdadeiro,,,1265,,kaikki_no_match
wfpt-04116,verdadeiros,,,4190,,kaikki_no_match
wfpt-06875,verdades,,,6965,,kaikki_no_match
wfpt-00828,verde,,,862,,kaikki_no_match
wfpt-04117,verdes,,,4191,,kaikki_no_match
wfpt-04200,vereador,,,4276,,kaikki_no_match
wfpt-04789,vereadores,,,4867,,kaikki_no_match
wfpt-08605,verem,,,8703,,kaikki_no_match
wfpt-07260,veremos,,,7352,,kaikki_no_match
wfpt-01643,vergonha,noun,,1692,стыд,kaikki_pt_ru_enriched
wfpt-11070,vergonhoso,,,11183,,kaikki_no_match
wfpt-09493,verifica,,,9598,,kaikki_no_match
wfpt-02798,verificar,,,2857,,kaikki_no_match
wfpt-08458,verificação,,,8555,,kaikki_no_match
wfpt-11071,verificou,,,11184,,kaikki_no_match
wfpt-09318,verifique,,,9421,,kaikki_no_match
wfpt-02447,vermelha,,,2501,,kaikki_no_match
wfpt-05819,vermelhas,,,5902,,kaikki_no_match
wfpt-01304,vermelho,,,1346,,kaikki_no_match
wfpt-07395,vermelhos,,,7488,,kaikki_no_match
wfpt-09997,veronica,,,10106,,kaikki_no_match
wfpt-09998,versa,,,10107,,kaikki_no_match
wfpt-08737,verso,noun,,8837,вирши,kaikki_pt_ru_enriched
wfpt-09494,versos,,,9599,,kaikki_no_match
wfpt-09999,versus,,,10108,,kaikki_no_match
wfpt-00701,versão,,,731,,kaikki_no_match
wfpt-03112,versões,,,3174,,kaikki_no_match
wfpt-08033,vertical,,,8128,,kaikki_no_match
wfpt-06635,verá,,,6724,,kaikki_no_match
wfpt-00988,verão,noun,,1024,лето,kaikki_pt_ru_enriched
wfpt-08310,veste,,,8406,,kaikki_no_match
wfpt-08459,vestibular,,,8556,,kaikki_no_match
wfpt-10345,vestida,,,10455,,kaikki_no_match
wfpt-02552,vestido,,,2607,,kaikki_no_match
wfpt-05504,vestidos,,,5587,,kaikki_no_match
wfpt-07897,vestindo,,,7992,,kaikki_no_match
wfpt-04201,vestir,verb,,4277,ходить,kaikki_pt_ru_enriched
wfpt-10181,vestuário,noun,,10290,одежда,kaikki_pt_ru_enriched
wfpt-09670,vestígios,,,9776,,kaikki_no_match
wfpt-09671,veterano,noun,,9777,ветеран,kaikki_pt_ru_enriched
wfpt-08738,veteranos,,,8838,,kaikki_no_match
wfpt-00096,vez,,,102,,kaikki_no_match
wfpt-00175,vezes,,,185,,kaikki_no_match
wfpt-02492,veículo,noun,,2546,транспортное средство,kaikki_pt_ru_enriched
wfpt-01681,veículos,,,1730,,kaikki_no_match
wfpt-00520,via,,,546,,kaikki_no_match
wfpt-00782,viagem,noun,,816,путешествие,kaikki_pt_ru_enriched
wfpt-02753,viagens,,,2812,,kaikki_no_match
wfpt-07261,viaja,,,7353,,kaikki_no_match
wfpt-05400,viajando,,,5481,,kaikki_no_match
wfpt-11072,viajante,noun,,11185,путеше́ственник,kaikki_pt_ru_enriched
wfpt-08460,viajantes,,,8557,,kaikki_no_match
wfpt-01946,viajar,,,2000,,kaikki_no_match
wfpt-07619,viajou,,,7714,,kaikki_no_match
wfpt-05719,viana,,,5802,,kaikki_no_match
wfpt-04362,vias,,,4438,,kaikki_no_match
wfpt-11073,viatura,,,11186,,kaikki_no_match
wfpt-01257,vice,noun,,1298,вице,kaikki_pt_ru_enriched
wfpt-04790,vicente,,,4868,,kaikki_no_match
wfpt-10700,viciada,,,10812,,kaikki_no_match
wfpt-08739,viciado,,,8839,,kaikki_no_match
wfpt-03054,victor,,,3116,,kaikki_no_match
wfpt-07008,victoria,,,7098,,kaikki_no_match
wfpt-00079,vida,noun,,85,жизнь,kaikki_pt_ru_enriched
wfpt-01192,vidas,,,1231,,kaikki_no_match
wfpt-01715,video,,,1764,,kaikki_no_match
wfpt-04283,videos,,,4359,,kaikki_no_match
wfpt-03380,vidro,noun,,3444,стекло,kaikki_pt_ru_enriched
wfpt-03234,vieira,,,3297,,kaikki_no_match
wfpt-11074,viena,,,11187,,kaikki_no_match
wfpt-06399,vier,,,6487,,kaikki_no_match
wfpt-02602,vieram,,,2658,,kaikki_no_match
wfpt-06166,vietnã,,,6251,,kaikki_no_match
wfpt-06510,view,,,6598,,kaikki_no_match
wfpt-09495,vigente,,,9600,,kaikki_no_match
wfpt-03178,vigilância,,,3240,,kaikki_no_match
wfpt-04284,vigor,,,4360,,kaikki_no_match
wfpt-08740,vii,,,8840,,kaikki_no_match
wfpt-10515,viii,,,10626,,kaikki_no_match
wfpt-01145,vila,,,1184,,kaikki_no_match
wfpt-11075,vilarejo,noun,,11188,весь,kaikki_pt_ru_enriched
wfpt-06636,vilas,,,6725,,kaikki_no_match
wfpt-06734,villa,,,6823,,kaikki_no_match
wfpt-09174,village,,,9276,,kaikki_no_match
wfpt-07142,vilão,noun,,7232,злодей,kaikki_pt_ru_enriched
wfpt-10872,vilões,,,10984,,kaikki_no_match
wfpt-01468,vim,,,1515,,kaikki_no_match
wfpt-03958,vimos,,,4030,,kaikki_no_match
wfpt-11646,vinagre,noun,,11766,уксус,kaikki_pt_ru_enriched
wfpt-08883,vincent,,,8984,,kaikki_no_match
wfpt-03670,vinda,,,3736,,kaikki_no_match
wfpt-04363,vindas,,,4439,,kaikki_no_match
wfpt-01305,vindo,,,1347,,kaikki_no_match
wfpt-04202,vindos,,,4278,,kaikki_no_match
wfpt-11647,vingadores,,,11767,,kaikki_no_match
wfpt-04285,vingança,noun,,4361,месть,kaikki_pt_ru_enriched
wfpt-09319,vingar,verb,,9422,мстить,kaikki_pt_ru_enriched
wfpt-03302,vinha,,,3365,,kaikki_no_match
wfpt-08180,vinham,,,8276,,kaikki_no_match
wfpt-02115,vinho,noun,,2169,вино,kaikki_pt_ru_enriched
wfpt-10182,vinhos,,,10291,,kaikki_no_match
wfpt-08461,vinicius,,,8558,,kaikki_no_match
wfpt-02204,vinte,noun,,2258,двадцать,kaikki_pt_ru_enriched
wfpt-10346,vinícius,,,10456,,kaikki_no_match
wfpt-04973,viola,noun,,5052,альт,kaikki_pt_ru_enriched
wfpt-11857,violar,,,11978,,kaikki_no_match
wfpt-04528,violação,,,4605,,kaikki_no_match
wfpt-11648,violações,,,11768,,kaikki_no_match
wfpt-07754,violenta,,,7849,,kaikki_no_match
wfpt-06400,violento,,,6488,,kaikki_no_match
wfpt-08884,violentos,,,8985,,kaikki_no_match
wfpt-11649,violino,noun,,11769,скрипка,kaikki_pt_ru_enriched
wfpt-05289,violão,,,5369,,kaikki_no_match
wfpt-01370,violência,noun,,1414,брутальность,kaikki_pt_ru_enriched
wfpt-07755,vip,,,7850,,kaikki_no_match
wfpt-03381,vira,,,3445,,kaikki_no_match
wfpt-05505,virada,,,5588,,kaikki_no_match
wfpt-11076,viral,,,11189,,kaikki_no_match
wfpt-01974,viram,,,2028,,kaikki_no_match
wfpt-08311,virando,,,8407,,kaikki_no_match
wfpt-02403,virar,,,2457,,kaikki_no_match
wfpt-09025,vire,,,9127,,kaikki_no_match
wfpt-09672,virei,,,9778,,kaikki_no_match
wfpt-10873,virem,,,10985,,kaikki_no_match
wfpt-03179,virgem,noun,,3241,девственник,kaikki_pt_ru_enriched
wfpt-09320,virginia,,,9423,,kaikki_no_match
wfpt-05076,viria,,,5155,,kaikki_no_match
wfpt-02493,virou,,,2547,,kaikki_no_match
wfpt-06511,virtuais,,,6599,,kaikki_no_match
wfpt-02205,virtual,,,2259,,kaikki_no_match
wfpt-05290,virtude,noun,,5370,добродетель,kaikki_pt_ru_enriched
wfpt-11650,virtudes,,,11770,,kaikki_no_match
wfpt-06876,virá,,,6966,,kaikki_no_match
wfpt-08034,virão,,,8129,,kaikki_no_match
wfpt-04286,visa,,,4362,,kaikki_no_match
wfpt-05291,visando,,,5371,,kaikki_no_match
wfpt-06272,visibilidade,,,6358,,kaikki_no_match
wfpt-00942,visita,,,976,,kaikki_no_match
wfpt-10516,visitado,,,10627,,kaikki_no_match
wfpt-09673,visitando,,,9779,,kaikki_no_match
wfpt-07620,visitante,,,7715,,kaikki_no_match
wfpt-02069,visitantes,,,2123,,kaikki_no_match
wfpt-01644,visitar,verb,,1693,посещать,kaikki_pt_ru_enriched
wfpt-10517,visitaram,,,10628,,kaikki_no_match
wfpt-03671,visitas,,,3737,,kaikki_no_match
wfpt-06047,visite,,,6132,,kaikki_no_match
wfpt-05720,visitou,,,5803,,kaikki_no_match
wfpt-00534,vista,,,560,,kaikki_no_match
wfpt-03959,vistas,,,4031,,kaikki_no_match
wfpt-00595,visto,noun,,623,виза,kaikki_pt_ru_enriched
wfpt-04118,vistos,,,4192,,kaikki_no_match
wfpt-05927,visuais,,,6012,,kaikki_no_match
wfpt-02988,visual,,,3050,,kaikki_no_match
wfpt-06167,visualizar,,,6252,,kaikki_no_match
wfpt-10347,visualização,,,10457,,kaikki_no_match
wfpt-06512,visualizações,,,6600,,kaikki_no_match
wfpt-01001,visão,,,1037,,kaikki_no_match
wfpt-08312,visíveis,,,8408,,kaikki_no_match
wfpt-04697,visível,,,4775,,kaikki_no_match
wfpt-06401,visões,,,6489,,kaikki_no_match
wfpt-10000,vitais,,,10109,,kaikki_no_match
wfpt-05613,vital,,,5696,,kaikki_no_match
wfpt-10183,vitamina,,,10292,,kaikki_no_match
wfpt-06513,vitor,,,6601,,kaikki_no_match
wfpt-00702,vitória,noun,,732,победа,kaikki_pt_ru_enriched
wfpt-04119,vitórias,,,4193,,kaikki_no_match
wfpt-00477,viu,,,499,,kaikki_no_match
wfpt-01469,viva,,,1516,,kaikki_no_match
wfpt-06637,vivas,,,6726,,kaikki_no_match
wfpt-01067,vive,,,1104,,kaikki_no_match
wfpt-02404,vivem,,,2458,,kaikki_no_match
wfpt-03235,vivemos,,,3298,,kaikki_no_match
wfpt-02494,vivendo,,,2548,,kaikki_no_match
wfpt-00551,viver,verb,,577,жить,kaikki_pt_ru_enriched
wfpt-09674,viveram,,,9780,,kaikki_no_match
wfpt-03800,viveu,,,3869,,kaikki_no_match
wfpt-06638,vivi,,,6727,,kaikki_no_match
wfpt-04885,vivia,,,4963,,kaikki_no_match
wfpt-08181,viviam,,,8277,,kaikki_no_match
wfpt-07396,vivido,,,7489,,kaikki_no_match
wfpt-00490,vivo,,,513,,kaikki_no_match
wfpt-03463,vivos,,,3527,,kaikki_no_match
wfpt-04974,vizinha,,,5053,,kaikki_no_match
wfpt-04529,vizinhança,noun,,4606,район,kaikki_pt_ru_enriched
wfpt-10348,vizinhas,,,10458,,kaikki_no_match
wfpt-03303,vizinho,noun,,3366,сосед,kaikki_pt_ru_enriched
wfpt-02754,vizinhos,,,2813,,kaikki_no_match
wfpt-10184,viável,,,10293,,kaikki_no_match
wfpt-07143,viúva,,,7233,,kaikki_no_match
wfpt-06877,vladimir,,,6967,,kaikki_no_match
wfpt-09175,voa,,,9277,,kaikki_no_match
wfpt-07009,voando,,,7099,,kaikki_no_match
wfpt-04698,voar,verb,,4776,лететь,kaikki_pt_ru_enriched
wfpt-09176,vocabulário,noun,,9278,лексика,kaikki_pt_ru_enriched
wfpt-09026,vocal,,,9128,,kaikki_no_match
wfpt-10349,vocalista,noun,,10459,вокалист,kaikki_pt_ru_enriched
wfpt-11651,vocação,,,11771,,kaikki_no_match
wfpt-07010,voice,,,7100,,kaikki_no_match
wfpt-10874,vol,,,10986,,kaikki_no_match
wfpt-05820,volante,,,5903,,kaikki_no_match
wfpt-05292,voleibol,noun,,5372,волейбол,kaikki_pt_ru_enriched
wfpt-00207,volta,,,219,,kaikki_no_match
wfpt-07011,voltada,,,7101,,kaikki_no_match
wfpt-11077,voltadas,,,11190,,kaikki_no_match
wfpt-04975,voltado,,,5054,,kaikki_no_match
wfpt-09834,voltados,,,9942,,kaikki_no_match
wfpt-06048,voltam,,,6133,,kaikki_no_match
wfpt-08462,voltamos,,,8559,,kaikki_no_match
wfpt-03382,voltando,,,3446,,kaikki_no_match
wfpt-00453,voltar,,,473,,kaikki_no_match
wfpt-04699,voltaram,,,4777,,kaikki_no_match
wfpt-10185,voltaria,,,10294,,kaikki_no_match
wfpt-11449,voltará,,,11566,,kaikki_no_match
wfpt-04364,voltas,,,4440,,kaikki_no_match
wfpt-10518,voltava,,,10629,,kaikki_no_match
wfpt-04203,volte,,,4279,,kaikki_no_match
wfpt-03464,voltei,,,3528,,kaikki_no_match
wfpt-11858,voltem,,,11979,,kaikki_no_match
wfpt-02350,volto,,,2404,,kaikki_no_match
wfpt-01025,voltou,,,1061,,kaikki_no_match
wfpt-01716,volume,noun,,1765,объём,kaikki_pt_ru_enriched
wfpt-09177,volumes,,,9279,,kaikki_no_match
wfpt-09496,voluntária,,,9601,,kaikki_no_match
wfpt-07262,voluntário,,,7354,,kaikki_no_match
wfpt-04791,voluntários,,,4869,,kaikki_no_match
wfpt-11078,vomitar,verb,,11191,рвать,kaikki_pt_ru_enriched
wfpt-08313,von,,,8409,,kaikki_no_match
wfpt-00663,vontade,noun,,692,воля,kaikki_pt_ru_enriched
wfpt-02989,voo,noun,,3051,рейс,kaikki_pt_ru_enriched
wfpt-06402,voos,,,6490,,kaikki_no_match
wfpt-11079,voou,,,11192,,kaikki_no_match
wfpt-04204,vossa,,,4280,,kaikki_no_match
wfpt-09027,vossas,,,9129,,kaikki_no_match
wfpt-05293,vosso,,,5373,,kaikki_no_match
wfpt-08463,vossos,,,8560,,kaikki_no_match
wfpt-08182,votado,,,8278,,kaikki_no_match
wfpt-02291,votar,,,2345,,kaikki_no_match
wfpt-08885,votaram,,,8986,,kaikki_no_match
wfpt-01306,votação,,,1348,,kaikki_no_match
wfpt-08314,vote,,,8410,,kaikki_no_match
wfpt-01371,voto,noun,,1415,голос,kaikki_pt_ru_enriched
wfpt-00943,votos,,,977,,kaikki_no_match
wfpt-05928,votou,,,6013,,kaikki_no_match
wfpt-00074,vou,,,79,,kaikki_no_match
wfpt-08606,vovó,,,8704,,kaikki_no_match
wfpt-00585,voz,noun,,612,голос,kaikki_pt_ru_enriched
wfpt-03587,vozes,,,3652,,kaikki_no_match
wfpt-10875,vulcão,noun,,10987,вулкан,kaikki_pt_ru_enriched
wfpt-11450,vulnerabilidade,,,11567,,kaikki_no_match
wfpt-10701,vulneráveis,,,10813,,kaikki_no_match
wfpt-08183,vulnerável,,,8279,,kaikki_no_match
wfpt-09178,vácuo,noun,,9280,вакуум,kaikki_pt_ru_enriched
wfpt-08607,válida,,,8705,,kaikki_no_match
wfpt-07621,válido,,,7716,,kaikki_no_match
wfpt-11652,válidos,,,11772,,kaikki_no_match
wfpt-00353,várias,,,370,,kaikki_no_match
wfpt-00308,vários,,,325,,kaikki_no_match
wfpt-00241,vão,,,253,,kaikki_no_match
wfpt-07263,véspera,,,7355,,kaikki_no_match
wfpt-11653,véu,,,11773,,kaikki_no_match
wfpt-04700,vêem,,,4778,,kaikki_no_match
wfpt-02070,vêm,,,2124,,kaikki_no_match
wfpt-07145,vício,,,7235,,kaikki_no_match
wfpt-00237,vídeo,,,249,,kaikki_no_match
wfpt-01307,vídeos,,,1349,,kaikki_no_match
wfpt-11080,vínculo,,,11193,,kaikki_no_match
wfpt-02292,vírus,noun,,2346,вирусы,kaikki_pt_ru_enriched
wfpt-01308,vítima,noun,,1350,жертва,kaikki_pt_ru_enriched
wfpt-01750,vítimas,,,1801,,kaikki_no_match
wfpt-05614,vôlei,,,5697,,kaikki_no_match
wfpt-08035,vôo,,,8130,,kaikki_no_match
wfpt-07264,wagner,,,7356,,kaikki_no_match
wfpt-06403,walker,,,6491,,kaikki_no_match
wfpt-11654,walking,,,11774,,kaikki_no_match
wfpt-06735,wall,,,6824,,kaikki_no_match
wfpt-08464,wallace,,,8561,,kaikki_no_match
wfpt-08741,walt,,,8841,,kaikki_no_match
wfpt-03180,walter,,,3242,,kaikki_no_match
wfpt-11081,wang,,,11194,,kaikki_no_match
wfpt-07012,want,,,7102,,kaikki_no_match
wfpt-05186,war,,,5265,,kaikki_no_match
wfpt-10519,ward,,,10630,,kaikki_no_match
wfpt-10186,warren,,,10295,,kaikki_no_match
wfpt-07756,wars,,,7851,,kaikki_no_match
wfpt-07488,was,,,7582,,kaikki_no_match
wfpt-02071,washington,,,2125,,kaikki_no_match
wfpt-08886,watch,,,8987,,kaikki_no_match
wfpt-09675,water,,,9781,,kaikki_no_match
wfpt-08036,watson,,,8131,,kaikki_no_match
wfpt-04886,way,,,4964,,kaikki_no_match
wfpt-07397,wayne,,,7490,,kaikki_no_match
wfpt-01333,web,,,1375,,kaikki_no_match
wfpt-03181,website,,,3243,,kaikki_no_match
wfpt-10187,wellington,,,10296,,kaikki_no_match
wfpt-08608,wesley,,,8706,,kaikki_no_match
wfpt-04887,west,,,4965,,kaikki_no_match
wfpt-11451,western,,,11568,,kaikki_no_match
wfpt-04448,what,,,4525,,kaikki_no_match
wfpt-03747,whatsapp,,,3814,,kaikki_no_match
wfpt-06736,when,,,6825,,kaikki_no_match
wfpt-10520,where,,,10631,,kaikki_no_match
wfpt-04792,white,,,4870,,kaikki_no_match
wfpt-04976,who,,,5055,,kaikki_no_match
wfpt-10702,why,,,10814,,kaikki_no_match
wfpt-11859,wide,,,11980,,kaikki_no_match
wfpt-11082,wifi,,,11195,,kaikki_no_match
wfpt-09676,wikipédia,noun,,9782,википедия,kaikki_pt_ru_enriched
wfpt-02206,will,,,2260,,kaikki_no_match
wfpt-03182,william,,,3244,,kaikki_no_match
wfpt-06639,williams,,,6728,,kaikki_no_match
wfpt-04449,wilson,,,4526,,kaikki_no_match
wfpt-03236,windows,,,3299,,kaikki_no_match
wfpt-01976,with,,,2030,,kaikki_no_match
wfpt-08465,wolf,,,8562,,kaikki_no_match
wfpt-11452,woman,,,11569,,kaikki_no_match
wfpt-10521,women,,,10632,,kaikki_no_match
wfpt-09028,word,,,9130,,kaikki_no_match
wfpt-09029,wordpress,,,9131,,kaikki_no_match
wfpt-06168,work,,,6253,,kaikki_no_match
wfpt-08315,workshop,,,8411,,kaikki_no_match
wfpt-01682,world,,,1731,,kaikki_no_match
wfpt-07013,xadrez,noun,,7103,шахматы,kaikki_pt_ru_enriched
wfpt-10876,xangai,,,10988,,kaikki_no_match
wfpt-06404,xavier,noun,,6492,ксаверий,kaikki_pt_ru_enriched
wfpt-07265,xbox,,,7357,,kaikki_no_match
wfpt-05615,xix,,,5698,,kaikki_no_match
wfpt-11083,xixi,noun,,11196,моча,kaikki_pt_ru_enriched
wfpt-07623,xuxa,,,7718,,kaikki_no_match
wfpt-06737,xvi,,,6826,,kaikki_no_match
wfpt-10877,xviii,,,10989,,kaikki_no_match
wfpt-06738,xxi,,,6827,,kaikki_no_match
wfpt-10001,xícara,,,10110,,kaikki_no_match
wfpt-08184,yang,,,8280,,kaikki_no_match
wfpt-07757,year,,,7852,,kaikki_no_match
wfpt-08742,years,,,8842,,kaikki_no_match
wfpt-01258,york,,,1299,,kaikki_no_match
wfpt-00944,you,,,978,,kaikki_no_match
wfpt-05721,young,,,5804,,kaikki_no_match
wfpt-02859,your,,,2918,,kaikki_no_match
wfpt-01583,youtube,,,1632,,kaikki_no_match
wfpt-08466,yuri,,,8563,,kaikki_no_match
wfpt-06406,zagueiro,,,6494,,kaikki_no_match
wfpt-11453,zeca,,,11570,,kaikki_no_match
wfpt-09835,zelândia,,,9943,,kaikki_no_match
wfpt-01977,zero,,,2031,,kaikki_no_match
wfpt-00945,zona,,,979,,kaikki_no_match
wfpt-03465,zonas,,,3529,,kaikki_no_match
wfpt-10002,zoológico,,,10111,,kaikki_no_match
wfpt-11655,zoom,,,11775,,kaikki_no_match
wfpt-09497,zumbi,,,9602,,kaikki_no_match
wfpt-11256,zumbis,,,11373,,kaikki_no_match
wfpt-09498,àquela,,,9603,,kaikki_no_match
wfpt-10350,àquele,,,10461,,kaikki_no_match
wfpt-09499,àqueles,,,9604,,kaikki_no_match
wfpt-04365,ácido,noun,,4441,кислота,kaikki_pt_ru_enriched
wfpt-01146,áfrica,noun,,1185,африка,kaikki_pt_ru_enriched
wfpt-00242,água,noun,,254,вода,kaikki_pt_ru_enriched
wfpt-02023,águas,,,2077,,kaikki_no_match
wfpt-08743,águia,noun,,8843,орёл,kaikki_pt_ru_enriched
wfpt-01547,álbum,noun,,1595,альбом,kaikki_pt_ru_enriched
wfpt-08037,álbuns,,,8132,,kaikki_no_match
wfpt-03237,álcool,noun,,3300,спирты,kaikki_pt_ru_enriched
wfpt-07266,álvaro,,,7359,,kaikki_no_match
wfpt-03115,árabe,noun,,3177,араб,kaikki_pt_ru_enriched
wfpt-04205,árabes,,,4281,,kaikki_no_match
wfpt-07489,árbitro,,,7583,,kaikki_no_match
wfpt-00278,área,noun,,294,площадь,kaikki_pt_ru_enriched
wfpt-00690,áreas,,,720,,kaikki_no_match
wfpt-02207,árvore,noun,,2261,дерево,kaikki_pt_ru_enriched
wfpt-02072,árvores,,,2126,,kaikki_no_match
wfpt-02448,ásia,noun,,2502,азия,kaikki_pt_ru_enriched
wfpt-02293,áudio,,,2347,,kaikki_no_match
wfpt-08609,áustria,,,8707,,kaikki_no_match
wfpt-11656,ávila,,,11776,,kaikki_no_match
wfpt-02990,âmbito,,,3052,,kaikki_no_match
wfpt-11257,âncora,noun,,11374,якорь,kaikki_pt_ru_enriched
wfpt-06169,ângulo,noun,,6254,угол,kaikki_pt_ru_enriched
wfpt-11860,ângulos,,,11981,,kaikki_no_match
wfpt-11454,ânimo,,,11571,,kaikki_no_match
wfpt-00653,época,noun,,681,эпоха,kaikki_pt_ru_enriched
wfpt-09836,épocas,,,9944,,kaikki_no_match
wfpt-07490,éramos,,,7584,,kaikki_no_match
wfpt-03748,ética,noun,,3815,этика,kaikki_pt_ru_enriched
wfpt-11657,étnicos,,,11777,,kaikki_no_match
wfpt-11084,évora,,,11197,,kaikki_no_match
wfpt-05722,ênfase,,,5805,,kaikki_no_match
wfpt-05723,êxito,,,5806,,kaikki_no_match
wfpt-06170,ícone,,,6255,,kaikki_no_match
wfpt-07491,ídolo,,,7585,,kaikki_no_match
wfpt-09321,ídolos,,,9424,,kaikki_no_match
wfpt-01615,índia,noun,,1664,индия,kaikki_pt_ru_enriched
wfpt-02755,índice,,,2814,,kaikki_no_match
wfpt-06171,índices,,,6256,,kaikki_no_match
wfpt-07624,índio,noun,,7719,индий,kaikki_pt_ru_enriched
wfpt-03466,índios,,,3530,,kaikki_no_match
wfpt-10188,íntegra,,,10297,,kaikki_no_match
wfpt-09179,íntimo,,,9282,,kaikki_no_match
wfpt-07898,íris,noun,,7993,ирис,kaikki_pt_ru_enriched
wfpt-03588,óbvio,,,3653,,kaikki_no_match
wfpt-03467,óculos,noun,,3531,очки,kaikki_pt_ru_enriched
wfpt-01978,ódio,,,2032,,kaikki_no_match
wfpt-02860,óleo,noun,,2919,масло,kaikki_pt_ru_enriched
wfpt-08610,ópera,noun,,8708,опера,kaikki_pt_ru_enriched
wfpt-10352,órbita,,,10463,,kaikki_no_match
wfpt-02603,órgão,noun,,2659,орган,kaikki_pt_ru_enriched
wfpt-02244,órgãos,,,2298,,kaikki_no_match
wfpt-01751,ótima,,,1802,,kaikki_no_match
wfpt-08887,ótimas,,,8988,,kaikki_no_match
wfpt-01372,ótimo,,,1417,,kaikki_no_match
wfpt-07492,ótimos,,,7586,,kaikki_no_match
wfpt-00393,última,,,411,,kaikki_no_match
wfpt-01309,últimas,,,1351,,kaikki_no_match
wfpt-00436,último,,,456,,kaikki_no_match
wfpt-00735,últimos,,,767,,kaikki_no_match
wfpt-00505,única,,,530,,kaikki_no_match
wfpt-05821,únicas,,,5904,,kaikki_no_match
wfpt-00492,único,,,515,,kaikki_no_match
wfpt-04043,únicos,,,4117,,kaikki_no_match
wfpt-06273,úteis,,,6359,,kaikki_no_match
wfpt-08611,útero,,,8709,,kaikki_no_match
wfpt-02495,útil,,,2549,,kaikki_no_match
