external_key,lemma,pos,level,freq_rank,ru_gloss,notes
wfpt-03801,abandonar,verb,,3871,оставить,enriched_qc_pass
wfpt-10189,abelha,noun,,10298,пчела,enriched_qc_pass
wfpt-10004,abismo,noun,,10113,бездна,enriched_qc_pass
wfpt-02756,abordagem,noun,,2815,абордаж,enriched_qc_pass
wfpt-04610,aborto,noun,,4688,аборт,enriched_qc_pass
wfpt-03881,abraço,noun,,3952,объятие,enriched_qc_pass
wfpt-11659,absorção,noun,,11780,абсорбция,enriched_qc_pass
wfpt-09326,abundância,noun,,9430,обилие,enriched_qc_pass
wfpt-01616,academia,noun,,1665,академия,enriched_qc_pass
wfpt-05187,acadêmico,noun,,5267,академик,enriched_qc_pass
wfpt-03883,acampamento,noun,,3954,кемпинг,enriched_qc_pass
wfpt-05295,aceitação,noun,,5375,принятие,enriched_qc_pass
wfpt-09679,acelerar,verb,,9787,торопить,enriched_qc_pass
wfpt-08744,aceleração,noun,,8844,ускорение,enriched_qc_pass
wfpt-01026,achar,verb,,1062,думать,enriched_qc_pass
wfpt-01260,acidente,noun,,1301,авария,enriched_qc_pass
wfpt-11455,acomodar,verb,,11572,вмещать,enriched_qc_pass
wfpt-05725,acompanhamento,noun,,5808,сопровождение,enriched_qc_pass
wfpt-00219,acordo,noun,,231,сделка,enriched_qc_pass
wfpt-06051,acre,noun,,6136,акр,enriched_qc_pass
wfpt-10008,acusar,verb,,10117,обвинять,enriched_qc_pass
wfpt-10527,acústica,noun,,10639,акустика,enriched_qc_pass
wfpt-07147,adaptar,verb,,7238,приспособить,enriched_qc_pass
wfpt-08468,adição,noun,,8565,сложение,enriched_qc_pass
wfpt-01098,administração,noun,,1135,правление,enriched_qc_pass
wfpt-10710,admirar,verb,,10822,восхищаться,enriched_qc_pass
wfpt-02800,adolescente,noun,,2859,подросток,enriched_qc_pass
wfpt-06519,adorar,verb,,6608,обожать,enriched_qc_pass
wfpt-06173,adotar,verb,,6258,принимать,enriched_qc_pass
wfpt-05404,adoção,noun,,5487,усыновле́ние,enriched_qc_pass
wfpt-11663,adrenalina,noun,,11784,адреналин,enriched_qc_pass
wfpt-01334,advogado,noun,,1377,адвокат,enriched_qc_pass
wfpt-11664,adão,noun,,11785,адам,enriched_qc_pass
wfpt-01549,aeroporto,noun,,1597,аэропорт,enriched_qc_pass
wfpt-03884,afastar,verb,,3955,отталкивать,enriched_qc_pass
wfpt-05297,afeganistão,noun,,5377,афганистан,enriched_qc_pass
wfpt-07760,afetar,verb,,7855,воздействовать,enriched_qc_pass
wfpt-05405,afirmação,noun,,5488,утверждение,enriched_qc_pass
wfpt-04290,afonso,noun,,4366,альфонс,enriched_qc_pass
wfpt-06642,agradar,verb,,6731,нравиться,enriched_qc_pass
wfpt-10010,agulha,noun,,10119,игла,enriched_qc_pass
wfpt-00343,ajuda,noun,,360,помощь,enriched_qc_pass
wfpt-00365,ajudar,verb,,383,помочь,enriched_qc_pass
wfpt-06052,ala,noun,,6137,крыло,enriched_qc_pass
wfpt-08614,alarme,noun,,8712,аларм,enriched_qc_pass
wfpt-03469,alberto,noun,,3533,альберт,enriched_qc_pass
wfpt-02553,alcance,noun,,2608,дальность,enriched_qc_pass
wfpt-02160,alcançar,verb,,2214,достичь,enriched_qc_pass
wfpt-02246,aldeia,noun,,2300,деревня,enriched_qc_pass
wfpt-01647,alegria,noun,,1696,радость,enriched_qc_pass
wfpt-01683,alemanha,noun,,1732,германия,enriched_qc_pass
wfpt-02294,alemão,noun,,2348,неме́цкий,enriched_qc_pass
wfpt-11090,alergia,noun,,11204,аллергия,enriched_qc_pass
wfpt-10012,alessandro,noun,,10121,александр,enriched_qc_pass
wfpt-02554,alexandre,noun,,2609,александр,enriched_qc_pass
wfpt-10531,alfabeto,noun,,10643,алфавит,enriched_qc_pass
wfpt-07761,alfredo,noun,,7856,альфред,enriched_qc_pass
wfpt-05509,algodão,noun,,5592,вата,enriched_qc_pass
wfpt-11266,algoritmo,noun,,11383,алгоритм,enriched_qc_pass
wfpt-05084,aliado,noun,,5163,союзник,enriched_qc_pass
wfpt-02604,alimentar,verb,,2660,кормить,enriched_qc_pass
wfpt-05621,alimento,noun,,5704,пища,enriched_qc_pass
wfpt-01166,alma,noun,,1205,душа,enriched_qc_pass
wfpt-01784,almoço,noun,,1835,обед,enriched_qc_pass
wfpt-08045,altar,noun,,8141,алтарь,enriched_qc_pass
wfpt-05510,alterar,verb,,5593,менять,enriched_qc_pass
wfpt-05511,alteração,noun,,5594,изменение,enriched_qc_pass
wfpt-05191,aluguel,noun,,5271,аренда,enriched_qc_pass
wfpt-08747,alumínio,noun,,8847,алюминий,enriched_qc_pass
wfpt-03964,aluno,noun,,4036,ученик,enriched_qc_pass
wfpt-10192,alusão,noun,,10301,упоминание,enriched_qc_pass
wfpt-02295,amar,verb,,2349,любить,enriched_qc_pass
wfpt-09687,ambição,noun,,9795,амбиция,enriched_qc_pass
wfpt-00366,amigo,noun,,384,друг,enriched_qc_pass
wfpt-02161,amizade,noun,,2215,дружба,enriched_qc_pass
wfpt-00260,amor,noun,,274,любовь,enriched_qc_pass
wfpt-00552,américa,noun,,578,америка,enriched_qc_pass
wfpt-03749,analisar,verb,,3816,анализировать,enriched_qc_pass
wfpt-08324,analista,noun,,8420,аналитик,enriched_qc_pass
wfpt-01120,andar,verb,,1159,гулять,enriched_qc_pass
wfpt-02118,andré,noun,,2172,андрей,enriched_qc_pass
wfpt-11464,anfitrião,noun,,11581,хозя́ин,enriched_qc_pass
wfpt-01648,animal,noun,,1697,зверь,enriched_qc_pass
wfpt-11872,anistia,noun,,11994,амнистия,enriched_qc_pass
wfpt-00968,aniversário,noun,,1003,день рождения,enriched_qc_pass
wfpt-02993,anjo,noun,,3055,ангел,enriched_qc_pass
wfpt-00093,ano,noun,,99,год,enriched_qc_pass
wfpt-04048,ansiedade,noun,,4122,тревога,enriched_qc_pass
wfpt-08325,antena,noun,,8421,антенна,enriched_qc_pass
wfpt-10886,antropologia,noun,,10999,антропология,enriched_qc_pass
wfpt-02498,antônio,noun,,2553,антон,enriched_qc_pass
wfpt-01228,análise,noun,,1268,обзор,enriched_qc_pass
wfpt-10536,anão,noun,,10648,карлик,enriched_qc_pass
wfpt-02801,anúncio,noun,,2860,анонс,enriched_qc_pass
wfpt-05827,apanhar,verb,,5911,успеть,enriched_qc_pass
wfpt-01859,apartamento,noun,,1912,квартира,enriched_qc_pass
wfpt-02924,aparência,noun,,2985,вид,enriched_qc_pass
wfpt-06178,apelo,noun,,6263,зов,enriched_qc_pass
wfpt-09692,apetite,noun,,9800,аппетит,enriched_qc_pass
wfpt-07633,apocalipse,noun,,7728,апокали́псис,enriched_qc_pass
wfpt-10021,aprendiz,noun,,10130,ученик,enriched_qc_pass
wfpt-01649,apresentação,noun,,1698,подача,enriched_qc_pass
wfpt-02354,aproveitar,verb,,2408,иметь выгоду,enriched_qc_pass
wfpt-05300,aproximar,verb,,5380,оценивать,enriched_qc_pass
wfpt-04709,aquecimento,noun,,4787,oтопление,enriched_qc_pass
wfpt-05301,aquisição,noun,,5381,приобретение,enriched_qc_pass
wfpt-10199,aquário,noun,,10308,аквариум,enriched_qc_pass
wfpt-04370,aranha,noun,,4446,паук,enriched_qc_pass
wfpt-04211,arco,noun,,4287,лук,enriched_qc_pass
wfpt-03966,are,noun,,4038,ар,enriched_qc_pass
wfpt-02927,areia,noun,,2988,песок,enriched_qc_pass
wfpt-10200,ares,noun,,10309,арес,enriched_qc_pass
wfpt-01229,argentina,noun,,1269,аргентина,enriched_qc_pass
wfpt-03310,argumento,noun,,3373,аргумент,enriched_qc_pass
wfpt-07636,argélia,noun,,7731,алжир,enriched_qc_pass
wfpt-01860,arma,noun,,1913,оружие,enriched_qc_pass
wfpt-09337,armadura,noun,,9441,броня,enriched_qc_pass
wfpt-10201,armamento,noun,,10310,вооружения,enriched_qc_pass
wfpt-06522,armazenamento,noun,,6611,откладывание,enriched_qc_pass
wfpt-09514,arquipélago,noun,,9620,архипелаг,enriched_qc_pass
wfpt-06524,arquiteto,noun,,6613,архитектор,enriched_qc_pass
wfpt-02802,arquitetura,noun,,2861,архитектура,enriched_qc_pass
wfpt-02928,arroz,noun,,2989,рис,enriched_qc_pass
wfpt-00654,arte,noun,,682,искусство,enriched_qc_pass
wfpt-07403,articulação,noun,,7496,сустав,enriched_qc_pass
wfpt-00655,artigo,noun,,683,артикль,enriched_qc_pass
wfpt-11468,artilheiro,noun,,11585,артиллерист,enriched_qc_pass
wfpt-01408,artista,noun,,1455,артист,enriched_qc_pass
wfpt-07014,asa,noun,,7104,крыло,enriched_qc_pass
wfpt-11276,asfalto,noun,,11393,асфальт,enriched_qc_pass
wfpt-04536,assassino,noun,,4613,убийца,enriched_qc_pass
wfpt-03888,assinar,verb,,3959,подписаться,enriched_qc_pass
wfpt-04984,atacado,noun,,5063,опт,enriched_qc_pass
wfpt-06179,atirar,verb,,6264,стрелять,enriched_qc_pass
wfpt-01904,atitude,noun,,1957,установка,enriched_qc_pass
wfpt-10203,ativar,verb,,10312,активизировать,enriched_qc_pass
wfpt-01411,atividade,noun,,1458,активность,enriched_qc_pass
wfpt-08329,ativista,noun,,8425,активист,enriched_qc_pass
wfpt-04129,atmosfera,noun,,4204,атмосфера,enriched_qc_pass
wfpt-02501,ator,noun,,2556,актёр,enriched_qc_pass
wfpt-04801,atração,noun,,4879,достопримечательность,enriched_qc_pass
wfpt-02452,atriz,noun,,2506,актриса,enriched_qc_pass
wfpt-06647,atualidade,noun,,6736,актуальность,enriched_qc_pass
wfpt-08196,auditoria,noun,,8292,аудит,enriched_qc_pass
wfpt-09517,aurélio,noun,,9623,аврелий,enriched_qc_pass
wfpt-02704,austrália,noun,,2763,австралия,enriched_qc_pass
wfpt-02299,ausência,noun,,2353,отсутствие,enriched_qc_pass
wfpt-06894,automóvel,noun,,6984,машина,enriched_qc_pass
wfpt-03969,autonomia,noun,,4041,автономия,enriched_qc_pass
wfpt-01650,autoridade,noun,,1699,авторитет,enriched_qc_pass
wfpt-04215,avançar,verb,,4291,продолжать,enriched_qc_pass
wfpt-03059,aventura,noun,,3121,приключение,enriched_qc_pass
wfpt-08904,aviação,noun,,9005,авиация,enriched_qc_pass
wfpt-02300,aviso,noun,,2354,предупреждение,enriched_qc_pass
wfpt-02208,avião,noun,,2262,самолёт,enriched_qc_pass
wfpt-03186,avó,noun,,3249,бабушка,enriched_qc_pass
wfpt-03891,avô,noun,,3962,дед,enriched_qc_pass
wfpt-06751,azar,noun,,6840,невезение,enriched_qc_pass
wfpt-11689,azeite,noun,,11810,оливковое масло,enriched_qc_pass
wfpt-09850,azerbaijão,noun,,9959,азербайджан,enriched_qc_pass
wfpt-04134,aço,noun,,4209,сталь,enriched_qc_pass
wfpt-00567,ação,noun,,594,акция,enriched_qc_pass
wfpt-02502,açúcar,noun,,2557,сахар,enriched_qc_pass
wfpt-08197,bagagem,noun,,8293,багаж,enriched_qc_pass
wfpt-05742,bagunça,noun,,5825,беспорядок,enriched_qc_pass
wfpt-03598,baile,noun,,3664,танец,enriched_qc_pass
wfpt-00849,bairro,noun,,883,квартал,enriched_qc_pass
wfpt-08905,balança,noun,,9006,весы,enriched_qc_pass
wfpt-06897,balanço,noun,,6987,баланс,enriched_qc_pass
wfpt-08335,balde,noun,,8431,ведро,enriched_qc_pass
wfpt-08906,baleia,noun,,9007,кит,enriched_qc_pass
wfpt-05743,banana,noun,,5826,банан,enriched_qc_pass
wfpt-09344,banca,noun,,9448,лоток,enriched_qc_pass
wfpt-00787,banco,noun,,821,банк,enriched_qc_pass
wfpt-02074,bandeira,noun,,2128,флаг,enriched_qc_pass
wfpt-11880,bangladesh,noun,,12002,бангладеш,enriched_qc_pass
wfpt-09192,banheira,noun,,9295,ванна,enriched_qc_pass
wfpt-05090,barata,noun,,5169,таракан,enriched_qc_pass
wfpt-05304,barba,noun,,5384,борода,enriched_qc_pass
wfpt-03679,barco,noun,,3745,лодка,enriched_qc_pass
wfpt-03599,barriga,noun,,3665,брюхо,enriched_qc_pass
wfpt-08337,barão,noun,,8433,барон,enriched_qc_pass
wfpt-05627,basquete,noun,,5710,баскетбол,enriched_qc_pass
wfpt-01339,batalha,noun,,1382,бой,enriched_qc_pass
wfpt-05093,batalhão,noun,,5172,батальон,enriched_qc_pass
wfpt-05414,batata,noun,,5497,картошка,enriched_qc_pass
wfpt-01906,bateria,noun,,1959,батарея,enriched_qc_pass
wfpt-08058,batom,noun,,8154,помада,enriched_qc_pass
wfpt-07406,baía,noun,,7499,залив,enriched_qc_pass
wfpt-01474,beber,verb,,1521,выпить,enriched_qc_pass
wfpt-03062,bebida,noun,,3124,напитки,enriched_qc_pass
wfpt-05519,beijar,verb,,5602,целовать,enriched_qc_pass
wfpt-02410,beijo,noun,,2464,поцелуй,enriched_qc_pass
wfpt-11281,beisebol,noun,,11398,бейсбол,enriched_qc_pass
wfpt-01054,beleza,noun,,1091,красота,enriched_qc_pass
wfpt-04711,belém,noun,,4789,вифлеем,enriched_qc_pass
wfpt-00049,bem,noun,,54,благо,enriched_qc_pass
wfpt-10904,bengala,noun,,11017,трость,enriched_qc_pass
wfpt-04299,bento,noun,,4375,венедикт,enriched_qc_pass
wfpt-04300,bernardo,noun,,4376,бернард,enriched_qc_pass
wfpt-02252,biblioteca,noun,,2306,библиотека,enriched_qc_pass
wfpt-03312,bicicleta,noun,,3375,велосипед,enriched_qc_pass
wfpt-05830,bico,noun,,5914,клюв,enriched_qc_pass
wfpt-11102,bigode,noun,,11217,усы,enriched_qc_pass
wfpt-05832,biodiversidade,noun,,5916,биоразнообразие,enriched_qc_pass
wfpt-04454,biologia,noun,,4531,биология,enriched_qc_pass
wfpt-10031,biscoito,noun,,10140,бисквит,enriched_qc_pass
wfpt-11694,bit,noun,,11815,бит,enriched_qc_pass
wfpt-09345,boate,noun,,9450,дискотека,enriched_qc_pass
wfpt-10032,bobagem,noun,,10141,вздор,enriched_qc_pass
wfpt-00704,boca,noun,,735,рот,enriched_qc_pass
wfpt-06184,bocado,noun,,6269,кусок,enriched_qc_pass
wfpt-06185,boi,noun,,6270,вол,enriched_qc_pass
wfpt-01196,bola,noun,,1235,мяч,enriched_qc_pass
wfpt-02505,bolo,noun,,2560,торт,enriched_qc_pass
wfpt-02075,bolsa,noun,,2129,стипендия,enriched_qc_pass
wfpt-03601,bolso,noun,,3667,карман,enriched_qc_pass
wfpt-04625,bolívia,noun,,4703,боливия,enriched_qc_pass
wfpt-02302,bomba,noun,,2356,бомба,enriched_qc_pass
wfpt-07409,boneca,noun,,7502,кукла,enriched_qc_pass
wfpt-08483,borboleta,noun,,8580,бабочка,enriched_qc_pass
wfpt-03392,bordo,noun,,3456,клён,enriched_qc_pass
wfpt-05631,borracha,noun,,5714,резина,enriched_qc_pass
wfpt-04217,botão,noun,,4293,бутон,enriched_qc_pass
wfpt-02076,braço,noun,,2130,рука,enriched_qc_pass
wfpt-07511,brigada,noun,,7605,бригада,enriched_qc_pass
wfpt-09856,brilhar,verb,,9965,сиять,enriched_qc_pass
wfpt-08204,brinca,noun,,8300,шутка,enriched_qc_pass
wfpt-02454,brincadeira,noun,,2508,шутка,enriched_qc_pass
wfpt-06419,brinquedo,noun,,6507,игрушка,enriched_qc_pass
wfpt-10211,brisa,noun,,10320,бриз,enriched_qc_pass
wfpt-03815,britânico,noun,,3885,британец,enriched_qc_pass
wfpt-02077,bruno,noun,,2131,бруно,enriched_qc_pass
wfpt-05834,bruto,noun,,5918,зверь,enriched_qc_pass
wfpt-07514,buceta,noun,,7608,пизда,enriched_qc_pass
wfpt-07515,bulgária,noun,,7609,болгария,enriched_qc_pass
wfpt-03602,bunda,noun,,3668,жопа,enriched_qc_pass
wfpt-04374,buraco,noun,,4450,дыра,enriched_qc_pass
wfpt-09199,burocracia,noun,,9302,бюрократия,enriched_qc_pass
wfpt-07164,bélgica,noun,,7255,бельгия,enriched_qc_pass
wfpt-02803,bíblia,noun,,2862,библия,enriched_qc_pass
wfpt-00896,cabelo,noun,,930,волосы,enriched_qc_pass
wfpt-00344,cabeça,noun,,361,голова,enriched_qc_pass
wfpt-11107,cabra,noun,,11222,коза,enriched_qc_pass
wfpt-08628,cachoeira,noun,,8726,водопад,enriched_qc_pass
wfpt-02254,cachorro,noun,,2308,собака,enriched_qc_pass
wfpt-01787,cadeia,noun,,1838,цепь,enriched_qc_pass
wfpt-02761,cadeira,noun,,2820,стул,enriched_qc_pass
wfpt-06651,caderno,noun,,6740,тетрадь,enriched_qc_pass
wfpt-11477,cadáver,noun,,11594,труп,enriched_qc_pass
wfpt-00897,café,noun,,931,кофе,enriched_qc_pass
wfpt-01169,caixa,noun,,1208,ящик,enriched_qc_pass
wfpt-10371,caixão,noun,,10482,гроб,enriched_qc_pass
wfpt-04456,calar,verb,,4533,молчать,enriched_qc_pass
wfpt-10552,calcular,verb,,10664,считать,enriched_qc_pass
wfpt-03247,calendário,noun,,3310,календарь,enriched_qc_pass
wfpt-09347,calibre,noun,,9452,калибр,enriched_qc_pass
wfpt-01552,calma,noun,,1600,штиль,enriched_qc_pass
wfpt-01788,calor,noun,,1839,жара,enriched_qc_pass
wfpt-05419,calça,noun,,5502,брюки,enriched_qc_pass
wfpt-00948,cama,noun,,982,кровать,enriched_qc_pass
wfpt-04804,camada,noun,,4882,слой,enriched_qc_pass
wfpt-08911,camarão,noun,,9012,креветка,enriched_qc_pass
wfpt-08206,camarões,noun,,8302,камерун,enriched_qc_pass
wfpt-00523,caminho,noun,,549,путь,enriched_qc_pass
wfpt-04053,caminhão,noun,,4127,грузовик,enriched_qc_pass
wfpt-02078,camisa,noun,,2132,рубашка,enriched_qc_pass
wfpt-06902,camiseta,noun,,6992,майка,enriched_qc_pass
wfpt-01585,campeão,noun,,1634,чемпион,enriched_qc_pass
wfpt-00468,campo,noun,,488,поле,enriched_qc_pass
wfpt-02609,canadá,noun,,2665,канада,enriched_qc_pass
wfpt-00705,canal,noun,,736,канал,enriched_qc_pass
wfpt-05308,cancelar,verb,,5388,нарушать,enriched_qc_pass
wfpt-03975,candidatura,noun,,4048,кандидату́ра,enriched_qc_pass
wfpt-06297,caneta,noun,,6384,ручка,enriched_qc_pass
wfpt-11479,canhão,noun,,11596,пушка,enriched_qc_pass
wfpt-02167,cantar,verb,,2221,петь,enriched_qc_pass
wfpt-02303,cantor,noun,,2357,певец,enriched_qc_pass
wfpt-02304,canção,noun,,2358,песнь,enriched_qc_pass
wfpt-04054,caos,noun,,4128,беспорядок,enriched_qc_pass
wfpt-10735,capacete,noun,,10847,каска,enriched_qc_pass
wfpt-07277,capela,noun,,7370,капелла,enriched_qc_pass
wfpt-00553,capital,noun,,579,капитал,enriched_qc_pass
wfpt-06298,capitalismo,noun,,6385,капитализм,enriched_qc_pass
wfpt-09047,capitalista,noun,,9149,капиталист,enriched_qc_pass
wfpt-02932,capítulo,noun,,2993,глава,enriched_qc_pass
wfpt-10373,caravana,noun,,10484,караван,enriched_qc_pass
wfpt-04459,carbono,noun,,4536,углерод,enriched_qc_pass
wfpt-09860,cardeal,noun,,9969,кардинал,enriched_qc_pass
wfpt-02255,carga,noun,,2309,груз,enriched_qc_pass
wfpt-04218,caridade,noun,,4294,любовь,enriched_qc_pass
wfpt-00706,carlos,noun,,737,карл,enriched_qc_pass
wfpt-01311,carnaval,noun,,1353,карнавал,enriched_qc_pass
wfpt-01651,carne,noun,,1700,мясо,enriched_qc_pass
wfpt-07022,carneiro,noun,,7112,баран,enriched_qc_pass
wfpt-04627,carolina,noun,,4705,каролина,enriched_qc_pass
wfpt-03316,carregar,verb,,3379,грузить,enriched_qc_pass
wfpt-03395,carteira,noun,,3459,бумажник,enriched_qc_pass
wfpt-02561,carvalho,noun,,2616,дуб,enriched_qc_pass
wfpt-00085,casa,noun,,91,дом,enriched_qc_pass
wfpt-00766,casamento,noun,,800,свадьба,enriched_qc_pass
wfpt-02763,castelo,noun,,2822,замок,enriched_qc_pass
wfpt-01286,categoria,noun,,1328,категория,enriched_qc_pass
wfpt-07779,catálogo,noun,,7874,каталог,enriched_qc_pass
wfpt-10034,cauda,noun,,10143,хвост,enriched_qc_pass
wfpt-10216,cavalaria,noun,,10325,кавалерия,enriched_qc_pass
wfpt-05835,cavaleiro,noun,,5919,рыцарь,enriched_qc_pass
wfpt-02933,cavalo,noun,,2994,конь,enriched_qc_pass
wfpt-07646,caverna,noun,,7741,пещера,enriched_qc_pass
wfpt-02764,caça,noun,,2823,охота,enriched_qc_pass
wfpt-08344,caçador,noun,,8440,охотник,enriched_qc_pass
wfpt-07025,caçar,verb,,7115,охотиться,enriched_qc_pass
wfpt-10035,cebola,noun,,10144,лук,enriched_qc_pass
wfpt-04901,cemitério,noun,,4980,кладбище,enriched_qc_pass
wfpt-01102,cena,noun,,1139,сцена,enriched_qc_pass
wfpt-11704,cenoura,noun,,11825,морковь,enriched_qc_pass
wfpt-05747,censo,noun,,5830,перепись,enriched_qc_pass
wfpt-06300,censura,noun,,6387,цензура,enriched_qc_pass
wfpt-10036,cera,noun,,10145,воск,enriched_qc_pass
wfpt-06424,cerco,noun,,6512,осада,enriched_qc_pass
wfpt-00478,certeza,noun,,500,надёжность,enriched_qc_pass
wfpt-06065,certificado,noun,,6150,грамота,enriched_qc_pass
wfpt-09529,certificação,noun,,9635,сертификация,enriched_qc_pass
wfpt-02171,cerveja,noun,,2225,пиво,enriched_qc_pass
wfpt-09350,cerâmica,noun,,9455,керамика,enriched_qc_pass
wfpt-08630,cessar,verb,,8729,прекращать,enriched_qc_pass
wfpt-08916,cesta,noun,,9017,корзина,enriched_qc_pass
wfpt-00748,chama,noun,,781,пламя,enriched_qc_pass
wfpt-01231,chance,noun,,1271,шанс,enriched_qc_pass
wfpt-09204,chanceler,noun,,9307,канцлер,enriched_qc_pass
wfpt-06425,chapéu,noun,,6513,шляпа,enriched_qc_pass
wfpt-06906,chat,noun,,6996,чат,enriched_qc_pass
wfpt-01287,chave,noun,,1329,ключ,enriched_qc_pass
wfpt-01791,chegada,noun,,1842,финиш,enriched_qc_pass
wfpt-02029,cheiro,noun,,2083,запах,enriched_qc_pass
wfpt-10040,cheque,noun,,10149,чек,enriched_qc_pass
wfpt-02414,chile,noun,,2468,чили,enriched_qc_pass
wfpt-00970,china,noun,,1005,китайская народная республика,enriched_qc_pass
wfpt-10558,chipre,noun,,10670,кипр,enriched_qc_pass
wfpt-02507,chocolate,noun,,2562,шоколад,enriched_qc_pass
wfpt-07785,chumbo,noun,,7880,свинец,enriched_qc_pass
wfpt-11485,chupar,verb,,11602,сосать,enriched_qc_pass
wfpt-01516,chuva,noun,,1563,дождь,enriched_qc_pass
wfpt-07923,chuveiro,noun,,8018,душ,enriched_qc_pass
wfpt-02655,chá,noun,,2711,чай,enriched_qc_pass
wfpt-02611,ciclo,noun,,2667,цикл,enriched_qc_pass
wfpt-09208,ciclone,noun,,9311,циклон,enriched_qc_pass
wfpt-00116,cidade,noun,,124,город,enriched_qc_pass
wfpt-04544,cigarro,noun,,4621,сигарета,enriched_qc_pass
wfpt-10041,cimento,noun,,10150,цемент,enriched_qc_pass
wfpt-01074,cinema,noun,,1111,кино,enriched_qc_pass
wfpt-05312,cinza,noun,,5392,пепел,enriched_qc_pass
wfpt-05634,circo,noun,,5717,цирк,enriched_qc_pass
wfpt-10379,ciro,noun,,10490,кир,enriched_qc_pass
wfpt-02612,cirurgia,noun,,2668,хирургия,enriched_qc_pass
wfpt-09052,cirurgião,noun,,9154,хирург,enriched_qc_pass
wfpt-07787,citação,noun,,7882,цитата,enriched_qc_pass
wfpt-01232,ciência,noun,,1272,наука,enriched_qc_pass
wfpt-01075,classe,noun,,1112,класс,enriched_qc_pass
wfpt-02356,classificação,noun,,2410,классифицирование,enriched_qc_pass
wfpt-02030,cliente,noun,,2084,клиент,enriched_qc_pass
wfpt-01478,clima,noun,,1525,климат,enriched_qc_pass
wfpt-04545,clipe,noun,,4622,скрепка,enriched_qc_pass
wfpt-00812,clube,noun,,846,клуб,enriched_qc_pass
wfpt-08491,clã,noun,,8588,клан,enriched_qc_pass
wfpt-11116,coalizão,noun,,11231,коалиция,enriched_qc_pass
wfpt-11117,cobertor,noun,,11232,одеяло,enriched_qc_pass
wfpt-04060,cobra,noun,,4134,кобра,enriched_qc_pass
wfpt-03818,cobre,noun,,3888,медь,enriched_qc_pass
wfpt-06427,cocaína,noun,,6515,кокаин,enriched_qc_pass
wfpt-03251,coelho,noun,,3314,кролик,enriched_qc_pass
wfpt-04904,coincidência,noun,,4983,совпадение,enriched_qc_pass
wfpt-05839,colapso,noun,,5923,глубокая депрессия,enriched_qc_pass
wfpt-04905,colar,verb,,4984,клей,enriched_qc_pass
wfpt-11711,colchão,noun,,11832,матрац,enriched_qc_pass
wfpt-02031,coleção,noun,,2085,собрание,enriched_qc_pass
wfpt-06428,colher,noun,,6516,ложка,enriched_qc_pass
wfpt-09867,colisão,noun,,9976,столкновение,enriched_qc_pass
wfpt-02656,colômbia,noun,,2713,колумбия,enriched_qc_pass
wfpt-05528,colônia,noun,,5611,колония,enriched_qc_pass
wfpt-05841,coma,noun,,5925,кома,enriched_qc_pass
wfpt-06190,comboio,noun,,6275,поезд,enriched_qc_pass
wfpt-10747,comediante,noun,,10859,ко́мик,enriched_qc_pass
wfpt-01824,comentário,noun,,1876,замечание,enriched_qc_pass
wfpt-00721,comer,verb,,753,есть,enriched_qc_pass
wfpt-01312,comercial,noun,,1354,реклама,enriched_qc_pass
wfpt-00479,começar,verb,,501,начать,enriched_qc_pass
wfpt-09053,comissário,noun,,9155,стюард,enriched_qc_pass
wfpt-09212,compaixão,noun,,9315,сочувствие,enriched_qc_pass
wfpt-00875,companhia,noun,,909,діло,enriched_qc_pass
wfpt-06303,comparar,verb,,6390,сравнивать,enriched_qc_pass
wfpt-06429,complexidade,noun,,6517,сложность,enriched_qc_pass
wfpt-06069,compositor,noun,,6154,композитор,enriched_qc_pass
wfpt-00614,comprar,verb,,642,покупать,enriched_qc_pass
wfpt-04461,comprimento,noun,,4538,длина,enriched_qc_pass
wfpt-09055,comprometer,verb,,9157,нанимать,enriched_qc_pass
wfpt-01288,computador,noun,,1330,компьютер,enriched_qc_pass
wfpt-00707,comunicação,noun,,738,общение,enriched_qc_pass
wfpt-09713,comunismo,noun,,9821,коммунизм,enriched_qc_pass
wfpt-03318,comunista,noun,,3381,коммунист,enriched_qc_pass
wfpt-04908,comédia,noun,,4987,комедия,enriched_qc_pass
wfpt-01342,comércio,noun,,1385,торговля,enriched_qc_pass
wfpt-01480,conceito,noun,,1527,концепт,enriched_qc_pass
wfpt-02936,concentração,noun,,2997,напряжение,enriched_qc_pass
wfpt-05424,concreto,noun,,5507,бетон,enriched_qc_pass
wfpt-01825,concurso,noun,,1877,конкурс,enriched_qc_pass
wfpt-06071,conde,noun,,6156,граф,enriched_qc_pass
wfpt-03128,condenado,noun,,3190,заключённый,enriched_qc_pass
wfpt-02079,conflito,noun,,2133,конфликт,enriched_qc_pass
wfpt-00679,conhecer,verb,,709,знать,enriched_qc_pass
wfpt-01008,conjunto,noun,,1044,множество,enriched_qc_pass
wfpt-01621,consciência,noun,,1670,сознание,enriched_qc_pass
wfpt-05639,conspiração,noun,,5722,конспирация,enriched_qc_pass
wfpt-01313,constituição,noun,,1355,конституция,enriched_qc_pass
wfpt-00587,construção,noun,,614,устроение,enriched_qc_pass
wfpt-06658,consulado,noun,,6747,ко́нсульство,enriched_qc_pass
wfpt-02080,consumo,noun,,2134,потребление,enriched_qc_pass
wfpt-00709,contar,verb,,740,читать,enriched_qc_pass
wfpt-01588,contexto,noun,,1637,контекст,enriched_qc_pass
wfpt-00789,conteúdo,noun,,823,содержание,enriched_qc_pass
wfpt-03190,continente,noun,,3253,континент,enriched_qc_pass
wfpt-02312,conto,noun,,2366,рассказ,enriched_qc_pass
wfpt-06308,contraste,noun,,6395,контраст,enriched_qc_pass
wfpt-01314,contrato,noun,,1356,договор,enriched_qc_pass
wfpt-03542,contribuição,noun,,3607,вклад,enriched_qc_pass
wfpt-03255,convenção,noun,,3318,соглашение,enriched_qc_pass
wfpt-00971,conversa,noun,,1006,разговор,enriched_qc_pass
wfpt-02875,convidado,noun,,2935,гость,enriched_qc_pass
wfpt-03132,cooperação,noun,,3194,сотрудничество,enriched_qc_pass
wfpt-03133,copo,noun,,3195,стакан,enriched_qc_pass
wfpt-01029,cor,noun,,1065,цвет,enriched_qc_pass
wfpt-01555,coragem,noun,,1603,доблесть,enriched_qc_pass
wfpt-06195,coral,noun,,6280,коралл,enriched_qc_pass
wfpt-05099,corda,noun,,5178,хорда,enriched_qc_pass
wfpt-07173,coro,noun,,7264,хор,enriched_qc_pass
wfpt-02939,coroa,noun,,3000,венец,enriched_qc_pass
wfpt-02214,coronel,noun,,2268,полковник,enriched_qc_pass
wfpt-00346,corpo,noun,,363,тело,enriched_qc_pass
wfpt-03607,correio,noun,,3673,почта,enriched_qc_pass
wfpt-02259,corrente,noun,,2313,цепь,enriched_qc_pass
wfpt-01556,correr,verb,,1604,бегать,enriched_qc_pass
wfpt-09364,cortina,noun,,9469,штора,enriched_qc_pass
wfpt-00851,costa,noun,,885,побережье,enriched_qc_pass
wfpt-01690,costas,noun,,1739,спина,enriched_qc_pass
wfpt-01691,cozinha,noun,,1740,кухня,enriched_qc_pass
wfpt-05100,cozinhar,verb,,5179,готовить,enriched_qc_pass
wfpt-05961,creme,noun,,6046,крем,enriched_qc_pass
wfpt-01912,crescer,verb,,1965,расти,enriched_qc_pass
wfpt-00570,criança,noun,,597,ребёнок,enriched_qc_pass
wfpt-05320,criatura,noun,,5400,существо,enriched_qc_pass
wfpt-00852,crime,noun,,886,преступление,enriched_qc_pass
wfpt-01123,crise,noun,,1162,кризис,enriched_qc_pass
wfpt-06438,cristal,noun,,6526,стекло,enriched_qc_pass
wfpt-08498,cristianismo,noun,,8595,христианство,enriched_qc_pass
wfpt-10758,cristóvão,noun,,10870,христофор,enriched_qc_pass
wfpt-05428,criticar,verb,,5511,критиковать,enriched_qc_pass
wfpt-08775,croácia,noun,,8875,хорватия,enriched_qc_pass
wfpt-01558,cruz,noun,,1606,крест,enriched_qc_pass
wfpt-02810,cruzeiro,noun,,2869,круиз,enriched_qc_pass
wfpt-10398,crânio,noun,,10509,череп,enriched_qc_pass
wfpt-03002,crítico,noun,,3064,критик,enriched_qc_pass
wfpt-09067,crônicas,noun,,9169,ле́тописи,enriched_qc_pass
wfpt-03485,cuba,noun,,3549,куба,enriched_qc_pass
wfpt-05535,culinária,noun,,5618,кулинария,enriched_qc_pass
wfpt-01030,culpa,noun,,1066,изъян,enriched_qc_pass
wfpt-08356,culpar,verb,,8452,обвинить,enriched_qc_pass
wfpt-11908,cunhada,noun,,12030,золовка,enriched_qc_pass
wfpt-02712,cura,noun,,2771,лечение,enriched_qc_pass
wfpt-06439,curar,verb,,6527,лечить,enriched_qc_pass
wfpt-00813,curso,noun,,847,курс,enriched_qc_pass
wfpt-05431,curtir,verb,,5514,дубить,enriched_qc_pass
wfpt-05849,curva,noun,,5933,кривая,enriched_qc_pass
wfpt-08221,custódia,noun,,8317,попечение,enriched_qc_pass
wfpt-11130,cápsula,noun,,11245,капсула,enriched_qc_pass
wfpt-02127,câmera,noun,,2181,камера,enriched_qc_pass
wfpt-01559,câncer,noun,,1607,рак,enriched_qc_pass
wfpt-03003,cão,noun,,3065,пёс,enriched_qc_pass
wfpt-07935,célula,noun,,8030,клетка,enriched_qc_pass
wfpt-02417,cérebro,noun,,2471,головной мозг,enriched_qc_pass
wfpt-04142,césar,noun,,4218,цезарь,enriched_qc_pass
wfpt-01124,céu,noun,,1163,небо,enriched_qc_pass
wfpt-03545,círculo,noun,,3610,круг,enriched_qc_pass
wfpt-10932,córrego,noun,,11045,ручей,enriched_qc_pass
wfpt-06544,cúpula,noun,,6633,купол,enriched_qc_pass
wfpt-01031,dado,noun,,1067,кость,enriched_qc_pass
wfpt-04384,dama,noun,,4460,дама,enriched_qc_pass
wfpt-10231,damas,noun,,10340,шашки,enriched_qc_pass
wfpt-11131,damasco,noun,,11246,дамаск,enriched_qc_pass
wfpt-01482,daniel,noun,,1529,даниил,enriched_qc_pass
wfpt-01415,dança,noun,,1462,танец,enriched_qc_pass
wfpt-00768,data,noun,,802,дата,enriched_qc_pass
wfpt-05103,davi,noun,,5182,давид,enriched_qc_pass
wfpt-02216,debate,noun,,2270,дебаты,enriched_qc_pass
wfpt-00641,decisão,noun,,669,решение,enriched_qc_pass
wfpt-01987,decreto,noun,,2041,декрет,enriched_qc_pass
wfpt-07424,dedicação,noun,,7517,преданность,enriched_qc_pass
wfpt-02713,dedo,noun,,2772,палец,enriched_qc_pass
wfpt-05002,defensor,noun,,5081,защитник,enriched_qc_pass
wfpt-00693,defesa,noun,,723,защита,enriched_qc_pass
wfpt-02362,definição,noun,,2416,определение,enriched_qc_pass
wfpt-01657,del,noun,,1706,набла,enriched_qc_pass
wfpt-03982,delegacia,noun,,4055,отделение милиции,enriched_qc_pass
wfpt-07044,delta,noun,,7134,дельта,enriched_qc_pass
wfpt-03192,demanda,noun,,3255,спрос,enriched_qc_pass
wfpt-02130,democracia,noun,,2184,демократия,enriched_qc_pass
wfpt-11314,demolição,noun,,11431,снос,enriched_qc_pass
wfpt-05757,demônio,noun,,5840,демон,enriched_qc_pass
wfpt-08506,densidade,noun,,8603,плотность,enriched_qc_pass
wfpt-05324,dente,noun,,5404,зуб,enriched_qc_pass
wfpt-07293,dentista,noun,,7386,дантист,enriched_qc_pass
wfpt-02812,depressão,noun,,2871,депрессия,enriched_qc_pass
wfpt-01149,deputado,noun,,1188,депутат,enriched_qc_pass
wfpt-02771,derrota,noun,,2830,поражение,enriched_qc_pass
wfpt-06201,desaparecer,verb,,6286,исчезать,enriched_qc_pass
wfpt-10580,descendente,noun,,10692,потомок,enriched_qc_pass
wfpt-02315,descrição,noun,,2369,описание,enriched_qc_pass
wfpt-03822,desejar,verb,,3892,желать,enriched_qc_pass
wfpt-01827,desenho,noun,,1879,рисунок,enriched_qc_pass
wfpt-03907,deserto,noun,,3978,пустыня,enriched_qc_pass
wfpt-06316,designer,noun,,6404,дизайнер,enriched_qc_pass
wfpt-07527,deslocamento,noun,,7622,перемещение,enriched_qc_pass
wfpt-06319,despedida,noun,,6407,прощание,enriched_qc_pass
wfpt-06203,despertar,verb,,6288,будить,enriched_qc_pass
wfpt-01237,destino,noun,,1277,судьба,enriched_qc_pass
wfpt-02813,destruição,noun,,2872,разрушение,enriched_qc_pass
wfpt-07295,desvio,noun,,7388,отклонение,enriched_qc_pass
wfpt-03006,dever,noun,,3068,долг,enriched_qc_pass
wfpt-00526,dezembro,noun,,552,декабрь,enriched_qc_pass
wfpt-00046,dia,noun,,51,день,enriched_qc_pass
wfpt-11320,diabetes,noun,,11437,диабет,enriched_qc_pass
wfpt-03824,diabo,noun,,3894,дьявол,enriched_qc_pass
wfpt-07049,diamante,noun,,7139,aлмаз,enriched_qc_pass
wfpt-05967,dicionário,noun,,6052,словарь,enriched_qc_pass
wfpt-11321,diferenciar,verb,,11438,отличать,enriched_qc_pass
wfpt-02714,dificuldade,noun,,2773,трудность,enriched_qc_pass
wfpt-04144,dignidade,noun,,4220,достоинство,enriched_qc_pass
wfpt-10584,dilema,noun,,10696,дилемма,enriched_qc_pass
wfpt-07945,dinamarca,noun,,8040,дания,enriched_qc_pass
wfpt-00254,dinheiro,noun,,267,деньги,enriched_qc_pass
wfpt-11917,diplomata,noun,,12039,дипломат,enriched_qc_pass
wfpt-00854,diretor,noun,,888,директор,enriched_qc_pass
wfpt-11322,diretório,noun,,11439,директория,enriched_qc_pass
wfpt-00920,direção,noun,,954,направление,enriched_qc_pass
wfpt-01917,discussão,noun,,1970,обсуждение,enriched_qc_pass
wfpt-03072,disposição,noun,,3134,расстановка,enriched_qc_pass
wfpt-09076,distinguir,verb,,9178,дифференцировать,enriched_qc_pass
wfpt-06084,distinção,noun,,6169,разбор,enriched_qc_pass
wfpt-01658,distribuição,noun,,1707,pаспределение,enriched_qc_pass
wfpt-01290,distância,noun,,1332,расстояние,enriched_qc_pass
wfpt-09560,ditador,noun,,9666,диктатор,enriched_qc_pass
wfpt-03073,ditadura,noun,,3135,диктатура,enriched_qc_pass
wfpt-03323,diversidade,noun,,3386,разнообразие,enriched_qc_pass
wfpt-03613,dividir,verb,,3679,делить,enriched_qc_pass
wfpt-05760,divórcio,noun,,5843,развод,enriched_qc_pass
wfpt-03324,diálogo,noun,,3387,диалог,enriched_qc_pass
wfpt-09077,diâmetro,noun,,9179,диаметр,enriched_qc_pass
wfpt-03910,dna,noun,,3981,днк,enriched_qc_pass
wfpt-01239,doença,noun,,1279,болезнь,enriched_qc_pass
wfpt-08367,doer,verb,,8463,болеть,enriched_qc_pass
wfpt-00855,domingo,noun,,889,воскресенье,enriched_qc_pass
wfpt-02421,dona,noun,,2475,женщина,enriched_qc_pass
wfpt-00900,dor,noun,,934,боль,enriched_qc_pass
wfpt-00878,dormir,verb,,912,спать,enriched_qc_pass
wfpt-04148,dose,noun,,4224,доза,enriched_qc_pass
wfpt-02573,doutor,noun,,2628,доктор,enriched_qc_pass
wfpt-04820,doutrina,noun,,4898,доктрина,enriched_qc_pass
wfpt-04557,dragão,noun,,4634,змей,enriched_qc_pass
wfpt-02662,drama,noun,,2719,драма,enriched_qc_pass
wfpt-07055,duque,noun,,7145,герцог,enriched_qc_pass
wfpt-01726,década,noun,,1775,десятилетие,enriched_qc_pass
wfpt-05332,dólar,noun,,5412,доллар,enriched_qc_pass
wfpt-01316,dúvida,noun,,1358,сомнение,enriched_qc_pass
wfpt-07535,dúzia,noun,,7630,дюжина,enriched_qc_pass
wfpt-09563,eclipse,noun,,9669,затмение,enriched_qc_pass
wfpt-07056,eco,noun,,7146,эхо,enriched_qc_pass
wfpt-09225,ecologia,noun,,9328,экология,enriched_qc_pass
wfpt-00879,economia,noun,,913,экономика,enriched_qc_pass
wfpt-07536,economista,noun,,7631,экономист,enriched_qc_pass
wfpt-10942,ecossistema,noun,,11055,экосистема,enriched_qc_pass
wfpt-02176,edifício,noun,,2230,здание,enriched_qc_pass
wfpt-01348,eduardo,noun,,1391,эдуард,enriched_qc_pass
wfpt-00454,educação,noun,,474,воспитание,enriched_qc_pass
wfpt-05972,eficiência,noun,,6057,эффективность,enriched_qc_pass
wfpt-02664,egito,noun,,2721,египет,enriched_qc_pass
wfpt-09227,einstein,noun,,9330,эйнште́йн,enriched_qc_pass
wfpt-09376,elefante,noun,,9481,слоновые,enriched_qc_pass
wfpt-06558,eleitor,noun,,6647,избиратель,enriched_qc_pass
wfpt-05442,eletricidade,noun,,5525,электричество,enriched_qc_pass
wfpt-04069,eletrônica,noun,,4143,электроника,enriched_qc_pass
wfpt-07058,elevador,noun,,7148,лифт,enriched_qc_pass
wfpt-07951,elias,noun,,8046,илия́,enriched_qc_pass
wfpt-03327,embaixada,noun,,3390,посольство,enriched_qc_pass
wfpt-04479,embaixador,noun,,4556,посол,enriched_qc_pass
wfpt-10773,emboscada,noun,,10885,засада,enriched_qc_pass
wfpt-11928,empatia,noun,,12050,эмпатия,enriched_qc_pass
wfpt-01035,emprego,noun,,1071,работа,enriched_qc_pass
wfpt-00395,empresa,noun,,413,бизнес,enriched_qc_pass
wfpt-02815,empresário,noun,,2874,бизнесмен,enriched_qc_pass
wfpt-08233,encomenda,noun,,8329,заказ,enriched_qc_pass
wfpt-00440,encontrar,verb,,460,найти,enriched_qc_pass
wfpt-02619,endereço,noun,,2675,адрес,enriched_qc_pass
wfpt-00527,energia,noun,,553,энергия,enriched_qc_pass
wfpt-09378,enfermeira,noun,,9483,медсестра,enriched_qc_pass
wfpt-05762,engano,noun,,5845,недоразумение,enriched_qc_pass
wfpt-03912,engenheiro,noun,,3983,инженер,enriched_qc_pass
wfpt-03408,ensaio,noun,,3472,эссе,enriched_qc_pass
wfpt-00725,entender,verb,,757,понять,enriched_qc_pass
wfpt-00921,entrada,noun,,955,статья,enriched_qc_pass
wfpt-03991,entretenimento,noun,,4064,отдых,enriched_qc_pass
wfpt-01078,entrevista,noun,,1115,беседа,enriched_qc_pass
wfpt-01728,enviar,verb,,1777,бросить,enriched_qc_pass
wfpt-09229,epidemia,noun,,9332,эпидемия,enriched_qc_pass
wfpt-01291,episódio,noun,,1333,эпизод,enriched_qc_pass
wfpt-04395,equador,noun,,4471,экватор,enriched_qc_pass
wfpt-10413,equação,noun,,10524,уравнение,enriched_qc_pass
wfpt-03263,equilíbrio,noun,,3326,равновесие,enriched_qc_pass
wfpt-03010,equipamento,noun,,3072,снаряжение,enriched_qc_pass
wfpt-00310,equipe,noun,,327,состав,enriched_qc_pass
wfpt-01170,erro,noun,,1209,ошибка,enriched_qc_pass
wfpt-05543,escada,noun,,5626,лестница,enriched_qc_pass
wfpt-02266,escala,noun,,2320,масштаб,enriched_qc_pass
wfpt-07953,escalada,noun,,8048,карабканье,enriched_qc_pass
wfpt-09891,escalão,noun,,10000,звено́,enriched_qc_pass
wfpt-00261,escola,noun,,275,школа,enriched_qc_pass
wfpt-03076,esconder,verb,,3138,спрятать,enriched_qc_pass
wfpt-11144,escondidas,noun,,11259,прятки,enriched_qc_pass
wfpt-05857,escravidão,noun,,5941,рабство,enriched_qc_pass
wfpt-05446,escravo,noun,,5529,раб,enriched_qc_pass
wfpt-00974,escrever,verb,,1009,писать,enriched_qc_pass
wfpt-01693,escrita,noun,,1742,письмо,enriched_qc_pass
wfpt-01595,escritório,noun,,1644,бюро,enriched_qc_pass
wfpt-06932,escudo,noun,,7022,щит,enriched_qc_pass
wfpt-10592,escultura,noun,,10704,скульптура,enriched_qc_pass
wfpt-04396,escutar,verb,,4472,слущать,enriched_qc_pass
wfpt-09893,escócia,noun,,10002,шотландия,enriched_qc_pass
wfpt-05016,esfera,noun,,5095,сфера,enriched_qc_pass
wfpt-01871,esforço,noun,,1924,усилие,enriched_qc_pass
wfpt-04154,espada,noun,,4230,меч,enriched_qc_pass
wfpt-01128,espanha,noun,,1167,испания,enriched_qc_pass
wfpt-01487,espanhol,noun,,1534,испанский язык,enriched_qc_pass
wfpt-02665,especialista,noun,,2722,специалист,enriched_qc_pass
wfpt-07954,espectro,noun,,8049,спектр,enriched_qc_pass
wfpt-11148,especulação,noun,,11263,спекуляция,enriched_qc_pass
wfpt-03330,espelho,noun,,3393,зеркало,enriched_qc_pass
wfpt-01171,esperança,noun,,1210,надежда,enriched_qc_pass
wfpt-00857,esperar,verb,,891,ждать,enriched_qc_pass
wfpt-08663,espionagem,noun,,8762,шпионаж,enriched_qc_pass
wfpt-01995,esporte,noun,,2049,спорт,enriched_qc_pass
wfpt-00975,esposa,noun,,1010,жена,enriched_qc_pass
wfpt-01292,espécie,noun,,1334,вид,enriched_qc_pass
wfpt-07064,esquadra,noun,,7154,отделение,enriched_qc_pass
wfpt-05449,esquadrão,noun,,5532,эскадрон,enriched_qc_pass
wfpt-01625,esquecer,verb,,1674,забыть,enriched_qc_pass
wfpt-00992,esquerda,noun,,1028,левый,enriched_qc_pass
wfpt-05550,esquina,noun,,5633,угол,enriched_qc_pass
wfpt-01153,estrada,noun,,1192,шоссе,enriched_qc_pass
wfpt-03494,estrangeiro,noun,,3559,иностранец,enriched_qc_pass
wfpt-01922,estrela,noun,,1975,звезда,enriched_qc_pass
wfpt-05017,estresse,noun,,5096,стресс,enriched_qc_pass
wfpt-02366,estudante,noun,,2420,ученик,enriched_qc_pass
wfpt-05860,estátua,noun,,5944,статуя,enriched_qc_pass
wfpt-05340,estômago,noun,,5421,желудок,enriched_qc_pass
wfpt-10952,etanol,noun,,11065,этанол,enriched_qc_pass
wfpt-07669,eternidade,noun,,7764,вечность,enriched_qc_pass
wfpt-08665,etiópia,noun,,8764,эфиопия,enriched_qc_pass
wfpt-00752,europa,noun,,785,европа,enriched_qc_pass
wfpt-05018,eva,noun,,5097,ева,enriched_qc_pass
wfpt-00482,evento,noun,,504,случай,enriched_qc_pass
wfpt-01129,evitar,verb,,1168,избегать,enriched_qc_pass
wfpt-10597,evoluir,verb,,10709,развива́ться,enriched_qc_pass
wfpt-02217,evolução,noun,,2271,эволюция,enriched_qc_pass
wfpt-03012,exame,noun,,3074,экзамен,enriched_qc_pass
wfpt-03264,exceção,noun,,3327,отключение,enriched_qc_pass
wfpt-05218,executar,verb,,5298,делать,enriched_qc_pass
wfpt-02777,exercício,noun,,2836,упражнение,enriched_qc_pass
wfpt-02666,existir,verb,,2723,бывать,enriched_qc_pass
wfpt-06209,expandir,verb,,6294,расширить,enriched_qc_pass
wfpt-03013,expansão,noun,,3075,экспансия,enriched_qc_pass
wfpt-07673,expedição,noun,,7768,экспедиция,enriched_qc_pass
wfpt-00833,experiência,noun,,867,опыт,enriched_qc_pass
wfpt-01417,explicar,verb,,1464,объяснить,enriched_qc_pass
wfpt-06330,explodir,verb,,6418,взрываться,enriched_qc_pass
wfpt-02947,explosão,noun,,3008,взрыв,enriched_qc_pass
wfpt-05551,exportação,noun,,5634,экспорт,enriched_qc_pass
wfpt-06788,expresso,noun,,6878,эспрессо,enriched_qc_pass
wfpt-06455,extração,noun,,6543,розыгрыш,enriched_qc_pass
wfpt-00769,exército,noun,,803,армия,enriched_qc_pass
wfpt-04825,faca,noun,,4903,нож,enriched_qc_pass
wfpt-01352,face,noun,,1395,ru,enriched_qc_pass
wfpt-06562,fachada,noun,,6651,фасад,enriched_qc_pass
wfpt-05451,facilidade,noun,,5534,лёгкость,enriched_qc_pass
wfpt-10079,fada,noun,,10188,фея,enriched_qc_pass
wfpt-00147,falar,verb,,157,сказать,enriched_qc_pass
wfpt-08380,falcão,noun,,8476,сокол,enriched_qc_pass
wfpt-00212,família,noun,,224,семья,enriched_qc_pass
wfpt-03201,fantasia,noun,,3264,костюм,enriched_qc_pass
wfpt-05118,fantasma,noun,,5197,привидения,enriched_qc_pass
wfpt-06565,farinha,noun,,6654,мука,enriched_qc_pass
wfpt-07194,farmácia,noun,,7286,аптека,enriched_qc_pass
wfpt-08101,farol,noun,,8197,маяк,enriched_qc_pass
wfpt-04158,fator,noun,,4234,фактор,enriched_qc_pass
wfpt-05978,favela,noun,,6063,трущобы,enriched_qc_pass
wfpt-00319,favor,noun,,336,услуга,enriched_qc_pass
wfpt-04078,febre,noun,,4152,лихорадка,enriched_qc_pass
wfpt-05654,feijão,noun,,5737,фасоль,enriched_qc_pass
wfpt-02088,felicidade,noun,,2142,счастье,enriched_qc_pass
wfpt-02269,felipe,noun,,2323,филип,enriched_qc_pass
wfpt-07314,feminismo,noun,,7407,феминизм,enriched_qc_pass
wfpt-05979,ferida,noun,,6064,рана,enriched_qc_pass
wfpt-01010,fernando,noun,,1046,фердинанд,enriched_qc_pass
wfpt-02270,ferramenta,noun,,2324,прибор,enriched_qc_pass
wfpt-02039,ferro,noun,,2093,железо,enriched_qc_pass
wfpt-00528,festa,noun,,554,вечеринка,enriched_qc_pass
wfpt-01154,festival,noun,,1193,фестиваль,enriched_qc_pass
wfpt-00589,fevereiro,noun,,616,февраль,enriched_qc_pass
wfpt-08383,fibra,noun,,8479,волокно,enriched_qc_pass
wfpt-00159,ficar,verb,,169,оставаться,enriched_qc_pass
wfpt-08527,fidelidade,noun,,8624,верность,enriched_qc_pass
wfpt-01876,figura,noun,,1929,образ,enriched_qc_pass
wfpt-00483,filha,noun,,505,дочь,enriched_qc_pass
wfpt-04651,filipe,noun,,4729,филип,enriched_qc_pass
wfpt-05222,filipinas,noun,,5302,филиппины,enriched_qc_pass
wfpt-00297,filme,noun,,314,фильм,enriched_qc_pass
wfpt-02320,filosofia,noun,,2374,философия,enriched_qc_pass
wfpt-07960,filtro,noun,,8055,фильтр,enriched_qc_pass
wfpt-08528,filósofo,noun,,8625,фило́соф,enriched_qc_pass
wfpt-00215,fim,noun,,227,конец,enriched_qc_pass
wfpt-04570,finanças,noun,,4647,финансы,enriched_qc_pass
wfpt-02371,flor,noun,,2425,цвет,enriched_qc_pass
wfpt-01696,floresta,noun,,1745,лес,enriched_qc_pass
wfpt-05866,florianópolis,noun,,5950,флорианополис,enriched_qc_pass
wfpt-05453,flávio,noun,,5536,флавии,enriched_qc_pass
wfpt-08673,foca,noun,,8772,тюлень,enriched_qc_pass
wfpt-01444,foco,noun,,1491,фокус,enriched_qc_pass
wfpt-03497,foder,verb,,3562,ети,enriched_qc_pass
wfpt-00904,fogo,noun,,938,огонь,enriched_qc_pass
wfpt-11944,fogueira,noun,,12066,костёр,enriched_qc_pass
wfpt-10786,foguete,noun,,10898,ракета,enriched_qc_pass
wfpt-01877,folha,noun,,1930,лист,enriched_qc_pass
wfpt-01011,fome,noun,,1047,голод,enriched_qc_pass
wfpt-11347,fomentar,verb,,11464,возбуждать,enriched_qc_pass
wfpt-01834,formato,noun,,1886,формат,enriched_qc_pass
wfpt-08387,formatura,noun,,8483,окончание,enriched_qc_pass
wfpt-09903,formiga,noun,,10012,муравей,enriched_qc_pass
wfpt-07678,forno,noun,,7773,печь,enriched_qc_pass
wfpt-09392,foro,noun,,9497,форум,enriched_qc_pass
wfpt-01835,fotografia,noun,,1887,фотография,enriched_qc_pass
wfpt-05346,fotógrafo,noun,,5427,фотограф,enriched_qc_pass
wfpt-01269,francisco,noun,,1311,франциск,enriched_qc_pass
wfpt-00976,frança,noun,,1011,франция,enriched_qc_pass
wfpt-02040,frase,noun,,2094,фраза,enriched_qc_pass
wfpt-04929,fraude,noun,,5008,афе́ра,enriched_qc_pass
wfpt-11521,freio,noun,,11639,тормоз,enriched_qc_pass
wfpt-02522,frequência,noun,,2577,частота,enriched_qc_pass
wfpt-03705,frota,noun,,3771,флот,enriched_qc_pass
wfpt-09904,frustração,noun,,10013,фрустрация,enriched_qc_pass
wfpt-06336,fruta,noun,,6424,плод,enriched_qc_pass
wfpt-03557,fuga,noun,,3622,побег,enriched_qc_pass
wfpt-02373,fugir,verb,,2427,понести,enriched_qc_pass
wfpt-04572,fumar,verb,,4649,курить,enriched_qc_pass
wfpt-04740,fumaça,noun,,4818,дым,enriched_qc_pass
wfpt-08956,fundamento,noun,,9057,основа,enriched_qc_pass
wfpt-07321,funeral,noun,,7414,похороны,enriched_qc_pass
wfpt-01109,função,noun,,1146,функция,enriched_qc_pass
wfpt-04405,furacão,noun,,4481,буря,enriched_qc_pass
wfpt-00423,futebol,noun,,443,футбол,enriched_qc_pass
wfpt-00590,futuro,noun,,617,будущее,enriched_qc_pass
wfpt-09241,félix,noun,,9344,феликс,enriched_qc_pass
wfpt-06213,fígado,noun,,6298,печень,enriched_qc_pass
wfpt-01356,física,noun,,1399,физика,enriched_qc_pass
wfpt-02778,físico,noun,,2837,физик,enriched_qc_pass
wfpt-03558,fórmula,noun,,3623,формула,enriched_qc_pass
wfpt-02180,gabriel,noun,,2234,гавриил,enriched_qc_pass
wfpt-03628,galeria,noun,,3694,галерея,enriched_qc_pass
wfpt-04932,galinha,noun,,5011,курка,enriched_qc_pass
wfpt-08245,galáxia,noun,,8341,галактика,enriched_qc_pass
wfpt-10428,gana,noun,,10539,гана,enriched_qc_pass
wfpt-05350,garagem,noun,,5431,гараж,enriched_qc_pass
wfpt-03999,garantia,noun,,4072,гарантия,enriched_qc_pass
wfpt-04322,garganta,noun,,4398,зев,enriched_qc_pass
wfpt-10960,garra,noun,,11073,коготь,enriched_qc_pass
wfpt-04833,garrafa,noun,,4911,бутылка,enriched_qc_pass
wfpt-10961,garçom,noun,,11074,официант,enriched_qc_pass
wfpt-04237,gasolina,noun,,4313,бензин,enriched_qc_pass
wfpt-07549,gasto,noun,,7644,затрата,enriched_qc_pass
wfpt-06800,gatilho,noun,,6890,спусковой крючок,enriched_qc_pass
wfpt-02219,gato,noun,,2273,кот,enriched_qc_pass
wfpt-11358,gaveta,noun,,11475,выдвижной ящик,enriched_qc_pass
wfpt-05556,geladeira,noun,,5639,холодильник,enriched_qc_pass
wfpt-02271,gelo,noun,,2325,лёд,enriched_qc_pass
wfpt-07070,gene,noun,,7160,ген,enriched_qc_pass
wfpt-09242,genebra,noun,,9345,женева,enriched_qc_pass
wfpt-01201,general,noun,,1240,генерал,enriched_qc_pass
wfpt-00213,gente,noun,,225,народ,enriched_qc_pass
wfpt-08803,gentileza,noun,,8903,доброта,enriched_qc_pass
wfpt-06100,genética,noun,,6185,генетика,enriched_qc_pass
wfpt-03629,geografia,noun,,3695,география,enriched_qc_pass
wfpt-06101,gesto,noun,,6186,жест,enriched_qc_pass
wfpt-04835,geórgia,noun,,4913,грузия,enriched_qc_pass
wfpt-02825,gigante,noun,,2884,гигант,enriched_qc_pass
wfpt-10965,globalização,noun,,11078,глобализация,enriched_qc_pass
wfpt-03838,goleiro,noun,,3908,вратарь,enriched_qc_pass
wfpt-01698,golpe,noun,,1747,путч,enriched_qc_pass
wfpt-00226,governo,noun,,238,правительство,enriched_qc_pass
wfpt-06573,grama,noun,,6662,трава,enriched_qc_pass
wfpt-07826,granada,noun,,7921,граната,enriched_qc_pass
wfpt-01960,grau,noun,,2014,градус,enriched_qc_pass
wfpt-04838,gravidez,noun,,4916,беременность,enriched_qc_pass
wfpt-01357,graça,noun,,1400,помилование,enriched_qc_pass
wfpt-03343,greve,noun,,3406,стачка,enriched_qc_pass
wfpt-06681,gripe,noun,,6770,простуда,enriched_qc_pass
wfpt-03503,gritar,verb,,3568,кричать,enriched_qc_pass
wfpt-03706,grávida,noun,,3772,беременная,enriched_qc_pass
wfpt-02827,grécia,noun,,2886,греция,enriched_qc_pass
wfpt-01130,guarda,noun,,1169,сторож,enriched_qc_pass
wfpt-07551,guatemala,noun,,7646,гватемала,enriched_qc_pass
wfpt-00290,guerra,noun,,306,война,enriched_qc_pass
wfpt-04841,guerreiro,noun,,4919,воин,enriched_qc_pass
wfpt-01999,guia,noun,,2053,гид,enriched_qc_pass
wfpt-08680,guiana,noun,,8779,гайана,enriched_qc_pass
wfpt-03145,guilherme,noun,,3207,вильгельм,enriched_qc_pass
wfpt-04000,guiné,noun,,4073,гвинея,enriched_qc_pass
wfpt-05661,guitarra,noun,,5744,гитара,enriched_qc_pass
wfpt-01699,gás,noun,,1748,газ,enriched_qc_pass
wfpt-03771,género,noun,,3838,жанр,enriched_qc_pass
wfpt-07323,gêmeos,noun,,7416,близнецы,enriched_qc_pass
wfpt-03082,habilidade,noun,,3144,возможность,enriched_qc_pass
wfpt-08681,haiti,noun,,8780,гаити,enriched_qc_pass
wfpt-09246,hambúrguer,noun,,9349,гамбургер,enriched_qc_pass
wfpt-11953,handebol,noun,,12075,гандбол,enriched_qc_pass
wfpt-05985,harmonia,noun,,6070,гармония,enriched_qc_pass
wfpt-07441,helicóptero,noun,,7534,вертолёт,enriched_qc_pass
wfpt-02000,henrique,noun,,2054,генрих,enriched_qc_pass
wfpt-04486,herança,noun,,4563,наследие,enriched_qc_pass
wfpt-09248,herdeiro,noun,,9351,наследник,enriched_qc_pass
wfpt-09750,heroína,noun,,9858,героин,enriched_qc_pass
wfpt-02627,herói,noun,,2683,герой,enriched_qc_pass
wfpt-04162,hino,noun,,4238,гимн,enriched_qc_pass
wfpt-08393,hipocrisia,noun,,8489,лицемерие,enriched_qc_pass
wfpt-03021,hipótese,noun,,3083,гипотеза,enriched_qc_pass
wfpt-00109,hoje,noun,,117,сегодня,enriched_qc_pass
wfpt-05125,holanda,noun,,5204,нидерланды,enriched_qc_pass
wfpt-10968,holocausto,noun,,11081,холокост,enriched_qc_pass
wfpt-00235,homem,noun,,247,мужчина,enriched_qc_pass
wfpt-01796,homenagem,noun,,1847,почитание,enriched_qc_pass
wfpt-10969,homofobia,noun,,11082,гомофобия,enriched_qc_pass
wfpt-08807,homossexual,noun,,8907,пидор,enriched_qc_pass
wfpt-10258,homossexualidade,noun,,10367,гомосексуальность,enriched_qc_pass
wfpt-08808,honduras,noun,,8908,гондурас,enriched_qc_pass
wfpt-02043,honra,noun,,2097,честь,enriched_qc_pass
wfpt-02135,horizonte,noun,,2189,горизонт,enriched_qc_pass
wfpt-05126,horror,noun,,5205,ужас,enriched_qc_pass
wfpt-07078,horta,noun,,7168,огород,enriched_qc_pass
wfpt-00770,hospital,noun,,804,больница,enriched_qc_pass
wfpt-01202,hotel,noun,,1241,гостиница,enriched_qc_pass
wfpt-03345,hugo,noun,,3408,хью,enriched_qc_pass
wfpt-02044,humanidade,noun,,2098,гуманность,enriched_qc_pass
wfpt-10791,humberto,noun,,10903,гумберт,enriched_qc_pass
wfpt-01764,humor,noun,,1815,юмор,enriched_qc_pass
wfpt-05874,hungria,noun,,5958,венгрия,enriched_qc_pass
wfpt-05771,hábito,noun,,5854,привычка,enriched_qc_pass
wfpt-10260,hélio,noun,,10369,гелий,enriched_qc_pass
wfpt-03083,ideal,noun,,3145,идеал,enriched_qc_pass
wfpt-00497,ideia,noun,,520,идея,enriched_qc_pass
wfpt-06107,ideologia,noun,,6192,идеология,enriched_qc_pass
wfpt-04240,idioma,noun,,4316,язык,enriched_qc_pass
wfpt-02137,idiota,noun,,2191,идиот,enriched_qc_pass
wfpt-03416,ido,noun,,3480,идо,enriched_qc_pass
wfpt-06108,igor,noun,,6193,игорь,enriched_qc_pass
wfpt-03839,igualdade,noun,,3909,равенство,enriched_qc_pass
wfpt-00977,ilha,noun,,1012,остров,enriched_qc_pass
wfpt-00574,imagem,noun,,601,картина,enriched_qc_pass
wfpt-04656,imaginação,noun,,4734,воображение,enriched_qc_pass
wfpt-09590,imbecil,noun,,9696,дура,enriched_qc_pass
wfpt-05129,imigração,noun,,5208,иммиграция,enriched_qc_pass
wfpt-02324,impedir,verb,,2378,мешать,enriched_qc_pass
wfpt-07328,implementar,verb,,7421,выполнять,enriched_qc_pass
wfpt-09405,importação,noun,,9510,импорт,enriched_qc_pass
wfpt-03773,imposto,noun,,3841,налог,enriched_qc_pass
wfpt-02464,impressão,noun,,2518,впечатление,enriched_qc_pass
wfpt-05665,impulso,noun,,5748,порыв,enriched_qc_pass
wfpt-06217,incentivo,noun,,6302,сти́мул,enriched_qc_pass
wfpt-02673,incêndio,noun,,2730,пожар,enriched_qc_pass
wfpt-01927,independência,noun,,1980,независимость,enriched_qc_pass
wfpt-05231,indonésia,noun,,5311,индонезия,enriched_qc_pass
wfpt-01132,indústria,noun,,1171,индустрия,enriched_qc_pass
wfpt-11963,infarto,noun,,12085,инфаркт,enriched_qc_pass
wfpt-05666,infecção,noun,,5749,инфекция,enriched_qc_pass
wfpt-01961,inferno,noun,,2015,ад,enriched_qc_pass
wfpt-06575,inflação,noun,,6664,инфляция,enriched_qc_pass
wfpt-00538,informação,noun,,564,информация,enriched_qc_pass
wfpt-05877,informática,noun,,5961,информатика,enriched_qc_pass
wfpt-03205,infraestrutura,noun,,3268,инфраструктуры,enriched_qc_pass
wfpt-01879,infância,noun,,1932,детство,enriched_qc_pass
wfpt-02465,inglaterra,noun,,2519,англия,enriched_qc_pass
wfpt-01765,iniciativa,noun,,1816,инициатива,enriched_qc_pass
wfpt-02526,inimigo,noun,,2581,враг,enriched_qc_pass
wfpt-09407,injeção,noun,,9512,инъекция,enriched_qc_pass
wfpt-07970,injustiça,noun,,8065,несправедливость,enriched_qc_pass
wfpt-07689,inocência,noun,,7784,невинность,enriched_qc_pass
wfpt-04751,inovação,noun,,4829,инновация,enriched_qc_pass
wfpt-08962,inseto,noun,,9063,насекомое,enriched_qc_pass
wfpt-09913,insistir,verb,,10022,настаивать,enriched_qc_pass
wfpt-06220,instalar,verb,,6305,провести,enriched_qc_pass
wfpt-02891,instalação,noun,,2951,устано́вка,enriched_qc_pass
wfpt-00863,instituto,noun,,897,институт,enriched_qc_pass
wfpt-09762,instrutor,noun,,9870,инструктор,enriched_qc_pass
wfpt-05994,instrução,noun,,6079,образование,enriched_qc_pass
wfpt-04410,integral,noun,,4486,интеграл,enriched_qc_pass
wfpt-02139,inteligência,noun,,2193,сведения,enriched_qc_pass
wfpt-01839,intenção,noun,,1891,намерение,enriched_qc_pass
wfpt-09764,interessar,verb,,9872,интересовать,enriched_qc_pass
wfpt-05780,interface,noun,,5863,интерфейс,enriched_qc_pass
wfpt-07082,interpretar,verb,,7172,интерпретировать,enriched_qc_pass
wfpt-03842,intervalo,noun,,3912,интервал,enriched_qc_pass
wfpt-02428,intervenção,noun,,2482,вмешательство,enriched_qc_pass
wfpt-10799,intuição,noun,,10911,интуиция,enriched_qc_pass
wfpt-03087,invasão,noun,,3149,вторжение,enriched_qc_pass
wfpt-05355,inveja,noun,,5436,зависть,enriched_qc_pass
wfpt-07836,inventar,verb,,7931,изобрета́ть,enriched_qc_pass
wfpt-11540,inventário,noun,,11658,инвентаризация,enriched_qc_pass
wfpt-07692,invenção,noun,,7787,изобретение,enriched_qc_pass
wfpt-02221,inverno,noun,,2275,зима,enriched_qc_pass
wfpt-03505,investigar,verb,,3570,расследовать,enriched_qc_pass
wfpt-03088,investimento,noun,,3150,инвестиции,enriched_qc_pass
wfpt-06222,inácio,noun,,6307,игнатий,enriched_qc_pass
wfpt-08967,inês,noun,,9068,агнес,enriched_qc_pass
wfpt-05234,ira,noun,,5314,гнев,enriched_qc_pass
wfpt-03925,iraque,noun,,3996,ирак,enriched_qc_pass
wfpt-06947,irlanda,noun,,7037,ирландия,enriched_qc_pass
wfpt-00905,irmã,noun,,939,сестра,enriched_qc_pass
wfpt-00540,irmão,noun,,566,брат,enriched_qc_pass
wfpt-05879,ironia,noun,,5963,ирония,enriched_qc_pass
wfpt-05136,irã,noun,,5215,иран,enriched_qc_pass
wfpt-01735,irão,noun,,1785,иран,enriched_qc_pass
wfpt-11968,isaías,noun,,12090,исайя,enriched_qc_pass
wfpt-09105,islândia,noun,,9207,исландия,enriched_qc_pass
wfpt-01880,israel,noun,,1933,израиль,enriched_qc_pass
wfpt-03026,italiano,noun,,3088,итальянский язык,enriched_qc_pass
wfpt-01840,itália,noun,,1892,италия,enriched_qc_pass
wfpt-06687,jacob,noun,,6776,яков,enriched_qc_pass
wfpt-10801,jade,noun,,10913,жад,enriched_qc_pass
wfpt-07840,jaime,noun,,7935,джеймс,enriched_qc_pass
wfpt-09106,jamaica,noun,,9208,ямайка,enriched_qc_pass
wfpt-02222,janela,noun,,2276,окно,enriched_qc_pass
wfpt-02001,jantar,noun,,2055,обед,enriched_qc_pass
wfpt-01271,japão,noun,,1313,япония,enriched_qc_pass
wfpt-01448,jardim,noun,,1495,сад,enriched_qc_pass
wfpt-00602,jeito,noun,,630,манера,enriched_qc_pass
wfpt-10982,jejum,noun,,11095,пост,enriched_qc_pass
wfpt-05669,jerusalém,noun,,5752,иерусалим,enriched_qc_pass
wfpt-08117,joel,noun,,8213,иои́ль,enriched_qc_pass
wfpt-05999,joelho,noun,,6084,колено,enriched_qc_pass
wfpt-01245,jogador,noun,,1285,игрок,enriched_qc_pass
wfpt-00221,jogo,noun,,233,игра,enriched_qc_pass
wfpt-06224,jonas,noun,,6310,книга ионы,enriched_qc_pass
wfpt-01527,jorge,noun,,1574,георгий,enriched_qc_pass
wfpt-00793,jornal,noun,,827,газета,enriched_qc_pass
wfpt-01492,jornalista,noun,,1539,журналист,enriched_qc_pass
wfpt-00541,josé,noun,,567,иосиф,enriched_qc_pass
wfpt-00645,joão,noun,,673,иван,enriched_qc_pass
wfpt-09259,judas,noun,,9362,иу́да,enriched_qc_pass
wfpt-05671,judeu,noun,,5754,евреи,enriched_qc_pass
wfpt-01320,juiz,noun,,1362,судья,enriched_qc_pass
wfpt-00576,julho,noun,,603,июль,enriched_qc_pass
wfpt-00471,junho,noun,,492,июнь,enriched_qc_pass
wfpt-02527,juntar,verb,,2582,собрать,enriched_qc_pass
wfpt-07842,jurisdição,noun,,7937,юрисди́кция,enriched_qc_pass
wfpt-10271,jurista,noun,,10380,юрист,enriched_qc_pass
wfpt-00555,justiça,noun,,581,право,enriched_qc_pass
wfpt-02048,juventude,noun,,2102,юность,enriched_qc_pass
wfpt-04413,juízes,noun,,4489,книга судей израилевых,enriched_qc_pass
wfpt-07085,júlio,noun,,7175,юлий,enriched_qc_pass
wfpt-02275,laboratório,noun,,2329,лаборатория,enriched_qc_pass
wfpt-02895,lago,noun,,2955,озеро,enriched_qc_pass
wfpt-05237,lama,noun,,5317,грязь,enriched_qc_pass
wfpt-06692,lamento,noun,,6781,жалоба,enriched_qc_pass
wfpt-02326,lança,noun,,2380,копьё,enriched_qc_pass
wfpt-01176,lançamento,noun,,1215,выпуск,enriched_qc_pass
wfpt-03848,laranja,noun,,3918,апельсин,enriched_qc_pass
wfpt-06353,largura,noun,,6441,ширина,enriched_qc_pass
wfpt-09108,latim,noun,,9210,латынь,enriched_qc_pass
wfpt-03636,lava,noun,,3702,лава,enriched_qc_pass
wfpt-07559,lealdade,noun,,7654,верность,enriched_qc_pass
wfpt-09922,legitimidade,noun,,10031,легитимность,enriched_qc_pass
wfpt-00281,lei,noun,,297,закон,enriched_qc_pass
wfpt-07560,leilão,noun,,7655,аукцион,enriched_qc_pass
wfpt-01662,leite,noun,,1711,молоко,enriched_qc_pass
wfpt-03275,leitor,noun,,3338,читатель,enriched_qc_pass
wfpt-02002,leitura,noun,,2056,чтение,enriched_qc_pass
wfpt-06952,lema,noun,,7042,девиз,enriched_qc_pass
wfpt-02962,lenda,noun,,3023,легенда,enriched_qc_pass
wfpt-00620,ler,verb,,648,читать,enriched_qc_pass
wfpt-01015,leste,noun,,1051,восток,enriched_qc_pass
wfpt-05140,lesão,noun,,5219,рана,enriched_qc_pass
wfpt-02184,letra,noun,,2238,буква,enriched_qc_pass
wfpt-01928,leão,noun,,1981,лев,enriched_qc_pass
wfpt-00885,liberdade,noun,,919,свобода,enriched_qc_pass
wfpt-11549,licenciatura,noun,,11667,лиценциат,enriched_qc_pass
wfpt-00954,licença,noun,,988,разрешение,enriched_qc_pass
wfpt-00820,liga,noun,,854,сплав,enriched_qc_pass
wfpt-01421,lima,noun,,1468,лима,enriched_qc_pass
wfpt-02144,limite,noun,,2198,предел,enriched_qc_pass
wfpt-06230,limão,noun,,6316,лимон,enriched_qc_pass
wfpt-08261,linguística,noun,,8357,лингвистика,enriched_qc_pass
wfpt-06121,linux,noun,,6206,линукс,enriched_qc_pass
wfpt-01529,literatura,noun,,1576,литература,enriched_qc_pass
wfpt-08262,livraria,noun,,8358,книшный магазин,enriched_qc_pass
wfpt-00360,livro,noun,,378,книга,enriched_qc_pass
wfpt-01207,lixo,noun,,1246,мусор,enriched_qc_pass
wfpt-03355,lição,noun,,3419,урок,enriched_qc_pass
wfpt-04332,lobo,noun,,4408,волк,enriched_qc_pass
wfpt-10634,logotipo,noun,,10746,логотип,enriched_qc_pass
wfpt-08124,logística,noun,,8220,логистика,enriched_qc_pass
wfpt-01246,loja,noun,,1287,магазин,enriched_qc_pass
wfpt-03207,loucura,noun,,3270,безумие,enriched_qc_pass
wfpt-08546,lourenço,noun,,8644,лаврентий,enriched_qc_pass
wfpt-01570,lua,noun,,1619,луна,enriched_qc_pass
wfpt-08971,luanda,noun,,9072,луанда,enriched_qc_pass
wfpt-02145,lucas,noun,,2199,лука,enriched_qc_pass
wfpt-04854,lucro,noun,,4932,профит,enriched_qc_pass
wfpt-00200,lugar,noun,,212,место,enriched_qc_pass
wfpt-00621,luta,noun,,649,драка,enriched_qc_pass
wfpt-05033,luto,noun,,5112,оплакивание,enriched_qc_pass
wfpt-02633,luís,noun,,2689,людвиг,enriched_qc_pass
wfpt-08400,lápis,noun,,8496,карандаш,enriched_qc_pass
wfpt-10442,lâmpada,noun,,10553,лампа,enriched_qc_pass
wfpt-09265,lésbica,noun,,9368,лесбиянка,enriched_qc_pass
wfpt-08401,líbano,noun,,8497,ливан,enriched_qc_pass
wfpt-07702,líbia,noun,,7797,ливия,enriched_qc_pass
wfpt-00510,língua,noun,,536,язык,enriched_qc_pass
wfpt-05358,líquido,noun,,5439,жидкость,enriched_qc_pass
wfpt-02782,lógica,noun,,2841,логика,enriched_qc_pass
wfpt-08972,lúcio,noun,,9073,луций,enriched_qc_pass
wfpt-07216,macaco,noun,,7308,обезьяна,enriched_qc_pass
wfpt-10282,macarrão,noun,,10391,макароны,enriched_qc_pass
wfpt-07088,macau,noun,,7178,макао,enriched_qc_pass
wfpt-09608,macedônia,noun,,9714,македония,enriched_qc_pass
wfpt-02832,machado,noun,,2891,топор,enriched_qc_pass
wfpt-10809,machismo,noun,,10921,мачи́зм,enriched_qc_pass
wfpt-03930,magia,noun,,4001,магия,enriched_qc_pass
wfpt-07450,magnitude,noun,,7543,важность,enriched_qc_pass
wfpt-00500,maio,noun,,523,май,enriched_qc_pass
wfpt-03093,major,noun,,3155,майор,enriched_qc_pass
wfpt-00302,mal,noun,,319,зло,enriched_qc_pass
wfpt-04491,mala,noun,,4568,чемодан,enriched_qc_pass
wfpt-08547,maldade,noun,,8645,враждебность,enriched_qc_pass
wfpt-08125,maldição,noun,,8221,проклятие,enriched_qc_pass
wfpt-11377,mali,noun,,11494,мали,enriched_qc_pass
wfpt-06126,malta,noun,,6211,мальта,enriched_qc_pass
wfpt-07451,malásia,noun,,7544,малайзия,enriched_qc_pass
wfpt-07563,mancha,noun,,7658,пятно,enriched_qc_pass
wfpt-10641,mandioca,noun,,10753,маниок,enriched_qc_pass
wfpt-00391,maneira,noun,,409,образ,enriched_qc_pass
wfpt-06582,manga,noun,,6671,манго,enriched_qc_pass
wfpt-00409,manhã,noun,,428,утро,enriched_qc_pass
wfpt-07089,manifesto,noun,,7179,манифест,enriched_qc_pass
wfpt-06816,manteiga,noun,,6906,масло,enriched_qc_pass
wfpt-02834,manuel,noun,,2893,мануил,enriched_qc_pass
wfpt-01802,mapa,noun,,1853,географическая карта,enriched_qc_pass
wfpt-04246,maquiagem,noun,,4322,макияж,enriched_qc_pass
wfpt-00794,mar,noun,,828,море,enriched_qc_pass
wfpt-09612,mara,noun,,9718,мара,enriched_qc_pass
wfpt-05677,maratona,noun,,5760,марафон,enriched_qc_pass
wfpt-02783,marcar,verb,,2842,записать,enriched_qc_pass
wfpt-03932,marcha,noun,,4003,марш,enriched_qc_pass
wfpt-01705,marco,noun,,1754,марка,enriched_qc_pass
wfpt-01882,marcos,noun,,1935,марк,enriched_qc_pass
wfpt-07090,marcus,noun,,7180,марк,enriched_qc_pass
wfpt-09425,marfim,noun,,9530,слоновая кость,enriched_qc_pass
wfpt-01158,marido,noun,,1197,муж,enriched_qc_pass
wfpt-03433,marketing,noun,,3497,маркетинг,enriched_qc_pass
wfpt-05783,marrocos,noun,,5866,марокко,enriched_qc_pass
wfpt-09613,martelo,noun,,9719,молот,enriched_qc_pass
wfpt-00460,março,noun,,480,март,enriched_qc_pass
wfpt-00930,massa,noun,,964,масса,enriched_qc_pass
wfpt-01017,matar,verb,,1053,убивать,enriched_qc_pass
wfpt-01737,matemática,noun,,1788,математика,enriched_qc_pass
wfpt-04334,mateus,noun,,4410,матвей,enriched_qc_pass
wfpt-01883,mau,noun,,1936,плохой,enriched_qc_pass
wfpt-06698,maurício,noun,,6787,маврикий,enriched_qc_pass
wfpt-07217,maçã,noun,,7309,яблоко,enriched_qc_pass
wfpt-04335,mecanismo,noun,,4411,механизм,enriched_qc_pass
wfpt-07566,mecânico,noun,,7661,механик,enriched_qc_pass
wfpt-03510,medalha,noun,,3575,медаль,enriched_qc_pass
wfpt-08977,medicamento,noun,,9078,медикамент,enriched_qc_pass
wfpt-01803,medicina,noun,,1854,медицина,enriched_qc_pass
wfpt-01018,meia,noun,,1054,носок,enriched_qc_pass
wfpt-02784,mel,noun,,2843,мёд,enriched_qc_pass
wfpt-01451,melhorar,verb,,1498,поднять,enriched_qc_pass
wfpt-10645,melodia,noun,,10757,мелодия,enriched_qc_pass
wfpt-01110,membro,noun,,1148,член,enriched_qc_pass
wfpt-10817,meme,noun,,10929,мем,enriched_qc_pass
wfpt-01210,memória,noun,,1249,память,enriched_qc_pass
wfpt-00980,menina,noun,,1015,девочка,enriched_qc_pass
wfpt-00623,mensagem,noun,,651,сообщение,enriched_qc_pass
wfpt-09615,mentalidade,noun,,9721,менталитет,enriched_qc_pass
wfpt-03934,mentir,verb,,4005,лгать,enriched_qc_pass
wfpt-02189,mentira,noun,,2243,ложь,enriched_qc_pass
wfpt-10449,mentiroso,noun,,10560,врун,enriched_qc_pass
wfpt-00727,mercado,noun,,759,базар,enriched_qc_pass
wfpt-10996,mercúrio,noun,,11109,меркурий,enriched_qc_pass
wfpt-00416,merda,noun,,436,говно,enriched_qc_pass
wfpt-01322,mesa,noun,,1364,стол,enriched_qc_pass
wfpt-05360,mesquita,noun,,5441,мечеть,enriched_qc_pass
wfpt-09784,messias,noun,,9892,мессия,enriched_qc_pass
wfpt-02966,metal,noun,,3027,металлы,enriched_qc_pass
wfpt-11191,metodologia,noun,,11307,методология,enriched_qc_pass
wfpt-04170,metro,noun,,4246,метр,enriched_qc_pass
wfpt-03209,metrô,noun,,3272,метрополитен,enriched_qc_pass
wfpt-11561,metáfora,noun,,11679,метафора,enriched_qc_pass
wfpt-05469,mexicano,noun,,5552,мексиканец,enriched_qc_pass
wfpt-07094,microfone,noun,,7184,микрофон,enriched_qc_pass
wfpt-07456,migração,noun,,7549,миграция,enriched_qc_pass
wfpt-02099,miguel,noun,,2153,михаил,enriched_qc_pass
wfpt-04494,milho,noun,,4571,кукуруза,enriched_qc_pass
wfpt-00578,militar,noun,,605,военнослужащий,enriched_qc_pass
wfpt-05572,mineiro,noun,,5655,шахтёр,enriched_qc_pass
wfpt-08130,mineral,noun,,8226,минерал,enriched_qc_pass
wfpt-00711,ministério,noun,,742,министерство,enriched_qc_pass
wfpt-10453,minério,noun,,10564,руда,enriched_qc_pass
wfpt-04947,missa,noun,,5026,месса,enriched_qc_pass
wfpt-09616,missionário,noun,,9722,миссионер,enriched_qc_pass
wfpt-00931,missão,noun,,965,миссия,enriched_qc_pass
wfpt-02533,mistura,noun,,2588,меланж,enriched_qc_pass
wfpt-04174,mito,noun,,4250,миф,enriched_qc_pass
wfpt-08829,mitologia,noun,,8929,мифология,enriched_qc_pass
wfpt-06961,mobilização,noun,,7051,мобилизация,enriched_qc_pass
wfpt-05785,mochila,noun,,5868,рюкзак,enriched_qc_pass
wfpt-02100,moda,noun,,2154,мода,enriched_qc_pass
wfpt-05471,modalidade,noun,,5554,метод,enriched_qc_pass
wfpt-00837,modelo,noun,,871,макет,enriched_qc_pass
wfpt-10456,modificação,noun,,10567,модификации,enriched_qc_pass
wfpt-02681,moeda,noun,,2738,валюта,enriched_qc_pass
wfpt-10292,moinho,noun,,10401,мельница,enriched_qc_pass
wfpt-07567,moisés,noun,,7662,моисей,enriched_qc_pass
wfpt-05363,molho,noun,,5444,соус,enriched_qc_pass
wfpt-00194,momento,noun,,206,момент,enriched_qc_pass
wfpt-08133,monarquia,noun,,8229,монархия,enriched_qc_pass
wfpt-08409,monge,noun,,8505,монах,enriched_qc_pass
wfpt-11383,monopólio,noun,,11500,монополия,enriched_qc_pass
wfpt-04009,monstro,noun,,4083,монстр,enriched_qc_pass
wfpt-04175,montagem,noun,,4251,сборка,enriched_qc_pass
wfpt-02835,montanha,noun,,2894,гора,enriched_qc_pass
wfpt-01706,moral,noun,,1755,мораль,enriched_qc_pass
wfpt-02902,morar,verb,,2962,жить,enriched_qc_pass
wfpt-00267,morte,noun,,281,смерть,enriched_qc_pass
wfpt-11565,mosca,noun,,11683,муха,enriched_qc_pass
wfpt-03778,moscou,noun,,3846,москва,enriched_qc_pass
wfpt-08555,mosquito,noun,,8653,комар,enriched_qc_pass
wfpt-00682,mostrar,verb,,712,показать,enriched_qc_pass
wfpt-09269,motel,noun,,9372,мотель,enriched_qc_pass
wfpt-04668,motivação,noun,,4746,мотивация,enriched_qc_pass
wfpt-02148,motor,noun,,2202,мотор,enriched_qc_pass
wfpt-00957,mudança,noun,,991,переезд,enriched_qc_pass
wfpt-04421,multa,noun,,4498,штраф,enriched_qc_pass
wfpt-00075,mundo,noun,,81,мир,enriched_qc_pass
wfpt-00958,município,noun,,992,муниципалитет,enriched_qc_pass
wfpt-08692,munição,noun,,8791,боеприпас,enriched_qc_pass
wfpt-04587,muro,noun,,4664,стена,enriched_qc_pass
wfpt-01771,museu,noun,,1822,музей,enriched_qc_pass
wfpt-05037,mágico,noun,,5116,волшебник,enriched_qc_pass
wfpt-01739,máquina,noun,,1790,машина,enriched_qc_pass
wfpt-11388,mártir,noun,,11505,мученик,enriched_qc_pass
wfpt-01531,máximo,noun,,1578,максим,enriched_qc_pass
wfpt-00160,mãe,noun,,170,мать,enriched_qc_pass
wfpt-00431,mão,noun,,451,рука,enriched_qc_pass
wfpt-00934,médico,noun,,968,врач,enriched_qc_pass
wfpt-01086,méxico,noun,,1123,мексика,enriched_qc_pass
wfpt-00424,mês,noun,,444,месяц,enriched_qc_pass
wfpt-04249,móvel,noun,,4325,мебель,enriched_qc_pass
wfpt-10107,músculo,noun,,10216,мышцы,enriched_qc_pass
wfpt-00238,música,noun,,250,музыка,enriched_qc_pass
wfpt-04089,músico,noun,,4163,музыкант,enriched_qc_pass
wfpt-07857,nacionalidade,noun,,7952,подданство,enriched_qc_pass
wfpt-00086,nada,noun,,92,ничто,enriched_qc_pass
wfpt-09434,nadar,verb,,9539,плавать,enriched_qc_pass
wfpt-02967,nariz,noun,,3028,нос,enriched_qc_pass
wfpt-09272,narrador,noun,,9375,рассказчик,enriched_qc_pass
wfpt-00838,natal,noun,,872,рождество,enriched_qc_pass
wfpt-07710,natação,noun,,7805,плавание,enriched_qc_pass
wfpt-06237,navegador,noun,,6323,браузер,enriched_qc_pass
wfpt-05150,navegação,noun,,5229,навигация,enriched_qc_pass
wfpt-02379,navio,noun,,2433,корабль,enriched_qc_pass
wfpt-02192,nação,noun,,2246,нация,enriched_qc_pass
wfpt-04090,negativo,noun,,4164,негатив,enriched_qc_pass
wfpt-01325,negro,noun,,1367,негр,enriched_qc_pass
wfpt-00935,negócio,noun,,969,сделка,enriched_qc_pass
wfpt-11391,nepal,noun,,11508,непал,enriched_qc_pass
wfpt-10111,neta,noun,,10220,вну́чка,enriched_qc_pass
wfpt-02471,neto,noun,,2525,внук,enriched_qc_pass
wfpt-03721,neve,noun,,3787,снег,enriched_qc_pass
wfpt-11570,nicarágua,noun,,11688,никарагуа,enriched_qc_pass
wfpt-10650,nice,noun,,10762,ницца,enriched_qc_pass
wfpt-09435,nicolas,noun,,9540,николай,enriched_qc_pass
wfpt-06131,nigéria,noun,,6216,нигерия,enriched_qc_pass
wfpt-07712,ninja,noun,,7807,ниндзя,enriched_qc_pass
wfpt-00167,noite,noun,,177,ночь,enriched_qc_pass
wfpt-04252,noiva,noun,,4328,невеста,enriched_qc_pass
wfpt-08694,nojo,noun,,8793,неприятие,enriched_qc_pass
wfpt-00378,norte,noun,,396,север,enriched_qc_pass
wfpt-08558,noruega,noun,,8656,норвегия,enriched_qc_pass
wfpt-07860,noturno,noun,,7955,ноктю́рн,enriched_qc_pass
wfpt-01453,nove,noun,,1500,девять,enriched_qc_pass
wfpt-02055,novela,noun,,2109,новелла,enriched_qc_pass
wfpt-00542,novembro,noun,,568,ноябрь,enriched_qc_pass
wfpt-06133,nuvem,noun,,6218,облако,enriched_qc_pass
wfpt-00530,nível,noun,,556,уровень,enriched_qc_pass
wfpt-00253,número,noun,,266,номер,enriched_qc_pass
wfpt-01248,números,noun,,1289,кни́га чи́сел,enriched_qc_pass
wfpt-09947,obedecer,verb,,10056,слушаться,enriched_qc_pass
wfpt-03439,observar,verb,,3503,следить,enriched_qc_pass
wfpt-03568,observação,noun,,3633,наблюдение,enriched_qc_pass
wfpt-11994,obsessão,noun,,12116,помешанность,enriched_qc_pass
wfpt-02282,ocasião,noun,,2336,случай,enriched_qc_pass
wfpt-03512,oceano,noun,,3577,океан,enriched_qc_pass
wfpt-04589,ocupar,verb,,4667,занимать,enriched_qc_pass
wfpt-02970,ocupação,noun,,3031,оккупация,enriched_qc_pass
wfpt-01602,oeste,noun,,1651,запад,enriched_qc_pass
wfpt-09439,ofender,verb,,9544,обижать,enriched_qc_pass
wfpt-02472,oferta,noun,,2526,оферта,enriched_qc_pass
wfpt-01212,olho,noun,,1251,око,enriched_qc_pass
wfpt-02005,onda,noun,,2059,волна,enriched_qc_pass
wfpt-01045,operação,noun,,1081,операция,enriched_qc_pass
wfpt-00840,opinião,noun,,874,взгляд,enriched_qc_pass
wfpt-01454,opção,noun,,1501,вариант,enriched_qc_pass
wfpt-11575,orar,verb,,11693,просить,enriched_qc_pass
wfpt-00582,ordem,noun,,609,заказ,enriched_qc_pass
wfpt-11576,ordenado,noun,,11694,оклад,enriched_qc_pass
wfpt-06968,orelha,noun,,7058,ухо,enriched_qc_pass
wfpt-06135,organismo,noun,,6220,организм,enriched_qc_pass
wfpt-00626,organização,noun,,654,организация,enriched_qc_pass
wfpt-06969,orquestra,noun,,7059,оркестр,enriched_qc_pass
wfpt-02837,orçamento,noun,,2896,бюджет,enriched_qc_pass
wfpt-05480,osso,noun,,5563,кость,enriched_qc_pass
wfpt-10467,otimista,noun,,10578,оптимист,enriched_qc_pass
wfpt-00842,ouro,noun,,876,бубны,enriched_qc_pass
wfpt-06137,outono,noun,,6222,осень,enriched_qc_pass
wfpt-00448,outubro,noun,,468,октябрь,enriched_qc_pass
wfpt-00485,ouvir,verb,,507,слушать,enriched_qc_pass
wfpt-04340,ovo,noun,,4416,яйцо,enriched_qc_pass
wfpt-06138,oxigênio,noun,,6223,кислород,enriched_qc_pass
wfpt-03362,paciência,noun,,3426,пасьянс,enriched_qc_pass
wfpt-11003,padaria,noun,,11116,пекарня,enriched_qc_pass
wfpt-00775,pagar,verb,,809,платить,enriched_qc_pass
wfpt-00228,pai,noun,,240,отец,enriched_qc_pass
wfpt-04495,paisagem,noun,,4572,пейзаж,enriched_qc_pass
wfpt-02228,paixão,noun,,2282,страсть,enriched_qc_pass
wfpt-00627,palavra,noun,,655,словo,enriched_qc_pass
wfpt-07104,palestina,noun,,7194,палестина,enriched_qc_pass
wfpt-08981,palha,noun,,9083,солома,enriched_qc_pass
wfpt-06367,palhaço,noun,,6455,шут,enriched_qc_pass
wfpt-02381,palácio,noun,,2435,дворец,enriched_qc_pass
wfpt-06368,panamá,noun,,6456,панама,enriched_qc_pass
wfpt-11581,panda,noun,,11699,панда,enriched_qc_pass
wfpt-07583,pandemia,noun,,7678,пандемия,enriched_qc_pass
wfpt-02150,papa,noun,,2204,папство,enriched_qc_pass
wfpt-03286,papai,noun,,3349,папа,enriched_qc_pass
wfpt-00432,papel,noun,,452,бумага,enriched_qc_pass
wfpt-05892,paquistão,noun,,5976,пакистан,enriched_qc_pass
wfpt-02006,par,noun,,2060,пара,enriched_qc_pass
wfpt-02102,parada,noun,,2156,aaa,enriched_qc_pass
wfpt-10300,paradigma,noun,,10409,парадигма,enriched_qc_pass
wfpt-03644,paraguai,noun,,3710,парагвай,enriched_qc_pass
wfpt-00628,parar,verb,,656,остановить,enriched_qc_pass
wfpt-03287,paraíso,noun,,3350,рай,enriched_qc_pass
wfpt-05585,parcela,noun,,5668,слагаемое,enriched_qc_pass
wfpt-01743,parecer,verb,,1794,появляться,enriched_qc_pass
wfpt-01966,parede,noun,,2020,стена,enriched_qc_pass
wfpt-01326,paris,noun,,1368,париж,enriched_qc_pass
wfpt-01019,parque,noun,,1055,парк,enriched_qc_pass
wfpt-00544,partido,noun,,570,партия,enriched_qc_pass
wfpt-08836,passageiro,noun,,8936,пассажир,enriched_qc_pass
wfpt-01455,passagem,noun,,1502,билет,enriched_qc_pass
wfpt-05896,passaporte,noun,,5980,паспорт,enriched_qc_pass
wfpt-03725,passeio,noun,,3791,прогулка,enriched_qc_pass
wfpt-00757,passo,noun,,790,след,enriched_qc_pass
wfpt-03035,pastor,noun,,3097,пастор,enriched_qc_pass
wfpt-07716,patente,noun,,7811,патент,enriched_qc_pass
wfpt-06244,pato,noun,,6330,утка,enriched_qc_pass
wfpt-05691,pausa,noun,,5774,пауза,enriched_qc_pass
wfpt-00433,paz,noun,,453,мир,enriched_qc_pass
wfpt-00202,país,noun,,214,страна,enriched_qc_pass
wfpt-08984,pecuária,noun,,9086,животново́дство,enriched_qc_pass
wfpt-01089,pedido,noun,,1126,приказ,enriched_qc_pass
wfpt-01604,pedra,noun,,1653,камень,enriched_qc_pass
wfpt-00796,pedro,noun,,830,пётр,enriched_qc_pass
wfpt-02287,peixe,noun,,2341,рыба,enriched_qc_pass
wfpt-02687,peixes,noun,,2744,рыбы,enriched_qc_pass
wfpt-01605,pele,noun,,1654,шкура,enriched_qc_pass
wfpt-00474,pena,noun,,496,перо,enriched_qc_pass
wfpt-01669,pensamento,noun,,1718,мышление,enriched_qc_pass
wfpt-09280,península,noun,,9383,полуостров,enriched_qc_pass
wfpt-05897,pequim,noun,,5982,пекин,enriched_qc_pass
wfpt-04425,perca,noun,,4502,о́кунь,enriched_qc_pass
wfpt-03215,perdão,noun,,3278,прощение,enriched_qc_pass
wfpt-02231,pereira,noun,,2285,груша,enriched_qc_pass
wfpt-05589,perfume,noun,,5672,духи,enriched_qc_pass
wfpt-00629,pergunta,noun,,657,вопрос,enriched_qc_pass
wfpt-01849,perigo,noun,,1902,опасность,enriched_qc_pass
wfpt-02973,permissão,noun,,3034,разрешение,enriched_qc_pass
wfpt-02385,peru,noun,,2439,перу,enriched_qc_pass
wfpt-08837,perímetro,noun,,8937,периметр,enriched_qc_pass
wfpt-05899,pesadelo,noun,,5984,кошмар,enriched_qc_pass
wfpt-08986,pesar,verb,,9088,весить,enriched_qc_pass
wfpt-04500,pesca,noun,,4577,рыболовство,enriched_qc_pass
wfpt-02841,pescoço,noun,,2900,шея,enriched_qc_pass
wfpt-01502,peso,noun,,1549,вес,enriched_qc_pass
wfpt-00425,pessoal,noun,,445,штат,enriched_qc_pass
wfpt-09952,peste,noun,,10061,бич,enriched_qc_pass
wfpt-07225,petição,noun,,7317,петиция,enriched_qc_pass
wfpt-02591,petróleo,noun,,2647,нефть,enriched_qc_pass
wfpt-05253,piano,noun,,5333,фортепиано,enriched_qc_pass
wfpt-09131,pilha,noun,,9233,ворох,enriched_qc_pass
wfpt-02335,piloto,noun,,2389,пилот,enriched_qc_pass
wfpt-05696,pinheiro,noun,,5779,сосна,enriched_qc_pass
wfpt-05794,pintar,verb,,5877,писать,enriched_qc_pass
wfpt-02788,pinto,noun,,2847,цыплёнок,enriched_qc_pass
wfpt-09446,pintor,noun,,9551,маляр,enriched_qc_pass
wfpt-02974,pintura,noun,,3035,картина,enriched_qc_pass
wfpt-07721,pirata,noun,,7816,пират,enriched_qc_pass
wfpt-09638,pirâmide,noun,,9744,пирамида,enriched_qc_pass
wfpt-11012,pisar,verb,,11125,топать,enriched_qc_pass
wfpt-02478,piscina,noun,,2532,бассейн,enriched_qc_pass
wfpt-07467,pistola,noun,,7561,пистолет,enriched_qc_pass
wfpt-04677,pizza,noun,,4755,пицца,enriched_qc_pass
wfpt-03446,placa,noun,,3510,знак,enriched_qc_pass
wfpt-06245,planalto,noun,,6331,плато,enriched_qc_pass
wfpt-01250,planeta,noun,,1291,планета,enriched_qc_pass
wfpt-00545,plano,noun,,571,плоскость,enriched_qc_pass
wfpt-03038,planta,noun,,3100,растения,enriched_qc_pass
wfpt-11014,plural,noun,,11127,множественное число,enriched_qc_pass
wfpt-04259,pobreza,noun,,4335,бедность,enriched_qc_pass
wfpt-06831,poeira,noun,,6921,пыль,enriched_qc_pass
wfpt-04097,poema,noun,,4171,стихотворение,enriched_qc_pass
wfpt-02642,poesia,noun,,2698,поэзия,enriched_qc_pass
wfpt-03726,poeta,noun,,3792,поэт,enriched_qc_pass
wfpt-00758,político,noun,,791,политик,enriched_qc_pass
wfpt-08569,polônia,noun,,8667,польша,enriched_qc_pass
wfpt-01808,ponte,noun,,1859,мост,enriched_qc_pass
wfpt-06976,pontuação,noun,,7066,препинание,enriched_qc_pass
wfpt-00334,população,noun,,351,население,enriched_qc_pass
wfpt-05795,porco,noun,,5878,кабан,enriched_qc_pass
wfpt-00798,porta,noun,,832,дверь,enriched_qc_pass
wfpt-01636,portal,noun,,1685,портал,enriched_qc_pass
wfpt-00475,portugal,noun,,497,португалия,enriched_qc_pass
wfpt-00515,português,noun,,541,португальский,enriched_qc_pass
wfpt-07110,porção,noun,,7200,порция,enriched_qc_pass
wfpt-03101,positivo,noun,,3163,позитив,enriched_qc_pass
wfpt-01535,possibilidade,noun,,1583,возможность,enriched_qc_pass
wfpt-01673,posto,noun,,1722,азс,enriched_qc_pass
wfpt-10477,pote,noun,,10588,горшок,enriched_qc_pass
wfpt-01851,potencial,noun,,1904,возможность,enriched_qc_pass
wfpt-08988,poupar,verb,,9090,сберегать,enriched_qc_pass
wfpt-00413,povo,noun,,432,народ,enriched_qc_pass
wfpt-08841,prado,noun,,8941,прерия,enriched_qc_pass
wfpt-00799,praia,noun,,833,пляж,enriched_qc_pass
wfpt-02975,prata,noun,,3036,серебро,enriched_qc_pass
wfpt-03367,prato,noun,,3431,тарелка,enriched_qc_pass
wfpt-01184,praça,noun,,1223,площадь,enriched_qc_pass
wfpt-01888,precisar,verb,,1941,нуждаться,enriched_qc_pass
wfpt-03944,preconceito,noun,,4015,предрассудок,enriched_qc_pass
wfpt-10478,preferir,verb,,10589,предпочесть,enriched_qc_pass
wfpt-10314,preguiça,noun,,10423,лень,enriched_qc_pass
wfpt-07589,prejudicar,verb,,7684,вредить,enriched_qc_pass
wfpt-07590,prejuízo,noun,,7685,брак,enriched_qc_pass
wfpt-04022,prender,verb,,4096,увлечь,enriched_qc_pass
wfpt-03646,preparação,noun,,3712,подготовка,enriched_qc_pass
wfpt-00821,presença,noun,,855,присутствие,enriched_qc_pass
wfpt-00203,presidente,noun,,215,президент,enriched_qc_pass
wfpt-04592,pressa,noun,,4670,спешка,enriched_qc_pass
wfpt-08703,pressionar,verb,,8803,давить,enriched_qc_pass
wfpt-01113,pressão,noun,,1151,давление,enriched_qc_pass
wfpt-11592,pretexto,noun,,11710,повод,enriched_qc_pass
wfpt-04260,previsão,noun,,4336,прогноз,enriched_qc_pass
wfpt-00962,preço,noun,,996,цена,enriched_qc_pass
wfpt-02844,prima,noun,,2903,кузина,enriched_qc_pass
wfpt-03162,primavera,noun,,3224,весна,enriched_qc_pass
wfpt-02733,primo,noun,,2792,кузен,enriched_qc_pass
wfpt-01746,princesa,noun,,1797,принцесса,enriched_qc_pass
wfpt-01852,princípio,noun,,1905,нача́ло,enriched_qc_pass
wfpt-07870,prisioneiro,noun,,7965,пленник,enriched_qc_pass
wfpt-06600,privilégio,noun,,6689,привилегия,enriched_qc_pass
wfpt-05797,probabilidade,noun,,5880,вероятность,enriched_qc_pass
wfpt-00283,problema,noun,,299,проблема,enriched_qc_pass
wfpt-04261,procedimento,noun,,4337,процедура,enriched_qc_pass
wfpt-00341,processo,noun,,358,иск,enriched_qc_pass
wfpt-01114,procura,noun,,1152,поиск,enriched_qc_pass
wfpt-04099,procurador,noun,,4173,прокурор,enriched_qc_pass
wfpt-01397,procurar,verb,,1444,искать,enriched_qc_pass
wfpt-01810,produto,noun,,1861,продукция,enriched_qc_pass
wfpt-03517,produtor,noun,,3582,продюсер,enriched_qc_pass
wfpt-02058,produzir,verb,,2112,делать,enriched_qc_pass
wfpt-00451,produção,noun,,471,производство,enriched_qc_pass
wfpt-00561,professor,noun,,588,учитель,enriched_qc_pass
wfpt-06602,profeta,noun,,6691,пророк,enriched_qc_pass
wfpt-11594,profissionalismo,noun,,11712,профессионализм,enriched_qc_pass
wfpt-00306,programa,noun,,323,программа,enriched_qc_pass
wfpt-03163,progresso,noun,,3225,прогресс,enriched_qc_pass
wfpt-11595,proibir,verb,,11713,запретить,enriched_qc_pass
wfpt-06485,proibição,noun,,6573,запрет,enriched_qc_pass
wfpt-00272,projeto,noun,,288,проект,enriched_qc_pass
wfpt-08152,projeção,noun,,8248,проекция,enriched_qc_pass
wfpt-06251,proporção,noun,,6337,пропорция,enriched_qc_pass
wfpt-03650,proprietário,noun,,3716,хозяин,enriched_qc_pass
wfpt-10136,prostituição,noun,,10245,проституция,enriched_qc_pass
wfpt-04868,protagonista,noun,,4946,протагонист,enriched_qc_pass
wfpt-08154,proteína,noun,,8250,белок,enriched_qc_pass
wfpt-04434,protocolo,noun,,4511,протокол,enriched_qc_pass
wfpt-00661,prova,noun,,690,испытание,enriched_qc_pass
wfpt-02059,província,noun,,2113,провинция,enriched_qc_pass
wfpt-01639,prédio,noun,,1688,здание,enriched_qc_pass
wfpt-01458,príncipe,noun,,1505,принц,enriched_qc_pass
wfpt-04101,psicologia,noun,,4175,психология,enriched_qc_pass
wfpt-09136,psicólogo,noun,,9238,психолог,enriched_qc_pass
wfpt-11215,psiquiatra,noun,,11332,психиатр,enriched_qc_pass
wfpt-01537,publicação,noun,,1585,издание,enriched_qc_pass
wfpt-09645,pulmão,noun,,9751,лёгкие,enriched_qc_pass
wfpt-11600,pulseira,noun,,11718,браслет,enriched_qc_pass
wfpt-05904,punição,noun,,5989,наказание,enriched_qc_pass
wfpt-01459,puta,noun,,1506,блядь,enriched_qc_pass
wfpt-08282,pássaro,noun,,8378,птица,enriched_qc_pass
wfpt-05906,pátria,noun,,5991,отчизна,enriched_qc_pass
wfpt-03788,pânico,noun,,3857,паника,enriched_qc_pass
wfpt-01889,pão,noun,,1942,хлеб,enriched_qc_pass
wfpt-10487,pérola,noun,,10598,жемчуг,enriched_qc_pass
wfpt-06375,pênis,noun,,6463,пенис,enriched_qc_pass
wfpt-09966,pódio,noun,,10075,по́диум,enriched_qc_pass
wfpt-08002,quadrado,noun,,8097,квадрат,enriched_qc_pass
wfpt-07472,quadrilha,noun,,7566,рил,enriched_qc_pass
wfpt-01938,quadro,noun,,1991,кадр,enriched_qc_pass
wfpt-00963,qualidade,noun,,997,качество,enriched_qc_pass
wfpt-01329,quantidade,noun,,1371,количество,enriched_qc_pass
wfpt-02738,quebrar,verb,,2797,ломаться,enriched_qc_pass
wfpt-01574,queda,noun,,1623,падение,enriched_qc_pass
wfpt-03040,queijo,noun,,3102,сыр,enriched_qc_pass
wfpt-05257,queimar,verb,,5337,жечь,enriched_qc_pass
wfpt-11217,queixo,noun,,11334,подбородок,enriched_qc_pass
wfpt-00986,querer,verb,,1021,хотеть,enriched_qc_pass
wfpt-00531,questão,noun,,557,вопрос,enriched_qc_pass
wfpt-06257,quintal,noun,,6343,центнер,enriched_qc_pass
wfpt-02386,química,noun,,2440,химия,enriched_qc_pass
wfpt-08432,químico,noun,,8528,химик,enriched_qc_pass
wfpt-04029,rabo,noun,,4103,хвост,enriched_qc_pass
wfpt-05058,racismo,noun,,5137,расизм,enriched_qc_pass
wfpt-04961,radical,noun,,5040,радикал,enriched_qc_pass
wfpt-02061,rafael,noun,,2115,рафаил,enriched_qc_pass
wfpt-01187,rainha,noun,,1226,королева,enriched_qc_pass
wfpt-01940,raio,noun,,1993,молния,enriched_qc_pass
wfpt-01853,raiva,noun,,1906,бешенство,enriched_qc_pass
wfpt-04435,raiz,noun,,4512,корень,enriched_qc_pass
wfpt-08994,raposa,noun,,9096,лиса,enriched_qc_pass
wfpt-05167,rato,noun,,5246,мышь,enriched_qc_pass
wfpt-00760,razão,noun,,793,разум,enriched_qc_pass
wfpt-02481,raça,noun,,2535,раса,enriched_qc_pass
wfpt-00776,realidade,noun,,810,реальность,enriched_qc_pass
wfpt-07874,rebelião,noun,,7969,бунт,enriched_qc_pass
wfpt-03220,receita,noun,,3283,выручка,enriched_qc_pass
wfpt-03948,recepção,noun,,4019,вахта,enriched_qc_pass
wfpt-02848,recife,noun,,2907,риф,enriched_qc_pass
wfpt-08005,reclamação,noun,,8100,стенание,enriched_qc_pass
wfpt-03371,recurso,noun,,3435,ресурс,enriched_qc_pass
wfpt-05168,recusa,noun,,5247,отказ,enriched_qc_pass
wfpt-00384,rede,noun,,402,сеть,enriched_qc_pass
wfpt-10322,referendo,noun,,10431,референдум,enriched_qc_pass
wfpt-06717,reflexo,noun,,6806,рефлекс,enriched_qc_pass
wfpt-01427,reforma,noun,,1474,рефо́рма,enriched_qc_pass
wfpt-11414,refém,noun,,11531,заложник,enriched_qc_pass
wfpt-01460,regime,noun,,1507,режим,enriched_qc_pass
wfpt-07367,regimento,noun,,7460,полк,enriched_qc_pass
wfpt-05704,registrar,verb,,5787,регистрировать,enriched_qc_pass
wfpt-00273,região,noun,,289,регион,enriched_qc_pass
wfpt-02539,regra,noun,,2594,правило,enriched_qc_pass
wfpt-03222,regular,verb,,3285,регулировать,enriched_qc_pass
wfpt-00761,rei,noun,,794,король,enriched_qc_pass
wfpt-03450,reis,noun,,3514,кни́га царе́й,enriched_qc_pass
wfpt-06844,reitor,noun,,6934,ректор,enriched_qc_pass
wfpt-01219,relatório,noun,,1258,отчёт,enriched_qc_pass
wfpt-06027,relaxar,verb,,6112,отдыхать,enriched_qc_pass
wfpt-00363,relação,noun,,381,связь,enriched_qc_pass
wfpt-01674,religião,noun,,1723,религия,enriched_qc_pass
wfpt-03576,relógio,noun,,3641,часы,enriched_qc_pass
wfpt-10151,remix,noun,,10260,ремикс,enriched_qc_pass
wfpt-04438,remédio,noun,,4515,лекарство,enriched_qc_pass
wfpt-02108,renda,noun,,2162,доход,enriched_qc_pass
wfpt-07729,renúncia,noun,,7824,отказ,enriched_qc_pass
wfpt-08851,reparar,verb,,8951,заметить,enriched_qc_pass
wfpt-03518,reportagem,noun,,3583,доклад,enriched_qc_pass
wfpt-02441,representante,noun,,2495,староста,enriched_qc_pass
wfpt-00744,república,noun,,776,республика,enriched_qc_pass
wfpt-04514,resenha,noun,,4591,рецензия,enriched_qc_pass
wfpt-05598,resistir,verb,,5681,отбиваться,enriched_qc_pass
wfpt-01577,resistência,noun,,1626,сопротивление,enriched_qc_pass
wfpt-02200,resolução,noun,,2254,решение,enriched_qc_pass
wfpt-01429,resolver,verb,,1476,решить,enriched_qc_pass
wfpt-00532,respeito,noun,,558,уважение,enriched_qc_pass
wfpt-06611,respiração,noun,,6700,дыхание,enriched_qc_pass
wfpt-00730,resposta,noun,,762,ответ,enriched_qc_pass
wfpt-02484,restaurante,noun,,2538,ресторан,enriched_qc_pass
wfpt-07732,restauração,noun,,7827,реституция,enriched_qc_pass
wfpt-00607,resultado,noun,,635,итог,enriched_qc_pass
wfpt-05599,reta,noun,,5682,прямая,enriched_qc_pass
wfpt-11611,retórica,noun,,11729,риторика,enriched_qc_pass
wfpt-01021,reunião,noun,,1057,воссоединение,enriched_qc_pass
wfpt-00802,revista,noun,,836,журнал,enriched_qc_pass
wfpt-01578,revolução,noun,,1627,переворот,enriched_qc_pass
wfpt-07371,rezar,verb,,7464,молиться,enriched_qc_pass
wfpt-01748,ricardo,noun,,1799,ричард,enriched_qc_pass
wfpt-00163,rio,noun,,173,река,enriched_qc_pass
wfpt-01048,risco,noun,,1084,риск,enriched_qc_pass
wfpt-10325,riso,noun,,10434,смех,enriched_qc_pass
wfpt-03044,ritmo,noun,,3106,темп,enriched_qc_pass
wfpt-01893,roberto,noun,,1946,роберт,enriched_qc_pass
wfpt-07735,robô,noun,,7830,робот,enriched_qc_pass
wfpt-02981,rocha,noun,,3042,скала,enriched_qc_pass
wfpt-08712,rolar,verb,,8812,катиться,enriched_qc_pass
wfpt-07372,romanos,noun,,7465,посла́ние к ри́млянам,enriched_qc_pass
wfpt-11615,rompimento,noun,,11733,разрыв,enriched_qc_pass
wfpt-10327,roraima,noun,,10436,рорайма,enriched_qc_pass
wfpt-01504,rosa,noun,,1551,роза,enriched_qc_pass
wfpt-01160,rosto,noun,,1199,лицо,enriched_qc_pass
wfpt-08163,rosário,noun,,8259,чётки,enriched_qc_pass
wfpt-03169,roubar,verb,,3231,воровать,enriched_qc_pass
wfpt-03659,roubo,noun,,3725,кража,enriched_qc_pass
wfpt-01330,roupa,noun,,1372,костюм,enriched_qc_pass
wfpt-00401,rua,noun,,420,улица,enriched_qc_pass
wfpt-01894,russo,noun,,1947,русский,enriched_qc_pass
wfpt-00823,rádio,noun,,857,радий,enriched_qc_pass
wfpt-01331,rússia,noun,,1373,россия,enriched_qc_pass
wfpt-04518,sabor,noun,,4595,вкус,enriched_qc_pass
wfpt-10675,sabão,noun,,10787,мыло,enriched_qc_pass
wfpt-05708,sacrifício,noun,,5791,жертвоприношение,enriched_qc_pass
wfpt-06031,saga,noun,,6116,сага,enriched_qc_pass
wfpt-03106,sal,noun,,3168,соль,enriched_qc_pass
wfpt-07479,salada,noun,,7573,салат,enriched_qc_pass
wfpt-10498,saltar,verb,,10609,прыгать,enriched_qc_pass
wfpt-01814,salvar,verb,,1865,спасать,enriched_qc_pass
wfpt-06032,salvação,noun,,6117,спасение,enriched_qc_pass
wfpt-02342,salário,noun,,2396,зарплата,enriched_qc_pass
wfpt-02694,salão,noun,,2751,зал,enriched_qc_pass
wfpt-06151,samuel,noun,,6236,самойло,enriched_qc_pass
wfpt-01094,sangue,noun,,1131,кровь,enriched_qc_pass
wfpt-06851,santuário,noun,,6941,рака,enriched_qc_pass
wfpt-06991,sapato,noun,,7081,ботинок,enriched_qc_pass
wfpt-09300,sapo,noun,,9403,жаба,enriched_qc_pass
wfpt-09655,satisfazer,verb,,9761,удовлетворить,enriched_qc_pass
wfpt-04036,satélite,noun,,4110,спутник,enriched_qc_pass
wfpt-01162,saída,noun,,1201,выход,enriched_qc_pass
wfpt-01541,secretário,noun,,1589,секретарь,enriched_qc_pass
wfpt-08857,seda,noun,,8958,шелк,enriched_qc_pass
wfpt-01095,sede,noun,,1132,жажда,enriched_qc_pass
wfpt-02155,segredo,noun,,2209,тайна,enriched_qc_pass
wfpt-00563,seguir,verb,,590,следовать,enriched_qc_pass
wfpt-00164,segundo,noun,,174,второй,enriched_qc_pass
wfpt-04192,segurar,verb,,4268,держать,enriched_qc_pass
wfpt-01366,seguro,noun,,1410,страхование,enriched_qc_pass
wfpt-00890,seleção,noun,,924,отбор,enriched_qc_pass
wfpt-05274,selo,noun,,5354,лейбл,enriched_qc_pass
wfpt-07600,selva,noun,,7695,джунгли,enriched_qc_pass
wfpt-05066,selvagem,noun,,5145,дикарь,enriched_qc_pass
wfpt-00218,semana,noun,,230,неделя,enriched_qc_pass
wfpt-06389,semelhança,noun,,6477,сходство,enriched_qc_pass
wfpt-09657,semente,noun,,9763,семя,enriched_qc_pass
wfpt-04778,seminário,noun,,4856,семинар,enriched_qc_pass
wfpt-08858,sena,noun,,8959,сена,enriched_qc_pass
wfpt-01943,senado,noun,,1996,сенат,enriched_qc_pass
wfpt-01944,senador,noun,,1997,сенатор,enriched_qc_pass
wfpt-11843,senegal,noun,,11964,сенегал,enriched_qc_pass
wfpt-03869,senha,noun,,3940,пароль,enriched_qc_pass
wfpt-00476,senhor,noun,,498,господин,enriched_qc_pass
wfpt-10852,senhorita,noun,,10964,девушка,enriched_qc_pass
wfpt-03523,sentença,noun,,3588,приговор,enriched_qc_pass
wfpt-01815,sentimento,noun,,1866,чувство,enriched_qc_pass
wfpt-00662,sentir,verb,,691,чувствовать,enriched_qc_pass
wfpt-04964,separar,verb,,5043,отделиться,enriched_qc_pass
wfpt-11846,sereia,noun,,11967,сирен,enriched_qc_pass
wfpt-11229,serpente,noun,,11346,змея,enriched_qc_pass
wfpt-04686,servidor,noun,,4764,сервер,enriched_qc_pass
wfpt-00504,serviço,noun,,528,обряд,enriched_qc_pass
wfpt-00489,setembro,noun,,512,сентябрь,enriched_qc_pass
wfpt-01580,setor,noun,,1629,сектор,enriched_qc_pass
wfpt-00650,sexo,noun,,678,пол,enriched_qc_pass
wfpt-07882,sigilo,noun,,7977,секретность,enriched_qc_pass
wfpt-02237,significado,noun,,2291,значение,enriched_qc_pass
wfpt-11230,silas,noun,,11347,сила,enriched_qc_pass
wfpt-01367,silêncio,noun,,1411,тишина,enriched_qc_pass
wfpt-01140,sinal,noun,,1179,сигнал,enriched_qc_pass
wfpt-11232,sinceridade,noun,,11349,искренность,enriched_qc_pass
wfpt-03524,sindicato,noun,,3589,профсоюз,enriched_qc_pass
wfpt-08719,singapura,noun,,8819,сингапур,enriched_qc_pass
wfpt-07602,singular,noun,,7697,единственное число,enriched_qc_pass
wfpt-07743,sino,noun,,7838,колокол,enriched_qc_pass
wfpt-08020,sinônimo,noun,,8115,синоним,enriched_qc_pass
wfpt-00259,sistema,noun,,272,система,enriched_qc_pass
wfpt-09476,sistemática,noun,,9581,систематика,enriched_qc_pass
wfpt-06856,soberania,noun,,6946,суверенитет,enriched_qc_pass
wfpt-07378,sobra,noun,,7471,обрезки,enriched_qc_pass
wfpt-09156,sobremesa,noun,,9258,десерт,enriched_qc_pass
wfpt-02238,sobretudo,noun,,2292,плащ,enriched_qc_pass
wfpt-04193,sobreviver,verb,,4269,переживать,enriched_qc_pass
wfpt-04037,sobrevivência,noun,,4111,выживание,enriched_qc_pass
wfpt-05070,sobrinho,noun,,5149,племянник,enriched_qc_pass
wfpt-09006,socialismo,noun,,9108,социализм,enriched_qc_pass
wfpt-00452,sociedade,noun,,472,общество,enriched_qc_pass
wfpt-06620,sociologia,noun,,6709,социология,enriched_qc_pass
wfpt-02487,sofrimento,noun,,2541,страдание,enriched_qc_pass
wfpt-10855,sogra,noun,,10967,тёща,enriched_qc_pass
wfpt-06390,soja,noun,,6478,соевые бобы,enriched_qc_pass
wfpt-00732,sol,noun,,764,соль,enriched_qc_pass
wfpt-03872,soldado,noun,,3943,солдат,enriched_qc_pass
wfpt-04522,solidariedade,noun,,4599,солидарность,enriched_qc_pass
wfpt-01332,solução,noun,,1374,раствор,enriched_qc_pass
wfpt-01097,som,noun,,1134,звук,enriched_qc_pass
wfpt-03173,sombra,noun,,3235,тень,enriched_qc_pass
wfpt-05497,sonhar,verb,,5580,мечтать,enriched_qc_pass
wfpt-01022,sonho,noun,,1058,сон,enriched_qc_pass
wfpt-02851,sono,noun,,2910,сон,enriched_qc_pass
wfpt-04275,sopa,noun,,4351,суп,enriched_qc_pass
wfpt-06622,sorvete,noun,,6711,мороженое,enriched_qc_pass
wfpt-08864,submarino,noun,,8965,подводная лодка,enriched_qc_pass
wfpt-00548,sucesso,noun,,574,успех,enriched_qc_pass
wfpt-08300,sucessão,noun,,8396,чередование,enriched_qc_pass
wfpt-04782,suco,noun,,4860,сок,enriched_qc_pass
wfpt-03581,sudeste,noun,,3646,юго-восток,enriched_qc_pass
wfpt-07482,sudoeste,noun,,7576,юго-запад,enriched_qc_pass
wfpt-08301,sudão,noun,,8397,судан,enriched_qc_pass
wfpt-06726,sugerir,verb,,6815,предложить,enriched_qc_pass
wfpt-03299,suicídio,noun,,3362,суицид,enriched_qc_pass
wfpt-00275,sul,noun,,291,юг,enriched_qc_pass
wfpt-09982,suor,noun,,10091,пот,enriched_qc_pass
wfpt-07131,supermercado,noun,,7221,супермаркет,enriched_qc_pass
wfpt-06159,supervisão,noun,,6244,надзор,enriched_qc_pass
wfpt-01608,surpresa,noun,,1657,сюрприз,enriched_qc_pass
wfpt-05712,suécia,noun,,5795,швеция,enriched_qc_pass
wfpt-04523,suíça,noun,,4600,швейцария,enriched_qc_pass
wfpt-00846,sábado,noun,,880,суббота,enriched_qc_pass
wfpt-01065,século,noun,,1102,век,enriched_qc_pass
wfpt-04783,sérvia,noun,,4861,сербия,enriched_qc_pass
wfpt-11240,sérvio,noun,,11357,cерб,enriched_qc_pass
wfpt-05606,síndrome,noun,,5689,синдром,enriched_qc_pass
wfpt-03796,síria,noun,,3865,сирия,enriched_qc_pass
wfpt-01855,sítio,noun,,1908,осада,enriched_qc_pass
wfpt-10169,sódio,noun,,10278,натрий,enriched_qc_pass
wfpt-09011,tabaco,noun,,9113,табак,enriched_qc_pass
wfpt-05607,tailândia,noun,,5690,таиланд,enriched_qc_pass
wfpt-07383,taiwan,noun,,7476,китайская республика,enriched_qc_pass
wfpt-02853,talento,noun,,2912,талант,enriched_qc_pass
wfpt-06263,tanque,noun,,6349,танк,enriched_qc_pass
wfpt-11242,tanzânia,noun,,11359,танзания,enriched_qc_pass
wfpt-07604,tapete,noun,,7699,ковёр,enriched_qc_pass
wfpt-11443,tartaruga,noun,,11560,черепаха,enriched_qc_pass
wfpt-01542,taxa,noun,,1590,налог,enriched_qc_pass
wfpt-01543,teatro,noun,,1591,театр,enriched_qc_pass
wfpt-04601,tecido,noun,,4679,ткань,enriched_qc_pass
wfpt-05389,teclado,noun,,5470,клавиатура,enriched_qc_pass
wfpt-00651,tecnologia,noun,,679,технология,enriched_qc_pass
wfpt-01899,tela,noun,,1952,экран,enriched_qc_pass
wfpt-01221,telefone,noun,,1260,телефон,enriched_qc_pass
wfpt-00916,televisão,noun,,950,телевизор,enriched_qc_pass
wfpt-07607,telhado,noun,,7702,крыша,enriched_qc_pass
wfpt-02391,temperatura,noun,,2445,температура,enriched_qc_pass
wfpt-03742,templo,noun,,3808,храм,enriched_qc_pass
wfpt-02392,tendência,noun,,2446,тенденция,enriched_qc_pass
wfpt-03459,tenente,noun,,3523,лейтенант,enriched_qc_pass
wfpt-02854,tensão,noun,,2913,напряжение,enriched_qc_pass
wfpt-00631,tentar,verb,,659,стараться,enriched_qc_pass
wfpt-01610,tentativa,noun,,1659,попытка,enriched_qc_pass
wfpt-10171,tentação,noun,,10280,искуше́ние,enriched_qc_pass
wfpt-08451,teologia,noun,,8548,богословие,enriched_qc_pass
wfpt-01611,teoria,noun,,1660,теория,enriched_qc_pass
wfpt-11055,terapeuta,noun,,11168,терапевт,enriched_qc_pass
wfpt-03743,terapia,noun,,3809,терапия,enriched_qc_pass
wfpt-00314,terra,noun,,331,земля,enriched_qc_pass
wfpt-09013,terremoto,noun,,9115,землетрясение,enriched_qc_pass
wfpt-01190,território,noun,,1229,территория,enriched_qc_pass
wfpt-05390,terrorista,noun,,5471,террорист,enriched_qc_pass
wfpt-04446,tesouro,noun,,4523,клад,enriched_qc_pass
wfpt-07251,testa,noun,,7343,лоб,enriched_qc_pass
wfpt-01368,teste,noun,,1412,тест,enriched_qc_pass
wfpt-00652,texto,noun,,680,текст,enriched_qc_pass
wfpt-02347,tia,noun,,2401,тётя,enriched_qc_pass
wfpt-03665,tiago,noun,,3731,иа́ков,enriched_qc_pass
wfpt-06161,tigre,noun,,6246,тигр,enriched_qc_pass
wfpt-00519,time,noun,,545,команда,enriched_qc_pass
wfpt-02157,tio,noun,,2211,дядя,enriched_qc_pass
wfpt-00182,tipo,noun,,192,тип,enriched_qc_pass
wfpt-01900,tira,noun,,1953,полоса,enriched_qc_pass
wfpt-01433,tiro,noun,,1480,выстрел,enriched_qc_pass
wfpt-07748,toalha,noun,,7843,полотенце,enriched_qc_pass
wfpt-02491,toca,noun,,2545,нора́,enriched_qc_pass
wfpt-01613,tocar,verb,,1662,играть,enriched_qc_pass
wfpt-10863,tocha,noun,,10975,факел,enriched_qc_pass
wfpt-00584,tomar,verb,,611,пить,enriched_qc_pass
wfpt-10173,tomate,noun,,10282,томат,enriched_qc_pass
wfpt-04692,tornado,noun,,4770,смерч,enriched_qc_pass
wfpt-05281,tortura,noun,,5361,пытка,enriched_qc_pass
wfpt-07888,touro,noun,,7983,телец,enriched_qc_pass
wfpt-04526,trabalhador,noun,,4603,работник,enriched_qc_pass
wfpt-00549,trabalhar,verb,,575,работать,enriched_qc_pass
wfpt-00121,trabalho,noun,,131,труд,enriched_qc_pass
wfpt-02067,tradição,noun,,2121,традиция,enriched_qc_pass
wfpt-06866,tradutor,noun,,6956,переводчик,enriched_qc_pass
wfpt-05714,traduzir,verb,,5797,переводить,enriched_qc_pass
wfpt-00610,tradução,noun,,638,перевод,enriched_qc_pass
wfpt-09484,trair,verb,,9589,предать,enriched_qc_pass
wfpt-05284,traição,noun,,5364,предательство,enriched_qc_pass
wfpt-05499,trajetória,noun,,5582,траектория,enriched_qc_pass
wfpt-04040,transformação,noun,,4114,превращение,enriched_qc_pass
wfpt-01945,transmissão,noun,,1998,коробка передач,enriched_qc_pass
wfpt-04969,transparência,noun,,5048,прозрачность,enriched_qc_pass
wfpt-01024,transporte,noun,,1060,перевозка,enriched_qc_pass
wfpt-09992,traseiro,noun,,10101,зад,enriched_qc_pass
wfpt-02443,tratado,noun,,2497,трактат,enriched_qc_pass
wfpt-01224,trazer,verb,,1263,принести,enriched_qc_pass
wfpt-03956,treinar,verb,,4028,тренирова́ться,enriched_qc_pass
wfpt-02203,trem,noun,,2257,поезд,enriched_qc_pass
wfpt-10696,trilogia,noun,,10808,трилогия,enriched_qc_pass
wfpt-03378,tristeza,noun,,3442,грусть,enriched_qc_pass
wfpt-08874,triângulo,noun,,8975,треугольник,enriched_qc_pass
wfpt-01225,troca,noun,,1264,обмен,enriched_qc_pass
wfpt-07751,troco,noun,,7846,сдача,enriched_qc_pass
wfpt-06044,troféu,noun,,6129,трофей,enriched_qc_pass
wfpt-08454,tronco,noun,,8551,ствол,enriched_qc_pass
wfpt-05924,trono,noun,,6009,престол,enriched_qc_pass
wfpt-02600,trânsito,noun,,2656,транзит,enriched_qc_pass
wfpt-07752,tubarão,noun,,7847,акула,enriched_qc_pass
wfpt-07137,tubo,noun,,7227,труба,enriched_qc_pass
wfpt-10512,tunísia,noun,,10623,тунис,enriched_qc_pass
wfpt-02158,turismo,noun,,2212,туризм,enriched_qc_pass
wfpt-10513,turista,noun,,10624,турист,enriched_qc_pass
wfpt-03667,turquia,noun,,3733,турция,enriched_qc_pass
wfpt-01614,técnica,noun,,1663,техника,enriched_qc_pass
wfpt-01369,técnico,noun,,1413,тренер,enriched_qc_pass
wfpt-03231,tênis,noun,,3294,теннис,enriched_qc_pass
wfpt-07004,túmulo,noun,,7094,могила,enriched_qc_pass
wfpt-06631,túnel,noun,,6720,тоннель,enriched_qc_pass
wfpt-05183,ucrânia,noun,,5262,украина,enriched_qc_pass
wfpt-11253,uganda,noun,,11370,уганда,enriched_qc_pass
wfpt-09490,unanimidade,noun,,9595,единодушие,enriched_qc_pass
wfpt-05717,unesco,noun,,5800,юнеско,enriched_qc_pass
wfpt-11064,unha,noun,,11177,ноготь,enriched_qc_pass
wfpt-04041,uniforme,noun,,4115,форма,enriched_qc_pass
wfpt-00385,universidade,noun,,403,университет,enriched_qc_pass
wfpt-01545,universo,noun,,1593,вселенная,enriched_qc_pass
wfpt-00781,união,noun,,815,союз,enriched_qc_pass
wfpt-10343,urina,noun,,10453,моча,enriched_qc_pass
wfpt-07005,urso,noun,,7095,медведь,enriched_qc_pass
wfpt-03586,uruguai,noun,,3651,уругвай,enriched_qc_pass
wfpt-00342,usar,verb,,359,использовать,enriched_qc_pass
wfpt-01507,usuário,noun,,1554,участник,enriched_qc_pass
wfpt-02698,utilizar,verb,,2755,использовать,enriched_qc_pass
wfpt-09022,uva,noun,,9124,виноград,enriched_qc_pass
wfpt-04609,vaca,noun,,4687,корова,enriched_qc_pass
wfpt-06396,vacina,noun,,6484,вакцина,enriched_qc_pass
wfpt-08604,vagina,noun,,8702,вагина,enriched_qc_pass
wfpt-11068,validade,noun,,11181,действительность,enriched_qc_pass
wfpt-09833,vampiro,noun,,9941,вампир,enriched_qc_pass
wfpt-11644,vanguarda,noun,,11764,авангард,enriched_qc_pass
wfpt-08878,varanda,noun,,8979,балкон,enriched_qc_pass
wfpt-08880,variável,noun,,8981,переменная,enriched_qc_pass
wfpt-03053,vasco,noun,,3115,vásko,enriched_qc_pass
wfpt-08735,vaso,noun,,8835,ваза,enriched_qc_pass
wfpt-06732,vaticano,noun,,6821,ватикан,enriched_qc_pass
wfpt-10699,veia,noun,,10811,вена,enriched_qc_pass
wfpt-05397,vela,noun,,5478,парус,enriched_qc_pass
wfpt-00893,velho,noun,,927,старик,enriched_qc_pass
wfpt-01435,velocidade,noun,,1482,скорость,enriched_qc_pass
wfpt-02797,vencedor,noun,,2856,призёр,enriched_qc_pass
wfpt-06398,veneno,noun,,6486,яд,enriched_qc_pass
wfpt-10871,veneza,noun,,10983,венеция,enriched_qc_pass
wfpt-02921,venezuela,noun,,2981,венесуэла,enriched_qc_pass
wfpt-01901,vento,noun,,1954,ветер,enriched_qc_pass
wfpt-00088,ver,verb,,94,видеть,enriched_qc_pass
wfpt-00196,verdade,noun,,208,истина,enriched_qc_pass
wfpt-01643,vergonha,noun,,1692,стыд,enriched_qc_pass
wfpt-08737,verso,noun,,8837,вирши,enriched_qc_pass
wfpt-00988,verão,noun,,1024,лето,enriched_qc_pass
wfpt-04201,vestir,verb,,4277,ходить,enriched_qc_pass
wfpt-10181,vestuário,noun,,10290,одежда,enriched_qc_pass
wfpt-09671,veterano,noun,,9777,ветеран,enriched_qc_pass
wfpt-02492,veículo,noun,,2546,транспортное средство,enriched_qc_pass
wfpt-00782,viagem,noun,,816,путешествие,enriched_qc_pass
wfpt-11072,viajante,noun,,11185,путеше́ственник,enriched_qc_pass
wfpt-01257,vice,noun,,1298,вице,enriched_qc_pass
wfpt-00079,vida,noun,,85,жизнь,enriched_qc_pass
wfpt-03380,vidro,noun,,3444,стекло,enriched_qc_pass
wfpt-11075,vilarejo,noun,,11188,весь,enriched_qc_pass
wfpt-07142,vilão,noun,,7232,злодей,enriched_qc_pass
wfpt-11646,vinagre,noun,,11766,уксус,enriched_qc_pass
wfpt-04285,vingança,noun,,4361,месть,enriched_qc_pass
wfpt-09319,vingar,verb,,9422,мстить,enriched_qc_pass
wfpt-02115,vinho,noun,,2169,вино,enriched_qc_pass
wfpt-02204,vinte,noun,,2258,двадцать,enriched_qc_pass
wfpt-04973,viola,noun,,5052,альт,enriched_qc_pass
wfpt-11649,violino,noun,,11769,скрипка,enriched_qc_pass
wfpt-01370,violência,noun,,1414,брутальность,enriched_qc_pass
wfpt-03179,virgem,noun,,3241,девственник,enriched_qc_pass
wfpt-05290,virtude,noun,,5370,добродетель,enriched_qc_pass
wfpt-01644,visitar,verb,,1693,посещать,enriched_qc_pass
wfpt-00595,visto,noun,,623,виза,enriched_qc_pass
wfpt-00702,vitória,noun,,732,победа,enriched_qc_pass
wfpt-00551,viver,verb,,577,жить,enriched_qc_pass
wfpt-04529,vizinhança,noun,,4606,район,enriched_qc_pass
wfpt-03303,vizinho,noun,,3366,сосед,enriched_qc_pass
wfpt-04698,voar,verb,,4776,лететь,enriched_qc_pass
wfpt-09176,vocabulário,noun,,9278,лексика,enriched_qc_pass
wfpt-10349,vocalista,noun,,10459,вокалист,enriched_qc_pass
wfpt-05292,voleibol,noun,,5372,волейбол,enriched_qc_pass
wfpt-01716,volume,noun,,1765,объём,enriched_qc_pass
wfpt-11078,vomitar,verb,,11191,рвать,enriched_qc_pass
wfpt-00663,vontade,noun,,692,воля,enriched_qc_pass
wfpt-02989,voo,noun,,3051,рейс,enriched_qc_pass
wfpt-01371,voto,noun,,1415,голос,enriched_qc_pass
wfpt-00585,voz,noun,,612,голос,enriched_qc_pass
wfpt-10875,vulcão,noun,,10987,вулкан,enriched_qc_pass
wfpt-09178,vácuo,noun,,9280,вакуум,enriched_qc_pass
wfpt-02292,vírus,noun,,2346,вирусы,enriched_qc_pass
wfpt-01308,vítima,noun,,1350,жертва,enriched_qc_pass
wfpt-09676,wikipédia,noun,,9782,википедия,enriched_qc_pass
wfpt-07013,xadrez,noun,,7103,шахматы,enriched_qc_pass
wfpt-06404,xavier,noun,,6492,ксаверий,enriched_qc_pass
wfpt-11083,xixi,noun,,11196,моча,enriched_qc_pass
wfpt-04365,ácido,noun,,4441,кислота,enriched_qc_pass
wfpt-01146,áfrica,noun,,1185,африка,enriched_qc_pass
wfpt-00242,água,noun,,254,вода,enriched_qc_pass
wfpt-08743,águia,noun,,8843,орёл,enriched_qc_pass
wfpt-01547,álbum,noun,,1595,альбом,enriched_qc_pass
wfpt-03237,álcool,noun,,3300,спирты,enriched_qc_pass
wfpt-03115,árabe,noun,,3177,араб,enriched_qc_pass
wfpt-00278,área,noun,,294,площадь,enriched_qc_pass
wfpt-02207,árvore,noun,,2261,дерево,enriched_qc_pass
wfpt-02448,ásia,noun,,2502,азия,enriched_qc_pass
wfpt-11257,âncora,noun,,11374,якорь,enriched_qc_pass
wfpt-06169,ângulo,noun,,6254,угол,enriched_qc_pass
wfpt-00653,época,noun,,681,эпоха,enriched_qc_pass
wfpt-03748,ética,noun,,3815,этика,enriched_qc_pass
wfpt-01615,índia,noun,,1664,индия,enriched_qc_pass
wfpt-07624,índio,noun,,7719,индий,enriched_qc_pass
wfpt-07898,íris,noun,,7993,ирис,enriched_qc_pass
wfpt-03467,óculos,noun,,3531,очки,enriched_qc_pass
wfpt-02860,óleo,noun,,2919,масло,enriched_qc_pass
wfpt-08610,ópera,noun,,8708,опера,enriched_qc_pass
wfpt-02603,órgão,noun,,2659,орган,enriched_qc_pass
