id,item_id,choice_text,is_correct
431251,24,"зелёный",0
431252,24,"свободный",0
431253,24,"быстрый",1
431254,24,"вместе",0
431255,24,"неправильный",0
431256,24,"белый",0
431449,28,"пить",0
431450,28,"открывать",1
431451,28,"принести",0
431452,28,"хотеть",0
431453,28,"расти",0
431454,28,"решить",0
431791,30,"знаменитый",0
431792,30,"безупречный",0
431793,30,"открытый",0
431794,30,"сумасшедший",0
431795,30,"арестованный",0
431796,30,"маленький",1
404605,31,"вчера",1
404606,31,"поздно",0
404607,31,"наконец",0
404608,31,"медленно",0
404609,31,"редко",0
404610,31,"обычно",0
432091,32,"альбом",0
432092,32,"кризис",0
432093,32,"усилие",0
432094,32,"десятилетие",0
432095,32,"окно",1
432096,32,"кровь",0
434797,34,"рассказывать",0
434798,34,"производить",0
434799,34,"красный",0
434800,34,"трудный",1
434801,34,"внутри",0
434802,34,"лучший",0
435025,38,"бедный",0
435026,38,"странный",1
435027,38,"французский",0
435028,38,"обычный",0
435029,38,"общий",0
435030,38,"горячий",0
401377,41,"думать",0
401378,41,"работать",1
401379,41,"гулять",0
401380,41,"хотеть",0
401381,41,"убивать",0
401382,41,"открывать",0
432517,52,"переживать",0
432518,52,"увлечь",0
432519,52,"спрятать",0
432520,52,"мешать",0
432521,52,"писать",1
432522,52,"выбирать",0
404539,57,"день",1
404540,57,"градус",0
404541,57,"ад",0
404542,57,"стена",0
404543,57,"гид",0
404544,57,"обед",0
404551,58,"мир",1
404552,58,"регион",0
404553,58,"континент",0
404554,58,"пространство",0
404555,58,"территория",0
404556,58,"район",0
430459,59,"поле",0
430460,59,"жизнь",1
430461,59,"вопрос",0
430462,59,"вечеринка",0
430463,59,"семья",0
430464,59,"река",0
430465,60,"переезд",0
430466,60,"уважение",0
430467,60,"вопрос",0
430468,60,"путь",0
430469,60,"бизнес",0
430470,60,"дом",1
430471,61,"суббота",0
430472,61,"вечеринка",0
430473,61,"ничто",1
430474,61,"итог",0
430475,61,"мать",0
430476,61,"вода",0
430477,62,"есть",0
430478,62,"чувствовать",0
430479,62,"видеть",1
430480,62,"начать",0
430481,62,"понять",0
430482,62,"следовать",0
404563,63,"год",1
404564,63,"период",0
404565,63,"сезон",0
404566,63,"интервал",0
404567,63,"этап",0
404568,63,"цикл",0
404575,65,"город",1
404576,65,"район",0
404577,65,"регион",0
404578,65,"территория",0
404579,65,"округ",0
404580,65,"площадка",0
430489,66,"голова",0
430490,66,"присутствие",0
430491,66,"река",0
430492,66,"соль",0
430493,66,"труд",1
430494,66,"язык",0
400225,67,"найти",0
400226,67,"видеть",0
400227,67,"сказать",0
400228,67,"помочь",0
400229,67,"оставаться",1
400230,67,"использовать",0
430501,68,"защита",0
430502,68,"школа",0
430503,68,"тело",0
430504,68,"мать",1
430505,68,"побережье",0
430506,68,"смерть",0
430507,69,"друг",0
430508,69,"суббота",0
430509,69,"воля",0
430510,69,"уважение",0
430511,69,"река",1
430512,69,"итог",0
430513,70,"вода",0
430514,70,"вечеринка",0
430515,70,"ночь",1
430516,70,"смерть",0
430517,70,"муниципалитет",0
430518,70,"институт",0
400249,71,"тип",1
400250,71,"страна",0
400251,71,"место",0
400252,71,"семья",0
400253,71,"президент",0
400254,71,"истина",0
372955,72,"номер",0
372956,72,"момент",1
372957,72,"пляж",0
372958,72,"война",0
372959,72,"пламя",0
372960,72,"виза",0
404473,73,"истина",1
404474,73,"место",0
404475,73,"семья",0
404476,73,"конец",0
404477,73,"неделя",0
404478,73,"сделка",0
404479,74,"место",1
404480,74,"истина",0
404481,74,"семья",0
404482,74,"конец",0
404483,74,"неделя",0
404484,74,"сделка",0
430519,75,"земля",0
430520,75,"голова",0
430521,75,"страна",1
430522,75,"дом",0
430523,75,"брат",0
430524,75,"министерство",0
400273,76,"страна",0
400274,76,"семья",0
400275,76,"народ",0
400276,76,"конец",0
400277,76,"неделя",0
400278,76,"президент",1
430531,77,"дом",0
430532,77,"страна",0
430533,77,"кровать",0
430534,77,"семья",1
430535,77,"манера",0
430536,77,"мать",0
430537,78,"воля",0
430538,78,"улица",0
430539,78,"земля",0
430540,78,"народ",1
430541,78,"музыка",0
430542,78,"суббота",0
400297,79,"сделка",0
400298,79,"правительство",0
400299,79,"отец",0
400300,79,"конец",1
400301,79,"неделя",0
400302,79,"игра",0
400303,80,"отец",0
400304,80,"неделя",1
400305,80,"сделка",0
400306,80,"правительство",0
400307,80,"конец",0
400308,80,"игра",0
400315,81,"правительство",0
400316,81,"отец",0
400317,81,"музыка",0
400318,81,"мужчина",0
400319,81,"сделка",0
400320,81,"игра",1
430549,82,"дочь",0
430550,82,"содержание",0
430551,82,"вопрос",0
430552,82,"уровень",0
430553,82,"уважение",0
430554,82,"правительство",1
400333,83,"правительство",0
400334,83,"мужчина",0
400335,83,"музыка",0
400336,83,"номер",0
400337,83,"вода",0
400338,83,"отец",1
430561,84,"кровать",0
430562,84,"ничто",0
430563,84,"защита",0
430564,84,"мужчина",1
430565,84,"радий",0
430566,84,"помощь",0
430567,85,"голос",0
430568,85,"воскресенье",0
430569,85,"макет",0
430570,85,"народ",0
430571,85,"музыка",1
430572,85,"министерство",0
430573,86,"уважение",0
430574,86,"защита",0
430575,86,"испытание",0
430576,86,"вода",1
430577,86,"пламя",0
430578,86,"партия",0
430579,87,"вода",0
430580,87,"номер",1
430581,87,"страна",0
430582,87,"бубны",0
430583,87,"соль",0
430584,87,"правительство",0
430585,88,"взгляд",0
430586,88,"деньги",1
430587,88,"фильм",0
430588,88,"сообщение",0
430589,88,"смерть",0
430590,88,"ответ",0
373057,89,"капитал",0
373058,89,"система",1
373059,89,"телевизор",0
373060,89,"плоскость",0
373061,89,"проблема",0
373062,89,"решение",0
400375,90,"деньги",0
400376,90,"смерть",0
400377,90,"любовь",1
400378,90,"школа",0
400379,90,"юг",0
400380,90,"проект",0
430591,91,"содержание",0
430592,91,"волосы",0
430593,91,"школа",1
430594,91,"статья",0
430595,91,"манера",0
430596,91,"земля",0
430597,92,"врач",0
430598,92,"след",0
430599,92,"правительство",0
430600,92,"народ",0
430601,92,"сестра",0
430602,92,"смерть",1
400399,95,"закон",0
400400,95,"война",0
400401,95,"юг",1
400402,95,"зло",0
400403,95,"площадь",0
400404,95,"проект",0
430603,96,"страна",0
430604,96,"язык",0
430605,96,"сестра",0
430606,96,"народ",0
430607,96,"площадь",1
430608,96,"ночь",0
430609,97,"закон",1
430610,97,"переезд",0
430611,97,"правительство",0
430612,97,"вопрос",0
430613,97,"соль",0
430614,97,"голова",0
430615,99,"драка",0
430616,99,"война",1
430617,99,"итог",0
430618,99,"разум",0
430619,99,"уважение",0
430620,99,"союз",0
430621,100,"фильм",1
430622,100,"труд",0
430623,100,"будущее",0
430624,100,"бубны",0
430625,100,"земля",0
430626,100,"пламя",0
430639,102,"разум",0
430640,102,"огонь",0
430641,102,"земля",1
430642,102,"народ",0
430643,102,"бизнес",0
430644,102,"врач",0
400465,103,"земля",0
400466,103,"иск",0
400467,103,"услуга",1
400468,103,"население",0
400469,103,"мент",0
400470,103,"помощь",0
400489,105,"оставаться",0
400490,105,"найти",0
400491,105,"слушать",0
400492,105,"использовать",1
400493,105,"помочь",0
400494,105,"начать",0
430645,106,"деньги",0
430646,106,"мать",0
430647,106,"путешествие",0
430648,106,"помощь",1
430649,106,"присутствие",0
430650,106,"искусство",0
430651,107,"соль",0
430652,107,"голова",1
430653,107,"преступление",0
430654,107,"вопрос",0
430655,107,"идея",0
430656,107,"война",0
430657,108,"квартал",0
430658,108,"площадь",0
430659,108,"тело",1
430660,108,"бизнес",0
430661,108,"река",0
430662,108,"семья",0
430663,109,"министерство",0
430664,109,"номер",0
430665,109,"квартал",0
430666,109,"книга",1
430667,109,"дочь",0
430668,109,"воскресенье",0
400525,111,"использовать",0
400526,111,"найти",0
400527,111,"слушать",0
400528,111,"жить",0
400529,111,"помочь",1
400530,111,"начать",0
430669,112,"поле",0
430670,112,"смерть",0
430671,112,"страна",0
430672,112,"друг",1
430673,112,"будущее",0
430674,112,"соль",0
430675,113,"тело",0
430676,113,"бизнес",0
430677,113,"бубны",0
430678,113,"разум",0
430679,113,"вечеринка",0
430680,113,"север",1
430681,114,"бубны",0
430682,114,"сеть",1
430683,114,"партия",0
430684,114,"голова",0
430685,114,"брат",0
430686,114,"фильм",0
373213,115,"воспитание",0
373214,115,"университет",1
373215,115,"республика",0
373216,115,"вечеринка",0
373217,115,"присутствие",0
373218,115,"организация",0
430693,116,"переезд",0
430694,116,"образ",1
430695,116,"дочь",0
430696,116,"улица",0
430697,116,"бизнес",0
430698,116,"преступление",0
430699,117,"министерство",0
430700,117,"побережье",0
430701,117,"соль",0
430702,117,"драка",0
430703,117,"бизнес",1
430704,117,"артикль",0
430705,118,"улица",1
430706,118,"площадь",0
430707,118,"закон",0
430708,118,"заказ",0
430709,118,"текст",0
430710,118,"драка",0
430711,119,"страна",0
430712,119,"утро",1
430713,119,"ничто",0
430714,119,"дверь",0
430715,119,"бубны",0
430716,119,"вопрос",0
430717,120,"заказ",0
430718,120,"народ",1
430719,120,"переезд",0
430720,120,"союз",0
430721,120,"эпоха",0
430722,120,"побережье",0
430729,122,"эпоха",0
430730,122,"воля",0
430731,122,"базар",0
430732,122,"заказ",0
430733,122,"месяц",1
430734,122,"министерство",0
400639,123,"производство",0
400640,123,"поле",0
400641,123,"общество",0
400642,123,"воспитание",0
400643,123,"рука",1
400644,123,"бумага",0
430735,124,"банк",0
430736,124,"бумага",1
430737,124,"пламя",0
430738,124,"разум",0
430739,124,"переезд",0
430740,124,"базар",0
400651,125,"воспитание",0
400652,125,"мир",1
400653,125,"общество",0
400654,125,"перо",0
400655,125,"поле",0
400656,125,"господин",0
400675,126,"найти",1
400676,126,"начать",0
400677,126,"слушать",0
400678,126,"пить",0
400679,126,"следовать",0
400680,126,"жить",0
400693,128,"надёжность",0
400694,128,"поле",0
400695,128,"случай",0
400696,128,"общество",1
400697,128,"господин",0
400698,128,"перо",0
430759,129,"поле",1
430760,129,"месяц",0
430761,129,"труд",0
430762,129,"эпоха",0
430763,129,"номер",0
430764,129,"дверь",0
400723,130,"язык",0
400724,130,"господин",1
400725,130,"дочь",0
400726,130,"обряд",0
400727,130,"идея",0
400728,130,"случай",0
430765,131,"видеть",0
430766,131,"спать",0
430767,131,"начать",1
430768,131,"жить",0
430769,131,"слушать",0
430770,131,"понять",0
430771,132,"дочь",1
430772,132,"бумага",0
430773,132,"присутствие",0
430774,132,"драка",0
430775,132,"след",0
430776,132,"статья",0
430777,133,"понять",0
430778,133,"слушать",1
430779,133,"читать",0
430780,133,"спать",0
430781,133,"следовать",0
430782,133,"жить",0
430789,134,"сообщение",0
430790,134,"вопрос",0
430791,134,"мужчина",0
430792,134,"заказ",0
430793,134,"победа",0
430794,134,"идея",1
430819,135,"курс",0
430820,135,"язык",1
430821,135,"мужчина",0
430822,135,"масса",0
430823,135,"статья",0
430824,135,"помощь",0
430825,138,"радий",0
430826,138,"путешествие",0
430827,138,"кофе",0
430828,138,"переезд",0
430829,138,"король",0
430830,138,"путь",1
430831,140,"партия",0
430832,140,"война",0
430833,140,"жизнь",0
430834,140,"вечеринка",1
430835,140,"сеть",0
430836,140,"вопрос",0
430837,141,"муниципалитет",0
430838,141,"защита",0
430839,141,"семья",0
430840,141,"бумага",0
430841,141,"уровень",1
430842,141,"испытание",0
430843,142,"школа",0
430844,142,"ночь",0
430845,142,"вопрос",1
430846,142,"суббота",0
430847,142,"пламя",0
430848,142,"фильм",0
430849,143,"труд",0
430850,143,"книга",0
430851,143,"сделка",0
430852,143,"деньги",0
430853,143,"уважение",1
430854,143,"квартал",0
373381,144,"вопрос",0
373382,144,"проект",0
373383,144,"информация",1
373384,144,"кровать",0
373385,144,"команда",0
373386,144,"качество",0
430855,145,"фильм",0
430856,145,"жизнь",0
430857,145,"деньги",0
430858,145,"итог",0
430859,145,"взгляд",0
430860,145,"брат",1
430861,146,"огонь",0
430862,146,"вечеринка",0
430863,146,"страна",0
430864,146,"народ",0
430865,146,"партия",1
430866,146,"успех",0
430867,147,"ответ",0
430868,147,"школа",0
430869,147,"успех",1
430870,147,"путешествие",0
430871,147,"война",0
430872,147,"огонь",0
430873,149,"понять",0
430874,149,"видеть",0
430875,149,"есть",0
430876,149,"чувствовать",0
430877,149,"жить",1
430878,149,"начать",0
400879,150,"акция",0
400880,150,"капитал",1
400881,150,"учитель",0
400882,150,"ребёнок",0
400883,150,"заказ",0
400884,150,"картина",0
400891,151,"учитель",1
400892,151,"заказ",0
400893,151,"ребёнок",0
400894,151,"голос",0
400895,151,"устроение",0
400896,151,"картина",0
430879,152,"жить",0
430880,152,"начать",0
430881,152,"следовать",1
430882,152,"видеть",0
430883,152,"понять",0
430884,152,"чувствовать",0
400903,153,"картина",0
400904,153,"акция",1
400905,153,"заказ",0
400906,153,"устроение",0
400907,153,"голос",0
400908,153,"будущее",0
430885,154,"брат",0
430886,154,"разрешение",0
430887,154,"вечеринка",0
430888,154,"река",0
430889,154,"голос",0
430890,154,"ребёнок",1
430891,155,"вопрос",0
430892,155,"бизнес",0
430893,155,"фильм",0
430894,155,"успех",0
430895,155,"соль",0
430896,155,"картина",1
430897,157,"дочь",0
430898,157,"взгляд",0
430899,157,"ничто",0
430900,157,"переезд",0
430901,157,"война",0
430902,157,"заказ",1
400933,158,"следовать",0
400934,158,"читать",0
400935,158,"пить",1
400936,158,"остановить",0
400937,158,"стараться",0
400938,158,"покупать",0
430903,159,"уважение",0
430904,159,"север",0
430905,159,"союз",0
430906,159,"голос",1
430907,159,"преступление",0
430908,159,"вопрос",0
430909,162,"друг",0
430910,162,"текст",0
430911,162,"река",0
430912,162,"защита",0
430913,162,"будущее",1
430914,162,"заказ",0
404485,163,"виза",1
404486,163,"игра",0
404487,163,"правительство",0
404488,163,"отец",0
404489,163,"мужчина",0
404490,163,"музыка",0
430915,164,"образ",0
430916,164,"путь",0
430917,164,"огонь",0
430918,164,"манера",1
430919,164,"разрешение",0
430920,164,"утро",0
430921,165,"путь",0
430922,165,"курс",0
430923,165,"труд",0
430924,165,"итог",1
430925,165,"народ",0
430926,165,"кофе",0
400981,167,"стараться",0
400982,167,"знать",0
400983,167,"чувствовать",0
400984,167,"покупать",1
400985,167,"читать",0
400986,167,"остановить",0
430927,168,"знать",0
430928,168,"следовать",0
430929,168,"читать",1
430930,168,"чувствовать",0
430931,168,"понять",0
430932,168,"видеть",0
430933,169,"идея",0
430934,169,"вопрос",0
430935,169,"драка",1
430936,169,"друг",0
430937,169,"месяц",0
430938,169,"разум",0
430939,170,"кровать",0
430940,170,"заказ",0
430941,170,"сообщение",1
430942,170,"артикль",0
430943,170,"итог",0
430944,170,"присутствие",0
373525,171,"решение",0
373526,171,"организация",1
373527,171,"команда",0
373528,171,"мужчина",0
373529,171,"направление",0
373530,171,"министерство",0
401005,172,"словo",1
401006,172,"текст",0
401007,172,"технология",0
401008,172,"пол",0
401009,172,"искусство",0
401010,172,"эпоха",0
401011,173,"остановить",1
401012,173,"стараться",0
401013,173,"знать",0
401014,173,"читать",0
401015,173,"показать",0
401016,173,"чувствовать",0
430945,174,"воля",0
430946,174,"вопрос",1
430947,174,"поле",0
430948,174,"текст",0
430949,174,"утро",0
430950,174,"уровень",0
401023,175,"есть",0
401024,175,"стараться",1
401025,175,"показать",0
401026,175,"знать",0
401027,175,"понять",0
401028,175,"чувствовать",0
401035,178,"воля",0
401036,178,"искусство",0
401037,178,"защита",0
401038,178,"испытание",0
401039,178,"пол",1
401040,178,"эпоха",0
401041,179,"защита",0
401042,179,"победа",0
401043,179,"воля",0
401044,179,"искусство",0
401045,179,"технология",1
401046,179,"испытание",0
430951,180,"клуб",0
430952,180,"путь",0
430953,180,"текст",1
430954,180,"война",0
430955,180,"след",0
430956,180,"уровень",0
430957,181,"институт",0
430958,181,"ночь",0
430959,181,"дата",0
430960,181,"эпоха",1
430961,181,"сплав",0
430962,181,"закон",0
430963,182,"искусство",1
430964,182,"взгляд",0
430965,182,"мужчина",0
430966,182,"север",0
430967,182,"правительство",0
430968,182,"поле",0
430969,183,"взгляд",0
430970,183,"артикль",1
430971,183,"дата",0
430972,183,"страна",0
430973,183,"победа",0
430974,183,"пляж",0
430981,184,"разрешение",0
430982,184,"эпоха",0
430983,184,"испытание",1
430984,184,"дом",0
430985,184,"путешествие",0
430986,184,"кровать",0
430987,185,"чувствовать",1
430988,185,"начать",0
430989,185,"видеть",0
430990,185,"знать",0
430991,185,"жить",0
430992,185,"спать",0
430993,186,"победа",0
430994,186,"армия",0
430995,186,"сеть",0
430996,186,"ответ",0
430997,186,"разум",0
430998,186,"воля",1
431011,187,"знать",1
431012,187,"понять",0
431013,187,"читать",0
431014,187,"слушать",0
431015,187,"спать",0
431016,187,"начать",0
401119,188,"ждать",0
401120,188,"спать",0
401121,188,"платить",0
401122,188,"есть",0
401123,188,"показать",1
401124,188,"понять",0
431017,189,"бизнес",0
431018,189,"защита",1
431019,189,"король",0
431020,189,"драка",0
431021,189,"союз",0
431022,189,"ответ",0
431029,190,"победа",1
431030,190,"союз",0
431031,190,"музыка",0
431032,190,"картина",0
431033,190,"ребёнок",0
431034,190,"соль",0
401149,191,"рот",1
401150,191,"пламя",0
401151,191,"соль",0
401152,191,"ответ",0
401153,191,"республика",0
401154,191,"базар",0
401155,192,"соль",0
401156,192,"ответ",0
401157,192,"пламя",0
401158,192,"канал",1
401159,192,"республика",0
401160,192,"европа",0
434749,195,"французский",0
434750,195,"очевидно",0
434751,195,"к сожалению",0
434752,195,"рассказывать",1
434753,195,"горячий",0
434754,195,"потом",0
431035,196,"радий",0
431036,196,"искусство",0
431037,196,"воскресенье",0
431038,196,"макет",0
431039,196,"министерство",1
431040,196,"музыка",0
431041,197,"начать",0
431042,197,"есть",1
431043,197,"читать",0
431044,197,"слушать",0
431045,197,"спать",0
431046,197,"видеть",0
431047,198,"слушать",0
431048,198,"жить",0
431049,198,"знать",0
431050,198,"понять",1
431051,198,"начать",0
431052,198,"читать",0
431053,199,"дверь",0
431054,199,"образ",0
431055,199,"базар",1
431056,199,"вечеринка",0
431057,199,"квартал",0
431058,199,"успех",0
431065,200,"будущее",0
431066,200,"огонь",0
431067,200,"ничто",0
431068,200,"ответ",1
431069,200,"жизнь",0
431070,200,"курс",0
431071,201,"номер",0
431072,201,"соль",1
431073,201,"бизнес",0
431074,201,"испытание",0
431075,201,"дата",0
431076,201,"вода",0
431077,203,"труд",0
431078,203,"присутствие",0
431079,203,"артикль",0
431080,203,"дверь",0
431081,203,"пламя",1
431082,203,"пляж",0
431083,205,"след",1
431084,205,"вопрос",0
431085,205,"драка",0
431086,205,"закон",0
431087,205,"поле",0
431088,205,"суббота",0
431089,207,"министерство",0
431090,207,"уважение",0
431091,207,"разум",1
431092,207,"площадь",0
431093,207,"школа",0
431094,207,"смерть",0
431095,208,"король",1
431096,208,"курс",0
431097,208,"присутствие",0
431098,208,"воскресенье",0
431099,208,"союз",0
431100,208,"заказ",0
431101,210,"дата",1
431102,210,"ответ",0
431103,210,"смерть",0
431104,210,"помощь",0
431105,210,"книга",0
431106,210,"путешествие",0
431107,211,"эпоха",0
431108,211,"сделка",0
431109,211,"побережье",0
431110,211,"сплав",0
431111,211,"армия",1
431112,211,"война",0
401269,212,"море",0
401270,212,"банк",0
401271,212,"газета",0
401272,212,"содержание",0
401273,212,"больница",1
401274,212,"дверь",0
401275,213,"ждать",0
401276,213,"сказать",0
401277,213,"видеть",0
401278,213,"платить",1
401279,213,"работать",0
401280,213,"спать",0
386299,214,"реальность",1
386300,214,"армия",0
386301,214,"дата",0
386302,214,"больница",0
386303,214,"путешествие",0
386304,214,"союз",0
431113,215,"союз",1
431114,215,"правительство",0
431115,215,"заказ",0
431116,215,"врач",0
431117,215,"закон",0
431118,215,"книга",0
431119,216,"бубны",0
431120,216,"закон",0
431121,216,"музыка",0
431122,216,"путь",0
431123,216,"путешествие",1
431124,216,"дата",0
431125,217,"площадь",0
431126,217,"бумага",0
431127,217,"земля",0
431128,217,"ребёнок",0
431129,217,"квартал",0
431130,217,"банк",1
431131,218,"масса",0
431132,218,"бумага",0
431133,218,"разрешение",0
431134,218,"брат",0
431135,218,"содержание",1
431136,218,"итог",0
401311,219,"клуб",0
401312,219,"сплав",0
401313,219,"журнал",0
401314,219,"газета",1
401315,219,"город",0
401316,219,"пляж",0
404533,220,"море",1
404534,220,"юг",0
404535,220,"площадь",0
404536,220,"закон",0
404537,220,"война",0
404538,220,"зло",0
431137,222,"картина",0
431138,222,"успех",0
431139,222,"дата",0
431140,222,"дверь",1
431141,222,"статья",0
431142,222,"партия",0
431143,223,"врач",0
431144,223,"драка",0
431145,223,"дата",0
431146,223,"голос",0
431147,223,"пляж",1
431148,223,"защита",0
395983,224,"взгляд",0
395984,224,"присутствие",0
395985,224,"рождество",0
395986,224,"опыт",0
395987,224,"макет",0
395988,224,"журнал",1
431149,225,"пляж",0
431150,225,"искусство",0
431151,225,"сделка",0
431152,225,"клуб",1
431153,225,"брат",0
431154,225,"образ",0
431155,226,"курс",1
431156,226,"семья",0
431157,226,"институт",0
431158,226,"базар",0
431159,226,"тело",0
431160,226,"труд",0
431161,227,"сплав",1
431162,227,"институт",0
431163,227,"вода",0
431164,227,"книга",0
431165,227,"взгляд",0
431166,227,"след",0
431167,228,"король",0
431168,228,"семья",0
431169,228,"артикль",0
431170,228,"присутствие",1
431171,228,"квартал",0
431172,228,"друг",0
431173,229,"север",0
431174,229,"врач",0
431175,229,"радий",1
431176,229,"картина",0
431177,229,"артикль",0
431178,229,"волосы",0
431197,231,"номер",0
431198,231,"народ",0
431199,231,"ребёнок",0
431200,231,"уважение",0
431201,231,"макет",1
431202,231,"дата",0
386431,232,"бубны",0
386432,232,"опыт",0
386433,232,"макет",0
386434,232,"взгляд",0
386435,232,"суббота",0
386436,232,"рождество",1
431203,233,"взгляд",1
431204,233,"заказ",0
431205,233,"драка",0
431206,233,"сеть",0
431207,233,"артикль",0
431208,233,"муниципалитет",0
431209,234,"дверь",0
431210,234,"министерство",0
431211,234,"дом",0
431212,234,"бубны",1
431213,234,"семья",0
431214,234,"соль",0
431215,235,"мать",0
431216,235,"суббота",1
431217,235,"курс",0
431218,235,"сплав",0
431219,235,"итог",0
431220,235,"побережье",0
431221,236,"деньги",0
431222,236,"путь",0
431223,236,"вопрос",0
431224,236,"преступление",0
431225,236,"партия",0
431226,236,"квартал",1
431227,237,"бумага",0
431228,237,"уровень",0
431229,237,"сплав",0
431230,237,"армия",0
431231,237,"побережье",1
431232,237,"кровать",0
431233,238,"преступление",1
431234,238,"воскресенье",0
431235,238,"кофе",0
431236,238,"деньги",0
431237,238,"север",0
431238,238,"сообщение",0
386473,239,"суббота",0
386474,239,"преступление",0
386475,239,"квартал",0
386476,239,"побережье",0
386477,239,"директор",1
386478,239,"воскресенье",0
431239,240,"воскресенье",1
431240,240,"утро",0
431241,240,"река",0
431242,240,"путь",0
431243,240,"преступление",0
431244,240,"разрешение",0
401341,241,"ждать",1
401342,241,"хотеть",0
401343,241,"работать",0
401344,241,"сказать",0
401345,241,"видеть",0
401346,241,"убивать",0
431245,242,"бизнес",0
431246,242,"институт",1
431247,242,"деньги",0
431248,242,"сестра",0
431249,242,"ребёнок",0
431250,242,"успех",0
431263,244,"чувствовать",0
431264,244,"есть",0
431265,244,"видеть",0
431266,244,"знать",0
431267,244,"спать",1
431268,244,"следовать",0
386515,246,"кофе",0
386516,246,"волосы",0
386517,246,"боль",0
386518,246,"экономика",0
386519,246,"отбор",0
386520,246,"свобода",1
431275,249,"вопрос",0
431276,249,"волосы",1
431277,249,"книга",0
431278,249,"сплав",0
431279,249,"муниципалитет",0
431280,249,"дверь",0
431281,250,"уровень",0
431282,250,"школа",0
431283,250,"поле",0
431284,250,"муниципалитет",0
431285,250,"номер",0
431286,250,"кофе",1
386551,251,"волосы",0
386552,251,"кофе",0
386553,251,"сестра",0
386554,251,"боль",1
386555,251,"отбор",0
386556,251,"огонь",0
431287,252,"заказ",0
431288,252,"взгляд",0
431289,252,"сплав",0
431290,252,"огонь",1
431291,252,"муниципалитет",0
431292,252,"ребёнок",0
431293,253,"воскресенье",0
431294,253,"сестра",1
431295,253,"побережье",0
431296,253,"вопрос",0
431297,253,"школа",0
431298,253,"воля",0
431299,256,"итог",0
431300,256,"ничто",0
431301,256,"успех",0
431302,256,"площадь",0
431303,256,"король",0
431304,256,"статья",1
431305,257,"масса",1
431306,257,"ничто",0
431307,257,"сестра",0
431308,257,"правительство",0
431309,257,"воскресенье",0
431310,257,"огонь",0
431311,259,"врач",1
431312,259,"утро",0
431313,259,"бизнес",0
431314,259,"семья",0
431315,259,"партия",0
431316,259,"воля",0
431317,260,"утро",0
431318,260,"суббота",0
431319,260,"сделка",1
431320,260,"уровень",0
431321,260,"министерство",0
431322,260,"путешествие",0
431329,261,"разрешение",0
431330,261,"сеть",0
431331,261,"институт",0
431332,261,"кровать",1
431333,261,"улица",0
431334,261,"волосы",0
431335,262,"ребёнок",0
431336,262,"образ",0
431337,262,"голова",0
431338,262,"мать",0
431339,262,"испытание",0
431340,262,"разрешение",1
431341,263,"испытание",0
431342,263,"переезд",1
431343,263,"врач",0
431344,263,"курс",0
431345,263,"макет",0
431346,263,"вопрос",0
431347,264,"переезд",0
431348,264,"ответ",0
431349,264,"муниципалитет",1
431350,264,"вопрос",0
431351,264,"пляж",0
431352,264,"улица",0
386647,265,"кровать",0
386648,265,"качество",0
386649,265,"переезд",0
386650,265,"цена",1
386651,265,"муниципалитет",0
386652,265,"разрешение",0
386653,266,"переезд",0
386654,266,"качество",1
386655,266,"цена",0
386656,266,"разрешение",0
386657,266,"муниципалитет",0
386658,266,"кровать",0
386659,267,"девочка",0
386660,267,"жена",0
386661,267,"день рождения",1
386662,267,"остров",0
386663,267,"левый",0
386664,267,"разговор",0
431353,268,"рисунок",0
431354,268,"опасность",0
431355,268,"выход",0
431356,268,"разговор",1
431357,268,"кровь",0
431358,268,"образ",0
386671,270,"разговор",0
386672,270,"жена",1
386673,270,"остров",0
386674,270,"день рождения",0
386675,270,"левый",0
386676,270,"девочка",0
431359,272,"налог",0
431360,272,"кризис",0
431361,272,"парк",0
431362,272,"остров",1
431363,272,"финиш",0
431364,272,"медицина",0
431365,273,"сомнение",0
431366,273,"доблесть",0
431367,273,"путч",0
431368,273,"гостиница",0
431369,273,"девочка",1
431370,273,"приказ",0
431377,274,"открывать",0
431378,274,"хотеть",1
431379,274,"казаться",0
431380,274,"бегать",0
431381,274,"принести",0
431382,274,"решить",0
374101,275,"кухня",0
374102,275,"кризис",0
374103,275,"роберт",0
374104,275,"лето",1
374105,275,"фокус",0
374106,275,"иран",0
431383,276,"путч",0
431384,276,"стол",0
431385,276,"франциск",0
431386,276,"кризис",0
431387,276,"хлеб",0
431388,276,"левый",1
431389,277,"жажда",0
431390,277,"перевозка",0
431391,277,"фокус",0
431392,277,"здание",0
431393,277,"полоса",0
431394,277,"множество",1
374119,278,"квартира",0
374120,278,"генерал",0
374121,278,"авария",0
374122,278,"усилие",0
374123,278,"категория",0
374124,278,"фердинанд",1
431395,279,"чемпион",0
431396,279,"голод",1
431397,279,"эпизод",0
431398,279,"сомнение",0
431399,279,"судья",0
431400,279,"муж",0
431401,280,"стыд",0
431402,280,"кризис",0
431403,280,"восток",1
431404,280,"память",0
431405,280,"приказ",0
431406,280,"шоссе",0
401407,281,"избегать",0
401408,281,"думать",0
401409,281,"убивать",1
401410,281,"гулять",0
401411,281,"хотеть",0
401412,281,"открывать",0
431407,282,"носок",1
431408,282,"член",0
431409,282,"сюрприз",0
431410,282,"торговля",0
431411,282,"воссоединение",0
431412,282,"площадь",0
431413,283,"член",0
431414,283,"вселенная",0
431415,283,"звук",0
431416,283,"парк",1
431417,283,"падение",0
431418,283,"бюро",0
431419,284,"георгий",0
431420,284,"плохой",0
431421,284,"обзор",0
431422,284,"воссоединение",1
431423,284,"шоссе",0
431424,284,"крест",0
386749,285,"восток",0
386750,285,"воссоединение",0
386751,285,"носок",0
386752,285,"парк",0
386753,285,"перевозка",0
386754,285,"сон",1
431425,286,"память",0
431426,286,"молния",0
431427,286,"молоко",0
431428,286,"сцена",0
431429,286,"перевозка",1
431430,286,"бюро",0
386767,287,"сон",0
386768,287,"работа",0
386769,287,"кость",0
386770,287,"цвет",1
386771,287,"перевозка",0
386772,287,"воссоединение",0
374179,288,"лето",0
374180,288,"вина",1
374181,288,"израиль",0
374182,288,"планета",0
374183,288,"память",0
374184,288,"экран",0
431431,289,"радость",0
431432,289,"класс",0
431433,289,"отчёт",0
431434,289,"кость",1
431435,289,"эпизод",0
431436,289,"голод",0
431437,290,"душа",0
431438,290,"билет",0
431439,290,"камень",0
431440,290,"опасность",0
431441,290,"авария",0
431442,290,"работа",1
374197,291,"молния",0
374198,291,"радость",0
374199,291,"машина",0
374200,291,"остров",0
374201,291,"операция",1
374202,291,"издание",0
374203,292,"театр",0
374204,292,"риск",1
374205,292,"здание",0
374206,292,"тишина",0
374207,292,"звезда",0
374208,292,"индия",0
374209,293,"торговля",0
374210,293,"принцесса",0
374211,293,"опасность",0
374212,293,"красота",1
374213,293,"израиль",0
374214,293,"категория",0
386791,294,"беседа",0
386792,294,"приказ",0
386793,294,"век",1
386794,294,"кино",0
386795,294,"кровь",0
386796,294,"класс",0
386797,295,"век",0
386798,295,"приказ",0
386799,295,"кино",1
386800,295,"кровь",0
386801,295,"беседа",0
386802,295,"класс",0
431455,296,"экран",0
431456,296,"здание",0
431457,296,"окно",0
431458,296,"класс",1
431459,296,"воссоединение",0
431460,296,"спина",0
386809,297,"беседа",1
386810,297,"класс",0
386811,297,"кино",0
386812,297,"кровь",0
386813,297,"век",0
386814,297,"приказ",0
431461,299,"музей",0
431462,299,"приказ",1
431463,299,"хлеб",0
431464,299,"шоссе",0
431465,299,"запад",0
431466,299,"ключ",0
431473,300,"работа",0
431474,300,"кровь",1
431475,300,"камень",0
431476,300,"страхование",0
431477,300,"билет",0
431478,300,"восток",0
431479,301,"плохой",0
431480,301,"конкурс",0
431481,301,"радость",0
431482,301,"жажда",1
431483,301,"медицина",0
431484,301,"музей",0
431485,302,"марка",0
431486,302,"принцесса",0
431487,302,"звук",1
431488,302,"тишина",0
431489,302,"франциск",0
431490,302,"здание",0
410023,303,"жажда",0
410024,303,"кровь",0
410025,303,"приказ",0
410026,303,"сцена",0
410027,303,"звук",0
410028,303,"правление",1
431497,304,"сцена",1
431498,304,"остров",0
431499,304,"альбом",0
431500,304,"страхование",0
431501,304,"ветер",0
431502,304,"авария",0
386869,305,"функция",1
386870,305,"поиск",0
386871,305,"член",0
386872,305,"сцена",0
386873,305,"правление",0
386874,305,"давление",0
431503,306,"георгий",0
431504,306,"марка",0
431505,306,"восток",0
431506,306,"член",1
431507,306,"ветер",0
431508,306,"жажда",0
410041,307,"давление",1
410042,307,"поиск",0
410043,307,"кризис",0
410044,307,"член",0
410045,307,"сцена",0
410046,307,"правление",0
434671,308,"поиск",1
434672,308,"член",0
434673,308,"кризис",0
434674,308,"сцена",0
434675,308,"сторож",0
434676,308,"звук",0
401443,309,"принести",0
401444,309,"объяснить",0
401445,309,"открывать",0
401446,309,"ходить",1
401447,309,"избегать",0
401448,309,"искать",0
431515,310,"кризис",1
431516,310,"планета",0
431517,310,"религия",0
431518,310,"крест",0
431519,310,"дождь",0
431520,310,"экран",0
386905,311,"поиск",0
386906,311,"небо",1
386907,311,"давление",0
386908,311,"кризис",0
386909,311,"сторож",0
386910,311,"член",0
401449,313,"принести",0
401450,313,"решить",0
401451,313,"избегать",1
401452,313,"объяснить",0
401453,313,"искать",0
401454,313,"поднять",0
431521,314,"сторож",1
431522,314,"рисунок",0
431523,314,"концепт",0
431524,314,"эдуард",0
431525,314,"стол",0
431526,314,"жертва",0
386929,316,"небо",0
386930,316,"сторож",0
386931,316,"муж",0
386932,316,"кризис",0
386933,316,"сигнал",1
386934,316,"шоссе",0
431533,319,"класс",0
431534,319,"сюрприз",0
431535,319,"шоссе",1
431536,319,"оружие",0
431537,319,"газ",0
431538,319,"кадр",0
374353,320,"фестиваль",1
374354,320,"разговор",0
374355,320,"остров",0
374356,320,"категория",0
374357,320,"вселенная",0
374358,320,"звезда",0
431539,321,"муж",1
431540,321,"экран",0
431541,321,"религия",0
431542,321,"письмо",0
431543,321,"полоса",0
431544,321,"эпизод",0
431545,322,"лицо",1
431546,322,"оружие",0
431547,322,"роберт",0
431548,322,"кризис",0
431549,322,"принцесса",0
431550,322,"медицина",0
431551,323,"выход",1
431552,323,"муж",0
431553,323,"фокус",0
431554,323,"оружие",0
431555,323,"опасность",0
431556,323,"шанс",0
431563,324,"академия",0
431564,324,"ошибка",0
431565,324,"роза",0
431566,324,"душа",1
431567,324,"костюм",0
431568,324,"сцена",0
431569,325,"поиск",0
431570,325,"звук",0
431571,325,"отчёт",0
431572,325,"судьба",0
431573,325,"образ",0
431574,325,"ящик",1
431575,326,"альбом",0
431576,326,"формат",0
431577,326,"обед",0
431578,326,"письмо",0
431579,326,"сторож",0
431580,326,"ошибка",1
410119,327,"ящик",0
410120,327,"лицо",0
410121,327,"ошибка",0
410122,327,"душа",0
410123,327,"выход",0
410124,327,"надежда",1
374401,328,"выпуск",1
374402,328,"батарея",0
374403,328,"судья",0
374404,328,"религия",0
374405,328,"иран",0
374406,328,"красота",0
431581,329,"молния",0
431582,329,"помилование",0
431583,329,"молоко",0
431584,329,"хлеб",0
431585,329,"площадь",1
431586,329,"набла",0
431587,330,"кость",0
431588,330,"перевозка",0
431589,330,"выход",0
431590,330,"театр",0
431591,330,"ящик",0
431592,330,"королева",1
410137,331,"гостиница",0
410138,331,"мусор",0
410139,331,"территория",1
410140,331,"королева",0
410141,331,"площадь",0
410142,331,"надежда",0
387001,332,"площадь",0
387002,332,"память",0
387003,332,"гостиница",0
387004,332,"мяч",1
387005,332,"королева",0
387006,332,"мусор",0
374431,333,"обзор",0
374432,333,"налог",0
374433,333,"генерал",1
374434,333,"жажда",0
374435,333,"журналист",0
374436,333,"камень",0
431593,334,"конкурс",0
431594,334,"поиск",0
431595,334,"роза",0
431596,334,"страхование",0
431597,334,"гостиница",1
431598,334,"эпизод",0
431611,335,"выстрел",0
431612,335,"дождь",0
431613,335,"фокус",0
431614,335,"мусор",1
431615,335,"приказ",0
431616,335,"отчёт",0
431617,336,"франциск",0
431618,336,"память",1
431619,336,"камень",0
431620,336,"жажда",0
431621,336,"десятилетие",0
431622,336,"мусор",0
387025,337,"око",1
387026,337,"гостиница",0
387027,337,"обмен",0
387028,337,"память",0
387029,337,"отчёт",0
387030,337,"мусор",0
431629,338,"кризис",0
431630,338,"мусор",0
431631,338,"билет",0
431632,338,"договор",0
431633,338,"отчёт",1
431634,338,"шоссе",0
431635,340,"принести",1
431636,340,"забыть",0
431637,340,"расти",0
431638,340,"решить",0
431639,340,"казаться",0
431640,340,"хотеть",0
431641,341,"адвокат",0
431642,341,"кость",0
431643,341,"бюро",0
431644,341,"набла",0
431645,341,"путч",0
431646,341,"обмен",1
431653,342,"судьба",0
431654,342,"обзор",1
431655,342,"авария",0
431656,342,"девочка",0
431657,342,"мясо",0
431658,342,"финиш",0
374491,343,"разговор",0
374492,343,"концепт",0
374493,343,"падение",0
374494,343,"аргентина",1
374495,343,"индустрия",0
374496,343,"костюм",0
431659,344,"сад",0
431660,344,"шанс",1
431661,344,"сомнение",0
431662,344,"торговля",0
431663,344,"судья",0
431664,344,"усилие",0
410197,345,"обмен",0
410198,345,"болезнь",0
410199,345,"судьба",0
410200,345,"шанс",0
410201,345,"наука",1
410202,345,"обзор",0
431665,346,"падение",0
431666,346,"рисунок",0
431667,346,"торговля",0
431668,346,"судьба",1
431669,346,"режим",0
431670,346,"конкурс",0
410209,347,"болезнь",1
410210,347,"судьба",0
410211,347,"обзор",0
410212,347,"шанс",0
410213,347,"магазин",0
410214,347,"наука",0
387091,348,"наука",0
387092,348,"судьба",0
387093,348,"магазин",0
387094,348,"игрок",1
387095,348,"шанс",0
387096,348,"болезнь",0
431677,351,"падение",0
431678,351,"окно",0
431679,351,"душа",0
431680,351,"планета",1
431681,351,"кухня",0
431682,351,"выстрел",0
374539,352,"вице",1
374540,352,"индия",0
374541,352,"кризис",0
374542,352,"оружие",0
374543,352,"цвет",0
374544,352,"восток",0
431695,353,"стыд",0
431696,353,"авария",1
431697,353,"площадь",0
431698,353,"письмо",0
431699,353,"остров",0
431700,353,"страхование",0
431701,354,"звезда",0
431702,354,"лес",0
431703,354,"франциск",1
431704,354,"помилование",0
431705,354,"билет",0
431706,354,"шоссе",0
410239,356,"франциск",0
410240,356,"расстояние",0
410241,356,"ключ",0
410242,356,"эпизод",0
410243,356,"категория",1
410244,356,"жертва",0
431707,357,"полоса",0
431708,357,"рисунок",0
431709,357,"эдуард",0
431710,357,"ключ",1
431711,357,"стол",0
431712,357,"объём",0
387127,358,"вид",0
387128,358,"ключ",0
387129,358,"расстояние",0
387130,358,"эпизод",0
387131,358,"категория",0
387132,358,"компьютер",1
410251,359,"франциск",0
410252,359,"эпизод",0
410253,359,"ключ",0
410254,359,"категория",0
410255,359,"жертва",0
410256,359,"расстояние",1
431713,360,"молния",0
431714,360,"доблесть",0
431715,360,"эпизод",1
431716,360,"кухня",0
431717,360,"сенат",0
431718,360,"штиль",0
387145,361,"ключ",0
387146,361,"компьютер",0
387147,361,"эпизод",0
387148,361,"категория",0
387149,361,"вид",1
387150,361,"расстояние",0
431725,362,"ошибка",0
431726,362,"жертва",1
431727,362,"душа",0
431728,362,"стол",0
431729,362,"страхование",0
431730,362,"разговор",0
387157,363,"карнавал",1
387158,363,"конституция",0
387159,363,"сомнение",0
387160,363,"жертва",0
387161,363,"судья",0
387162,363,"договор",0
387169,365,"договор",0
387170,365,"сомнение",0
387171,365,"конституция",1
387172,365,"судья",0
387173,365,"карнавал",0
387174,365,"жертва",0
431731,366,"класс",0
431732,366,"договор",1
431733,366,"чемпион",0
431734,366,"театр",0
431735,366,"доблесть",0
431736,366,"авария",0
434677,367,"сомнение",1
434678,367,"договор",0
434679,367,"судья",0
434680,367,"стол",0
434681,367,"жертва",0
434682,367,"костюм",0
431743,368,"лес",0
431744,368,"приказ",0
431745,368,"отчёт",0
431746,368,"разговор",0
431747,368,"роза",0
431748,368,"судья",1
431749,369,"фокус",0
431750,369,"путч",0
431751,369,"сцена",0
431752,369,"костюм",0
431753,369,"стол",1
431754,369,"душа",0
387199,372,"стол",0
387200,372,"раствор",0
387201,372,"судья",0
387202,372,"адвокат",0
387203,372,"костюм",0
387204,372,"количество",1
431761,373,"режим",0
431762,373,"костюм",1
431763,373,"авария",0
431764,373,"молоко",0
431765,373,"судьба",0
431766,373,"левый",0
410299,375,"раствор",1
410300,375,"негр",0
410301,375,"стол",0
410302,375,"торговля",0
410303,375,"адвокат",0
410304,375,"костюм",0
431767,376,"театр",0
431768,376,"шанс",0
431769,376,"машина",0
431770,376,"молния",0
431771,376,"ключ",0
431772,376,"адвокат",1
387223,377,"бой",1
387224,377,"количество",0
387225,377,"торговля",0
387226,377,"раствор",0
387227,377,"адвокат",0
387228,377,"костюм",0
431773,378,"разговор",0
431774,378,"адвокат",0
431775,378,"батарея",0
431776,378,"радость",0
431777,378,"усилие",0
431778,378,"торговля",1
431779,379,"сторож",0
431780,379,"режим",0
431781,379,"эдуард",1
431782,379,"восток",0
431783,379,"объём",0
431784,379,"финиш",0
387241,380,"бой",0
387242,380,"физика",0
387243,380,ru,1
387244,380,"торговля",0
387245,380,"страхование",0
387246,380,"помилование",0
410323,381,"помилование",0
410324,381,"эдуард",0
410325,381,"тишина",0
410326,381,"физика",1
410327,381,"торговля",0
410328,381,"страхование",0
431797,382,"рисунок",0
431798,382,"молния",0
431799,382,"сад",0
431800,382,"батарея",0
431801,382,"принцесса",0
431802,382,"помилование",1
431809,383,"страхование",1
431810,383,"режим",0
431811,383,"испанский язык",0
431812,383,"лицо",0
431813,383,"музей",0
431814,383,"рисунок",0
431815,384,"сад",0
431816,384,"ключ",0
431817,384,"класс",0
431818,384,"тишина",1
431819,384,"левый",0
431820,384,"носок",0
387277,385,"страхование",0
387278,385,"брутальность",0
387279,385,"физика",0
387280,385,"помилование",0
387281,385,"тишина",0
387282,385,"тест",1
410347,387,"помилование",0
410348,387,"тишина",0
410349,387,"физика",0
410350,387,"брутальность",1
410351,387,"тренер",0
410352,387,"страхование",0
374719,388,"концепт",0
374720,388,"полоса",0
374721,388,"налог",0
374722,388,"голос",1
374723,388,"роза",0
374724,388,"иран",0
401521,389,"объяснить",0
401522,389,"поднять",0
401523,389,"бегать",0
401524,389,"решить",0
401525,389,"искать",1
401526,389,"выпить",0
374731,390,"артист",1
374732,390,"сектор",0
374733,390,"голод",0
374734,390,"парк",0
374735,390,"жара",0
374736,390,"бюро",0
387313,391,"сад",0
387314,391,"выстрел",0
387315,391,"фокус",0
387316,391,"активность",1
387317,391,"скорость",0
387318,391,"танец",0
410353,392,"лима",0
410354,392,"танец",1
410355,392,"выстрел",0
410356,392,"вариант",0
410357,392,"фокус",0
410358,392,"сад",0
401533,393,"поднять",0
401534,393,"бегать",0
401535,393,"выпить",0
401536,393,"искать",0
401537,393,"объяснить",1
401538,393,"решить",0
431839,396,"забыть",0
431840,396,"пить",0
431841,396,"принести",0
431842,396,"казаться",0
431843,396,"решить",1
431844,396,"открывать",0
431845,397,"девочка",0
431846,397,"режим",0
431847,397,"выстрел",1
431848,397,"костюм",0
431849,397,"концепт",0
431850,397,"ключ",0
387343,398,"фокус",0
387344,398,"сад",0
387345,398,"скорость",1
387346,398,"выстрел",0
387347,398,"вариант",0
387348,398,"девять",0
431851,399,"стыд",0
431852,399,"принцесса",0
431853,399,"запад",0
431854,399,"фокус",1
431855,399,"бюро",0
431856,399,"остров",0
431857,400,"поиск",0
431858,400,"договор",0
431859,400,"молния",0
431860,400,"сад",1
431861,400,"выход",0
431862,400,"шоссе",0
401545,401,"решить",0
401546,401,"играть",0
401547,401,"выпить",0
401548,401,"улучшать",1
401549,401,"бегать",0
401550,401,"забыть",0
387367,402,"принц",0
387368,402,"вариант",0
387369,402,"девять",1
387370,402,"сад",0
387371,402,"билет",0
387372,402,"режим",0
410383,403,"режим",0
410384,403,"блядь",0
410385,403,"вариант",1
410386,403,"принц",0
410387,403,"сад",0
410388,403,"билет",0
431863,404,"сомнение",0
431864,404,"батарея",0
431865,404,"сторож",0
431866,404,"почитание",0
431867,404,"отчёт",0
431868,404,"билет",1
431869,405,"герцог",1
431870,405,"конкурс",0
431871,405,"планета",0
431872,405,"альбом",0
431873,405,"стол",0
431874,405,"выход",0
431875,407,"судьба",0
431876,407,"бюро",0
431877,407,"перевозка",0
431878,407,"режим",1
431879,407,"кризис",0
431880,407,"испанский язык",0
431887,408,"забыть",0
431888,408,"решить",0
431889,408,"бегать",0
431890,408,"пить",1
431891,408,"казаться",0
431892,408,"открывать",0
431893,409,"климат",1
431894,409,"муж",0
431895,409,"страхование",0
431896,409,"усилие",0
431897,409,"здание",0
431898,409,"сцена",0
431899,410,"ветер",0
431900,410,"костюм",0
431901,410,"кость",0
431902,410,"концепт",1
431903,410,"множество",0
431904,410,"шкура",0
431905,412,"испанский язык",1
431906,412,"письмо",0
431907,412,"батарея",0
431908,412,"обед",0
431909,412,"дождь",0
431910,412,"альбом",0
387421,413,"участник",0
387422,413,"роза",0
387423,413,"журналист",1
387424,413,"вес",0
387425,413,"концепт",0
387426,413,"климат",0
387427,414,"вес",1
387428,414,"участник",0
387429,414,"роза",0
387430,414,"концепт",0
387431,414,"журналист",0
387432,414,"дождь",0
431917,415,"шанс",0
431918,415,"сторож",0
431919,415,"ключ",0
431920,415,"роза",1
431921,415,"машина",0
431922,415,"экран",0
410437,416,"литература",0
410438,416,"роза",0
410439,416,"георгий",0
410440,416,"максим",0
410441,416,"участник",1
410442,416,"дождь",0
431929,417,"концепт",0
431930,417,"альбом",0
431931,417,"газ",0
431932,417,"дождь",1
431933,417,"остров",0
431934,417,"шоссе",0
431935,418,"климат",0
431936,418,"приказ",0
431937,418,"крест",0
431938,418,"георгий",1
431939,418,"остров",0
431940,418,"запад",0
410455,419,"литература",1
410456,419,"максим",0
410457,419,"издание",0
410458,419,"секретарь",0
410459,419,"георгий",0
410460,419,"дождь",0
387451,421,"вселенная",0
387452,421,"секретарь",0
387453,421,"театр",0
387454,421,"издание",0
387455,421,"налог",0
387456,421,"возможность",1
410461,422,"максим",0
410462,422,"вселенная",0
410463,422,"секретарь",0
410464,422,"издание",1
410465,422,"налог",0
410466,422,"театр",0
410467,423,"альбом",0
410468,423,"вселенная",0
410469,423,"секретарь",1
410470,423,"издание",0
410471,423,"налог",0
410472,423,"театр",0
431953,424,"бюро",0
431954,424,"налог",1
431955,424,"кухня",0
431956,424,"газ",0
431957,424,"набла",0
431958,424,"радость",0
431959,425,"объём",0
431960,425,"ключ",0
431961,425,"театр",1
431962,425,"климат",0
431963,425,"разговор",0
431964,425,"религия",0
431965,426,"театр",0
431966,426,"вселенная",1
431967,426,"выход",0
431968,426,"гостиница",0
431969,426,"бюро",0
431970,426,"медицина",0
431971,427,"дождь",0
431972,427,"фокус",0
431973,427,"альбом",1
431974,427,"помилование",0
431975,427,"батарея",0
431976,427,"хлеб",0
431977,428,"почитание",0
431978,428,"сенат",0
431979,428,"аэропорт",1
431980,428,"парк",0
431981,428,"принцесса",0
431982,428,"хлеб",0
431983,429,"обмен",0
431984,429,"лес",0
431985,429,"концепт",0
431986,429,"жажда",0
431987,429,"штиль",1
431988,429,"религия",0
431989,430,"медицина",0
431990,430,"мясо",0
431991,430,"письмо",0
431992,430,"здание",0
431993,430,"девочка",0
431994,430,"доблесть",1
431995,431,"хотеть",0
431996,431,"расти",0
431997,431,"решить",0
431998,431,"пить",0
431999,431,"открывать",0
432000,431,"бегать",1
432001,432,"сцена",0
432002,432,"почитание",0
432003,432,"сюрприз",0
432004,432,"крест",1
432005,432,"перевозка",0
432006,432,"королева",0
374959,433,"иран",0
374960,433,"звук",0
374961,433,"наука",0
374962,433,"обед",0
374963,433,"рак",1
374964,433,"выход",0
387511,434,"луна",1
387512,434,"падение",0
387513,434,"переворот",0
387514,434,"крест",0
387515,434,"сопротивление",0
387516,434,"сектор",0
432007,435,"шанс",0
432008,435,"воссоединение",0
432009,435,"концепт",0
432010,435,"адвокат",0
432011,435,"падение",1
432012,435,"фокус",0
410533,436,"переворот",0
410534,436,"падение",0
410535,436,"сопротивление",1
410536,436,"бюро",0
410537,436,"крест",0
410538,436,"чемпион",0
410539,437,"сопротивление",0
410540,437,"крест",0
410541,437,"чемпион",0
410542,437,"переворот",1
410543,437,"падение",0
410544,437,"бюро",0
387535,438,"сопротивление",0
387536,438,"переворот",0
387537,438,"падение",0
387538,438,"чемпион",0
387539,438,"сектор",1
387540,438,"луна",0
432019,439,"спина",0
432020,439,"чемпион",1
432021,439,"выход",0
432022,439,"вселенная",0
432023,439,"сюрприз",0
432024,439,"роберт",0
375001,440,"левый",0
375002,440,"оружие",0
375003,440,"израиль",0
375004,440,"принцесса",0
375005,440,"контекст",1
375006,440,"аргентина",0
432025,441,"молоко",0
432026,441,"мусор",0
432027,441,"бюро",1
432028,441,"кость",0
432029,441,"опасность",0
432030,441,"почитание",0
432037,442,"окно",0
432038,442,"сцена",0
432039,442,"запад",1
432040,442,"путч",0
432041,442,"судья",0
432042,442,"звезда",0
432043,443,"кухня",0
432044,443,"бюро",0
432045,443,"планета",0
432046,443,"машина",0
432047,443,"камень",1
432048,443,"член",0
432049,444,"марка",0
432050,444,"шоссе",0
432051,444,"шкура",1
432052,444,"обзор",0
432053,444,"торговля",0
432054,444,"билет",0
432055,445,"сенат",0
432056,445,"судья",0
432057,445,"работа",0
432058,445,"сюрприз",1
432059,445,"камень",0
432060,445,"воссоединение",0
387583,446,"попытка",1
387584,446,"камень",0
387585,446,"шкура",0
387586,446,"техника",0
387587,446,"академия",0
387588,446,"теория",0
410581,447,"камень",0
410582,447,"сюрприз",0
410583,447,"техника",0
410584,447,"теория",1
410585,447,"шкура",0
410586,447,"академия",0
401581,448,"посещать",0
401582,448,"спасать",0
401583,448,"бросить",0
401584,448,"играть",1
401585,448,"забыть",0
401586,448,"появляться",0
410587,449,"техника",1
410588,449,"сюрприз",0
410589,449,"теория",0
410590,449,"сознание",0
410591,449,"шкура",0
410592,449,"академия",0
375061,450,"остров",0
375062,450,"риск",0
375063,450,"душа",0
375064,450,"парк",0
375065,450,"молния",0
375066,450,"индия",1
432061,451,"девочка",0
432062,451,"мусор",0
432063,451,"академия",1
432064,451,"образ",0
432065,451,"сомнение",0
432066,451,"остров",0
410599,452,"теория",0
410600,452,"сознание",1
410601,452,"академия",0
410602,452,"сюрприз",0
410603,452,"шкура",0
410604,452,"техника",0
432067,453,"пить",0
432068,453,"решить",0
432069,453,"расти",0
432070,453,"казаться",0
432071,453,"открывать",0
432072,453,"забыть",1
375085,454,"лицо",0
375086,454,"левый",0
375087,454,"планета",0
375088,454,"портал",1
375089,454,"операция",0
375090,454,"музей",0
432073,455,"формат",0
432074,455,"образ",0
432075,455,"тишина",0
432076,455,"здание",1
432077,455,"доблесть",0
432078,455,"ричард",0
432079,456,"стыд",1
432080,456,"обед",0
432081,456,"судья",0
432082,456,"роза",0
432083,456,"жертва",0
432084,456,"шанс",0
401593,457,"забыть",0
401594,457,"бросить",0
401595,457,"посещать",1
401596,457,"нуждаться",0
401597,457,"спасать",0
401598,457,"появляться",0
432085,458,"шкура",0
432086,458,"королева",0
432087,458,"кризис",0
432088,458,"радость",1
432089,458,"доблесть",0
432090,458,"георгий",0
387649,459,"радость",0
387650,459,"зверь",1
387651,459,"подача",0
387652,459,"окно",0
387653,459,"мясо",0
387654,459,"авторитет",0
410629,460,"стыд",0
410630,460,"набла",0
410631,460,"окно",0
410632,460,"подача",1
410633,460,"мясо",0
410634,460,"радость",0
387661,461,"мясо",0
387662,461,"радость",0
387663,461,"окно",0
387664,461,"подача",0
387665,461,"зверь",0
387666,461,"авторитет",1
432097,462,"оружие",0
432098,462,"испанский язык",0
432099,462,"мясо",1
432100,462,"выстрел",0
432101,462,"хлеб",0
432102,462,"ричард",0
432103,463,"судьба",0
432104,463,"множество",0
432105,463,"судья",0
432106,463,"набла",1
432107,463,"поиск",0
432108,463,"разговор",0
387685,464,"молоко",0
387686,464,"набла",0
387687,464,"pаспределение",1
387688,464,"авторитет",0
387689,464,"мясо",0
387690,464,"окно",0
434683,465,"молоко",1
434684,465,"набла",0
434685,465,"окно",0
434686,465,"мясо",0
434687,465,"радость",0
434688,465,"стыд",0
410653,466,"религия",0
410654,466,"набла",0
410655,466,"окно",0
410656,466,"молоко",0
410657,466,"мясо",0
410658,466,"мышление",1
387703,467,"мышление",0
387704,467,"спина",0
387705,467,"pаспределение",0
387706,467,"набла",0
387707,467,"молоко",0
387708,467,"азс",1
432115,468,"музей",0
432116,468,"сюрприз",0
432117,468,"климат",0
432118,468,"роберт",0
432119,468,"религия",1
432120,468,"чемпион",0
375175,469,"кухня",0
375176,469,"аргентина",0
375177,469,"категория",0
375178,469,"георгий",0
375179,469,"германия",1
375180,469,"академия",0
432127,470,"молоко",0
432128,470,"религия",0
432129,470,"вселенная",0
432130,470,"бюро",0
432131,470,"опасность",0
432132,470,"спина",1
432133,471,"парк",0
432134,471,"кухня",1
432135,471,"роза",0
432136,471,"сюрприз",0
432137,471,"аэропорт",0
432138,471,"ошибка",0
432139,472,"парк",0
432140,472,"роберт",0
432141,472,"судьба",0
432142,472,"хлеб",0
432143,472,"стол",0
432144,472,"письмо",1
432145,473,"шанс",0
432146,473,"обед",0
432147,473,"сцена",0
432148,473,"молоко",0
432149,473,"полоса",0
432150,473,"лес",1
432151,474,"лицо",0
432152,474,"эпизод",0
432153,474,"путч",1
432154,474,"штиль",0
432155,474,"мусор",0
432156,474,"гостиница",0
432157,475,"франциск",0
432158,475,"газ",1
432159,475,"ящик",0
432160,475,"воссоединение",0
432161,475,"георгий",0
432162,475,"жертва",0
432163,476,"марка",1
432164,476,"молния",0
432165,476,"носок",0
432166,476,"отчёт",0
432167,476,"мясо",0
432168,476,"оружие",0
432169,478,"эпизод",0
432170,478,"объём",1
432171,478,"вселенная",0
432172,478,"набла",0
432173,478,"договор",0
432174,478,"штиль",0
432175,479,"десятилетие",1
432176,479,"звук",0
432177,479,"эдуард",0
432178,479,"член",0
432179,479,"налог",0
432180,479,"чемпион",0
401599,480,"послать",1
401600,480,"посещать",0
401601,480,"спасать",0
401602,480,"появляться",0
401603,480,"нуждаться",0
401604,480,"расти",0
375241,481,"ричард",0
375242,481,"плохой",0
375243,481,"муж",0
375244,481,"иран",1
375245,481,"душа",0
375246,481,"формат",0
410719,482,"ричард",0
410720,482,"математика",1
410721,482,"машина",0
410722,482,"принцесса",0
410723,482,"объём",0
410724,482,"десятилетие",0
432181,483,"шоссе",0
432182,483,"окно",0
432183,483,"стыд",0
432184,483,"звезда",0
432185,483,"машина",1
432186,483,"театр",0
432187,484,"забыть",0
432188,484,"принести",0
432189,484,"хотеть",0
432190,484,"бегать",0
432191,484,"открывать",0
432192,484,"казаться",1
432193,485,"приказ",0
432194,485,"камень",0
432195,485,"концепт",0
432196,485,"класс",0
432197,485,"принцесса",1
432198,485,"ветер",0
432199,486,"финиш",0
432200,486,"ричард",1
432201,486,"здание",0
432202,486,"запад",0
432203,486,"сад",0
432204,486,"доблесть",0
387787,487,"жара",0
387788,487,"цепь",0
387789,487,"юмор",1
387790,487,"обед",0
387791,487,"принцесса",0
387792,487,"музей",0
375283,488,"выпуск",0
375284,488,"израиль",0
375285,488,"продукция",0
375286,488,"инициатива",1
375287,488,"разговор",0
375288,488,"авария",0
432223,489,"доблесть",0
432224,489,"музей",1
432225,489,"воссоединение",0
432226,489,"мусор",0
432227,489,"камень",0
432228,489,"помилование",0
432229,490,"эпизод",0
432230,490,"конкурс",0
432231,490,"множество",0
432232,490,"обед",1
432233,490,"голод",0
432234,490,"фокус",0
387811,491,"финиш",0
387812,491,"почитание",0
387813,491,"жара",0
387814,491,"цепь",1
387815,491,"обед",0
387816,491,"географическая карта",0
387817,492,"финиш",0
387818,492,"почитание",0
387819,492,"обед",0
387820,492,"географическая карта",0
387821,492,"цепь",0
387822,492,"жара",1
432235,493,"финиш",1
432236,493,"фокус",0
432237,493,"крест",0
432238,493,"налог",0
432239,493,"плохой",0
432240,493,"музей",0
432241,494,"образ",0
432242,494,"сад",0
432243,494,"площадь",0
432244,494,"хлеб",0
432245,494,"почитание",1
432246,494,"вселенная",0
387835,495,"географическая карта",1
387836,495,"продукция",0
387837,495,"медицина",0
387838,495,"почитание",0
387839,495,"мост",0
387840,495,"финиш",0
432247,496,"мясо",0
432248,496,"медицина",1
432249,496,"здание",0
432250,496,"шкура",0
432251,496,"роза",0
432252,496,"полоса",0
387847,497,"почитание",0
387848,497,"продукция",0
387849,497,"географическая карта",0
387850,497,"мост",1
387851,497,"медицина",0
387852,497,"финиш",0
387853,498,"географическая карта",0
387854,498,"медицина",0
387855,498,"продукция",1
387856,498,"замечание",0
387857,498,"мост",0
387858,498,"почитание",0
401617,499,"принести",0
401618,499,"нуждаться",0
401619,499,"спасать",1
401620,499,"делать",0
401621,499,"расти",0
401622,499,"писать",0
410779,500,"чувство",1
410780,500,"конкурс",0
410781,500,"замечание",0
410782,500,"почитание",0
410783,500,"рисунок",0
410784,500,"медицина",0
410785,501,"чувство",0
410786,501,"конкурс",0
410787,501,"замечание",1
410788,501,"формат",0
410789,501,"рисунок",0
410790,501,"фотография",0
432253,502,"обзор",0
432254,502,"конкурс",1
432255,502,"стыд",0
432256,502,"театр",0
432257,502,"площадь",0
432258,502,"бюро",0
432259,503,"перевозка",0
432260,503,"конкурс",0
432261,503,"медицина",0
432262,503,"рисунок",1
432263,503,"работа",0
432264,503,"кость",0
432271,504,"судьба",0
432272,504,"падение",0
432273,504,"формат",1
432274,504,"левый",0
432275,504,"ключ",0
432276,504,"парк",0
410809,505,"фотография",1
410810,505,"рисунок",0
410811,505,"замечание",0
410812,505,"конкурс",0
410813,505,"намерение",0
410814,505,"формат",0
410815,506,"намерение",1
410816,506,"фотография",0
410817,506,"рисунок",0
410818,506,"конкурс",0
410819,506,"формат",0
410820,506,"опасность",0
432277,508,"крест",0
432278,508,"объём",0
432279,508,"помилование",0
432280,508,"опасность",1
432281,508,"выстрел",0
432282,508,"мясо",0
387901,509,"возможность",1
387902,509,"оружие",0
387903,509,"осада",0
387904,509,"бешенство",0
387905,509,"квартира",0
387906,509,"опасность",0
387907,511,"опасность",0
387908,511,"бешенство",1
387909,511,"квартира",0
387910,511,"оружие",0
387911,511,"осада",0
387912,511,"возможность",0
410833,513,"опасность",0
410834,513,"образ",0
410835,513,"осада",0
410836,513,"усилие",0
410837,513,"оружие",0
410838,513,"квартира",1
432283,514,"лес",0
432284,514,"климат",0
432285,514,"окно",0
432286,514,"камень",0
432287,514,"оружие",1
432288,514,"кость",0
432289,515,"усилие",1
432290,515,"здание",0
432291,515,"сюрприз",0
432292,515,"лицо",0
432293,515,"приказ",0
432294,515,"фокус",0
432295,516,"финиш",0
432296,516,"альбом",0
432297,516,"франциск",0
432298,516,"образ",1
432299,516,"ящик",0
432300,516,"обзор",0
387943,517,"детство",0
387944,517,"плохой",0
387945,517,"лист",1
387946,517,"усилие",0
387947,517,"образ",0
387948,517,"хлеб",0
410857,518,"детство",1
410858,518,"усилие",0
410859,518,"образ",0
410860,518,"роберт",0
410861,518,"хлеб",0
410862,518,"плохой",0
375457,519,"вариант",0
375458,519,"израиль",1
375459,519,"письмо",0
375460,519,"издание",0
375461,519,"голос",0
375462,519,"вселенная",0
432301,521,"сад",0
432302,521,"лицо",0
432303,521,"фокус",0
432304,521,"плохой",1
432305,521,"машина",0
432306,521,"экран",0
401629,522,"писать",0
401630,522,"петь",0
401631,522,"достичь",0
401632,522,"расти",0
401633,522,"делать",0
401634,522,"нуждаться",1
432313,523,"шкура",0
432314,523,"падение",0
432315,523,"выстрел",0
432316,523,"экран",0
432317,523,"жертва",0
432318,523,"хлеб",1
432319,524,"полоса",0
432320,524,"эпизод",0
432321,524,"лес",0
432322,524,"климат",0
432323,524,"роберт",1
432324,524,"финиш",0
432325,526,"эдуард",0
432326,526,"батарея",0
432327,526,"воссоединение",0
432328,526,"здание",0
432329,526,"аэропорт",0
432330,526,"экран",1
432331,527,"носок",0
432332,527,"полоса",1
432333,527,"костюм",0
432334,527,"мусор",0
432335,527,"выход",0
432336,527,"набла",0
432337,528,"климат",0
432338,528,"ветер",1
432339,528,"кухня",0
432340,528,"сюрприз",0
432341,528,"марка",0
432342,528,"радость",0
410899,529,"установка",1
410900,529,"полоса",0
410901,529,"ветер",0
410902,529,"экран",0
410903,529,"батарея",0
410904,529,"роберт",0
432343,530,"жертва",0
432344,530,"академия",0
432345,530,"батарея",1
432346,530,"режим",0
432347,530,"кризис",0
432348,530,"финиш",0
432349,531,"бегать",0
432350,531,"расти",1
432351,531,"хотеть",0
432352,531,"казаться",0
432353,531,"решить",0
432354,531,"принести",0
410917,532,"независимость",0
410918,532,"батарея",0
410919,532,"обсуждение",1
410920,532,"ветер",0
410921,532,"установка",0
410922,532,"звезда",0
432355,533,"спина",0
432356,533,"штиль",0
432357,533,"звезда",1
432358,533,"множество",0
432359,533,"судьба",0
432360,533,"путч",0
410929,534,"обсуждение",0
410930,534,"независимость",1
410931,534,"сенат",0
410932,534,"звезда",0
410933,534,"молния",0
410934,534,"кадр",0
388021,535,"кадр",0
388022,535,"звезда",0
388023,535,"обсуждение",0
388024,535,"лев",1
388025,535,"независимость",0
388026,535,"молния",0
432361,536,"планета",0
432362,536,"остров",0
432363,536,"договор",0
432364,536,"финиш",0
432365,536,"кадр",1
432366,536,"сцена",0
432367,537,"сомнение",0
432368,537,"обед",0
432369,537,"альбом",0
432370,537,"молния",1
432371,537,"звук",0
432372,537,"кровь",0
432373,538,"авария",0
432374,538,"сенат",1
432375,538,"фокус",0
432376,538,"экран",0
432377,538,"душа",0
432378,538,"медицина",0
388045,539,"кадр",0
388046,539,"молния",0
388047,539,"сенатор",1
388048,539,"сенат",0
388049,539,"коробка передач",0
388050,539,"лев",0
388051,540,"лев",0
388052,540,"молния",0
388053,540,"сенат",0
388054,540,"коробка передач",1
388055,540,"кадр",0
388056,540,"сенатор",0
432379,541,"новелла",0
432380,541,"градус",1
432381,541,"скала",0
432382,541,"гость",0
432383,541,"стул",0
432384,541,"полковник",0
401647,542,"декрет",0
401648,542,"ад",1
401649,542,"градус",0
401650,542,"гид",0
401651,542,"спорт",0
401652,542,"стена",0
432385,543,"стена",1
432386,543,"поцелуй",0
432387,543,"сосед",0
432388,543,"бомба",0
432389,543,"шоколад",0
432390,543,"поражение",0
401659,544,"чтение",0
401660,544,"волна",0
401661,544,"обед",0
401662,544,"гид",0
401663,544,"декрет",1
401664,544,"спорт",0
432397,545,"спорт",1
432398,545,"лечение",0
432399,545,"маркетинг",0
432400,545,"флаг",0
432401,545,"дядя",0
432402,545,"бомба",0
401671,546,"пара",0
401672,546,"обед",0
401673,546,"спорт",0
401674,546,"гид",1
401675,546,"чтение",0
401676,546,"волна",0
375613,547,"грузовик",0
375614,547,"генрих",1
375615,547,"ирак",0
375616,547,"серебро",0
375617,547,"терапия",0
375618,547,"кислота",0
401677,548,"пара",0
401678,548,"обед",1
401679,548,"чтение",0
401680,548,"декрет",0
401681,548,"волна",0
401682,548,"запах",0
432403,550,"бассейн",0
432404,550,"дуб",0
432405,550,"грусть",0
432406,550,"предел",0
432407,550,"самолёт",0
432408,550,"волна",1
401695,551,"клиент",0
401696,551,"пара",1
401697,551,"запах",0
401698,551,"железо",0
401699,551,"фраза",0
401700,551,"собрание",0
432415,552,"рука",0
432416,552,"очки",0
432417,552,"запах",1
432418,552,"суицид",0
432419,552,"прощение",0
432420,552,"стакан",0
401707,553,"железо",0
401708,553,"честь",0
401709,553,"запах",0
401710,553,"фраза",0
401711,553,"собрание",0
401712,553,"клиент",1
401713,554,"честь",0
401714,554,"фраза",0
401715,554,"клиент",0
401716,554,"железо",0
401717,554,"собрание",1
401718,554,"гуманность",0
401719,555,"железо",1
401720,555,"честь",0
401721,555,"фраза",0
401722,555,"юность",0
401723,555,"собрание",0
401724,555,"гуманность",0
401725,556,"гуманность",0
401726,556,"честь",0
401727,556,"собрание",0
401728,556,"фраза",1
401729,556,"юность",0
401730,556,"железо",0
401731,557,"рубашка",0
401732,557,"гуманность",0
401733,557,"стипендия",0
401734,557,"флаг",0
401735,557,"юность",0
401736,557,"честь",1
401737,558,"рубашка",0
401738,558,"конфликт",0
401739,558,"флаг",0
401740,558,"стипендия",0
401741,558,"юность",0
401742,558,"гуманность",1
432427,559,"поцелуй",0
432428,559,"юность",1
432429,559,"валюта",0
432430,559,"ложь",0
432431,559,"оферта",0
432432,559,"запах",0
432433,560,"сосед",0
432434,560,"раса",0
432435,560,"очки",0
432436,560,"темп",0
432437,560,"сыр",0
432438,560,"новелла",1
434773,561,"раньше",0
434774,561,"истинный",0
434775,561,"производить",1
434776,561,"трудный",0
434777,561,"возможно",0
434778,561,"хорошо",0
375703,562,"клиент",0
375704,562,"стакан",0
375705,562,"растения",0
375706,562,"география",0
375707,562,"провинция",1
375708,562,"железо",0
375709,564,"традиция",1
375710,564,"швейцария",0
375711,564,"картина",0
375712,564,"вторжение",0
375713,564,"лекарство",0
375714,564,"критик",0
432439,565,"флаг",1
432440,565,"прогресс",0
432441,565,"пожар",0
432442,565,"спрос",0
432443,565,"камера",0
432444,565,"тень",0
432445,566,"шутка",0
432446,566,"масло",0
432447,566,"кузина",0
432448,566,"полковник",0
432449,566,"девственник",0
432450,566,"стипендия",1
432451,567,"химия",0
432452,567,"метрополитен",0
432453,567,"полковник",0
432454,567,"рука",1
432455,567,"стипендия",0
432456,567,"юность",0
432457,569,"страсть",0
432458,569,"рубашка",1
432459,569,"песок",0
432460,569,"трактат",0
432461,569,"рассказ",0
432462,569,"враг",0
432463,570,"сосед",0
432464,570,"равновесие",0
432465,570,"конфликт",1
432466,570,"кот",0
432467,570,"бомба",0
432468,570,"топор",0
432469,571,"рыбы",0
432470,571,"потребление",1
432471,571,"шоколад",0
432472,571,"ресторан",0
432473,571,"зал",0
432474,571,"чили",0
375751,572,"египет",0
375752,572,"механизм",0
375753,572,"талант",0
375754,572,"счастье",1
375755,572,"зеркало",0
375756,572,"тревога",0
432475,574,"стул",0
432476,574,"мода",1
432477,574,"градус",0
432478,574,"куба",0
432479,574,"зима",0
432480,574,"волна",0
432481,576,"глава",0
432482,576,"доход",1
432483,576,"рубашка",0
432484,576,"кузина",0
432485,576,"тайна",0
432486,576,"конфликт",0
432487,577,"камера",0
432488,577,"напитки",0
432489,577,"нос",0
432490,577,"вино",1
432491,577,"чай",0
432492,577,"сон",0
432499,579,"дерево",0
432500,579,"камера",1
432501,579,"анонс",0
432502,579,"чили",0
432503,579,"оферта",0
432504,579,"рис",0
411061,580,"идиот",0
411062,580,"камера",0
411063,580,"демократия",1
411064,580,"горизонт",0
411065,580,"предел",0
411066,580,"сведения",0
432511,584,"предел",1
432512,584,"кузина",0
432513,584,"правило",0
432514,584,"растения",0
432515,584,"бабушка",0
432516,584,"круиз",0
388285,586,"тайна",0
388286,586,"сведения",0
388287,586,"дядя",0
388288,586,"мотор",1
388289,586,"предел",0
388290,586,"папство",0
432523,588,"шоколад",0
432524,588,"египет",0
432525,588,"новелла",0
432526,588,"гипотеза",0
432527,588,"метрополитен",0
432528,588,"тайна",1
432529,589,"враг",0
432530,589,"поцелуй",0
432531,589,"дядя",1
432532,589,"экзамен",0
432533,589,"буква",0
432534,589,"дружба",0
375817,590,"пицца",0
375818,590,"волк",0
375819,590,"туризм",1
375820,590,"стачка",0
375821,590,"рассказ",0
375822,590,"очки",0
432535,591,"спрятать",0
432536,591,"лгать",0
432537,591,"делить",0
432538,591,"мешать",0
432539,591,"увлечь",0
432540,591,"достичь",1
432541,592,"дружба",1
432542,592,"шоколад",0
432543,592,"шея",0
432544,592,"валюта",0
432545,592,"кот",0
432546,592,"пиво",0
401887,593,"достичь",0
401888,593,"петь",1
401889,593,"любить",0
401890,593,"понести",0
401891,593,"мешать",0
401892,593,"собрать",0
432553,594,"флаг",0
432554,594,"костюм",0
432555,594,"конь",0
432556,594,"потребление",0
432557,594,"внук",0
432558,594,"пиво",1
432559,595,"торт",0
432560,595,"ресторан",0
432561,595,"дворец",0
432562,595,"стакан",0
432563,595,"рассказ",0
432564,595,"здание",1
432571,597,"диалог",0
432572,597,"темп",0
432573,597,"трактат",0
432574,597,"выручка",0
432575,597,"буква",1
432576,597,"волна",0
432577,598,"теннис",0
432578,598,"новелла",0
432579,598,"вильгельм",0
432580,598,"ложь",1
432581,598,"корабль",0
432582,598,"дядя",0
401923,599,"дерево",0
401924,599,"буква",0
401925,599,"полковник",0
401926,599,"нация",1
401927,599,"самолёт",0
401928,599,"ложь",0
411127,600,"дерево",0
411128,600,"полковник",0
411129,600,"решение",1
411130,600,"ложь",0
411131,600,"буква",0
411132,600,"самолёт",0
388369,601,"полковник",0
388370,601,"самолёт",0
388371,601,"нация",0
388372,601,"решение",0
388373,601,"дерево",0
388374,601,"двадцать",1
432589,602,"грусть",0
432590,602,"дерево",1
432591,602,"орган",0
432592,602,"диалог",0
432593,602,"рыбы",0
432594,602,"равновесие",0
432595,603,"нос",0
432596,603,"тень",0
432597,603,"самолёт",1
432598,603,"плащ",0
432599,603,"орган",0
432600,603,"зима",0
432601,604,"физик",0
432602,604,"глава",0
432603,604,"полковник",1
432604,604,"очки",0
432605,604,"подросток",0
432606,604,"экзамен",0
432607,605,"зал",0
432608,605,"весна",0
432609,605,"рис",0
432610,605,"дебаты",1
432611,605,"спрос",0
432612,605,"эссе",0
375907,606,"терапия",0
375908,606,"окунь",0
375909,606,"актриса",0
375910,606,"железо",0
375911,606,"спешка",0
375912,606,"эволюция",1
432613,607,"пёс",0
432614,607,"рыбы",0
432615,607,"девственник",0
432616,607,"дворец",0
432617,607,"кот",1
432618,607,"внук",0
432619,608,"поражение",0
432620,608,"орган",0
432621,608,"подросток",0
432622,608,"шея",0
432623,608,"корабль",0
432624,608,"зима",1
432625,610,"абордаж",0
432626,610,"философия",0
432627,610,"стипендия",0
432628,610,"страсть",1
432629,610,"зеркало",0
432630,610,"упражнение",0
432631,612,"теннис",0
432632,612,"куба",0
432633,612,"рейс",0
432634,612,"песок",0
432635,612,"бассейн",0
432636,612,"значение",1
432637,613,"философия",0
432638,613,"ученик",0
432639,613,"страсть",0
432640,613,"плащ",1
432641,613,"староста",0
432642,613,"транзит",0
432643,614,"бомба",0
432644,614,"выручка",0
432645,614,"круиз",0
432646,614,"юность",0
432647,614,"диалог",0
432648,614,"деревня",1
432649,616,"собака",1
432650,616,"флаг",0
432651,616,"тайна",0
432652,616,"суицид",0
432653,616,"камера",0
432654,616,"тётя",0
432655,617,"равновесие",0
432656,617,"груз",1
432657,617,"клён",0
432658,617,"спрос",0
432659,617,"ложь",0
432660,617,"лечение",0
432661,618,"экзамен",0
432662,618,"подросток",0
432663,618,"цепь",1
432664,618,"растения",0
432665,618,"спорт",0
432666,618,"стул",0
432673,619,"поцелуй",0
432674,619,"масштаб",1
432675,619,"дальность",0
432676,619,"подросток",0
432677,619,"стакан",0
432678,619,"анонс",0
432685,622,"рассказ",0
432686,622,"бумажник",0
432687,622,"правило",0
432688,622,"ресторан",0
432689,622,"вильгельм",0
432690,622,"лёд",1
411229,623,"прибор",0
411230,623,"масштаб",0
411231,623,"рыба",0
411232,623,"лёд",0
411233,623,"случай",0
411234,623,"лаборатория",1
432691,624,"охота",0
432692,624,"рыба",1
432693,624,"правило",0
432694,624,"сахар",0
432695,624,"стекло",0
432696,624,"потребление",0
402037,627,"кормить",0
402038,627,"собрать",0
402039,627,"бывать",0
402040,627,"мешать",0
402041,627,"понести",0
402042,627,"любить",1
411241,628,"бомба",0
411242,628,"рыба",0
411243,628,"предупреждение",0
411244,628,"вирусы",0
411245,628,"отсутствие",1
411246,628,"песнь",0
432697,629,"бумажник",0
432698,629,"предупреждение",1
432699,629,"сахар",0
432700,629,"дружба",0
432701,629,"куба",0
432702,629,"пёс",0
432703,630,"экзамен",0
432704,630,"бомба",1
432705,630,"эссе",0
432706,630,"деревня",0
432707,630,"запах",0
432708,630,"велосипед",0
402055,631,"песнь",0
402056,631,"рассказ",0
402057,631,"тётя",0
402058,631,"певец",1
402059,631,"зарплата",0
402060,631,"копьё",0
411259,632,"описание",0
411260,632,"рассказ",0
411261,632,"отсутствие",0
411262,632,"песнь",1
411263,632,"бомба",0
411264,632,"предупреждение",0
432715,633,"чили",0
432716,633,"враг",0
432717,633,"рассказ",1
432718,633,"зеркало",0
432719,633,"шоколад",0
432720,633,"масло",0
411271,634,"песнь",0
411272,634,"копьё",0
411273,634,"философия",0
411274,634,"описание",1
411275,634,"бомба",0
411276,634,"рассказ",0
432721,635,"физик",0
432722,635,"философия",1
432723,635,"буква",0
432724,635,"пилот",0
432725,635,"пиво",0
432726,635,"серебро",0
432727,636,"писать",0
432728,636,"мешать",1
432729,636,"понести",0
432730,636,"лгать",0
432731,636,"увлечь",0
432732,636,"делить",0
411289,637,"рассказ",0
411290,637,"зарплата",0
411291,637,"копьё",1
411292,637,"пилот",0
411293,637,"философия",0
411294,637,"описание",0
432733,638,"велосипед",0
432734,638,"экзамен",0
432735,638,"цыплёнок",0
432736,638,"самолёт",0
432737,638,"пилот",1
432738,638,"раса",0
411301,639,"тётя",0
411302,639,"зарплата",1
411303,639,"пилот",0
411304,639,"классифицирование",0
411305,639,"копьё",0
411306,639,"определение",0
432745,640,"поражение",0
432746,640,"тарелка",0
432747,640,"рейс",0
432748,640,"волна",0
432749,640,"грусть",0
432750,640,"тётя",1
411313,643,"ученик",0
411314,643,"определение",1
411315,643,"дворец",0
411316,643,"классифицирование",0
411317,643,"тётя",0
411318,643,"корабль",0
432751,644,"ученик",1
432752,644,"тень",0
432753,644,"поцелуй",0
432754,644,"корабль",0
432755,644,"анонс",0
432756,644,"сыр",0
432763,647,"сосед",0
432764,647,"корабль",1
432765,647,"сахар",0
432766,647,"египет",0
432767,647,"запах",0
432768,647,"цыплёнок",0
432769,648,"куба",0
432770,648,"стекло",0
432771,648,"ресторан",0
432772,648,"доход",0
432773,648,"бассейн",0
432774,648,"дворец",1
432775,650,"кот",0
432776,650,"химия",1
432777,650,"спрос",0
432778,650,"страсть",0
432779,650,"прогресс",0
432780,650,"песок",0
411343,651,"корабль",0
411344,651,"чили",0
411345,651,"дворец",0
411346,651,"химия",0
411347,651,"поцелуй",0
411348,651,"температура",1
376117,652,"тенденция",1
376118,652,"дружба",0
376119,652,"соглашение",0
376120,652,"фактор",0
376121,652,"меланж",0
376122,652,"апельсин",0
432799,653,"тень",0
432800,653,"сыр",0
432801,653,"поцелуй",1
432802,653,"враг",0
432803,653,"серебро",0
432804,653,"пилот",0
432805,654,"чили",1
432806,654,"масло",0
432807,654,"легенда",0
432808,654,"сахар",0
432809,654,"потребление",0
432810,654,"ресторан",0
432811,655,"головной мозг",1
432812,655,"кузина",0
432813,655,"тень",0
432814,655,"рука",0
432815,655,"самолёт",0
432816,655,"цепь",0
432817,656,"женщина",1
432818,656,"торт",0
432819,656,"подросток",0
432820,656,"стена",0
432821,656,"новелла",0
432822,656,"чай",0
411373,657,"вмешательство",1
411374,657,"чили",0
411375,657,"женщина",0
411376,657,"поцелуй",0
411377,657,"староста",0
411378,657,"трактат",0
432823,658,"грусть",0
432824,658,"кот",0
432825,658,"староста",1
432826,658,"запах",0
432827,658,"градус",0
432828,658,"стипендия",0
432829,659,"трактат",1
432830,659,"плащ",0
432831,659,"равновесие",0
432832,659,"бумажник",0
432833,659,"камера",0
432834,659,"поражение",0
376165,661,"канада",0
376166,661,"выживание",0
376167,661,"oтопление",0
376168,661,"скала",0
376169,661,"актриса",1
376170,661,"мануил",0
432841,662,"конь",0
432842,662,"конфликт",0
432843,662,"физик",0
432844,662,"предупреждение",0
432845,662,"шутка",1
432846,662,"масштаб",0
411397,663,"оферта",0
411398,663,"шутка",0
411399,663,"внук",0
411400,663,"впечатление",1
411401,663,"бассейн",0
411402,663,"раса",0
432865,665,"зеркало",0
432866,665,"сыр",0
432867,665,"посольство",0
432868,665,"сахар",0
432869,665,"глава",0
432870,665,"внук",1
432871,666,"очки",0
432872,666,"идо",0
432873,666,"женщина",0
432874,666,"пёс",0
432875,666,"оферта",1
432876,666,"кот",0
432877,667,"бассейн",1
432878,667,"тарелка",0
432879,667,"мода",0
432880,667,"песок",0
432881,667,"абордаж",0
432882,667,"лёд",0
432883,668,"поцелуй",0
432884,668,"песок",0
432885,668,"замок",0
432886,668,"доход",0
432887,668,"раса",1
432888,668,"оферта",0
432889,669,"ресторан",1
432890,669,"спрос",0
432891,669,"раса",0
432892,669,"предупреждение",0
432893,669,"велосипед",0
432894,669,"растения",0
411433,670,"оферта",0
411434,670,"страдание",1
411435,670,"раса",0
411436,670,"ресторан",0
411437,670,"нора́",0
411438,670,"бассейн",0
388699,672,"ресторан",0
388700,672,"сахар",0
388701,672,"транспортное средство",1
388702,672,"раса",0
388703,672,"актёр",0
388704,672,"страдание",0
376225,673,"бернард",0
376226,673,"масштаб",0
376227,673,"антон",1
376228,673,"библия",0
376229,673,"картина",0
376230,673,"валюта",0
402223,674,"враг",0
402224,674,"торт",0
402225,674,"меланж",0
402226,674,"шоколад",0
402227,674,"сахар",0
402228,674,"актёр",1
432895,675,"риф",0
432896,675,"гипотеза",0
432897,675,"цепь",0
432898,675,"сахар",1
432899,675,"торт",0
432900,675,"равновесие",0
432901,676,"бумажник",0
432902,676,"правило",0
432903,676,"юность",0
432904,676,"зима",0
432905,676,"нос",0
432906,676,"торт",1
432907,677,"кузина",0
432908,677,"выручка",0
432909,677,"юность",0
432910,677,"гость",0
432911,677,"серебро",0
432912,677,"шоколад",1
411457,678,"торт",0
411458,678,"шоколад",0
411459,678,"враг",0
411460,678,"правило",0
411461,678,"меланж",0
411462,678,"частота",1
432913,679,"серебро",0
432914,679,"орган",0
432915,679,"стул",0
432916,679,"враг",1
432917,679,"доход",0
432918,679,"дворец",0
402253,680,"записать",0
402254,680,"понести",0
402255,680,"бывать",0
402256,680,"ломаться",0
402257,680,"собрать",1
402258,680,"кормить",0
432919,682,"правило",1
432920,682,"масло",0
432921,682,"кот",0
432922,682,"юность",0
432923,682,"потребление",0
432924,682,"сон",0
432925,683,"венец",0
432926,683,"зал",0
432927,683,"груз",0
432928,683,"цыплёнок",0
432929,683,"дальность",1
432930,683,"мода",0
432931,685,"стекло",0
432932,685,"химия",0
432933,685,"знак",0
432934,685,"дуб",1
432935,685,"сыр",0
432936,685,"рубашка",0
402295,686,"хирургия",0
402296,686,"доктор",1
402297,686,"цикл",0
402298,686,"нефть",0
402299,686,m,0
402300,686,"адрес",0
402307,687,"адрес",0
402308,687,"людвиг",0
402309,687,"цикл",0
402310,687,"герой",0
402311,687,"хирургия",0
402312,687,"нефть",1
432949,688,"транзит",1
432950,688,"кузен",0
432951,688,"спрос",0
432952,688,"эссе",0
432953,688,"диалог",0
432954,688,"венец",0
432955,689,"оферта",0
432956,689,"спорт",0
432957,689,"буква",0
432958,689,"орган",1
432959,689,"знак",0
432960,689,"напитки",0
402313,690,"ломаться",0
402314,690,"собрать",0
402315,690,"бывать",0
402316,690,"должен",0
402317,690,"кормить",1
402318,690,"записать",0
376327,691,"новелла",0
376328,691,"ткань",0
376329,691,"канада",1
376330,691,"марш",0
376331,691,"лава",0
376332,691,"вино",0
402319,692,"адрес",0
402320,692,"цикл",1
402321,692,"хирургия",0
402322,692,"людвиг",0
402323,692,"герой",0
402324,692,"поэзия",0
402325,693,"людвиг",0
402326,693,"поэзия",0
402327,693,"чай",0
402328,693,"хирургия",1
402329,693,"герой",0
402330,693,"адрес",0
402331,694,"герой",0
402332,694,"поэзия",0
402333,694,"адрес",1
402334,694,"людвиг",0
402335,694,"чай",0
402336,694,"специалист",0
402337,695,"пожар",0
402338,695,"поэзия",0
402339,695,"специалист",0
402340,695,"герой",1
402341,695,"чай",0
402342,695,"людвиг",0
402343,696,"рыбы",0
402344,696,"людвиг",1
402345,696,"специалист",0
402346,696,"пожар",0
402347,696,"поэзия",0
402348,696,"чай",0
432961,697,"кузина",0
432962,697,"легенда",0
432963,697,"поэзия",1
432964,697,"экзамен",0
432965,697,"чай",0
432966,697,"предупреждение",0
432973,698,"серебро",0
432974,698,"дальность",0
432975,698,"чай",1
432976,698,"деревня",0
432977,698,"тень",0
432978,698,"юность",0
411517,700,"валюта",0
411518,700,"драма",1
411519,700,"чай",0
411520,700,"пожар",0
411521,700,"поэзия",0
411522,700,"египет",0
432979,701,"египет",1
432980,701,"шея",0
432981,701,"самолёт",0
432982,701,"новелла",0
432983,701,"абордаж",0
432984,701,"юность",0
402367,702,"рыбы",0
402368,702,"зал",0
402369,702,"специалист",1
402370,702,"пожар",0
402371,702,"палец",0
402372,702,"лечение",0
434821,703,"завтра",0
434822,703,"вероятно",0
434823,703,"лучший",0
434824,703,"обычно",0
434825,703,"только",0
434826,703,"существовать",1
432991,704,"плащ",0
432992,704,"посольство",0
432993,704,"лёд",0
432994,704,"пожар",1
432995,704,"физик",0
432996,704,"тётя",0
433003,705,"дружба",0
433004,705,"дерево",0
433005,705,"экзамен",0
433006,705,"ресурс",0
433007,705,"валюта",1
433008,705,"шутка",0
433015,706,"песок",0
433016,706,"потребление",0
433017,706,"сыр",0
433018,706,"буква",0
433019,706,"рыбы",1
433020,706,"поэзия",0
433027,707,"спорт",0
433028,707,"глава",0
433029,707,"орган",0
433030,707,"зал",1
433031,707,"грусть",0
433032,707,"пилот",0
402403,708,"использовать",1
402404,708,"записать",0
402405,708,"воровать",0
402406,708,"спрятать",0
402407,708,"должен",0
402408,708,"ломаться",0
433033,710,"стекло",0
433034,710,"кролик",0
433035,710,"спрос",0
433036,710,"лечение",1
433037,710,"выручка",0
433038,710,"правило",0
433039,711,"внук",0
433040,711,"упражнение",0
433041,711,"очки",0
433042,711,"метрополитен",0
433043,711,"лёд",0
433044,711,"палец",1
402421,712,"замок",0
402422,712,"охота",0
402423,712,"стул",0
402424,712,"трудность",1
402425,712,"упражнение",0
402426,712,"поражение",0
433051,713,"стачка",0
433052,713,"физик",0
433053,713,"глава",0
433054,713,"кузен",1
433055,713,"суицид",0
433056,713,"рассказ",0
402433,714,"воровать",0
402434,714,"спрятать",0
402435,714,"следить",0
402436,714,"грузить",0
402437,714,"ломаться",1
402438,714,"должен",0
433063,715,"собака",0
433064,715,"абордаж",1
433065,715,"шея",0
433066,715,"стекло",0
433067,715,"корабль",0
433068,715,"грусть",0
433069,716,"дерево",0
433070,716,"предел",0
433071,716,"стул",1
433072,716,"посольство",0
433073,716,"конь",0
433074,716,"флаг",0
433081,717,"буква",0
433082,717,"суицид",0
433083,717,"замок",1
433084,717,"рука",0
433085,717,"стипендия",0
433086,717,"идо",0
433087,718,"ученик",0
433088,718,"раса",0
433089,718,"охота",1
433090,718,"бабушка",0
433091,718,"кузен",0
433092,718,"валюта",0
433093,719,"мёд",0
433094,719,"чили",0
433095,719,"зал",0
433096,719,"поражение",1
433097,719,"внук",0
433098,719,"замок",0
433105,720,"торт",0
433106,720,"упражнение",1
433107,720,"песок",0
433108,720,"доход",0
433109,720,"риф",0
433110,720,"тётя",0
433111,721,"физик",1
433112,721,"орган",0
433113,721,"рассказ",0
433114,721,"потребление",0
433115,721,"полковник",0
433116,721,"градус",0
411613,722,"логика",1
411614,722,"физик",0
411615,722,"упражнение",0
411616,722,"поражение",0
411617,722,"мёд",0
411618,722,"цыплёнок",0
402475,723,"следить",0
402476,723,"спрятать",0
402477,723,"грузить",0
402478,723,"должен",0
402479,723,"воровать",0
402480,723,"записать",1
433117,724,"топор",0
433118,724,"цыплёнок",0
433119,724,"мёд",1
433120,724,"доход",0
433121,724,"здание",0
433122,724,"грусть",0
433123,725,"вино",0
433124,725,"мода",0
433125,725,"цыплёнок",1
433126,725,"конь",0
433127,725,"физик",0
433128,725,"лёд",0
402493,726,"топор",0
402494,726,"подросток",0
402495,726,"анонс",0
402496,726,"круиз",0
402497,726,"архитектура",0
402498,726,"призёр",1
433129,727,"скала",0
433130,727,"рыба",0
433131,727,"шутка",0
433132,727,"физик",0
433133,727,"подросток",1
433134,727,"песок",0
433135,728,"спорт",0
433136,728,"предупреждение",0
433137,728,"буква",0
433138,728,"выручка",0
433139,728,"анонс",1
433140,728,"зима",0
411643,729,"анонс",0
411644,729,"архитектура",1
411645,729,"круиз",0
411646,729,"депрессия",0
411647,729,"подросток",0
411648,729,"разрушение",0
389029,730,"круиз",0
389030,730,"библия",1
389031,730,"архитектура",0
389032,730,"анонс",0
389033,730,"подросток",0
389034,730,"призёр",0
433141,731,"куба",0
433142,731,"посольство",0
433143,731,"дерево",0
433144,731,"спрос",0
433145,731,"полковник",0
433146,731,"круиз",1
411655,732,"разрушение",0
411656,732,"архитектура",0
411657,732,"круиз",0
411658,732,"бизнесмен",0
411659,732,"депрессия",1
411660,732,"анонс",0
411661,733,"архитектура",0
411662,733,"разрушение",1
411663,733,"бизнесмен",0
411664,733,"депрессия",0
411665,733,"анонс",0
411666,733,"круиз",0
411667,734,"бизнесмен",1
411668,734,"разрушение",0
411669,734,"круиз",0
411670,734,"гигант",0
411671,734,"депрессия",0
411672,734,"архитектура",0
433147,737,"очки",0
433148,737,"тайна",0
433149,737,"женщина",0
433150,737,"нос",0
433151,737,"поцелуй",0
433152,737,"топор",1
376591,738,"случай",0
376592,738,"лечение",0
376593,738,"мануил",1
376594,738,"тётя",0
376595,738,"макияж",0
376596,738,"семинар",0
411691,740,"гора",0
411692,740,"топор",0
411693,740,"риф",0
411694,740,"шея",0
411695,740,"бюджет",1
411696,740,"кузина",0
433153,741,"флаг",0
433154,741,"рубашка",0
433155,741,"цепь",0
433156,741,"шея",1
433157,741,"нос",0
433158,741,"глава",0
433159,742,"головной мозг",0
433160,742,"тайна",0
433161,742,"экзамен",0
433162,742,"лёд",0
433163,742,"бассейн",0
433164,742,"кузина",1
433165,743,"дружба",0
433166,743,"плащ",0
433167,743,"физик",0
433168,743,"риф",1
433169,743,"диалог",0
433170,743,"растения",0
433171,744,"пилот",0
433172,744,"дядя",0
433173,744,"сон",1
433174,744,"прогресс",0
433175,744,"куба",0
433176,744,"безумие",0
411727,746,"напряжение",1
411728,746,"сон",0
411729,746,"кузина",0
411730,746,"талант",0
411731,746,"масло",0
411732,746,"риф",0
433183,747,"масло",1
433184,747,"песок",0
433185,747,"раса",0
433186,747,"здание",0
433187,747,"вильгельм",0
433188,747,"гость",0
433201,748,"гость",1
433202,748,"предел",0
433203,748,"сосед",0
433204,748,"сон",0
433205,748,"песок",0
433206,748,"безумие",0
433207,750,"пожар",0
433208,750,"озеро",1
433209,750,"очки",0
433210,750,"юность",0
433211,750,"поэзия",0
433212,750,"трактат",0
402583,751,"грузить",0
402584,751,"следить",0
402585,751,"воровать",0
402586,751,"спрятать",0
402587,751,"жить",1
402588,751,"кричать",0
411757,753,"песок",0
411758,753,"глава",0
411759,753,"рис",0
411760,753,"конь",0
411761,753,"вид",1
411762,753,"венесуэла",0
433213,754,"венец",0
433214,754,"бомба",0
433215,754,"песок",1
433216,754,"стекло",0
433217,754,"тайна",0
433218,754,"египет",0
433219,755,"суицид",0
433220,755,"новелла",0
433221,755,"тарелка",0
433222,755,"рис",1
433223,755,"посольство",0
433224,755,"градус",0
433225,756,"бассейн",0
433226,756,"глава",1
433227,756,"куба",0
433228,756,"значение",0
433229,756,"кот",0
433230,756,"гость",0
433231,757,"прощение",0
433232,757,"конь",1
433233,757,"озеро",0
433234,757,"легенда",0
433235,757,"страсть",0
433236,757,"папа",0
411787,758,"рис",0
411788,758,"конь",0
411789,758,"глава",0
411790,758,"песок",0
411791,758,"напряжение",1
411792,758,"венец",0
433237,759,"спорт",0
433238,759,"тень",0
433239,759,"прогресс",0
433240,759,"лёд",0
433241,759,"полковник",0
433242,759,"венец",1
411799,760,"легенда",0
411800,760,"конь",0
411801,760,"глава",0
411802,760,"напряжение",0
411803,760,"взрыв",1
411804,760,"венец",0
433243,761,"камера",0
433244,761,"легенда",1
433245,761,"серебро",0
433246,761,"пиво",0
433247,761,"озеро",0
433248,761,"египет",0
433249,763,"кузен",0
433250,763,"метрополитен",0
433251,763,"собака",0
433252,763,"новелла",0
433253,763,"поражение",0
433254,763,"нос",1
402643,764,"скала",0
402644,764,"ангел",0
402645,764,"оккупация",1
402646,764,"серебро",0
402647,764,"рейс",0
402648,764,"критик",0
411817,765,"легенда",0
411818,765,"серебро",0
411819,765,"скала",0
411820,765,"картина",0
411821,765,"нос",0
411822,765,"разрешение",1
433261,767,"серебро",1
433262,767,"зал",0
433263,767,"рука",0
433264,767,"дядя",0
433265,767,"трактат",0
433266,767,"идо",0
433267,768,"корабль",0
433268,768,"дальность",0
433269,768,"равновесие",0
433270,768,"скала",1
433271,768,"ресурс",0
433272,768,"стакан",0
433273,769,"кролик",0
433274,769,"упражнение",0
433275,769,"топор",0
433276,769,"рейс",1
433277,769,"чай",0
433278,769,"грусть",0
402685,770,"курка",0
402686,770,"прозрачность",0
402687,770,"афера",0
402688,770,"градус",0
402689,770,"месса",0
402690,770,"ангел",1
411847,771,"критик",1
411848,771,"снаряжение",0
411849,771,"рейс",0
411850,771,"экспансия",0
411851,771,"пёс",0
411852,771,"экзамен",0
433279,772,"дерево",0
433280,772,"предупреждение",0
433281,772,"пёс",1
433282,772,"поэзия",0
433283,772,"эссе",0
433284,772,"грусть",0
389233,773,"долг",1
389234,773,"экзамен",0
389235,773,"снаряжение",0
389236,773,"критик",0
389237,773,"экспансия",0
389238,773,"пёс",0
411859,774,"пёс",0
411860,774,"экзамен",0
411861,774,"гипотеза",0
411862,774,"критик",0
411863,774,"снаряжение",1
411864,774,"экспансия",0
433285,775,"спрос",0
433286,775,"раса",0
433287,775,"экзамен",1
433288,775,"шутка",0
433289,775,"дебаты",0
433290,775,"прощение",0
411871,776,"снаряжение",0
411872,776,"экзамен",0
411873,776,"экспансия",1
411874,776,"критик",0
411875,776,"пёс",0
411876,776,"гипотеза",0
433291,777,"гипотеза",1
433292,777,"чай",0
433293,777,"мёд",0
433294,777,"физик",0
433295,777,"знак",0
433296,777,"шоколад",0
376819,779,"музыкант",0
376820,779,"пастор",1
376821,779,"химия",0
376822,779,"кузен",0
376823,779,"язык",0
376824,779,"медаль",0
433297,780,"напитки",0
433298,780,"транзит",0
433299,780,"стул",0
433300,780,"чай",0
433301,780,"диалог",0
433302,780,"растения",1
433303,781,"весна",0
433304,781,"чай",0
433305,781,"сыр",1
433306,781,"тайна",0
433307,781,"правило",0
433308,781,"внук",0
433309,782,"темп",1
433310,782,"песок",0
433311,782,"оферта",0
433312,782,"самолёт",0
433313,782,"рассказ",0
433314,782,"выручка",0
433321,785,"страсть",0
433322,785,"круиз",0
433323,785,"напитки",1
433324,785,"зал",0
433325,785,"спорт",0
433326,785,"суицид",0
411913,786,"диктатура",0
411914,786,"вторжение",0
411915,786,"приключение",0
411916,786,"инвестиции",0
411917,786,"расстановка",1
411918,786,"напитки",0
411919,787,"инвестиции",0
411920,787,"расстановка",0
411921,787,"диктатура",1
411922,787,"вторжение",0
411923,787,"приключение",0
411924,787,"напитки",0
433333,788,"увлечь",0
433334,788,"мешать",0
433335,788,"лгать",0
433336,788,"достичь",0
433337,788,"выбирать",0
433338,788,"спрятать",1
389329,789,"майор",0
389330,789,"напитки",0
389331,789,"расстановка",0
389332,789,"вторжение",0
389333,789,"возможность",1
389334,789,"диктатура",0
411931,791,"напитки",0
411932,791,"диктатура",0
411933,791,"расстановка",0
411934,791,"вторжение",1
411935,791,"инвестиции",0
411936,791,"приключение",0
411937,792,"вторжение",0
411938,792,"инвестиции",1
411939,792,"диктатура",0
411940,792,"расстановка",0
411941,792,"приключение",0
411942,792,"напитки",0
389347,793,"вторжение",0
389348,793,"соль",0
389349,793,"диктатура",0
389350,793,"майор",1
389351,793,"расстановка",0
389352,793,"возможность",0
389359,795,"соль",1
389360,795,"майор",0
389361,795,"сотрудничество",0
389362,795,"возможность",0
389363,795,"вторжение",0
389364,795,"араб",0
389365,796,"сотрудничество",0
389366,796,"вторжение",0
389367,796,"соль",0
389368,796,"араб",1
389369,796,"стакан",0
389370,796,"майор",0
411943,798,"весна",0
411944,798,"стакан",0
411945,798,"сотрудничество",1
411946,798,"прогресс",0
411947,798,"заключённый",0
411948,798,"вильгельм",0
433357,799,"очки",0
433358,799,"египет",0
433359,799,"стакан",1
433360,799,"женщина",0
433361,799,"масштаб",0
433362,799,"дуб",0
433363,800,"шея",0
433364,800,"вильгельм",1
433365,800,"лёд",0
433366,800,"доход",0
433367,800,"флаг",0
433368,800,"рассказ",0
433375,801,"весна",1
433376,801,"валюта",0
433377,801,"костюм",0
433378,801,"палец",0
433379,801,"буква",0
433380,801,"маркетинг",0
433381,802,"предел",0
433382,802,"прогресс",1
433383,802,"орган",0
433384,802,"лёд",0
433385,802,"староста",0
433386,802,"дворец",0
402745,803,"делить",0
402746,803,"оставить",0
402747,803,"воровать",1
402748,803,"кричать",0
402749,803,"расследовать",0
402750,803,"выбирать",0
433387,804,"тень",1
433388,804,"рука",0
433389,804,"стена",0
433390,804,"нос",0
433391,804,"знак",0
433392,804,"куба",0
433393,805,"выручка",0
433394,805,"тень",0
433395,805,"стекло",0
433396,805,"философия",0
433397,805,"зал",0
433398,805,"девственник",1
433399,806,"куба",0
433400,806,"напитки",0
433401,806,"правило",0
433402,806,"плащ",0
433403,806,"мода",0
433404,806,"бабушка",1
433405,808,"девственник",0
433406,808,"спрос",1
433407,808,"дальность",0
433408,808,"стул",0
433409,808,"теннис",0
433410,808,"диалог",0
433411,809,"раса",0
433412,809,"орган",0
433413,809,"тень",0
433414,809,"костюм",1
433415,809,"зима",0
433416,809,"деревня",0
433423,811,"предупреждение",0
433424,811,"рассказ",0
433425,811,"сосед",0
433426,811,"глава",0
433427,811,"безумие",1
433428,811,"стена",0
433429,812,"химия",0
433430,812,"рассказ",0
433431,812,"полковник",0
433432,812,"охота",0
433433,812,"новелла",0
433434,812,"метрополитен",1
433435,813,"нос",0
433436,813,"спрос",0
433437,813,"шутка",0
433438,813,"прощение",1
433439,813,"шея",0
433440,813,"химия",0
433441,814,"пожар",0
433442,814,"бассейн",0
433443,814,"упражнение",0
433444,814,"выручка",1
433445,814,"кот",0
433446,814,"зеркало",0
389497,815,"грузить",0
389498,815,"следить",0
389499,815,"должен",0
389500,815,"воровать",0
389501,815,"регулировать",1
389502,815,"спрятать",0
433447,816,"риф",0
433448,816,"теннис",1
433449,816,"экзамен",0
433450,816,"поэзия",0
433451,816,"буква",0
433452,816,"философия",0
412039,818,"календарь",1
412040,818,"кролик",0
412041,818,"равновесие",0
412042,818,"соглашение",0
412043,818,"теннис",0
412044,818,"спирты",0
433459,819,"кролик",1
433460,819,"зал",0
433461,819,"орган",0
433462,819,"бомба",0
433463,819,"ложь",0
433464,819,"вильгельм",0
412051,820,"спирты",0
412052,820,"отключение",0
412053,820,"соглашение",1
412054,820,"равновесие",0
412055,820,"календарь",0
412056,820,"кролик",0
433465,821,"равновесие",1
433466,821,"запах",0
433467,821,"темп",0
433468,821,"лёд",0
433469,821,"дебаты",0
433470,821,"мода",0
412063,822,"календарь",0
412064,822,"равновесие",0
412065,822,"папа",0
412066,822,"соглашение",0
412067,822,"кролик",0
412068,822,"отключение",1
389545,823,"читатель",1
389546,823,"равновесие",0
389547,823,"кролик",0
389548,823,"календарь",0
389549,823,"рай",0
389550,823,"соглашение",0
433471,824,"кузен",0
433472,824,"папа",1
433473,824,"озеро",0
433474,824,"грусть",0
433475,824,"здание",0
433476,824,"теннис",0
389551,825,"читатель",0
389552,825,"сосед",0
389553,825,"рай",1
389554,825,"равновесие",0
389555,825,"соглашение",0
389556,825,"велосипед",0
433477,826,"дебаты",0
433478,826,"дядя",0
433479,826,"рыбы",0
433480,826,"пиво",0
433481,826,"рис",0
433482,826,"суицид",1
433483,827,"плащ",0
433484,827,"сосед",1
433485,827,"чили",0
433486,827,"ресурс",0
433487,827,"сон",0
433488,827,"спрос",0
412087,828,"диалог",0
412088,828,"сосед",0
412089,828,"суицид",0
412090,828,"аргумент",1
412091,828,"посольство",0
412092,828,"велосипед",0
433489,829,"рыба",0
433490,829,"велосипед",1
433491,829,"пилот",0
433492,829,"теннис",0
433493,829,"зеркало",0
433494,829,"конь",0
402763,830,"делить",0
402764,830,"выбирать",0
402765,830,"расследовать",0
402766,830,"грузить",1
402767,830,"кричать",0
402768,830,"оставить",0
389581,832,"зеркало",0
389582,832,"велосипед",0
389583,832,"сосед",0
389584,832,"посольство",0
389585,832,"разнообразие",1
389586,832,"стачка",0
433495,833,"диалог",1
433496,833,"конь",0
433497,833,"шея",0
433498,833,"трактат",0
433499,833,"упражнение",0
433500,833,"очки",0
433501,834,"запах",0
433502,834,"венец",0
433503,834,"груз",0
433504,834,"посольство",1
433505,834,"весна",0
433506,834,"ресторан",0
433507,835,"очки",0
433508,835,"зеркало",1
433509,835,"дебаты",0
433510,835,"бомба",0
433511,835,"физик",0
433512,835,"темп",0
433513,836,"стул",0
433514,836,"кузина",0
433515,836,"правило",0
433516,836,"головной мозг",0
433517,836,"пожар",0
433518,836,"стачка",1
389611,837,"зеркало",0
389612,837,"урок",0
389613,837,"хью",1
389614,837,"посольство",0
389615,837,"пасьянс",0
389616,837,"стачка",0
412123,838,"урок",1
412124,838,"пасьянс",0
412125,838,"стачка",0
412126,838,"тарелка",0
412127,838,"грусть",0
412128,838,"ресурс",0
412129,839,"тарелка",0
412130,839,"стекло",0
412131,839,"ресурс",0
412132,839,"урок",0
412133,839,"пасьянс",1
412134,839,"грусть",0
433519,840,"чили",0
433520,840,"цепь",0
433521,840,"тарелка",1
433522,840,"транзит",0
433523,840,"девственник",0
433524,840,"орган",0
433525,841,"самолёт",0
433526,841,"ресурс",1
433527,841,"лечение",0
433528,841,"стекло",0
433529,841,"груз",0
433530,841,"запах",0
433531,842,"сыр",0
433532,842,"куба",0
433533,842,"грусть",1
433534,842,"палец",0
433535,842,"рейс",0
433536,842,"стена",0
433537,843,"весна",0
433538,843,"серебро",0
433539,843,"пиво",0
433540,843,"вино",0
433541,843,"юность",0
433542,843,"стекло",1
433543,844,"транзит",0
433544,844,"клён",1
433545,844,"стакан",0
433546,844,"бумажник",0
433547,844,"философия",0
433548,844,"дворец",0
433555,845,"сыр",0
433556,845,"очки",0
433557,845,"глава",0
433558,845,"раса",0
433559,845,"бумажник",1
433560,845,"круиз",0
433561,846,"кот",0
433562,846,"дерево",0
433563,846,"эссе",1
433564,846,"торт",0
433565,846,"сыр",0
433566,846,"очки",0
433567,847,"дебаты",0
433568,847,"чай",0
433569,847,"идо",1
433570,847,"спорт",0
433571,847,"шутка",0
433572,847,"оферта",0
433573,848,"скала",0
433574,848,"маркетинг",1
433575,848,"круиз",0
433576,848,"рыба",0
433577,848,"велосипед",0
433578,848,"грусть",0
402787,849,"следить",1
402788,849,"делить",0
402789,849,"расследовать",0
402790,849,"выбирать",0
402791,849,"оставить",0
402792,849,"желать",0
433579,850,"экзамен",0
433580,850,"спорт",0
433581,850,"знак",1
433582,850,"женщина",0
433583,850,"весна",0
433584,850,"вино",0
433591,853,"сахар",0
433592,853,"чили",0
433593,853,"охота",0
433594,853,"весна",0
433595,853,"очки",1
433596,853,"стакан",0
377221,854,"счастье",0
377222,854,"альберт",1
377223,854,"биология",0
377224,854,"бумажник",0
377225,854,"депрессия",0
377226,854,"процедура",0
433597,855,"юность",0
433598,855,"спорт",0
433599,855,"рейс",0
433600,855,"бассейн",0
433601,855,"стачка",0
433602,855,"куба",1
402853,856,"отталкивать",0
402854,856,"увлечь",0
402855,856,"держать",0
402856,856,"лгать",0
402857,856,"подписаться",0
402858,856,"оставить",1
403681,858,"бездна",1
403682,858,"вздор",0
403683,858,"игла",0
403684,858,"бисквит",0
403685,858,"пот",0
403686,858,"хвост",0
412231,866,"дед",0
412232,866,"пароль",0
412233,866,"солдат",0
412234,866,"пустыня",0
412235,866,"объятие",0
412236,866,"кемпинг",1
412237,867,"приобретение",0
412238,867,"борода",0
412239,867,"принятие",1
412240,867,"волейбол",0
412241,867,"добродетель",0
412242,867,"афганистан",0
434983,868,"приближать",0
434984,868,"ускорять",1
434985,868,"продвигаться",0
434986,868,"выдумывать",0
434987,868,"выполнять",0
434988,868,"наслаждаться",0
412243,869,"ваза",0
412244,869,"ускорение",1
412245,869,"алюминий",0
412246,869,"орёл",0
412247,869,"сингапур",0
412248,869,"вирши",0
401413,870,"избегать",0
401414,870,"хотеть",0
401415,870,"открывать",0
401416,870,"гулять",0
401417,870,"убивать",0
401418,870,"думать",1
394495,872,"сосать",0
394496,872,"отличать",0
394497,872,"вмещать",1
394498,872,"возбуждать",0
394499,872,"просить",0
394500,872,"запретить",0
412249,873,"сопровождение",1
412250,873,"перепись",0
412251,873,"жертвоприношение",0
412252,873,"беспорядок",0
412253,873,"банан",0
412254,873,"юнеско",0
399277,876,"считать",0
399278,876,"рвать",0
399279,876,"отличать",0
399280,876,"топать",0
399281,876,"восхищаться",0
399282,876,"обвинять",1
412267,877,"акустика",1
412268,877,"карлик",0
412269,877,"кипр",0
412270,877,"жемчуг",0
412271,877,"тунис",0
412272,877,"алфавит",0
403357,878,"приспособить",1
403358,878,"обвинить",0
403359,878,"прекращать",0
403360,878,"воздействовать",0
403361,878,"болеть",0
403362,878,"давить",0
412273,879,"ствол",0
412274,879,"богословие",0
412275,879,"философ",0
412276,879,"бабочка",0
412277,879,"клан",0
412278,879,"сложение",1
399601,881,"вмещать",0
399602,881,"сосать",0
399603,881,"возбуждать",0
399604,881,"восхищаться",1
399605,881,"запретить",0
399606,881,"просить",0
403303,883,"выполнять",0
403304,883,"обожать",1
403305,883,"молиться",0
403306,883,"приспособить",0
403307,883,"воздействовать",0
403308,883,"вредить",0
403225,884,"провести",0
403226,884,"сравнивать",0
403227,884,"лечить",0
403228,884,"взрываться",0
403229,884,"принимать",1
403230,884,"расширить",0
412279,885,"брюки",0
412280,885,"клавиатура",0
412281,885,"утверждение",0
412282,885,"усыновление",1
412283,885,"картошка",0
412284,885,"парус",0
402877,890,"держать",0
402878,890,"увлечь",0
402879,890,"отталкивать",1
402880,890,"ходить",0
402881,890,"лгать",0
402882,890,"переживать",0
403435,892,"сберегать",0
403436,892,"воздействовать",1
403437,892,"давить",0
403438,892,"катиться",0
403439,892,"заметить",0
403440,892,"весить",0
412285,893,"утверждение",1
412286,893,"парус",0
412287,893,"клавиатура",0
412288,893,"усыновление",0
412289,893,"картошка",0
412290,893,"брюки",0
377383,894,"терапия",0
377384,894,"диалог",0
377385,894,"анонс",0
377386,894,"пилот",0
377387,894,"альфонс",1
377388,894,"провинция",0
403321,895,"нравиться",1
403322,895,"молиться",0
403323,895,"обвинить",0
403324,895,"выполнять",0
403325,895,"воздействовать",0
403326,895,"вредить",0
377407,900,"вагина",0
377408,900,"аларм",1
377409,900,"кусок",0
377410,900,"давид",0
377411,900,"агнес",0
377412,900,"паспорт",0
377443,917,"могила",0
377444,917,"огород",0
377445,917,"иран",0
377446,917,"рил",0
377447,917,"пища",1
377448,917,"баран",0
377449,920,"аларм",0
377450,920,"диктатор",0
377451,920,"ливан",0
377452,920,"активист",0
377453,920,"алтарь",1
377454,920,"майка",0
403123,921,"менять",1
403124,921,"отдыхать",0
403125,921,"принимать",0
403126,921,"успеть",0
403127,921,"стрелять",0
403128,921,"переводить",0
398143,922,"поэзия",0
398144,922,"специалист",0
398145,922,"людвиг",0
398146,922,"изменение",1
398147,922,"чай",0
398148,922,"пожар",0
412333,923,"мышь",0
412334,923,"аренда",1
412335,923,"филиппины",0
412336,923,"украина",0
412337,923,"академик",0
412338,923,"отказ",0
412351,926,"упоминание",1
412352,926,"бриз",0
412353,926,"аквариум",0
412354,926,"пчела",0
412355,926,"одежда",0
412356,926,"томат",0
389923,933,"желать",0
389924,933,"анализировать",1
389925,933,"делить",0
389926,933,"оставить",0
389927,933,"подписаться",0
389928,933,"отталкивать",0
377497,934,"диаметр",0
377498,934,"аудит",0
377499,934,"палестина",0
377500,934,"латынь",0
377501,934,"иерусалим",0
377502,934,"аналитик",1
390163,943,"беспорядок",0
390164,943,"выживание",0
390165,943,"форма",0
390166,943,"кобра",0
390167,943,"превращение",0
390168,943,"тревога",1
377515,945,"гомофобия",0
377516,945,"мельница",0
377517,945,"заложник",0
377518,945,"директория",0
377519,945,"антропология",1
377520,945,"упоминание",0
403183,950,"расширить",0
403184,950,"сравнивать",0
403185,950,"провести",0
403186,950,"исчезать",0
403187,950,"будить",0
403188,950,"успеть",1
392641,955,"ковёр",0
392642,955,"вечность",0
392643,955,"апокалипсис",1
392644,955,"экспедиция",0
392645,955,"пещера",0
392646,955,"индий",0
412387,961,"афганистан",0
412388,961,"борода",0
412389,961,"принятие",0
412390,961,"приобретение",1
412391,961,"волейбол",0
412392,961,"добродетель",0
412393,962,"одежда",0
412394,962,"аквариум",1
412395,962,"упоминание",0
412396,962,"бриз",0
412397,962,"кавалерия",0
412398,962,"пчела",0
404743,973,"вооружение",1
404744,973,"мышца",0
404745,973,"разочарование",0
404746,973,"луковица",0
404747,973,"помидор",0
404748,973,"лампа",0
412417,974,"запрет",0
412418,974,"мука",0
412419,974,"архитектор",0
412420,974,"откладывание",1
412421,974,"фасад",0
412422,974,"купол",0
412429,980,"обрезки",0
412430,980,"полк",0
412431,980,"сустав",1
412432,980,"залив",0
412433,980,"кукла",0
412434,980,"преданность",0
377605,985,"адреналин",0
377606,985,"асфальт",1
377607,985,"ницца",0
377608,985,"факел",0
377609,985,"ученик",0
377610,985,"одеяло",0
402883,987,"подписаться",1
402884,987,"держать",0
402885,987,"слушать",0
402886,987,"продолжать",0
402887,987,"ходить",0
402888,987,"переживать",0
397819,988,"скала",0
397820,988,"критик",0
397821,988,"рейс",0
397822,988,"серебро",0
397823,988,"ангел",0
397824,988,"опт",1
403231,989,"стрелять",1
403232,989,"взрываться",0
403233,989,"обожать",0
403234,989,"нравиться",0
403235,989,"сравнивать",0
403236,989,"лечить",0
399397,991,"активизировать",1
399398,991,"отличать",0
399399,991,"восхищаться",0
399400,991,"топать",0
399401,991,"рвать",0
399402,991,"возбуждать",0
392977,993,"судан",0
392978,993,"антенна",0
392979,993,"ведро",0
392980,993,"активист",1
392981,993,"охотник",0
392982,993,"чередование",0
412453,996,"сок",0
412454,996,"сербия",0
412455,996,"достопримечательность",1
412456,996,"слой",0
412457,996,"семинар",0
412458,996,"доктрина",0
392113,998,"консульство",0
392114,998,"простуда",0
392115,998,"тоннель",0
392116,998,"мороженое",0
392117,998,"социология",0
392118,998,"актуальность",1
412459,999,"шутка",0
412460,999,"попечение",0
412461,999,"багаж",0
412462,999,"камерун",0
412463,999,"аудит",1
412464,999,"чётки",0
412471,1004,"ученик",0
412472,1004,"отдых",0
412473,1004,"вахта",0
412474,1004,"ар",0
412475,1004,"автономия",1
412476,1004,"кандидату́ра",0
434917,1006,"ускорять",0
434918,1006,"выполнять",0
434919,1006,"наслаждаться",0
434920,1006,"слушать",0
434921,1006,"продвигаться",1
434922,1006,"говорить",0
377689,1008,"идеология",0
377690,1008,"виноград",0
377691,1008,"курка",0
377692,1008,"пистолет",0
377693,1008,"барон",0
377694,1008,"авиация",1
392173,1013,"рефлекс",0
392174,1013,"эспрессо",0
392175,1013,"жалоба",0
392176,1013,"маврикий",0
392177,1013,"ватикан",0
392178,1013,"невезение",1
412501,1020,"перепись",0
412502,1020,"развод",0
412503,1020,"банан",0
412504,1020,"сопровождение",0
412505,1020,"недоразумение",0
412506,1020,"беспорядок",1
412513,1023,"креветка",0
412514,1023,"кит",0
412515,1023,"весы",1
412516,1023,"балкон",0
412517,1023,"треугольник",0
412518,1023,"корзина",0
397867,1033,"оккупация",0
397868,1033,"разрешение",0
397869,1033,"таракан",1
397870,1033,"нос",0
397871,1033,"легенда",0
397872,1033,"взрыв",0
390937,1040,"хорда",0
390938,1040,"таракан",0
390939,1040,"племянник",0
390940,1040,"ужас",0
390941,1040,"батальон",1
390942,1040,"привидения",0
403129,1047,"стрелять",0
403130,1047,"исчезать",0
403131,1047,"успеть",0
403132,1047,"отдыхать",0
403133,1047,"целовать",1
403134,1047,"принимать",0
390373,1054,"механизм",0
390374,1054,"суп",0
390375,1054,"месть",0
390376,1054,"процедура",0
390377,1054,"венедикт",1
390378,1054,"волк",0
377851,1055,"прогресс",0
377852,1055,"физик",0
377853,1055,"бернард",1
377854,1055,"пароль",0
377855,1055,"лейтенант",0
377856,1055,"вирусы",0
398377,1060,"трактат",0
398378,1060,"староста",0
398379,1060,"биоразнообразие",1
398380,1060,"шутка",0
398381,1060,"вмешательство",0
398382,1060,"внук",0
377875,1061,"металлы",0
377876,1061,"стачка",0
377877,1061,"биология",1
377878,1061,"доход",0
377879,1061,"температура",0
377880,1061,"актёр",0
412621,1062,"воск",0
412622,1062,"ученик",0
412623,1062,"лук",0
412624,1062,"хвост",0
412625,1062,"вздор",0
412626,1062,"бисквит",1
403633,1082,"восхищаться",0
403634,1082,"активизировать",0
403635,1082,"прыгать",0
403636,1082,"предпочесть",0
403637,1082,"считать",0
403638,1082,"сиять",1
377965,1087,"чемодан",0
377966,1087,"британец",1
377967,1087,"людвиг",0
377968,1087,"венедикт",0
377969,1087,"континент",0
377970,1087,"сервер",0
402967,1109,"лететь",0
402968,1109,"отделиться",0
402969,1109,"молчать",1
402970,1109,"клей",0
402971,1109,"занимать",0
402972,1109,"готовить",0
399553,1110,"вмещать",0
399554,1110,"сосать",0
399555,1110,"просить",0
399556,1110,"запретить",0
399557,1110,"считать",1
399558,1110,"возбуждать",0
378049,1121,"хозяин",0
378050,1121,"староста",0
378051,1121,"бабушка",0
378052,1121,"сирия",0
378053,1121,"экзамен",0
378054,1121,"грузовик",1
390115,1129,"ученик",0
390116,1129,"кандидатура",1
390117,1129,"автономия",0
390118,1129,"отделение милиции",0
390119,1129,"ар",0
390120,1129,"отдых",0
378091,1139,"престол",0
378092,1139,"синдром",0
378093,1139,"архитектор",0
378094,1139,"капитализм",1
378095,1139,"миграция",0
378096,1139,"польша",0
393343,1140,"капиталист",1
393344,1140,"летописи",0
393345,1140,"виноград",0
393346,1140,"хирург",0
393347,1140,"стюард",0
393348,1140,"землетрясение",0
390319,1146,"язык",0
390320,1146,"мебель",0
390321,1146,"бутон",0
390322,1146,"любовь",1
390323,1146,"лук",0
390324,1146,"макияж",0
378127,1151,"пицца",0
378128,1151,"архитектура",0
378129,1151,"вклад",0
378130,1151,"каролина",1
378131,1151,"клиент",0
378132,1151,"гарантия",0
412831,1161,"пчела",0
412832,1161,"бриз",0
412833,1161,"аквариум",0
412834,1161,"кавалерия",1
412835,1161,"шашки",0
412836,1161,"упоминание",0
378151,1162,"иран",0
378152,1162,"вампир",0
378153,1162,"игнатий",0
378154,1162,"рыцарь",1
378155,1162,"крыло",0
378156,1162,"медведь",0
433915,1167,"дифференцировать",0
433916,1167,"охотиться",1
433917,1167,"расширить",0
433918,1167,"отбиваться",0
433919,1167,"взрываться",0
433920,1167,"исчезать",0
403519,1181,"дифференцировать",0
403520,1181,"нанимать",0
403521,1181,"прекращать",1
403522,1181,"сберегать",0
403523,1181,"весить",0
403524,1181,"мстить",0
403723,1191,"тоннель",0
403724,1191,"пророк",0
403725,1191,"чек",1
403726,1191,"социология",0
403727,1191,"мороженое",0
403728,1191,"муравей",0
394519,1197,"запретить",0
394520,1197,"сосать",1
394521,1197,"возбуждать",0
394522,1197,"вмещать",0
394523,1197,"просить",0
394524,1197,"отличать",0
403729,1205,"социология",0
403730,1205,"пророк",0
403731,1205,"цемент",1
403732,1205,"мороженое",0
403733,1205,"трава",0
403734,1205,"тоннель",0
378295,1209,"якорь",0
378296,1209,"кир",1
378297,1209,"бич",0
378298,1209,"пчела",0
378299,1209,"кипр",0
378300,1209,"юрист",0
412957,1212,"свинец",0
412958,1212,"акула",0
412959,1212,"цитата",1
412960,1212,"альфред",0
412961,1212,"сдача",0
412962,1212,"каталог",0
390577,1218,"работник",0
390578,1218,"скрепка",1
390579,1218,"змей",0
390580,1218,"убийца",0
390581,1218,"сигарета",0
390582,1218,"район",0
404149,1221,"рюкзак",0
404150,1221,"биоразнообразие",0
404151,1221,"кабан",0
404152,1221,"коалиция",1
404153,1221,"клюв",0
404154,1221,"вероятность",0
404155,1222,"клюв",0
404156,1222,"биоразнообразие",0
404157,1222,"вероятность",0
404158,1222,"кабан",0
404159,1222,"рюкзак",0
404160,1222,"одеяло",1
412987,1227,"профит",0
412988,1227,"беременность",0
412989,1227,"комедия",0
412990,1227,"кладбище",0
412991,1227,"совпадение",1
412992,1227,"воин",0
403027,1229,"критиковать",0
403028,1229,"клей",1
403029,1229,"готовить",0
403030,1229,"оценивать",0
403031,1229,"нарушать",0
403032,1229,"жечь",0
398161,1235,"людвиг",0
398162,1235,"колония",1
398163,1235,"чай",0
398164,1235,"специалист",0
398165,1235,"пожар",0
398166,1235,"поэзия",0
378385,1237,"альт",0
378386,1237,"гаити",0
378387,1237,"крем",0
378388,1237,"поезд",1
378389,1237,"паспорт",0
378390,1237,"крыша",0
413011,1243,"хирург",0
413012,1243,"стюард",1
413013,1243,"диаметр",0
413014,1243,"летописи",0
413015,1243,"виноград",0
413016,1243,"землетрясение",0
403267,1246,"предложить",0
403268,1246,"молиться",0
403269,1246,"сравнивать",1
403270,1246,"выполнять",0
403271,1246,"приспособить",0
403272,1246,"охотиться",0
398791,1247,"честь",0
398792,1247,"гуманность",0
398793,1247,"фраза",0
398794,1247,"юность",0
398795,1247,"железо",0
398796,1247,"сложность",1
398515,1248,"лёд",0
398516,1248,"рыба",0
398517,1248,"прибор",0
398518,1248,"груз",0
398519,1248,"масштаб",0
398520,1248,"композитор",1
413017,1250,"длина",1
413018,1250,"клад",0
413019,1250,"наследие",0
413020,1250,"корень",0
413021,1250,"лекарство",0
413022,1250,"углерод",0
434023,1251,"расширить",0
434024,1251,"нанимать",1
434025,1251,"предложить",0
434026,1251,"дифференцировать",0
434027,1251,"обижать",0
434028,1251,"исчезать",0
378445,1268,"мифология",0
378446,1268,"википедия",0
378447,1268,"конспирация",1
378448,1268,"охотник",0
378449,1268,"индонезия",0
378450,1268,"картошка",0
392119,1271,"актуальность",0
392120,1271,"простуда",0
392121,1271,"консульство",1
392122,1271,"жалоба",0
392123,1271,"яков",0
392124,1271,"тоннель",0
413047,1280,"формула",0
413048,1280,"вклад",1
413049,1280,"круг",0
413050,1280,"профсоюз",0
413051,1280,"побег",0
413052,1280,"приговор",0
378469,1288,"вагина",0
378470,1288,"пауза",0
378471,1288,"коралл",1
378472,1288,"осень",0
378473,1288,"швеция",0
378474,1288,"сустав",0
397873,1289,"оккупация",0
397874,1289,"нос",0
397875,1289,"взрыв",0
397876,1289,"легенда",0
397877,1289,"хорда",1
397878,1289,"разрешение",0
378481,1290,"сокол",0
378482,1290,"гаити",0
378483,1290,"ген",0
378484,1290,"хор",1
378485,1290,"мышь",0
378486,1290,"лимон",0
403057,1301,"готовить",1
403058,1301,"нарушать",0
403059,1301,"мечтать",0
403060,1301,"оценивать",0
403061,1301,"дубить",0
403062,1301,"критиковать",0
398797,1308,"железо",0
398798,1308,"юность",0
398799,1308,"фраза",0
398800,1308,"стекло",1
398801,1308,"гуманность",0
398802,1308,"честь",0
393091,1309,"ствол",0
393092,1309,"сложение",0
393093,1309,"верность",0
393094,1309,"клан",0
393095,1309,"христианство",1
393096,1309,"бабочка",0
413071,1310,"каска",0
413072,1310,"гумберт",0
413073,1310,"христофор",1
413074,1310,"засада",0
413075,1310,"ракета",0
413076,1310,"комик",0
403105,1311,"менять",0
403106,1311,"целовать",0
403107,1311,"переводить",0
403108,1311,"отбиваться",0
403109,1311,"успеть",0
403110,1311,"критиковать",1
398167,1319,"поэзия",0
398168,1319,"чай",0
398169,1319,"кулинария",1
398170,1319,"специалист",0
398171,1319,"пожар",0
398172,1319,"людвиг",0
403495,1321,"сберегать",0
403496,1321,"заметить",0
403497,1321,"нанимать",0
403498,1321,"обвинить",1
403499,1321,"весить",0
403500,1321,"катиться",0
403291,1324,"молиться",0
403292,1324,"лечить",1
403293,1324,"охотиться",0
403294,1324,"вредить",0
403295,1324,"выполнять",0
403296,1324,"приспособить",0
413155,1351,"залив",0
413156,1351,"важность",0
413157,1351,"вертолёт",0
413158,1351,"сустав",0
413159,1351,"преданность",1
413160,1351,"кукла",0
397825,1353,"серебро",0
397826,1353,"рейс",0
397827,1353,"ангел",0
397828,1353,"скала",0
397829,1353,"критик",0
397830,1353,"защитник",1
390121,1357,"отделение милиции",1
390122,1357,"ученик",0
390123,1357,"ар",0
390124,1357,"отдых",0
390125,1357,"автономия",0
390126,1357,"кандидатура",0
413167,1361,"уганда",0
413168,1361,"алгоритм",0
413169,1361,"диабет",0
413170,1361,"якорь",0
413171,1361,"бейсбол",0
413172,1361,"снос",1
378661,1362,"осень",0
378662,1362,"афера",0
378663,1362,"зависть",0
378664,1362,"колено",0
378665,1362,"гаити",0
378666,1362,"демон",1
378667,1363,"плотность",1
378668,1363,"неприятие",0
378669,1363,"племянник",0
378670,1363,"экономист",0
378671,1363,"ирландия",0
378672,1363,"дискотека",0
392425,1365,"лоб",0
392426,1365,"капелла",0
392427,1365,"дантист",1
392428,1365,"обезьяна",0
392429,1365,"близнецы",0
392430,1365,"яблоко",0
433855,1369,"отбиваться",0
433856,1369,"переводить",0
433857,1369,"исчезать",1
433858,1369,"предать",0
433859,1369,"удовлетворить",0
433860,1369,"взрываться",0
402865,1372,"подписаться",0
402866,1372,"держать",0
402867,1372,"лгать",0
402868,1372,"желать",1
402869,1372,"переживать",0
402870,1372,"увлечь",0
413203,1376,"перемещение",1
413204,1376,"бригада",0
413205,1376,"дюжина",0
413206,1376,"болгария",0
413207,1376,"затрата",0
413208,1376,"пизда",0
403243,1378,"взрываться",0
403244,1378,"нравиться",0
403245,1378,"обожать",0
403246,1378,"будить",1
403247,1378,"предложить",0
403248,1378,"лечить",0
389983,1386,"апельсин",0
389984,1386,"дьявол",1
389985,1386,"медь",0
389986,1386,"паника",0
389987,1386,"пароль",0
389988,1386,"равенство",0
413227,1388,"крем",0
413228,1388,"словарь",1
413229,1388,"трущобы",0
413230,1388,"гармония",0
413231,1388,"эффективность",0
413232,1388,"рана",0
394435,1389,"возбуждать",0
394436,1389,"просить",0
394437,1389,"отличать",1
394438,1389,"вмещать",0
394439,1389,"сосать",0
394440,1389,"рвать",0
390229,1391,"достоинство",1
390230,1391,"доза",0
390231,1391,"метр",0
390232,1391,"фактор",0
390233,1391,"гимн",0
390234,1391,"меч",0
394441,1397,"якорь",0
394442,1397,"мали",0
394443,1397,"бейсбол",0
394444,1397,"директория",1
394445,1397,"снос",0
394446,1397,"выдвижной ящик",0
434029,1401,"дубить",0
434030,1401,"охотиться",0
434031,1401,"расширить",0
434032,1401,"дифференцировать",1
434033,1401,"нанимать",0
434034,1401,"взрываться",0
413245,1402,"генетика",0
413246,1402,"жест",0
413247,1402,"граф",0
413248,1402,"крыло",0
413249,1402,"разбор",1
413250,1402,"грамота",0
433633,1408,"писать",0
433634,1408,"делить",1
433635,1408,"спрятать",0
433636,1408,"мешать",0
433637,1408,"понести",0
433638,1408,"переживать",0
433999,1414,"отбиваться",0
434000,1414,"переводить",0
434001,1414,"нанимать",0
434002,1414,"предложить",0
434003,1414,"болеть",1
434004,1414,"охотиться",0
392563,1433,"экономист",1
392564,1433,"затрата",0
392565,1433,"перемещение",0
392566,1433,"болгария",0
392567,1433,"пизда",0
392568,1433,"верность",0
404065,1434,"гармония",0
404066,1434,"рана",0
404067,1434,"образование",0
404068,1434,"словарь",0
404069,1434,"эффективность",0
404070,1434,"экосистема",1
413329,1438,"крем",0
413330,1438,"словарь",0
413331,1438,"трущобы",0
413332,1438,"эффективность",1
413333,1438,"гармония",0
413334,1438,"рана",0
398845,1442,"собрание",0
398846,1442,"клиент",0
398847,1442,"избиратель",1
398848,1442,"пара",0
398849,1442,"волна",0
398850,1442,"запах",0
398107,1443,"электричество",1
398108,1443,"рыбы",0
398109,1443,"лечение",0
398110,1443,"палец",0
398111,1443,"трудность",0
398112,1443,"зал",0
413335,1444,"электроника",1
413336,1444,"музыкант",0
413337,1444,"лихорадка",0
413338,1444,"беспорядок",0
413339,1444,"кобра",0
413340,1444,"стихотворение",0
392335,1445,"отделение",0
392336,1445,"ген",0
392337,1445,"эхо",0
392338,1445,"герцог",0
392339,1445,"лифт",1
392340,1445,"дельта",0
390511,1448,"чемодан",0
390512,1448,"длина",0
390513,1448,"наследие",0
390514,1448,"посол",1
390515,1448,"кукуруза",0
390516,1448,"пейзаж",0
413365,1464,"отдых",1
413366,1464,"гвинея",0
413367,1464,"ар",0
413368,1464,"автономия",0
413369,1464,"монстр",0
413370,1464,"кандидату́ра",0
378949,1469,"спорт",0
378950,1469,"мануил",0
378951,1469,"декрет",0
378952,1469,"экватор",1
378953,1469,"цыплёнок",0
378954,1469,"ангел",0
413371,1470,"врун",0
413372,1470,"уравнение",1
413373,1470,"гана",0
413374,1470,"череп",0
413375,1470,"лампа",0
413376,1470,"караван",0
398173,1475,"людвиг",0
398174,1475,"поэзия",0
398175,1475,"чай",0
398176,1475,"пожар",0
398177,1475,"лестница",1
398178,1475,"специалист",0
413413,1488,"маниок",0
413414,1488,"кипр",0
413415,1488,"скульптура",1
413416,1488,"логотип",0
413417,1488,"дилемма",0
413418,1488,"потомок",0
434923,1489,"катиться",0
434924,1489,"выполнять",0
434925,1489,"одевать",0
434926,1489,"слушать",1
434927,1489,"приближать",0
434928,1489,"рисовать",0
404173,1498,"недоразумение",0
404174,1498,"рюкзак",0
404175,1498,"спекуляция",1
404176,1498,"перепись",0
404177,1498,"развод",0
404178,1498,"беспорядок",0
398185,1510,"специалист",0
398186,1510,"пожар",0
398187,1510,"угол",1
398188,1510,"людвиг",0
398189,1510,"чай",0
398190,1510,"поэзия",0
379087,1518,"алгоритм",0
379088,1518,"этанол",1
379089,1518,"мачизм",0
379090,1518,"гроб",0
379091,1518,"исайя",0
379092,1518,"ученик",0
392653,1519,"апокалипсис",0
392654,1519,"печь",0
392655,1519,"вечность",1
392656,1519,"экспедиция",0
392657,1519,"пещера",0
392658,1519,"ниндзя",0
379099,1522,"труба",0
379100,1522,"лимон",0
379101,1522,"грязь",0
379102,1522,"зов",0
379103,1522,"судан",0
379104,1522,"ева",1
434929,1529,"устанавливать",0
434930,1529,"приближать",0
434931,1529,"производить",0
434932,1529,"катиться",0
434933,1529,"выполнять",1
434934,1529,"продвигаться",0
433861,1532,"удовлетворить",0
433862,1532,"предложить",0
433863,1532,"болеть",0
433864,1532,"нанимать",0
433865,1532,"исчезать",0
433866,1532,"расширить",1
392659,1534,"экспедиция",1
392660,1534,"вечность",0
392661,1534,"печь",0
392662,1534,"ниндзя",0
392663,1534,"пещера",0
392664,1534,"апокалипсис",0
433873,1537,"предложить",0
433874,1537,"охотиться",0
433875,1537,"переводить",0
433876,1537,"расширить",0
433877,1537,"взрываться",1
433878,1537,"отбиваться",0
413497,1539,"вата",0
413498,1539,"холодильник",0
413499,1539,"духи",0
413500,1539,"слагаемое",0
413501,1539,"шахтёр",0
413502,1539,"экспорт",1
413509,1541,"розыгрыш",1
413510,1541,"шляпа",0
413511,1541,"ложка",0
413512,1541,"осада",0
413513,1541,"запрет",0
413514,1541,"кокаин",0
398113,1546,"зал",0
398114,1546,"лёгкость",1
398115,1546,"палец",0
398116,1546,"рыбы",0
398117,1546,"трудность",0
398118,1546,"лечение",0
434737,1548,"говорить",1
434738,1548,"ясно",0
434739,1548,"сегодня",0
434740,1548,"особенно",0
434741,1548,"там",0
434742,1548,"потом",0
379207,1555,"стекло",0
379208,1555,"калибр",0
379209,1555,"маяк",1
379210,1555,"гаити",0
379211,1555,"евреи",0
379212,1555,"штора",0
390247,1556,"гимн",0
390248,1556,"метр",0
390249,1556,"доза",0
390250,1556,"меч",0
390251,1556,"достоинство",0
390252,1556,"фактор",1
379237,1563,"феминизм",1
379238,1563,"лаврентий",0
379239,1563,"проекция",0
379240,1563,"фасоль",0
379241,1563,"аптека",0
379242,1563,"ботинок",0
393097,1573,"христианство",0
393098,1573,"бабочка",0
393099,1573,"комар",0
393100,1573,"враждебность",0
393101,1573,"клан",0
393102,1573,"верность",1
394447,1596,"отличать",0
394448,1596,"вмещать",0
394449,1596,"просить",0
394450,1596,"возбуждать",1
394451,1596,"запретить",0
394452,1596,"сосать",0
379339,1611,"фрустрация",1
379340,1611,"дилемма",0
379341,1611,"черепаха",0
379342,1611,"директория",0
379343,1611,"методология",0
379344,1611,"муравей",0
402979,1615,"готовить",0
402980,1615,"курить",1
402981,1615,"отделиться",0
402982,1615,"жечь",0
402983,1615,"лететь",0
402984,1615,"клей",0
413677,1617,"солома",0
413678,1617,"животноводство",0
413679,1617,"основа",1
413680,1617,"луций",0
413681,1617,"насекомое",0
413682,1617,"медикамент",0
397783,1630,"экзамен",0
397784,1630,"курка",1
397785,1630,"снаряжение",0
397786,1630,"пёс",0
397787,1630,"экспансия",0
397788,1630,"долг",0
413707,1631,"шутка",0
413708,1631,"камерун",0
413709,1631,"попечение",0
413710,1631,"заказ",0
413711,1631,"лингвистика",0
413712,1631,"галактика",1
379423,1634,"гарантия",1
379424,1634,"людвиг",0
379425,1634,"грузия",0
379426,1634,"металлы",0
379427,1634,"танец",0
379428,1634,"лечение",0
394453,1643,"выдвижной ящик",1
394454,1643,"снос",0
394455,1643,"непал",0
394456,1643,"директория",0
394457,1643,"мученик",0
394458,1643,"мали",0
413785,1651,"мальта",0
413786,1651,"линукс",0
413787,1651,"жест",0
413788,1651,"граф",0
413789,1651,"разбор",0
413790,1651,"генетика",1
413791,1652,"география",1
413792,1652,"хозяин",0
413793,1652,"галерея",0
413794,1652,"парагвай",0
413795,1652,"подготовка",0
413796,1652,"лава",0
379513,1656,"глобализация",1
379514,1656,"гомофобия",0
379515,1656,"акустика",0
379516,1656,"подбородок",0
379517,1656,"дипломат",0
379518,1656,"упоминание",0
402799,1667,"выбирать",0
402800,1667,"отталкивать",0
402801,1667,"кричать",1
402802,1667,"делить",0
402803,1667,"оставить",0
402804,1667,"желать",0
379597,1683,"цирк",0
379598,1683,"мука",0
379599,1683,"стресс",0
379600,1683,"пекин",0
379601,1683,"молот",0
379602,1683,"гаити",1
413887,1689,"наследие",1
413888,1689,"чемодан",0
413889,1689,"пейзаж",0
413890,1689,"кукуруза",0
413891,1689,"длина",0
413892,1689,"рыболовство",0
413911,1701,"официант",0
413912,1701,"гомофобия",1
413913,1701,"холокост",0
413914,1701,"меркурий",0
413915,1701,"пекарня",0
413916,1701,"коготь",0
379645,1702,"дания",0
379646,1702,"штора",0
379647,1702,"угол",0
379648,1702,"пидор",1
379649,1702,"джунгли",0
379650,1702,"паспорт",0
403819,1703,"игрушка",0
403820,1703,"гомосексуальность",1
403821,1703,"осада",0
403822,1703,"шляпа",0
403823,1703,"ксаверий",0
403824,1703,"ложка",0
397891,1707,"разрешение",0
397892,1707,"легенда",0
397893,1707,"нос",0
397894,1707,"ужас",1
397895,1707,"взрыв",0
397896,1707,"оккупация",0
379669,1708,"джунгли",0
379670,1708,"огород",1
379671,1708,"пассажир",0
379672,1708,"иран",0
379673,1708,"вакцина",0
379674,1708,"комар",0
379681,1716,"гаити",0
379682,1716,"принятие",0
379683,1716,"запрет",0
379684,1716,"злодей",0
379685,1716,"кулинария",0
379686,1716,"привычка",1
379693,1720,"информатика",0
379694,1720,"идеология",1
379695,1720,"центнер",0
379696,1720,"апокалипсис",0
379697,1720,"жидкость",0
379698,1720,"мечеть",0
391705,1724,"мальта",0
391706,1724,"облако",0
391707,1724,"игорь",1
391708,1724,"разбор",0
391709,1724,"линукс",0
391710,1724,"жест",0
389995,1725,"равенство",1
389996,1725,"апельсин",0
389997,1725,"пароль",0
389998,1725,"медь",0
389999,1725,"объятие",0
390000,1725,"дьявол",0
413941,1728,"корова",0
413942,1728,"пицца",0
413943,1728,"смерч",0
413944,1728,"вифлеем",0
413945,1728,"воображение",1
413946,1728,"аборт",0
397897,1730,"иммиграция",1
397898,1730,"песок",0
397899,1730,"конь",0
397900,1730,"рис",0
397901,1730,"глава",0
397902,1730,"напряжение",0
434965,1732,"продвигаться",0
434966,1732,"говорить",0
434967,1732,"наслаждаться",0
434968,1732,"производить",0
434969,1732,"внедрять",1
434970,1732,"одевать",0
398641,1737,"ложь",0
398642,1737,"нация",0
398643,1737,"дружба",0
398644,1737,"буква",0
398645,1737,"стимул",1
398646,1737,"пиво",0
379753,1743,"броня",0
379754,1743,"лицемерие",0
379755,1743,"богиня",0
379756,1743,"невинность",0
379757,1743,"инфекция",1
379758,1743,"герцог",0
379759,1745,"ирония",0
379760,1745,"летописи",0
379761,1745,"инфляция",1
379762,1745,"архитектор",0
379763,1745,"плато",0
379764,1745,"колено",0
413959,1747,"пакистан",0
413960,1747,"ирония",0
413961,1747,"информатика",1
413962,1747,"статуя",0
413963,1747,"венгрия",0
413964,1747,"флорианополис",0
413971,1755,"печь",0
413972,1755,"патент",0
413973,1755,"невинность",1
413974,1755,"ниндзя",0
413975,1755,"плавание",0
413976,1755,"ливия",0
390715,1756,"сербия",0
390716,1756,"семинар",0
390717,1756,"сок",0
390718,1756,"вифлеем",0
390719,1756,"дым",0
390720,1756,"инновация",1
434689,1758,"настаивать",1
434690,1758,"слушаться",0
434691,1758,"обвинять",0
434692,1758,"активизировать",0
434693,1758,"предпочесть",0
434694,1758,"прыгать",0
434959,1759,"быть должным",0
434960,1759,"устанавливать",1
434961,1759,"рисовать",0
434962,1759,"производить",0
434963,1759,"приближать",0
434964,1759,"выдумывать",0
413989,1763,"рана",0
413990,1763,"образование",1
413991,1763,"колено",0
413992,1763,"гармония",0
413993,1763,"трущобы",0
413994,1763,"эффективность",0
379813,1764,"интеграл",1
379814,1764,"посол",0
379815,1764,"паника",0
379816,1764,"стена",0
379817,1764,"староста",0
379818,1764,"кемпинг",0
379819,1767,"интересовать",1
379820,1767,"отделиться",0
379821,1767,"удовлетворить",0
379822,1767,"стрелять",0
379823,1767,"взрываться",0
379824,1767,"расширить",0
379831,1769,"отбиваться",0
379832,1769,"переводить",0
379833,1769,"интерпретировать",1
379834,1769,"предложить",0
379835,1769,"прекращать",0
379836,1769,"взрываться",0
379843,1772,"абсорбция",0
379844,1772,"девушка",0
379845,1772,"жемчуг",0
379846,1772,"проституция",0
379847,1772,"интуиция",1
379848,1772,"одежда",0
414007,1774,"фотограф",0
414008,1774,"жидкость",0
414009,1774,"зависть",1
414010,1774,"мечеть",0
414011,1774,"соус",0
414012,1774,"гараж",0
379855,1777,"преданность",0
379856,1777,"украина",0
379857,1777,"баскетбол",0
379858,1777,"откладывание",0
379859,1777,"изобретение",1
379860,1777,"лаврентий",0
402805,1779,"желать",0
402806,1779,"подписаться",0
402807,1779,"оставить",0
402808,1779,"делить",0
402809,1779,"отталкивать",0
402810,1779,"расследовать",1
379873,1782,"агнес",1
379874,1782,"шахматы",0
379875,1782,"пища",0
379876,1782,"заказ",0
379877,1782,"хор",0
379878,1782,"сосна",0
379879,1783,"кривая",0
379880,1783,"пизда",0
379881,1783,"огород",0
379882,1783,"печь",0
379883,1783,"линукс",0
379884,1783,"гнев",1
379885,1784,"медь",0
379886,1784,"сахар",0
379887,1784,"ирак",1
379888,1784,"мёд",0
379889,1784,"отдых",0
379890,1784,"миф",0
379921,1805,"адам",0
379922,1805,"ручей",0
379923,1805,"пост",1
379924,1805,"змея",0
379925,1805,"исайя",0
379926,1805,"кир",0
379945,1815,"иосиф",1
379946,1815,"квартал",0
379947,1815,"вопрос",0
379948,1815,"поле",0
379949,1815,"волосы",0
379950,1815,"сеть",0
392749,1823,"пленник",0
392750,1823,"граната",0
392751,1823,"джеймс",0
392752,1823,"юрисдикция",1
392753,1823,"бунт",0
392754,1823,"секретность",0
403831,1824,"игрушка",0
403832,1824,"юрист",1
403833,1824,"ксаверий",0
403834,1824,"шляпа",0
403835,1824,"осада",0
403836,1824,"яд",0
390445,1827,"буря",0
390446,1827,"окунь",0
390447,1827,"штраф",0
390448,1827,"книга судей израилевых",1
390449,1827,"протокол",0
390450,1827,"корень",0
379975,1828,"яков",0
379976,1828,"юлий",1
379977,1828,"орёл",0
379978,1828,"aлмаз",0
379979,1828,"угол",0
379980,1828,"польша",0
414079,1832,"жалоба",1
414080,1832,"ко́нсульство",0
414081,1832,"маврикий",0
414082,1832,"яков",0
414083,1832,"рефлекс",0
414084,1832,"простуда",0
392575,1839,"механик",0
392576,1839,"затрата",0
392577,1839,"пятно",0
392578,1839,"аукцион",0
392579,1839,"верность",1
392580,1839,"моисей",0
380023,1840,"легитимность",1
380024,1840,"бангладеш",0
380025,1840,"алгоритм",0
380026,1840,"вокалист",0
380027,1840,"меркурий",0
380028,1840,"макароны",0
397903,1850,"конь",0
397904,1850,"глава",0
397905,1850,"напряжение",0
397906,1850,"рис",0
397907,1850,"песок",0
397908,1850,"рана",1
414127,1860,"лингвистика",1
414128,1860,"галактика",0
414129,1860,"судан",0
414130,1860,"чередование",0
414131,1860,"заказ",0
414132,1860,"попечение",0
392947,1863,"чередование",0
392948,1863,"попечение",0
392949,1863,"галактика",0
392950,1863,"заказ",0
392951,1863,"судан",0
392952,1863,"книшный магазин",1
414151,1869,"логистика",1
414152,1869,"чётки",0
414153,1869,"иоиль",0
414154,1869,"монархия",0
414155,1869,"белок",0
414156,1869,"проклятие",0
380095,1874,"аврелий",0
380096,1874,"утка",0
380097,1874,"иран",0
380098,1874,"луанда",1
380099,1874,"банан",0
380100,1874,"ведро",0
380161,1895,"этанол",0
380162,1895,"ручей",0
380163,1895,"мачизм",1
380164,1895,"потомок",0
380165,1895,"факел",0
380166,1895,"макароны",0
414229,1897,"рил",0
414230,1897,"важность",1
414231,1897,"преданность",0
414232,1897,"малайзия",0
414233,1897,"вертолёт",0
414234,1897,"пистолет",0
400429,1900,"зло",1
400430,1900,"война",0
400431,1900,"услуга",0
400432,1900,"земля",0
400433,1900,"состав",0
400434,1900,"сохранность",0
393103,1902,"клан",0
393104,1902,"опера",0
393105,1902,"христианство",0
393106,1902,"комар",0
393107,1902,"верность",0
393108,1902,"враждебность",1
414241,1903,"белок",0
414242,1903,"монархия",0
414243,1903,"проклятие",1
414244,1903,"иоиль",0
414245,1903,"логистика",0
414246,1903,"чётки",0
390391,1938,"волк",0
390392,1938,"венедикт",0
390393,1938,"кислота",0
390394,1938,"механизм",1
390395,1938,"паук",0
390396,1938,"яйцо",0
414343,1941,"насекомое",0
414344,1941,"лиса",0
414345,1941,"луций",0
414346,1941,"медикамент",1
414347,1941,"солома",0
414348,1941,"животноводство",0
433669,1953,"понести",0
433670,1953,"делить",0
433671,1953,"писать",0
433672,1953,"мешать",0
433673,1953,"спрятать",0
433674,1953,"лгать",1
380347,1963,"макароны",0
380348,1963,"бангладеш",0
380349,1963,"асфальт",0
380350,1963,"методология",1
380351,1963,"муравей",0
380352,1963,"упоминание",0
380365,1969,"богословие",0
380366,1969,"менталитет",0
380367,1969,"корзина",0
380368,1969,"миграция",1
380369,1969,"юрисдикция",0
380370,1969,"пенис",0
380377,1974,"отчизна",0
380378,1974,"хорда",0
380379,1974,"пизда",0
380380,1974,"колокол",0
380381,1974,"тоннель",0
380382,1974,"минерал",1
397789,1977,"снаряжение",0
397790,1977,"экзамен",0
397791,1977,"экспансия",0
397792,1977,"долг",0
397793,1977,"месса",1
397794,1977,"пёс",0
393205,1982,"прерия",0
393206,1982,"гондурас",0
393207,1982,"мифология",1
393208,1982,"шелк",0
393209,1982,"пассажир",0
393210,1982,"доброта",0
380407,1983,"водопад",0
380408,1983,"бригада",0
380409,1983,"галактика",0
380410,1983,"мобилизация",1
380411,1983,"сингапур",0
380412,1983,"попечение",0
414421,1988,"лампа",0
414422,1988,"врун",0
414423,1988,"гана",0
414424,1988,"руда",0
414425,1988,"модификации",1
414426,1988,"горшок",0
393037,1995,"карандаш",0
393038,1995,"лицемерие",0
393039,1995,"волокно",0
393040,1995,"окончание",0
393041,1995,"монах",1
393042,1995,"сокол",0
380485,2008,"гуманность",0
380486,2008,"oтопление",0
380487,2008,"каролина",0
380488,2008,"мотивация",1
380489,2008,"логика",0
380490,2008,"ресторан",0
414487,2014,"сингапур",0
414488,2014,"неприятие",0
414489,2014,"боеприпас",1
414490,2014,"тюлень",0
414491,2014,"эфиопия",0
414492,2014,"гайана",0
404749,2027,"мышца",1
404750,2027,"вооружение",0
404751,2027,"разочарование",0
404752,2027,"луковица",0
404753,2027,"помидор",0
404754,2027,"лампа",0
380527,2030,"швеция",0
380528,2030,"помада",0
380529,2030,"словарь",0
380530,2030,"подданство",1
380531,2030,"тоннель",0
380532,2030,"защитник",0
403591,2032,"торопить",0
403592,2032,"настаивать",0
403593,2032,"сиять",0
403594,2032,"плавать",1
403595,2032,"обвинять",0
403596,2032,"слушаться",0
414517,2036,"ниндзя",0
414518,2036,"патент",0
414519,2036,"отказ",0
414520,2036,"ливия",0
414521,2036,"пират",0
414522,2036,"плавание",1
398665,2037,"дружба",0
398666,2037,"браузер",1
398667,2037,"ложь",0
398668,2037,"нация",0
398669,2037,"буква",0
398670,2037,"пиво",0
390985,2038,"мышь",0
390986,2038,"рана",0
390987,2038,"ужас",0
390988,2038,"отказ",0
390989,2038,"навигация",1
390990,2038,"иммиграция",0
394471,2044,"заложник",0
394472,2044,"выдвижной ящик",0
394473,2044,"черепаха",0
394474,2044,"мали",0
394475,2044,"непал",1
394476,2044,"мученик",0
403957,2049,"вол",0
403958,2049,"кусок",0
403959,2049,"зов",0
403960,2049,"кислород",0
403961,2049,"угол",0
403962,2049,"ницца",1
390343,2054,"невеста",1
390344,2054,"язык",0
390345,2054,"макияж",0
390346,2054,"бедность",0
390347,2054,"мебель",0
390348,2054,"процедура",0
434695,2066,"слушаться",1
434696,2066,"настаивать",0
434697,2066,"обвинять",0
434698,2066,"активизировать",0
434699,2066,"предпочесть",0
434700,2066,"прыгать",0
414565,2068,"формула",0
414566,2068,"юго-восток",0
414567,2068,"часы",0
414568,2068,"побег",0
414569,2068,"наблюдение",1
414570,2068,"круг",0
402985,2072,"отделиться",0
402986,2072,"нарушать",0
402987,2072,"оценивать",0
402988,2072,"занимать",1
402989,2072,"готовить",0
402990,2072,"жечь",0
434035,2075,"дубить",0
434036,2075,"болеть",0
434037,2075,"обижать",1
434038,2075,"удовлетворить",0
434039,2075,"расширить",0
434040,2075,"взрываться",0
394555,2082,"вмещать",0
394556,2082,"просить",1
394557,2082,"запретить",0
394558,2082,"отличать",0
394559,2082,"сосать",0
394560,2082,"возбуждать",0
380659,2086,"рефлекс",0
380660,2086,"организм",1
380661,2086,"дискотека",0
380662,2086,"польша",0
380663,2086,"контраст",0
380664,2086,"могила",0
403903,2091,"браузер",0
403904,2091,"центнер",0
403905,2091,"утка",0
403906,2091,"оптимист",1
403907,2091,"танк",0
403908,2091,"лимон",0
414625,2099,"гомофобия",0
414626,2099,"пекарня",1
414627,2099,"официант",0
414628,2099,"коготь",0
414629,2099,"меркурий",0
414630,2099,"холокост",0
403561,2160,"весить",1
403562,2160,"плавать",0
403563,2160,"удовлетворить",0
403564,2160,"предать",0
403565,2160,"мстить",0
403566,2160,"обижать",0
380845,2166,"петиция",1
380846,2166,"периметр",0
380847,2166,"водопад",0
380848,2166,"розыгрыш",0
380849,2166,"виноград",0
380850,2166,"сингапур",0
434953,2172,"производить",0
434954,2172,"выдумывать",0
434955,2172,"рисовать",1
434956,2172,"быть должным",0
434957,2172,"существовать",0
434958,2172,"слушать",0
399739,2178,"сосать",0
399740,2178,"расти",0
399741,2178,"запретить",0
399742,2178,"просить",0
399743,2178,"вмещать",0
399744,2178,"топать",1
414787,2180,"юго-запад",0
414788,2180,"салат",0
414789,2180,"важность",0
414790,2180,"пистолет",1
414791,2180,"малайзия",0
414792,2180,"рил",0
414841,2196,"оркестр",0
414842,2196,"могила",0
414843,2196,"ботинок",0
414844,2196,"ухо",0
414845,2196,"девиз",0
414846,2196,"препинание",1
392365,2203,"порция",1
392366,2203,"ген",0
392367,2203,"злодей",0
392368,2203,"труба",0
392369,2203,"макао",0
392370,2203,"микрофон",0
403567,2209,"сберегать",1
403568,2209,"плавать",0
403569,2209,"обижать",0
403570,2209,"удовлетворить",0
403571,2209,"торопить",0
403572,2209,"предать",0
434701,2218,"предпочесть",1
434702,2218,"прыгать",0
434703,2218,"считать",0
434704,2218,"активизировать",0
434705,2218,"обвинять",0
434706,2218,"слушаться",0
380989,2219,"тунис",0
380990,2219,"труп",0
380991,2219,"коза",0
380992,2219,"лень",1
380993,2219,"бриз",0
380994,2219,"кир",0
403411,2220,"весить",0
403412,2220,"вредить",1
403413,2220,"давить",0
403414,2220,"сберегать",0
403415,2220,"катиться",0
403416,2220,"заметить",0
433687,2222,"выбирать",0
433688,2222,"переживать",0
433689,2222,"спрятать",0
433690,2222,"писать",0
433691,2222,"делить",0
433692,2222,"увлечь",1
414889,2223,"кража",0
414890,2223,"лава",0
414891,2223,"парагвай",0
414892,2223,"подготовка",1
414893,2223,"хозяин",0
414894,2223,"география",0
403525,2227,"обижать",0
403526,2227,"плавать",0
403527,2227,"мстить",0
403528,2227,"нанимать",0
403529,2227,"давить",1
403530,2227,"дифференцировать",0
414901,2230,"макияж",0
414902,2230,"прогноз",1
414903,2230,"мебель",0
414904,2230,"суп",0
414905,2230,"процедура",0
414906,2230,"бедность",0
398353,2239,"внук",0
398354,2239,"вероятность",1
398355,2239,"трактат",0
398356,2239,"староста",0
398357,2239,"вмешательство",0
398358,2239,"шутка",0
414919,2241,"бедность",0
414920,2241,"процедура",1
414921,2241,"прогноз",0
414922,2241,"макияж",0
414923,2241,"мебель",0
414924,2241,"суп",0
390211,2244,"музыкант",0
390212,2244,"психология",0
390213,2244,"прокурор",1
390214,2244,"стихотворение",0
390215,2244,"электроника",0
390216,2244,"кобра",0
389743,2247,"приговор",0
389744,2247,"продюсер",1
389745,2247,"профсоюз",0
389746,2247,"доклад",0
389747,2247,"океан",0
389748,2247,"медаль",0
434707,2255,"запретить",1
434708,2255,"рвать",0
434709,2255,"топать",0
434710,2255,"считать",0
434711,2255,"прыгать",0
434712,2255,"предпочесть",0
414943,2256,"розыгрыш",0
414944,2256,"архитектор",0
414945,2256,"кокаин",0
414946,2256,"откладывание",0
414947,2256,"ложка",0
414948,2256,"запрет",1
381097,2258,"проекция",1
381098,2258,"браузер",0
381099,2258,"манифест",0
381100,2258,"ботинок",0
381101,2258,"робот",0
381102,2258,"давид",0
381103,2259,"мальта",0
381104,2259,"племянник",0
381105,2259,"стресс",0
381106,2259,"пропорция",1
381107,2259,"радикал",0
381108,2259,"трофей",0
414949,2260,"кража",0
414950,2260,"подготовка",0
414951,2260,"иаков",0
414952,2260,"лава",0
414953,2260,"хозяин",1
414954,2260,"парагвай",0
381115,2261,"оливковое масло",0
381116,2261,"авангард",0
381117,2261,"директория",0
381118,2261,"вокалист",0
381119,2261,"метафора",0
381120,2261,"проституция",1
381121,2262,"страдание",0
381122,2262,"архитектура",0
381123,2262,"выживание",0
381124,2262,"терапия",0
381125,2262,"правило",0
381126,2262,"протагонист",1
390217,2269,"прокурор",0
390218,2269,"психология",1
390219,2269,"музыкант",0
390220,2269,"кобра",0
390221,2269,"стихотворение",0
390222,2269,"электроника",0
414979,2275,"пакистан",0
414980,2275,"наказание",1
414981,2275,"отчизна",0
414982,2275,"пекин",0
414983,2275,"кошмар",0
414984,2275,"паспорт",0
381163,2277,"каталог",0
381164,2277,"птица",1
381165,2277,"фасад",0
381166,2277,"гаити",0
381167,2277,"раб",0
381168,2277,"пыль",0
414991,2279,"паника",1
414992,2279,"сирия",0
414993,2279,"москва",0
414994,2279,"медь",0
414995,2279,"жанр",0
414996,2279,"налог",0
393721,2283,"игла",0
393722,2283,"ученик",0
393723,2283,"подиум",1
393724,2283,"пот",0
393725,2283,"бич",0
393726,2283,"бездна",0
403075,2292,"целовать",0
403076,2292,"мечтать",0
403077,2292,"дубить",0
403078,2292,"жечь",1
403079,2292,"менять",0
403080,2292,"критиковать",0
398677,2296,"сведения",0
398678,2296,"папство",0
398679,2296,"дядя",0
398680,2296,"центнер",1
398681,2296,"тайна",0
398682,2296,"предел",0
397849,2300,"серебро",0
397850,2300,"ангел",0
397851,2300,"скала",0
397852,2300,"расизм",1
397853,2300,"критик",0
397854,2300,"рейс",0
390853,2301,"радикал",1
390854,2301,"альт",0
390855,2301,"прозрачность",0
390856,2301,"месса",0
390857,2301,"курка",0
390858,2301,"опт",0
415057,2314,"магия",0
415058,2314,"марш",0
415059,2314,"ар",0
415060,2314,"ученик",0
415061,2314,"вахта",1
415062,2314,"предрассудок",0
415063,2316,"синоним",0
415064,2316,"стенание",1
415065,2316,"квадрат",0
415066,2316,"фильтр",0
415067,2316,"несправедливость",0
415068,2316,"спектр",0
415093,2325,"сустав",0
415094,2325,"обрезки",0
415095,2325,"полк",1
415096,2325,"близнецы",0
415097,2325,"залив",0
415098,2325,"кукла",0
381313,2326,"регистрировать",1
381314,2326,"сберегать",0
381315,2326,"переводить",0
381316,2326,"выполнять",0
381317,2326,"принимать",0
381318,2326,"предложить",0
392203,2332,"переводчик",0
392204,2332,"ректор",1
392205,2332,"рака",0
392206,2332,"масло",0
392207,2332,"машина",0
392208,2332,"пыль",0
403201,2334,"взрываться",0
403202,2334,"расширить",0
403203,2334,"сравнивать",0
403204,2334,"отдыхать",1
403205,2334,"будить",0
403206,2334,"провести",0
381337,2338,"психиатр",0
381338,2338,"панда",0
381339,2338,"адам",0
381340,2338,"игла",0
381341,2338,"ремикс",1
381342,2338,"эмпатия",0
415111,2341,"робот",0
415112,2341,"отказ",1
415113,2341,"ниндзя",0
415114,2341,"пират",0
415115,2341,"патент",0
415116,2341,"колокол",0
403549,2342,"обижать",0
403550,2342,"предать",0
403551,2342,"заметить",1
403552,2342,"дифференцировать",0
403553,2342,"мстить",0
403554,2342,"плавать",0
415129,2352,"дыхание",1
415130,2352,"манго",0
415131,2352,"пророк",0
415132,2352,"привилегия",0
415133,2352,"тоннель",0
415134,2352,"мороженое",0
403393,2362,"катиться",0
403394,2362,"давить",0
403395,2362,"заметить",0
403396,2362,"прекращать",0
403397,2362,"болеть",0
403398,2362,"молиться",1
434977,2371,"устанавливать",0
434978,2371,"существовать",0
434979,2371,"рисовать",0
434980,2371,"катиться",1
434981,2371,"производить",0
434982,2371,"рассказывать",0
415153,2377,"белок",0
415154,2377,"проклятие",0
415155,2377,"чётки",1
415156,2377,"багаж",0
415157,2377,"монархия",0
415158,2377,"аудит",0
381421,2385,"араб",0
381422,2385,"взрыв",0
381423,2385,"клиент",0
381424,2385,"вкус",1
381425,2385,"чили",0
381426,2385,"сервер",0
399529,2391,"возбуждать",0
399530,2391,"отличать",0
399531,2391,"сосать",0
399532,2391,"вмещать",0
399533,2391,"прыгать",1
399534,2391,"рвать",0
415189,2393,"грамота",0
415190,2393,"акр",0
415191,2393,"крыло",0
415192,2393,"трофей",0
415193,2393,"сага",0
415194,2393,"спасение",1
415201,2398,"масло",0
415202,2398,"рака",1
415203,2398,"баланс",0
415204,2398,"суверенитет",0
415205,2398,"пыль",0
415206,2398,"машина",0
434047,2401,"дифференцировать",0
434048,2401,"дубить",0
434049,2401,"предложить",0
434050,2401,"расширить",0
434051,2401,"удовлетворить",1
434052,2401,"предать",0
385219,2409,"второй",1
385220,2409,"ночь",0
385221,2409,"тип",0
385222,2409,"истина",0
385223,2409,"мать",0
385224,2409,"река",0
402925,2410,"держать",1
402926,2410,"курить",0
402927,2410,"слушать",0
402928,2410,"продолжать",0
402929,2410,"молчать",0
402930,2410,"ходить",0
415243,2415,"траур",0
415244,2415,"стресс",0
415245,2415,"дикарь",1
415246,2415,"привидения",0
415247,2415,"племянник",0
415248,2415,"сфера",0
415249,2417,"пенис",0
415250,2417,"шут",0
415251,2417,"вакцина",0
415252,2417,"яд",0
415253,2417,"сходство",1
415254,2417,"панама",0
415255,2419,"достопримечательность",0
415256,2419,"сербия",0
415257,2419,"слой",0
415258,2419,"дым",0
415259,2419,"сок",0
415260,2419,"семинар",1
415279,2427,"профсоюз",0
415280,2427,"доклад",0
415281,2427,"приговор",1
415282,2427,"океан",0
415283,2427,"медаль",0
415284,2427,"вклад",0
403033,2430,"критиковать",0
403034,2430,"жечь",0
403035,2430,"отделиться",1
403036,2430,"оценивать",0
403037,2430,"нарушать",0
403038,2430,"дубить",0
390667,2433,"oтопление",0
390668,2433,"смерч",0
390669,2433,"дым",0
390670,2433,"сервер",1
390671,2433,"вифлеем",0
390672,2433,"пицца",0
404197,2443,"сопровождение",0
404198,2443,"жертвоприношение",0
404199,2443,"искренность",1
404200,2443,"пауза",0
404201,2443,"евреи",0
404202,2443,"сосна",0
433693,2455,"мешать",0
433694,2455,"спрятать",0
433695,2455,"переживать",1
433696,2455,"писать",0
433697,2455,"достичь",0
433698,2455,"делить",0
415357,2456,"беспорядок",0
415358,2456,"форма",0
415359,2456,"спутник",0
415360,2456,"превращение",0
415361,2456,"выживание",1
415362,2456,"хвост",0
393325,2458,"животноводство",0
393326,2458,"лиса",0
393327,2458,"социализм",1
393328,2458,"землетрясение",0
393329,2458,"солома",0
393330,2458,"виноград",0
398887,2460,"спорт",0
398888,2460,"гид",0
398889,2460,"социология",1
398890,2460,"стена",0
398891,2460,"чтение",0
398892,2460,"декрет",0
391945,2463,"игрушка",0
391946,2463,"ксаверий",0
391947,2463,"соевые бобы",1
391948,2463,"яд",0
391949,2463,"шут",0
391950,2463,"пенис",0
381697,2466,"континент",0
381698,2466,"ресторан",0
381699,2466,"аргумент",0
381700,2466,"посольство",0
381701,2466,"оккупация",0
381702,2466,"солидарность",1
403117,2470,"принимать",0
403118,2470,"успеть",0
403119,2470,"переводить",0
403120,2470,"отдыхать",0
403121,2470,"мечтать",1
403122,2470,"отбиваться",0
393241,2475,"шелк",0
393242,2475,"прерия",0
393243,2475,"сена",0
393244,2475,"подводная лодка",1
393245,2475,"треугольник",0
393246,2475,"балкон",0
415393,2477,"чередование",1
415394,2477,"лингвистика",0
415395,2477,"антенна",0
415396,2477,"барон",0
415397,2477,"ведро",0
415398,2477,"судан",0
433897,2482,"переводить",0
433898,2482,"нанимать",0
433899,2482,"расширить",0
433900,2482,"взрываться",0
433901,2482,"предложить",1
433902,2482,"охотиться",0
403669,2485,"игла",0
403670,2485,"пот",1
403671,2485,"бездна",0
403672,2485,"бисквит",0
403673,2485,"бич",0
403674,2485,"вздор",0
415435,2487,"самойло",0
415436,2487,"кислород",0
415437,2487,"надзор",1
415438,2487,"зов",0
415439,2487,"угол",0
415440,2487,"осень",0
403759,2498,"купол",0
403760,2498,"фасад",0
403761,2498,"мука",0
403762,2498,"избиратель",0
403763,2498,"трава",0
403764,2498,"натрий",1
392473,2501,"близнецы",0
392474,2501,"обрезки",0
392475,2501,"преданность",0
392476,2501,"сустав",0
392477,2501,"залив",0
392478,2501,"китайская республика",1
415495,2510,"парус",0
415496,2510,"клавиатура",1
415497,2510,"картошка",0
415498,2510,"утверждение",0
415499,2510,"усыновление",0
415500,2510,"соус",0
389911,2517,"беременная",0
389912,2517,"храм",1
389913,2517,"прогулка",0
389914,2517,"налог",0
389915,2517,"этика",0
389916,2517,"жанр",0
415507,2523,"пчела",0
415508,2523,"томат",0
415509,2523,"аквариум",0
415510,2523,"упоминание",0
415511,2523,"одежда",0
415512,2523,"искушение",1
415513,2524,"ствол",0
415514,2524,"сложение",0
415515,2524,"бабочка",0
415516,2524,"клан",0
415517,2524,"богословие",1
415518,2524,"ливан",0
381889,2531,"террорист",1
381890,2531,"словарь",0
381891,2531,"актуальность",0
381892,2531,"добродетель",0
381893,2531,"латынь",0
381894,2531,"затмение",0
381913,2538,"лейбл",0
381914,2538,"пытка",0
381915,2538,"мотель",0
381916,2538,"ева",0
381917,2538,"вакуум",0
381918,2538,"тигр",1
390553,2553,"работник",1
390554,2553,"убийца",0
390555,2553,"сигарета",0
390556,2553,"рецензия",0
390557,2553,"скрепка",0
390558,2553,"район",0
392215,2557,"баланс",0
392216,2557,"машина",0
392217,2557,"пыль",0
392218,2557,"ректор",0
392219,2557,"переводчик",1
392220,2557,"рака",0
433795,2558,"взрываться",0
433796,2558,"нанимать",0
433797,2558,"исчезать",0
433798,2558,"болеть",0
433799,2558,"дифференцировать",0
433800,2558,"переводить",1
434041,2560,"болеть",0
434042,2560,"взрываться",0
434043,2560,"нанимать",0
434044,2560,"отбиваться",0
434045,2560,"предать",1
434046,2560,"переводить",0
415603,2561,"добродетель",0
415604,2561,"предательство",1
415605,2561,"лейбл",0
415606,2561,"волейбол",0
415607,2561,"принятие",0
415608,2561,"пытка",0
415609,2562,"вата",0
415610,2562,"траектория",1
415611,2562,"эскадрон",0
415612,2562,"экспорт",0
415613,2562,"флавии",0
415614,2562,"кость",0
415615,2563,"выживание",0
415616,2563,"спутник",0
415617,2563,"форма",0
415618,2563,"превращение",1
415619,2563,"беспорядок",0
415620,2563,"хвост",0
415621,2565,"дикарь",0
415622,2565,"траур",0
415623,2565,"афера",0
415624,2565,"стресс",0
415625,2565,"сфера",0
415626,2565,"прозрачность",1
382003,2567,"якорь",0
382004,2567,"зад",1
382005,2567,"пост",0
382006,2567,"адам",0
382007,2567,"пчела",0
382008,2567,"снос",0
382009,2571,"трилогия",1
382010,2571,"спекуляция",0
382011,2571,"гумберт",0
382012,2571,"дилемма",0
382013,2571,"гандбол",0
382014,2571,"сенегал",0
382063,2584,"алфавит",0
382064,2584,"лампа",0
382065,2584,"турист",1
382066,2584,"гроб",0
382067,2584,"авангард",0
382068,2584,"дипломат",0
382111,2602,"кобра",0
382112,2602,"мануил",0
382113,2602,"уругвай",1
382114,2602,"страдание",0
382115,2602,"корова",0
382116,2602,"солдат",0
404107,2610,"рабство",0
404108,2610,"статуя",0
404109,2610,"пакистан",0
404110,2610,"пекин",0
404111,2610,"кривая",0
404112,2610,"действительность",1
415753,2617,"простуда",0
415754,2617,"маврикий",0
415755,2617,"жалоба",0
415756,2617,"яков",0
415757,2617,"рефлекс",0
415758,2617,"ватикан",1
394177,2624,"вулкан",0
394178,2624,"венеция",1
394179,2624,"девушка",0
394180,2624,"трость",0
394181,2624,"факел",0
394182,2624,"тёща",0
434911,2632,"катиться",0
434912,2632,"рассказывать",0
434913,2632,"существовать",0
434914,2632,"слушать",0
434915,2632,"одевать",1
434916,2632,"наслаждаться",0
415783,2633,"пчела",0
415784,2633,"аквариум",0
415785,2633,"искушение",0
415786,2633,"одежда",1
415787,2633,"томат",0
415788,2633,"упоминание",0
415807,2644,"суп",0
415808,2644,"бедность",0
415809,2644,"процедура",0
415810,2644,"прогноз",0
415811,2644,"месть",1
415812,2644,"мебель",0
403585,2645,"мстить",1
403586,2645,"слушаться",0
403587,2645,"сиять",0
403588,2645,"удовлетворить",0
403589,2645,"торопить",0
403590,2645,"настаивать",0
397807,2648,"экспансия",0
397808,2648,"снаряжение",0
397809,2648,"долг",0
397810,2648,"альт",1
397811,2648,"экзамен",0
397812,2648,"пёс",0
415813,2652,"принятие",0
415814,2652,"волейбол",0
415815,2652,"пытка",0
415816,2652,"афганистан",0
415817,2652,"предательство",0
415818,2652,"добродетель",1
415819,2657,"убийца",0
415820,2657,"рецензия",0
415821,2657,"рыболовство",0
415822,2657,"змей",0
415823,2657,"сигарета",0
415824,2657,"район",1
403009,2659,"отделиться",0
403010,2659,"готовить",0
403011,2659,"оценивать",0
403012,2659,"жечь",0
403013,2659,"лететь",1
403014,2659,"нарушать",0
415825,2660,"ванна",0
415826,2660,"вакуум",0
415827,2660,"бюрократия",0
415828,2660,"десерт",0
415829,2660,"канцлер",0
415830,2660,"лексика",1
403861,2661,"контраст",0
403862,2661,"вокалист",1
403863,2661,"прощание",0
403864,2661,"шут",0
403865,2661,"дизайнер",0
403866,2661,"плод",0
394285,2664,"вмещать",0
394286,2664,"отличать",0
394287,2664,"рвать",1
394288,2664,"восхищаться",0
394289,2664,"топать",0
394290,2664,"возбуждать",0
398761,2675,"конфликт",0
398762,2675,"потребление",0
398763,2675,"рубашка",0
398764,2675,"ксаверий",1
398765,2675,"стипендия",0
398766,2675,"флаг",0
415885,2690,"поэт",0
415886,2690,"терапия",0
415887,2690,"налог",0
415888,2690,"прогулка",0
415889,2690,"этика",1
415890,2690,"жанр",0
400603,2703,"найти",1
400604,2703,"слушать",0
400605,2703,"начать",0
400606,2703,"помочь",0
400607,2703,"использовать",0
400608,2703,"жить",0
434725,3126,"производить",0
434726,3126,"рано",0
434727,3126,"немецкий",0
434728,3126,"красный",0
434729,3126,"русский",0
434730,3126,"лучший",1
430483,3127,"большой",1
430484,3127,"важный",0
430485,3127,"последний",0
430486,3127,"вместе",0
430487,3127,"быстрый",0
430488,3127,"новый",0
430495,3128,"старый",0
430496,3128,"простой",0
430497,3128,"новый",1
430498,3128,"неправильный",0
430499,3128,"белый",0
430500,3128,"сделанный",0
430627,3129,"последний",0
430628,3129,"белый",0
430629,3129,"быстрый",0
430630,3129,"свободный",0
430631,3129,"важный",1
430632,3129,"гражданский",0
430633,3130,"важный",0
430634,3130,"гражданский",0
430635,3130,"сделанный",1
430636,3130,"счастливый",0
430637,3130,"белый",0
430638,3130,"лёгкий",0
385507,3131,"счастливый",0
385508,3131,"особенный",0
385509,3131,"пять",1
385510,3131,"важный",0
385511,3131,"сделанный",0
385512,3131,"особый",0
430687,3132,"простой",0
430688,3132,"счастливый",1
430689,3132,"новый",0
430690,3132,"быстрый",0
430691,3132,"старый",0
430692,3132,"сделанный",0
400585,3133,"последний",0
400586,3133,"особенный",0
400587,3133,"законный",0
400588,3133,"особый",1
400589,3133,"верный",0
400590,3133,"лёгкий",0
400633,3134,"особый",0
400634,3134,"лёгкий",0
400635,3134,"законный",0
400636,3134,"последний",0
400637,3134,"верный",0
400638,3134,"особенный",1
400657,3135,"особенный",0
400658,3135,"лёгкий",0
400659,3135,"особый",0
400660,3135,"законный",0
400661,3135,"верный",1
400662,3135,"последний",0
430747,3136,"большой",0
430748,3136,"последний",1
430749,3136,"важный",0
430750,3136,"счастливый",0
430751,3136,"старый",0
430752,3136,"гражданский",0
430753,3137,"вместе",0
430754,3137,"лёгкий",1
430755,3137,"белый",0
430756,3137,"зелёный",0
430757,3137,"важный",0
430758,3137,"гражданский",0
400705,3138,"молодой",0
400706,3138,"законный",1
400707,3138,"свободный",0
400708,3138,"военный",0
400709,3138,"сделанный",0
400710,3138,"высокий",0
430783,3139,"гражданский",0
430784,3139,"высокий",1
430785,3139,"большой",0
430786,3139,"важный",0
430787,3139,"белый",0
430788,3139,"вместе",0
430795,3140,"большой",0
430796,3140,"молодой",0
430797,3140,"новый",0
430798,3140,"быстрый",0
430799,3140,"вместе",1
430800,3140,"высокий",0
430807,3141,"сделанный",0
430808,3141,"простой",0
430809,3141,"зелёный",0
430810,3141,"последний",0
430811,3141,"счастливый",0
430812,3141,"молодой",1
430813,3142,"неправильный",0
430814,3142,"свободный",1
430815,3142,"сделанный",0
430816,3142,"белый",0
430817,3142,"простой",0
430818,3142,"зелёный",0
382459,3143,"неправильный",0
382460,3143,"португальский",1
382461,3143,"счастливый",0
382462,3143,"законный",0
382463,3143,"популярный",0
382464,3143,"свободный",0
430999,3145,"высокий",0
431000,3145,"неправильный",0
431001,3145,"молодой",0
431002,3145,"гражданский",1
431003,3145,"белый",0
431004,3145,"последний",0
431005,3146,"быстрый",0
431006,3146,"гражданский",0
431007,3146,"простой",0
431008,3146,"неправильный",1
431009,3146,"старый",0
431010,3146,"сделанный",0
401131,3147,"зелёный",0
401132,3147,"простой",0
401133,3147,"старый",0
401134,3147,"белый",0
401135,3147,"исконный",1
401136,3147,"быстрый",0
431023,3148,"сделанный",0
431024,3148,"простой",1
431025,3148,"лёгкий",0
431026,3148,"быстрый",0
431027,3148,"белый",0
431028,3148,"важный",0
401173,3149,"быстрый",0
401174,3149,"зелёный",0
401175,3149,"культурный",0
401176,3149,"хуже",1
401177,3149,"старый",0
401178,3149,"белый",0
434989,3150,"общий",0
434990,3150,"истинный",0
434991,3150,"политический",1
434992,3150,"французский",0
434993,3150,"обычный",0
434994,3150,"равный",0
386347,3151,"хуже",0
386348,3151,"быстрый",0
386349,3151,"популярный",1
386350,3151,"старый",0
386351,3151,"зелёный",0
386352,3151,"белый",0
431179,3152,"новый",0
431180,3152,"неправильный",0
431181,3152,"молодой",0
431182,3152,"сделанный",0
431183,3152,"быстрый",0
431184,3152,"зелёный",1
431185,3153,"важный",0
431186,3153,"гражданский",0
431187,3153,"белый",1
431188,3153,"неправильный",0
431189,3153,"зелёный",0
431190,3153,"простой",0
401371,3155,"безупречный",0
401372,3155,"необходимый",0
401373,3155,"культурный",1
401374,3155,"синий",0
401375,3155,"лучший",0
401376,3155,"арестованный",0
386587,3156,"белый",0
386588,3156,"зелёный",0
386589,3156,"культурный",0
386590,3156,"старый",0
386591,3156,"муниципальный",1
386592,3156,"быстрый",0
434995,3157,"горячий",0
434996,3157,"обычный",1
434997,3157,"главный",0
434998,3157,"красный",0
434999,3157,"французский",0
435000,3157,"общий",0
431371,3158,"отлично",0
431372,3158,"печальный",0
431373,3158,"арестованный",1
431374,3158,"целый",0
431375,3158,"холодный",0
431376,3158,"бедный",0
431443,3159,"маленький",0
431444,3159,"интересный",1
431445,3159,"настоящий",0
431446,3159,"плохой",0
431447,3159,"готовый",0
431448,3159,"арестованный",0
416017,3160,"печальный",0
416018,3160,"синий",0
416019,3160,"интересный",0
416020,3160,"исторический",0
416021,3160,"необходимый",1
416022,3160,"безупречный",0
431467,3161,"синий",0
431468,3161,"арестованный",0
431469,3161,"открытый",0
431470,3161,"удивительный",0
431471,3161,"безупречный",1
431472,3161,"горячий",0
431491,3162,"синий",1
431492,3162,"знаменитый",0
431493,3162,"исторический",0
431494,3162,"весёлый",0
431495,3162,"безупречный",0
431496,3162,"открытый",0
431527,3163,"безупречный",0
431528,3163,"отлично",0
431529,3163,"бедный",0
431530,3163,"исторический",1
431531,3163,"розовый",0
431532,3163,"плохой",0
431557,3164,"чёрный",0
431558,3164,"печальный",1
431559,3164,"готовый",0
431560,3164,"бедный",0
431561,3164,"безупречный",0
431562,3164,"технический",0
431599,3165,"невозможный",1
431600,3165,"знаменитый",0
431601,3165,"отлично",0
431602,3165,"весёлый",0
431603,3165,"богатый",0
431604,3165,"плохой",0
431605,3166,"готовый",0
431606,3166,"настоящий",0
431607,3166,"громадный",0
431608,3166,"безупречный",0
431609,3166,"целый",1
431610,3166,"знаменитый",0
431623,3167,"настоящий",0
431624,3167,"чёрный",1
431625,3167,"маленький",0
431626,3167,"печальный",0
431627,3167,"синий",0
431628,3167,"горячий",0
431647,3168,"целый",0
431648,3168,"маленький",0
431649,3168,"чёрный",0
431650,3168,"знаменитый",0
431651,3168,"настоящий",1
431652,3168,"горячий",0
431671,3169,"настоящий",0
431672,3169,"чёрный",0
431673,3169,"независимый",1
431674,3169,"розовый",0
431675,3169,"готовый",0
431676,3169,"технический",0
431683,3170,"целый",0
431684,3170,"готовый",1
431685,3170,"открытый",0
431686,3170,"отлично",0
431687,3170,"весёлый",0
431688,3170,"плохой",0
431689,3171,"богатый",0
431690,3171,"исторический",0
431691,3171,"сумасшедший",0
431692,3171,"технический",0
431693,3171,"интересный",0
431694,3171,"открытый",1
434761,3172,"бедный",0
434762,3172,"потом",0
434763,3172,"немецкий",0
434764,3172,"французский",1
434765,3172,"ещё",0
434766,3172,"наконец",0
431719,3173,"красный",1
431720,3173,"технический",0
431721,3173,"независимый",0
431722,3173,"целый",0
431723,3173,"настоящий",0
431724,3173,"громадный",0
431785,3176,"холодный",0
431786,3176,"чёрный",0
431787,3176,"плохой",0
431788,3176,"настоящий",0
431789,3176,"громадный",1
431790,3176,"красный",0
431827,3178,"технический",0
431828,3178,"отлично",1
431829,3178,"чёрный",0
431830,3178,"арестованный",0
431831,3178,"печальный",0
431832,3178,"красный",0
431833,3179,"холодный",1
431834,3179,"отлично",0
431835,3179,"весёлый",0
431836,3179,"открытый",0
431837,3179,"печальный",0
431838,3179,"целый",0
401527,3180,"электоральный",0
401528,3180,"удивительный",0
401529,3180,"традиционный",1
401530,3180,"холодный",0
401531,3180,"знаменитый",0
401532,3180,"сумасшедший",0
431881,3181,"весёлый",1
431882,3181,"технический",0
431883,3181,"настоящий",0
431884,3181,"чёрный",0
431885,3181,"исторический",0
431886,3181,"розовый",0
431911,3182,"чёрный",0
431912,3182,"богатый",0
431913,3182,"горячий",0
431914,3182,"сумасшедший",0
431915,3182,"готовый",0
431916,3182,"знаменитый",1
431941,3184,"сумасшедший",0
431942,3184,"маленький",0
431943,3184,"весёлый",0
431944,3184,"бедный",1
431945,3184,"исторический",0
431946,3184,"открытый",0
431947,3185,"горячий",1
431948,3185,"независимый",0
431949,3185,"красный",0
431950,3185,"исторический",0
431951,3185,"богатый",0
431952,3185,"арестованный",0
382675,3186,"необходимый",0
382676,3186,"невозможный",0
382677,3186,"русский",0
382678,3186,"громадный",0
382679,3186,"сексуальный",1
382680,3186,"знаменитый",0
401569,3187,"знаменитый",0
401570,3187,"дорогой",0
401571,3187,"сумасшедший",0
401572,3187,"традиционный",0
401573,3187,"удивительный",0
401574,3187,"электоральный",1
432031,3188,"синий",0
432032,3188,"настоящий",0
432033,3188,"громадный",0
432034,3188,"сумасшедший",1
432035,3188,"открытый",0
432036,3188,"печальный",0
432121,3189,"знаменитый",0
432122,3189,"громадный",0
432123,3189,"богатый",1
432124,3189,"безупречный",0
432125,3189,"готовый",0
432126,3189,"красный",0
432211,3191,"удивительный",1
432212,3191,"арестованный",0
432213,3191,"бедный",0
432214,3191,"сумасшедший",0
432215,3191,"открытый",0
432216,3191,"независимый",0
382705,3193,"русский",1
382706,3193,"целый",0
382707,3193,"бедный",0
382708,3193,"чёрный",0
382709,3193,"открытый",0
382710,3193,"холодный",0
432493,3194,"интенсивный",0
432494,3194,"дорогой",1
432495,3194,"глупый",0
432496,3194,"левый",0
432497,3194,"видный",0
432498,3194,"нежный",0
432565,3196,"дорогой",0
432566,3196,"научный",0
432567,3196,"базовый",0
432568,3196,"женский",1
432569,3196,"дешёвый",0
432570,3196,"верный",0
382723,3197,"срочный",0
382724,3197,"виртуальный",1
382725,3197,"глубокий",0
382726,3197,"женатый",0
382727,3197,"несомненный",0
382728,3197,"ежегодный",0
432667,3198,"базовый",0
432668,3198,"ужасный",0
432669,3198,"больной",1
432670,3198,"женский",0
432671,3198,"интенсивный",0
432672,3198,"верный",0
402043,3200,"умный",0
402044,3200,"усталый",0
402045,3200,"замечательный",0
402046,3200,"больной",0
402047,3200,"женский",0
402048,3200,"ежегодный",1
432853,3201,"океанский",0
432854,3201,"умный",1
432855,3201,"целый",0
432856,3201,"верный",0
432857,3201,"влиятельный",0
432858,3201,"запрещённый",0
432967,3202,"женатый",0
432968,3202,"влиятельный",0
432969,3202,"дорогой",0
432970,3202,"верный",0
432971,3202,"пустой",0
432972,3202,"усталый",1
432985,3203,"влиятельный",0
432986,3203,"замечательный",1
432987,3203,"нежный",0
432988,3203,"блестящий",0
432989,3203,"дорогой",0
432990,3203,"женатый",0
402427,3204,"уступающий",0
402428,3204,"зрительный",0
402429,3204,"пустой",0
402430,3204,"замечательный",0
402431,3204,"ядерный",1
402432,3204,"усталый",0
433057,3205,"запрещённый",0
433058,3205,"влиятельный",0
433059,3205,"глубокий",0
433060,3205,"левый",0
433061,3205,"пустой",1
433062,3205,"финансовый",0
402673,3206,"уступающий",0
402674,3206,"зрительный",1
402675,3206,"сложный",0
402676,3206,"жёлтый",0
402677,3206,"женатый",0
402678,3206,"несомненный",0
402697,3207,"жёлтый",0
402698,3207,"женатый",0
402699,3207,"уступающий",1
402700,3207,"сложный",0
402701,3207,"зрительный",0
402702,3207,"несомненный",0
433327,3209,"больной",0
433328,3209,"сложный",1
433329,3209,"пустой",0
433330,3209,"ужасный",0
433331,3209,"срочный",0
433332,3209,"приговорённый",0
433339,3212,"глубокий",0
433340,3212,"базовый",0
433341,3212,"научный",0
433342,3212,"интенсивный",0
433343,3212,"целый",0
433344,3212,"жёлтый",1
433345,3213,"грязный",0
433346,3213,"женатый",1
433347,3213,"базовый",0
433348,3213,"городской",0
433349,3213,"усталый",0
433350,3213,"дешёвый",0
433369,3215,"океанский",0
433370,3215,"ужасный",0
433371,3215,"больной",0
433372,3215,"нежный",0
433373,3215,"влиятельный",1
433374,3215,"городской",0
433417,3216,"умный",0
433418,3216,"финансовый",1
433419,3216,"видный",0
433420,3216,"верный",0
433421,3216,"женатый",0
433422,3216,"влиятельный",0
433453,3218,"срочный",1
433454,3218,"глупый",0
433455,3218,"целый",0
433456,3218,"усталый",0
433457,3218,"океанский",0
433458,3218,"ужасный",0
433549,3220,"запрещённый",0
433550,3220,"влиятельный",0
433551,3220,"женатый",0
433552,3220,"блестящий",1
433553,3220,"целый",0
433554,3220,"безобразный",0
402781,3221,"ужасный",0
402782,3221,"базовый",0
402783,3221,"незаконный",1
402784,3221,"огромный",0
402785,3221,"чистый",0
402786,3221,"городской",0
433585,3222,"больной",0
433586,3222,"городской",1
433587,3222,"замечательный",0
433588,3222,"женатый",0
433589,3222,"базовый",0
433590,3222,"блестящий",0
433615,3224,"глупый",0
433616,3224,"усталый",0
433617,3224,"дешёвый",0
433618,3224,"женский",0
433619,3224,"чистый",0
433620,3224,"ужасный",1
433627,3225,"глубокий",0
433628,3225,"глупый",0
433629,3225,"интенсивный",0
433630,3225,"дорогой",0
433631,3225,"огромный",1
433632,3225,"больной",0
433639,3226,"замечательный",0
433640,3226,"пустой",0
433641,3226,"жёлтый",0
433642,3226,"женский",0
433643,3226,"интенсивный",0
433644,3226,"базовый",1
433645,3227,"верный",0
433646,3227,"срочный",0
433647,3227,"усталый",0
433648,3227,"океанский",0
433649,3227,"чистый",1
433650,3227,"базовый",0
433651,3228,"глупый",0
433652,3228,"базовый",0
433653,3228,"дорогой",0
433654,3228,"жёлтый",0
433655,3228,"целый",0
433656,3228,"дешёвый",1
416275,3229,"верный",0
416276,3229,"чистый",0
416277,3229,"дешёвый",0
416278,3229,"фантастический",1
416279,3229,"базовый",0
416280,3229,"демократический",0
416281,3230,"верный",0
416282,3230,"демократический",1
416283,3230,"фантастический",0
416284,3230,"дешёвый",0
416285,3230,"левый",0
416286,3230,"чистый",0
433657,3231,"женский",0
433658,3231,"океанский",0
433659,3231,"верный",1
433660,3231,"срочный",0
433661,3231,"грязный",0
433662,3231,"блестящий",0
433663,3232,"срочный",0
433664,3232,"левый",1
433665,3232,"целый",0
433666,3232,"городской",0
433667,3232,"финансовый",0
433668,3232,"умный",0
433675,3233,"глубокий",1
433676,3233,"верный",0
433677,3233,"женский",0
433678,3233,"целый",0
433679,3233,"интенсивный",0
433680,3233,"огромный",0
433681,3234,"глупый",0
433682,3234,"блестящий",0
433683,3234,"безобразный",0
433684,3234,"целый",1
433685,3234,"нежный",0
433686,3234,"дорогой",0
390199,3236,"отрицательный",0
390200,3236,"глубокий",0
390201,3236,"оральный",1
390202,3236,"целый",0
390203,3236,"левый",0
390204,3236,"африканский",0
390295,3237,"отрицательный",0
390296,3237,"африканский",1
390297,3237,"оральный",0
390298,3237,"научный",0
390299,3237,"целый",0
390300,3237,"запрещённый",0
433699,3238,"верный",0
433700,3238,"ужасный",0
433701,3238,"нежный",0
433702,3238,"видный",0
433703,3238,"научный",1
433704,3238,"усталый",0
433705,3239,"чистый",0
433706,3239,"срочный",0
433707,3239,"запрещённый",1
433708,3239,"больной",0
433709,3239,"умный",0
433710,3239,"ужасный",0
433711,3240,"городской",0
433712,3240,"огромный",0
433713,3240,"глупый",0
433714,3240,"верный",1
433715,3240,"дорогой",0
433716,3240,"базовый",0
433717,3241,"городской",0
433718,3241,"видный",0
433719,3241,"ужасный",0
433720,3241,"больной",0
433721,3241,"нежный",1
433722,3241,"глубокий",0
433723,3242,"безобразный",1
433724,3242,"огромный",0
433725,3242,"научный",0
433726,3242,"океанский",0
433727,3242,"приговорённый",0
433728,3242,"глупый",0
433729,3243,"влиятельный",0
433730,3243,"левый",0
433731,3243,"ужасный",0
433732,3243,"женатый",0
433733,3243,"интенсивный",1
433734,3243,"сложный",0
433735,3244,"запрещённый",0
433736,3244,"нежный",0
433737,3244,"глупый",0
433738,3244,"видный",1
433739,3244,"чистый",0
433740,3244,"финансовый",0
403015,3245,"щедрый",1
403016,3245,"серый",0
403017,3245,"медленно",0
403018,3245,"волшебный",0
403019,3245,"художественный",0
403020,3245,"союзный",0
433747,3246,"верный",0
433748,3246,"запрещённый",0
433749,3246,"замечательный",0
433750,3246,"чистый",0
433751,3246,"грязный",1
433752,3246,"океанский",0
390847,3247,"волшебный",0
390848,3247,"художественный",0
390849,3247,"сорок",1
390850,3247,"союзный",0
390851,3247,"серый",0
390852,3247,"медленно",0
416359,3248,"союзный",0
416360,3248,"скрытый",0
416361,3248,"волшебный",0
416362,3248,"художественный",1
416363,3248,"конкретный",0
416364,3248,"медленно",0
433765,3251,"медленно",1
433766,3251,"осмотрительный",0
433767,3251,"коричневый",0
433768,3251,"логический",0
433769,3251,"разыскиваемый",0
433770,3251,"союзный",0
403135,3255,"отсталый",0
403136,3255,"мозговой",1
403137,3255,"встроенный",0
403138,3255,"шумливый",0
403139,3255,"скрытый",0
403140,3255,"удовлетворённый",0
433783,3256,"анонимный",0
433784,3256,"солёный",0
433785,3256,"химический",0
433786,3256,"ранимый",0
433787,3256,"скрытый",1
433788,3256,"медленно",0
391345,3257,"мозговой",0
391346,3257,"пятьдесят",1
391347,3257,"скрытый",0
391348,3257,"удовлетворённый",0
391349,3257,"встроенный",0
391350,3257,"отсталый",0
433801,3258,"ночной",0
433802,3258,"шумливый",0
433803,3258,"волшебный",0
433804,3258,"отсталый",1
433805,3258,"скрытый",0
433806,3258,"медленно",0
433807,3259,"скрытый",0
433808,3259,"ночной",0
433809,3259,"встроенный",1
433810,3259,"кислый",0
433811,3259,"законный",0
433812,3259,"прикладной",0
383017,3260,"разыскиваемый",0
383018,3260,"условный",0
383019,3260,"любезный",0
383020,3260,"невидимый",0
383021,3260,"олимпийский",1
383022,3260,"искренний",0
433813,3261,"приемлемый",0
433814,3261,"солёный",0
433815,3261,"скрытый",0
433816,3261,"удовлетворённый",1
433817,3261,"анонимный",0
433818,3261,"невидимый",0
433825,3263,"параллельный",1
433826,3263,"осмотрительный",0
433827,3263,"наружный",0
433828,3263,"удовлетворённый",0
433829,3263,"прикладной",0
433830,3263,"изменяемый",0
403195,3264,"электрический",0
403196,3264,"чрезвычайный",0
403197,3264,"божественный",0
403198,3264,"искренний",0
403199,3264,"искусственный",1
403200,3264,"наружный",0
403207,3266,"наружный",0
403208,3266,"божественный",0
403209,3266,"искренний",0
403210,3266,"психологический",0
403211,3266,"условный",1
403212,3266,"чрезвычайный",0
433837,3267,"божественный",0
433838,3267,"отставной",0
433839,3267,"электрический",1
433840,3267,"единичный",0
433841,3267,"встроенный",0
433842,3267,"законный",0
433843,3268,"невидимый",0
433844,3268,"приемлемый",0
433845,3268,"изменяемый",0
433846,3268,"наружный",0
433847,3268,"законный",0
433848,3268,"логический",1
433849,3269,"солёный",0
433850,3269,"параллельный",0
433851,3269,"искренний",1
433852,3269,"медленно",0
433853,3269,"отсталый",0
433854,3269,"коричневый",0
416419,3270,"божественный",0
416420,3270,"электрический",0
416421,3270,"чрезвычайный",1
416422,3270,"искренний",0
416423,3270,"наружный",0
416424,3270,"логический",0
433867,3271,"шумливый",0
433868,3271,"божественный",1
433869,3271,"союзный",0
433870,3271,"искренний",0
433871,3271,"ранимый",0
433872,3271,"конкретный",0
433879,3272,"наружный",1
433880,3272,"прикладной",0
433881,3272,"честный",0
433882,3272,"разыскиваемый",0
433883,3272,"изменяемый",0
433884,3272,"шумливый",0
433885,3273,"законный",0
433886,3273,"честный",0
433887,3273,"психологический",1
433888,3273,"приличный",0
433889,3273,"шумливый",0
433890,3273,"любезный",0
403309,3274,"прикладной",0
403310,3274,"спортивный",0
403311,3274,"похоронный",0
403312,3274,"задний",1
403313,3274,"разыскиваемый",0
403314,3274,"невидимый",0
403315,3275,"еженедельный",1
403316,3275,"похоронный",0
403317,3275,"невидимый",0
403318,3275,"разыскиваемый",0
403319,3275,"прикладной",0
403320,3275,"спортивный",0
433891,3276,"отставной",0
433892,3276,"любезный",0
433893,3276,"прикладной",0
433894,3276,"законный",0
433895,3276,"параллельный",0
433896,3276,"невидимый",1
383107,3277,"параллельный",0
383108,3277,"одиночный",0
383109,3277,"ранимый",0
383110,3277,"единственный",0
383111,3277,"еженедельный",0
383112,3277,"тропический",1
433903,3278,"любезный",0
433904,3278,"анонимный",0
433905,3278,"приличный",0
433906,3278,"электрический",0
433907,3278,"коричневый",0
433908,3278,"разыскиваемый",1
433909,3279,"ночной",0
433910,3279,"скрытый",0
433911,3279,"наружный",0
433912,3279,"кислый",0
433913,3279,"прикладной",1
433914,3279,"коричневый",0
403363,3280,"приличный",0
403364,3280,"любезный",0
403365,3280,"единичный",0
403366,3280,"привлекательный",0
403367,3280,"спортивный",1
403368,3280,"солёный",0
433921,3282,"любезный",1
433922,3282,"ночной",0
433923,3282,"приемлемый",0
433924,3282,"разыскиваемый",0
433925,3282,"наружный",0
433926,3282,"химический",0
433927,3283,"искренний",0
433928,3283,"кислый",0
433929,3283,"волшебный",0
433930,3283,"привлекательный",0
433931,3283,"параллельный",0
433932,3283,"единичный",1
392497,3284,"единичный",0
392498,3284,"любезный",0
392499,3284,"анальный",0
392500,3284,"привлекательный",0
392501,3284,"исламский",1
392502,3284,"приличный",0
392527,3285,"приличный",0
392528,3285,"анальный",1
392529,3285,"шестьдесят",0
392530,3285,"исламский",0
392531,3285,"привлекательный",0
392532,3285,"солёный",0
433933,3286,"кислый",0
433934,3286,"единичный",0
433935,3286,"прикладной",0
433936,3286,"привлекательный",1
433937,3286,"анонимный",0
433938,3286,"психологический",0
433939,3287,"логический",0
433940,3287,"разыскиваемый",0
433941,3287,"приличный",1
433942,3287,"удовлетворённый",0
433943,3287,"осмотрительный",0
433944,3287,"изменяемый",0
433945,3288,"коричневый",0
433946,3288,"невидимый",0
433947,3288,"удовлетворённый",0
433948,3288,"солёный",1
433949,3288,"далёкий",0
433950,3288,"параллельный",0
392617,3289,"шестьдесят",1
392618,3289,"единственный",0
392619,3289,"солёный",0
392620,3289,"приличный",0
392621,3289,"честный",0
392622,3289,"привлекательный",0
433951,3291,"параллельный",0
433952,3291,"скрытый",0
433953,3291,"честный",1
433954,3291,"коричневый",0
433955,3291,"удовлетворённый",0
433956,3291,"кислый",0
435037,3292,"счастливый",0
435038,3292,"обычный",0
435039,3292,"единственный",0
435040,3292,"общий",0
435041,3292,"умный",1
435042,3292,"бедный",0
434071,3314,"твёрдый",0
434072,3314,"недостаточный",0
434073,3314,"переносной",1
434074,3314,"нейтральный",0
434075,3314,"худой",0
434076,3314,"автономный",0
434077,3316,"худой",1
434078,3316,"автономный",0
434079,3316,"средиземноморский",0
434080,3316,"талантливый",0
434081,3316,"тонкий",0
434082,3316,"ускоренный",0
434089,3318,"квалифицированный",1
434090,3318,"недостаточный",0
434091,3318,"сербский",0
434092,3318,"символический",0
434093,3318,"инвалид",0
434094,3318,"ускоренный",0
404629,3321,"драматический",1
404630,3321,"подробный",0
404631,3321,"нейтральный",0
404632,3321,"престарелый",0
404633,3321,"множественный",0
404634,3321,"промежуточный",0
434119,3323,"твёрдый",0
434120,3323,"ускоренный",0
434121,3323,"нейтральный",1
434122,3323,"худой",0
434123,3323,"средиземноморский",0
434124,3323,"переносной",0
434125,3324,"средиземноморский",0
434126,3324,"твёрдый",0
434127,3324,"престарелый",1
434128,3324,"символический",0
434129,3324,"ускоренный",0
434130,3324,"широкий",0
404647,3325,"множественный",1
404648,3325,"подробный",0
404649,3325,"нейтральный",0
404650,3325,"престарелый",0
404651,3325,"промежуточный",0
404652,3325,"тонкий",0
416533,3327,"промежуточный",1
416534,3327,"тонкий",0
416535,3327,"сербский",0
416536,3327,"подробный",0
416537,3327,"автономный",0
416538,3327,"средиземноморский",0
434143,3329,"твёрдый",0
434144,3329,"автономный",0
434145,3329,"престарелый",0
434146,3329,"подробный",0
434147,3329,"переносной",0
434148,3329,"тонкий",1
434149,3330,"сербский",1
434150,3330,"подробный",0
434151,3330,"автономный",0
434152,3330,"худой",0
434153,3330,"тонкий",0
434154,3330,"недостаточный",0
404671,3331,"театральный",1
404672,3331,"подробный",0
404673,3331,"нейтральный",0
404674,3331,"престарелый",0
404675,3331,"множественный",0
404676,3331,"промежуточный",0
434155,3332,"переносной",0
434156,3332,"худой",0
434157,3332,"недостаточный",0
434158,3332,"автономный",1
434159,3332,"тонкий",0
434160,3332,"символический",0
404683,3333,"спортивный",1
404684,3333,"подробный",0
404685,3333,"нейтральный",0
404686,3333,"престарелый",0
404687,3333,"множественный",0
404688,3333,"промежуточный",0
434161,3334,"инвалид",0
434162,3334,"престарелый",0
434163,3334,"автономный",0
434164,3334,"нейтральный",0
434165,3334,"твёрдый",0
434166,3334,"символический",1
404695,3337,"интерактивный",1
404696,3337,"подробный",0
404697,3337,"нейтральный",0
404698,3337,"престарелый",0
404699,3337,"множественный",0
404700,3337,"промежуточный",0
404701,3338,"пропорциональный",1
404702,3338,"подробный",0
404703,3338,"нейтральный",0
404704,3338,"престарелый",0
404705,3338,"множественный",0
404706,3338,"промежуточный",0
434185,3339,"талантливый",1
434186,3339,"подробный",0
434187,3339,"недостаточный",0
434188,3339,"средиземноморский",0
434189,3339,"тонкий",0
434190,3339,"автономный",0
404713,3340,"вербальный",1
404714,3340,"подробный",0
404715,3340,"нейтральный",0
404716,3340,"престарелый",0
404717,3340,"множественный",0
404718,3340,"промежуточный",0
416569,3341,"широкий",0
416570,3341,"инвалид",0
416571,3341,"верный",1
416572,3341,"кислый",0
416573,3341,"талантливый",0
416574,3341,"символический",0
404725,3343,"бессмертный",1
404726,3343,"подробный",0
404727,3343,"нейтральный",0
404728,3343,"престарелый",0
404729,3343,"множественный",0
404730,3343,"промежуточный",0
404731,3344,"первобытный",1
404732,3344,"подробный",0
404733,3344,"нейтральный",0
404734,3344,"престарелый",0
404735,3344,"множественный",0
404736,3344,"промежуточный",0
434197,3345,"недостаточный",1
434198,3345,"инвалид",0
434199,3345,"символический",0
434200,3345,"талантливый",0
434201,3345,"твёрдый",0
434202,3345,"переносной",0
400063,3348,"только",0
400064,3348,"хорошо",0
400065,3348,"аж",1
400066,3348,"здесь",0
400067,3348,"сейчас",0
400068,3348,"уже",0
434713,3349,"в настоящее время",0
434714,3349,"вероятно",0
434715,3349,"полностью",0
434716,3349,"почти",0
434717,3349,"здесь",1
434718,3349,"очевидно",0
416581,3351,"сколько",0
416582,3351,"почти",0
416583,3351,"лишь",0
416584,3351,"где",1
416585,3351,"назад",0
416586,3351,"сквозь",0
416587,3353,"сколько",0
416588,3353,"сквозь",0
416589,3353,"лишь",1
416590,3353,"назад",0
416591,3353,"почти",0
416592,3353,"где",0
434731,3354,"лучший",0
434732,3354,"далеко",0
434733,3354,"богатый",0
434734,3354,"в настоящее время",0
434735,3354,"всегда",0
434736,3354,"никогда",1
430525,3356,"сквозь",0
430526,3356,"внутри",0
430527,3356,"скоро",0
430528,3356,"сколько",1
430529,3356,"почти",0
430530,3356,"снаружи",0
430543,3357,"вместе",0
430544,3357,"близко",0
430545,3357,"сквозь",1
430546,3357,"внутри",0
430547,3357,"возможно",0
430548,3357,"сколько",0
430555,3358,"почти",1
430556,3358,"возможно",0
430557,3358,"далеко",0
430558,3358,"назад",0
430559,3358,"сквозь",0
430560,3358,"близко",0
430723,3359,"снаружи",0
430724,3359,"внутри",0
430725,3359,"назад",1
430726,3359,"скоро",0
430727,3359,"сколько",0
430728,3359,"вместе",0
430741,3360,"возможно",1
430742,3360,"внутри",0
430743,3360,"сколько",0
430744,3360,"далеко",0
430745,3360,"вместе",0
430746,3360,"назад",0
400783,3361,"завтра",0
400784,3361,"ниже",0
400785,3361,"возможно",0
400786,3361,"плохо",0
400787,3361,"далеко",0
400788,3361,"вчера",1
400819,3362,"далеко",0
400820,3362,"возможно",0
400821,3362,"вчера",0
400822,3362,"хуже",0
400823,3362,"ниже",0
400824,3362,"завтра",1
430975,3363,"почти",0
430976,3363,"возможно",0
430977,3363,"снаружи",0
430978,3363,"близко",0
430979,3363,"далеко",1
430980,3363,"сквозь",0
432265,3364,"поздно",0
432266,3364,"назад",0
432267,3364,"сквозь",0
432268,3364,"наконец",1
432269,3364,"вместе",0
432270,3364,"скоро",0
391201,3365,"медленно",1
391202,3365,"серьёзно",0
391203,3365,"полностью",0
391204,3365,"частично",0
391205,3365,"просто",0
391206,3365,"действительно",0
435139,3366,"завтра",0
435140,3366,"далеко",0
435141,3366,"редко",0
435142,3366,"ниже",0
435143,3366,"когда-то",1
435144,3366,"так",0
400189,3367,"никогда",0
400190,3367,"ещё",1
400191,3367,"сквозь",0
400192,3367,"раньше",0
400193,3367,"уже",0
400194,3367,"сколько",0
400033,3368,"аж",0
400034,3368,"только",0
400035,3368,"хорошо",0
400036,3368,"здесь",0
400037,3368,"уже",1
400038,3368,"сейчас",0
431257,3369,"сколько",0
431258,3369,"близко",0
431259,3369,"возможно",0
431260,3369,"сквозь",0
431261,3369,"снаружи",0
431262,3369,"скоро",1
431803,3371,"поздно",1
431804,3371,"наконец",0
431805,3371,"быстро",0
431806,3371,"далеко",0
431807,3371,"достаточно",0
431808,3371,"бесплатно",0
400177,3372,"ещё",0
400178,3372,"никогда",0
400179,3372,"лишь",0
400180,3372,"раньше",0
400181,3372,"только",0
400182,3372,"сегодня",1
400075,3375,"где",0
400076,3375,"здесь",0
400077,3375,"сейчас",1
400078,3375,"так",0
400079,3375,"аж",0
400080,3375,"потом",0
434719,3376,"здесь",0
434720,3376,"потом",1
434721,3376,"ясно",0
434722,3376,"богатый",0
434723,3376,"лишь",0
434724,3376,"ещё",0
400213,3377,"почти",0
400214,3377,"сквозь",0
400215,3377,"раньше",1
400216,3377,"ещё",0
400217,3377,"сколько",0
400218,3377,"уже",0
400147,3378,"сегодня",0
400148,3378,"никогда",0
400149,3378,"где",0
400150,3378,"лучше",0
400151,3378,"всегда",1
400152,3378,"лишь",0
431323,3383,"назад",0
431324,3383,"близко",1
431325,3383,"внутри",0
431326,3383,"возможно",0
431327,3383,"далеко",0
431328,3383,"сколько",0
431191,3384,"сколько",0
431192,3384,"сквозь",0
431193,3384,"назад",0
431194,3384,"почти",0
431195,3384,"близко",0
431196,3384,"внутри",1
431059,3385,"снаружи",1
431060,3385,"сколько",0
431061,3385,"вместе",0
431062,3385,"внутри",0
431063,3385,"назад",0
431064,3385,"далеко",0
400069,3386,"потом",0
400070,3386,"аж",0
400071,3386,"хорошо",0
400072,3386,"здесь",1
400073,3386,"сейчас",0
400074,3386,"так",0
434755,3387,"часто",0
434756,3387,"там",1
434757,3387,"обычно",0
434758,3387,"завтра",0
434759,3387,"целый",0
434760,3387,"быстро",0
435055,3388,"там",1
435056,3388,"особенно",0
435057,3388,"возможно",0
435058,3388,"снова",0
435059,3388,"часто",0
435060,3388,"вчера",0
416671,3389,"внутри",0
416672,3389,"ниже",1
416673,3389,"снаружи",0
416674,3389,"далеко",0
416675,3389,"вместе",0
416676,3389,"скоро",0
416677,3390,"близко",0
416678,3390,"снаружи",0
416679,3390,"ниже",0
416680,3390,"выше",1
416681,3390,"внутри",0
416682,3390,"скоро",0
435043,3392,"тем временем",0
435044,3392,"к сожалению",0
435045,3392,"очевидно",0
435046,3392,"ничего",0
435047,3392,"внутри",0
435048,3392,"так",1
400051,3393,"аж",0
400052,3393,"только",0
400053,3393,"здесь",0
400054,3393,"уже",0
400055,3393,"сейчас",0
400056,3393,"хорошо",1
435049,3394,"снова",0
435050,3394,"здесь",0
435051,3394,"плохо",1
435052,3394,"редко",0
435053,3394,"никогда",0
435054,3394,"особенно",0
435061,3395,"быстро",0
435062,3395,"ясно",0
435063,3395,"рано",0
435064,3395,"здесь",0
435065,3395,"хуже",1
435066,3395,"тем временем",0
400135,3396,"лучше",1
400136,3396,"потом",0
400137,3396,"где",0
400138,3396,"всегда",0
400139,3396,"лишь",0
400140,3396,"никогда",0
434767,3398,"немецкий",0
434768,3398,"португальский",0
434769,3398,"быстро",1
434770,3398,"французский",0
434771,3398,"вчера",0
434772,3398,"раньше",0
433741,3399,"прочь",0
433742,3399,"бесплатно",1
433743,3399,"быстро",0
433744,3399,"сколько",0
433745,3399,"возможно",0
433746,3399,"внутри",0
416695,3400,"рано",0
416696,3400,"в одиночку",1
416697,3400,"бесплатно",0
416698,3400,"однако",0
416699,3400,"быстро",0
416700,3400,"тоже",0
400039,3402,"уже",0
400040,3402,"только",1
400041,3402,"аж",0
400042,3402,"здесь",0
400043,3402,"сейчас",0
400044,3402,"хорошо",0
434743,3404,"часто",0
434744,3404,"полностью",0
434745,3404,"французский",0
434746,3404,"очевидно",0
434747,3404,"только",1
434748,3404,"всегда",0
434809,3446,"рано",1
434810,3446,"там",0
434811,3446,"обычно",0
434812,3446,"богатый",0
434813,3446,"ясно",0
434814,3446,"снова",0
433621,3447,"спрятать",0
433622,3447,"выбирать",1
433623,3447,"достичь",0
433624,3447,"делить",0
433625,3447,"лгать",0
433626,3447,"увлечь",0
383443,3451,"моисей",0
383444,3451,"юлий",0
383445,3451,"желудок",0
383446,3451,"авель",1
383447,3451,"гаити",0
383448,3451,"ниндзя",0
383449,3453,"холокост",0
383450,3453,"абсорбция",1
383451,3453,"пекарня",0
383452,3453,"христофор",0
383453,3453,"золовка",0
383454,3453,"внучка",0
416713,3454,"лоток",0
416714,3454,"керамика",0
416715,3454,"броня",0
416716,3454,"дискотека",0
416717,3454,"обилие",1
416718,3454,"калибр",0
383473,3457,"панда",0
383474,3457,"адам",1
383475,3457,"труп",0
383476,3457,"внучка",0
383477,3457,"маниок",0
383478,3457,"прятки",0
416731,3458,"принятие",0
416732,3458,"афганистан",1
416733,3458,"приобретение",0
416734,3458,"добродетель",0
416735,3458,"волейбол",0
416736,3458,"борода",0
383485,3461,"латынь",0
383486,3461,"амбиция",1
383487,3461,"развод",0
383488,3461,"миграция",0
383489,3461,"вечность",0
383490,3461,"иерусалим",0
416737,3464,"амнистия",1
416738,3464,"дипломат",0
416739,3464,"сирен",0
416740,3464,"эмпатия",0
416741,3464,"золовка",0
416742,3464,"костёр",0
388567,3466,"понести",0
388568,3466,"любить",0
388569,3466,"мешать",0
388570,3466,"иметь выгоду",1
388571,3466,"петь",0
388572,3466,"собрать",0
434935,3467,"ускорять",0
434936,3467,"приближать",1
434937,3467,"наслаждаться",0
434938,3467,"продвигаться",0
434939,3467,"отменять",0
434940,3467,"внедрять",0
390691,3468,"смерч",0
390692,3468,"сервер",0
390693,3468,"oтопление",1
390694,3468,"дым",0
390695,3468,"пицца",0
390696,3468,"вифлеем",0
394507,3473,"тормоз",0
394508,3473,"пушка",0
394509,3473,"непал",0
394510,3473,"артиллерист",1
394511,3473,"черепаха",0
394512,3473,"заложник",0
394633,3476,"оливковое масло",1
394634,3476,"бит",0
394635,3476,"морковь",0
394636,3476,"скрипка",0
394637,3476,"матрац",0
394638,3476,"уксус",0
383569,3479,"этанол",0
383570,3479,"бангладеш",1
383571,3479,"гумберт",0
383572,3479,"мачизм",0
383573,3479,"помешанность",0
383574,3479,"гандбол",0
383593,3484,"людвиг",0
383594,3484,"боливия",1
383595,3484,"венесуэла",0
383596,3484,"район",0
383597,3484,"кислота",0
383598,3484,"декрет",0
416803,3487,"сочувствие",0
416804,3487,"бюрократия",1
416805,3487,"вакуум",0
416806,3487,"канцлер",0
416807,3487,"циклон",0
416808,3487,"ванна",0
434941,3491,"внедрять",0
434942,3491,"ускорять",0
434943,3491,"быть должным",0
434944,3491,"выполнять",0
434945,3491,"приближать",0
434946,3491,"отменять",1
393577,3495,"аврелий",0
393578,3495,"дура",0
393579,3495,"македония",0
393580,3495,"единодушие",0
393581,3495,"сертификация",1
393582,3495,"архипелаг",0
416833,3496,"дискотека",0
416834,3496,"штора",0
416835,3496,"керамика",1
416836,3496,"лоток",0
416837,3496,"калибр",0
416838,3496,"броня",0
416851,3499,"пилот",0
416852,3499,"зарплата",0
416853,3499,"тётя",0
416854,3499,"определение",0
416855,3499,"ученик",0
416856,3499,"классифицирование",1
391513,3500,"глубокая депрессия",1
391514,3500,"кома",0
391515,3500,"клюв",0
391516,3500,"рабство",0
391517,3500,"биоразнообразие",0
391518,3500,"кривая",0
416863,3502,"вампир",0
416864,3502,"азербайджан",0
416865,3502,"столкновение",1
416866,3502,"мессия",0
416867,3502,"героин",0
416868,3502,"звено́",0
393649,3505,"героин",0
393650,3505,"википедия",0
393651,3505,"мессия",0
393652,3505,"семя",0
393653,3505,"лёгкие",0
393654,3505,"коммунизм",1
434947,3509,"наслаждаться",1
434948,3509,"быть должным",0
434949,3509,"выполнять",0
434950,3509,"рисовать",0
434951,3509,"рассказывать",0
434952,3509,"катиться",0
383725,3510,"давид",1
383726,3510,"фасад",0
383727,3510,"рана",0
383728,3510,"эфиопия",0
383729,3510,"злодей",0
383730,3510,"танк",0
383737,3512,"aлмаз",1
383738,3512,"таиланд",0
383739,3512,"жаба",0
383740,3512,"вакцина",0
383741,3512,"прямая",0
383742,3512,"луанда",0
383755,3515,"норвегия",0
383756,3515,"феминизм",0
383757,3515,"эфиопия",0
383758,3515,"лицемерие",0
383759,3515,"порция",0
383760,3515,"диктатор",1
393427,3517,"гамбургер",0
393428,3517,"циклон",0
393429,3517,"феликс",0
393430,3517,"экология",1
393431,3517,"наследник",0
393432,3517,"канцлер",0
383791,3523,"лаврентий",0
383792,3523,"менталитет",0
383793,3523,"пизда",0
383794,3523,"гаити",0
383795,3523,"палестина",0
383796,3523,"эпидемия",1
416947,3530,"грязь",0
416948,3530,"филиппины",1
416949,3530,"индонезия",0
416950,3530,"академик",0
416951,3530,"аренда",0
416952,3530,"фортепиано",0
402121,3531,"химия",0
402122,3531,"поцелуй",0
402123,3531,"женщина",0
402124,3531,"цвет",1
402125,3531,"корабль",0
402126,3531,"дворец",0
432757,3536,"лгать",0
432758,3536,"достичь",0
432759,3536,"мешать",0
432760,3536,"понести",1
432761,3536,"переживать",0
432762,3536,"увлечь",0
383893,3547,"инструктор",0
383894,3547,"рыцарь",0
383895,3547,"балкон",0
383896,3547,"нидерланды",1
383897,3547,"иерусалим",0
383898,3547,"организм",0
417031,3550,"форум",0
417032,3550,"николай",0
417033,3550,"слоновые",0
417034,3550,"импорт",1
417035,3550,"медсестра",0
417036,3550,"штора",0
393517,3555,"медсестра",0
393518,3555,"николай",0
393519,3555,"инъекция",1
393520,3555,"слоновые",0
393521,3555,"слоновая кость",0
393522,3555,"маляр",0
383935,3556,"яблоко",0
383936,3556,"желудок",0
383937,3556,"привилегия",0
383938,3556,"джунгли",0
383939,3556,"инструктор",1
383940,3556,"сертификация",0
417055,3557,"горизонт",0
417056,3557,"папство",0
417057,3557,"демократия",0
417058,3557,"сведения",1
417059,3557,"предел",0
417060,3557,"идиот",0
383947,3558,"скульптура",0
383948,3558,"легитимность",0
383949,3558,"инвентаризация",1
383950,3558,"проституция",0
383951,3558,"действительность",0
383952,3558,"адреналин",0
383959,3560,"багаж",0
383960,3560,"иран",1
383961,3560,"борода",0
383962,3560,"метод",0
383963,3560,"давид",0
383964,3560,"гаити",0
383965,3561,"бисквит",0
383966,3561,"пост",0
383967,3561,"ракета",0
383968,3561,"алфавит",0
383969,3561,"турист",0
383970,3561,"исайя",1
383971,3562,"исландия",1
383972,3562,"тюлень",0
383973,3562,"архитектор",0
383974,3562,"логистика",0
383975,3562,"лёгкие",0
383976,3562,"секретность",0
398257,3565,"шоколад",0
398258,3565,"торт",0
398259,3565,"иерусалим",1
398260,3565,"враг",0
398261,3565,"меланж",0
398262,3565,"сахар",0
384037,3577,"менталитет",1
384038,3577,"инфляция",0
384039,3577,"синоним",0
384040,3577,"генетика",0
384041,3577,"тюлень",0
384042,3577,"мобилизация",0
389161,3579,"оккупация",0
389162,3579,"металлы",1
389163,3579,"картина",0
389164,3579,"разрешение",0
389165,3579,"легенда",0
389166,3579,"нос",0
384055,3580,"хвост",0
384056,3580,"потомок",0
384057,3580,"метафора",1
384058,3580,"эмпатия",0
384059,3580,"трилогия",0
384060,3580,"оптимист",0
417133,3583,"молот",0
417134,3583,"миссионер",1
417135,3583,"македония",0
417136,3583,"дура",0
417137,3583,"пирамида",0
417138,3583,"мара",0
398119,3584,"рыбы",0
398120,3584,"палец",0
398121,3584,"метод",1
398122,3584,"зал",0
398123,3584,"лечение",0
398124,3584,"трудность",0
393457,3588,"гамбургер",0
393458,3588,"наследник",0
393459,3588,"феликс",0
393460,3588,"рассказчик",1
393461,3588,"жаба",0
393462,3588,"лесбиянка",0
417151,3589,"никарагуа",1
417152,3589,"лиценциат",0
417153,3589,"панда",0
417154,3589,"муха",0
417155,3589,"повод",0
417156,3589,"оклад",0
417169,3592,"помешанность",1
417170,3592,"инфаркт",0
417171,3592,"костёр",0
417172,3592,"эмпатия",0
417173,3592,"гандбол",0
417174,3592,"дипломат",0
417193,3596,"пакистан",1
417194,3596,"паспорт",0
417195,3596,"пекин",0
417196,3596,"наказание",0
417197,3596,"ирония",0
417198,3596,"кошмар",0
401791,3597,"камера",0
401792,3597,"потребление",0
401793,3597,"доход",0
401794,3597,aaa,1
401795,3597,"вино",0
401796,3597,"горизонт",0
402301,3599,"цикл",0
402302,3599,"хирургия",0
402303,3599,"герой",0
402304,3599,"адрес",0
402305,3599,"нефть",0
402306,3599,m,1
384169,3600,"сегодня",0
384170,3600,"ответ",0
384171,3600,"проект",0
384172,3600,"месяц",0
384173,3600,"второй",0
384174,3600,"павел",1
393547,3605,"слоновая кость",0
393548,3605,"единодушие",0
393549,3605,"николай",0
393550,3605,"инъекция",0
393551,3605,"медсестра",0
393552,3605,"маляр",1
384223,3612,"искренность",0
384224,3612,"антропология",0
384225,3612,"вооружения",0
384226,3612,"инвентаризация",0
384227,3612,"профессионализм",1
384228,3612,"глобализация",0
433789,3615,"взрываться",0
433790,3615,"расширить",0
433791,3615,"отбиваться",1
433792,3615,"удовлетворить",0
433793,3615,"болеть",0
433794,3615,"дифференцировать",0
384247,3616,"простуда",0
384248,3616,"синоним",0
384249,3616,"реституция",1
384250,3616,"откладывание",0
384251,3616,"ветеран",0
384252,3616,"болгария",0
417265,3617,"браслет",0
417266,3617,"панда",0
417267,3617,"оклад",0
417268,3617,"риторика",1
417269,3617,"повод",0
417270,3617,"разрыв",0
417271,3618,"браслет",0
417272,3618,"панда",0
417273,3618,"повод",0
417274,3618,"уксус",0
417275,3618,"риторика",0
417276,3618,"разрыв",1
393625,3622,"македония",0
393626,3622,"лёгкие",0
393627,3622,"мара",0
393628,3622,"семя",1
393629,3622,"молот",0
393630,3622,"википедия",0
384283,3623,"венеция",0
384284,3623,"сенегал",1
384285,3623,"психиатр",0
384286,3623,"официант",0
384287,3623,"мученик",0
384288,3623,"внучка",0
384295,3625,"систематика",1
384296,3625,"эспрессо",0
384297,3625,"усыновление",0
384298,3625,"избиратель",0
384299,3625,"юрисдикция",0
384300,3625,"организм",0
384301,3626,"плод",0
384302,3626,"дизайнер",0
384303,3626,"вирши",0
384304,3626,"швеция",1
384305,3626,"стекло",0
384306,3626,"вечность",0
384307,3627,"поражение",0
384308,3627,"дальность",0
384309,3627,"прогулка",0
384310,3627,"швейцария",1
384311,3627,"любовь",0
384312,3627,"oтопление",0
404515,3631,"час",1
404516,3631,"конец",0
404517,3631,"неделя",0
404518,3631,"сделка",0
404519,3631,"игра",0
404520,3631,"правительство",0
384331,3632,"турция",1
384332,3632,"валюта",0
384333,3632,"посол",0
384334,3632,"пицца",0
384335,3632,"гарантия",0
384336,3632,"взрыв",0
417301,3633,"мышь",0
417302,3633,"академик",0
417303,3633,"филиппины",0
417304,3633,"отказ",0
417305,3633,"украина",1
417306,3633,"аренда",0
393559,3634,"маляр",0
393560,3634,"единодушие",1
393561,3634,"архипелаг",0
393562,3634,"сертификация",0
393563,3634,"аврелий",0
393564,3634,"николай",0
404293,3637,"колония",0
404294,3637,"кулинария",0
404295,3637,"авангард",1
404296,3637,"лестница",0
404297,3637,"холодильник",0
404298,3637,"изменение",0
389287,3638,"приключение",0
389288,3638,"напитки",0
389289,3638,"vásko",1
389290,3638,"сыр",0
389291,3638,"расстановка",0
389292,3638,"темп",0
393631,3644,"лёгкие",0
393632,3644,"википедия",1
393633,3644,"семя",0
393634,3644,"молот",0
393635,3644,"коммунизм",0
393636,3644,"мара",0
403453,3899,"погодный",0
403454,3899,"решающий",1
403455,3899,"коричневый",0
403456,3899,"ранимый",0
403457,3899,"автоматический",0
403458,3899,"осмотрительный",0
384415,3900,"встроенный",0
384416,3900,"привлекательный",0
384417,3900,"тропический",0
384418,3900,"художественный",0
384419,3900,"психологический",0
384420,3900,"альтернативный",1
433969,3901,"анонимный",1
433970,3901,"кислый",0
433971,3901,"любезный",0
433972,3901,"невидимый",0
433973,3901,"медленно",0
433974,3901,"электрический",0
417355,3902,"ночной",0
417356,3902,"автоматический",1
417357,3902,"анонимный",0
417358,3902,"коричневый",0
417359,3902,"законный",0
417360,3902,"ранимый",0
384433,3903,"солёный",0
384434,3903,"законный",0
384435,3903,"единичный",0
384436,3903,"брутальный",1
384437,3903,"божественный",0
384438,3903,"искусственный",0
433975,3904,"осмотрительный",0
433976,3904,"волшебный",0
433977,3904,"привлекательный",0
433978,3904,"коричневый",1
433979,3904,"законный",0
433980,3904,"далёкий",0
403471,3905,"рациональный",0
403472,3905,"осмотрительный",0
403473,3905,"погодный",1
403474,3905,"одиночный",0
403475,3905,"химический",0
403476,3905,"ранимый",0
433981,3906,"ночной",0
433982,3906,"параллельный",0
433983,3906,"удовлетворённый",0
433984,3906,"ранимый",1
433985,3906,"привлекательный",0
433986,3906,"волшебный",0
433987,3907,"параллельный",0
433988,3907,"прикладной",0
433989,3907,"законный",1
433990,3907,"ночной",0
433991,3907,"химический",0
433992,3907,"скрытый",0
433993,3908,"прикладной",0
433994,3908,"конкретный",0
433995,3908,"далёкий",0
433996,3908,"привлекательный",0
433997,3908,"химический",0
433998,3908,"осмотрительный",1
393049,3910,"осмотрительный",0
393050,3910,"химический",0
393051,3910,"семьдесят",1
393052,3910,"одиночный",0
393053,3910,"законный",0
393054,3910,"ранимый",0
417385,3911,"одиночный",1
417386,3911,"отставной",0
417387,3911,"законный",0
417388,3911,"осмотрительный",0
417389,3911,"ранимый",0
417390,3911,"химический",0
403531,3912,"неформальный",0
403532,3912,"рациональный",1
403533,3912,"приемлемый",0
403534,3912,"зоопарк",0
403535,3912,"основной",0
403536,3912,"переносной",0
434011,3913,"параллельный",0
434012,3913,"невидимый",0
434013,3913,"отставной",1
434014,3913,"искренний",0
434015,3913,"медленно",0
434016,3913,"честный",0
403609,3915,"худой",0
403610,3915,"мышечный",0
403611,3915,"неформальный",1
403612,3915,"зоопарк",0
403613,3915,"переносной",0
403614,3915,"ускоренный",0
434053,3916,"анонимный",0
434054,3916,"приемлемый",1
434055,3916,"коричневый",0
434056,3916,"божественный",0
434057,3916,"честный",0
434058,3916,"невидимый",0
393697,3918,"худой",0
393698,3918,"мышечный",0
393699,3918,"переносной",0
393700,3918,"зоопарк",0
393701,3918,"ускоренный",0
393702,3918,"девяносто",1
403675,3920,"нейтральный",0
403676,3920,"ускоренный",0
403677,3920,"твёрдый",0
403678,3920,"тёмный",0
403679,3920,"зоопарк",1
403680,3920,"престарелый",0
403849,3922,"твёрдый",0
403850,3922,"множественный",0
403851,3922,"тёмный",0
403852,3922,"мышечный",1
403853,3922,"престарелый",0
403854,3922,"нейтральный",0
434101,3924,"сербский",0
434102,3924,"нейтральный",0
434103,3924,"престарелый",0
434104,3924,"худой",0
434105,3924,"переносной",0
434106,3924,"ускоренный",1
434113,3925,"тонкий",0
434114,3925,"ускоренный",0
434115,3925,"символический",0
434116,3925,"твёрдый",1
434117,3925,"квалифицированный",0
434118,3925,"недостаточный",0
404011,3927,"тёмный",1
404012,3927,"подробный",0
404013,3927,"средиземноморский",0
404014,3927,"множественный",0
404015,3927,"тонкий",0
404016,3927,"сербский",0
434131,3931,"нейтральный",0
434132,3931,"сербский",0
434133,3931,"подробный",1
434134,3931,"кислый",0
434135,3931,"худой",0
434136,3931,"ускоренный",0
434137,3933,"символический",0
434138,3933,"кислый",0
434139,3933,"средиземноморский",1
434140,3933,"ускоренный",0
434141,3933,"автономный",0
434142,3933,"сербский",0
434167,3940,"тонкий",0
434168,3940,"инвалид",0
434169,3940,"кислый",1
434170,3940,"переносной",0
434171,3940,"нейтральный",0
434172,3940,"престарелый",0
434173,3941,"сербский",0
434174,3941,"переносной",0
434175,3941,"тонкий",0
434176,3941,"широкий",0
434177,3941,"худой",0
434178,3941,"инвалид",1
434191,3947,"широкий",1
434192,3947,"автономный",0
434193,3947,"ускоренный",0
434194,3947,"престарелый",0
434195,3947,"кислый",0
434196,3947,"худой",0
384655,3951,"верный",0
384656,3951,"летально",1
384657,3951,"тонкий",0
384658,3951,"худой",0
384659,3951,"тёмный",0
384660,3951,"нейтральный",0
434779,3958,"часто",1
434780,3958,"сегодня",0
434781,3958,"португальский",0
434782,3958,"красный",0
434783,3958,"раньше",0
434784,3958,"здесь",0
434785,3959,"редко",1
434786,3959,"никогда",0
434787,3959,"рано",0
434788,3959,"вероятно",0
434789,3959,"здесь",0
434790,3959,"главным образом",0
434803,3960,"французский",0
434804,3960,"немецкий",0
434805,3960,"к сожалению",0
434806,3960,"завтра",0
434807,3960,"обычно",1
434808,3960,"точно",0
434815,3961,"трудный",0
434816,3961,"обычно",1
434817,3961,"французский",0
434818,3961,"к сожалению",0
434819,3961,"близко",0
434820,3961,"часто",0
434827,3962,"редко",0
434828,3962,"всегда",0
434829,3962,"особенно",1
434830,3962,"французский",0
434831,3962,"почти",0
434832,3962,"существовать",0
434851,3963,"главным образом",1
434852,3963,"там",0
434853,3963,"только",0
434854,3963,"весёлый",0
434855,3963,"внутри",0
434856,3963,"быстро",0
434875,3964,"почти",0
434876,3964,"редко",0
434877,3964,"ясно",1
434878,3964,"часто",0
434879,3964,"красный",0
434880,3964,"существовать",0
434881,3965,"французский",0
434882,3965,"почти",0
434883,3965,"рано",0
434884,3965,"полностью",0
434885,3965,"очевидно",1
434886,3965,"главным образом",0
434887,3966,"счастливый",0
434888,3966,"раньше",0
434889,3966,"красный",0
434890,3966,"полностью",0
434891,3966,"вероятно",1
434892,3966,"всегда",0
434893,3967,"французский",0
434894,3967,"возможно",1
434895,3967,"красный",0
434896,3967,"плохой",0
434897,3967,"точно",0
434898,3967,"лучший",0
434899,3968,"рассказывать",0
434900,3968,"быстро",1
434901,3968,"особенно",0
434902,3968,"снова",0
434903,3968,"завтра",0
434904,3968,"целый",0
435097,3969,"быстро",0
435098,3969,"там",0
435099,3969,"медленно",1
435100,3969,"снаружи",0
435101,3969,"более",0
435102,3969,"действительно",0
435103,3970,"внутри",0
435104,3970,"далеко",0
435105,3970,"возможно",0
435106,3970,"завтра",0
435107,3970,"сегодня",0
435108,3970,"легко",1
435109,3971,"медленно",0
435110,3971,"едва ли",1
435111,3971,"тоже",0
435112,3971,"тем временем",0
435113,3971,"ничего",0
435114,3971,"никогда",0
390823,3972,"осторожно",1
390824,3972,"быстро",0
390825,3972,"медленно",0
390826,3972,"едва",0
390827,3972,"бесплатно",0
390828,3972,"легко",0
390961,3973,"действительно",0
390962,3973,"просто",0
390963,3973,"медленно",0
390964,3973,"частично",0
390965,3973,"серьёзно",1
390966,3973,"полностью",0
435115,3974,"особенно",0
435116,3974,"просто",1
435117,3974,"хуже",0
435118,3974,"в настоящее время",0
435119,3974,"главным образом",0
435120,3974,"близко",0
435121,3975,"особенно",0
435122,3975,"быстро",0
435123,3975,"очевидно",0
435124,3975,"почти",0
435125,3975,"мало",0
435126,3975,"действительно",1
435127,3976,"полностью",1
435128,3976,"более",0
435129,3976,"так",0
435130,3976,"там",0
435131,3976,"лишь",0
435132,3976,"плохо",0
435133,3977,"частично",1
435134,3977,"так",0
435135,3977,"точно",0
435136,3977,"раньше",0
435137,3977,"ничего",0
435138,3977,"часто",0
434905,3983,"рисовать",0
434906,3983,"производить",0
434907,3983,"приближать",0
434908,3983,"выдумывать",0
434909,3983,"быть должным",1
434910,3983,"слушать",0
400141,3984,"важный",0
400142,3984,"новый",0
400143,3984,"сделанный",0
400144,3984,"счастливый",0
400145,3984,"большой",0
400146,3984,"лучший",1
400921,3985,"военный",1
400922,3985,"неправильный",0
400923,3985,"свободный",0
400924,3985,"простой",0
400925,3985,"исконный",0
400926,3985,"гражданский",0
417457,3986,"зелёный",0
417458,3986,"неправильный",0
417459,3986,"политический",1
417460,3986,"гражданский",0
417461,3986,"белый",0
417462,3986,"простой",0
431269,3987,"важный",0
431270,3987,"старый",1
431271,3987,"большой",0
431272,3987,"зелёный",0
431273,3987,"новый",0
431274,3987,"молодой",0
401491,3988,"отлично",0
401492,3988,"холодный",0
401493,3988,"громадный",0
401494,3988,"торговый",1
401495,3988,"открытый",0
401496,3988,"независимый",0
431755,3989,"готовый",0
431756,3989,"чёрный",1
431757,3989,"розовый",0
431758,3989,"богатый",0
431759,3989,"маленький",0
431760,3989,"настоящий",0
431821,3990,"бедный",0
431822,3990,"громадный",0
431823,3990,"невозможный",0
431824,3990,"интересный",0
431825,3990,"технический",1
431826,3990,"сумасшедший",0
387745,3992,"моральный",1
387746,3992,"знаменитый",0
387747,3992,"традиционный",0
387748,3992,"удивительный",0
387749,3992,"сумасшедший",0
387750,3992,"электоральный",0
432307,3993,"громадный",0
432308,3993,"сумасшедший",0
432309,3993,"безупречный",0
432310,3993,"плохой",1
432311,3993,"синий",0
432312,3993,"целый",0
432505,3994,"глупый",1
432506,3994,"женский",0
432507,3994,"ужасный",0
432508,3994,"чистый",0
432509,3994,"огромный",0
432510,3994,"влиятельный",0
434791,3995,"рано",0
434792,3995,"быстро",0
434793,3995,"рассказывать",0
434794,3995,"никогда",0
434795,3995,"почти",0
434796,3995,"немецкий",1
384865,3996,"идеальный",0
384866,3996,"женатый",0
384867,3996,"оральный",0
384868,3996,"зрительный",0
384869,3996,"виртуальный",0
384870,3996,"итальянский",1
389335,3997,"жёлтый",0
389336,3997,"женатый",0
389337,3997,"приговорённый",0
389338,3997,"несомненный",0
389339,3997,"идеальный",1
389340,3997,"сложный",0
402715,3998,"влиятельный",0
402716,3998,"приговорённый",0
402717,3998,"сложный",0
402718,3998,"несомненный",1
402719,3998,"жёлтый",0
402720,3998,"женатый",0
433351,3999,"базовый",0
433352,3999,"океанский",0
433353,3999,"интенсивный",0
433354,3999,"дорогой",0
433355,3999,"женский",0
433356,3999,"приговорённый",1
402751,4000,"правильный",1
402752,4000,"коммунистический",0
402753,4000,"незаконный",0
402754,4000,"городской",0
402755,4000,"срочный",0
402756,4000,"блестящий",0
402769,4001,"коммунистический",1
402770,4001,"незаконный",0
402771,4001,"городской",0
402772,4001,"блестящий",0
402773,4001,"срочный",0
402774,4001,"правильный",0
402919,4003,"запрещённый",0
402920,4003,"видный",0
402921,4003,"нежный",0
402922,4003,"отрицательный",1
402923,4003,"научный",0
402924,4003,"безобразный",0
433753,4004,"волшебный",1
433754,4004,"психологический",0
433755,4004,"искренний",0
433756,4004,"божественный",0
433757,4004,"ранимый",0
433758,4004,"законный",0
433759,4005,"честный",0
433760,4005,"союзный",1
433761,4005,"скрытый",0
433762,4005,"изменяемый",0
433763,4005,"приемлемый",0
433764,4005,"солёный",0
403093,4006,"мозговой",0
403094,4006,"встроенный",0
403095,4006,"отсталый",0
403096,4006,"скрытый",0
403097,4006,"конкретный",0
403098,4006,"серый",1
433771,4007,"медленно",0
433772,4007,"единичный",0
433773,4007,"конкретный",1
433774,4007,"божественный",0
433775,4007,"ночной",0
433776,4007,"приемлемый",0
384931,4008,"еженедельный",0
384932,4008,"анальный",0
384933,4008,"мексиканский",1
384934,4008,"изменяемый",0
384935,4008,"решающий",0
384936,4008,"искусственный",0
433819,4009,"невидимый",0
433820,4009,"шумливый",1
433821,4009,"изменяемый",0
433822,4009,"наружный",0
433823,4009,"честный",0
433824,4009,"скрытый",0
403369,4011,"приличный",0
403370,4011,"похоронный",1
403371,4011,"привлекательный",0
403372,4011,"солёный",0
403373,4011,"единичный",0
403374,4011,"любезный",0
435031,4012,"богатый",0
435032,4012,"конечный",0
435033,4012,"единственный",1
435034,4012,"равный",0
435035,4012,"трудный",0
435036,4012,"русский",0
433963,4013,"ночной",1
433964,4013,"конкретный",0
433965,4013,"законный",0
433966,4013,"волшебный",0
433967,4013,"отставной",0
433968,4013,"союзный",0
434005,4014,"химический",1
434006,4014,"параллельный",0
434007,4014,"далёкий",0
434008,4014,"шумливый",0
434009,4014,"невидимый",0
434010,4014,"психологический",0
434017,4015,"отсталый",0
434018,4015,"изменяемый",1
434019,4015,"конкретный",0
434020,4015,"привлекательный",0
434021,4015,"волшебный",0
434022,4015,"логический",0
403639,4016,"основной",1
403640,4016,"мышечный",0
403641,4016,"ускоренный",0
403642,4016,"худой",0
403643,4016,"тёмный",0
403644,4016,"твёрдый",0
430801,4019,"сквозь",0
430802,4019,"возможно",0
430803,4019,"внутри",0
430804,4019,"сколько",0
430805,4019,"почти",0
430806,4019,"вместе",1
400435,4020,"сколько",0
400436,4020,"почти",0
400437,4020,"сквозь",0
400438,4020,"плохо",1
400439,4020,"назад",0
400440,4020,"там",0
401179,4021,"ниже",0
401180,4021,"внутри",0
401181,4021,"скоро",0
401182,4021,"выше",0
401183,4021,"снаружи",0
401184,4021,"хуже",1
404947,4229,"день",0
404948,4229,"мир",0
404949,4229,"жизнь",0
404950,4229,"дом",0
404951,4229,"ничто",0
404952,4229,"princípio",1
405061,4668,"день",0
405062,4668,"мир",0
405063,4668,"жизнь",0
405064,4668,"дом",0
405065,4668,"ничто",0
405066,4668,lucas,1
404899,5076,"день",0
404900,5076,"мир",0
404901,5076,"жизнь",0
404902,5076,"дом",0
404903,5076,"ничто",0
404904,5076,"rússia",1
404887,5436,"день",0
404888,5436,"мир",0
404889,5436,"жизнь",0
404890,5436,"дом",0
404891,5436,"ничто",0
404892,5436,"japão",1
404941,5441,"день",0
404942,5441,"мир",0
404943,5441,"жизнь",0
404944,5441,"дом",0
404945,5441,"ничто",0
404946,5441,"itália",1
404875,5697,"день",0
404876,5697,"мир",0
404877,5697,"жизнь",0
404878,5697,"дом",0
404879,5697,"ничто",0
404880,5697,espanha,1
404971,5722,"день",0
404972,5722,"мир",0
404973,5722,"жизнь",0
404974,5722,"дом",0
404975,5722,"ничто",0
404976,5722,gabriel,1
405067,6012,"окно",0
405068,6012,"день",0
405069,6012,"мир",0
405070,6012,"жизнь",0
405071,6012,"дом",0
405072,6012,peru,1
404959,6087,"день",0
404960,6087,"мир",0
404961,6087,"жизнь",0
404962,6087,"дом",0
404963,6087,"ничто",0
404964,6087,miguel,1
405013,6245,"день",0
405014,6245,"мир",0
405015,6245,"жизнь",0
405016,6245,"дом",0
405017,6245,"ничто",0
405018,6245,reis,1
404911,6474,"день",0
404912,6474,"мир",0
404913,6474,"жизнь",0
404914,6474,"дом",0
404915,6474,"ничто",0
404916,6474,reforma,1
405073,6926,"окно",0
405074,6926,"день",0
405075,6926,"мир",0
405076,6926,"жизнь",0
405077,6926,"дом",0
405078,6926,ares,1
404863,6966,"день",0
404864,6966,"мир",0
404865,6966,"жизнь",0
404866,6966,"дом",0
404867,6966,"ничто",0
404868,6966,"escócia",1
404851,7987,"день",0
404852,7987,"мир",0
404853,7987,"жизнь",0
404854,7987,"дом",0
404855,7987,"ничто",0
404856,7987,einstein,1
404869,8757,"день",0
404870,8757,"мир",0
404871,8757,"жизнь",0
404872,8757,"дом",0
404873,8757,"ничто",0
404874,8757,"александр",1
404857,8903,"день",0
404858,8903,"мир",0
404859,8903,"жизнь",0
404860,8903,"дом",0
404861,8903,"ничто",0
404862,8903,"кардинал",1
404893,8963,"день",0
404894,8963,"мир",0
404895,8963,"жизнь",0
404896,8963,"дом",0
404897,8963,"ничто",0
404898,8963,"реклама",1
405007,8972,"день",0
405008,8972,"мир",0
405009,8972,"жизнь",0
405010,8972,"дом",0
405011,8972,"ничто",0
405012,8972,"коммунист",1
405031,9106,"день",0
405032,9106,"мир",0
405033,9106,"жизнь",0
405034,9106,"дом",0
405035,9106,"ничто",0
405036,9106,"илия́",1
434107,9151,"предпочесть",0
434108,9151,"прогрессировать",1
434109,9151,"запретить",0
434110,9151,"слушаться",0
434111,9151,"настаивать",0
434112,9151,"нанимать",0
404989,9285,"день",0
404990,9285,"мир",0
404991,9285,"жизнь",0
404992,9285,"дом",0
404993,9285,"ничто",0
404994,9285,"идеал",1
404815,9299,"сти́мул",1
404816,9299,"день",0
404817,9299,"благо",0
404818,9299,"мир",0
404819,9299,"час",0
404820,9299,"жизнь",0
417607,9316,"масло",0
417608,9316,"озеро",0
417609,9316,"устано́вка",1
417610,9316,"вид",0
417611,9316,"гость",0
417612,9316,"венесуэла",0
434971,9328,"производить",0
434972,9328,"выдумывать",1
434973,9328,"одевать",0
434974,9328,"говорить",0
434975,9328,"приближать",0
434976,9328,"быть должным",0
405037,9357,"день",0
405038,9357,"мир",0
405039,9357,"жизнь",0
405040,9357,"дом",0
405041,9357,"ничто",0
405042,9357,"иу́да",1
404833,9361,"юрисди́кция",1
404834,9361,"день",0
404835,9361,"благо",0
404836,9361,"мир",0
404837,9361,"час",0
404838,9361,"жизнь",0
404935,9483,"день",0
404936,9483,"мир",0
404937,9483,"жизнь",0
404938,9483,"дом",0
404939,9483,"ничто",0
404940,9483,"мораль",1
404881,9524,"день",0
404882,9524,"мир",0
404883,9524,"жизнь",0
404884,9524,"дом",0
404885,9524,"ничто",0
404886,9524,"кни́га чи́сел",1
404995,9613,"день",0
404996,9613,"мир",0
404997,9613,"жизнь",0
404998,9613,"дом",0
404999,9613,"ничто",0
405000,9613,"позитив",1
417643,9674,"юность",0
417644,9674,"новелла",0
417645,9674,"флаг",0
417646,9674,"рафаил",1
417647,9674,"рука",0
417648,9674,"стипендия",0
405079,9791,"окно",0
405080,9791,"день",0
405081,9791,"мир",0
405082,9791,"жизнь",0
405083,9791,"дом",0
405084,9791,"cерб",1
404773,9841,"тренирова́ться",1
404774,9841,"активизировать",0
404775,9841,"бегать",0
404776,9841,"болеть",0
404777,9841,"бросить",0
404778,9841,"будить",0
431923,9944,"богатый",0
431924,9944,"арестованный",0
431925,9944,"розовый",1
431926,9944,"готовый",0
431927,9944,"исторический",0
431928,9944,"громадный",0
433609,9957,"интенсивный",0
433610,9957,"океанский",1
433611,9957,"безобразный",0
433612,9957,"верный",0
433613,9957,"усталый",0
433614,9957,"влиятельный",0
433831,9967,"параллельный",0
433832,9967,"союзный",0
433833,9967,"кислый",1
433834,9967,"коричневый",0
433835,9967,"скрытый",0
433836,9967,"осмотрительный",0
432205,9995,"делать",0
432206,9995,"нанимать",0
432207,9995,"переживать",0
432208,9995,"отбиваться",0
432209,9995,"иметь",1
432210,9995,"смеяться",0
432217,9996,"хотеть",0
432218,9996,"выходить",0
432219,9996,"иметь",0
432220,9996,"забыть",0
432221,9996,"сохранять",0
432222,9996,"делать",1
405097,9997,"давать",1
405098,9997,"петь",0
405099,9997,"достичь",0
405100,9997,"писать",0
405101,9997,"любить",0
405102,9997,"мешать",0
432679,9998,"удовлетворить",0
432680,9998,"обижать",0
432681,9998,"сказать",1
432682,9998,"знать",0
432683,9998,"увлечь",0
432684,9998,"есть",0
432709,9999,"обижать",0
432710,9999,"сказать",0
432711,9999,"понять",0
432712,9999,"бегать",0
432713,9999,"знать",1
432714,9999,"дубить",0
405115,10000,"возвращаться",1
405116,10000,"бывать",0
405117,10000,"кормить",0
405118,10000,"ломаться",0
405119,10000,"собрать",0
405120,10000,"записать",0
405121,10001,"входить",1
405122,10001,"бывать",0
405123,10001,"ломаться",0
405124,10001,"кормить",0
405125,10001,"записать",0
405126,10001,"собрать",0
405127,10002,"менять",1
405128,10002,"отдыхать",0
405129,10002,"принимать",0
405130,10002,"успеть",0
405131,10002,"стрелять",0
405132,10002,"переводить",0
405133,10003,"жениться",1
405134,10003,"регулировать",0
405135,10003,"грузить",0
405136,10003,"воровать",0
405137,10003,"спрятать",0
405138,10003,"следить",0
405139,10004,"просыпаться",1
405140,10004,"кричать",0
405141,10004,"расследовать",0
405142,10004,"следить",0
405143,10004,"выбирать",0
405144,10004,"делить",0
433603,10005,"следовать",0
433604,10005,"смеяться",1
433605,10005,"взрываться",0
433606,10005,"знать",0
433607,10005,"слушаться",0
433608,10005,"пить",0
432013,10006,"быстро",0
432014,10006,"очень",1
432015,10006,"поэтому",0
432016,10006,"однако",0
432017,10006,"снаружи",0
432018,10006,"наконец",0
435073,10007,"обычно",0
435074,10007,"тоже",1
435075,10007,"часто",0
435076,10007,"просто",0
435077,10007,"далеко",0
435078,10007,"легко",0
405163,10008,"тогда",1
405164,10008,"быстро",0
405165,10008,"часто",0
405166,10008,"редко",0
405167,10008,"наконец",0
405168,10008,"обычно",0
405169,10009,"не",1
405170,10009,"быстро",0
405171,10009,"часто",0
405172,10009,"редко",0
405173,10009,"наконец",0
405174,10009,"обычно",0
432547,10010,"достаточно",0
432548,10010,"внутри",0
432549,10010,"быстро",0
432550,10010,"поэтому",0
432551,10010,"довольно",0
432552,10010,"меньше",1
435085,10011,"мало",1
435086,10011,"обычно",0
435087,10011,"более",0
435088,10011,"часто",0
435089,10011,"тем временем",0
435090,10011,"раньше",0
417733,10012,"мало",0
417734,10012,"меньше",0
417735,10012,"достаточно",0
417736,10012,"там",1
417737,10012,"поэтому",0
417738,10012,"довольно",0
432739,10013,"достаточно",0
432740,10013,"поэтому",0
432741,10013,"быстро",0
432742,10013,"довольно",1
432743,10013,"прежде",0
432744,10013,"меньше",0
405199,10014,"так сильно",1
405200,10014,"обычно",0
405201,10014,"редко",0
405202,10014,"рано",0
405203,10014,"часто",0
405204,10014,"быстро",0
405205,10015,"так",1
405206,10015,"обычно",0
405207,10015,"редко",0
405208,10015,"рано",0
405209,10015,"часто",0
405210,10015,"быстро",0
433021,10016,"достаточно",1
433022,10016,"возможно",0
433023,10016,"поэтому",0
433024,10016,"меньше",0
433025,10016,"довольно",0
433026,10016,"быстро",0
434833,10017,"снова",1
434834,10017,"немецкий",0
434835,10017,"говорить",0
434836,10017,"французский",0
434837,10017,"очевидно",0
434838,10017,"вероятно",0
434845,10018,"немецкий",0
434846,10018,"в настоящее время",1
434847,10018,"только",0
434848,10018,"снаружи",0
434849,10018,"лучший",0
434850,10018,"полностью",0
434857,10019,"португальский",0
434858,10019,"хорошо",0
434859,10019,"говорить",0
434860,10019,"точно",1
434861,10019,"там",0
434862,10019,"трудный",0
434863,10020,"говорить",0
434864,10020,"редко",0
434865,10020,"в настоящее время",0
434866,10020,"никогда",0
434867,10020,"полностью",1
434868,10020,"почти",0
435091,10021,"действительно",0
435092,10021,"завтра",0
435093,10021,"тем временем",1
435094,10021,"так",0
435095,10021,"полностью",0
435096,10021,"когда-то",0
434869,10022,"к сожалению",1
434870,10022,"возможно",0
434871,10022,"плохой",0
434872,10022,"вчера",0
434873,10022,"готовый",0
434874,10022,"вероятно",0
433315,10023,"довольно",0
433316,10023,"однако",1
433317,10023,"сколько",0
433318,10023,"быстро",0
433319,10023,"сквозь",0
433320,10023,"прочь",0
435067,10024,"тем временем",0
435068,10024,"вчера",0
435069,10024,"так",0
435070,10024,"раньше",0
435071,10024,"более",1
435072,10024,"ниже",0
435079,10025,"к сожалению",0
435080,10025,"сегодня",0
435081,10025,"снаружи",0
435082,10025,"легко",0
435083,10025,"ничего",1
435084,10025,"ещё",0
434839,10026,"наконец",1
434840,10026,"главным образом",0
434841,10026,"обычно",0
434842,10026,"ещё",0
434843,10026,"полностью",0
434844,10026,"весёлый",0
433177,10027,"поэтому",1
433178,10027,"наконец",0
433179,10027,"довольно",0
433180,10027,"достаточно",0
433181,10027,"меньше",0
433182,10027,"быстро",0
433189,10028,"меньше",0
433190,10028,"близко",0
433191,10028,"быстро",1
433192,10028,"поэтому",0
433193,10028,"достаточно",0
433194,10028,"довольно",0
432391,10029,"единственный",0
432392,10029,"ясный",0
432393,10029,"хороший",1
432394,10029,"возможный",0
432395,10029,"точный",0
432396,10029,"правый",0
432409,10030,"точный",0
432410,10030,"ясный",0
432411,10030,"другой",0
432412,10030,"хороший",0
432413,10030,"весь",1
432414,10030,"единственный",0
405301,10031,"больший",1
405302,10031,"весь",0
405303,10031,"второй",0
405304,10031,"новый",0
405305,10031,"единственный",0
405306,10031,"необходимый",0
405307,10032,"первый",1
405308,10032,"весь",0
405309,10032,"второй",0
405310,10032,"новый",0
405311,10032,"единственный",0
405312,10032,"необходимый",0
405313,10033,"второй",1
405314,10033,"весь",0
405315,10033,"новый",0
405316,10033,"единственный",0
405317,10033,"необходимый",0
405318,10033,"важный",0
405319,10034,"национальный",1
405320,10034,"весь",0
405321,10034,"второй",0
405322,10034,"новый",0
405323,10034,"единственный",0
405324,10034,"необходимый",0
435001,10035,"французский",0
435002,10035,"горячий",0
435003,10035,"общий",0
435004,10035,"конечный",1
435005,10035,"богатый",0
435006,10035,"умный",0
432781,10036,"правый",0
432782,10036,"весь",0
432783,10036,"близкий",0
432784,10036,"возможный",0
432785,10036,"другой",0
432786,10036,"точный",1
432793,10037,"правый",1
432794,10037,"единственный",0
432795,10037,"хороший",0
432796,10037,"весь",0
432797,10037,"возможный",0
432798,10037,"точный",0
435007,10038,"плохой",0
435008,10038,"счастливый",0
435009,10038,"бедный",0
435010,10038,"русский",0
435011,10038,"богатый",0
435012,10038,"общий",1
432937,10039,"возможный",0
432938,10039,"ясный",1
432939,10039,"другой",0
432940,10039,"хороший",0
432941,10039,"правый",0
432942,10039,"точный",0
432943,10040,"правый",0
432944,10040,"возможный",1
432945,10040,"ясный",0
432946,10040,"хороший",0
432947,10040,"единственный",0
432948,10040,"другой",0
435013,10041,"целый",0
435014,10041,"главный",1
435015,10041,"лучший",0
435016,10041,"странный",0
435017,10041,"готовый",0
435018,10041,"богатый",0
432997,10042,"единственный",1
432998,10042,"хороший",0
432999,10042,"правый",0
433000,10042,"ясный",0
433001,10042,"точный",0
433002,10042,"другой",0
433009,10043,"возможный",0
433010,10043,"весь",0
433011,10043,"хороший",0
433012,10043,"единственный",0
433013,10043,"близкий",0
433014,10043,"другой",1
405379,10044,"полный",1
405380,10044,"весь",0
405381,10044,"второй",0
405382,10044,"новый",0
405383,10044,"единственный",0
405384,10044,"необходимый",0
433045,10045,"точный",0
433046,10045,"возможный",0
433047,10045,"близкий",1
433048,10045,"хороший",0
433049,10045,"ясный",0
433050,10045,"другой",0
433255,10046,"дорогой",0
433256,10046,"встроенный",0
433257,10046,"целый",0
433258,10046,"видный",0
433259,10046,"способный",1
433260,10046,"удовлетворённый",0
435019,10047,"немецкий",0
435020,10047,"равный",1
435021,10047,"весёлый",0
435022,10047,"готовый",0
435023,10047,"богатый",0
435024,10047,"главный",0
405403,10048,"прибывать",1
405404,10048,"приходить",0
405405,10048,"уходить",0
405406,10048,"возвращаться",0
405407,10048,"входить",0
405408,10048,"выходить",0
405409,10049,"класть",1
405410,10049,"брать",0
405411,10049,"создавать",0
405412,10049,"получать",0
405413,10049,"входить",0
405414,10049,"выходить",0
433099,10050,"делить",0
433100,10050,"идти",0
433101,10050,"мочь",0
433102,10050,"получать",1
433103,10050,"сохранять",0
433104,10050,"выходить",0
405421,10051,"создавать",1
405422,10051,"получать",0
405423,10051,"брать",0
405424,10051,"смотреть",0
405425,10051,"управлять",0
405426,10051,"приходить",0
405427,10052,"уходить",1
405428,10052,"возвращаться",0
405429,10052,"проходить",0
405430,10052,"прибывать",0
405431,10052,"входить",0
405432,10052,"выходить",0
405433,10053,"быть",1
405434,10053,"казаться",0
405435,10053,"оставаться",0
405436,10053,"видеть",0
405437,10053,"чувствовать",0
405438,10053,"находиться",0
405439,10054,"управлять",1
405440,10054,"бороться",0
405441,10054,"создавать",0
405442,10054,"держать",0
405443,10054,"смеяться",0
405444,10054,"смотреть",0
405445,10055,"иметься",1
405446,10055,"быть",0
405447,10055,"существовать",0
405448,10055,"находиться",0
405449,10055,"оставаться",0
405450,10055,"казаться",0
432583,10056,"приходить",0
432584,10056,"идти",1
432585,10056,"получать",0
432586,10056,"сохранять",0
432587,10056,"мочь",0
432588,10056,"выходить",0
405457,10057,"брать",1
405458,10057,"класть",0
405459,10057,"держать",0
405460,10057,"получать",0
405461,10057,"сохранять",0
405462,10057,"приносить",0
433075,10058,"приходить",0
433076,10058,"делить",0
433077,10058,"выходить",0
433078,10058,"идти",0
433079,10058,"мочь",0
433080,10058,"сохранять",1
405469,10059,"бороться",1
405470,10059,"управлять",0
405471,10059,"смеяться",0
405472,10059,"просыпаться",0
405473,10059,"жениться",0
405474,10059,"смотреть",0
405475,10060,"смотреть",1
405476,10060,"видеть",0
405477,10060,"чувствовать",0
405478,10060,"замечать",0
405479,10060,"искать",0
405480,10060,"оставаться",0
432847,10061,"идти",0
432848,10061,"сохранять",0
432849,10061,"делить",1
432850,10061,"выходить",0
432851,10061,"приходить",0
432852,10061,"мочь",0
405487,10062,"проходить",1
405488,10062,"входить",0
405489,10062,"возвращаться",0
405490,10062,"приходить",0
405491,10062,"оставаться",0
405492,10062,"собирать",0
432787,10063,"приходить",0
432788,10063,"сохранять",0
432789,10063,"идти",0
432790,10063,"делить",0
432791,10063,"выходить",0
432792,10063,"мочь",1
432835,10064,"сохранять",0
432836,10064,"мочь",0
432837,10064,"делить",0
432838,10064,"приходить",0
432839,10064,"выходить",1
432840,10064,"идти",0
405505,10065,"брать",1
405506,10065,"класть",0
405507,10065,"получать",0
405508,10065,"сохранять",0
405509,10065,"входить",0
405510,10065,"выходить",0
433195,10066,"делить",0
433196,10066,"сохранять",0
433197,10066,"приходить",1
433198,10066,"получать",0
433199,10066,"мочь",0
433200,10066,"выходить",0
417871,10067,"там",1
417872,10067,"тоже",0
417873,10067,"прочь",0
417874,10067,"довольно",0
417875,10067,"мало",0
417876,10067,"так",0
432859,10068,"быстро",0
432860,10068,"наконец",0
432861,10068,"прочь",1
432862,10068,"скоро",0
432863,10068,"возможно",0
432864,10068,"сколько",0
417883,10069,"быстро",0
417884,10069,"тоже",1
417885,10069,"так",0
417886,10069,"однако",0
417887,10069,"прочь",0
417888,10069,"там",0
417889,10070,"быстро",0
417890,10070,"меньше",0
417891,10070,"тоже",0
417892,10070,"так",1
417893,10070,"там",0
417894,10070,"прочь",0
405541,10071,"играть",1
405542,10071,"смеяться",0
405543,10071,"смотреть",0
405544,10071,"создавать",0
405545,10071,"получать",0
405546,10071,"бороться",0
405553,10073,"то же самое",1
405554,10073,"вещь",0
405555,10073,"часть",0
405556,10073,"раз",0
405557,10073,"уровень",0
405558,10073,"время",0
405565,10075,"настоящее время",1
405566,10075,"раз",0
405567,10075,"день",0
405568,10075,"год",0
405569,10075,"ночь",0
405570,10075,"время",0
417949,10083,"лицо",0
417950,10083,"история",1
417951,10083,"середина",0
417952,10083,"новость",0
417953,10083,"случай",0
417954,10083,"группа",0
405667,10092,"значение",1
405668,10092,"уровень",0
405669,10092,"цена",0
405670,10092,"деньги",0
405671,10092,"результат",0
405672,10092,"система",0
405685,10095,"плюс",1
405686,10095,"часть",0
405687,10095,"форма",0
405688,10095,"случай",0
405689,10095,"вопрос",0
405690,10095,"ответ",0
405697,10097,"здоровый человек",1
405698,10097,"часть",0
405699,10097,"форма",0
405700,10097,"случай",0
405701,10097,"вопрос",0
405702,10097,"ответ",0
405709,10099,"двойка",1
405710,10099,"часть",0
405711,10099,"форма",0
405712,10099,"случай",0
405713,10099,"вопрос",0
405714,10099,"ответ",0
405733,10103,"первый",1
405734,10103,"часть",0
405735,10103,"форма",0
405736,10103,"случай",0
405737,10103,"вопрос",0
405738,10103,"ответ",0
405751,10106,"говор",1
405752,10106,"часть",0
405753,10106,"форма",0
405754,10106,"случай",0
405755,10106,"вопрос",0
405756,10106,"ответ",0
405757,10107,"стригущий лишай",1
405758,10107,"часть",0
405759,10107,"форма",0
405760,10107,"случай",0
405761,10107,"вопрос",0
405762,10107,"ответ",0
405763,10108,"хорошая новость",1
405764,10108,"часть",0
405765,10108,"форма",0
405766,10108,"случай",0
405767,10108,"вопрос",0
405768,10108,"ответ",0
405769,10109,"тройка",1
405770,10109,"часть",0
405771,10109,"форма",0
405772,10109,"случай",0
405773,10109,"вопрос",0
405774,10109,"ответ",0
405811,10116,"конец",1
405812,10116,"часть",0
405813,10116,"форма",0
405814,10116,"случай",0
405815,10116,"вопрос",0
405816,10116,"ответ",0
405859,10124,"место",1
405860,10124,"часть",0
405861,10124,"форма",0
405862,10124,"случай",0
405863,10124,"вопрос",0
405864,10124,"ответ",0
418135,10125,"день",0
418136,10125,"право",0
418137,10125,"публика",1
418138,10125,"поступок",0
418139,10125,"центр",0
418140,10125,"логотип",0
405925,10135,"пятёрка",1
405926,10135,"часть",0
405927,10135,"форма",0
405928,10135,"случай",0
405929,10135,"вопрос",0
405930,10135,"ответ",0
418207,10138,"сила",0
418208,10138,"внимание",1
418209,10138,"вкус",0
418210,10138,"просвет",0
418211,10138,"начало",0
418212,10138,"страх",0
405979,10144,"четвёрка",1
405980,10144,"часть",0
405981,10144,"форма",0
405982,10144,"случай",0
405983,10144,"вопрос",0
405984,10144,"ответ",0
418243,10145,"сила",0
418244,10145,"большинство",1
418245,10145,"сигнал",0
418246,10145,"дети",0
418247,10145,"костюм",0
418248,10145,"изюм",0
418255,10147,"дети",0
418256,10147,"сердце",1
418257,10147,"костюм",0
418258,10147,"поддержка",0
418259,10147,"доступ",0
418260,10147,"пространство",0
406003,10148,"список",1
406004,10148,"часть",0
406005,10148,"форма",0
406006,10148,"случай",0
406007,10148,"вопрос",0
406008,10148,"ответ",0
406021,10151,"возраст",1
406022,10151,"часть",0
406023,10151,"форма",0
406024,10151,"случай",0
406025,10151,"вопрос",0
406026,10151,"ответ",0
406051,10156,"церковь",1
406052,10156,"часть",0
406053,10156,"форма",0
406054,10156,"случай",0
406055,10156,"вопрос",0
406056,10156,"ответ",0
406057,10157,"позиция",1
406058,10157,"часть",0
406059,10157,"форма",0
406060,10157,"случай",0
406061,10157,"вопрос",0
406062,10157,"ответ",0
406081,10161,"причина",1
406082,10161,"часть",0
406083,10161,"форма",0
406084,10161,"случай",0
406085,10161,"вопрос",0
406086,10161,"ответ",0
406087,10162,"суд",1
406088,10162,"часть",0
406089,10162,"форма",0
406090,10162,"случай",0
406091,10162,"вопрос",0
406092,10162,"ответ",0
406099,10164,"возможность",1
406100,10164,"часть",0
406101,10164,"форма",0
406102,10164,"случай",0
406103,10164,"вопрос",0
406104,10164,"ответ",0
418345,10169,"разница",1
418346,10169,"стиль",0
418347,10169,"лидер",0
418348,10169,"остаток",0
418349,10169,"человек",0
418350,10169,"визит",0
418375,10174,"красивая",0
418376,10174,"стиль",0
418377,10174,"остаток",0
418378,10174,"лидер",0
418379,10174,"разница",0
418380,10174,"знание",1
406165,10175,"разум",1
406166,10175,"часть",0
406167,10175,"форма",0
406168,10175,"случай",0
406169,10175,"вопрос",0
406170,10175,"ответ",0
418387,10177,"интерес",0
418388,10177,"достаточно",0
418389,10177,"мыс",0
418390,10177,"отдел",1
418391,10177,"винодельня",0
418392,10177,"умерший",0
406207,10182,"шестёрка",1
406208,10182,"часть",0
406209,10182,"форма",0
406210,10182,"случай",0
406211,10182,"вопрос",0
406212,10182,"ответ",0
406249,10189,"факультет",1
406250,10189,"часть",0
406251,10189,"форма",0
406252,10189,"случай",0
406253,10189,"вопрос",0
406254,10189,"ответ",0
418471,10193,"разрез",0
418472,10193,"след",0
418473,10193,"половина",0
418474,10193,"природа",0
418475,10193,"португалка",0
418476,10193,"зрение",1
406297,10197,"офицер",1
406298,10197,"часть",0
406299,10197,"форма",0
406300,10197,"случай",0
406301,10197,"вопрос",0
406302,10197,"ответ",0
406303,10198,"достаточное количество",1
406304,10198,"часть",0
406305,10198,"форма",0
406306,10198,"случай",0
406307,10198,"вопрос",0
406308,10198,"ответ",0
406315,10200,"ситуация",1
406316,10200,"часть",0
406317,10200,"форма",0
406318,10200,"случай",0
406319,10200,"вопрос",0
406320,10200,"ответ",0
406333,10203,"сумма",1
406334,10203,"часть",0
406335,10203,"форма",0
406336,10203,"случай",0
406337,10203,"вопрос",0
406338,10203,"ответ",0
418531,10207,"режим",0
418532,10207,"верх",0
418533,10207,"крона",0
418534,10207,"движение",1
418535,10207,"линия",0
418536,10207,"настоящее",0
406381,10211,"взгляд",1
406382,10211,"часть",0
406383,10211,"форма",0
406384,10211,"случай",0
406385,10211,"вопрос",0
406386,10211,"ответ",0
406387,10212,"четверть",1
406388,10212,"часть",0
406389,10212,"форма",0
406390,10212,"случай",0
406391,10212,"вопрос",0
406392,10212,"ответ",0
406393,10213,"ткань дюрант",1
406394,10213,"часть",0
406395,10213,"форма",0
406396,10213,"случай",0
406397,10213,"вопрос",0
406398,10213,"ответ",0
406405,10215,"последняя новость",1
406406,10215,"часть",0
406407,10215,"форма",0
406408,10215,"случай",0
406409,10215,"вопрос",0
406410,10215,"ответ",0
406441,10221,"взгляд",1
406442,10221,"часть",0
406443,10221,"форма",0
406444,10221,"случай",0
406445,10221,"вопрос",0
406446,10221,"ответ",0
418591,10222,"вена",0
418592,10222,"участие",1
418593,10222,"гражданский",0
418594,10222,"маленький",0
418595,10222,"тема",0
418596,10222,"начальник",0
406453,10223,"оригинал",1
406454,10223,"часть",0
406455,10223,"форма",0
406456,10223,"случай",0
406457,10223,"вопрос",0
406458,10223,"ответ",0
406489,10229,"десять",1
406490,10229,"часть",0
406491,10229,"форма",0
406492,10229,"случай",0
406493,10229,"вопрос",0
406494,10229,"ответ",0
406525,10235,"гражданский",1
406526,10235,"часть",0
406527,10235,"форма",0
406528,10235,"случай",0
406529,10235,"вопрос",0
406530,10235,"ответ",0
418657,10236,"ответственный",0
418658,10236,"ожидание",0
418659,10236,"выписка",0
418660,10236,"интерес",0
418661,10236,"дно",0
418662,10236,"тюрьма",1
418699,10243,"код",0
418700,10243,"волна",1
418701,10243,"американец",0
418702,10243,"еда",0
418703,10243,"источник",0
418704,10243,"дно",0
406585,10245,"профессионал",1
406586,10245,"часть",0
406587,10245,"форма",0
406588,10245,"случай",0
406589,10245,"вопрос",0
406590,10245,"ответ",0
406603,10248,"интерьер",1
406604,10248,"часть",0
406605,10248,"форма",0
406606,10248,"случай",0
406607,10248,"вопрос",0
406608,10248,"ответ",0
406615,10250,"мобильник",1
406616,10250,"часть",0
406617,10250,"форма",0
406618,10250,"случай",0
406619,10250,"вопрос",0
406620,10250,"ответ",0
406645,10255,"ачар",1
406646,10255,"часть",0
406647,10255,"форма",0
406648,10255,"случай",0
406649,10255,"вопрос",0
406650,10255,"ответ",0
406657,10257,"святой",1
406658,10257,"часть",0
406659,10257,"форма",0
406660,10257,"случай",0
406661,10257,"вопрос",0
406662,10257,"ответ",0
406681,10261,"восемь",1
406682,10261,"часть",0
406683,10261,"форма",0
406684,10261,"случай",0
406685,10261,"вопрос",0
406686,10261,"ответ",0
406699,10264,"материал",1
406700,10264,"часть",0
406701,10264,"форма",0
406702,10264,"случай",0
406703,10264,"вопрос",0
406704,10264,"ответ",0
406729,10269,"этаж",1
406730,10269,"часть",0
406731,10269,"форма",0
406732,10269,"случай",0
406733,10269,"вопрос",0
406734,10269,"ответ",0
418819,10271,"синий",0
418820,10271,"право",0
418821,10271,"осторожность",0
418822,10271,"тропа",0
418823,10271,"история",1
418824,10271,"земля",0
406747,10272,"единица",1
406748,10272,"часть",0
406749,10272,"форма",0
406750,10272,"случай",0
406751,10272,"вопрос",0
406752,10272,"ответ",0
406777,10277,"знак равенства",1
406778,10277,"часть",0
406779,10277,"форма",0
406780,10277,"случай",0
406781,10277,"вопрос",0
406782,10277,"ответ",0
406789,10279,"собственность",1
406790,10279,"часть",0
406791,10279,"форма",0
406792,10279,"случай",0
406793,10279,"вопрос",0
406794,10279,"ответ",0
406795,10280,"третий",1
406796,10280,"часть",0
406797,10280,"форма",0
406798,10280,"случай",0
406799,10280,"вопрос",0
406800,10280,"ответ",0
406825,10285,"пост",1
406826,10285,"часть",0
406827,10285,"форма",0
406828,10285,"случай",0
406829,10285,"вопрос",0
406830,10285,"ответ",0
406837,10287,"ответственность",1
406838,10287,"часть",0
406839,10287,"форма",0
406840,10287,"случай",0
406841,10287,"вопрос",0
406842,10287,"ответ",0
406849,10289,"бреве",1
406850,10289,"часть",0
406851,10289,"форма",0
406852,10289,"случай",0
406853,10289,"вопрос",0
406854,10289,"ответ",0
418891,10290,"целое",0
418892,10290,"незнакомец",0
418893,10290,"расследование",1
418894,10290,"эффект",0
418895,10290,"размер",0
418896,10290,"новость",0
419035,10314,"авто",0
419036,10314,"желание",0
419037,10314,"холод",0
419038,10314,"связь",1
419039,10314,"команда",0
419040,10314,"выделение",0
407029,10319,"мэрия",1
407030,10319,"часть",0
407031,10319,"форма",0
407032,10319,"случай",0
407033,10319,"вопрос",0
407034,10319,"ответ",0
407035,10320,"человек",1
407036,10320,"часть",0
407037,10320,"форма",0
407038,10320,"случай",0
407039,10320,"вопрос",0
407040,10320,"ответ",0
407047,10322,"ура",1
407048,10322,"часть",0
407049,10322,"форма",0
407050,10322,"случай",0
407051,10322,"вопрос",0
407052,10322,"ответ",0
407089,10329,"нелье",1
407090,10329,"часть",0
407091,10329,"форма",0
407092,10329,"случай",0
407093,10329,"вопрос",0
407094,10329,"ответ",0
407095,10330,"священник",1
407096,10330,"часть",0
407097,10330,"форма",0
407098,10330,"случай",0
407099,10330,"вопрос",0
407100,10330,"ответ",0
407113,10333,"кредит",1
407114,10333,"часть",0
407115,10333,"форма",0
407116,10333,"случай",0
407117,10333,"вопрос",0
407118,10333,"ответ",0
407149,10339,"солнечное окно",1
407150,10339,"часть",0
407151,10339,"форма",0
407152,10339,"случай",0
407153,10339,"вопрос",0
407154,10339,"ответ",0
419155,10341,"гордость",0
419156,10341,"пословица",0
419157,10341,"доверие",1
419158,10341,"клик",0
419159,10341,"управление",0
419160,10341,"бег",0
407179,10344,"паулист",1
407180,10344,"часть",0
407181,10344,"форма",0
407182,10344,"случай",0
407183,10344,"вопрос",0
407184,10344,"ответ",0
407191,10346,"судебное разбирательство",1
407192,10346,"часть",0
407193,10346,"форма",0
407194,10346,"случай",0
407195,10346,"вопрос",0
407196,10346,"ответ",0
419215,10353,"ощущение",1
419216,10353,"карта",0
419217,10353,"факт",0
419218,10353,"команда",0
419219,10353,"наводнение",0
419220,10353,"парень",0
419239,10357,"программа",1
419240,10357,"убийство",0
419241,10357,"подруга",0
419242,10357,"собрание",0
419243,10357,"карта",0
419244,10357,"наводнение",0
419257,10360,"распространение",1
419258,10360,"дорогой",0
419259,10360,"миллион",0
419260,10360,"убийство",0
419261,10360,"собрание",0
419262,10360,"агент",0
407287,10362,"дорожка",1
407288,10362,"часть",0
407289,10362,"форма",0
407290,10362,"случай",0
407291,10362,"вопрос",0
407292,10362,"ответ",0
407305,10365,"чрезвычайная ситуация",1
407306,10365,"часть",0
407307,10365,"форма",0
407308,10365,"случай",0
407309,10365,"вопрос",0
407310,10365,"ответ",0
419287,10367,"болото",0
419288,10367,"цель",0
419289,10367,"владелец",0
419290,10367,"прикосновение",0
419291,10367,"дорогой",0
419292,10367,"президентство",1
419323,10373,"фаллос",0
419324,10373,"минута",0
419325,10373,"командир",0
419326,10373,"цель",0
419327,10373,"хобот",0
419328,10373,"тренировка",1
407359,10374,"сельское хозяйство",1
407360,10374,"часть",0
407361,10374,"форма",0
407362,10374,"случай",0
407363,10374,"вопрос",0
407364,10374,"ответ",0
407371,10376,"бар",1
407372,10376,"часть",0
407373,10376,"форма",0
407374,10376,"случай",0
407375,10376,"вопрос",0
407376,10376,"ответ",0
419341,10378,"законодательство",1
419342,10378,"возврат",0
419343,10378,"хобот",0
419344,10378,"угроза",0
419345,10378,"процент",0
419346,10378,"минута",0
407425,10385,"родственник",1
407426,10385,"часть",0
407427,10385,"форма",0
407428,10385,"случай",0
407429,10385,"вопрос",0
407430,10385,"ответ",0
419389,10387,"причина",0
419390,10387,"характер",0
419391,10387,"дорогая",0
419392,10387,"действие",1
419393,10387,"шутка",0
419394,10387,"ухо",0
407443,10388,"пение",1
407444,10388,"часть",0
407445,10388,"форма",0
407446,10388,"случай",0
407447,10388,"вопрос",0
407448,10388,"ответ",0
407455,10390,"оппозиция",1
407456,10390,"часть",0
407457,10390,"форма",0
407458,10390,"случай",0
407459,10390,"вопрос",0
407460,10390,"ответ",0
407467,10392,"язычник",1
407468,10392,"часть",0
407469,10392,"форма",0
407470,10392,"случай",0
407471,10392,"вопрос",0
407472,10392,"ответ",0
419449,10400,"больной",0
419450,10400,"пациент",0
419451,10400,"дизайн",0
419452,10400,"уменьшение",1
419453,10400,"этап",0
419454,10400,"объект",0
419455,10401,"форум",0
419456,10401,"дизайн",0
419457,10401,"секретариат",0
419458,10401,"путаница",1
419459,10401,"лекарство",0
419460,10401,"партнёр",0
419479,10405,"дизайн",0
419480,10405,"путаница",0
419481,10405,"партнёр",0
419482,10405,"лекарство",0
419483,10405,"форум",0
419484,10405,"секретариат",1
419485,10406,"путаница",0
419486,10406,"певица",0
419487,10406,"использование",0
419488,10406,"сумасшедшая",0
419489,10406,"раздел",0
419490,10406,"обновление",1
419503,10409,"путаница",0
419504,10409,"сумасшедшая",0
419505,10409,"певица",0
419506,10409,"использование",0
419507,10409,"раздел",1
419508,10409,"обновление",0
419509,10410,"певица",0
419510,10410,"обновление",0
419511,10410,"раздел",0
419512,10410,"использование",1
419513,10410,"путаница",0
419514,10410,"сумасшедшая",0
407629,10419,"разнообразие",1
407630,10419,"часть",0
407631,10419,"форма",0
407632,10419,"случай",0
407633,10419,"вопрос",0
407634,10419,"ответ",0
419575,10422,"исследование",1
419576,10422,"пропаганда",0
419577,10422,"шум",0
419578,10422,"шкаф",0
419579,10422,"комитет",0
419580,10422,"связь",0
407653,10423,"пенал",1
407654,10423,"часть",0
407655,10423,"форма",0
407656,10423,"случай",0
407657,10423,"вопрос",0
407658,10423,"ответ",0
419623,10431,"сотрудничество",0
419624,10431,"применение",1
419625,10431,"лайк",0
419626,10431,"генри",0
419627,10431,"коллега",0
419628,10431,"юбка",0
419629,10432,"юбка",0
419630,10432,"генри",0
419631,10432,"лайк",0
419632,10432,"коллега",0
419633,10432,"применение",0
419634,10432,"сотрудничество",1
407713,10433,"основатель",1
407714,10433,"часть",0
407715,10433,"форма",0
407716,10433,"случай",0
407717,10433,"вопрос",0
407718,10433,"ответ",0
407737,10437,"ночь без сна",1
407738,10437,"часть",0
407739,10437,"форма",0
407740,10437,"случай",0
407741,10437,"вопрос",0
407742,10437,"ответ",0
407767,10442,"ожидание",1
407768,10442,"часть",0
407769,10442,"форма",0
407770,10442,"случай",0
407771,10442,"вопрос",0
407772,10442,"ответ",0
419713,10449,"тур",0
419714,10449,"незнакомка",0
419715,10449,"церемония",0
419716,10449,"сравнение",1
419717,10449,"ассистент",0
419718,10449,"зоб",0
407815,10450,"документальный фильм",1
407816,10450,"часть",0
407817,10450,"форма",0
407818,10450,"случай",0
407819,10450,"вопрос",0
407820,10450,"ответ",0
407821,10451,"сущность",1
407822,10451,"часть",0
407823,10451,"форма",0
407824,10451,"случай",0
407825,10451,"вопрос",0
407826,10451,"ответ",0
407833,10453,"журналистика",1
407834,10453,"часть",0
407835,10453,"форма",0
407836,10453,"случай",0
407837,10453,"вопрос",0
407838,10453,"ответ",0
419731,10455,"финансирование",1
419732,10455,"сравнение",0
419733,10455,"церемония",0
419734,10455,"таблица",0
419735,10455,"сфера",0
419736,10455,"ассистент",0
407851,10456,"предостережение",1
407852,10456,"часть",0
407853,10456,"форма",0
407854,10456,"случай",0
407855,10456,"вопрос",0
407856,10456,"ответ",0
407863,10458,"внешний вид",1
407864,10458,"часть",0
407865,10458,"форма",0
407866,10458,"случай",0
407867,10458,"вопрос",0
407868,10458,"ответ",0
419755,10461,"финансирование",0
419756,10461,"нога",0
419757,10461,"введение",1
419758,10461,"таблица",0
419759,10461,"фламандец",0
419760,10461,"сфера",0
407887,10462,"дом",1
407888,10462,"часть",0
407889,10462,"форма",0
407890,10462,"случай",0
407891,10462,"вопрос",0
407892,10462,"ответ",0
407899,10464,"пробуждение",1
407900,10464,"часть",0
407901,10464,"форма",0
407902,10464,"случай",0
407903,10464,"вопрос",0
407904,10464,"ответ",0
419809,10472,"составной",0
419810,10472,"флуминенсе",0
419811,10472,"состав",0
419812,10472,"темнота",0
419813,10472,"мегабайт",0
419814,10472,"переход",1
407971,10476,"циркуляция",1
407972,10476,"часть",0
407973,10476,"форма",0
407974,10476,"случай",0
407975,10476,"вопрос",0
407976,10476,"ответ",0
407977,10477,"интерпретация",1
407978,10477,"часть",0
407979,10477,"форма",0
407980,10477,"случай",0
407981,10477,"вопрос",0
407982,10477,"ответ",0
407995,10480,"финансист",1
407996,10480,"часть",0
407997,10480,"форма",0
407998,10480,"случай",0
407999,10480,"вопрос",0
408000,10480,"ответ",0
419857,10483,"субтитры",0
419858,10483,"длительность",0
419859,10483,"полумесяц",0
419860,10483,"авторша",0
419861,10483,"функционирование",0
419862,10483,"последствие",1
419869,10485,"функционирование",0
419870,10485,"субтитры",0
419871,10485,"полумесяц",0
419872,10485,"последствие",0
419873,10485,"авторша",0
419874,10485,"длительность",1
419875,10486,"длительность",0
419876,10486,"полумесяц",0
419877,10486,"субтитры",0
419878,10486,"последствие",0
419879,10486,"авторша",0
419880,10486,"функционирование",1
408055,10490,"анимация",1
408056,10490,"часть",0
408057,10490,"форма",0
408058,10490,"случай",0
408059,10490,"вопрос",0
408060,10490,"ответ",0
419917,10494,"латиноамериканец",0
419918,10494,"питание",1
419919,10494,"случай",0
419920,10494,"выражение",0
419921,10494,"брат",0
419922,10494,"состав",0
419923,10495,"латиноамериканец",0
419924,10495,"питание",0
419925,10495,"выражение",0
419926,10495,"брат",0
419927,10495,"случай",0
419928,10495,"состав",1
408091,10496,"выпускной экзамен",1
408092,10496,"часть",0
408093,10496,"форма",0
408094,10496,"случай",0
408095,10496,"вопрос",0
408096,10496,"ответ",0
419935,10498,"питание",0
419936,10498,"выражение",1
419937,10498,"случай",0
419938,10498,"брат",0
419939,10498,"состав",0
419940,10498,"латиноамериканец",0
408127,10502,"владелец",1
408128,10502,"часть",0
408129,10502,"форма",0
408130,10502,"случай",0
408131,10502,"вопрос",0
408132,10502,"ответ",0
408139,10504,"коллектив",1
408140,10504,"часть",0
408141,10504,"форма",0
408142,10504,"случай",0
408143,10504,"вопрос",0
408144,10504,"ответ",0
408145,10505,"парламентарий",1
408146,10505,"часть",0
408147,10505,"форма",0
408148,10505,"случай",0
408149,10505,"вопрос",0
408150,10505,"ответ",0
419971,10507,"скачивание",0
419972,10507,"контроль",0
419973,10507,"авторство",1
419974,10507,"гражданство",0
419975,10507,"очевидное",0
419976,10507,"поза",0
408169,10509,"креативность",1
408170,10509,"часть",0
408171,10509,"форма",0
408172,10509,"случай",0
408173,10509,"вопрос",0
408174,10509,"ответ",0
408187,10512,"диссертация",1
408188,10512,"часть",0
408189,10512,"форма",0
408190,10512,"случай",0
408191,10512,"вопрос",0
408192,10512,"ответ",0
408199,10514,"лучший друг",1
408200,10514,"часть",0
408201,10514,"форма",0
408202,10514,"случай",0
408203,10514,"вопрос",0
408204,10514,"ответ",0
408205,10515,"конфронтация",1
408206,10515,"часть",0
408207,10515,"форма",0
408208,10515,"случай",0
408209,10515,"вопрос",0
408210,10515,"ответ",0
420001,10516,"сохранение",1
420002,10516,"планирование",0
420003,10516,"праздник",0
420004,10516,"учреждение",0
420005,10516,"явление",0
420006,10516,"плюс",0
420007,10517,"учреждение",1
420008,10517,"праздник",0
420009,10517,"явление",0
420010,10517,"планирование",0
420011,10517,"сохранение",0
420012,10517,"плюс",0
408235,10520,"нервный человек",1
408236,10520,"часть",0
408237,10520,"форма",0
408238,10520,"случай",0
408239,10520,"вопрос",0
408240,10520,"ответ",0
420025,10521,"явление",0
420026,10521,"плюс",0
420027,10521,"сохранение",0
420028,10521,"праздник",0
420029,10521,"планирование",1
420030,10521,"учреждение",0
420043,10524,"студент",1
420044,10524,"явление",0
420045,10524,"сохранение",0
420046,10524,"планирование",0
420047,10524,"учреждение",0
420048,10524,"праздник",0
408271,10526,"реализация",1
408272,10526,"часть",0
408273,10526,"форма",0
408274,10526,"случай",0
408275,10526,"вопрос",0
408276,10526,"ответ",0
420055,10527,"сохранение",0
420056,10527,"тропа",0
420057,10527,"указание",0
420058,10527,"основы",0
420059,10527,"включение",1
420060,10527,"размножение",0
420061,10528,"тропа",0
420062,10528,"включение",0
420063,10528,"сохранение",0
420064,10528,"указание",1
420065,10528,"основы",0
420066,10528,"размножение",0
420067,10529,"указание",0
420068,10529,"включение",0
420069,10529,"тропа",0
420070,10529,"размножение",1
420071,10529,"основы",0
420072,10529,"сохранение",0
420079,10531,"обслуживание",1
420080,10531,"основы",0
420081,10531,"кусок",0
420082,10531,"веселье",0
420083,10531,"атлет",0
420084,10531,"устав",0
408331,10536,"актив",1
408332,10536,"часть",0
408333,10536,"форма",0
408334,10536,"случай",0
408335,10536,"вопрос",0
408336,10536,"ответ",0
420121,10539,"веселье",0
420122,10539,"атлет",0
420123,10539,"верующий",0
420124,10539,"цель",0
420125,10539,"сохранение",1
420126,10539,"обслуживание",0
420139,10542,"струя",0
420140,10542,"член",0
420141,10542,"помощь",0
420142,10542,"чувак",0
420143,10542,"верующий",0
420144,10542,"донос",1
408373,10543,"интеграция",1
408374,10543,"часть",0
408375,10543,"форма",0
408376,10543,"случай",0
408377,10543,"вопрос",0
408378,10543,"ответ",0
408391,10546,"нарратив",1
408392,10546,"часть",0
408393,10546,"форма",0
408394,10546,"случай",0
408395,10546,"вопрос",0
408396,10546,"ответ",0
408409,10549,"стабильность",1
408410,10549,"часть",0
408411,10549,"форма",0
408412,10549,"случай",0
408413,10549,"вопрос",0
408414,10549,"ответ",0
408433,10553,"приложение",1
408434,10553,"часть",0
408435,10553,"форма",0
408436,10553,"случай",0
408437,10553,"вопрос",0
408438,10553,"ответ",0
420187,10554,"характеристика",1
420188,10554,"тэг",0
420189,10554,"сеть",0
420190,10554,"жучок",0
420191,10554,"приостановка",0
420192,10554,"кольцо",0
408451,10556,"боковая линия",1
408452,10556,"часть",0
408453,10556,"форма",0
408454,10556,"случай",0
408455,10556,"вопрос",0
408456,10556,"ответ",0
408457,10557,"устный",1
408458,10557,"часть",0
408459,10557,"форма",0
408460,10557,"случай",0
408461,10557,"вопрос",0
408462,10557,"ответ",0
420199,10558,"жучок",0
420200,10558,"тэг",0
420201,10558,"сеть",0
420202,10558,"характеристика",0
420203,10558,"кольцо",0
420204,10558,"приостановка",1
420217,10561,"характеристика",0
420218,10561,"угасание",0
420219,10561,"празднование",1
420220,10561,"партнёр",0
420221,10561,"христианка",0
420222,10561,"сеть",0
408493,10563,"редакция",1
408494,10563,"часть",0
408495,10563,"форма",0
408496,10563,"случай",0
408497,10563,"вопрос",0
408498,10563,"ответ",0
420229,10564,"христианка",0
420230,10564,"сеть",0
420231,10564,"празднование",0
420232,10564,"партнёр",0
420233,10564,"характеристика",0
420234,10564,"угасание",1
408511,10566,"советник",1
408512,10566,"часть",0
408513,10566,"форма",0
408514,10566,"случай",0
408515,10566,"вопрос",0
408516,10566,"ответ",0
420247,10568,"африканец",0
420248,10568,"партнёр",0
420249,10568,"рэп",0
420250,10568,"японка",0
420251,10568,"сингл",0
420252,10568,"уступка",1
408547,10572,"энергия",1
408548,10572,"часть",0
408549,10572,"форма",0
408550,10572,"случай",0
408551,10572,"вопрос",0
408552,10572,"ответ",0
420283,10575,"этап",0
420284,10575,"выставка",1
420285,10575,"спор",0
420286,10575,"изнасилование",0
420287,10575,"профилактика",0
420288,10575,"фрукт",0
408577,10577,"регистрация",1
408578,10577,"часть",0
408579,10577,"форма",0
408580,10577,"случай",0
408581,10577,"вопрос",0
408582,10577,"ответ",0
420301,10579,"профилактика",1
420302,10579,"изнасилование",0
420303,10579,"выставка",0
420304,10579,"этап",0
420305,10579,"фрукт",0
420306,10579,"спор",0
420331,10584,"празднование",1
420332,10584,"африканка",0
420333,10584,"группа",0
420334,10584,"закрытие",0
420335,10584,"устранение",0
420336,10584,"переписчик",0
420343,10586,"празднование",0
420344,10586,"группа",0
420345,10586,"переписчик",0
420346,10586,"закрытие",0
420347,10586,"африканка",0
420348,10586,"устранение",1
420349,10587,"переписчик",0
420350,10587,"закрытие",1
420351,10587,"устранение",0
420352,10587,"группа",0
420353,10587,"празднование",0
420354,10587,"африканка",0
408649,10589,"труба",0
408650,10589,"мотивация",0
408651,10589,"стригущий лишай",0
408652,10589,"психолог",0
408653,10589,"руда",0
408654,10589,"фермер",1
420385,10594,"существо",0
420386,10594,"раз",0
420387,10594,"волос",0
420388,10594,"всё",0
420389,10594,"размещение",1
420390,10594,"эра",0
408685,10595,"никарагуа",0
408686,10595,"гей",0
408687,10595,"авто",0
408688,10595,"компактный автомобиль",1
408689,10595,"инвестиции",0
408690,10595,"философ",0
408697,10597,"свинец",0
408698,10597,"анонс",0
408699,10597,"включение",0
408700,10597,"роза",0
408701,10597,"соглашение",0
408702,10597,"эмоциональная отстранённость",1
408709,10599,"престол",0
408710,10599,"зад",0
408711,10599,"фортепиано",0
408712,10599,"женатый",0
408713,10599,"стимуляция",1
408714,10599,"ассистент",0
408721,10601,"планета",0
408722,10601,"танк",0
408723,10601,"привилегия",0
408724,10601,"уменьшение",0
408725,10601,"наступление",1
408726,10601,"дом",0
420409,10602,"упущение",1
420410,10602,"всё",0
420411,10602,"эра",0
420412,10602,"существо",0
420413,10602,"раз",0
420414,10602,"волос",0
420415,10603,"всё",0
420416,10603,"владение",1
420417,10603,"волос",0
420418,10603,"раз",0
420419,10603,"существо",0
420420,10603,"эра",0
420421,10604,"эра",0
420422,10604,"раз",0
420423,10604,"всё",0
420424,10604,"разворот",1
420425,10604,"волос",0
420426,10604,"существо",0
408751,10606,"нанимать",0
408752,10606,"выпрямлять",1
408753,10606,"занимать",0
408754,10606,"видеть",0
408755,10606,"начать",0
408756,10606,"должен",0
408757,10607,"участвовать",1
408758,10607,"расследовать",0
408759,10607,"изобрета́ть",0
408760,10607,"найти",0
408761,10607,"взрываться",0
408762,10607,"пить",0
408763,10608,"думать",0
408764,10608,"читать",0
408765,10608,"достичь",0
408766,10608,"изобрета́ть",0
408767,10608,"приветствовать",1
408768,10608,"лететь",0
420439,10610,"волос",0
420440,10610,"раз",0
420441,10610,"эра",0
420442,10610,"существо",0
420443,10610,"повышение",1
420444,10610,"всё",0
420445,10611,"эра",0
420446,10611,"волос",0
420447,10611,"существо",0
420448,10611,"получатель",1
420449,10611,"раз",0
420450,10611,"всё",0
408793,10613,"македония",0
408794,10613,"ар",0
408795,10613,"носильщик",1
408796,10613,"гид",0
408797,10613,"разговор",0
408798,10613,"неприятие",0
420469,10616,"раз",0
420470,10616,"волос",0
420471,10616,"существо",0
420472,10616,"всё",0
420473,10616,"эксперимент",1
420474,10616,"эра",0
420475,10617,"всё",0
420476,10617,"снабжение",1
420477,10617,"эра",0
420478,10617,"волос",0
420479,10617,"существо",0
420480,10617,"раз",0
420487,10619,"эра",0
420488,10619,"волос",0
420489,10619,"правонарушение",1
420490,10619,"существо",0
420491,10619,"раз",0
420492,10619,"всё",0
408835,10620,"приём пищи",1
408836,10620,"рубашка",0
408837,10620,"бич",0
408838,10620,"факультет",0
408839,10620,"ректор",0
408840,10620,"призёр",0
420505,10623,"существо",0
420506,10623,"эра",0
420507,10623,"раз",0
420508,10623,"волос",0
420509,10623,"всё",0
420510,10623,"рабочий",1
408871,10626,"обижать",0
408872,10626,"жаждать",1
408873,10626,"делить",0
408874,10626,"выполнять",0
408875,10626,"настаивать",0
408876,10626,"покупать",0
408877,10627,"отличать",0
408878,10627,"работать",0
408879,10627,"ломаться",0
408880,10627,"занимать",0
408881,10627,"одобрительно отзываться",1
408882,10627,"оставаться",0
408913,10633,"дуб",0
408914,10633,"ветер",0
408915,10633,"готовый солдат",0
408916,10633,"причинитель",1
408917,10633,"выступление",0
408918,10633,"масштаб",0
408931,10636,"переворот",0
408932,10636,"кир",0
408933,10636,"масло",0
408934,10636,"куб",1
408935,10636,"газета",0
408936,10636,"ницца",0
408937,10637,"отправление",0
408938,10637,"хозяин",0
408939,10637,"рыба",0
408940,10637,"земледелие",1
408941,10637,"усыновление",0
408942,10637,"жалоба",0
420565,10638,"решительность",1
420566,10638,"всё",0
420567,10638,"существо",0
420568,10638,"волос",0
420569,10638,"эра",0
420570,10638,"раз",0
420571,10639,"банкротство",1
420572,10639,"всё",0
420573,10639,"эра",0
420574,10639,"волос",0
420575,10639,"раз",0
420576,10639,"существо",0
408985,10645,"быть признательным",1
408986,10645,"молчать",0
408987,10645,"охотиться",0
408988,10645,"слушать",0
408989,10645,"улучшать",0
408990,10645,"отдыхать",0
408991,10646,"сравнивать",0
408992,10646,"нравиться",0
408993,10646,"забыть",0
408994,10646,"дифференцировать",0
408995,10646,"курить",0
408996,10646,"обманывать",1
409003,10648,"молчать",0
409004,10648,"приспособить",0
409005,10648,"отбиваться",0
409006,10648,"подчёркивать",1
409007,10648,"сохранять",0
409008,10648,"знать",0
409009,10649,"расширить",0
409010,10649,"класть",0
409011,10649,"упускать из виду",1
409012,10649,"анализировать",0
409013,10649,"начать",0
409014,10649,"торопить",0
409015,10650,"обижать",0
409016,10650,"приходить",0
409017,10650,"сохранять",0
409018,10650,"строить схему",1
409019,10650,"слушаться",0
409020,10650,"ломаться",0
434203,10651,"ждать",0
434204,10651,"считать",1
434205,10651,"искать",0
434206,10651,"менять",0
434207,10651,"терять",0
434208,10651,"держать",0
434209,10652,"ловить",0
434210,10652,"оставлять",1
434211,10652,"искать",0
434212,10652,"забывать",0
434213,10652,"строить",0
434214,10652,"расти",0
434215,10653,"нести",1
434216,10653,"терять",0
434217,10653,"помнить",0
434218,10653,"сушить",0
434219,10653,"жарить",0
434220,10653,"рисовать",0
434221,10654,"платить",0
434222,10654,"просить",1
434223,10654,"бросать",0
434224,10654,"думать",0
434225,10654,"печь",0
434226,10654,"стирать",0
434227,10655,"думать",1
434228,10655,"расти",0
434229,10655,"ломать",0
434230,10655,"тонуть",0
434231,10655,"тащить",0
434232,10655,"входить",0
434233,10656,"терять",1
434234,10656,"нести",0
434235,10656,"спасать",0
434236,10656,"держать",0
434237,10656,"смеяться",0
434238,10656,"бежать",0
434239,10657,"плыть",0
434240,10657,"класть",1
434241,10657,"бояться",0
434242,10657,"тащить",0
434243,10657,"стирать",0
434244,10657,"чинить",0
434245,10658,"кричать",0
434246,10658,"платить",0
434247,10658,"получать",1
434248,10658,"проверять",0
434249,10658,"жарить",0
434250,10658,"летать",0
434251,10659,"стоять",0
434252,10659,"садиться",1
434253,10659,"мыть",0
434254,10659,"искать",0
434255,10659,"врать",0
434256,10659,"метать",0
434257,10660,"спать",0
434258,10660,"служить",1
434259,10660,"тащить",0
434260,10660,"входить",0
434261,10660,"прыгать",0
434262,10660,"ловить",0
434263,10661,"ловить",0
434264,10661,"жарить",0
434265,10661,"убирать",1
434266,10661,"мешать",0
434267,10661,"смеяться",0
434268,10661,"падать",0
434269,10662,"прыгать",0
434270,10662,"заканчивать",1
434271,10662,"молчать",0
434272,10662,"стирать",0
434273,10662,"спорить",0
434274,10662,"тащить",0
434275,10663,"помогать",1
434276,10663,"бояться",0
434277,10663,"рисовать",0
434278,10663,"терять",0
434279,10663,"жарить",0
434280,10663,"гореть",0
434281,10664,"врать",0
434282,10664,"учить",1
434283,10664,"мешать",0
434284,10664,"ловить",0
434285,10664,"тонуть",0
434286,10664,"сушить",0
434287,10665,"спасать",0
434288,10665,"звать",1
434289,10665,"искать",0
434290,10665,"тащить",0
434291,10665,"стирать",0
434292,10665,"расти",0
434293,10666,"начинать",1
434294,10666,"тонуть",0
434295,10666,"ломать",0
434296,10666,"служить",0
434297,10666,"кричать",0
434298,10666,"гореть",0
434299,10667,"проверять",0
434300,10667,"смеяться",0
434301,10667,"резать",1
434302,10667,"гулять",0
434303,10667,"метать",0
434304,10667,"летать",0
434305,10668,"забывать",1
434306,10668,"стирать",0
434307,10668,"рисовать",0
434308,10668,"держать",0
434309,10668,"падать",0
434310,10668,"бояться",0
434311,10669,"изучать",1
434312,10669,"платить",0
434313,10669,"звать",0
434314,10669,"сушить",0
434315,10669,"летать",0
434316,10669,"тащить",0
434317,10670,"выигрывать",1
434318,10670,"искать",0
434319,10670,"тонуть",0
434320,10670,"расти",0
434321,10670,"ломать",0
434322,10670,"жарить",0
434323,10671,"мешать",0
434324,10671,"плыть",0
434325,10671,"хранить",1
434326,10671,"врать",0
434327,10671,"гулять",0
434328,10671,"прыгать",0
434329,10672,"помнить",1
434330,10672,"ловить",0
434331,10672,"метать",0
434332,10672,"тащить",0
434333,10672,"гореть",0
434334,10672,"кричать",0
434335,10673,"посылать",1
434336,10673,"чинить",0
434337,10673,"входить",0
434338,10673,"бояться",0
434339,10673,"молчать",0
434340,10673,"спасать",0
434341,10674,"трогать",1
434342,10674,"сушить",0
434343,10674,"ждать",0
434344,10674,"нести",0
434345,10674,"платить",0
434346,10674,"рисовать",0
434347,10675,"гореть",0
434348,10675,"думать",0
434349,10675,"останавливать",1
434350,10675,"ловить",0
434351,10675,"жарить",0
434352,10675,"летать",0
434353,10676,"уезжать",1
434354,10676,"плыть",0
434355,10676,"кричать",0
434356,10676,"мешать",0
434357,10676,"спорить",0
434358,10676,"строить",0
434359,10677,"тащить",1
434360,10677,"держать",0
434361,10677,"летать",0
434362,10677,"спасать",0
434363,10677,"бояться",0
434364,10677,"мыть",0
434365,10678,"звать",0
434366,10678,"решать",1
434367,10678,"тонуть",0
434368,10678,"расти",0
434369,10678,"ловить",0
434370,10678,"сушить",0
434371,10679,"приносить",1
434372,10679,"врать",0
434373,10679,"ломать",0
434374,10679,"бояться",0
434375,10679,"метать",0
434376,10679,"мешать",0
434377,10680,"засыпать",1
434378,10680,"бродить",0
434379,10680,"воровать",0
434380,10680,"метать",0
434381,10680,"нырять",0
434382,10680,"ползти",0
434383,10681,"чинить",0
434384,10681,"гасить",1
434385,10681,"брить",0
434386,10681,"тонуть",0
434387,10681,"ползти",0
434388,10681,"плыть",0
434389,10682,"бросать",1
434390,10682,"нырять",0
434391,10682,"брить",0
434392,10682,"мычать",0
434393,10682,"ползти",0
434394,10682,"смеяться",0
434395,10683,"помещаться",1
434396,10683,"брить",0
434397,10683,"нырять",0
434398,10683,"мычать",0
434399,10683,"ползти",0
434400,10683,"таять",0
434401,10684,"бродить",0
434402,10684,"мычать",0
434403,10684,"выпадать",1
434404,10684,"брить",0
434405,10684,"нырять",0
434406,10684,"ползти",0
434407,10685,"мыть",1
434408,10685,"нырять",0
434409,10685,"летать",0
434410,10685,"тонуть",0
434411,10685,"брить",0
434412,10685,"гасить",0
434413,10686,"помещаться",0
434414,10686,"включать",1
434415,10686,"целовать",0
434416,10686,"воровать",0
434417,10686,"мычать",0
434418,10686,"ползти",0
434419,10687,"узкий",0
434420,10687,"шершавый",1
434421,10687,"лживый",0
434422,10687,"голый",0
434423,10687,"скрытый",0
434424,10687,"мокрый",0
434425,10688,"низкий",1
434426,10688,"тёплый",0
434427,10688,"гибкий",0
434428,10688,"тупой",0
434429,10688,"кривой",0
434430,10688,"скрытый",0
434431,10689,"шумный",0
434432,10689,"спокойный",1
434433,10689,"тесный",0
434434,10689,"гибкий",0
434435,10689,"кривой",0
434436,10689,"тупой",0
434437,10690,"пустой",0
434438,10690,"полный",1
434439,10690,"сухой",0
434440,10690,"тонкий",0
434441,10690,"мягкий",0
434442,10690,"скромный",0
434443,10691,"светлый",1
434444,10691,"грубый",0
434445,10691,"сильный",0
434446,10691,"серый",0
434447,10691,"влажный",0
434448,10691,"плоский",0
434449,10692,"тёмный",1
434450,10692,"лёгкий",0
434451,10692,"редкий",0
434452,10692,"низкий",0
434453,10692,"голый",0
434454,10692,"скрытый",0
434455,10693,"узкий",0
434456,10693,"слабый",1
434457,10693,"крепкий",0
434458,10693,"сырой",0
434459,10693,"тесный",0
434460,10693,"скромный",0
434461,10694,"мелкий",0
434462,10694,"кривой",0
434463,10694,"сильный",1
434464,10694,"сухой",0
434465,10694,"чужой",0
434466,10694,"тонкий",0
434467,10695,"серый",0
434468,10695,"медленный",1
434469,10695,"глубокий",0
434470,10695,"чистый",0
434471,10695,"грубый",0
434472,10695,"полный",0
434473,10696,"чистый",1
434474,10696,"резкий",0
434475,10696,"мягкий",0
434476,10696,"редкий",0
434477,10696,"плоский",0
434478,10696,"сырой",0
434479,10697,"короткий",0
434480,10697,"длинный",1
434481,10697,"мокрый",0
434482,10697,"тихий",0
434483,10697,"крепкий",0
434484,10697,"кривой",0
434485,10698,"слепой",1
434486,10698,"кривой",0
434487,10698,"мягкий",0
434488,10698,"серый",0
434489,10698,"сырой",0
434490,10698,"редкий",0
434491,10699,"глухой",1
434492,10699,"грубый",0
434493,10699,"плоский",0
434494,10699,"скрытый",0
434495,10699,"низкий",0
434496,10699,"чистый",0
434497,10700,"горький",0
434498,10700,"сладкий",1
434499,10700,"грубый",0
434500,10700,"скрытый",0
434501,10700,"мокрый",0
434502,10700,"лживый",0
434503,10701,"твёрдый",1
434504,10701,"скромный",0
434505,10701,"медленный",0
434506,10701,"скрытый",0
434507,10701,"сухой",0
434508,10701,"голый",0
434509,10702,"ложный",1
434510,10702,"редкий",0
434511,10702,"тёплый",0
434512,10702,"крепкий",0
434513,10702,"серый",0
434514,10702,"низкий",0
434515,10703,"сытый",1
434516,10703,"резкий",0
434517,10703,"скромный",0
434518,10703,"тёмный",0
434519,10703,"чистый",0
434520,10703,"пустой",0
434521,10704,"тонкий",1
434522,10704,"грязный",0
434523,10704,"тупой",0
434524,10704,"сырой",0
434525,10704,"скромный",0
434526,10704,"глубокий",0
434527,10705,"свежий",1
434528,10705,"жадный",0
434529,10705,"грубый",0
434530,10705,"низкий",0
434531,10705,"медленный",0
434532,10705,"лживый",0
434533,10706,"тяжёлый",1
434534,10706,"узкий",0
434535,10706,"мокрый",0
434536,10706,"плоский",0
434537,10706,"скрытый",0
434538,10706,"серый",0
434539,10707,"скромный",0
434540,10707,"безумный",1
434541,10707,"голый",0
434542,10707,"крепкий",0
434543,10707,"резкий",0
434544,10707,"светлый",0
434545,10708,"мягкий",0
434546,10708,"глупый",0
434547,10708,"худой",1
434548,10708,"сильный",0
434549,10708,"пустой",0
434550,10708,"скрытый",0
434551,10709,"тёмный",0
434552,10709,"тёплый",1
434553,10709,"кривой",0
434554,10709,"сухой",0
434555,10709,"грубый",0
434556,10709,"мелкий",0
434557,10710,"скрытый",0
434558,10710,"свободный",1
434559,10710,"жадный",0
434560,10710,"тонкий",0
434561,10710,"мягкий",0
434562,10710,"редкий",0
434563,10711,"кислый",1
434564,10711,"грубый",0
434565,10711,"редкий",0
434566,10711,"плоский",0
434567,10711,"скрытый",0
434568,10711,"тупой",0
434569,10712,"жадный",0
434570,10712,"основной",1
434571,10712,"мокрый",0
434572,10712,"кривой",0
434573,10712,"светлый",0
434574,10712,"глупый",0
434575,10713,"мягкий",0
434576,10713,"упрямый",1
434577,10713,"серый",0
434578,10713,"скромный",0
434579,10713,"чужой",0
434580,10713,"сильный",0
434581,10714,"прочный",1
434582,10714,"сырой",0
434583,10714,"крепкий",0
434584,10714,"лживый",0
434585,10714,"голый",0
434586,10714,"редкий",0
434587,10715,"пушистый",1
434588,10715,"тёплый",0
434589,10715,"светлый",0
434590,10715,"глупый",0
434591,10715,"низкий",0
434592,10715,"жадный",0
434593,10716,"мягкий",1
434594,10716,"грубый",0
434595,10716,"тонкий",0
434596,10716,"жадный",0
434597,10716,"скрытый",0
434598,10716,"грязный",0
434599,10717,"мелкий",1
434600,10717,"прочный",0
434601,10717,"тесный",0
434602,10717,"лживый",0
434603,10717,"сырой",0
434604,10717,"кривой",0
434605,10718,"хриплый",1
434606,10718,"грубый",0
434607,10718,"плоский",0
434608,10718,"скрытый",0
434609,10718,"низкий",0
434610,10718,"чистый",0
434611,10719,"сухой",1
434612,10719,"свежий",0
434613,10719,"крепкий",0
434614,10719,"тонкий",0
434615,10719,"скрытый",0
434616,10719,"чужой",0
434617,10720,"кривой",1
434618,10720,"пустой",0
434619,10720,"редкий",0
434620,10720,"скромный",0
434621,10720,"тупой",0
434622,10720,"мокрый",0
434623,10721,"слева",0
434624,10721,"редко",0
434625,10721,"прежде",1
434626,10721,"позже",0
434627,10721,"вчера",0
434628,10721,"вместе",0
434629,10722,"рядом",1
434630,10722,"далеко",0
434631,10722,"вчера",0
434632,10722,"потом",0
434633,10722,"всегда",0
434634,10722,"почти",0
434635,10723,"никогда",1
434636,10723,"вместе",0
434637,10723,"скоро",0
434638,10723,"слева",0
434639,10723,"редко",0
434640,10723,"вчера",0
434641,10724,"внизу",1
434642,10724,"вместе",0
434643,10724,"прежде",0
434644,10724,"скоро",0
434645,10724,"редко",0
434646,10724,"сейчас",0
434647,10725,"вверху",1
434648,10725,"сейчас",0
434649,10725,"после",0
434650,10725,"редко",0
434651,10725,"слева",0
434652,10725,"вместе",0
434653,10726,"полка",0
434654,10726,"ведро",0
434655,10726,"ящик",1
434656,10726,"табурет",0
434657,10726,"миска",0
434658,10726,"поднос",0
434659,10727,"одеяло",0
434660,10727,"матрас",0
434661,10727,"подушка",1
434662,10727,"простыня",0
434663,10727,"полотенце",0
434664,10727,"плед",0
434665,10728,"одеяло",0
434666,10728,"матрас",0
434667,10728,"подушка",1
434668,10728,"простыня",0
434669,10728,"полотенце",0
434670,10728,"плед",0
435145,10812,"личный",0
435146,10812,"чужой",1
435147,10812,"близкий",0
435148,10812,"общий",0
435149,10812,"пустой",0
435150,10812,"полезный",0
435151,10813,"широкий",0
435152,10813,"яркий",0
435153,10813,"влажный",0
435154,10813,"скудный",1
435155,10813,"быстрый",0
435156,10813,"спокойный",0
435157,10814,"трудный",1
435158,10814,"лёгкий",0
435159,10814,"широкий",0
435160,10814,"краткий",0
435161,10814,"мягкий",0
435162,10814,"дешёвый",0
435163,10815,"огромный",0
435164,10815,"частый",0
435165,10815,"явный",0
435166,10815,"грубый",0
435167,10815,"ничтожный",1
435168,10815,"верный",0
435169,10816,"хватать",0
435170,10816,"ломать",0
435171,10816,"уступать",1
435172,10816,"искать",0
435173,10816,"ждать",0
435174,10816,"расти",0
435175,10817,"отпускать",0
435176,10817,"выбирать",0
435177,10817,"терять",0
435178,10817,"покупать",0
435179,10817,"смеяться",0
435180,10817,"задерживать",1
435181,10818,"отдавать",0
435182,10818,"возвращать себе",1
435183,10818,"забывать",0
435184,10818,"тратить",0
435185,10818,"прятать",0
435186,10818,"терять",0
