id,lemma,question_text,correct_answer,difficulty_band,lexical_band,pos,topic_tag,active,freq_rank,level,bin_name,cefr_estimate,concept_group,donor_eligible
22,casa,"Что значит это слово?

casa","дом",,,noun,build:seed,0,300,A1,1K,A1,house_home,0
23,comer,"Что значит это слово?

comer","есть",,,verb,food,0,450,A1,1K,A1,food_daily,0
24,"rápido","Что значит это слово?

rápido","быстрый",,,adjective,build:seed,1,900,A1,1K,A2,"rápido",1
25,livro,"Что значит это слово?

livro","книга",,,noun,build:seed,0,520,A1,1K,A2,livro,0
26,"água","Что значит это слово?

água","вода",,,noun,build:seed,0,280,A1,1K,A1,food_daily,0
27,trabalhar,"Что значит это слово?

trabalhar","работать",,,verb,work,0,980,A1,1K,A2,work_employment,0
28,abrir,"Что значит это слово?

abrir","открывать",,,verb,build:seed,1,1100,A1,2K,A2,abrir,1
29,feliz,"Что значит это слово?

feliz","счастливый",,,adjective,build:seed,0,1300,A1,2K,A2,time_basic,0
30,pequeno,"Что значит это слово?

pequeno","маленький",,,adjective,build:seed,1,1400,A1,2K,A2,pequeno,1
31,ontem,"Что значит это слово?

ontem","вчера",,,adverb,build:seed,0,1500,A1,2K,A2,time_basic,0
32,janela,"Что значит это слово?

janela","окно",,,noun,build:seed,1,1700,A2,2K,B1,house_home,0
34,"difícil","Что значит это слово?

difícil","трудный",,,adjective,build:seed,1,2400,A2,5K,B1,work_employment,1
38,estranho,"Что значит это слово?

estranho","странный",,,adjective,build:seed,1,4200,B1,5K,B2,estranho,1
40,casa,casa,"дом",,,noun,build:sample_csv,0,300,A1,1K,A1,house_home,0
41,trabalhar,"Что значит это слово?

trabalhar","работать",,,verb,build:sample_csv,1,980,A1,1K,A2,work_employment,0
45,casa,casa,"дом",,,noun,build:sample_rich,0,300,A1,1K,A1,house_home,0
48,livro,livro,"книга",,,noun,build:sample_rich,0,520,A1,1K,A2,livro,0
49,"água","água","вода",,,noun,build:sample_rich,0,280,A1,1K,A1,food_daily,0
50,trabalhar,trabalhar,"работать",,,verb,build:sample_rich,0,980,A1,1K,A2,work_employment,0
52,escrever,"Что значит это слово?

escrever","писать",,,verb,build:sample_rich,1,2200,A2,5K,B1,escrever,1
57,dia,dia,"день",,,noun,build:pilot_ptpt_001_pilot_safe,0,51,,1K,A1,time_basic,0
58,mundo,mundo,"мир",,,noun,build:pilot_ptpt_001_pilot_safe,0,81,,1K,A1,mundo,0
59,vida,"Что значит это слово?

vida","жизнь",,,noun,build:pilot_ptpt_001_pilot_safe,1,85,,1K,A1,vida,0
60,casa,"Что значит это слово?

casa","дом",,,noun,build:pilot_ptpt_001_pilot_safe,1,91,,1K,A1,house_home,0
61,nada,"Что значит это слово?

nada","ничто",,,noun,build:pilot_ptpt_001_pilot_safe,1,92,,1K,A1,nada,0
62,ver,"Что значит это слово?

ver","видеть",,,verb,build:pilot_ptpt_001_pilot_safe,1,94,,1K,A1,ver,1
63,ano,ano,"год",,,noun,build:pilot_ptpt_001_pilot_safe,0,99,,1K,A1,time_basic,0
64,hoje,hoje,"сегодня",,,noun,build:pilot_ptpt_001_pilot_safe,0,117,,1K,A1,time_basic,0
65,cidade,cidade,"город",,,noun,build:pilot_ptpt_001_pilot_safe,0,124,,1K,A1,cidade,0
66,trabalho,"Что значит это слово?

trabalho","труд",,,noun,build:pilot_ptpt_001_pilot_safe,1,131,,1K,A1,work_employment,0
67,ficar,"Что значит это слово?

ficar","оставаться",,,verb,build:pilot_ptpt_001_pilot_safe,1,169,,1K,A1,core_verbs,0
68,"mãe","Что значит это слово?

mãe","мать",,,noun,build:pilot_ptpt_001_pilot_safe,1,170,,1K,A1,"mãe",0
69,rio,"Что значит это слово?

rio","река",,,noun,build:pilot_ptpt_001_pilot_safe,1,173,,1K,A1,rio,0
70,noite,"Что значит это слово?

noite","ночь",,,noun,build:pilot_ptpt_001_pilot_safe,1,177,,1K,A1,noite,0
71,tipo,tipo,"тип",,,noun,build:pilot_ptpt_001_pilot_safe,0,192,,1K,A1,tipo,0
72,momento,momento,"момент",,,noun,build:pilot_ptpt_001_pilot_safe,0,206,,1K,A1,momento,0
73,verdade,verdade,"истина",,,noun,build:pilot_ptpt_001_pilot_safe,0,208,,1K,A1,verdade,0
74,lugar,lugar,"место",,,noun,build:pilot_ptpt_001_pilot_safe,0,212,,1K,A1,lugar,0
75,"país","Что значит это слово?

país","страна",,,noun,build:pilot_ptpt_001_pilot_safe,1,214,,1K,A1,"país",0
76,presidente,presidente,"президент",,,noun,build:pilot_ptpt_001_pilot_safe,0,215,,1K,A1,presidente,0
77,"família","Что значит это слово?

família","семья",,,noun,build:pilot_ptpt_001_pilot_safe,1,224,,1K,A1,"família",0
78,gente,"Что значит это слово?

gente","народ",,,noun,build:pilot_ptpt_001_pilot_safe,1,225,,1K,A1,gente,0
79,fim,fim,"конец",,,noun,build:pilot_ptpt_001_pilot_safe,0,227,,1K,A1,fim,0
80,semana,semana,"неделя",,,noun,build:pilot_ptpt_001_pilot_safe,0,230,,1K,A1,time_basic,0
81,jogo,jogo,"игра",,,noun,build:pilot_ptpt_001_pilot_safe,0,233,,1K,A1,jogo,0
82,governo,"Что значит это слово?

governo","правительство",,,noun,build:pilot_ptpt_001_pilot_safe,1,238,,1K,A1,governo,0
83,pai,pai,"отец",,,noun,build:pilot_ptpt_001_pilot_safe,0,240,,1K,A1,pai,0
84,homem,"Что значит это слово?

homem","мужчина",,,noun,build:pilot_ptpt_001_pilot_safe,1,247,,1K,A1,homem,0
85,"música","Что значит это слово?

música","музыка",,,noun,build:pilot_ptpt_001_pilot_safe,1,250,,1K,A1,"música",0
86,"água","Что значит это слово?

água","вода",,,noun,build:pilot_ptpt_001_pilot_safe,1,254,,1K,A1,food_daily,0
87,"número","Что значит это слово?

número","номер",,,noun,build:pilot_ptpt_001_pilot_safe,1,266,,1K,A1,"número",0
88,dinheiro,"Что значит это слово?

dinheiro","деньги",,,noun,build:pilot_ptpt_001_pilot_safe,1,267,,1K,A1,shopping_money,0
89,sistema,sistema,"система",,,noun,build:pilot_ptpt_001_pilot_safe,0,272,,1K,A1,sistema,0
90,amor,amor,"любовь",,,noun,build:pilot_ptpt_001_pilot_safe,0,274,,1K,A1,amor,0
91,escola,"Что значит это слово?

escola","школа",,,noun,build:pilot_ptpt_001_pilot_safe,1,275,,1K,A1,escola,0
92,morte,"Что значит это слово?

morte","смерть",,,noun,build:pilot_ptpt_001_pilot_safe,1,281,,1K,A1,morte,0
93,projeto,projeto,"проект",,,noun,build:pilot_ptpt_001_pilot_safe,0,288,,1K,A1,projeto,0
94,"região","região","регион",,,noun,build:pilot_ptpt_001_pilot_safe,0,289,,1K,A1,"região",0
95,sul,sul,"юг",,,noun,build:pilot_ptpt_001_pilot_safe,0,291,,1K,A1,sul,0
96,"área","Что значит это слово?

área","площадь",,,noun,build:pilot_ptpt_001_pilot_safe,1,294,,1K,A1,"área",0
97,lei,"Что значит это слово?

lei","закон",,,noun,build:pilot_ptpt_001_pilot_safe,1,297,,1K,A1,lei,0
98,problema,problema,"проблема",,,noun,build:pilot_ptpt_001_pilot_safe,0,299,,1K,A1,problema,0
99,guerra,"Что значит это слово?

guerra","война",,,noun,build:pilot_ptpt_001_pilot_safe,1,306,,1K,A1,guerra,0
100,filme,"Что значит это слово?

filme","фильм",,,noun,build:pilot_ptpt_001_pilot_safe,1,314,,1K,A1,filme,0
101,programa,programa,"программа",,,noun,build:pilot_ptpt_001_pilot_safe,0,323,,1K,A1,programa,0
102,terra,"Что значит это слово?

terra","земля",,,noun,build:pilot_ptpt_001_pilot_safe,1,331,,1K,A1,terra,0
103,favor,favor,"услуга",,,noun,build:pilot_ptpt_001_pilot_safe,0,336,,1K,A1,favor,0
104,"população","população","население",,,noun,build:pilot_ptpt_001_pilot_safe,0,351,,1K,A1,"população",0
105,usar,"Что значит это слово?

usar","использовать",,,verb,build:pilot_ptpt_001_pilot_safe,1,359,,1K,A1,usar,0
106,ajuda,"Что значит это слово?

ajuda","помощь",,,noun,build:pilot_ptpt_001_pilot_safe,1,360,,1K,A1,ajuda,0
107,"cabeça","Что значит это слово?

cabeça","голова",,,noun,build:pilot_ptpt_001_pilot_safe,1,361,,1K,A1,health_body,0
108,corpo,"Что значит это слово?

corpo","тело",,,noun,build:pilot_ptpt_001_pilot_safe,1,363,,1K,A1,health_body,0
109,livro,"Что значит это слово?

livro","книга",,,noun,build:pilot_ptpt_001_pilot_safe,1,378,,1K,A1,livro,0
110,"relação","relação","связь",,,noun,build:pilot_ptpt_001_pilot_safe,0,381,,1K,A1,"relação",0
111,ajudar,"Что значит это слово?

ajudar","помочь",,,verb,build:pilot_ptpt_001_pilot_safe,1,383,,1K,A1,ajudar,0
112,amigo,"Что значит это слово?

amigo","друг",,,noun,build:pilot_ptpt_001_pilot_safe,1,384,,1K,A1,amigo,0
113,norte,"Что значит это слово?

norte","север",,,noun,build:pilot_ptpt_001_pilot_safe,1,396,,1K,A1,norte,0
114,rede,"Что значит это слово?

rede","сеть",,,noun,build:pilot_ptpt_001_pilot_safe,1,402,,1K,A1,rede,0
115,universidade,universidade,"университет",,,noun,build:pilot_ptpt_001_pilot_safe,0,403,,1K,A1,universidade,0
116,maneira,"Что значит это слово?

maneira","образ",,,noun,build:pilot_ptpt_001_pilot_safe,1,409,,1K,A1,maneira,0
117,empresa,"Что значит это слово?

empresa","бизнес",,,noun,build:pilot_ptpt_001_pilot_safe,1,413,,1K,A1,work_employment,0
118,rua,"Что значит это слово?

rua","улица",,,noun,build:pilot_ptpt_001_pilot_safe,1,420,,1K,A1,transport_mobility,0
119,"manhã","Что значит это слово?

manhã","утро",,,noun,build:pilot_ptpt_001_pilot_safe,1,428,,1K,A1,"manhã",0
120,povo,povo,"народ",,,noun,build:pilot_ptpt_001_pilot_safe,0,432,,1K,A1,povo,0
121,futebol,futebol,"футбол",,,noun,build:pilot_ptpt_001_pilot_safe,0,443,,1K,A1,futebol,0
122,"mês","Что значит это слово?

mês","месяц",,,noun,build:pilot_ptpt_001_pilot_safe,1,444,,1K,A1,time_basic,0
123,"mão","mão","рука",,,noun,build:pilot_ptpt_001_pilot_safe,0,451,,1K,A1,health_body,0
124,papel,"Что значит это слово?

papel","бумага",,,noun,build:pilot_ptpt_001_pilot_safe,1,452,,1K,A1,bureaucracy_documents,0
125,paz,paz,"мир",,,noun,build:pilot_ptpt_001_pilot_safe,0,453,,1K,A1,paz,0
126,encontrar,"Что значит это слово?

encontrar","найти",,,verb,build:pilot_ptpt_001_pilot_safe,1,460,,1K,A1,encontrar,0
127,"produção","produção","производство",,,noun,build:pilot_ptpt_001_pilot_safe,0,471,,1K,A1,"produção",0
128,sociedade,sociedade,"общество",,,noun,build:pilot_ptpt_001_pilot_safe,0,472,,1K,A1,sociedade,0
129,campo,"Что значит это слово?

campo","поле",,,noun,build:pilot_ptpt_001_pilot_safe,1,488,,1K,A1,campo,0
130,senhor,senhor,"господин",,,noun,build:pilot_ptpt_001_pilot_safe,0,498,,1K,A1,senhor,0
131,"começar","Что значит это слово?

começar","начать",,,verb,build:pilot_ptpt_001_pilot_safe,1,501,,1K,A2,"começar",1
132,filha,"Что значит это слово?

filha","дочь",,,noun,build:pilot_ptpt_001_pilot_safe,1,505,,1K,A2,filha,0
133,ouvir,"Что значит это слово?

ouvir","слушать",,,verb,build:pilot_ptpt_001_pilot_safe,1,507,,1K,A2,ouvir,1
134,ideia,"Что значит это слово?

ideia","идея",,,noun,build:pilot_ptpt_001_pilot_safe,1,520,,1K,A2,ideia,0
135,"língua","Что значит это слово?

língua","язык",,,noun,build:pilot_ptpt_001_pilot_safe,1,536,,1K,A2,"língua",0
136,"português","português","португальский",,,noun,build:pilot_ptpt_001_pilot_safe,0,541,,1K,A2,"português",0
137,time,time,"команда",,,noun,build:pilot_ptpt_001_pilot_safe,0,545,,1K,A2,time,0
138,caminho,"Что значит это слово?

caminho","путь",,,noun,build:pilot_ptpt_001_pilot_safe,1,549,,1K,A2,caminho,0
139,energia,energia,"энергия",,,noun,build:pilot_ptpt_001_pilot_safe,0,553,,1K,A2,energia,0
140,festa,"Что значит это слово?

festa","вечеринка",,,noun,build:pilot_ptpt_001_pilot_safe,1,554,,1K,A2,festa,0
141,"nível","Что значит это слово?

nível","уровень",,,noun,build:pilot_ptpt_001_pilot_safe,1,556,,1K,A2,"nível",0
142,"questão","Что значит это слово?

questão","вопрос",,,noun,build:pilot_ptpt_001_pilot_safe,1,557,,1K,A2,"questão",0
143,respeito,"Что значит это слово?

respeito","уважение",,,noun,build:pilot_ptpt_001_pilot_safe,1,558,,1K,A2,respeito,0
144,"informação","informação","информация",,,noun,build:pilot_ptpt_001_pilot_safe,0,564,,1K,A2,"informação",0
145,"irmão","Что значит это слово?

irmão","брат",,,noun,build:pilot_ptpt_001_pilot_safe,1,566,,1K,A2,"irmão",0
146,partido,"Что значит это слово?

partido","партия",,,noun,build:pilot_ptpt_001_pilot_safe,1,570,,1K,A2,partido,0
147,sucesso,"Что значит это слово?

sucesso","успех",,,noun,build:pilot_ptpt_001_pilot_safe,1,574,,1K,A2,sucesso,0
148,trabalhar,trabalhar,"работать",,,verb,build:pilot_ptpt_001_pilot_safe,0,575,,1K,A2,work_employment,0
149,viver,"Что значит это слово?

viver","жить",,,verb,build:pilot_ptpt_001_pilot_safe,1,577,,1K,A2,viver,1
150,capital,capital,"капитал",,,noun,build:pilot_ptpt_001_pilot_safe,0,579,,1K,A2,capital,0
151,professor,professor,"учитель",,,noun,build:pilot_ptpt_001_pilot_safe,0,588,,1K,A2,professor,0
152,seguir,"Что значит это слово?

seguir","следовать",,,verb,build:pilot_ptpt_001_pilot_safe,1,590,,1K,A2,seguir,1
153,"ação","ação","акция",,,noun,build:pilot_ptpt_001_pilot_safe,0,594,,1K,A2,"ação",0
154,"criança","Что значит это слово?

criança","ребёнок",,,noun,build:pilot_ptpt_001_pilot_safe,1,597,,1K,A2,"criança",0
155,imagem,"Что значит это слово?

imagem","картина",,,noun,build:pilot_ptpt_001_pilot_safe,1,601,,1K,A2,imagem,0
156,militar,militar,"военнослужащий",,,noun,build:pilot_ptpt_001_pilot_safe,0,605,,1K,A2,militar,0
157,ordem,"Что значит это слово?

ordem","заказ",,,noun,build:pilot_ptpt_001_pilot_safe,1,609,,1K,A2,ordem,0
158,tomar,"Что значит это слово?

tomar","пить",,,verb,build:pilot_ptpt_001_pilot_safe,1,611,,1K,A2,food_daily,0
159,voz,"Что значит это слово?

voz","голос",,,noun,build:pilot_ptpt_001_pilot_safe,1,612,,1K,A2,voz,0
160,"construção","construção","устроение",,,noun,build:pilot_ptpt_001_pilot_safe,0,614,,1K,A2,"construção",0
161,fevereiro,fevereiro,"февраль",,,noun,build:pilot_ptpt_001_pilot_safe,0,616,,1K,A2,fevereiro,0
162,futuro,"Что значит это слово?

futuro","будущее",,,noun,build:pilot_ptpt_001_pilot_safe,1,617,,1K,A2,futuro,0
163,visto,visto,"виза",,,noun,build:pilot_ptpt_001_pilot_safe,0,623,,1K,A2,bureaucracy_documents,0
164,jeito,"Что значит это слово?

jeito","манера",,,noun,build:pilot_ptpt_001_pilot_safe,1,630,,1K,A2,jeito,0
165,resultado,"Что значит это слово?

resultado","итог",,,noun,build:pilot_ptpt_001_pilot_safe,1,635,,1K,A2,resultado,0
166,"tradução","tradução","перевод",,,noun,build:pilot_ptpt_001_pilot_safe,0,638,,1K,A2,"tradução",0
167,comprar,"Что значит это слово?

comprar","покупать",,,verb,build:pilot_ptpt_001_pilot_safe,1,642,,1K,A2,shopping_money,0
168,ler,"Что значит это слово?

ler","читать",,,verb,build:pilot_ptpt_001_pilot_safe,1,648,,1K,A2,ler,1
169,luta,"Что значит это слово?

luta","драка",,,noun,build:pilot_ptpt_001_pilot_safe,1,649,,1K,A2,luta,0
170,mensagem,"Что значит это слово?

mensagem","сообщение",,,noun,build:pilot_ptpt_001_pilot_safe,1,651,,1K,A2,mensagem,0
171,"organização","organização","организация",,,noun,build:pilot_ptpt_001_pilot_safe,0,654,,1K,A2,"organização",0
172,palavra,palavra,"словo",,,noun,build:pilot_ptpt_001_pilot_safe,0,655,,1K,A2,palavra,0
173,parar,"Что значит это слово?

parar","остановить",,,verb,build:pilot_ptpt_001_pilot_safe,1,656,,1K,A2,parar,0
174,pergunta,pergunta,"вопрос",,,noun,build:pilot_ptpt_001_pilot_safe,0,657,,1K,A2,pergunta,0
175,tentar,"Что значит это слово?

tentar","стараться",,,verb,build:pilot_ptpt_001_pilot_safe,1,659,,1K,A2,tentar,0
176,"decisão","decisão","решение",,,noun,build:pilot_ptpt_001_pilot_safe,0,669,,1K,A2,"decisão",0
177,"joão","joão","иван",,,noun,build:pilot_ptpt_001_pilot_safe,0,673,,1K,A2,"joão",0
178,sexo,sexo,"пол",,,noun,build:pilot_ptpt_001_pilot_safe,0,678,,1K,A2,sexo,0
179,tecnologia,tecnologia,"технология",,,noun,build:pilot_ptpt_001_pilot_safe,0,679,,1K,A2,tecnologia,0
180,texto,"Что значит это слово?

texto","текст",,,noun,build:pilot_ptpt_001_pilot_safe,1,680,,1K,A2,texto,0
181,"época","Что значит это слово?

época","эпоха",,,noun,build:pilot_ptpt_001_pilot_safe,1,681,,1K,A2,"época",0
182,arte,"Что значит это слово?

arte","искусство",,,noun,build:pilot_ptpt_001_pilot_safe,1,682,,1K,A2,arte,0
183,artigo,"Что значит это слово?

artigo","артикль",,,noun,build:pilot_ptpt_001_pilot_safe,1,683,,1K,A2,artigo,0
184,prova,"Что значит это слово?

prova","испытание",,,noun,build:pilot_ptpt_001_pilot_safe,1,690,,1K,A2,prova,0
185,sentir,"Что значит это слово?

sentir","чувствовать",,,verb,build:pilot_ptpt_001_pilot_safe,1,691,,1K,A2,sentir,1
186,vontade,"Что значит это слово?

vontade","воля",,,noun,build:pilot_ptpt_001_pilot_safe,1,692,,1K,A2,vontade,0
187,conhecer,conhecer,"знать",,,verb,build:pilot_ptpt_001_pilot_safe,1,709,,1K,A2,conhecer,1
188,mostrar,"Что значит это слово?

mostrar","показать",,,verb,build:pilot_ptpt_001_pilot_safe,1,712,,1K,A2,mostrar,0
189,defesa,"Что значит это слово?

defesa","защита",,,noun,build:pilot_ptpt_001_pilot_safe,1,723,,1K,A2,defesa,0
190,"vitória","Что значит это слово?

vitória","победа",,,noun,build:pilot_ptpt_001_pilot_safe,1,732,,1K,A2,food_daily,0
191,boca,boca,"рот",,,noun,build:pilot_ptpt_001_pilot_safe,0,735,,1K,A2,boca,0
192,canal,canal,"канал",,,noun,build:pilot_ptpt_001_pilot_safe,0,736,,1K,A2,canal,0
193,carlos,carlos,"карл",,,noun,build:pilot_ptpt_001_pilot_safe,0,737,,1K,A2,carlos,0
194,"comunicação","comunicação","общение",,,noun,build:pilot_ptpt_001_pilot_safe,0,738,,1K,A2,"comunicação",0
195,contar,contar,"рассказывать",,,verb,build:pilot_ptpt_001_pilot_safe,1,740,,1K,A2,contar,1
196,"ministério","Что значит это слово?

ministério","министерство",,,noun,build:pilot_ptpt_001_pilot_safe,1,742,,1K,A2,"ministério",0
197,comer,"Что значит это слово?

comer","есть",,,verb,build:pilot_ptpt_001_pilot_safe,1,753,,1K,A2,food_daily,1
198,entender,"Что значит это слово?

entender","понять",,,verb,build:pilot_ptpt_001_pilot_safe,1,757,,1K,A2,entender,1
199,mercado,"Что значит это слово?

mercado","базар",,,noun,build:pilot_ptpt_001_pilot_safe,1,759,,1K,A2,shopping_money,0
200,resposta,"Что значит это слово?

resposta","ответ",,,noun,build:pilot_ptpt_001_pilot_safe,1,762,,1K,A2,resposta,0
201,sol,"Что значит это слово?

sol","соль",,,noun,build:pilot_ptpt_001_pilot_safe,1,764,,1K,A2,sol,0
202,"república","república","республика",,,noun,build:pilot_ptpt_001_pilot_safe,0,776,,1K,A2,"república",0
203,chama,"Что значит это слово?

chama","пламя",,,noun,build:pilot_ptpt_001_pilot_safe,1,781,,1K,A2,chama,0
204,europa,europa,"европа",,,noun,build:pilot_ptpt_001_pilot_safe,0,785,,1K,A2,europa,0
205,passo,"Что значит это слово?

passo","след",,,noun,build:pilot_ptpt_001_pilot_safe,1,790,,1K,A2,passo,0
206,"político","político","политик",,,noun,build:pilot_ptpt_001_pilot_safe,0,791,,1K,A2,"político",0
207,"razão","Что значит это слово?

razão","разум",,,noun,build:pilot_ptpt_001_pilot_safe,1,793,,1K,A2,"razão",0
208,rei,"Что значит это слово?

rei","король",,,noun,build:pilot_ptpt_001_pilot_safe,1,794,,1K,A2,rei,0
209,casamento,casamento,"свадьба",,,noun,build:pilot_ptpt_001_pilot_safe,0,800,,1K,A2,casamento,0
210,data,"Что значит это слово?

data","дата",,,noun,build:pilot_ptpt_001_pilot_safe,1,802,,1K,A2,data,0
211,"exército","Что значит это слово?

exército","армия",,,noun,build:pilot_ptpt_001_pilot_safe,1,803,,1K,A2,"exército",0
212,hospital,hospital,"больница",,,noun,build:pilot_ptpt_001_pilot_safe,0,804,,1K,A2,health_body,0
213,pagar,"Что значит это слово?

pagar","платить",,,verb,build:pilot_ptpt_001_pilot_safe,1,809,,1K,A2,pagar,0
214,realidade,realidade,"реальность",,,noun,build:pilot_ptpt_001_pilot_safe,0,810,,1K,A2,realidade,0
215,"união","Что значит это слово?

união","союз",,,noun,build:pilot_ptpt_001_pilot_safe,1,815,,1K,A2,"união",0
216,viagem,"Что значит это слово?

viagem","путешествие",,,noun,build:pilot_ptpt_001_pilot_safe,1,816,,1K,A2,viagem,0
217,banco,"Что значит это слово?

banco","банк",,,noun,build:pilot_ptpt_001_pilot_safe,1,821,,1K,A2,banco,0
218,"conteúdo","Что значит это слово?

conteúdo","содержание",,,noun,build:pilot_ptpt_001_pilot_safe,1,823,,1K,A2,"conteúdo",0
219,jornal,jornal,"газета",,,noun,build:pilot_ptpt_001_pilot_safe,0,827,,1K,A2,jornal,0
220,mar,mar,"море",,,noun,build:pilot_ptpt_001_pilot_safe,0,828,,1K,A2,mar,0
221,pedro,pedro,"пётр",,,noun,build:pilot_ptpt_001_pilot_safe,0,830,,1K,A2,pedro,0
222,porta,"Что значит это слово?

porta","дверь",,,noun,build:pilot_ptpt_001_pilot_safe,1,832,,1K,A2,house_home,0
223,praia,"Что значит это слово?

praia","пляж",,,noun,build:pilot_ptpt_001_pilot_safe,1,833,,1K,A2,praia,0
224,revista,revista,"журнал",,,noun,build:pilot_ptpt_001_pilot_safe,0,836,,1K,A2,revista,0
225,clube,"Что значит это слово?

clube","клуб",,,noun,build:pilot_ptpt_001_pilot_safe,1,846,,1K,A2,clube,0
226,curso,"Что значит это слово?

curso","курс",,,noun,build:pilot_ptpt_001_pilot_safe,1,847,,1K,A2,curso,0
227,liga,"Что значит это слово?

liga","сплав",,,noun,build:pilot_ptpt_001_pilot_safe,1,854,,1K,A2,liga,0
228,"presença","Что значит это слово?

presença","присутствие",,,noun,build:pilot_ptpt_001_pilot_safe,1,855,,1K,A2,"presença",0
229,"rádio","Что значит это слово?

rádio","радий",,,noun,build:pilot_ptpt_001_pilot_safe,1,857,,1K,A2,"rádio",0
230,"experiência","experiência","опыт",,,noun,build:pilot_ptpt_001_pilot_safe,0,867,,1K,A2,"experiência",0
231,modelo,"Что значит это слово?

modelo","макет",,,noun,build:pilot_ptpt_001_pilot_safe,1,871,,1K,A2,modelo,0
232,natal,natal,"рождество",,,noun,build:pilot_ptpt_001_pilot_safe,0,872,,1K,A2,natal,0
233,"opinião","Что значит это слово?

opinião","взгляд",,,noun,build:pilot_ptpt_001_pilot_safe,1,874,,1K,A2,"opinião",0
234,ouro,"Что значит это слово?

ouro","бубны",,,noun,build:pilot_ptpt_001_pilot_safe,1,876,,1K,A2,ouro,0
235,"sábado","Что значит это слово?

sábado","суббота",,,noun,build:pilot_ptpt_001_pilot_safe,1,880,,1K,A2,"sábado",0
236,bairro,"Что значит это слово?

bairro","квартал",,,noun,build:pilot_ptpt_001_pilot_safe,1,883,,1K,A2,bairro,0
237,costa,"Что значит это слово?

costa","побережье",,,noun,build:pilot_ptpt_001_pilot_safe,1,885,,1K,A2,costa,0
238,crime,"Что значит это слово?

crime","преступление",,,noun,build:pilot_ptpt_001_pilot_safe,1,886,,1K,A2,crime,0
239,diretor,diretor,"директор",,,noun,build:pilot_ptpt_001_pilot_safe,0,888,,1K,A2,diretor,0
240,domingo,"Что значит это слово?

domingo","воскресенье",,,noun,build:pilot_ptpt_001_pilot_safe,1,889,,1K,A2,domingo,0
241,esperar,"Что значит это слово?

esperar","ждать",,,verb,build:pilot_ptpt_001_pilot_safe,1,891,,1K,A2,esperar,0
242,instituto,"Что значит это слово?

instituto","институт",,,noun,build:pilot_ptpt_001_pilot_safe,1,897,,1K,A2,instituto,0
243,companhia,companhia,"діло",,,noun,build:pilot_ptpt_001_pilot_safe,0,909,,1K,A2,companhia,0
244,dormir,"Что значит это слово?

dormir","спать",,,verb,build:pilot_ptpt_001_pilot_safe,1,912,,1K,A2,dormir,1
245,economia,economia,"экономика",,,noun,build:pilot_ptpt_001_pilot_safe,0,913,,1K,A2,economia,0
246,liberdade,liberdade,"свобода",,,noun,build:pilot_ptpt_001_pilot_safe,0,919,,1K,A2,liberdade,0
247,"seleção","seleção","отбор",,,noun,build:pilot_ptpt_001_pilot_safe,0,924,,1K,A2,"seleção",0
248,velho,velho,"старик",,,noun,build:pilot_ptpt_001_pilot_safe,0,927,,1K,A2,velho,0
249,cabelo,"Что значит это слово?

cabelo","волосы",,,noun,build:pilot_ptpt_001_pilot_safe,1,930,,1K,A2,cabelo,0
250,"café","Что значит это слово?

café","кофе",,,noun,build:pilot_ptpt_001_pilot_safe,1,931,,1K,A2,food_daily,0
251,dor,dor,"боль",,,noun,build:pilot_ptpt_001_pilot_safe,0,934,,1K,A2,dor,0
252,fogo,"Что значит это слово?

fogo","огонь",,,noun,build:pilot_ptpt_001_pilot_safe,1,938,,1K,A2,fogo,0
253,"irmã","Что значит это слово?

irmã","сестра",,,noun,build:pilot_ptpt_001_pilot_safe,1,939,,1K,A2,"irmã",0
254,"televisão","televisão","телевизор",,,noun,build:pilot_ptpt_001_pilot_safe,0,950,,1K,A2,"televisão",0
255,"direção","direção","направление",,,noun,build:pilot_ptpt_001_pilot_safe,0,954,,1K,A2,"direção",0
256,entrada,"Что значит это слово?

entrada","статья",,,noun,build:pilot_ptpt_001_pilot_safe,1,955,,1K,A2,entrada,0
257,massa,"Что значит это слово?

massa","масса",,,noun,build:pilot_ptpt_001_pilot_safe,1,964,,1K,A2,massa,0
258,"missão","missão","миссия",,,noun,build:pilot_ptpt_001_pilot_safe,0,965,,1K,A2,"missão",0
259,"médico","Что значит это слово?

médico","врач",,,noun,build:pilot_ptpt_001_pilot_safe,1,968,,1K,A2,health_body,0
260,"negócio","Что значит это слово?

negócio","сделка",,,noun,build:pilot_ptpt_001_pilot_safe,1,969,,1K,A2,"negócio",0
261,cama,"Что значит это слово?

cama","кровать",,,noun,build:pilot_ptpt_001_pilot_safe,1,982,,1K,A2,cama,0
262,"licença","Что значит это слово?

licença","разрешение",,,noun,build:pilot_ptpt_001_pilot_safe,1,988,,1K,A2,"licença",0
263,"mudança","Что значит это слово?

mudança","переезд",,,noun,build:pilot_ptpt_001_pilot_safe,1,991,,1K,A2,"mudança",0
264,"município","Что значит это слово?

município","муниципалитет",,,noun,build:pilot_ptpt_001_pilot_safe,1,992,,1K,A2,"município",0
265,"preço","preço","цена",,,noun,build:pilot_ptpt_001_pilot_safe,0,996,,1K,A2,shopping_money,0
266,qualidade,qualidade,"качество",,,noun,build:pilot_ptpt_001_pilot_safe,0,997,,1K,A2,qualidade,0
267,"aniversário","aniversário","день рождения",,,noun,build:pilot_ptpt_001_pilot_safe,0,1003,,2K,A2,time_basic,0
268,conversa,"Что значит это слово?

conversa","разговор",,,noun,build:pilot_ptpt_001_pilot_safe,1,1006,,2K,A2,conversa,0
270,esposa,esposa,"жена",,,noun,build:pilot_ptpt_001_pilot_safe,0,1010,,2K,A2,esposa,0
272,ilha,"Что значит это слово?

ilha","остров",,,noun,build:pilot_ptpt_001_pilot_safe,1,1012,,2K,A2,ilha,0
273,menina,"Что значит это слово?

menina","девочка",,,noun,build:pilot_ptpt_001_pilot_safe,1,1015,,2K,A2,menina,0
274,querer,"Что значит это слово?

querer","хотеть",,,verb,build:pilot_ptpt_001_pilot_safe,1,1021,,2K,A2,core_verbs,1
275,"verão","verão","лето",,,noun,build:pilot_ptpt_001_pilot_safe,0,1024,,2K,A2,"verão",0
276,esquerda,esquerda,"левый",,,noun,build:pilot_ptpt_001_pilot_safe,0,1028,,2K,A2,esquerda,0
277,conjunto,"Что значит это слово?

conjunto","множество",,,noun,build:pilot_ptpt_001_pilot_safe,1,1044,,2K,A2,conjunto,0
278,fernando,fernando,"фердинанд",,,noun,build:pilot_ptpt_001_pilot_safe,0,1046,,2K,A2,fernando,0
279,fome,"Что значит это слово?

fome","голод",,,noun,build:pilot_ptpt_001_pilot_safe,1,1047,,2K,A2,fome,0
280,leste,"Что значит это слово?

leste","восток",,,noun,build:pilot_ptpt_001_pilot_safe,1,1051,,2K,A2,leste,0
281,matar,"Что значит это слово?

matar","убивать",,,verb,build:pilot_ptpt_001_pilot_safe,1,1053,,2K,A2,matar,0
282,meia,"Что значит это слово?

meia","носок",,,noun,build:pilot_ptpt_001_pilot_safe,1,1054,,2K,A2,meia,0
283,parque,"Что значит это слово?

parque","парк",,,noun,build:pilot_ptpt_001_pilot_safe,1,1055,,2K,A2,parque,0
284,"reunião","Что значит это слово?

reunião","воссоединение",,,noun,build:pilot_ptpt_001_pilot_safe,1,1057,,2K,A2,"reunião",0
285,sonho,sonho,"сон",,,noun,build:pilot_ptpt_001_pilot_safe,0,1058,,2K,A2,sonho,0
286,transporte,"Что значит это слово?

transporte","перевозка",,,noun,build:pilot_ptpt_001_pilot_safe,1,1060,,2K,A2,transporte,0
287,cor,cor,"цвет",,,noun,build:pilot_ptpt_001_pilot_safe,0,1065,,2K,A2,cor,0
288,culpa,culpa,"вина",,,noun,build:pilot_ptpt_001_pilot_safe,0,1066,,2K,A2,culpa,0
289,dado,"Что значит это слово?

dado","кость",,,noun,build:pilot_ptpt_001_pilot_safe,1,1067,,2K,A2,dado,0
290,emprego,"Что значит это слово?

emprego","работа",,,noun,build:pilot_ptpt_001_pilot_safe,1,1071,,2K,A2,work_employment,0
291,"operação","operação","операция",,,noun,build:pilot_ptpt_001_pilot_safe,0,1081,,2K,A2,"operação",0
292,risco,risco,"риск",,,noun,build:pilot_ptpt_001_pilot_safe,0,1084,,2K,A2,risco,0
293,beleza,beleza,"красота",,,noun,build:pilot_ptpt_001_pilot_safe,0,1091,,2K,A2,beleza,0
294,"século","século","век",,,noun,build:pilot_ptpt_001_pilot_safe,0,1102,,2K,A2,"século",0
295,cinema,cinema,"кино",,,noun,build:pilot_ptpt_001_pilot_safe,0,1111,,2K,A2,cinema,0
296,classe,"Что значит это слово?

classe","класс",,,noun,build:pilot_ptpt_001_pilot_safe,1,1112,,2K,A2,classe,0
297,entrevista,entrevista,"беседа",,,noun,build:pilot_ptpt_001_pilot_safe,0,1115,,2K,A2,food_daily,0
299,pedido,"Что значит это слово?

pedido","приказ",,,noun,build:pilot_ptpt_001_pilot_safe,1,1126,,2K,A2,pedido,0
300,sangue,"Что значит это слово?

sangue","кровь",,,noun,build:pilot_ptpt_001_pilot_safe,1,1131,,2K,A2,sangue,0
301,sede,"Что значит это слово?

sede","жажда",,,noun,build:pilot_ptpt_001_pilot_safe,1,1132,,2K,A2,sede,0
302,som,"Что значит это слово?

som","звук",,,noun,build:pilot_ptpt_001_pilot_safe,1,1134,,2K,A2,som,0
303,"administração","administração","правление",,,noun,build:pilot_ptpt_001_pilot_safe,0,1135,,2K,A2,"administração",0
304,cena,"Что значит это слово?

cena","сцена",,,noun,build:pilot_ptpt_001_pilot_safe,1,1139,,2K,A2,shopping_money,0
305,"função","função","функция",,,noun,build:pilot_ptpt_001_pilot_safe,0,1146,,2K,A2,"função",0
306,membro,"Что значит это слово?

membro","член",,,noun,build:pilot_ptpt_001_pilot_safe,1,1148,,2K,A2,membro,0
307,"pressão","pressão","давление",,,noun,build:pilot_ptpt_001_pilot_safe,0,1151,,2K,A2,"pressão",0
308,procura,"Что значит это слово?

procura","поиск",,,noun,build:pilot_ptpt_001_pilot_safe,1,1152,,2K,A2,procura,0
309,andar,"Что значит это слово?

andar","ходить",,,verb,build:pilot_ptpt_001_pilot_safe,1,1159,,2K,A2,motion_basic,0
310,crise,"Что значит это слово?

crise","кризис",,,noun,build:pilot_ptpt_001_pilot_safe,0,1162,,2K,A2,crise,0
311,"céu","céu","небо",,,noun,build:pilot_ptpt_001_pilot_safe,0,1163,,2K,A2,"céu",0
313,evitar,"Что значит это слово?

evitar","избегать",,,verb,build:pilot_ptpt_001_pilot_safe,1,1168,,2K,A2,evitar,0
314,guarda,"Что значит это слово?

guarda","сторож",,,noun,build:pilot_ptpt_001_pilot_safe,1,1169,,2K,A2,guarda,0
315,"indústria","indústria","индустрия",,,noun,build:pilot_ptpt_001_pilot_safe,0,1171,,2K,A2,"indústria",0
316,sinal,sinal,"сигнал",,,noun,build:pilot_ptpt_001_pilot_safe,0,1179,,2K,A2,sinal,0
318,deputado,deputado,"депутат",,,noun,build:pilot_ptpt_001_pilot_safe,0,1188,,2K,A2,deputado,0
319,estrada,"Что значит это слово?

estrada","шоссе",,,noun,build:pilot_ptpt_001_pilot_safe,1,1192,,2K,A2,transport_mobility,0
320,festival,festival,"фестиваль",,,noun,build:pilot_ptpt_001_pilot_safe,0,1193,,2K,A2,festival,0
321,marido,"Что значит это слово?

marido","муж",,,noun,build:pilot_ptpt_001_pilot_safe,1,1197,,2K,A2,marido,0
322,rosto,"Что значит это слово?

rosto","лицо",,,noun,build:pilot_ptpt_001_pilot_safe,1,1199,,2K,A2,rosto,0
323,"saída","Что значит это слово?

saída","выход",,,noun,build:pilot_ptpt_001_pilot_safe,1,1201,,2K,A2,"saída",0
324,alma,"Что значит это слово?

alma","душа",,,noun,build:pilot_ptpt_001_pilot_safe,1,1205,,2K,A2,alma,0
325,caixa,"Что значит это слово?

caixa","ящик",,,noun,build:pilot_ptpt_001_pilot_safe,1,1208,,2K,A2,caixa,0
326,erro,"Что значит это слово?

erro","ошибка",,,noun,build:pilot_ptpt_001_pilot_safe,1,1209,,2K,A2,erro,0
327,"esperança","esperança","надежда",,,noun,build:pilot_ptpt_001_pilot_safe,0,1210,,2K,A2,"esperança",0
328,"lançamento","lançamento","выпуск",,,noun,build:pilot_ptpt_001_pilot_safe,0,1215,,2K,A2,"lançamento",0
329,"praça","praça","площадь",,,noun,build:pilot_ptpt_001_pilot_safe,0,1223,,2K,A2,"praça",0
330,rainha,"Что значит это слово?

rainha","королева",,,noun,build:pilot_ptpt_001_pilot_safe,1,1226,,2K,A2,rainha,0
331,"território","território","территория",,,noun,build:pilot_ptpt_001_pilot_safe,0,1229,,2K,A2,"território",0
332,bola,bola,"мяч",,,noun,build:pilot_ptpt_001_pilot_safe,0,1235,,2K,A2,bola,0
333,general,general,"генерал",,,noun,build:pilot_ptpt_001_pilot_safe,0,1240,,2K,A2,general,0
334,hotel,"Что значит это слово?

hotel","гостиница",,,noun,build:pilot_ptpt_001_pilot_safe,1,1241,,2K,A2,hotel,0
335,lixo,"Что значит это слово?

lixo","мусор",,,noun,build:pilot_ptpt_001_pilot_safe,1,1246,,2K,A2,lixo,0
336,"memória","Что значит это слово?

memória","память",,,noun,build:pilot_ptpt_001_pilot_safe,1,1249,,2K,A2,"memória",0
337,olho,olho,"око",,,noun,build:pilot_ptpt_001_pilot_safe,0,1251,,2K,A2,health_body,0
338,"relatório","Что значит это слово?

relatório","отчёт",,,noun,build:pilot_ptpt_001_pilot_safe,1,1258,,2K,A2,"relatório",0
339,telefone,telefone,"телефон",,,noun,build:pilot_ptpt_001_pilot_safe,0,1260,,2K,A2,telefone,0
340,trazer,"Что значит это слово?

trazer","принести",,,verb,build:pilot_ptpt_001_pilot_safe,1,1263,,2K,A2,motion_basic,1
341,troca,"Что значит это слово?

troca","обмен",,,noun,build:pilot_ptpt_001_pilot_safe,1,1264,,2K,A2,troca,0
342,"análise","Что значит это слово?

análise","обзор",,,noun,build:pilot_ptpt_001_pilot_safe,1,1268,,2K,A2,"análise",0
343,argentina,argentina,"аргентина",,,noun,build:pilot_ptpt_001_pilot_safe,0,1269,,2K,A2,argentina,0
344,chance,"Что значит это слово?

chance","шанс",,,noun,build:pilot_ptpt_001_pilot_safe,1,1271,,2K,A2,chance,0
345,"ciência","ciência","наука",,,noun,build:pilot_ptpt_001_pilot_safe,0,1272,,2K,A2,"ciência",0
346,destino,"Что значит это слово?

destino","судьба",,,noun,build:pilot_ptpt_001_pilot_safe,1,1277,,2K,A2,destino,0
347,"doença","doença","болезнь",,,noun,build:pilot_ptpt_001_pilot_safe,0,1279,,2K,A2,"doença",0
348,jogador,jogador,"игрок",,,noun,build:pilot_ptpt_001_pilot_safe,0,1285,,2K,A2,jogador,0
349,loja,loja,"магазин",,,noun,build:pilot_ptpt_001_pilot_safe,0,1287,,2K,A2,shopping_money,0
351,planeta,"Что значит это слово?

planeta","планета",,,noun,build:pilot_ptpt_001_pilot_safe,0,1291,,2K,A2,planeta,0
352,vice,vice,"вице",,,noun,build:pilot_ptpt_001_pilot_safe,0,1298,,2K,A2,vice,0
353,acidente,"Что значит это слово?

acidente","авария",,,noun,build:pilot_ptpt_001_pilot_safe,1,1301,,2K,A2,acidente,0
354,francisco,"Что значит это слово?

francisco","франциск",,,noun,build:pilot_ptpt_001_pilot_safe,1,1311,,2K,A2,francisco,0
356,categoria,categoria,"категория",,,noun,build:pilot_ptpt_001_pilot_safe,0,1328,,2K,A2,categoria,0
357,chave,"Что значит это слово?

chave","ключ",,,noun,build:pilot_ptpt_001_pilot_safe,1,1329,,2K,A2,chave,0
358,computador,computador,"компьютер",,,noun,build:pilot_ptpt_001_pilot_safe,0,1330,,2K,A2,computador,0
359,"distância","distância","расстояние",,,noun,build:pilot_ptpt_001_pilot_safe,0,1332,,2K,A2,"distância",0
360,"episódio","Что значит это слово?

episódio","эпизод",,,noun,build:pilot_ptpt_001_pilot_safe,1,1333,,2K,A2,"episódio",0
361,"espécie","espécie","вид",,,noun,build:pilot_ptpt_001_pilot_safe,0,1334,,2K,A2,"espécie",0
362,"vítima","Что значит это слово?

vítima","жертва",,,noun,build:pilot_ptpt_001_pilot_safe,1,1350,,2K,A2,"vítima",0
363,carnaval,carnaval,"карнавал",,,noun,build:pilot_ptpt_001_pilot_safe,0,1353,,2K,A2,carnaval,0
365,"constituição","constituição","конституция",,,noun,build:pilot_ptpt_001_pilot_safe,0,1355,,2K,A2,"constituição",0
366,contrato,"Что значит это слово?

contrato","договор",,,noun,build:pilot_ptpt_001_pilot_safe,1,1356,,2K,A2,contrato,0
367,"dúvida","Что значит это слово?

dúvida","сомнение",,,noun,build:pilot_ptpt_001_pilot_safe,1,1358,,2K,A2,"dúvida",0
368,juiz,"Что значит это слово?

juiz","судья",,,noun,build:pilot_ptpt_001_pilot_safe,1,1362,,2K,A2,juiz,0
369,mesa,"Что значит это слово?

mesa","стол",,,noun,build:pilot_ptpt_001_pilot_safe,1,1364,,2K,A2,mesa,0
372,quantidade,quantidade,"количество",,,noun,build:pilot_ptpt_001_pilot_safe,0,1371,,2K,A2,quantidade,0
373,roupa,"Что значит это слово?

roupa","костюм",,,noun,build:pilot_ptpt_001_pilot_safe,1,1372,,2K,A2,roupa,0
375,"solução","solução","раствор",,,noun,build:pilot_ptpt_001_pilot_safe,0,1374,,2K,A2,"solução",0
376,advogado,"Что значит это слово?

advogado","адвокат",,,noun,build:pilot_ptpt_001_pilot_safe,1,1377,,2K,A2,advogado,0
377,batalha,batalha,"бой",,,noun,build:pilot_ptpt_001_pilot_safe,0,1382,,2K,A2,batalha,0
378,"comércio","Что значит это слово?

comércio","торговля",,,noun,build:pilot_ptpt_001_pilot_safe,1,1385,,2K,A2,"comércio",0
379,eduardo,"Что значит это слово?

eduardo","эдуард",,,noun,build:pilot_ptpt_001_pilot_safe,1,1391,,2K,A2,eduardo,0
380,face,face,ru,,,noun,build:pilot_ptpt_001_pilot_safe,0,1395,,2K,A2,face,0
381,"física","física","физика",,,noun,build:pilot_ptpt_001_pilot_safe,0,1399,,2K,A2,"física",0
382,"graça","Что значит это слово?

graça","помилование",,,noun,build:pilot_ptpt_001_pilot_safe,1,1400,,2K,A2,"graça",0
383,seguro,"Что значит это слово?

seguro","страхование",,,noun,build:pilot_ptpt_001_pilot_safe,1,1410,,2K,A2,seguro,0
384,"silêncio","Что значит это слово?

silêncio","тишина",,,noun,build:pilot_ptpt_001_pilot_safe,1,1411,,2K,A2,"silêncio",0
385,teste,teste,"тест",,,noun,build:pilot_ptpt_001_pilot_safe,0,1412,,2K,A2,teste,0
387,"violência","violência","брутальность",,,noun,build:pilot_ptpt_001_pilot_safe,0,1414,,2K,A2,"violência",0
388,voto,voto,"голос",,,noun,build:pilot_ptpt_001_pilot_safe,0,1415,,2K,A2,voto,0
389,procurar,"Что значит это слово?

procurar","искать",,,verb,build:pilot_ptpt_001_pilot_safe,1,1444,,2K,A2,procurar,0
390,artista,artista,"артист",,,noun,build:pilot_ptpt_001_pilot_safe,0,1455,,2K,A2,artista,0
391,atividade,atividade,"активность",,,noun,build:pilot_ptpt_001_pilot_safe,0,1458,,2K,A2,atividade,0
392,"dança","dança","танец",,,noun,build:pilot_ptpt_001_pilot_safe,0,1462,,2K,A2,"dança",0
393,explicar,"Что значит это слово?

explicar","объяснить",,,verb,build:pilot_ptpt_001_pilot_safe,1,1464,,2K,A2,explicar,0
396,resolver,"Что значит это слово?

resolver","решить",,,verb,build:pilot_ptpt_001_pilot_safe,1,1476,,2K,A2,resolver,1
397,tiro,"Что значит это слово?

tiro","выстрел",,,noun,build:pilot_ptpt_001_pilot_safe,1,1480,,2K,A2,tiro,0
398,velocidade,velocidade,"скорость",,,noun,build:pilot_ptpt_001_pilot_safe,0,1482,,2K,A2,velocidade,0
399,foco,"Что значит это слово?

foco","фокус",,,noun,build:pilot_ptpt_001_pilot_safe,1,1491,,2K,A2,foco,0
400,jardim,"Что значит это слово?

jardim","сад",,,noun,build:pilot_ptpt_001_pilot_safe,1,1495,,2K,A2,jardim,0
401,melhorar,"Что значит это слово?

melhorar","улучшать",,,verb,build:pilot_ptpt_001_pilot_safe,1,1498,,2K,A2,melhorar,0
402,nove,nove,"девять",,,noun,build:pilot_ptpt_001_pilot_safe,0,1500,,2K,A2,nove,0
403,"opção","opção","вариант",,,noun,build:pilot_ptpt_001_pilot_safe,0,1501,,2K,B1,"opção",0
404,passagem,"Что значит это слово?

passagem","билет",,,noun,build:pilot_ptpt_001_pilot_safe,1,1502,,2K,B1,passagem,0
405,"príncipe","Что значит это слово?

príncipe","принц",,,noun,build:pilot_ptpt_001_pilot_safe,1,1505,,2K,B1,"príncipe",0
407,regime,"Что значит это слово?

regime","режим",,,noun,build:pilot_ptpt_001_pilot_safe,1,1507,,2K,B1,regime,0
408,beber,beber,"пить",,,verb,build:pilot_ptpt_001_pilot_safe,1,1521,,2K,B1,food_daily,1
409,clima,"Что значит это слово?

clima","климат",,,noun,build:pilot_ptpt_001_pilot_safe,1,1525,,2K,B1,clima,0
410,conceito,"Что значит это слово?

conceito","концепт",,,noun,build:pilot_ptpt_001_pilot_safe,1,1527,,2K,B1,conceito,0
412,espanhol,"Что значит это слово?

espanhol","испанский язык",,,noun,build:pilot_ptpt_001_pilot_safe,1,1534,,2K,B1,espanhol,0
413,jornalista,jornalista,"журналист",,,noun,build:pilot_ptpt_001_pilot_safe,0,1539,,2K,B1,jornalista,0
414,peso,peso,"вес",,,noun,build:pilot_ptpt_001_pilot_safe,0,1549,,2K,B1,peso,0
415,rosa,"Что значит это слово?

rosa","роза",,,noun,build:pilot_ptpt_001_pilot_safe,1,1551,,2K,B1,rosa,0
416,"usuário","usuário","участник",,,noun,build:pilot_ptpt_001_pilot_safe,0,1554,,2K,B1,time_basic,0
417,chuva,"Что значит это слово?

chuva","дождь",,,noun,build:pilot_ptpt_001_pilot_safe,1,1563,,2K,B1,chuva,0
418,jorge,"Что значит это слово?

jorge","георгий",,,noun,build:pilot_ptpt_001_pilot_safe,1,1574,,2K,B1,jorge,0
419,literatura,literatura,"литература",,,noun,build:pilot_ptpt_001_pilot_safe,0,1576,,2K,B1,literatura,0
421,possibilidade,possibilidade,"возможность",,,noun,build:pilot_ptpt_001_pilot_safe,0,1583,,2K,B1,possibilidade,0
422,"publicação","publicação","издание",,,noun,build:pilot_ptpt_001_pilot_safe,0,1585,,2K,B1,"publicação",0
423,"secretário","secretário","секретарь",,,noun,build:pilot_ptpt_001_pilot_safe,0,1589,,2K,B1,"secretário",0
424,taxa,"Что значит это слово?

taxa","налог",,,noun,build:pilot_ptpt_001_pilot_safe,1,1590,,2K,B1,bureaucracy_documents,0
425,teatro,"Что значит это слово?

teatro","театр",,,noun,build:pilot_ptpt_001_pilot_safe,1,1591,,2K,B1,teatro,0
426,universo,"Что значит это слово?

universo","вселенная",,,noun,build:pilot_ptpt_001_pilot_safe,1,1593,,2K,B1,universo,0
427,"álbum","Что значит это слово?

álbum","альбом",,,noun,build:pilot_ptpt_001_pilot_safe,1,1595,,2K,B1,"álbum",0
428,aeroporto,"Что значит это слово?

aeroporto","аэропорт",,,noun,build:pilot_ptpt_001_pilot_safe,1,1597,,2K,B1,aeroporto,0
429,calma,"Что значит это слово?

calma","штиль",,,noun,build:pilot_ptpt_001_pilot_safe,1,1600,,2K,B1,calma,0
430,coragem,"Что значит это слово?

coragem","доблесть",,,noun,build:pilot_ptpt_001_pilot_safe,1,1603,,2K,B1,coragem,0
431,correr,"Что значит это слово?

correr","бегать",,,verb,build:pilot_ptpt_001_pilot_safe,1,1604,,2K,B1,motion_basic,1
432,cruz,"Что значит это слово?

cruz","крест",,,noun,build:pilot_ptpt_001_pilot_safe,1,1606,,2K,B1,cruz,0
433,"câncer","câncer","рак",,,noun,build:pilot_ptpt_001_pilot_safe,0,1607,,2K,B1,"câncer",0
434,lua,lua,"луна",,,noun,build:pilot_ptpt_001_pilot_safe,0,1619,,2K,B1,lua,0
435,queda,"Что значит это слово?

queda","падение",,,noun,build:pilot_ptpt_001_pilot_safe,1,1623,,2K,B1,queda,0
436,"resistência","resistência","сопротивление",,,noun,build:pilot_ptpt_001_pilot_safe,0,1626,,2K,B1,"resistência",0
437,"revolução","revolução","переворот",,,noun,build:pilot_ptpt_001_pilot_safe,0,1627,,2K,B1,"revolução",0
438,setor,setor,"сектор",,,noun,build:pilot_ptpt_001_pilot_safe,0,1629,,2K,B1,setor,0
439,"campeão","Что значит это слово?

campeão","чемпион",,,noun,build:pilot_ptpt_001_pilot_safe,1,1634,,2K,B1,"campeão",0
440,contexto,contexto,"контекст",,,noun,build:pilot_ptpt_001_pilot_safe,0,1637,,2K,B1,contexto,0
441,"escritório","Что значит это слово?

escritório","бюро",,,noun,build:pilot_ptpt_001_pilot_safe,1,1644,,2K,B1,"escritório",0
442,oeste,"Что значит это слово?

oeste","запад",,,noun,build:pilot_ptpt_001_pilot_safe,1,1651,,2K,B1,oeste,0
443,pedra,"Что значит это слово?

pedra","камень",,,noun,build:pilot_ptpt_001_pilot_safe,1,1653,,2K,B1,pedra,0
444,pele,"Что значит это слово?

pele","шкура",,,noun,build:pilot_ptpt_001_pilot_safe,1,1654,,2K,B1,pele,0
445,surpresa,"Что значит это слово?

surpresa","сюрприз",,,noun,build:pilot_ptpt_001_pilot_safe,1,1657,,2K,B1,surpresa,0
446,tentativa,tentativa,"попытка",,,noun,build:pilot_ptpt_001_pilot_safe,0,1659,,2K,B1,tentativa,0
447,teoria,teoria,"теория",,,noun,build:pilot_ptpt_001_pilot_safe,0,1660,,2K,B1,teoria,0
448,tocar,tocar,"играть",,,verb,build:pilot_ptpt_001_pilot_safe,1,1662,,2K,B1,tocar,1
449,"técnica","técnica","техника",,,noun,build:pilot_ptpt_001_pilot_safe,0,1663,,2K,B1,"técnica",0
450,"índia","índia","индия",,,noun,build:pilot_ptpt_001_pilot_safe,0,1664,,2K,B1,"índia",0
451,academia,"Что значит это слово?

academia","академия",,,noun,build:pilot_ptpt_001_pilot_safe,1,1665,,2K,B1,academia,0
452,"consciência","consciência","сознание",,,noun,build:pilot_ptpt_001_pilot_safe,0,1670,,2K,B1,"consciência",0
453,esquecer,"Что значит это слово?

esquecer","забыть",,,verb,build:pilot_ptpt_001_pilot_safe,1,1674,,2K,B1,esquecer,1
454,portal,portal,"портал",,,noun,build:pilot_ptpt_001_pilot_safe,0,1685,,2K,B1,portal,0
455,"prédio","Что значит это слово?

prédio","здание",,,noun,build:pilot_ptpt_001_pilot_safe,1,1688,,2K,B1,"prédio",0
456,vergonha,"Что значит это слово?

vergonha","стыд",,,noun,build:pilot_ptpt_001_pilot_safe,1,1692,,2K,B1,vergonha,0
457,visitar,"Что значит это слово?

visitar","посещать",,,verb,build:pilot_ptpt_001_pilot_safe,1,1693,,2K,B1,visitar,0
458,alegria,"Что значит это слово?

alegria","радость",,,noun,build:pilot_ptpt_001_pilot_safe,1,1696,,2K,B1,alegria,0
459,animal,animal,"зверь",,,noun,build:pilot_ptpt_001_pilot_safe,0,1697,,2K,B1,animal,0
460,"apresentação","apresentação","подача",,,noun,build:pilot_ptpt_001_pilot_safe,0,1698,,2K,B1,"apresentação",0
461,autoridade,autoridade,"авторитет",,,noun,build:pilot_ptpt_001_pilot_safe,0,1699,,2K,B1,autoridade,0
462,carne,"Что значит это слово?

carne","мясо",,,noun,build:pilot_ptpt_001_pilot_safe,1,1700,,2K,B1,carne,0
463,del,"Что значит это слово?

del","набла",,,noun,build:pilot_ptpt_001_pilot_safe,0,1706,,2K,B1,del,0
464,"distribuição","distribuição","pаспределение",,,noun,build:pilot_ptpt_001_pilot_safe,0,1707,,2K,B1,"distribuição",0
465,leite,"Что значит это слово?

leite","молоко",,,noun,build:pilot_ptpt_001_pilot_safe,1,1711,,2K,B1,leite,0
466,pensamento,pensamento,"мышление",,,noun,build:pilot_ptpt_001_pilot_safe,0,1718,,2K,B1,pensamento,0
467,posto,posto,"азс",,,noun,build:pilot_ptpt_001_pilot_safe,0,1722,,2K,B1,posto,0
468,"religião","Что значит это слово?

religião","религия",,,noun,build:pilot_ptpt_001_pilot_safe,1,1723,,2K,B1,"religião",0
469,alemanha,alemanha,"германия",,,noun,build:pilot_ptpt_001_pilot_safe,0,1732,,2K,B1,alemanha,0
470,costas,"Что значит это слово?

costas","спина",,,noun,build:pilot_ptpt_001_pilot_safe,1,1739,,2K,B1,costas,0
471,cozinha,"Что значит это слово?

cozinha","кухня",,,noun,build:pilot_ptpt_001_pilot_safe,1,1740,,2K,B1,house_home,0
472,escrita,"Что значит это слово?

escrita","письмо",,,noun,build:pilot_ptpt_001_pilot_safe,1,1742,,2K,B1,escrita,0
473,floresta,"Что значит это слово?

floresta","лес",,,noun,build:pilot_ptpt_001_pilot_safe,1,1745,,2K,B1,floresta,0
474,golpe,"Что значит это слово?

golpe","путч",,,noun,build:pilot_ptpt_001_pilot_safe,1,1747,,2K,B1,golpe,0
475,"gás","Что значит это слово?

gás","газ",,,noun,build:pilot_ptpt_001_pilot_safe,1,1748,,2K,B1,"gás",0
476,marco,"Что значит это слово?

marco","марка",,,noun,build:pilot_ptpt_001_pilot_safe,1,1754,,2K,B1,marco,0
478,volume,"Что значит это слово?

volume","объём",,,noun,build:pilot_ptpt_001_pilot_safe,1,1765,,2K,B1,volume,0
479,"década","Что значит это слово?

década","десятилетие",,,noun,build:pilot_ptpt_001_pilot_safe,1,1775,,2K,B1,"década",0
480,enviar,"Что значит это слово?

enviar","послать",,,verb,build:pilot_ptpt_001_pilot_safe,1,1777,,2K,B1,enviar,0
481,"irão","irão","иран",,,noun,build:pilot_ptpt_001_pilot_safe,0,1785,,2K,B1,"irão",0
482,"matemática","matemática","математика",,,noun,build:pilot_ptpt_001_pilot_safe,0,1788,,2K,B1,"matemática",0
483,"máquina","Что значит это слово?

máquina","машина",,,noun,build:pilot_ptpt_001_pilot_safe,1,1790,,2K,B1,transport_mobility,0
484,parecer,"Что значит это слово?

parecer","казаться",,,verb,build:pilot_ptpt_001_pilot_safe,1,1794,,2K,B1,parecer,1
485,princesa,"Что значит это слово?

princesa","принцесса",,,noun,build:pilot_ptpt_001_pilot_safe,1,1797,,2K,B1,princesa,0
486,ricardo,"Что значит это слово?

ricardo","ричард",,,noun,build:pilot_ptpt_001_pilot_safe,1,1799,,2K,B1,ricardo,0
487,humor,humor,"юмор",,,noun,build:pilot_ptpt_001_pilot_safe,0,1815,,2K,B1,humor,0
488,iniciativa,iniciativa,"инициатива",,,noun,build:pilot_ptpt_001_pilot_safe,0,1816,,2K,B1,iniciativa,0
489,museu,"Что значит это слово?

museu","музей",,,noun,build:pilot_ptpt_001_pilot_safe,0,1822,,2K,B1,museu,0
490,"almoço","Что значит это слово?

almoço","обед",,,noun,build:pilot_ptpt_001_pilot_safe,1,1835,,2K,B1,"almoço",0
491,cadeia,cadeia,"цепь",,,noun,build:pilot_ptpt_001_pilot_safe,0,1838,,2K,B1,cadeia,0
492,calor,calor,"жара",,,noun,build:pilot_ptpt_001_pilot_safe,0,1839,,2K,B1,calor,0
493,chegada,"Что значит это слово?

chegada","финиш",,,noun,build:pilot_ptpt_001_pilot_safe,1,1842,,2K,B1,chegada,0
494,homenagem,"Что значит это слово?

homenagem","почитание",,,noun,build:pilot_ptpt_001_pilot_safe,1,1847,,2K,B1,homenagem,0
495,mapa,mapa,"географическая карта",,,noun,build:pilot_ptpt_001_pilot_safe,0,1853,,2K,B1,mapa,0
496,medicina,"Что значит это слово?

medicina","медицина",,,noun,build:pilot_ptpt_001_pilot_safe,1,1854,,2K,B1,medicina,0
497,ponte,ponte,"мост",,,noun,build:pilot_ptpt_001_pilot_safe,0,1859,,2K,B1,ponte,0
498,produto,produto,"продукция",,,noun,build:pilot_ptpt_001_pilot_safe,0,1861,,2K,B1,produto,0
499,salvar,"Что значит это слово?

salvar","спасать",,,verb,build:pilot_ptpt_001_pilot_safe,1,1865,,2K,B1,salvar,0
500,sentimento,sentimento,"чувство",,,noun,build:pilot_ptpt_001_pilot_safe,0,1866,,2K,B1,sentimento,0
501,"comentário","comentário","замечание",,,noun,build:pilot_ptpt_001_pilot_safe,0,1876,,2K,B1,"comentário",0
502,concurso,"Что значит это слово?

concurso","конкурс",,,noun,build:pilot_ptpt_001_pilot_safe,1,1877,,2K,B1,concurso,0
503,desenho,"Что значит это слово?

desenho","рисунок",,,noun,build:pilot_ptpt_001_pilot_safe,1,1879,,2K,B1,desenho,0
504,formato,"Что значит это слово?

formato","формат",,,noun,build:pilot_ptpt_001_pilot_safe,1,1886,,2K,B1,formato,0
505,fotografia,fotografia,"фотография",,,noun,build:pilot_ptpt_001_pilot_safe,0,1887,,2K,B1,fotografia,0
506,"intenção","intenção","намерение",,,noun,build:pilot_ptpt_001_pilot_safe,0,1891,,2K,B1,"intenção",0
508,perigo,"Что значит это слово?

perigo","опасность",,,noun,build:pilot_ptpt_001_pilot_safe,1,1902,,2K,B1,perigo,0
509,potencial,potencial,"возможность",,,noun,build:pilot_ptpt_001_pilot_safe,0,1904,,2K,B1,potencial,0
511,raiva,raiva,"бешенство",,,noun,build:pilot_ptpt_001_pilot_safe,0,1906,,2K,B1,raiva,0
512,"sítio","sítio","осада",,,noun,build:pilot_ptpt_001_pilot_safe,0,1908,,2K,B1,"sítio",0
513,apartamento,apartamento,"квартира",,,noun,build:pilot_ptpt_001_pilot_safe,0,1912,,2K,B1,house_home,0
514,arma,"Что значит это слово?

arma","оружие",,,noun,build:pilot_ptpt_001_pilot_safe,1,1913,,2K,B1,arma,0
515,"esforço","Что значит это слово?

esforço","усилие",,,noun,build:pilot_ptpt_001_pilot_safe,1,1924,,2K,B1,"esforço",0
516,figura,figura,"образ",,,noun,build:pilot_ptpt_001_pilot_safe,0,1929,,2K,B1,figura,0
517,folha,folha,"лист",,,noun,build:pilot_ptpt_001_pilot_safe,0,1930,,2K,B1,folha,0
518,"infância","infância","детство",,,noun,build:pilot_ptpt_001_pilot_safe,0,1932,,2K,B1,"infância",0
519,israel,israel,"израиль",,,noun,build:pilot_ptpt_001_pilot_safe,0,1933,,2K,B1,israel,0
521,mau,mau,"плохой",,,noun,build:pilot_ptpt_001_pilot_safe,0,1936,,2K,B1,mau,0
522,precisar,"Что значит это слово?

precisar","нуждаться",,,verb,build:pilot_ptpt_001_pilot_safe,1,1941,,2K,B1,precisar,0
523,"pão","Что значит это слово?

pão","хлеб",,,noun,build:pilot_ptpt_001_pilot_safe,1,1942,,2K,B1,food_daily,0
524,roberto,"Что значит это слово?

roberto","роберт",,,noun,build:pilot_ptpt_001_pilot_safe,0,1946,,2K,B1,roberto,0
526,tela,"Что значит это слово?

tela","экран",,,noun,build:pilot_ptpt_001_pilot_safe,1,1952,,2K,B1,tela,0
527,tira,"Что значит это слово?

tira","полоса",,,noun,build:pilot_ptpt_001_pilot_safe,1,1953,,2K,B1,tira,0
528,vento,"Что значит это слово?

vento","ветер",,,noun,build:pilot_ptpt_001_pilot_safe,1,1954,,2K,B1,vento,0
529,atitude,atitude,"установка",,,noun,build:pilot_ptpt_001_pilot_safe,0,1957,,2K,B1,atitude,0
530,bateria,"Что значит это слово?

bateria","батарея",,,noun,build:pilot_ptpt_001_pilot_safe,1,1959,,2K,B1,bateria,0
531,crescer,"Что значит это слово?

crescer","расти",,,verb,build:pilot_ptpt_001_pilot_safe,1,1965,,2K,B1,crescer,1
532,"discussão","discussão","обсуждение",,,noun,build:pilot_ptpt_001_pilot_safe,0,1970,,2K,B1,"discussão",0
533,estrela,"Что значит это слово?

estrela","звезда",,,noun,build:pilot_ptpt_001_pilot_safe,1,1975,,2K,B1,estrela,0
534,"independência","independência","независимость",,,noun,build:pilot_ptpt_001_pilot_safe,0,1980,,2K,B1,"independência",0
535,"leão","leão","лев",,,noun,build:pilot_ptpt_001_pilot_safe,0,1981,,2K,B1,"leão",0
536,quadro,"Что значит это слово?

quadro","кадр",,,noun,build:pilot_ptpt_001_pilot_safe,1,1991,,2K,B1,quadro,0
537,raio,"Что значит это слово?

raio","молния",,,noun,build:pilot_ptpt_001_pilot_safe,1,1993,,2K,B1,raio,0
538,senado,"Что значит это слово?

senado","сенат",,,noun,build:pilot_ptpt_001_pilot_safe,1,1996,,2K,B1,senado,0
539,senador,senador,"сенатор",,,noun,build:pilot_ptpt_001_pilot_safe,0,1997,,2K,B1,senador,0
540,"transmissão","transmissão","коробка передач",,,noun,build:pilot_ptpt_001_pilot_safe,0,1998,,2K,B1,food_daily,0
541,grau,"Что значит это слово?

grau","градус",,,noun,build:pilot_ptpt_001_pilot_safe,1,2014,,5K,B1,grau,0
542,inferno,inferno,"ад",,,noun,build:pilot_ptpt_001_pilot_safe,0,2015,,5K,B1,inferno,0
543,parede,"Что значит это слово?

parede","стена",,,noun,build:pilot_ptpt_001_pilot_safe,1,2020,,5K,B1,parede,0
544,decreto,decreto,"декрет",,,noun,build:pilot_ptpt_001_pilot_safe,0,2041,,5K,B1,decreto,0
545,esporte,"Что значит это слово?

esporte","спорт",,,noun,build:pilot_ptpt_001_pilot_safe,1,2049,,5K,B1,esporte,0
546,guia,guia,"гид",,,noun,build:pilot_ptpt_001_pilot_safe,0,2053,,5K,B1,guia,0
547,henrique,henrique,"генрих",,,noun,build:pilot_ptpt_001_pilot_safe,0,2054,,5K,B1,henrique,0
548,jantar,jantar,"обед",,,noun,build:pilot_ptpt_001_pilot_safe,0,2055,,5K,B1,jantar,0
549,leitura,leitura,"чтение",,,noun,build:pilot_ptpt_001_pilot_safe,0,2056,,5K,B1,leitura,0
550,onda,"Что значит это слово?

onda","волна",,,noun,build:pilot_ptpt_001_pilot_safe,1,2059,,5K,B1,onda,0
551,par,par,"пара",,,noun,build:pilot_ptpt_001_pilot_safe,0,2060,,5K,B1,par,0
552,cheiro,"Что значит это слово?

cheiro","запах",,,noun,build:pilot_ptpt_001_pilot_safe,1,2083,,5K,B1,cheiro,0
553,cliente,cliente,"клиент",,,noun,build:pilot_ptpt_001_pilot_safe,0,2084,,5K,B1,cliente,0
554,"coleção","coleção","собрание",,,noun,build:pilot_ptpt_001_pilot_safe,0,2085,,5K,B1,"coleção",0
555,ferro,ferro,"железо",,,noun,build:pilot_ptpt_001_pilot_safe,0,2093,,5K,B1,ferro,0
556,frase,frase,"фраза",,,noun,build:pilot_ptpt_001_pilot_safe,0,2094,,5K,B1,frase,0
557,honra,honra,"честь",,,noun,build:pilot_ptpt_001_pilot_safe,0,2097,,5K,B1,honra,0
558,humanidade,humanidade,"гуманность",,,noun,build:pilot_ptpt_001_pilot_safe,0,2098,,5K,B1,humanidade,0
559,juventude,"Что значит это слово?

juventude","юность",,,noun,build:pilot_ptpt_001_pilot_safe,1,2102,,5K,B1,juventude,0
560,novela,"Что значит это слово?

novela","новелла",,,noun,build:pilot_ptpt_001_pilot_safe,1,2109,,5K,B1,novela,0
561,produzir,produzir,"производить",,,verb,build:pilot_ptpt_001_pilot_safe,1,2112,,5K,B1,produzir,1
562,"província","província","провинция",,,noun,build:pilot_ptpt_001_pilot_safe,0,2113,,5K,B1,"província",0
564,"tradição","tradição","традиция",,,noun,build:pilot_ptpt_001_pilot_safe,0,2121,,5K,B1,"tradição",0
565,bandeira,"Что значит это слово?

bandeira","флаг",,,noun,build:pilot_ptpt_001_pilot_safe,1,2128,,5K,B1,bandeira,0
566,bolsa,"Что значит это слово?

bolsa","стипендия",,,noun,build:pilot_ptpt_001_pilot_safe,1,2129,,5K,B1,bolsa,0
567,"braço","Что значит это слово?

braço","рука",,,noun,build:pilot_ptpt_001_pilot_safe,1,2130,,5K,B1,"braço",0
569,camisa,"Что значит это слово?

camisa","рубашка",,,noun,build:pilot_ptpt_001_pilot_safe,1,2132,,5K,B1,camisa,0
570,conflito,"Что значит это слово?

conflito","конфликт",,,noun,build:pilot_ptpt_001_pilot_safe,1,2133,,5K,B1,conflito,0
571,consumo,"Что значит это слово?

consumo","потребление",,,noun,build:pilot_ptpt_001_pilot_safe,1,2134,,5K,B1,consumo,0
572,felicidade,felicidade,"счастье",,,noun,build:pilot_ptpt_001_pilot_safe,0,2142,,5K,B1,time_basic,0
574,moda,"Что значит это слово?

moda","мода",,,noun,build:pilot_ptpt_001_pilot_safe,1,2154,,5K,B1,moda,0
576,renda,"Что значит это слово?

renda","доход",,,noun,build:pilot_ptpt_001_pilot_safe,1,2162,,5K,B1,renda,0
577,vinho,"Что значит это слово?

vinho","вино",,,noun,build:pilot_ptpt_001_pilot_safe,1,2169,,5K,B1,food_daily,0
579,"câmera","Что значит это слово?

câmera","камера",,,noun,build:pilot_ptpt_001_pilot_safe,1,2181,,5K,B1,"câmera",0
580,democracia,democracia,"демократия",,,noun,build:pilot_ptpt_001_pilot_safe,0,2184,,5K,B1,democracia,0
581,horizonte,horizonte,"горизонт",,,noun,build:pilot_ptpt_001_pilot_safe,0,2189,,5K,B1,horizonte,0
584,limite,"Что значит это слово?

limite","предел",,,noun,build:pilot_ptpt_001_pilot_safe,1,2198,,5K,B1,limite,0
586,motor,motor,"мотор",,,noun,build:pilot_ptpt_001_pilot_safe,0,2202,,5K,B1,motor,0
588,segredo,"Что значит это слово?

segredo","тайна",,,noun,build:pilot_ptpt_001_pilot_safe,1,2209,,5K,B1,segredo,0
589,tio,"Что значит это слово?

tio","дядя",,,noun,build:pilot_ptpt_001_pilot_safe,1,2211,,5K,B1,tio,0
590,turismo,turismo,"туризм",,,noun,build:pilot_ptpt_001_pilot_safe,0,2212,,5K,B1,turismo,0
591,"alcançar","Что значит это слово?

alcançar","достичь",,,verb,build:pilot_ptpt_001_pilot_safe,1,2214,,5K,B1,"alcançar",1
592,amizade,"Что значит это слово?

amizade","дружба",,,noun,build:pilot_ptpt_001_pilot_safe,1,2215,,5K,B1,amizade,0
593,cantar,"Что значит это слово?

cantar","петь",,,verb,build:pilot_ptpt_001_pilot_safe,1,2221,,5K,B1,cantar,0
594,cerveja,"Что значит это слово?

cerveja","пиво",,,noun,build:pilot_ptpt_001_pilot_safe,1,2225,,5K,B1,cerveja,0
595,"edifício","edifício","здание",,,noun,build:pilot_ptpt_001_pilot_safe,0,2230,,5K,B1,"edifício",0
597,letra,"Что значит это слово?

letra","буква",,,noun,build:pilot_ptpt_001_pilot_safe,1,2238,,5K,B1,letra,0
598,mentira,"Что значит это слово?

mentira","ложь",,,noun,build:pilot_ptpt_001_pilot_safe,1,2243,,5K,B1,mentira,0
599,"nação","nação","нация",,,noun,build:pilot_ptpt_001_pilot_safe,0,2246,,5K,B1,"nação",0
600,"resolução","resolução","решение",,,noun,build:pilot_ptpt_001_pilot_safe,0,2254,,5K,B1,"resolução",0
601,vinte,vinte,"двадцать",,,noun,build:pilot_ptpt_001_pilot_safe,0,2258,,5K,B1,vinte,0
602,"árvore","Что значит это слово?

árvore","дерево",,,noun,build:pilot_ptpt_001_pilot_safe,1,2261,,5K,B1,"árvore",0
603,"avião","Что значит это слово?

avião","самолёт",,,noun,build:pilot_ptpt_001_pilot_safe,1,2262,,5K,B1,transport_mobility,0
604,coronel,"Что значит это слово?

coronel","полковник",,,noun,build:pilot_ptpt_001_pilot_safe,1,2268,,5K,B1,coronel,0
605,debate,"Что значит это слово?

debate","дебаты",,,noun,build:pilot_ptpt_001_pilot_safe,1,2270,,5K,B1,debate,0
606,"evolução","evolução","эволюция",,,noun,build:pilot_ptpt_001_pilot_safe,0,2271,,5K,B1,"evolução",0
607,gato,"Что значит это слово?

gato","кот",,,noun,build:pilot_ptpt_001_pilot_safe,1,2273,,5K,B1,gato,0
608,inverno,"Что значит это слово?

inverno","зима",,,noun,build:pilot_ptpt_001_pilot_safe,1,2275,,5K,B1,inverno,0
610,"paixão","Что значит это слово?

paixão","страсть",,,noun,build:pilot_ptpt_001_pilot_safe,1,2282,,5K,B1,"paixão",0
612,significado,"Что значит это слово?

significado","значение",,,noun,build:pilot_ptpt_001_pilot_safe,1,2291,,5K,B1,significado,0
613,sobretudo,"Что значит это слово?

sobretudo","плащ",,,noun,build:pilot_ptpt_001_pilot_safe,1,2292,,5K,B1,sobretudo,0
614,aldeia,"Что значит это слово?

aldeia","деревня",,,noun,build:pilot_ptpt_001_pilot_safe,1,2300,,5K,B1,aldeia,0
615,biblioteca,biblioteca,"библиотека",,,noun,build:pilot_ptpt_001_pilot_safe,0,2306,,5K,B1,biblioteca,0
616,cachorro,"Что значит это слово?

cachorro","собака",,,noun,build:pilot_ptpt_001_pilot_safe,1,2308,,5K,B1,cachorro,0
617,carga,"Что значит это слово?

carga","груз",,,noun,build:pilot_ptpt_001_pilot_safe,1,2309,,5K,B1,carga,0
618,corrente,"Что значит это слово?

corrente","цепь",,,noun,build:pilot_ptpt_001_pilot_safe,1,2313,,5K,B1,corrente,0
619,escala,"Что значит это слово?

escala","масштаб",,,noun,build:pilot_ptpt_001_pilot_safe,1,2320,,5K,B1,escala,0
622,gelo,"Что значит это слово?

gelo","лёд",,,noun,build:pilot_ptpt_001_pilot_safe,1,2325,,5K,B1,gelo,0
623,"laboratório","laboratório","лаборатория",,,noun,build:pilot_ptpt_001_pilot_safe,0,2329,,5K,B1,"laboratório",0
624,peixe,"Что значит это слово?

peixe","рыба",,,noun,build:pilot_ptpt_001_pilot_safe,1,2341,,5K,B1,peixe,0
627,amar,"Что значит это слово?

amar","любить",,,verb,build:pilot_ptpt_001_pilot_safe,1,2349,,5K,B1,amar,0
628,"ausência","ausência","отсутствие",,,noun,build:pilot_ptpt_001_pilot_safe,0,2353,,5K,B1,"ausência",0
629,aviso,"Что значит это слово?

aviso","предупреждение",,,noun,build:pilot_ptpt_001_pilot_safe,1,2354,,5K,B1,aviso,0
630,bomba,"Что значит это слово?

bomba","бомба",,,noun,build:pilot_ptpt_001_pilot_safe,1,2356,,5K,B1,bomba,0
631,cantor,cantor,"певец",,,noun,build:pilot_ptpt_001_pilot_safe,0,2357,,5K,B1,cantor,0
632,"canção","canção","песнь",,,noun,build:pilot_ptpt_001_pilot_safe,0,2358,,5K,B1,"canção",0
633,conto,"Что значит это слово?

conto","рассказ",,,noun,build:pilot_ptpt_001_pilot_safe,1,2366,,5K,B1,conto,0
634,"descrição","descrição","описание",,,noun,build:pilot_ptpt_001_pilot_safe,0,2369,,5K,B1,"descrição",0
635,filosofia,"Что значит это слово?

filosofia","философия",,,noun,build:pilot_ptpt_001_pilot_safe,1,2374,,5K,B1,filosofia,0
636,impedir,"Что значит это слово?

impedir","мешать",,,verb,build:pilot_ptpt_001_pilot_safe,1,2378,,5K,B1,impedir,1
637,"lança","lança","копьё",,,noun,build:pilot_ptpt_001_pilot_safe,0,2380,,5K,B1,"lança",0
638,piloto,"Что значит это слово?

piloto","пилот",,,noun,build:pilot_ptpt_001_pilot_safe,1,2389,,5K,B1,piloto,0
639,"salário","salário","зарплата",,,noun,build:pilot_ptpt_001_pilot_safe,0,2396,,5K,B1,work_employment,0
640,tia,"Что значит это слово?

tia","тётя",,,noun,build:pilot_ptpt_001_pilot_safe,1,2401,,5K,B1,tia,0
643,"definição","definição","определение",,,noun,build:pilot_ptpt_001_pilot_safe,0,2416,,5K,B1,"definição",0
644,estudante,"Что значит это слово?

estudante","ученик",,,noun,build:pilot_ptpt_001_pilot_safe,1,2420,,5K,B1,estudante,0
647,navio,"Что значит это слово?

navio","корабль",,,noun,build:pilot_ptpt_001_pilot_safe,1,2433,,5K,B1,navio,0
648,"palácio","Что значит это слово?

palácio","дворец",,,noun,build:pilot_ptpt_001_pilot_safe,1,2435,,5K,B1,"palácio",0
650,"química","Что значит это слово?

química","химия",,,noun,build:pilot_ptpt_001_pilot_safe,1,2440,,5K,B1,"química",0
651,temperatura,temperatura,"температура",,,noun,build:pilot_ptpt_001_pilot_safe,0,2445,,5K,B1,temperatura,0
652,"tendência","tendência","тенденция",,,noun,build:pilot_ptpt_001_pilot_safe,0,2446,,5K,B1,"tendência",0
653,beijo,"Что значит это слово?

beijo","поцелуй",,,noun,build:pilot_ptpt_001_pilot_safe,1,2464,,5K,B1,beijo,0
654,chile,"Что значит это слово?

chile","чили",,,noun,build:pilot_ptpt_001_pilot_safe,0,2468,,5K,B1,chile,0
655,"cérebro","Что значит это слово?

cérebro","головной мозг",,,noun,build:pilot_ptpt_001_pilot_safe,1,2471,,5K,B1,"cérebro",0
656,dona,"Что значит это слово?

dona","женщина",,,noun,build:pilot_ptpt_001_pilot_safe,1,2475,,5K,B1,dona,0
657,"intervenção","intervenção","вмешательство",,,noun,build:pilot_ptpt_001_pilot_safe,0,2482,,5K,B1,"intervenção",0
658,representante,"Что значит это слово?

representante","староста",,,noun,build:pilot_ptpt_001_pilot_safe,1,2495,,5K,B1,representante,0
659,tratado,"Что значит это слово?

tratado","трактат",,,noun,build:pilot_ptpt_001_pilot_safe,1,2497,,5K,B1,tratado,0
661,atriz,atriz,"актриса",,,noun,build:pilot_ptpt_001_pilot_safe,0,2506,,5K,B1,atriz,0
662,brincadeira,"Что значит это слово?

brincadeira","шутка",,,noun,build:pilot_ptpt_001_pilot_safe,1,2508,,5K,B1,brincadeira,0
663,"impressão","impressão","впечатление",,,noun,build:pilot_ptpt_001_pilot_safe,0,2518,,5K,B1,"impressão",0
665,neto,"Что значит это слово?

neto","внук",,,noun,build:pilot_ptpt_001_pilot_safe,1,2525,,5K,B1,neto,0
666,oferta,"Что значит это слово?

oferta","оферта",,,noun,build:pilot_ptpt_001_pilot_safe,1,2526,,5K,B1,oferta,0
667,piscina,"Что значит это слово?

piscina","бассейн",,,noun,build:pilot_ptpt_001_pilot_safe,1,2532,,5K,B1,piscina,0
668,"raça","Что значит это слово?

raça","раса",,,noun,build:pilot_ptpt_001_pilot_safe,1,2535,,5K,B1,"raça",0
669,restaurante,"Что значит это слово?

restaurante","ресторан",,,noun,build:pilot_ptpt_001_pilot_safe,1,2538,,5K,B1,restaurante,0
670,sofrimento,sofrimento,"страдание",,,noun,build:pilot_ptpt_001_pilot_safe,0,2541,,5K,B1,sofrimento,0
672,"veículo","veículo","транспортное средство",,,noun,build:pilot_ptpt_001_pilot_safe,0,2546,,5K,B1,transport_mobility,0
673,"antônio","antônio","антон",,,noun,build:pilot_ptpt_001_pilot_safe,0,2553,,5K,B1,"antônio",0
674,ator,ator,"актёр",,,noun,build:pilot_ptpt_001_pilot_safe,0,2556,,5K,B1,ator,0
675,"açúcar","Что значит это слово?

açúcar","сахар",,,noun,build:pilot_ptpt_001_pilot_safe,1,2557,,5K,B1,"açúcar",0
676,bolo,"Что значит это слово?

bolo","торт",,,noun,build:pilot_ptpt_001_pilot_safe,1,2560,,5K,B1,bolo,0
677,chocolate,"Что значит это слово?

chocolate","шоколад",,,noun,build:pilot_ptpt_001_pilot_safe,1,2562,,5K,B1,chocolate,0
678,"frequência","frequência","частота",,,noun,build:pilot_ptpt_001_pilot_safe,0,2577,,5K,B1,time_basic,0
679,inimigo,"Что значит это слово?

inimigo","враг",,,noun,build:pilot_ptpt_001_pilot_safe,1,2581,,5K,B1,inimigo,0
680,juntar,"Что значит это слово?

juntar","собрать",,,verb,build:pilot_ptpt_001_pilot_safe,1,2582,,5K,B1,juntar,0
681,mistura,mistura,"меланж",,,noun,build:pilot_ptpt_001_pilot_safe,0,2588,,5K,B1,mistura,0
682,regra,"Что значит это слово?

regra","правило",,,noun,build:pilot_ptpt_001_pilot_safe,1,2594,,5K,B1,regra,0
683,alcance,"Что значит это слово?

alcance","дальность",,,noun,build:pilot_ptpt_001_pilot_safe,1,2608,,5K,B1,alcance,0
685,carvalho,"Что значит это слово?

carvalho","дуб",,,noun,build:pilot_ptpt_001_pilot_safe,1,2616,,5K,B1,carvalho,0
686,doutor,doutor,"доктор",,,noun,build:pilot_ptpt_001_pilot_safe,0,2628,,5K,B1,doutor,0
687,"petróleo","petróleo","нефть",,,noun,build:pilot_ptpt_001_pilot_safe,0,2647,,5K,B1,"petróleo",0
688,"trânsito","Что значит это слово?

trânsito","транзит",,,noun,build:pilot_ptpt_001_pilot_safe,1,2656,,5K,B1,"trânsito",0
689,"órgão","Что значит это слово?

órgão","орган",,,noun,build:pilot_ptpt_001_pilot_safe,1,2659,,5K,B1,"órgão",0
690,alimentar,"Что значит это слово?

alimentar","кормить",,,verb,build:pilot_ptpt_001_pilot_safe,1,2660,,5K,B1,alimentar,0
691,"canadá","canadá","канада",,,noun,build:pilot_ptpt_001_pilot_safe,0,2665,,5K,B1,"canadá",0
692,ciclo,ciclo,"цикл",,,noun,build:pilot_ptpt_001_pilot_safe,0,2667,,5K,B1,ciclo,0
693,cirurgia,cirurgia,"хирургия",,,noun,build:pilot_ptpt_001_pilot_safe,0,2668,,5K,B1,cirurgia,0
694,"endereço","endereço","адрес",,,noun,build:pilot_ptpt_001_pilot_safe,0,2675,,5K,B1,"endereço",0
695,"herói","herói","герой",,,noun,build:pilot_ptpt_001_pilot_safe,0,2683,,5K,B1,"herói",0
696,"luís","luís","людвиг",,,noun,build:pilot_ptpt_001_pilot_safe,0,2689,,5K,B1,"luís",0
697,poesia,"Что значит это слово?

poesia","поэзия",,,noun,build:pilot_ptpt_001_pilot_safe,1,2698,,5K,B1,poesia,0
698,"chá","Что значит это слово?

chá","чай",,,noun,build:pilot_ptpt_001_pilot_safe,1,2711,,5K,B1,"chá",0
700,drama,drama,"драма",,,noun,build:pilot_ptpt_001_pilot_safe,0,2719,,5K,B1,drama,0
701,egito,"Что значит это слово?

egito","египет",,,noun,build:pilot_ptpt_001_pilot_safe,0,2721,,5K,B1,egito,0
702,especialista,especialista,"специалист",,,noun,build:pilot_ptpt_001_pilot_safe,0,2722,,5K,B1,especialista,0
703,existir,existir,"существовать",,,verb,build:pilot_ptpt_001_pilot_safe,1,2723,,5K,B1,existir,1
704,"incêndio","Что значит это слово?

incêndio","пожар",,,noun,build:pilot_ptpt_001_pilot_safe,1,2730,,5K,B1,"incêndio",0
705,moeda,"Что значит это слово?

moeda","валюта",,,noun,build:pilot_ptpt_001_pilot_safe,1,2738,,5K,B1,moeda,0
706,peixes,"Что значит это слово?

peixes","рыбы",,,noun,build:pilot_ptpt_001_pilot_safe,1,2744,,5K,B1,peixes,0
707,"salão","Что значит это слово?

salão","зал",,,noun,build:pilot_ptpt_001_pilot_safe,1,2751,,5K,B1,"salão",0
708,utilizar,utilizar,"использовать",,,verb,build:pilot_ptpt_001_pilot_safe,0,2755,,5K,B1,utilizar,0
710,cura,"Что значит это слово?

cura","лечение",,,noun,build:pilot_ptpt_001_pilot_safe,1,2771,,5K,B1,cura,0
711,dedo,"Что значит это слово?

dedo","палец",,,noun,build:pilot_ptpt_001_pilot_safe,1,2772,,5K,B1,dedo,0
712,dificuldade,dificuldade,"трудность",,,noun,build:pilot_ptpt_001_pilot_safe,0,2773,,5K,B1,work_employment,0
713,primo,"Что значит это слово?

primo","кузен",,,noun,build:pilot_ptpt_001_pilot_safe,1,2792,,5K,B1,primo,0
714,quebrar,"Что значит это слово?

quebrar","ломаться",,,verb,build:pilot_ptpt_001_pilot_safe,1,2797,,5K,B1,quebrar,0
715,abordagem,"Что значит это слово?

abordagem","абордаж",,,noun,build:pilot_ptpt_001_pilot_safe,1,2815,,5K,B1,abordagem,0
716,cadeira,"Что значит это слово?

cadeira","стул",,,noun,build:pilot_ptpt_001_pilot_safe,1,2820,,5K,B1,cadeira,0
717,castelo,"Что значит это слово?

castelo","замок",,,noun,build:pilot_ptpt_001_pilot_safe,1,2822,,5K,B1,castelo,0
718,"caça","Что значит это слово?

caça","охота",,,noun,build:pilot_ptpt_001_pilot_safe,1,2823,,5K,B1,"caça",0
719,derrota,"Что значит это слово?

derrota","поражение",,,noun,build:pilot_ptpt_001_pilot_safe,1,2830,,5K,B1,derrota,0
720,"exercício","Что значит это слово?

exercício","упражнение",,,noun,build:pilot_ptpt_001_pilot_safe,1,2836,,5K,B1,"exercício",0
721,"físico","Что значит это слово?

físico","физик",,,noun,build:pilot_ptpt_001_pilot_safe,1,2837,,5K,B1,"físico",0
722,"lógica","lógica","логика",,,noun,build:pilot_ptpt_001_pilot_safe,0,2841,,5K,B1,"lógica",0
723,marcar,"Что значит это слово?

marcar","записать",,,verb,build:pilot_ptpt_001_pilot_safe,1,2842,,5K,B1,marcar,0
724,mel,"Что значит это слово?

mel","мёд",,,noun,build:pilot_ptpt_001_pilot_safe,1,2843,,5K,B1,mel,0
725,pinto,"Что значит это слово?

pinto","цыплёнок",,,noun,build:pilot_ptpt_001_pilot_safe,1,2847,,5K,B1,pinto,0
726,vencedor,vencedor,"призёр",,,noun,build:pilot_ptpt_001_pilot_safe,0,2856,,5K,B1,vencedor,0
727,adolescente,"Что значит это слово?

adolescente","подросток",,,noun,build:pilot_ptpt_001_pilot_safe,1,2859,,5K,B1,adolescente,0
728,"anúncio","Что значит это слово?

anúncio","анонс",,,noun,build:pilot_ptpt_001_pilot_safe,1,2860,,5K,B1,"anúncio",0
729,arquitetura,arquitetura,"архитектура",,,noun,build:pilot_ptpt_001_pilot_safe,0,2861,,5K,B1,arquitetura,0
730,"bíblia","bíblia","библия",,,noun,build:pilot_ptpt_001_pilot_safe,0,2862,,5K,B1,"bíblia",0
731,cruzeiro,"Что значит это слово?

cruzeiro","круиз",,,noun,build:pilot_ptpt_001_pilot_safe,1,2869,,5K,B1,cruzeiro,0
732,"depressão","depressão","депрессия",,,noun,build:pilot_ptpt_001_pilot_safe,0,2871,,5K,B1,"depressão",0
733,"destruição","destruição","разрушение",,,noun,build:pilot_ptpt_001_pilot_safe,0,2872,,5K,B1,"destruição",0
734,"empresário","empresário","бизнесмен",,,noun,build:pilot_ptpt_001_pilot_safe,0,2874,,5K,B1,"empresário",0
735,gigante,gigante,"гигант",,,noun,build:pilot_ptpt_001_pilot_safe,0,2884,,5K,B1,gigante,0
737,machado,"Что значит это слово?

machado","топор",,,noun,build:pilot_ptpt_001_pilot_safe,1,2891,,5K,B1,machado,0
738,manuel,manuel,"мануил",,,noun,build:pilot_ptpt_001_pilot_safe,0,2893,,5K,B1,manuel,0
739,montanha,montanha,"гора",,,noun,build:pilot_ptpt_001_pilot_safe,0,2894,,5K,B1,montanha,0
740,"orçamento","orçamento","бюджет",,,noun,build:pilot_ptpt_001_pilot_safe,0,2896,,5K,B1,"orçamento",0
741,"pescoço","Что значит это слово?

pescoço","шея",,,noun,build:pilot_ptpt_001_pilot_safe,1,2900,,5K,B1,"pescoço",0
742,prima,"Что значит это слово?

prima","кузина",,,noun,build:pilot_ptpt_001_pilot_safe,1,2903,,5K,B1,prima,0
743,recife,"Что значит это слово?

recife","риф",,,noun,build:pilot_ptpt_001_pilot_safe,1,2907,,5K,B1,recife,0
744,sono,"Что значит это слово?

sono","сон",,,noun,build:pilot_ptpt_001_pilot_safe,1,2910,,5K,B1,sono,0
745,talento,talento,"талант",,,noun,build:pilot_ptpt_001_pilot_safe,0,2912,,5K,B1,talento,0
746,"tensão","tensão","напряжение",,,noun,build:pilot_ptpt_001_pilot_safe,0,2913,,5K,B1,"tensão",0
747,"óleo","Что значит это слово?

óleo","масло",,,noun,build:pilot_ptpt_001_pilot_safe,1,2919,,5K,B1,"óleo",0
748,convidado,"Что значит это слово?

convidado","гость",,,noun,build:pilot_ptpt_001_pilot_safe,1,2935,,5K,B1,convidado,0
750,lago,"Что значит это слово?

lago","озеро",,,noun,build:pilot_ptpt_001_pilot_safe,1,2955,,5K,B1,lago,0
751,morar,morar,"жить",,,verb,build:pilot_ptpt_001_pilot_safe,1,2962,,5K,B1,morar,1
752,venezuela,venezuela,"венесуэла",,,noun,build:pilot_ptpt_001_pilot_safe,0,2981,,5K,B1,venezuela,0
753,"aparência","aparência","вид",,,noun,build:pilot_ptpt_001_pilot_safe,0,2985,,5K,B1,"aparência",0
754,areia,"Что значит это слово?

areia","песок",,,noun,build:pilot_ptpt_001_pilot_safe,1,2988,,5K,B1,areia,0
755,arroz,"Что значит это слово?

arroz","рис",,,noun,build:pilot_ptpt_001_pilot_safe,1,2989,,5K,B1,arroz,0
756,"capítulo","Что значит это слово?

capítulo","глава",,,noun,build:pilot_ptpt_001_pilot_safe,1,2993,,5K,B1,"capítulo",0
757,cavalo,"Что значит это слово?

cavalo","конь",,,noun,build:pilot_ptpt_001_pilot_safe,1,2994,,5K,B1,cavalo,0
758,"concentração","concentração","напряжение",,,noun,build:pilot_ptpt_001_pilot_safe,0,2997,,5K,B1,"concentração",0
759,coroa,"Что значит это слово?

coroa","венец",,,noun,build:pilot_ptpt_001_pilot_safe,1,3000,,5K,B1,coroa,0
760,"explosão","explosão","взрыв",,,noun,build:pilot_ptpt_001_pilot_safe,0,3008,,5K,B1,"explosão",0
761,lenda,"Что значит это слово?

lenda","легенда",,,noun,build:pilot_ptpt_001_pilot_safe,1,3023,,5K,B1,lenda,0
763,nariz,"Что значит это слово?

nariz","нос",,,noun,build:pilot_ptpt_001_pilot_safe,1,3028,,5K,B1,nariz,0
764,"ocupação","ocupação","оккупация",,,noun,build:pilot_ptpt_001_pilot_safe,0,3031,,5K,B1,"ocupação",0
765,"permissão","permissão","разрешение",,,noun,build:pilot_ptpt_001_pilot_safe,0,3034,,5K,B1,"permissão",0
766,pintura,pintura,"картина",,,noun,build:pilot_ptpt_001_pilot_safe,0,3035,,5K,B1,pintura,0
767,prata,"Что значит это слово?

prata","серебро",,,noun,build:pilot_ptpt_001_pilot_safe,1,3036,,5K,B1,prata,0
768,rocha,"Что значит это слово?

rocha","скала",,,noun,build:pilot_ptpt_001_pilot_safe,1,3042,,5K,B1,rocha,0
769,voo,"Что значит это слово?

voo","рейс",,,noun,build:pilot_ptpt_001_pilot_safe,1,3051,,5K,B1,voo,0
770,anjo,anjo,"ангел",,,noun,build:pilot_ptpt_001_pilot_safe,0,3055,,5K,B1,anjo,0
771,"crítico","crítico","критик",,,noun,build:pilot_ptpt_001_pilot_safe,0,3064,,5K,B1,"crítico",0
772,"cão","Что значит это слово?

cão","пёс",,,noun,build:pilot_ptpt_001_pilot_safe,1,3065,,5K,B1,"cão",0
773,dever,dever,"долг",,,noun,build:pilot_ptpt_001_pilot_safe,0,3068,,5K,B1,core_verbs,0
774,equipamento,equipamento,"снаряжение",,,noun,build:pilot_ptpt_001_pilot_safe,0,3072,,5K,B1,equipamento,0
775,exame,"Что значит это слово?

exame","экзамен",,,noun,build:pilot_ptpt_001_pilot_safe,1,3074,,5K,B1,exame,0
776,"expansão","expansão","экспансия",,,noun,build:pilot_ptpt_001_pilot_safe,0,3075,,5K,B1,"expansão",0
777,"hipótese","Что значит это слово?

hipótese","гипотеза",,,noun,build:pilot_ptpt_001_pilot_safe,1,3083,,5K,B1,"hipótese",0
779,pastor,pastor,"пастор",,,noun,build:pilot_ptpt_001_pilot_safe,0,3097,,5K,B1,pastor,0
780,planta,"Что значит это слово?

planta","растения",,,noun,build:pilot_ptpt_001_pilot_safe,1,3100,,5K,B1,planta,0
781,queijo,"Что значит это слово?

queijo","сыр",,,noun,build:pilot_ptpt_001_pilot_safe,1,3102,,5K,B1,queijo,0
782,ritmo,"Что значит это слово?

ritmo","темп",,,noun,build:pilot_ptpt_001_pilot_safe,1,3106,,5K,B1,ritmo,0
784,aventura,aventura,"приключение",,,noun,build:pilot_ptpt_001_pilot_safe,0,3121,,5K,B1,aventura,0
785,bebida,"Что значит это слово?

bebida","напитки",,,noun,build:pilot_ptpt_001_pilot_safe,1,3124,,5K,B1,bebida,0
786,"disposição","disposição","расстановка",,,noun,build:pilot_ptpt_001_pilot_safe,0,3134,,5K,B1,"disposição",0
787,ditadura,ditadura,"диктатура",,,noun,build:pilot_ptpt_001_pilot_safe,0,3135,,5K,B1,ditadura,0
788,esconder,"Что значит это слово?

esconder","спрятать",,,verb,build:pilot_ptpt_001_pilot_safe,1,3138,,5K,B1,esconder,1
789,habilidade,habilidade,"возможность",,,noun,build:pilot_ptpt_001_pilot_safe,0,3144,,5K,B1,habilidade,0
791,"invasão","invasão","вторжение",,,noun,build:pilot_ptpt_001_pilot_safe,0,3149,,5K,B1,"invasão",0
792,investimento,investimento,"инвестиции",,,noun,build:pilot_ptpt_001_pilot_safe,0,3150,,5K,B1,investimento,0
793,major,major,"майор",,,noun,build:pilot_ptpt_001_pilot_safe,0,3155,,5K,B1,major,0
795,sal,sal,"соль",,,noun,build:pilot_ptpt_001_pilot_safe,0,3168,,5K,B1,sal,0
796,"árabe","árabe","араб",,,noun,build:pilot_ptpt_001_pilot_safe,0,3177,,5K,B1,"árabe",0
798,"cooperação","cooperação","сотрудничество",,,noun,build:pilot_ptpt_001_pilot_safe,0,3194,,5K,B1,work_employment,0
799,copo,"Что значит это слово?

copo","стакан",,,noun,build:pilot_ptpt_001_pilot_safe,1,3195,,5K,B1,copo,0
800,guilherme,"Что значит это слово?

guilherme","вильгельм",,,noun,build:pilot_ptpt_001_pilot_safe,0,3207,,5K,B1,guilherme,0
801,primavera,"Что значит это слово?

primavera","весна",,,noun,build:pilot_ptpt_001_pilot_safe,1,3224,,5K,B1,primavera,0
802,progresso,"Что значит это слово?

progresso","прогресс",,,noun,build:pilot_ptpt_001_pilot_safe,1,3225,,5K,B1,progresso,0
803,roubar,"Что значит это слово?

roubar","воровать",,,verb,build:pilot_ptpt_001_pilot_safe,1,3231,,5K,B1,roubar,0
804,sombra,"Что значит это слово?

sombra","тень",,,noun,build:pilot_ptpt_001_pilot_safe,1,3235,,5K,B1,sombra,0
805,virgem,"Что значит это слово?

virgem","девственник",,,noun,build:pilot_ptpt_001_pilot_safe,1,3241,,5K,B1,virgem,0
806,"avó","Что значит это слово?

avó","бабушка",,,noun,build:pilot_ptpt_001_pilot_safe,1,3249,,5K,B1,"avó",0
807,continente,continente,"континент",,,noun,build:pilot_ptpt_001_pilot_safe,0,3253,,5K,B1,continente,0
808,demanda,"Что значит это слово?

demanda","спрос",,,noun,build:pilot_ptpt_001_pilot_safe,1,3255,,5K,B1,demanda,0
809,fantasia,fantasia,"костюм",,,noun,build:pilot_ptpt_001_pilot_safe,0,3264,,5K,B1,fantasia,0
811,loucura,"Что значит это слово?

loucura","безумие",,,noun,build:pilot_ptpt_001_pilot_safe,1,3270,,5K,B1,loucura,0
812,"metrô","Что значит это слово?

metrô","метрополитен",,,noun,build:pilot_ptpt_001_pilot_safe,1,3272,,5K,B1,"metrô",0
813,"perdão","Что значит это слово?

perdão","прощение",,,noun,build:pilot_ptpt_001_pilot_safe,1,3278,,5K,B1,"perdão",0
814,receita,"Что значит это слово?

receita","выручка",,,noun,build:pilot_ptpt_001_pilot_safe,1,3283,,5K,B1,receita,0
815,regular,regular,"регулировать",,,verb,build:pilot_ptpt_001_pilot_safe,0,3285,,5K,B1,regular,0
816,"tênis","Что значит это слово?

tênis","теннис",,,noun,build:pilot_ptpt_001_pilot_safe,1,3294,,5K,B1,"tênis",0
818,"calendário","calendário","календарь",,,noun,build:pilot_ptpt_001_pilot_safe,0,3310,,5K,B1,"calendário",0
819,coelho,"Что значит это слово?

coelho","кролик",,,noun,build:pilot_ptpt_001_pilot_safe,1,3314,,5K,B1,coelho,0
820,"convenção","convenção","соглашение",,,noun,build:pilot_ptpt_001_pilot_safe,0,3318,,5K,B1,"convenção",0
821,"equilíbrio","Что значит это слово?

equilíbrio","равновесие",,,noun,build:pilot_ptpt_001_pilot_safe,1,3326,,5K,B1,"equilíbrio",0
822,"exceção","exceção","отключение",,,noun,build:pilot_ptpt_001_pilot_safe,0,3327,,5K,B1,"exceção",0
823,leitor,leitor,"читатель",,,noun,build:pilot_ptpt_001_pilot_safe,0,3338,,5K,B1,leitor,0
824,papai,"Что значит это слово?

papai","папа",,,noun,build:pilot_ptpt_001_pilot_safe,1,3349,,5K,B1,papai,0
825,"paraíso","paraíso","рай",,,noun,build:pilot_ptpt_001_pilot_safe,0,3350,,5K,B1,"paraíso",0
826,"suicídio","Что значит это слово?

suicídio","суицид",,,noun,build:pilot_ptpt_001_pilot_safe,1,3362,,5K,B1,"suicídio",0
827,vizinho,"Что значит это слово?

vizinho","сосед",,,noun,build:pilot_ptpt_001_pilot_safe,1,3366,,5K,B1,vizinho,0
828,argumento,argumento,"аргумент",,,noun,build:pilot_ptpt_001_pilot_safe,0,3373,,5K,B1,argumento,0
829,bicicleta,"Что значит это слово?

bicicleta","велосипед",,,noun,build:pilot_ptpt_001_pilot_safe,1,3375,,5K,B1,bicicleta,0
830,carregar,"Что значит это слово?

carregar","грузить",,,verb,build:pilot_ptpt_001_pilot_safe,1,3379,,5K,B1,carregar,0
832,diversidade,diversidade,"разнообразие",,,noun,build:pilot_ptpt_001_pilot_safe,0,3386,,5K,B1,diversidade,0
833,"diálogo","Что значит это слово?

diálogo","диалог",,,noun,build:pilot_ptpt_001_pilot_safe,1,3387,,5K,B1,"diálogo",0
834,embaixada,"Что значит это слово?

embaixada","посольство",,,noun,build:pilot_ptpt_001_pilot_safe,1,3390,,5K,B1,embaixada,0
835,espelho,"Что значит это слово?

espelho","зеркало",,,noun,build:pilot_ptpt_001_pilot_safe,1,3393,,5K,B1,espelho,0
836,greve,"Что значит это слово?

greve","стачка",,,noun,build:pilot_ptpt_001_pilot_safe,1,3406,,5K,B1,greve,0
837,hugo,hugo,"хью",,,noun,build:pilot_ptpt_001_pilot_safe,0,3408,,5K,B1,hugo,0
838,"lição","lição","урок",,,noun,build:pilot_ptpt_001_pilot_safe,0,3419,,5K,B1,"lição",0
839,"paciência","paciência","пасьянс",,,noun,build:pilot_ptpt_001_pilot_safe,0,3426,,5K,B1,"paciência",0
840,prato,"Что значит это слово?

prato","тарелка",,,noun,build:pilot_ptpt_001_pilot_safe,1,3431,,5K,B1,prato,0
841,recurso,"Что значит это слово?

recurso","ресурс",,,noun,build:pilot_ptpt_001_pilot_safe,1,3435,,5K,B1,recurso,0
842,tristeza,"Что значит это слово?

tristeza","грусть",,,noun,build:pilot_ptpt_001_pilot_safe,1,3442,,5K,B1,tristeza,0
843,vidro,"Что значит это слово?

vidro","стекло",,,noun,build:pilot_ptpt_001_pilot_safe,1,3444,,5K,B1,vidro,0
844,bordo,"Что значит это слово?

bordo","клён",,,noun,build:pilot_ptpt_001_pilot_safe,1,3456,,5K,B1,bordo,0
845,carteira,"Что значит это слово?

carteira","бумажник",,,noun,build:pilot_ptpt_001_pilot_safe,1,3459,,5K,B1,carteira,0
846,ensaio,"Что значит это слово?

ensaio","эссе",,,noun,build:pilot_ptpt_001_pilot_safe,1,3472,,5K,B1,ensaio,0
847,ido,"Что значит это слово?

ido","идо",,,noun,build:pilot_ptpt_001_pilot_safe,1,3480,,5K,B1,ido,0
848,marketing,"Что значит это слово?

marketing","маркетинг",,,noun,build:pilot_ptpt_001_pilot_safe,1,3497,,5K,B1,marketing,0
849,observar,"Что значит это слово?

observar","следить",,,verb,build:pilot_ptpt_001_pilot_safe,1,3503,,5K,B2,observar,0
850,placa,"Что значит это слово?

placa","знак",,,noun,build:pilot_ptpt_001_pilot_safe,1,3510,,5K,B2,placa,0
852,tenente,tenente,"лейтенант",,,noun,build:pilot_ptpt_001_pilot_safe,0,3523,,5K,B2,tenente,0
853,"óculos","Что значит это слово?

óculos","очки",,,noun,build:pilot_ptpt_001_pilot_safe,1,3531,,5K,B2,"óculos",0
854,alberto,alberto,"альберт",,,noun,build:pilot_ptpt_001_pilot_safe,0,3533,,5K,B2,alberto,0
855,cuba,"Что значит это слово?

cuba","куба",,,noun,build:pilot_ptpt_001_pilot_safe,1,3549,,5K,B2,cuba,0
856,abandonar,"Что значит это слово?

abandonar","оставить",,,verb,build:pilot_ptpt_001_enriched_qc,1,3871,,5K,B2,abandonar,0
857,abelha,abelha,"пчела",,,noun,build:pilot_ptpt_001_enriched_qc,0,10298,,20K,C1,abelha,0
858,abismo,abismo,"бездна",,,noun,build:pilot_ptpt_001_enriched_qc,1,10113,,20K,C1,abismo,0
860,aborto,aborto,"аборт",,,noun,build:pilot_ptpt_001_enriched_qc,0,4688,,5K,B2,aborto,0
861,"abraço","abraço","объятие",,,noun,build:pilot_ptpt_001_enriched_qc,0,3952,,5K,B2,"abraço",0
866,acampamento,acampamento,"кемпинг",,,noun,build:pilot_ptpt_001_enriched_qc,0,3954,,5K,B2,acampamento,0
867,"aceitação","aceitação","принятие",,,noun,build:pilot_ptpt_001_enriched_qc,1,5375,,10K,B2,"aceitação",0
868,acelerar,acelerar,"ускорять",,,verb,build:pilot_ptpt_001_enriched_qc,1,9787,,10K,C1,food_daily,1
869,"aceleração","aceleração","ускорение",,,noun,build:pilot_ptpt_001_enriched_qc,0,8844,,10K,C1,"aceleração",0
870,achar,"Что значит это слово?

achar","думать",,,verb,build:pilot_ptpt_001_enriched_qc,1,1062,,2K,A2,achar,0
872,acomodar,"Что значит это слово?

acomodar","вмещать",,,verb,build:pilot_ptpt_001_enriched_qc,1,11572,,20K,C1,acomodar,0
873,acompanhamento,acompanhamento,"сопровождение",,,noun,build:pilot_ptpt_001_enriched_qc,1,5808,,10K,B2,acompanhamento,0
874,acordo,acordo,"сделка",,,noun,build:pilot_ptpt_001_enriched_qc,0,231,,1K,A1,acordo,0
875,acre,acre,"акр",,,noun,build:pilot_ptpt_001_enriched_qc,0,6136,,10K,B2,acre,0
876,acusar,"Что значит это слово?

acusar","обвинять",,,verb,build:pilot_ptpt_001_enriched_qc,1,10117,,20K,C1,acusar,0
877,"acústica","acústica","акустика",,,noun,build:pilot_ptpt_001_enriched_qc,1,10639,,20K,C1,"acústica",0
878,adaptar,"Что значит это слово?

adaptar","приспособить",,,verb,build:pilot_ptpt_001_enriched_qc,1,7238,,10K,C1,adaptar,0
879,"adição","adição","сложение",,,noun,build:pilot_ptpt_001_enriched_qc,0,8565,,10K,C1,"adição",0
881,admirar,admirar,"восхищаться",,,verb,build:pilot_ptpt_001_enriched_qc,1,10822,,20K,C1,admirar,1
883,adorar,"Что значит это слово?

adorar","обожать",,,verb,build:pilot_ptpt_001_enriched_qc,1,6608,,10K,B2,adorar,0
884,adotar,"Что значит это слово?

adotar","принимать",,,verb,build:pilot_ptpt_001_enriched_qc,1,6258,,10K,B2,adotar,0
885,"adoção","adoção","усыновление",,,noun,build:pilot_ptpt_001_enriched_qc,1,5487,,10K,B2,"adoção",0
890,afastar,"Что значит это слово?

afastar","отталкивать",,,verb,build:pilot_ptpt_001_enriched_qc,1,3955,,5K,B2,afastar,0
892,afetar,"Что значит это слово?

afetar","воздействовать",,,verb,build:pilot_ptpt_001_enriched_qc,1,7855,,10K,C1,afetar,0
893,"afirmação","afirmação","утверждение",,,noun,build:pilot_ptpt_001_enriched_qc,1,5488,,10K,B2,"afirmação",0
894,afonso,afonso,"альфонс",,,noun,build:pilot_ptpt_001_enriched_qc,0,4366,,5K,B2,afonso,0
895,agradar,agradar,"нравиться",,,verb,build:pilot_ptpt_001_enriched_qc,1,6731,,10K,B2,agradar,1
896,agulha,agulha,"игла",,,noun,build:pilot_ptpt_001_enriched_qc,0,10119,,20K,C1,agulha,0
897,ajuda,ajuda,"помощь",,,noun,build:pilot_ptpt_001_enriched_qc,0,360,,1K,A1,ajuda,0
898,ajudar,ajudar,"помочь",,,verb,build:pilot_ptpt_001_enriched_qc,0,383,,1K,A1,ajudar,0
899,ala,ala,"крыло",,,noun,build:pilot_ptpt_001_enriched_qc,0,6137,,10K,B2,ala,0
900,alarme,alarme,"аларм",,,noun,build:pilot_ptpt_001_enriched_qc,0,8712,,10K,C1,alarme,0
908,alergia,alergia,"аллергия",,,noun,build:pilot_ptpt_001_enriched_qc,0,11204,,20K,C1,alergia,0
911,alfabeto,alfabeto,"алфавит",,,noun,build:pilot_ptpt_001_enriched_qc,0,10643,,20K,C1,alfabeto,0
912,alfredo,alfredo,"альфред",,,noun,build:pilot_ptpt_001_enriched_qc,0,7856,,10K,C1,alfredo,0
913,"algodão","algodão","вата",,,noun,build:pilot_ptpt_001_enriched_qc,0,5592,,10K,B2,"algodão",0
914,algoritmo,algoritmo,"алгоритм",,,noun,build:pilot_ptpt_001_enriched_qc,0,11383,,20K,C1,algoritmo,0
915,aliado,aliado,"союзник",,,noun,build:pilot_ptpt_001_enriched_qc,0,5163,,10K,B2,aliado,0
917,alimento,alimento,"пища",,,noun,build:pilot_ptpt_001_enriched_qc,1,5704,,10K,B2,food_daily,0
920,altar,altar,"алтарь",,,noun,build:pilot_ptpt_001_enriched_qc,0,8141,,10K,C1,altar,0
921,alterar,alterar,"менять",,,verb,build:pilot_ptpt_001_enriched_qc,1,5593,,10K,B2,alterar,1
922,"alteração","alteração","изменение",,,noun,build:pilot_ptpt_001_enriched_qc,1,5594,,10K,B2,"alteração",0
923,aluguel,aluguel,"аренда",,,noun,build:pilot_ptpt_001_enriched_qc,1,5271,,10K,B2,aluguel,0
924,"alumínio","alumínio","алюминий",,,noun,build:pilot_ptpt_001_enriched_qc,0,8847,,10K,C1,"alumínio",0
925,aluno,aluno,"ученик",,,noun,build:pilot_ptpt_001_enriched_qc,0,4036,,5K,B2,aluno,0
926,"alusão","alusão","упоминание",,,noun,build:pilot_ptpt_001_enriched_qc,1,10301,,20K,C1,"alusão",0
929,amigo,amigo,"друг",,,noun,build:pilot_ptpt_001_enriched_qc,0,384,,1K,A1,amigo,0
931,amor,amor,"любовь",,,noun,build:pilot_ptpt_001_enriched_qc,0,274,,1K,A1,amor,0
932,"américa","américa","америка",,,noun,build:pilot_ptpt_001_enriched_qc,0,578,,1K,A2,"américa",0
933,analisar,"Что значит это слово?

analisar","анализировать",,,verb,build:pilot_ptpt_001_enriched_qc,1,3816,,5K,B2,analisar,0
934,analista,analista,"аналитик",,,noun,build:pilot_ptpt_001_enriched_qc,0,8420,,10K,C1,analista,0
937,"anfitrião","anfitrião","хозяин",,,noun,build:pilot_ptpt_001_enriched_qc,0,11581,,20K,C1,"anfitrião",0
942,ano,ano,"год",,,noun,build:pilot_ptpt_001_enriched_qc,0,99,,1K,A1,time_basic,0
943,ansiedade,ansiedade,"тревога",,,noun,build:pilot_ptpt_001_enriched_qc,0,4122,,5K,B2,ansiedade,0
944,antena,antena,"антенна",,,noun,build:pilot_ptpt_001_enriched_qc,0,8421,,10K,C1,antena,0
945,antropologia,antropologia,"антропология",,,noun,build:pilot_ptpt_001_enriched_qc,1,10999,,20K,C1,antropologia,0
948,"anão","anão","карлик",,,noun,build:pilot_ptpt_001_enriched_qc,0,10648,,20K,C1,"anão",0
950,apanhar,"Что значит это слово?

apanhar","успеть",,,verb,build:pilot_ptpt_001_enriched_qc,1,5911,,10K,B2,apanhar,0
953,apelo,apelo,"зов",,,noun,build:pilot_ptpt_001_enriched_qc,0,6263,,10K,B2,apelo,0
955,apocalipse,apocalipse,"апокалипсис",,,noun,build:pilot_ptpt_001_enriched_qc,0,7728,,10K,C1,apocalipse,0
956,aprendiz,aprendiz,"ученик",,,noun,build:pilot_ptpt_001_enriched_qc,0,10130,,20K,C1,aprendiz,0
961,"aquisição","aquisição","приобретение",,,noun,build:pilot_ptpt_001_enriched_qc,1,5381,,10K,B2,"aquisição",0
962,"aquário","aquário","аквариум",,,noun,build:pilot_ptpt_001_enriched_qc,1,10308,,20K,C1,"aquário",0
963,aranha,aranha,"паук",,,noun,build:pilot_ptpt_001_enriched_qc,0,4446,,5K,B2,aranha,0
964,arco,arco,"лук",,,noun,build:pilot_ptpt_001_enriched_qc,0,4287,,5K,B2,arco,0
965,are,are,"ар",,,noun,build:pilot_ptpt_001_enriched_qc:deactivated_final_bad_short_20260311_133030,0,4038,,5K,B2,are,0
970,"argélia","argélia","алжир",,,noun,build:pilot_ptpt_001_enriched_qc,0,7731,,10K,C1,"argélia",0
973,armamento,armamento,"вооружения",,,noun,build:pilot_ptpt_001_enriched_qc,1,10310,,20K,C1,armamento,0
974,armazenamento,armazenamento,"откладывание",,,noun,build:pilot_ptpt_001_enriched_qc,0,6611,,10K,B2,armazenamento,0
976,arquiteto,arquiteto,"архитектор",,,noun,build:pilot_ptpt_001_enriched_qc,0,6613,,10K,B2,arquiteto,0
979,arte,arte,"искусство",,,noun,build:pilot_ptpt_001_enriched_qc,0,682,,1K,A2,arte,0
980,"articulação","articulação","сустав",,,noun,build:pilot_ptpt_001_enriched_qc,0,7496,,10K,C1,"articulação",0
981,artigo,artigo,"артикль",,,noun,build:pilot_ptpt_001_enriched_qc,0,683,,1K,A2,artigo,0
984,asa,asa,"крыло",,,noun,build:pilot_ptpt_001_enriched_qc,0,7104,,10K,C1,asa,0
985,asfalto,asfalto,"асфальт",,,noun,build:pilot_ptpt_001_enriched_qc,1,11393,,20K,C1,asfalto,0
986,assassino,assassino,"убийца",,,noun,build:pilot_ptpt_001_enriched_qc,0,4613,,5K,B2,assassino,0
987,assinar,"Что значит это слово?

assinar","подписаться",,,verb,build:pilot_ptpt_001_enriched_qc,1,3959,,5K,B2,assinar,0
988,atacado,atacado,"опт",,,noun,build:pilot_ptpt_001_enriched_qc,1,5063,,10K,B2,atacado,0
989,atirar,atirar,"стрелять",,,verb,build:pilot_ptpt_001_enriched_qc,0,6264,,10K,B2,atirar,0
991,ativar,"Что значит это слово?

ativar","активизировать",,,verb,build:pilot_ptpt_001_enriched_qc,1,10312,,20K,C1,ativar,0
993,ativista,ativista,"активист",,,noun,build:pilot_ptpt_001_enriched_qc,0,8425,,10K,C1,ativista,0
994,atmosfera,atmosfera,"атмосфера",,,noun,build:pilot_ptpt_001_enriched_qc,0,4204,,5K,B2,atmosfera,0
996,"atração","atração","достопримечательность",,,noun,build:pilot_ptpt_001_enriched_qc,0,4879,,5K,B2,"atração",0
998,atualidade,atualidade,"актуальность",,,noun,build:pilot_ptpt_001_enriched_qc,0,6736,,10K,B2,atualidade,0
999,auditoria,auditoria,"аудит",,,noun,build:pilot_ptpt_001_enriched_qc,0,8292,,10K,C1,auditoria,0
1003,"automóvel","automóvel","машина",,,noun,build:pilot_ptpt_001_enriched_qc,0,6984,,10K,B2,transport_mobility,0
1004,autonomia,autonomia,"автономия",,,noun,build:pilot_ptpt_001_enriched_qc,0,4041,,5K,B2,autonomia,0
1006,"avançar","avançar","продвигаться",,,verb,build:pilot_ptpt_001_enriched_qc,1,4291,,5K,B2,"avançar",1
1008,"aviação","aviação","авиация",,,noun,build:pilot_ptpt_001_enriched_qc,0,9005,,10K,C1,"aviação",0
1012,"avô","avô","дед",,,noun,build:pilot_ptpt_001_enriched_qc,0,3962,,5K,B2,"avô",0
1013,azar,azar,"невезение",,,noun,build:pilot_ptpt_001_enriched_qc,0,6840,,10K,B2,azar,0
1016,"aço","aço","сталь",,,noun,build:pilot_ptpt_001_enriched_qc,0,4209,,5K,B2,"aço",0
1017,"ação","ação","акция",,,noun,build:pilot_ptpt_001_enriched_qc,0,594,,1K,A2,"ação",0
1019,bagagem,bagagem,"багаж",,,noun,build:pilot_ptpt_001_enriched_qc,0,8293,,10K,C1,bagagem,0
1020,"bagunça","bagunça","беспорядок",,,noun,build:pilot_ptpt_001_enriched_qc,1,5825,,10K,B2,"bagunça",0
1021,baile,baile,"танец",,,noun,build:pilot_ptpt_001_enriched_qc,0,3664,,5K,B2,baile,0
1022,bairro,bairro,"квартал",,,noun,build:pilot_ptpt_001_enriched_qc,0,883,,1K,A2,bairro,0
1023,"balança","balança","весы",,,noun,build:pilot_ptpt_001_enriched_qc,0,9006,,10K,C1,"balança",0
1024,"balanço","balanço","баланс",,,noun,build:pilot_ptpt_001_enriched_qc,0,6987,,10K,B2,"balanço",0
1025,balde,balde,"ведро",,,noun,build:pilot_ptpt_001_enriched_qc,0,8431,,10K,C1,balde,0
1026,baleia,baleia,"кит",,,noun,build:pilot_ptpt_001_enriched_qc,0,9007,,10K,C1,baleia,0
1027,banana,banana,"банан",,,noun,build:pilot_ptpt_001_enriched_qc,0,5826,,10K,B2,banana,0
1029,banco,banco,"банк",,,noun,build:pilot_ptpt_001_enriched_qc,0,821,,1K,A2,banco,0
1033,barata,barata,"таракан",,,noun,build:pilot_ptpt_001_enriched_qc,1,5169,,10K,B2,barata,0
1034,barba,barba,"борода",,,noun,build:pilot_ptpt_001_enriched_qc,0,5384,,10K,B2,barba,0
1035,barco,barco,"лодка",,,noun,build:pilot_ptpt_001_enriched_qc,0,3745,,5K,B2,barco,0
1036,barriga,barriga,"брюхо",,,noun,build:pilot_ptpt_001_enriched_qc,0,3665,,5K,B2,barriga,0
1037,"barão","barão","барон",,,noun,build:pilot_ptpt_001_enriched_qc,0,8433,,10K,C1,"barão",0
1038,basquete,basquete,"баскетбол",,,noun,build:pilot_ptpt_001_enriched_qc,0,5710,,10K,B2,basquete,0
1040,"batalhão","batalhão","батальон",,,noun,build:pilot_ptpt_001_enriched_qc,1,5172,,10K,B2,"batalhão",0
1041,batata,batata,"картошка",,,noun,build:pilot_ptpt_001_enriched_qc,0,5497,,10K,B2,batata,0
1043,batom,batom,"помада",,,noun,build:pilot_ptpt_001_enriched_qc,0,8154,,10K,C1,batom,0
1044,"baía","baía","залив",,,noun,build:pilot_ptpt_001_enriched_qc,0,7499,,10K,C1,"baía",0
1047,beijar,"Что значит это слово?

beijar","целовать",,,verb,build:pilot_ptpt_001_enriched_qc,1,5602,,10K,B2,beijar,0
1049,beisebol,beisebol,"бейсбол",,,noun,build:pilot_ptpt_001_enriched_qc,0,11398,,20K,C1,beisebol,0
1051,"belém","belém","вифлеем",,,noun,build:pilot_ptpt_001_enriched_qc,0,4789,,5K,B2,"belém",0
1052,bem,bem,"благо",,,noun,build:pilot_ptpt_001_enriched_qc,0,54,,1K,A1,bem,0
1053,bengala,bengala,"трость",,,noun,build:pilot_ptpt_001_enriched_qc,0,11017,,20K,C1,bengala,0
1054,bento,bento,"венедикт",,,noun,build:pilot_ptpt_001_enriched_qc,0,4375,,5K,B2,bento,0
1055,bernardo,bernardo,"бернард",,,noun,build:pilot_ptpt_001_enriched_qc,0,4376,,5K,B2,bernardo,0
1058,bico,bico,"клюв",,,noun,build:pilot_ptpt_001_enriched_qc,0,5914,,10K,B2,bico,0
1059,bigode,bigode,"усы",,,noun,build:pilot_ptpt_001_enriched_qc,0,11217,,20K,C1,bigode,0
1060,biodiversidade,biodiversidade,"биоразнообразие",,,noun,build:pilot_ptpt_001_enriched_qc,1,5916,,10K,B2,biodiversidade,0
1061,biologia,biologia,"биология",,,noun,build:pilot_ptpt_001_enriched_qc,0,4531,,5K,B2,biologia,0
1062,biscoito,biscoito,"бисквит",,,noun,build:pilot_ptpt_001_enriched_qc,1,10140,,20K,C1,biscoito,0
1065,bobagem,bobagem,"вздор",,,noun,build:pilot_ptpt_001_enriched_qc,0,10141,,20K,C1,bobagem,0
1066,boca,boca,"рот",,,noun,build:pilot_ptpt_001_enriched_qc,0,735,,1K,A2,boca,0
1067,bocado,bocado,"кусок",,,noun,build:pilot_ptpt_001_enriched_qc,0,6269,,10K,B2,bocado,0
1068,boi,boi,"вол",,,noun,build:pilot_ptpt_001_enriched_qc,0,6270,,10K,B2,boi,0
1072,bolso,bolso,"карман",,,noun,build:pilot_ptpt_001_enriched_qc,0,3667,,5K,B2,bolso,0
1075,boneca,boneca,"кукла",,,noun,build:pilot_ptpt_001_enriched_qc,0,7502,,10K,C1,boneca,0
1076,borboleta,borboleta,"бабочка",,,noun,build:pilot_ptpt_001_enriched_qc,0,8580,,10K,C1,borboleta,0
1078,borracha,borracha,"резина",,,noun,build:pilot_ptpt_001_enriched_qc,0,5714,,10K,B2,borracha,0
1079,"botão","botão","бутон",,,noun,build:pilot_ptpt_001_enriched_qc,0,4293,,5K,B2,"botão",0
1081,brigada,brigada,"бригада",,,noun,build:pilot_ptpt_001_enriched_qc,0,7605,,10K,C1,brigada,0
1082,brilhar,"Что значит это слово?

brilhar","сиять",,,verb,build:pilot_ptpt_001_enriched_qc,1,9965,,10K,C1,brilhar,0
1083,brinca,brinca,"шутка",,,noun,build:pilot_ptpt_001_enriched_qc,0,8300,,10K,C1,brinca,0
1085,brinquedo,brinquedo,"игрушка",,,noun,build:pilot_ptpt_001_enriched_qc,0,6507,,10K,B2,brinquedo,0
1086,brisa,brisa,"бриз",,,noun,build:pilot_ptpt_001_enriched_qc,0,10320,,20K,C1,brisa,0
1087,"britânico","britânico","британец",,,noun,build:pilot_ptpt_001_enriched_qc,0,3885,,5K,B2,"britânico",0
1089,bruto,bruto,"зверь",,,noun,build:pilot_ptpt_001_enriched_qc,0,5918,,10K,B2,bruto,0
1090,buceta,buceta,"пизда",,,noun,build:pilot_ptpt_001_enriched_qc,0,7608,,10K,C1,buceta,0
1092,bunda,bunda,"жопа",,,noun,build:pilot_ptpt_001_enriched_qc,0,3668,,5K,B2,bunda,0
1093,buraco,buraco,"дыра",,,noun,build:pilot_ptpt_001_enriched_qc,0,4450,,5K,B2,buraco,0
1097,cabelo,cabelo,"волосы",,,noun,build:pilot_ptpt_001_enriched_qc,0,930,,1K,A2,cabelo,0
1098,"cabeça","cabeça","голова",,,noun,build:pilot_ptpt_001_enriched_qc,0,361,,1K,A1,health_body,0
1099,cabra,cabra,"коза",,,noun,build:pilot_ptpt_001_enriched_qc,0,11222,,20K,C1,cabra,0
1100,cachoeira,cachoeira,"водопад",,,noun,build:pilot_ptpt_001_enriched_qc,0,8726,,10K,C1,cachoeira,0
1104,caderno,caderno,"тетрадь",,,noun,build:pilot_ptpt_001_enriched_qc,0,6740,,10K,B2,caderno,0
1106,"café","café","кофе",,,noun,build:pilot_ptpt_001_enriched_qc,0,931,,1K,A2,food_daily,0
1108,"caixão","caixão","гроб",,,noun,build:pilot_ptpt_001_enriched_qc,0,10482,,20K,C1,"caixão",0
1109,calar,"Что значит это слово?

calar","молчать",,,verb,build:pilot_ptpt_001_enriched_qc,1,4533,,5K,B2,calar,0
1110,calcular,"Что значит это слово?

calcular","считать",,,verb,build:pilot_ptpt_001_enriched_qc,1,10664,,20K,C1,calcular,0
1115,"calça","calça","брюки",,,noun,build:pilot_ptpt_001_enriched_qc,0,5502,,10K,B2,"calça",0
1116,cama,cama,"кровать",,,noun,build:pilot_ptpt_001_enriched_qc,0,982,,1K,A2,cama,0
1117,camada,camada,"слой",,,noun,build:pilot_ptpt_001_enriched_qc,0,4882,,5K,B2,camada,0
1118,"camarão","camarão","креветка",,,noun,build:pilot_ptpt_001_enriched_qc,0,9012,,10K,C1,"camarão",0
1119,"camarões","camarões","камерун",,,noun,build:pilot_ptpt_001_enriched_qc,0,8302,,10K,C1,"camarões",0
1120,caminho,caminho,"путь",,,noun,build:pilot_ptpt_001_enriched_qc,0,549,,1K,A2,caminho,0
1121,"caminhão","caminhão","грузовик",,,noun,build:pilot_ptpt_001_enriched_qc,0,4127,,5K,B2,"caminhão",0
1123,camiseta,camiseta,"майка",,,noun,build:pilot_ptpt_001_enriched_qc,0,6992,,10K,B2,camiseta,0
1125,campo,campo,"поле",,,noun,build:pilot_ptpt_001_enriched_qc,0,488,,1K,A1,campo,0
1127,canal,canal,"канал",,,noun,build:pilot_ptpt_001_enriched_qc,0,736,,1K,A2,canal,0
1129,candidatura,candidatura,"кандидатура",,,noun,build:pilot_ptpt_001_enriched_qc,0,4048,,5K,B2,candidatura,0
1130,caneta,caneta,"ручка",,,noun,build:pilot_ptpt_001_enriched_qc,0,6384,,10K,B2,caneta,0
1131,"canhão","canhão","пушка",,,noun,build:pilot_ptpt_001_enriched_qc,0,11596,,20K,C1,"canhão",0
1135,caos,caos,"беспорядок",,,noun,build:pilot_ptpt_001_enriched_qc,0,4128,,5K,B2,caos,0
1136,capacete,capacete,"каска",,,noun,build:pilot_ptpt_001_enriched_qc,0,10847,,20K,C1,capacete,0
1137,capela,capela,"капелла",,,noun,build:pilot_ptpt_001_enriched_qc,0,7370,,10K,C1,capela,0
1138,capital,capital,"капитал",,,noun,build:pilot_ptpt_001_enriched_qc,0,579,,1K,A2,capital,0
1139,capitalismo,capitalismo,"капитализм",,,noun,build:pilot_ptpt_001_enriched_qc,0,6385,,10K,B2,capitalismo,0
1140,capitalista,capitalista,"капиталист",,,noun,build:pilot_ptpt_001_enriched_qc,0,9149,,10K,C1,capitalista,0
1142,caravana,caravana,"караван",,,noun,build:pilot_ptpt_001_enriched_qc,0,10484,,20K,C1,caravana,0
1143,carbono,carbono,"углерод",,,noun,build:pilot_ptpt_001_enriched_qc,0,4536,,5K,B2,carbono,0
1146,caridade,caridade,"любовь",,,noun,build:pilot_ptpt_001_enriched_qc,0,4294,,5K,B2,caridade,0
1147,carlos,carlos,"карл",,,noun,build:pilot_ptpt_001_enriched_qc,0,737,,1K,A2,carlos,0
1150,carneiro,carneiro,"баран",,,noun,build:pilot_ptpt_001_enriched_qc,0,7112,,10K,C1,carneiro,0
1151,carolina,carolina,"каролина",,,noun,build:pilot_ptpt_001_enriched_qc,0,4705,,5K,B2,carolina,0
1155,casa,casa,"дом",,,noun,build:pilot_ptpt_001_enriched_qc,0,91,,1K,A1,house_home,0
1156,casamento,casamento,"свадьба",,,noun,build:pilot_ptpt_001_enriched_qc,0,800,,1K,A2,casamento,0
1159,"catálogo","catálogo","каталог",,,noun,build:pilot_ptpt_001_enriched_qc,0,7874,,10K,C1,"catálogo",0
1160,cauda,cauda,"хвост",,,noun,build:pilot_ptpt_001_enriched_qc,0,10143,,20K,C1,cauda,0
1161,cavalaria,cavalaria,"кавалерия",,,noun,build:pilot_ptpt_001_enriched_qc,1,10325,,20K,C1,cavalaria,0
1162,cavaleiro,cavaleiro,"рыцарь",,,noun,build:pilot_ptpt_001_enriched_qc,1,5919,,10K,B2,cavaleiro,0
1164,caverna,caverna,"пещера",,,noun,build:pilot_ptpt_001_enriched_qc,0,7741,,10K,C1,caverna,0
1166,"caçador","caçador","охотник",,,noun,build:pilot_ptpt_001_enriched_qc,0,8440,,10K,C1,"caçador",0
1167,"caçar","Что значит это слово?

caçar","охотиться",,,verb,build:pilot_ptpt_001_enriched_qc,1,7115,,10K,C1,"caçar",1
1168,cebola,cebola,"лук",,,noun,build:pilot_ptpt_001_enriched_qc,0,10144,,20K,C1,cebola,0
1169,"cemitério","cemitério","кладбище",,,noun,build:pilot_ptpt_001_enriched_qc,0,4980,,5K,B2,"cemitério",0
1172,censo,censo,"перепись",,,noun,build:pilot_ptpt_001_enriched_qc,0,5830,,10K,B2,censo,0
1173,censura,censura,"цензура",,,noun,build:pilot_ptpt_001_enriched_qc,0,6387,,10K,B2,shopping_money,0
1174,cera,cera,"воск",,,noun,build:pilot_ptpt_001_enriched_qc,0,10145,,20K,C1,cera,0
1175,cerco,cerco,"осада",,,noun,build:pilot_ptpt_001_enriched_qc,0,6512,,10K,B2,cerco,0
1176,certeza,certeza,"надёжность",,,noun,build:pilot_ptpt_001_enriched_qc:deactivated_semantic_suspect_20260311_133552,0,500,,1K,A1,certeza,0
1177,certificado,certificado,"грамота",,,noun,build:pilot_ptpt_001_enriched_qc,0,6150,,10K,B2,certificado,0
1181,cessar,"Что значит это слово?

cessar","прекращать",,,verb,build:pilot_ptpt_001_enriched_qc,1,8729,,10K,C1,cessar,0
1182,cesta,cesta,"корзина",,,noun,build:pilot_ptpt_001_enriched_qc,0,9017,,10K,C1,cesta,0
1183,chama,chama,"пламя",,,noun,build:pilot_ptpt_001_enriched_qc,0,781,,1K,A2,chama,0
1186,"chapéu","chapéu","шляпа",,,noun,build:pilot_ptpt_001_enriched_qc,0,6513,,10K,B2,"chapéu",0
1187,chat,chat,"чат",,,noun,build:pilot_ptpt_001_enriched_qc,0,6996,,10K,B2,chat,0
1191,cheque,cheque,"чек",,,noun,build:pilot_ptpt_001_enriched_qc,1,10149,,20K,C1,cheque,0
1193,china,china,"китайская народная республика",,,noun,build:pilot_ptpt_001_enriched_qc:deactivated_safe_cleanup,0,1005,,2K,A2,china,0
1194,chipre,chipre,"кипр",,,noun,build:pilot_ptpt_001_enriched_qc,0,10670,,20K,C1,chipre,0
1196,chumbo,chumbo,"свинец",,,noun,build:pilot_ptpt_001_enriched_qc,0,7880,,10K,C1,chumbo,0
1197,chupar,"Что значит это слово?

chupar","сосать",,,verb,build:pilot_ptpt_001_enriched_qc,1,11602,,20K,C1,chupar,0
1199,chuveiro,chuveiro,"душ",,,noun,build:pilot_ptpt_001_enriched_qc,0,8018,,10K,C1,chuveiro,0
1203,cidade,cidade,"город",,,noun,build:pilot_ptpt_001_enriched_qc,0,124,,1K,A1,cidade,0
1204,cigarro,cigarro,"сигарета",,,noun,build:pilot_ptpt_001_enriched_qc,0,4621,,5K,B2,cigarro,0
1205,cimento,cimento,"цемент",,,noun,build:pilot_ptpt_001_enriched_qc,1,10150,,20K,C1,cimento,0
1207,cinza,cinza,"пепел",,,noun,build:pilot_ptpt_001_enriched_qc,0,5392,,10K,B2,cinza,0
1208,circo,circo,"цирк",,,noun,build:pilot_ptpt_001_enriched_qc,0,5717,,10K,B2,circo,0
1209,ciro,ciro,"кир",,,noun,build:pilot_ptpt_001_enriched_qc,1,10490,,20K,C1,ciro,0
1211,"cirurgião","cirurgião","хирург",,,noun,build:pilot_ptpt_001_enriched_qc,0,9154,,10K,C1,"cirurgião",0
1212,"citação","citação","цитата",,,noun,build:pilot_ptpt_001_enriched_qc,0,7882,,10K,C1,"citação",0
1218,clipe,clipe,"скрепка",,,noun,build:pilot_ptpt_001_enriched_qc,0,4622,,5K,B2,clipe,0
1219,clube,clube,"клуб",,,noun,build:pilot_ptpt_001_enriched_qc,0,846,,1K,A2,clube,0
1220,"clã","clã","клан",,,noun,build:pilot_ptpt_001_enriched_qc,0,8588,,10K,C1,"clã",0
1221,"coalizão","coalizão","коалиция",,,noun,build:pilot_ptpt_001_enriched_qc,1,11231,,20K,C1,"coalizão",0
1222,cobertor,cobertor,"одеяло",,,noun,build:pilot_ptpt_001_enriched_qc,1,11232,,20K,C1,cobertor,0
1223,cobra,cobra,"кобра",,,noun,build:pilot_ptpt_001_enriched_qc,0,4134,,5K,B2,cobra,0
1224,cobre,cobre,"медь",,,noun,build:pilot_ptpt_001_enriched_qc,0,3888,,5K,B2,cobre,0
1225,"cocaína","cocaína","кокаин",,,noun,build:pilot_ptpt_001_enriched_qc,0,6515,,10K,B2,"cocaína",0
1227,"coincidência","coincidência","совпадение",,,noun,build:pilot_ptpt_001_enriched_qc,0,4983,,5K,B2,"coincidência",0
1229,colar,colar,"клей",,,verb,build:pilot_ptpt_001_enriched_qc,0,4984,,5K,B2,colar,0
1232,colher,colher,"ложка",,,noun,build:pilot_ptpt_001_enriched_qc,0,6516,,10K,B2,colher,0
1235,"colônia","colônia","колония",,,noun,build:pilot_ptpt_001_enriched_qc,1,5611,,10K,B2,"colônia",0
1236,coma,coma,"кома",,,noun,build:pilot_ptpt_001_enriched_qc,0,5925,,10K,B2,coma,0
1237,comboio,comboio,"поезд",,,noun,build:pilot_ptpt_001_enriched_qc,0,6275,,10K,B2,transport_mobility,0
1238,comediante,comediante,"комик",,,noun,build:pilot_ptpt_001_enriched_qc,0,10859,,20K,C1,comediante,0
1240,comer,comer,"есть",,,verb,build:pilot_ptpt_001_enriched_qc,0,753,,1K,A2,food_daily,0
1242,"começar","começar","начать",,,verb,build:pilot_ptpt_001_enriched_qc,0,501,,1K,A2,"começar",0
1243,"comissário","comissário","стюард",,,noun,build:pilot_ptpt_001_enriched_qc,0,9155,,10K,C1,"comissário",0
1245,companhia,companhia,"діло",,,noun,build:pilot_ptpt_001_enriched_qc,0,909,,1K,A2,companhia,0
1246,comparar,"Что значит это слово?

comparar","сравнивать",,,verb,build:pilot_ptpt_001_enriched_qc,1,6390,,10K,B2,comparar,0
1247,complexidade,complexidade,"сложность",,,noun,build:pilot_ptpt_001_enriched_qc,0,6517,,10K,B2,complexidade,0
1248,compositor,compositor,"композитор",,,noun,build:pilot_ptpt_001_enriched_qc,1,6154,,10K,B2,compositor,0
1249,comprar,comprar,"покупать",,,verb,build:pilot_ptpt_001_enriched_qc,0,642,,1K,A2,shopping_money,0
1250,comprimento,comprimento,"длина",,,noun,build:pilot_ptpt_001_enriched_qc,0,4538,,5K,B2,comprimento,0
1251,comprometer,"Что значит это слово?

comprometer","нанимать",,,verb,build:pilot_ptpt_001_enriched_qc,1,9157,,10K,C1,comprometer,1
1253,"comunicação","comunicação","общение",,,noun,build:pilot_ptpt_001_enriched_qc,0,738,,1K,A2,"comunicação",0
1256,"comédia","comédia","комедия",,,noun,build:pilot_ptpt_001_enriched_qc,0,4987,,5K,B2,"comédia",0
1260,concreto,concreto,"бетон",,,noun,build:pilot_ptpt_001_enriched_qc,0,5507,,10K,B2,concreto,0
1262,conde,conde,"граф",,,noun,build:pilot_ptpt_001_enriched_qc,0,6156,,10K,B2,conde,0
1265,conhecer,conhecer,"знать",,,verb,build:pilot_ptpt_001_enriched_qc,0,709,,1K,A2,conhecer,0
1268,"conspiração","conspiração","конспирация",,,noun,build:pilot_ptpt_001_enriched_qc,1,5722,,10K,B2,"conspiração",0
1270,"construção","construção","устроение",,,noun,build:pilot_ptpt_001_enriched_qc,0,614,,1K,A2,"construção",0
1271,consulado,consulado,"консульство",,,noun,build:pilot_ptpt_001_enriched_qc,0,6747,,10K,B2,consulado,0
1273,contar,contar,"читать",,,verb,build:pilot_ptpt_001_enriched_qc,0,740,,1K,A2,contar,0
1275,"conteúdo","conteúdo","содержание",,,noun,build:pilot_ptpt_001_enriched_qc,0,823,,1K,A2,"conteúdo",0
1278,contraste,contraste,"контраст",,,noun,build:pilot_ptpt_001_enriched_qc,0,6395,,10K,B2,contraste,0
1280,"contribuição","contribuição","вклад",,,noun,build:pilot_ptpt_001_enriched_qc,0,3607,,5K,B2,"contribuição",0
1288,coral,coral,"коралл",,,noun,build:pilot_ptpt_001_enriched_qc,0,6280,,10K,B2,coral,0
1289,corda,corda,"хорда",,,noun,build:pilot_ptpt_001_enriched_qc,1,5178,,10K,B2,corda,0
1290,coro,coro,"хор",,,noun,build:pilot_ptpt_001_enriched_qc,0,7264,,10K,C1,coro,0
1293,corpo,corpo,"тело",,,noun,build:pilot_ptpt_001_enriched_qc,0,363,,1K,A1,health_body,0
1294,correio,correio,"почта",,,noun,build:pilot_ptpt_001_enriched_qc,0,3673,,5K,B2,correio,0
1298,costa,costa,"побережье",,,noun,build:pilot_ptpt_001_enriched_qc,0,885,,1K,A2,costa,0
1301,cozinhar,"Что значит это слово?

cozinhar","готовить",,,verb,build:pilot_ptpt_001_enriched_qc,1,5179,,10K,B2,cozinhar,0
1302,creme,creme,"крем",,,noun,build:pilot_ptpt_001_enriched_qc,0,6046,,10K,B2,creme,0
1304,"criança","criança","ребёнок",,,noun,build:pilot_ptpt_001_enriched_qc,0,597,,1K,A2,"criança",0
1305,criatura,criatura,"существо",,,noun,build:pilot_ptpt_001_enriched_qc,0,5400,,10K,B2,criatura,0
1306,crime,crime,"преступление",,,noun,build:pilot_ptpt_001_enriched_qc,0,886,,1K,A2,crime,0
1308,cristal,cristal,"стекло",,,noun,build:pilot_ptpt_001_enriched_qc,0,6526,,10K,B2,cristal,0
1309,cristianismo,cristianismo,"христианство",,,noun,build:pilot_ptpt_001_enriched_qc,0,8595,,10K,C1,cristianismo,0
1310,"cristóvão","cristóvão","христофор",,,noun,build:pilot_ptpt_001_enriched_qc,1,10870,,20K,C1,"cristóvão",0
1311,criticar,"Что значит это слово?

criticar","критиковать",,,verb,build:pilot_ptpt_001_enriched_qc,1,5511,,10K,B2,criticar,0
1315,"crânio","crânio","череп",,,noun,build:pilot_ptpt_001_enriched_qc,0,10509,,20K,C1,"crânio",0
1317,"crônicas","crônicas","летописи",,,noun,build:pilot_ptpt_001_enriched_qc,0,9169,,10K,C1,"crônicas",0
1319,"culinária","culinária","кулинария",,,noun,build:pilot_ptpt_001_enriched_qc,1,5618,,10K,B2,"culinária",0
1321,culpar,"Что значит это слово?

culpar","обвинить",,,verb,build:pilot_ptpt_001_enriched_qc,1,8452,,10K,C1,culpar,0
1324,curar,"Что значит это слово?

curar","лечить",,,verb,build:pilot_ptpt_001_enriched_qc,1,6527,,10K,B2,curar,0
1325,curso,curso,"курс",,,noun,build:pilot_ptpt_001_enriched_qc,0,847,,1K,A2,curso,0
1327,curva,curva,"кривая",,,noun,build:pilot_ptpt_001_enriched_qc,0,5933,,10K,B2,curva,0
1328,"custódia","custódia","попечение",,,noun,build:pilot_ptpt_001_enriched_qc,0,8317,,10K,C1,"custódia",0
1329,"cápsula","cápsula","капсула",,,noun,build:pilot_ptpt_001_enriched_qc,0,11245,,20K,C1,"cápsula",0
1333,"célula","célula","клетка",,,noun,build:pilot_ptpt_001_enriched_qc,0,8030,,10K,C1,"célula",0
1335,"césar","césar","цезарь",,,noun,build:pilot_ptpt_001_enriched_qc,0,4218,,5K,B2,"césar",0
1337,"círculo","círculo","круг",,,noun,build:pilot_ptpt_001_enriched_qc,0,3610,,5K,B2,"círculo",0
1338,"córrego","córrego","ручей",,,noun,build:pilot_ptpt_001_enriched_qc,0,11045,,20K,C1,"córrego",0
1339,"cúpula","cúpula","купол",,,noun,build:pilot_ptpt_001_enriched_qc,0,6633,,10K,B2,"cúpula",0
1341,dama,dama,"дама",,,noun,build:pilot_ptpt_001_enriched_qc,0,4460,,5K,B2,dama,0
1342,damas,damas,"шашки",,,noun,build:pilot_ptpt_001_enriched_qc,0,10340,,20K,C1,damas,0
1343,damasco,damasco,"дамаск",,,noun,build:pilot_ptpt_001_enriched_qc,0,11246,,20K,C1,damasco,0
1346,data,data,"дата",,,noun,build:pilot_ptpt_001_enriched_qc,0,802,,1K,A2,data,0
1349,"decisão","decisão","решение",,,noun,build:pilot_ptpt_001_enriched_qc,0,669,,1K,A2,"decisão",0
1351,"dedicação","dedicação","преданность",,,noun,build:pilot_ptpt_001_enriched_qc,0,7517,,10K,C1,food_daily,0
1353,defensor,defensor,"защитник",,,noun,build:pilot_ptpt_001_enriched_qc,1,5081,,10K,B2,defensor,0
1354,defesa,defesa,"защита",,,noun,build:pilot_ptpt_001_enriched_qc,0,723,,1K,A2,defesa,0
1357,delegacia,delegacia,"отделение милиции",,,noun,build:pilot_ptpt_001_enriched_qc,0,4055,,5K,B2,delegacia,0
1358,delta,delta,"дельта",,,noun,build:pilot_ptpt_001_enriched_qc,0,7134,,10K,C1,delta,0
1361,"demolição","demolição","снос",,,noun,build:pilot_ptpt_001_enriched_qc,1,11431,,20K,C1,"demolição",0
1362,"demônio","demônio","демон",,,noun,build:pilot_ptpt_001_enriched_qc,1,5840,,10K,B2,"demônio",0
1363,densidade,densidade,"плотность",,,noun,build:pilot_ptpt_001_enriched_qc,0,8603,,10K,C1,densidade,0
1364,dente,dente,"зуб",,,noun,build:pilot_ptpt_001_enriched_qc,0,5404,,10K,B2,dente,0
1365,dentista,dentista,"дантист",,,noun,build:pilot_ptpt_001_enriched_qc,0,7386,,10K,C1,dentista,0
1369,desaparecer,"Что значит это слово?

desaparecer","исчезать",,,verb,build:pilot_ptpt_001_enriched_qc,1,6286,,10K,B2,desaparecer,1
1370,descendente,descendente,"потомок",,,noun,build:pilot_ptpt_001_enriched_qc,0,10692,,20K,C1,descendente,0
1372,desejar,"Что значит это слово?

desejar","желать",,,verb,build:pilot_ptpt_001_enriched_qc,1,3892,,5K,B2,desejar,0
1374,deserto,deserto,"пустыня",,,noun,build:pilot_ptpt_001_enriched_qc,0,3978,,5K,B2,deserto,0
1375,designer,designer,"дизайнер",,,noun,build:pilot_ptpt_001_enriched_qc,0,6404,,10K,B2,designer,0
1376,deslocamento,deslocamento,"перемещение",,,noun,build:pilot_ptpt_001_enriched_qc,0,7622,,10K,C1,deslocamento,0
1377,despedida,despedida,"прощание",,,noun,build:pilot_ptpt_001_enriched_qc,0,6407,,10K,B2,despedida,0
1378,despertar,"Что значит это слово?

despertar","будить",,,verb,build:pilot_ptpt_001_enriched_qc,1,6288,,10K,B2,despertar,0
1381,desvio,desvio,"отклонение",,,noun,build:pilot_ptpt_001_enriched_qc,0,7388,,10K,C1,desvio,0
1383,dezembro,dezembro,"декабрь",,,noun,build:pilot_ptpt_001_enriched_qc,0,552,,1K,A2,dezembro,0
1384,dia,dia,"день",,,noun,build:pilot_ptpt_001_enriched_qc,0,51,,1K,A1,time_basic,0
1385,diabetes,diabetes,"диабет",,,noun,build:pilot_ptpt_001_enriched_qc,0,11437,,20K,C1,diabetes,0
1386,diabo,diabo,"дьявол",,,noun,build:pilot_ptpt_001_enriched_qc,0,3894,,5K,B2,diabo,0
1388,"dicionário","dicionário","словарь",,,noun,build:pilot_ptpt_001_enriched_qc,1,6052,,10K,B2,"dicionário",0
1389,diferenciar,"Что значит это слово?

diferenciar","отличать",,,verb,build:pilot_ptpt_001_enriched_qc,1,11438,,20K,C1,diferenciar,0
1391,dignidade,dignidade,"достоинство",,,noun,build:pilot_ptpt_001_enriched_qc,0,4220,,5K,B2,dignidade,0
1392,dilema,dilema,"дилемма",,,noun,build:pilot_ptpt_001_enriched_qc,0,10696,,20K,C1,dilema,0
1394,dinheiro,dinheiro,"деньги",,,noun,build:pilot_ptpt_001_enriched_qc,0,267,,1K,A1,shopping_money,0
1396,diretor,diretor,"директор",,,noun,build:pilot_ptpt_001_enriched_qc,0,888,,1K,A2,diretor,0
1397,"diretório","diretório","директория",,,noun,build:pilot_ptpt_001_enriched_qc,1,11439,,20K,C1,"diretório",0
1398,"direção","direção","направление",,,noun,build:pilot_ptpt_001_enriched_qc,0,954,,1K,A2,"direção",0
1401,distinguir,"Что значит это слово?

distinguir","дифференцировать",,,verb,build:pilot_ptpt_001_enriched_qc,1,9178,,10K,C1,distinguir,1
1402,"distinção","distinção","разбор",,,noun,build:pilot_ptpt_001_enriched_qc,1,6169,,10K,B2,"distinção",0
1408,dividir,"Что значит это слово?

dividir","делить",,,verb,build:pilot_ptpt_001_enriched_qc,1,3679,,5K,B2,dividir,1
1409,"divórcio","divórcio","развод",,,noun,build:pilot_ptpt_001_enriched_qc,0,5843,,10K,B2,"divórcio",0
1411,"diâmetro","diâmetro","диаметр",,,noun,build:pilot_ptpt_001_enriched_qc,0,9179,,10K,C1,"diâmetro",0
1412,dna,dna,"днк",,,noun,build:pilot_ptpt_001_enriched_qc,0,3981,,5K,B2,dna,0
1414,doer,"Что значит это слово?

doer","болеть",,,verb,build:pilot_ptpt_001_enriched_qc,1,8463,,10K,C1,doer,1
1415,domingo,domingo,"воскресенье",,,noun,build:pilot_ptpt_001_enriched_qc,0,889,,1K,A2,domingo,0
1417,dor,dor,"боль",,,noun,build:pilot_ptpt_001_enriched_qc,0,934,,1K,A2,dor,0
1418,dormir,dormir,"спать",,,verb,build:pilot_ptpt_001_enriched_qc,0,912,,1K,A2,dormir,0
1419,dose,dose,"доза",,,noun,build:pilot_ptpt_001_enriched_qc,0,4224,,5K,B2,dose,0
1421,doutrina,doutrina,"доктрина",,,noun,build:pilot_ptpt_001_enriched_qc,0,4898,,5K,B2,doutrina,0
1422,"dragão","dragão","змей",,,noun,build:pilot_ptpt_001_enriched_qc,0,4634,,5K,B2,"dragão",0
1424,duque,duque,"герцог",,,noun,build:pilot_ptpt_001_enriched_qc,0,7145,,10K,C1,duque,0
1426,"dólar","dólar","доллар",,,noun,build:pilot_ptpt_001_enriched_qc,0,5412,,10K,B2,"dólar",0
1428,"dúzia","dúzia","дюжина",,,noun,build:pilot_ptpt_001_enriched_qc,0,7630,,10K,C1,"dúzia",0
1430,eco,eco,"эхо",,,noun,build:pilot_ptpt_001_enriched_qc,0,7146,,10K,C1,eco,0
1432,economia,economia,"экономика",,,noun,build:pilot_ptpt_001_enriched_qc,0,913,,1K,A2,economia,0
1433,economista,economista,"экономист",,,noun,build:pilot_ptpt_001_enriched_qc,0,7631,,10K,C1,economista,0
1434,ecossistema,ecossistema,"экосистема",,,noun,build:pilot_ptpt_001_enriched_qc,1,11055,,20K,C1,ecossistema,0
1437,"educação","educação","воспитание",,,noun,build:pilot_ptpt_001_enriched_qc,0,474,,1K,A1,"educação",0
1438,"eficiência","eficiência","эффективность",,,noun,build:pilot_ptpt_001_enriched_qc,1,6057,,10K,B2,"eficiência",0
1442,eleitor,eleitor,"избиратель",,,noun,build:pilot_ptpt_001_enriched_qc,0,6647,,10K,B2,eleitor,0
1443,eletricidade,eletricidade,"электричество",,,noun,build:pilot_ptpt_001_enriched_qc,1,5525,,10K,B2,eletricidade,0
1444,"eletrônica","eletrônica","электроника",,,noun,build:pilot_ptpt_001_enriched_qc,0,4143,,5K,B2,"eletrônica",0
1445,elevador,elevador,"лифт",,,noun,build:pilot_ptpt_001_enriched_qc,0,7148,,10K,C1,elevador,0
1448,embaixador,embaixador,"посол",,,noun,build:pilot_ptpt_001_enriched_qc,0,4556,,5K,B2,embaixador,0
1449,emboscada,emboscada,"засада",,,noun,build:pilot_ptpt_001_enriched_qc,0,10885,,20K,C1,emboscada,0
1452,empresa,empresa,"бизнес",,,noun,build:pilot_ptpt_001_enriched_qc,0,413,,1K,A1,work_employment,0
1454,encomenda,encomenda,"заказ",,,noun,build:pilot_ptpt_001_enriched_qc,0,8329,,10K,C1,encomenda,0
1455,encontrar,encontrar,"найти",,,verb,build:pilot_ptpt_001_enriched_qc,0,460,,1K,A1,encontrar,0
1457,energia,energia,"энергия",,,noun,build:pilot_ptpt_001_enriched_qc,0,553,,1K,A2,energia,0
1459,engano,engano,"недоразумение",,,noun,build:pilot_ptpt_001_enriched_qc,0,5845,,10K,B2,engano,0
1460,engenheiro,engenheiro,"инженер",,,noun,build:pilot_ptpt_001_enriched_qc,0,3983,,5K,B2,engenheiro,0
1462,entender,entender,"понять",,,verb,build:pilot_ptpt_001_enriched_qc,0,757,,1K,A2,entender,0
1463,entrada,entrada,"статья",,,noun,build:pilot_ptpt_001_enriched_qc,0,955,,1K,A2,entrada,0
1464,entretenimento,entretenimento,"отдых",,,noun,build:pilot_ptpt_001_enriched_qc,0,4064,,5K,B2,entretenimento,0
1469,equador,equador,"экватор",,,noun,build:pilot_ptpt_001_enriched_qc,0,4471,,5K,B2,equador,0
1470,"equação","equação","уравнение",,,noun,build:pilot_ptpt_001_enriched_qc,1,10524,,20K,C1,"equação",0
1473,equipe,equipe,"состав",,,noun,build:pilot_ptpt_001_enriched_qc,0,327,,1K,A1,equipe,0
1475,escada,escada,"лестница",,,noun,build:pilot_ptpt_001_enriched_qc,1,5626,,10K,B2,escada,0
1477,escalada,escalada,"карабканье",,,noun,build:pilot_ptpt_001_enriched_qc,0,8048,,10K,C1,escalada,0
1479,escola,escola,"школа",,,noun,build:pilot_ptpt_001_enriched_qc,0,275,,1K,A1,escola,0
1481,escondidas,escondidas,"прятки",,,noun,build:pilot_ptpt_001_enriched_qc,0,11259,,20K,C1,escondidas,0
1482,"escravidão","escravidão","рабство",,,noun,build:pilot_ptpt_001_enriched_qc,0,5941,,10K,B2,"escravidão",0
1483,escravo,escravo,"раб",,,noun,build:pilot_ptpt_001_enriched_qc,0,5529,,10K,B2,escravo,0
1487,escudo,escudo,"щит",,,noun,build:pilot_ptpt_001_enriched_qc,0,7022,,10K,C1,escudo,0
1488,escultura,escultura,"скульптура",,,noun,build:pilot_ptpt_001_enriched_qc,1,10704,,20K,C1,escultura,0
1489,escutar,escutar,"слушать",,,verb,build:pilot_ptpt_001_enriched_qc,1,4472,,5K,B2,escutar,1
1491,esfera,esfera,"сфера",,,noun,build:pilot_ptpt_001_enriched_qc,0,5095,,10K,B2,esfera,0
1493,espada,espada,"меч",,,noun,build:pilot_ptpt_001_enriched_qc,0,4230,,5K,B2,espada,0
1497,espectro,espectro,"спектр",,,noun,build:pilot_ptpt_001_enriched_qc,0,8049,,10K,C1,espectro,0
1498,"especulação","especulação","спекуляция",,,noun,build:pilot_ptpt_001_enriched_qc,1,11263,,20K,C1,"especulação",0
1501,esperar,esperar,"ждать",,,verb,build:pilot_ptpt_001_enriched_qc,0,891,,1K,A2,esperar,0
1502,espionagem,espionagem,"шпионаж",,,noun,build:pilot_ptpt_001_enriched_qc,0,8762,,10K,C1,espionagem,0
1506,esquadra,esquadra,"отделение",,,noun,build:pilot_ptpt_001_enriched_qc,0,7154,,10K,C1,esquadra,0
1507,"esquadrão","esquadrão","эскадрон",,,noun,build:pilot_ptpt_001_enriched_qc,0,5532,,10K,B2,"esquadrão",0
1510,esquina,esquina,"угол",,,noun,build:pilot_ptpt_001_enriched_qc,1,5633,,10K,B2,esquina,0
1512,estrangeiro,estrangeiro,"иностранец",,,noun,build:pilot_ptpt_001_enriched_qc,0,3559,,5K,B2,estrangeiro,0
1514,estresse,estresse,"стресс",,,noun,build:pilot_ptpt_001_enriched_qc,0,5096,,10K,B2,estresse,0
1516,"estátua","estátua","статуя",,,noun,build:pilot_ptpt_001_enriched_qc,0,5944,,10K,B2,"estátua",0
1517,"estômago","estômago","желудок",,,noun,build:pilot_ptpt_001_enriched_qc,0,5421,,10K,B2,"estômago",0
1518,etanol,etanol,"этанол",,,noun,build:pilot_ptpt_001_enriched_qc,1,11065,,20K,C1,etanol,0
1519,eternidade,eternidade,"вечность",,,noun,build:pilot_ptpt_001_enriched_qc,0,7764,,10K,C1,eternidade,0
1521,europa,europa,"европа",,,noun,build:pilot_ptpt_001_enriched_qc,0,785,,1K,A2,europa,0
1522,eva,eva,"ева",,,noun,build:pilot_ptpt_001_enriched_qc,1,5097,,10K,B2,eva,0
1523,evento,evento,"случай",,,noun,build:pilot_ptpt_001_enriched_qc,0,504,,1K,A2,evento,0
1529,executar,executar,"выполнять",,,verb,build:pilot_ptpt_001_enriched_qc,1,5298,,10K,B2,executar,1
1532,expandir,"Что значит это слово?

expandir","расширить",,,verb,build:pilot_ptpt_001_enriched_qc,1,6294,,10K,B2,expandir,1
1534,"expedição","expedição","экспедиция",,,noun,build:pilot_ptpt_001_enriched_qc,0,7768,,10K,C1,"expedição",0
1535,"experiência","experiência","опыт",,,noun,build:pilot_ptpt_001_enriched_qc,0,867,,1K,A2,"experiência",0
1537,explodir,"Что значит это слово?

explodir","взрываться",,,verb,build:pilot_ptpt_001_enriched_qc,1,6418,,10K,B2,explodir,1
1539,"exportação","exportação","экспорт",,,noun,build:pilot_ptpt_001_enriched_qc,1,5634,,10K,B2,"exportação",0
1540,expresso,expresso,"эспрессо",,,noun,build:pilot_ptpt_001_enriched_qc,0,6878,,10K,B2,expresso,0
1541,"extração","extração","розыгрыш",,,noun,build:pilot_ptpt_001_enriched_qc,0,6543,,10K,B2,"extração",0
1542,"exército","exército","армия",,,noun,build:pilot_ptpt_001_enriched_qc,0,803,,1K,A2,"exército",0
1543,faca,faca,"нож",,,noun,build:pilot_ptpt_001_enriched_qc,0,4903,,5K,B2,faca,0
1545,fachada,fachada,"фасад",,,noun,build:pilot_ptpt_001_enriched_qc,0,6651,,10K,B2,fachada,0
1546,facilidade,facilidade,"лёгкость",,,noun,build:pilot_ptpt_001_enriched_qc,1,5534,,10K,B2,facilidade,0
1547,fada,fada,"фея",,,noun,build:pilot_ptpt_001_enriched_qc,0,10188,,20K,C1,fada,0
1548,falar,falar,"говорить",,,verb,build:pilot_ptpt_001_enriched_qc,1,157,,1K,A1,falar,1
1549,"falcão","falcão","сокол",,,noun,build:pilot_ptpt_001_enriched_qc,0,8476,,10K,C1,"falcão",0
1550,"família","família","семья",,,noun,build:pilot_ptpt_001_enriched_qc,0,224,,1K,A1,"família",0
1552,fantasma,fantasma,"привидения",,,noun,build:pilot_ptpt_001_enriched_qc:deactivated_semantic_suspect_20260311_133552,0,5197,,10K,B2,fantasma,0
1553,farinha,farinha,"мука",,,noun,build:pilot_ptpt_001_enriched_qc,0,6654,,10K,B2,farinha,0
1554,"farmácia","farmácia","аптека",,,noun,build:pilot_ptpt_001_enriched_qc,0,7286,,10K,C1,"farmácia",0
1555,farol,farol,"маяк",,,noun,build:pilot_ptpt_001_enriched_qc,0,8197,,10K,C1,farol,0
1556,fator,fator,"фактор",,,noun,build:pilot_ptpt_001_enriched_qc,0,4234,,5K,B2,fator,0
1557,favela,favela,"трущобы",,,noun,build:pilot_ptpt_001_enriched_qc,0,6063,,10K,B2,favela,0
1558,favor,favor,"услуга",,,noun,build:pilot_ptpt_001_enriched_qc,0,336,,1K,A1,favor,0
1559,febre,febre,"лихорадка",,,noun,build:pilot_ptpt_001_enriched_qc,0,4152,,5K,B2,febre,0
1560,"feijão","feijão","фасоль",,,noun,build:pilot_ptpt_001_enriched_qc,0,5737,,10K,B2,"feijão",0
1563,feminismo,feminismo,"феминизм",,,noun,build:pilot_ptpt_001_enriched_qc,0,7407,,10K,C1,feminismo,0
1564,ferida,ferida,"рана",,,noun,build:pilot_ptpt_001_enriched_qc,0,6064,,10K,B2,ferida,0
1568,festa,festa,"вечеринка",,,noun,build:pilot_ptpt_001_enriched_qc,0,554,,1K,A2,festa,0
1570,fevereiro,fevereiro,"февраль",,,noun,build:pilot_ptpt_001_enriched_qc,0,616,,1K,A2,fevereiro,0
1571,fibra,fibra,"волокно",,,noun,build:pilot_ptpt_001_enriched_qc,0,8479,,10K,C1,fibra,0
1572,ficar,ficar,"оставаться",,,verb,build:pilot_ptpt_001_enriched_qc,0,169,,1K,A1,core_verbs,0
1573,fidelidade,fidelidade,"верность",,,noun,build:pilot_ptpt_001_enriched_qc,0,8624,,10K,C1,fidelidade,0
1575,filha,filha,"дочь",,,noun,build:pilot_ptpt_001_enriched_qc,0,505,,1K,A2,filha,0
1576,filipe,filipe,"филип",,,noun,build:pilot_ptpt_001_enriched_qc,0,4729,,5K,B2,filipe,0
1578,filme,filme,"фильм",,,noun,build:pilot_ptpt_001_enriched_qc,0,314,,1K,A1,filme,0
1580,filtro,filtro,"фильтр",,,noun,build:pilot_ptpt_001_enriched_qc,0,8055,,10K,C1,filtro,0
1581,"filósofo","filósofo","философ",,,noun,build:pilot_ptpt_001_enriched_qc,0,8625,,10K,C1,"filósofo",0
1582,fim,fim,"конец",,,noun,build:pilot_ptpt_001_enriched_qc,0,227,,1K,A1,fim,0
1583,"finanças","finanças","финансы",,,noun,build:pilot_ptpt_001_enriched_qc,0,4647,,5K,B2,bureaucracy_documents,0
1586,"florianópolis","florianópolis","флорианополис",,,noun,build:pilot_ptpt_001_enriched_qc,0,5950,,10K,B2,"florianópolis",0
1588,foca,foca,"тюлень",,,noun,build:pilot_ptpt_001_enriched_qc,0,8772,,10K,C1,foca,0
1591,fogo,fogo,"огонь",,,noun,build:pilot_ptpt_001_enriched_qc,0,938,,1K,A2,fogo,0
1593,foguete,foguete,"ракета",,,noun,build:pilot_ptpt_001_enriched_qc,0,10898,,20K,C1,foguete,0
1596,fomentar,"Что значит это слово?

fomentar","возбуждать",,,verb,build:pilot_ptpt_001_enriched_qc,1,11464,,20K,C1,fomentar,0
1598,formatura,formatura,"окончание",,,noun,build:pilot_ptpt_001_enriched_qc,0,8483,,10K,C1,formatura,0
1599,formiga,formiga,"муравей",,,noun,build:pilot_ptpt_001_enriched_qc,0,10012,,20K,C1,formiga,0
1600,forno,forno,"печь",,,noun,build:pilot_ptpt_001_enriched_qc,0,7773,,10K,C1,forno,0
1603,"fotógrafo","fotógrafo","фотограф",,,noun,build:pilot_ptpt_001_enriched_qc,0,5427,,10K,B2,"fotógrafo",0
1607,fraude,fraude,"афера",,,noun,build:pilot_ptpt_001_enriched_qc,0,5008,,10K,B2,fraude,0
1610,frota,frota,"флот",,,noun,build:pilot_ptpt_001_enriched_qc,0,3771,,5K,B2,frota,0
1611,"frustração","frustração","фрустрация",,,noun,build:pilot_ptpt_001_enriched_qc,0,10013,,20K,C1,"frustração",0
1612,fruta,fruta,"плод",,,noun,build:pilot_ptpt_001_enriched_qc,0,6424,,10K,B2,fruta,0
1613,fuga,fuga,"побег",,,noun,build:pilot_ptpt_001_enriched_qc,0,3622,,5K,B2,fuga,0
1615,fumar,"Что значит это слово?

fumar","курить",,,verb,build:pilot_ptpt_001_enriched_qc,1,4649,,5K,B2,fumar,0
1616,"fumaça","fumaça","дым",,,noun,build:pilot_ptpt_001_enriched_qc,0,4818,,5K,B2,"fumaça",0
1617,fundamento,fundamento,"основа",,,noun,build:pilot_ptpt_001_enriched_qc,0,9057,,10K,C1,fundamento,0
1618,funeral,funeral,"похороны",,,noun,build:pilot_ptpt_001_enriched_qc,0,7414,,10K,C1,funeral,0
1620,"furacão","furacão","буря",,,noun,build:pilot_ptpt_001_enriched_qc,0,4481,,5K,B2,"furacão",0
1621,futebol,futebol,"футбол",,,noun,build:pilot_ptpt_001_enriched_qc,0,443,,1K,A1,futebol,0
1622,futuro,futuro,"будущее",,,noun,build:pilot_ptpt_001_enriched_qc,0,617,,1K,A2,futuro,0
1624,"fígado","fígado","печень",,,noun,build:pilot_ptpt_001_enriched_qc,0,6298,,10K,B2,"fígado",0
1627,"fórmula","fórmula","формула",,,noun,build:pilot_ptpt_001_enriched_qc,0,3623,,5K,B2,"fórmula",0
1629,galeria,galeria,"галерея",,,noun,build:pilot_ptpt_001_enriched_qc,0,3694,,5K,B2,galeria,0
1630,galinha,galinha,"курка",,,noun,build:pilot_ptpt_001_enriched_qc,1,5011,,10K,B2,galinha,0
1631,"galáxia","galáxia","галактика",,,noun,build:pilot_ptpt_001_enriched_qc,0,8341,,10K,C1,"galáxia",0
1632,gana,gana,"гана",,,noun,build:pilot_ptpt_001_enriched_qc,0,10539,,20K,C1,gana,0
1633,garagem,garagem,"гараж",,,noun,build:pilot_ptpt_001_enriched_qc,0,5431,,10K,B2,garagem,0
1634,garantia,garantia,"гарантия",,,noun,build:pilot_ptpt_001_enriched_qc,0,4072,,5K,B2,garantia,0
1635,garganta,garganta,"зев",,,noun,build:pilot_ptpt_001_enriched_qc,0,4398,,5K,B2,garganta,0
1636,garra,garra,"коготь",,,noun,build:pilot_ptpt_001_enriched_qc,0,11073,,20K,C1,garra,0
1637,garrafa,garrafa,"бутылка",,,noun,build:pilot_ptpt_001_enriched_qc,0,4911,,5K,B2,garrafa,0
1638,"garçom","garçom","официант",,,noun,build:pilot_ptpt_001_enriched_qc,0,11074,,20K,C1,"garçom",0
1639,gasolina,gasolina,"бензин",,,noun,build:pilot_ptpt_001_enriched_qc,0,4313,,5K,B2,gasolina,0
1640,gasto,gasto,"затрата",,,noun,build:pilot_ptpt_001_enriched_qc,0,7644,,10K,C1,gasto,0
1641,gatilho,gatilho,"спусковой крючок",,,noun,build:pilot_ptpt_001_enriched_qc,0,6890,,10K,B2,gatilho,0
1643,gaveta,gaveta,"выдвижной ящик",,,noun,build:pilot_ptpt_001_enriched_qc,0,11475,,20K,C1,gaveta,0
1644,geladeira,geladeira,"холодильник",,,noun,build:pilot_ptpt_001_enriched_qc,0,5639,,10K,B2,geladeira,0
1646,gene,gene,"ген",,,noun,build:pilot_ptpt_001_enriched_qc,0,7160,,10K,C1,gene,0
1649,gente,gente,"народ",,,noun,build:pilot_ptpt_001_enriched_qc,0,225,,1K,A1,gente,0
1650,gentileza,gentileza,"доброта",,,noun,build:pilot_ptpt_001_enriched_qc,0,8903,,10K,C1,gentileza,0
1651,"genética","genética","генетика",,,noun,build:pilot_ptpt_001_enriched_qc,1,6185,,10K,B2,"genética",0
1652,geografia,geografia,"география",,,noun,build:pilot_ptpt_001_enriched_qc,0,3695,,5K,B2,geografia,0
1653,gesto,gesto,"жест",,,noun,build:pilot_ptpt_001_enriched_qc,0,6186,,10K,B2,gesto,0
1656,"globalização","globalização","глобализация",,,noun,build:pilot_ptpt_001_enriched_qc,1,11078,,20K,C1,"globalização",0
1657,goleiro,goleiro,"вратарь",,,noun,build:pilot_ptpt_001_enriched_qc,0,3908,,5K,B2,goleiro,0
1659,governo,governo,"правительство",,,noun,build:pilot_ptpt_001_enriched_qc,0,238,,1K,A1,governo,0
1660,grama,grama,"трава",,,noun,build:pilot_ptpt_001_enriched_qc,0,6662,,10K,B2,grama,0
1661,granada,granada,"граната",,,noun,build:pilot_ptpt_001_enriched_qc,0,7921,,10K,C1,granada,0
1663,gravidez,gravidez,"беременность",,,noun,build:pilot_ptpt_001_enriched_qc,0,4916,,5K,B2,gravidez,0
1666,gripe,gripe,"простуда",,,noun,build:pilot_ptpt_001_enriched_qc,0,6770,,10K,B2,gripe,0
1667,gritar,"Что значит это слово?

gritar","кричать",,,verb,build:pilot_ptpt_001_enriched_qc,1,3568,,5K,B2,gritar,0
1668,"grávida","grávida","беременная",,,noun,build:pilot_ptpt_001_enriched_qc,0,3772,,5K,B2,"grávida",0
1671,guatemala,guatemala,"гватемала",,,noun,build:pilot_ptpt_001_enriched_qc,0,7646,,10K,C1,guatemala,0
1672,guerra,guerra,"война",,,noun,build:pilot_ptpt_001_enriched_qc,0,306,,1K,A1,guerra,0
1673,guerreiro,guerreiro,"воин",,,noun,build:pilot_ptpt_001_enriched_qc,0,4919,,5K,B2,guerreiro,0
1675,guiana,guiana,"гайана",,,noun,build:pilot_ptpt_001_enriched_qc,0,8779,,10K,C1,guiana,0
1677,"guiné","guiné","гвинея",,,noun,build:pilot_ptpt_001_enriched_qc,0,4073,,5K,B2,"guiné",0
1678,guitarra,guitarra,"гитара",,,noun,build:pilot_ptpt_001_enriched_qc,0,5744,,10K,B2,guitarra,0
1680,"género","género","жанр",,,noun,build:pilot_ptpt_001_enriched_qc,0,3838,,5K,B2,"género",0
1681,"gêmeos","gêmeos","близнецы",,,noun,build:pilot_ptpt_001_enriched_qc,0,7416,,10K,C1,"gêmeos",0
1683,haiti,haiti,"гаити",,,noun,build:pilot_ptpt_001_enriched_qc,0,8780,,10K,C1,haiti,0
1686,harmonia,harmonia,"гармония",,,noun,build:pilot_ptpt_001_enriched_qc,0,6070,,10K,B2,harmonia,0
1687,"helicóptero","helicóptero","вертолёт",,,noun,build:pilot_ptpt_001_enriched_qc,0,7534,,10K,C1,"helicóptero",0
1689,"herança","herança","наследие",,,noun,build:pilot_ptpt_001_enriched_qc,0,4563,,5K,B2,"herança",0
1693,hino,hino,"гимн",,,noun,build:pilot_ptpt_001_enriched_qc,0,4238,,5K,B2,hino,0
1694,hipocrisia,hipocrisia,"лицемерие",,,noun,build:pilot_ptpt_001_enriched_qc,0,8489,,10K,C1,hipocrisia,0
1696,hoje,hoje,"сегодня",,,noun,build:pilot_ptpt_001_enriched_qc,0,117,,1K,A1,time_basic,0
1698,holocausto,holocausto,"холокост",,,noun,build:pilot_ptpt_001_enriched_qc,0,11081,,20K,C1,holocausto,0
1699,homem,homem,"мужчина",,,noun,build:pilot_ptpt_001_enriched_qc,0,247,,1K,A1,homem,0
1701,homofobia,homofobia,"гомофобия",,,noun,build:pilot_ptpt_001_enriched_qc,1,11082,,20K,C1,homofobia,0
1702,homossexual,homossexual,"пидор",,,noun,build:pilot_ptpt_001_enriched_qc,0,8907,,10K,C1,homossexual,0
1703,homossexualidade,homossexualidade,"гомосексуальность",,,noun,build:pilot_ptpt_001_enriched_qc,1,10367,,20K,C1,homossexualidade,0
1704,honduras,honduras,"гондурас",,,noun,build:pilot_ptpt_001_enriched_qc,0,8908,,10K,C1,honduras,0
1707,horror,horror,"ужас",,,noun,build:pilot_ptpt_001_enriched_qc,1,5205,,10K,B2,horror,0
1708,horta,horta,"огород",,,noun,build:pilot_ptpt_001_enriched_qc,0,7168,,10K,C1,horta,0
1709,hospital,hospital,"больница",,,noun,build:pilot_ptpt_001_enriched_qc,0,804,,1K,A2,health_body,0
1713,humberto,humberto,"гумберт",,,noun,build:pilot_ptpt_001_enriched_qc,0,10903,,20K,C1,humberto,0
1716,"hábito","hábito","привычка",,,noun,build:pilot_ptpt_001_enriched_qc,1,5854,,10K,B2,"hábito",0
1717,"hélio","hélio","гелий",,,noun,build:pilot_ptpt_001_enriched_qc,0,10369,,20K,C1,"hélio",0
1719,ideia,ideia,"идея",,,noun,build:pilot_ptpt_001_enriched_qc,0,520,,1K,A2,ideia,0
1720,ideologia,ideologia,"идеология",,,noun,build:pilot_ptpt_001_enriched_qc,1,6192,,10K,B2,ideologia,0
1721,idioma,idioma,"язык",,,noun,build:pilot_ptpt_001_enriched_qc,0,4316,,5K,B2,idioma,0
1724,igor,igor,"игорь",,,noun,build:pilot_ptpt_001_enriched_qc,1,6193,,10K,B2,igor,0
1725,igualdade,igualdade,"равенство",,,noun,build:pilot_ptpt_001_enriched_qc,0,3909,,5K,B2,igualdade,0
1727,imagem,imagem,"картина",,,noun,build:pilot_ptpt_001_enriched_qc,0,601,,1K,A2,imagem,0
1728,"imaginação","imaginação","воображение",,,noun,build:pilot_ptpt_001_enriched_qc,0,4734,,5K,B2,"imaginação",0
1730,"imigração","imigração","иммиграция",,,noun,build:pilot_ptpt_001_enriched_qc,0,5208,,10K,B2,"imigração",0
1732,implementar,implementar,"внедрять",,,verb,build:pilot_ptpt_001_enriched_qc,1,7421,,10K,C1,implementar,1
1734,imposto,imposto,"налог",,,noun,build:pilot_ptpt_001_enriched_qc,0,3841,,5K,B2,bureaucracy_documents,0
1736,impulso,impulso,"порыв",,,noun,build:pilot_ptpt_001_enriched_qc,0,5748,,10K,B2,impulso,0
1737,incentivo,incentivo,"стимул",,,noun,build:pilot_ptpt_001_enriched_qc,0,6302,,10K,B2,incentivo,0
1743,"infecção","infecção","инфекция",,,noun,build:pilot_ptpt_001_enriched_qc,1,5749,,10K,B2,"infecção",0
1745,"inflação","inflação","инфляция",,,noun,build:pilot_ptpt_001_enriched_qc,0,6664,,10K,B2,"inflação",0
1746,"informação","informação","информация",,,noun,build:pilot_ptpt_001_enriched_qc,0,564,,1K,A2,"informação",0
1747,"informática","informática","информатика",,,noun,build:pilot_ptpt_001_enriched_qc,1,5961,,10K,B2,"informática",0
1754,"injustiça","injustiça","несправедливость",,,noun,build:pilot_ptpt_001_enriched_qc,0,8065,,10K,C1,"injustiça",0
1755,"inocência","inocência","невинность",,,noun,build:pilot_ptpt_001_enriched_qc,0,7784,,10K,C1,"inocência",0
1756,"inovação","inovação","инновация",,,noun,build:pilot_ptpt_001_enriched_qc,0,4829,,5K,B2,"inovação",0
1757,inseto,inseto,"насекомое",,,noun,build:pilot_ptpt_001_enriched_qc,0,9063,,10K,C1,inseto,0
1758,insistir,"Что значит это слово?

insistir","настаивать",,,verb,build:pilot_ptpt_001_enriched_qc,1,10022,,20K,C1,insistir,1
1759,instalar,instalar,"устанавливать",,,verb,build:pilot_ptpt_001_enriched_qc,1,6305,,10K,B2,instalar,1
1761,instituto,instituto,"институт",,,noun,build:pilot_ptpt_001_enriched_qc,0,897,,1K,A2,instituto,0
1763,"instrução","instrução","образование",,,noun,build:pilot_ptpt_001_enriched_qc:deactivated_semantic_suspect_20260311_133552,1,6079,,10K,B2,"instrução",0
1764,integral,integral,"интеграл",,,noun,build:pilot_ptpt_001_enriched_qc,0,4486,,5K,B2,integral,0
1767,interessar,"Что значит это слово?

interessar","интересовать",,,verb,build:pilot_ptpt_001_enriched_qc,1,9872,,10K,C1,interessar,0
1768,interface,interface,"интерфейс",,,noun,build:pilot_ptpt_001_enriched_qc,0,5863,,10K,B2,interface,0
1769,interpretar,"Что значит это слово?

interpretar","интерпретировать",,,verb,build:pilot_ptpt_001_enriched_qc,1,7172,,10K,C1,interpretar,0
1770,intervalo,intervalo,"интервал",,,noun,build:pilot_ptpt_001_enriched_qc,0,3912,,5K,B2,intervalo,0
1772,"intuição","intuição","интуиция",,,noun,build:pilot_ptpt_001_enriched_qc,1,10911,,20K,C1,"intuição",0
1774,inveja,inveja,"зависть",,,noun,build:pilot_ptpt_001_enriched_qc,1,5436,,10K,B2,inveja,0
1777,"invenção","invenção","изобретение",,,noun,build:pilot_ptpt_001_enriched_qc,0,7787,,10K,C1,"invenção",0
1779,investigar,"Что значит это слово?

investigar","расследовать",,,verb,build:pilot_ptpt_001_enriched_qc,1,3570,,5K,B2,investigar,0
1781,"inácio","inácio","игнатий",,,noun,build:pilot_ptpt_001_enriched_qc,0,6307,,10K,B2,"inácio",0
1782,"inês","inês","агнес",,,noun,build:pilot_ptpt_001_enriched_qc,0,9068,,10K,C1,"inês",0
1783,ira,ira,"гнев",,,noun,build:pilot_ptpt_001_enriched_qc,1,5314,,10K,B2,ira,0
1784,iraque,iraque,"ирак",,,noun,build:pilot_ptpt_001_enriched_qc,0,3996,,5K,B2,iraque,0
1786,"irmã","irmã","сестра",,,noun,build:pilot_ptpt_001_enriched_qc,0,939,,1K,A2,"irmã",0
1787,"irmão","irmão","брат",,,noun,build:pilot_ptpt_001_enriched_qc,0,566,,1K,A2,"irmão",0
1788,ironia,ironia,"ирония",,,noun,build:pilot_ptpt_001_enriched_qc,0,5963,,10K,B2,ironia,0
1796,jacob,jacob,"яков",,,noun,build:pilot_ptpt_001_enriched_qc,0,6776,,10K,B2,jacob,0
1797,jade,jade,"жад",,,noun,build:pilot_ptpt_001_enriched_qc,0,10913,,20K,C1,jade,0
1798,jaime,jaime,"джеймс",,,noun,build:pilot_ptpt_001_enriched_qc,0,7935,,10K,C1,jaime,0
1799,jamaica,jamaica,"ямайка",,,noun,build:pilot_ptpt_001_enriched_qc,0,9208,,10K,C1,jamaica,0
1804,jeito,jeito,"манера",,,noun,build:pilot_ptpt_001_enriched_qc,0,630,,1K,A2,jeito,0
1805,jejum,jejum,"пост",,,noun,build:pilot_ptpt_001_enriched_qc,1,11095,,20K,C1,jejum,0
1807,joel,joel,"иоиль",,,noun,build:pilot_ptpt_001_enriched_qc,0,8213,,10K,C1,joel,0
1808,joelho,joelho,"колено",,,noun,build:pilot_ptpt_001_enriched_qc,0,6084,,10K,B2,joelho,0
1810,jogo,jogo,"игра",,,noun,build:pilot_ptpt_001_enriched_qc,0,233,,1K,A1,jogo,0
1811,jonas,jonas,"книга ионы",,,noun,build:pilot_ptpt_001_enriched_qc,0,6310,,10K,B2,jonas,0
1813,jornal,jornal,"газета",,,noun,build:pilot_ptpt_001_enriched_qc,0,827,,1K,A2,jornal,0
1815,"josé","josé","иосиф",,,noun,build:pilot_ptpt_001_enriched_qc,0,567,,1K,A2,"josé",0
1816,"joão","joão","иван",,,noun,build:pilot_ptpt_001_enriched_qc,0,673,,1K,A2,"joão",0
1820,julho,julho,"июль",,,noun,build:pilot_ptpt_001_enriched_qc,0,603,,1K,A2,julho,0
1821,junho,junho,"июнь",,,noun,build:pilot_ptpt_001_enriched_qc,0,492,,1K,A1,junho,0
1823,"jurisdição","jurisdição","юрисдикция",,,noun,build:pilot_ptpt_001_enriched_qc,0,7937,,10K,C1,"jurisdição",0
1824,jurista,jurista,"юрист",,,noun,build:pilot_ptpt_001_enriched_qc,1,10380,,20K,C1,jurista,0
1825,"justiça","justiça","право",,,noun,build:pilot_ptpt_001_enriched_qc,0,581,,1K,A2,"justiça",0
1827,"juízes","juízes","книга судей израилевых",,,noun,build:pilot_ptpt_001_enriched_qc:deactivated_safe_cleanup,0,4489,,5K,B2,"juízes",0
1828,"júlio","júlio","юлий",,,noun,build:pilot_ptpt_001_enriched_qc,0,7175,,10K,C1,"júlio",0
1831,lama,lama,"грязь",,,noun,build:pilot_ptpt_001_enriched_qc,0,5317,,10K,B2,lama,0
1832,lamento,lamento,"жалоба",,,noun,build:pilot_ptpt_001_enriched_qc,0,6781,,10K,B2,lamento,0
1835,laranja,laranja,"апельсин",,,noun,build:pilot_ptpt_001_enriched_qc,0,3918,,5K,B2,laranja,0
1836,largura,largura,"ширина",,,noun,build:pilot_ptpt_001_enriched_qc,0,6441,,10K,B2,largura,0
1837,latim,latim,"латынь",,,noun,build:pilot_ptpt_001_enriched_qc,0,9210,,10K,C1,latim,0
1838,lava,lava,"лава",,,noun,build:pilot_ptpt_001_enriched_qc,0,3702,,5K,B2,lava,0
1839,lealdade,lealdade,"верность",,,noun,build:pilot_ptpt_001_enriched_qc,0,7654,,10K,C1,lealdade,0
1840,legitimidade,legitimidade,"легитимность",,,noun,build:pilot_ptpt_001_enriched_qc,0,10031,,20K,C1,legitimidade,0
1841,lei,lei,"закон",,,noun,build:pilot_ptpt_001_enriched_qc,0,297,,1K,A1,lei,0
1842,"leilão","leilão","аукцион",,,noun,build:pilot_ptpt_001_enriched_qc,0,7655,,10K,C1,"leilão",0
1846,lema,lema,"девиз",,,noun,build:pilot_ptpt_001_enriched_qc,0,7042,,10K,C1,lema,0
1848,ler,ler,"читать",,,verb,build:pilot_ptpt_001_enriched_qc,0,648,,1K,A2,ler,0
1850,"lesão","lesão","рана",,,noun,build:pilot_ptpt_001_enriched_qc,1,5219,,10K,B2,"lesão",0
1853,liberdade,liberdade,"свобода",,,noun,build:pilot_ptpt_001_enriched_qc,0,919,,1K,A2,liberdade,0
1855,"licença","licença","разрешение",,,noun,build:pilot_ptpt_001_enriched_qc,0,988,,1K,A2,"licença",0
1856,liga,liga,"сплав",,,noun,build:pilot_ptpt_001_enriched_qc,0,854,,1K,A2,liga,0
1859,"limão","limão","лимон",,,noun,build:pilot_ptpt_001_enriched_qc,0,6316,,10K,B2,"limão",0
1860,"linguística","linguística","лингвистика",,,noun,build:pilot_ptpt_001_enriched_qc,0,8357,,10K,C1,"linguística",0
1861,linux,linux,"линукс",,,noun,build:pilot_ptpt_001_enriched_qc,0,6206,,10K,B2,linux,0
1863,livraria,livraria,"книшный магазин",,,noun,build:pilot_ptpt_001_enriched_qc:deactivated_semantic_suspect_20260311_133552,0,8358,,10K,C1,shopping_money,0
1864,livro,livro,"книга",,,noun,build:pilot_ptpt_001_enriched_qc,0,378,,1K,A1,livro,0
1867,lobo,lobo,"волк",,,noun,build:pilot_ptpt_001_enriched_qc,0,4408,,5K,B2,lobo,0
1868,logotipo,logotipo,"логотип",,,noun,build:pilot_ptpt_001_enriched_qc,0,10746,,20K,C1,logotipo,0
1869,"logística","logística","логистика",,,noun,build:pilot_ptpt_001_enriched_qc,0,8220,,10K,C1,"logística",0
1872,"lourenço","lourenço","лаврентий",,,noun,build:pilot_ptpt_001_enriched_qc,0,8644,,10K,C1,"lourenço",0
1874,luanda,luanda,"луанда",,,noun,build:pilot_ptpt_001_enriched_qc,0,9072,,10K,C1,luanda,0
1876,lucro,lucro,"профит",,,noun,build:pilot_ptpt_001_enriched_qc,0,4932,,5K,B2,lucro,0
1877,lugar,lugar,"место",,,noun,build:pilot_ptpt_001_enriched_qc,0,212,,1K,A1,lugar,0
1878,luta,luta,"драка",,,noun,build:pilot_ptpt_001_enriched_qc,0,649,,1K,A2,luta,0
1879,luto,luto,"траур",,,noun,build:pilot_ptpt_001_enriched_qc,0,5112,,10K,B2,luto,0
1881,"lápis","lápis","карандаш",,,noun,build:pilot_ptpt_001_enriched_qc,0,8496,,10K,C1,"lápis",0
1882,"lâmpada","lâmpada","лампа",,,noun,build:pilot_ptpt_001_enriched_qc,0,10553,,20K,C1,"lâmpada",0
1884,"líbano","líbano","ливан",,,noun,build:pilot_ptpt_001_enriched_qc,0,8497,,10K,C1,"líbano",0
1886,"língua","língua","язык",,,noun,build:pilot_ptpt_001_enriched_qc,0,536,,1K,A2,"língua",0
1887,"líquido","líquido","жидкость",,,noun,build:pilot_ptpt_001_enriched_qc,0,5439,,10K,B2,"líquido",0
1889,"lúcio","lúcio","луций",,,noun,build:pilot_ptpt_001_enriched_qc,0,9073,,10K,C1,"lúcio",0
1890,macaco,macaco,"обезьяна",,,noun,build:pilot_ptpt_001_enriched_qc,0,7308,,10K,C1,macaco,0
1891,"macarrão","macarrão","макароны",,,noun,build:pilot_ptpt_001_enriched_qc,0,10391,,20K,C1,"macarrão",0
1892,macau,macau,"макао",,,noun,build:pilot_ptpt_001_enriched_qc,0,7178,,10K,C1,macau,0
1895,machismo,machismo,"мачизм",,,noun,build:pilot_ptpt_001_enriched_qc,1,10921,,20K,C1,machismo,0
1896,magia,magia,"магия",,,noun,build:pilot_ptpt_001_enriched_qc,0,4001,,5K,B2,magia,0
1897,magnitude,magnitude,"важность",,,noun,build:pilot_ptpt_001_enriched_qc,0,7543,,10K,C1,magnitude,0
1898,maio,maio,"май",,,noun,build:pilot_ptpt_001_enriched_qc,0,523,,1K,A2,maio,0
1900,mal,mal,"зло",,,noun,build:pilot_ptpt_001_enriched_qc,0,319,,1K,A1,mal,0
1901,mala,mala,"чемодан",,,noun,build:pilot_ptpt_001_enriched_qc,0,4568,,5K,B2,mala,0
1902,maldade,maldade,"враждебность",,,noun,build:pilot_ptpt_001_enriched_qc,0,8645,,10K,C1,maldade,0
1903,"maldição","maldição","проклятие",,,noun,build:pilot_ptpt_001_enriched_qc,0,8221,,10K,C1,"maldição",0
1904,mali,mali,"мали",,,noun,build:pilot_ptpt_001_enriched_qc,0,11494,,20K,C1,mali,0
1905,malta,malta,"мальта",,,noun,build:pilot_ptpt_001_enriched_qc,0,6211,,10K,B2,malta,0
1907,mancha,mancha,"пятно",,,noun,build:pilot_ptpt_001_enriched_qc,0,7658,,10K,C1,mancha,0
1908,mandioca,mandioca,"маниок",,,noun,build:pilot_ptpt_001_enriched_qc,0,10753,,20K,C1,mandioca,0
1909,maneira,maneira,"образ",,,noun,build:pilot_ptpt_001_enriched_qc,0,409,,1K,A1,maneira,0
1910,manga,manga,"манго",,,noun,build:pilot_ptpt_001_enriched_qc,0,6671,,10K,B2,manga,0
1911,"manhã","manhã","утро",,,noun,build:pilot_ptpt_001_enriched_qc,0,428,,1K,A1,"manhã",0
1912,manifesto,manifesto,"манифест",,,noun,build:pilot_ptpt_001_enriched_qc,0,7179,,10K,C1,manifesto,0
1913,manteiga,manteiga,"масло",,,noun,build:pilot_ptpt_001_enriched_qc,0,6906,,10K,B2,manteiga,0
1916,maquiagem,maquiagem,"макияж",,,noun,build:pilot_ptpt_001_enriched_qc,0,4322,,5K,B2,maquiagem,0
1917,mar,mar,"море",,,noun,build:pilot_ptpt_001_enriched_qc,0,828,,1K,A2,mar,0
1919,maratona,maratona,"марафон",,,noun,build:pilot_ptpt_001_enriched_qc,0,5760,,10K,B2,maratona,0
1921,marcha,marcha,"марш",,,noun,build:pilot_ptpt_001_enriched_qc,0,4003,,5K,B2,marcha,0
1924,marcus,marcus,"марк",,,noun,build:pilot_ptpt_001_enriched_qc,0,7180,,10K,C1,marcus,0
1928,marrocos,marrocos,"марокко",,,noun,build:pilot_ptpt_001_enriched_qc,0,5866,,10K,B2,marrocos,0
1930,"março","março","март",,,noun,build:pilot_ptpt_001_enriched_qc,0,480,,1K,A1,"março",0
1931,massa,massa,"масса",,,noun,build:pilot_ptpt_001_enriched_qc,0,964,,1K,A2,massa,0
1934,mateus,mateus,"матвей",,,noun,build:pilot_ptpt_001_enriched_qc,0,4410,,5K,B2,mateus,0
1936,"maurício","maurício","маврикий",,,noun,build:pilot_ptpt_001_enriched_qc,0,6787,,10K,B2,"maurício",0
1937,"maçã","maçã","яблоко",,,noun,build:pilot_ptpt_001_enriched_qc,0,7309,,10K,C1,"maçã",0
1938,mecanismo,mecanismo,"механизм",,,noun,build:pilot_ptpt_001_enriched_qc,0,4411,,5K,B2,mecanismo,0
1939,"mecânico","mecânico","механик",,,noun,build:pilot_ptpt_001_enriched_qc,0,7661,,10K,C1,"mecânico",0
1940,medalha,medalha,"медаль",,,noun,build:pilot_ptpt_001_enriched_qc,0,3575,,5K,B2,food_daily,0
1941,medicamento,medicamento,"медикамент",,,noun,build:pilot_ptpt_001_enriched_qc,0,9078,,10K,C1,medicamento,0
1946,melodia,melodia,"мелодия",,,noun,build:pilot_ptpt_001_enriched_qc,0,10757,,20K,C1,melodia,0
1948,meme,meme,"мем",,,noun,build:pilot_ptpt_001_enriched_qc,0,10929,,20K,C1,meme,0
1951,mensagem,mensagem,"сообщение",,,noun,build:pilot_ptpt_001_enriched_qc,0,651,,1K,A2,mensagem,0
1953,mentir,"Что значит это слово?

mentir","лгать",,,verb,build:pilot_ptpt_001_enriched_qc,1,4005,,5K,B2,mentir,1
1955,mentiroso,mentiroso,"врун",,,noun,build:pilot_ptpt_001_enriched_qc,0,10560,,20K,C1,mentiroso,0
1956,mercado,mercado,"базар",,,noun,build:pilot_ptpt_001_enriched_qc,0,759,,1K,A2,shopping_money,0
1957,"mercúrio","mercúrio","меркурий",,,noun,build:pilot_ptpt_001_enriched_qc,0,11109,,20K,C1,"mercúrio",0
1958,merda,merda,"говно",,,noun,build:pilot_ptpt_001_enriched_qc,0,436,,1K,A1,merda,0
1960,mesquita,mesquita,"мечеть",,,noun,build:pilot_ptpt_001_enriched_qc,0,5441,,10K,B2,mesquita,0
1963,metodologia,metodologia,"методология",,,noun,build:pilot_ptpt_001_enriched_qc,1,11307,,20K,C1,metodologia,0
1964,metro,metro,"метр",,,noun,build:pilot_ptpt_001_enriched_qc,0,4246,,5K,B2,transport_mobility,0
1967,mexicano,mexicano,"мексиканец",,,noun,build:pilot_ptpt_001_enriched_qc,0,5552,,10K,B2,mexicano,0
1968,microfone,microfone,"микрофон",,,noun,build:pilot_ptpt_001_enriched_qc,0,7184,,10K,C1,microfone,0
1969,"migração","migração","миграция",,,noun,build:pilot_ptpt_001_enriched_qc,0,7549,,10K,C1,"migração",0
1971,milho,milho,"кукуруза",,,noun,build:pilot_ptpt_001_enriched_qc,0,4571,,5K,B2,milho,0
1972,militar,militar,"военнослужащий",,,noun,build:pilot_ptpt_001_enriched_qc,0,605,,1K,A2,militar,0
1974,mineral,mineral,"минерал",,,noun,build:pilot_ptpt_001_enriched_qc,0,8226,,10K,C1,mineral,0
1975,"ministério","ministério","министерство",,,noun,build:pilot_ptpt_001_enriched_qc,0,742,,1K,A2,"ministério",0
1976,"minério","minério","руда",,,noun,build:pilot_ptpt_001_enriched_qc,0,10564,,20K,C1,"minério",0
1977,missa,missa,"месса",,,noun,build:pilot_ptpt_001_enriched_qc,1,5026,,10K,B2,missa,0
1979,"missão","missão","миссия",,,noun,build:pilot_ptpt_001_enriched_qc,0,965,,1K,A2,"missão",0
1981,mito,mito,"миф",,,noun,build:pilot_ptpt_001_enriched_qc,0,4250,,5K,B2,mito,0
1982,mitologia,mitologia,"мифология",,,noun,build:pilot_ptpt_001_enriched_qc,0,8929,,10K,C1,mitologia,0
1983,"mobilização","mobilização","мобилизация",,,noun,build:pilot_ptpt_001_enriched_qc,0,7051,,10K,C1,"mobilização",0
1984,mochila,mochila,"рюкзак",,,noun,build:pilot_ptpt_001_enriched_qc,0,5868,,10K,B2,mochila,0
1987,modelo,modelo,"макет",,,noun,build:pilot_ptpt_001_enriched_qc,0,871,,1K,A2,modelo,0
1988,"modificação","modificação","модификации",,,noun,build:pilot_ptpt_001_enriched_qc,1,10567,,20K,C1,"modificação",0
1990,moinho,moinho,"мельница",,,noun,build:pilot_ptpt_001_enriched_qc,0,10401,,20K,C1,moinho,0
1991,"moisés","moisés","моисей",,,noun,build:pilot_ptpt_001_enriched_qc,0,7662,,10K,C1,"moisés",0
1992,molho,molho,"соус",,,noun,build:pilot_ptpt_001_enriched_qc,0,5444,,10K,B2,molho,0
1993,momento,momento,"момент",,,noun,build:pilot_ptpt_001_enriched_qc,0,206,,1K,A1,momento,0
1994,monarquia,monarquia,"монархия",,,noun,build:pilot_ptpt_001_enriched_qc,0,8229,,10K,C1,monarquia,0
1995,monge,monge,"монах",,,noun,build:pilot_ptpt_001_enriched_qc,0,8505,,10K,C1,monge,0
1996,"monopólio","monopólio","монополия",,,noun,build:pilot_ptpt_001_enriched_qc,0,11500,,20K,C1,"monopólio",0
1997,monstro,monstro,"монстр",,,noun,build:pilot_ptpt_001_enriched_qc,0,4083,,5K,B2,monstro,0
1998,montagem,montagem,"сборка",,,noun,build:pilot_ptpt_001_enriched_qc,0,4251,,5K,B2,montagem,0
2002,morte,morte,"смерть",,,noun,build:pilot_ptpt_001_enriched_qc,0,281,,1K,A1,morte,0
2004,moscou,moscou,"москва",,,noun,build:pilot_ptpt_001_enriched_qc,0,3846,,5K,B2,moscou,0
2005,mosquito,mosquito,"комар",,,noun,build:pilot_ptpt_001_enriched_qc,0,8653,,10K,C1,mosquito,0
2006,mostrar,mostrar,"показать",,,verb,build:pilot_ptpt_001_enriched_qc,0,712,,1K,A2,mostrar,0
2008,"motivação","motivação","мотивация",,,noun,build:pilot_ptpt_001_enriched_qc,0,4746,,5K,B2,"motivação",0
2010,"mudança","mudança","переезд",,,noun,build:pilot_ptpt_001_enriched_qc,0,991,,1K,A2,"mudança",0
2011,multa,multa,"штраф",,,noun,build:pilot_ptpt_001_enriched_qc,0,4498,,5K,B2,multa,0
2012,mundo,mundo,"мир",,,noun,build:pilot_ptpt_001_enriched_qc,0,81,,1K,A1,mundo,0
2013,"município","município","муниципалитет",,,noun,build:pilot_ptpt_001_enriched_qc,0,992,,1K,A2,"município",0
2014,"munição","munição","боеприпас",,,noun,build:pilot_ptpt_001_enriched_qc,0,8791,,10K,C1,"munição",0
2015,muro,muro,"стена",,,noun,build:pilot_ptpt_001_enriched_qc,0,4664,,5K,B2,muro,0
2017,"mágico","mágico","волшебник",,,noun,build:pilot_ptpt_001_enriched_qc,0,5116,,10K,B2,"mágico",0
2019,"mártir","mártir","мученик",,,noun,build:pilot_ptpt_001_enriched_qc,0,11505,,20K,C1,"mártir",0
2021,"mãe","mãe","мать",,,noun,build:pilot_ptpt_001_enriched_qc,0,170,,1K,A1,"mãe",0
2022,"mão","mão","рука",,,noun,build:pilot_ptpt_001_enriched_qc,0,451,,1K,A1,health_body,0
2023,"médico","médico","врач",,,noun,build:pilot_ptpt_001_enriched_qc,0,968,,1K,A2,health_body,0
2025,"mês","mês","месяц",,,noun,build:pilot_ptpt_001_enriched_qc,0,444,,1K,A1,time_basic,0
2026,"móvel","móvel","мебель",,,noun,build:pilot_ptpt_001_enriched_qc,0,4325,,5K,B2,"móvel",0
2027,"músculo","músculo","мышцы",,,noun,build:pilot_ptpt_001_enriched_qc,1,10216,,20K,C1,"músculo",0
2028,"música","música","музыка",,,noun,build:pilot_ptpt_001_enriched_qc,0,250,,1K,A1,"música",0
2029,"músico","músico","музыкант",,,noun,build:pilot_ptpt_001_enriched_qc,0,4163,,5K,B2,"músico",0
2030,nacionalidade,nacionalidade,"подданство",,,noun,build:pilot_ptpt_001_enriched_qc,0,7952,,10K,C1,nacionalidade,0
2031,nada,nada,"ничто",,,noun,build:pilot_ptpt_001_enriched_qc,0,92,,1K,A1,nada,0
2032,nadar,"Что значит это слово?

nadar","плавать",,,verb,build:pilot_ptpt_001_enriched_qc,1,9539,,10K,C1,nadar,0
2035,natal,natal,"рождество",,,noun,build:pilot_ptpt_001_enriched_qc,0,872,,1K,A2,natal,0
2036,"natação","natação","плавание",,,noun,build:pilot_ptpt_001_enriched_qc,0,7805,,10K,C1,"natação",0
2037,navegador,navegador,"браузер",,,noun,build:pilot_ptpt_001_enriched_qc,0,6323,,10K,B2,navegador,0
2038,"navegação","navegação","навигация",,,noun,build:pilot_ptpt_001_enriched_qc,0,5229,,10K,B2,"navegação",0
2041,negativo,negativo,"негатив",,,noun,build:pilot_ptpt_001_enriched_qc,0,4164,,5K,B2,negativo,0
2043,"negócio","negócio","сделка",,,noun,build:pilot_ptpt_001_enriched_qc,0,969,,1K,A2,"negócio",0
2044,nepal,nepal,"непал",,,noun,build:pilot_ptpt_001_enriched_qc,1,11508,,20K,C1,nepal,0
2045,neta,neta,"внучка",,,noun,build:pilot_ptpt_001_enriched_qc,0,10220,,20K,C1,neta,0
2047,neve,neve,"снег",,,noun,build:pilot_ptpt_001_enriched_qc,0,3787,,5K,B2,neve,0
2049,nice,nice,"ницца",,,noun,build:pilot_ptpt_001_enriched_qc,1,10762,,20K,C1,nice,0
2051,"nigéria","nigéria","нигерия",,,noun,build:pilot_ptpt_001_enriched_qc,0,6216,,10K,B2,"nigéria",0
2052,ninja,ninja,"ниндзя",,,noun,build:pilot_ptpt_001_enriched_qc,0,7807,,10K,C1,ninja,0
2053,noite,noite,"ночь",,,noun,build:pilot_ptpt_001_enriched_qc,0,177,,1K,A1,noite,0
2054,noiva,noiva,"невеста",,,noun,build:pilot_ptpt_001_enriched_qc,0,4328,,5K,B2,noiva,0
2055,nojo,nojo,"неприятие",,,noun,build:pilot_ptpt_001_enriched_qc,0,8793,,10K,C1,nojo,0
2056,norte,norte,"север",,,noun,build:pilot_ptpt_001_enriched_qc,0,396,,1K,A1,norte,0
2058,noturno,noturno,"ноктюрн",,,noun,build:pilot_ptpt_001_enriched_qc,0,7955,,10K,C1,noturno,0
2061,novembro,novembro,"ноябрь",,,noun,build:pilot_ptpt_001_enriched_qc,0,568,,1K,A2,novembro,0
2062,nuvem,nuvem,"облако",,,noun,build:pilot_ptpt_001_enriched_qc,0,6218,,10K,B2,nuvem,0
2063,"nível","nível","уровень",,,noun,build:pilot_ptpt_001_enriched_qc,0,556,,1K,A2,"nível",0
2064,"número","número","номер",,,noun,build:pilot_ptpt_001_enriched_qc,0,266,,1K,A1,"número",0
2066,obedecer,"Что значит это слово?

obedecer","слушаться",,,verb,build:pilot_ptpt_001_enriched_qc,1,10056,,20K,C1,obedecer,1
2068,"observação","observação","наблюдение",,,noun,build:pilot_ptpt_001_enriched_qc,0,3633,,5K,B2,"observação",0
2070,"ocasião","ocasião","случай",,,noun,build:pilot_ptpt_001_enriched_qc,0,2336,,5K,B1,"ocasião",0
2071,oceano,oceano,"океан",,,noun,build:pilot_ptpt_001_enriched_qc,0,3577,,5K,B2,oceano,0
2072,ocupar,"Что значит это слово?

ocupar","занимать",,,verb,build:pilot_ptpt_001_enriched_qc,1,4667,,5K,B2,ocupar,0
2075,ofender,"Что значит это слово?

ofender","обижать",,,verb,build:pilot_ptpt_001_enriched_qc,1,9544,,10K,C1,ofender,1
2080,"opinião","opinião","взгляд",,,noun,build:pilot_ptpt_001_enriched_qc,0,874,,1K,A2,"opinião",0
2082,orar,orar,"просить",,,verb,build:pilot_ptpt_001_enriched_qc,1,11693,,20K,C1,orar,0
2083,ordem,ordem,"заказ",,,noun,build:pilot_ptpt_001_enriched_qc,0,609,,1K,A2,ordem,0
2085,orelha,orelha,"ухо",,,noun,build:pilot_ptpt_001_enriched_qc,0,7058,,10K,C1,orelha,0
2086,organismo,organismo,"организм",,,noun,build:pilot_ptpt_001_enriched_qc,0,6220,,10K,B2,organismo,0
2087,"organização","organização","организация",,,noun,build:pilot_ptpt_001_enriched_qc,0,654,,1K,A2,"organização",0
2088,orquestra,orquestra,"оркестр",,,noun,build:pilot_ptpt_001_enriched_qc,0,7059,,10K,C1,orquestra,0
2090,osso,osso,"кость",,,noun,build:pilot_ptpt_001_enriched_qc,0,5563,,10K,B2,osso,0
2091,otimista,otimista,"оптимист",,,noun,build:pilot_ptpt_001_enriched_qc,1,10578,,20K,C1,otimista,0
2092,ouro,ouro,"бубны",,,noun,build:pilot_ptpt_001_enriched_qc,0,876,,1K,A2,ouro,0
2093,outono,outono,"осень",,,noun,build:pilot_ptpt_001_enriched_qc,0,6222,,10K,B2,outono,0
2094,outubro,outubro,"октябрь",,,noun,build:pilot_ptpt_001_enriched_qc,0,468,,1K,A1,outubro,0
2095,ouvir,ouvir,"слушать",,,verb,build:pilot_ptpt_001_enriched_qc,0,507,,1K,A2,ouvir,0
2096,ovo,ovo,"яйцо",,,noun,build:pilot_ptpt_001_enriched_qc,0,4416,,5K,B2,ovo,0
2097,"oxigênio","oxigênio","кислород",,,noun,build:pilot_ptpt_001_enriched_qc,0,6223,,10K,B2,"oxigênio",0
2099,padaria,padaria,"пекарня",,,noun,build:pilot_ptpt_001_enriched_qc,1,11116,,20K,C1,padaria,0
2100,pagar,pagar,"платить",,,verb,build:pilot_ptpt_001_enriched_qc,0,809,,1K,A2,pagar,0
2101,pai,pai,"отец",,,noun,build:pilot_ptpt_001_enriched_qc,0,240,,1K,A1,pai,0
2102,paisagem,paisagem,"пейзаж",,,noun,build:pilot_ptpt_001_enriched_qc,0,4572,,5K,B2,paisagem,0
2104,palavra,palavra,"словo",,,noun,build:pilot_ptpt_001_enriched_qc,0,655,,1K,A2,palavra,0
2105,palestina,palestina,"палестина",,,noun,build:pilot_ptpt_001_enriched_qc,0,7194,,10K,C1,palestina,0
2106,palha,palha,"солома",,,noun,build:pilot_ptpt_001_enriched_qc,0,9083,,10K,C1,palha,0
2107,"palhaço","palhaço","шут",,,noun,build:pilot_ptpt_001_enriched_qc,0,6455,,10K,B2,"palhaço",0
2109,"panamá","panamá","панама",,,noun,build:pilot_ptpt_001_enriched_qc,0,6456,,10K,B2,"panamá",0
2111,pandemia,pandemia,"пандемия",,,noun,build:pilot_ptpt_001_enriched_qc,0,7678,,10K,C1,pandemia,0
2114,papel,papel,"бумага",,,noun,build:pilot_ptpt_001_enriched_qc,0,452,,1K,A1,bureaucracy_documents,0
2118,paradigma,paradigma,"парадигма",,,noun,build:pilot_ptpt_001_enriched_qc,0,10409,,20K,C1,paradigma,0
2119,paraguai,paraguai,"парагвай",,,noun,build:pilot_ptpt_001_enriched_qc,0,3710,,5K,B2,paraguai,0
2120,parar,parar,"остановить",,,verb,build:pilot_ptpt_001_enriched_qc,0,656,,1K,A2,parar,0
2127,partido,partido,"партия",,,noun,build:pilot_ptpt_001_enriched_qc,0,570,,1K,A2,partido,0
2128,passageiro,passageiro,"пассажир",,,noun,build:pilot_ptpt_001_enriched_qc,0,8936,,10K,C1,passageiro,0
2130,passaporte,passaporte,"паспорт",,,noun,build:pilot_ptpt_001_enriched_qc,0,5980,,10K,B2,passaporte,0
2131,passeio,passeio,"прогулка",,,noun,build:pilot_ptpt_001_enriched_qc,0,3791,,5K,B2,passeio,0
2132,passo,passo,"след",,,noun,build:pilot_ptpt_001_enriched_qc,0,790,,1K,A2,passo,0
2134,patente,patente,"патент",,,noun,build:pilot_ptpt_001_enriched_qc,0,7811,,10K,C1,patente,0
2135,pato,pato,"утка",,,noun,build:pilot_ptpt_001_enriched_qc,0,6330,,10K,B2,pato,0
2136,pausa,pausa,"пауза",,,noun,build:pilot_ptpt_001_enriched_qc,0,5774,,10K,B2,pausa,0
2137,paz,paz,"мир",,,noun,build:pilot_ptpt_001_enriched_qc,0,453,,1K,A1,paz,0
2138,"país","país","страна",,,noun,build:pilot_ptpt_001_enriched_qc,0,214,,1K,A1,"país",0
2139,"pecuária","pecuária","животноводство",,,noun,build:pilot_ptpt_001_enriched_qc,0,9086,,10K,C1,"pecuária",0
2142,pedro,pedro,"пётр",,,noun,build:pilot_ptpt_001_enriched_qc,0,830,,1K,A2,pedro,0
2146,pena,pena,"перо",,,noun,build:pilot_ptpt_001_enriched_qc,0,496,,1K,A1,pena,0
2149,pequim,pequim,"пекин",,,noun,build:pilot_ptpt_001_enriched_qc,0,5982,,10K,B2,pequim,0
2150,perca,perca,"окунь",,,noun,build:pilot_ptpt_001_enriched_qc,0,4502,,5K,B2,perca,0
2153,perfume,perfume,"духи",,,noun,build:pilot_ptpt_001_enriched_qc,0,5672,,10K,B2,perfume,0
2154,pergunta,pergunta,"вопрос",,,noun,build:pilot_ptpt_001_enriched_qc,0,657,,1K,A2,pergunta,0
2158,"perímetro","perímetro","периметр",,,noun,build:pilot_ptpt_001_enriched_qc,0,8937,,10K,C1,"perímetro",0
2159,pesadelo,pesadelo,"кошмар",,,noun,build:pilot_ptpt_001_enriched_qc,0,5984,,10K,B2,pesadelo,0
2160,pesar,"Что значит это слово?

pesar","весить",,,verb,build:pilot_ptpt_001_enriched_qc,1,9088,,10K,C1,pesar,0
2161,pesca,pesca,"рыболовство",,,noun,build:pilot_ptpt_001_enriched_qc,0,4577,,5K,B2,pesca,0
2164,pessoal,pessoal,"штат",,,noun,build:pilot_ptpt_001_enriched_qc,0,445,,1K,A1,pessoal,0
2165,peste,peste,"бич",,,noun,build:pilot_ptpt_001_enriched_qc,0,10061,,20K,C1,peste,0
2166,"petição","petição","петиция",,,noun,build:pilot_ptpt_001_enriched_qc,0,7317,,10K,C1,"petição",0
2168,piano,piano,"фортепиано",,,noun,build:pilot_ptpt_001_enriched_qc,0,5333,,10K,B2,piano,0
2169,pilha,pilha,"ворох",,,noun,build:pilot_ptpt_001_enriched_qc,0,9233,,10K,C1,pilha,0
2171,pinheiro,pinheiro,"сосна",,,noun,build:pilot_ptpt_001_enriched_qc,0,5779,,10K,B2,pinheiro,0
2172,pintar,pintar,"рисовать",,,verb,build:pilot_ptpt_001_enriched_qc,1,5877,,10K,B2,pintar,1
2176,pirata,pirata,"пират",,,noun,build:pilot_ptpt_001_enriched_qc,0,7816,,10K,C1,pirata,0
2178,pisar,"Что значит это слово?

pisar","топать",,,verb,build:pilot_ptpt_001_enriched_qc,1,11125,,20K,C1,pisar,0
2180,pistola,pistola,"пистолет",,,noun,build:pilot_ptpt_001_enriched_qc,0,7561,,10K,C1,pistola,0
2181,pizza,pizza,"пицца",,,noun,build:pilot_ptpt_001_enriched_qc,0,4755,,5K,B2,pizza,0
2183,planalto,planalto,"плато",,,noun,build:pilot_ptpt_001_enriched_qc,0,6331,,10K,B2,planalto,0
2185,plano,plano,"плоскость",,,noun,build:pilot_ptpt_001_enriched_qc,0,571,,1K,A2,plano,0
2187,plural,plural,"множественное число",,,noun,build:pilot_ptpt_001_enriched_qc,0,11127,,20K,C1,plural,0
2188,pobreza,pobreza,"бедность",,,noun,build:pilot_ptpt_001_enriched_qc,0,4335,,5K,B2,pobreza,0
2189,poeira,poeira,"пыль",,,noun,build:pilot_ptpt_001_enriched_qc,0,6921,,10K,B2,poeira,0
2190,poema,poema,"стихотворение",,,noun,build:pilot_ptpt_001_enriched_qc,0,4171,,5K,B2,poema,0
2192,poeta,poeta,"поэт",,,noun,build:pilot_ptpt_001_enriched_qc,0,3792,,5K,B2,poeta,0
2193,"político","político","политик",,,noun,build:pilot_ptpt_001_enriched_qc,0,791,,1K,A2,"político",0
2194,"polônia","polônia","польша",,,noun,build:pilot_ptpt_001_enriched_qc,0,8667,,10K,C1,"polônia",0
2196,"pontuação","pontuação","препинание",,,noun,build:pilot_ptpt_001_enriched_qc:deactivated_semantic_suspect_20260311_133552,0,7066,,10K,C1,"pontuação",0
2197,"população","população","население",,,noun,build:pilot_ptpt_001_enriched_qc,0,351,,1K,A1,"população",0
2198,porco,porco,"кабан",,,noun,build:pilot_ptpt_001_enriched_qc,0,5878,,10K,B2,porco,0
2199,porta,porta,"дверь",,,noun,build:pilot_ptpt_001_enriched_qc,0,832,,1K,A2,house_home,0
2201,portugal,portugal,"португалия",,,noun,build:pilot_ptpt_001_enriched_qc,0,497,,1K,A1,portugal,0
2202,"português","português","португальский",,,noun,build:pilot_ptpt_001_enriched_qc,0,541,,1K,A2,"português",0
2203,"porção","porção","порция",,,noun,build:pilot_ptpt_001_enriched_qc,0,7200,,10K,C1,"porção",0
2207,pote,pote,"горшок",,,noun,build:pilot_ptpt_001_enriched_qc,0,10588,,20K,C1,pote,0
2209,poupar,"Что значит это слово?

poupar","сберегать",,,verb,build:pilot_ptpt_001_enriched_qc,1,9090,,10K,C1,poupar,0
2210,povo,povo,"народ",,,noun,build:pilot_ptpt_001_enriched_qc,0,432,,1K,A1,povo,0
2211,prado,prado,"прерия",,,noun,build:pilot_ptpt_001_enriched_qc,0,8941,,10K,C1,prado,0
2212,praia,praia,"пляж",,,noun,build:pilot_ptpt_001_enriched_qc,0,833,,1K,A2,praia,0
2217,preconceito,preconceito,"предрассудок",,,noun,build:pilot_ptpt_001_enriched_qc,0,4015,,5K,B2,preconceito,0
2218,preferir,"Что значит это слово?

preferir","предпочесть",,,verb,build:pilot_ptpt_001_enriched_qc,1,10589,,20K,C1,preferir,1
2219,"preguiça","preguiça","лень",,,noun,build:pilot_ptpt_001_enriched_qc,1,10423,,20K,C1,"preguiça",0
2220,prejudicar,"Что значит это слово?

prejudicar","вредить",,,verb,build:pilot_ptpt_001_enriched_qc,1,7684,,10K,C1,prejudicar,0
2221,"prejuízo","prejuízo","брак",,,noun,build:pilot_ptpt_001_enriched_qc,0,7685,,10K,C1,"prejuízo",0
2222,prender,"Что значит это слово?

prender","увлечь",,,verb,build:pilot_ptpt_001_enriched_qc,1,4096,,5K,B2,prender,1
2223,"preparação","preparação","подготовка",,,noun,build:pilot_ptpt_001_enriched_qc,0,3712,,5K,B2,"preparação",0
2224,"presença","presença","присутствие",,,noun,build:pilot_ptpt_001_enriched_qc,0,855,,1K,A2,"presença",0
2225,presidente,presidente,"президент",,,noun,build:pilot_ptpt_001_enriched_qc,0,215,,1K,A1,presidente,0
2226,pressa,pressa,"спешка",,,noun,build:pilot_ptpt_001_enriched_qc,0,4670,,5K,B2,pressa,0
2227,pressionar,"Что значит это слово?

pressionar","давить",,,verb,build:pilot_ptpt_001_enriched_qc,1,8803,,10K,C1,pressionar,0
2230,"previsão","previsão","прогноз",,,noun,build:pilot_ptpt_001_enriched_qc,0,4336,,5K,B2,"previsão",0
2231,"preço","preço","цена",,,noun,build:pilot_ptpt_001_enriched_qc,0,996,,1K,A2,shopping_money,0
2237,prisioneiro,prisioneiro,"пленник",,,noun,build:pilot_ptpt_001_enriched_qc,0,7965,,10K,C1,prisioneiro,0
2238,"privilégio","privilégio","привилегия",,,noun,build:pilot_ptpt_001_enriched_qc,0,6689,,10K,B2,"privilégio",0
2239,probabilidade,probabilidade,"вероятность",,,noun,build:pilot_ptpt_001_enriched_qc,1,5880,,10K,B2,probabilidade,0
2240,problema,problema,"проблема",,,noun,build:pilot_ptpt_001_enriched_qc,0,299,,1K,A1,problema,0
2241,procedimento,procedimento,"процедура",,,noun,build:pilot_ptpt_001_enriched_qc,0,4337,,5K,B2,procedimento,0
2242,processo,processo,"иск",,,noun,build:pilot_ptpt_001_enriched_qc,0,358,,1K,A1,processo,0
2244,procurador,procurador,"прокурор",,,noun,build:pilot_ptpt_001_enriched_qc,0,4173,,5K,B2,procurador,0
2247,produtor,produtor,"продюсер",,,noun,build:pilot_ptpt_001_enriched_qc,0,3582,,5K,B2,produtor,0
2249,"produção","produção","производство",,,noun,build:pilot_ptpt_001_enriched_qc,0,471,,1K,A1,"produção",0
2250,professor,professor,"учитель",,,noun,build:pilot_ptpt_001_enriched_qc,0,588,,1K,A2,professor,0
2251,profeta,profeta,"пророк",,,noun,build:pilot_ptpt_001_enriched_qc,0,6691,,10K,B2,profeta,0
2253,programa,programa,"программа",,,noun,build:pilot_ptpt_001_enriched_qc,0,323,,1K,A1,programa,0
2255,proibir,"Что значит это слово?

proibir","запретить",,,verb,build:pilot_ptpt_001_enriched_qc,1,11713,,20K,C1,proibir,1
2256,"proibição","proibição","запрет",,,noun,build:pilot_ptpt_001_enriched_qc,0,6573,,10K,B2,"proibição",0
2257,projeto,projeto,"проект",,,noun,build:pilot_ptpt_001_enriched_qc,0,288,,1K,A1,projeto,0
2258,"projeção","projeção","проекция",,,noun,build:pilot_ptpt_001_enriched_qc,0,8248,,10K,C1,"projeção",0
2259,"proporção","proporção","пропорция",,,noun,build:pilot_ptpt_001_enriched_qc,0,6337,,10K,B2,"proporção",0
2260,"proprietário","proprietário","хозяин",,,noun,build:pilot_ptpt_001_enriched_qc,0,3716,,5K,B2,"proprietário",0
2261,"prostituição","prostituição","проституция",,,noun,build:pilot_ptpt_001_enriched_qc,1,10245,,20K,C1,"prostituição",0
2262,protagonista,protagonista,"протагонист",,,noun,build:pilot_ptpt_001_enriched_qc,0,4946,,5K,B2,protagonista,0
2263,"proteína","proteína","белок",,,noun,build:pilot_ptpt_001_enriched_qc,0,8250,,10K,C1,"proteína",0
2264,protocolo,protocolo,"протокол",,,noun,build:pilot_ptpt_001_enriched_qc,0,4511,,5K,B2,protocolo,0
2265,prova,prova,"испытание",,,noun,build:pilot_ptpt_001_enriched_qc,0,690,,1K,A2,prova,0
2269,psicologia,psicologia,"психология",,,noun,build:pilot_ptpt_001_enriched_qc,0,4175,,5K,B2,psicologia,0
2270,"psicólogo","psicólogo","психолог",,,noun,build:pilot_ptpt_001_enriched_qc,0,9238,,10K,C1,"psicólogo",0
2271,psiquiatra,psiquiatra,"психиатр",,,noun,build:pilot_ptpt_001_enriched_qc,0,11332,,20K,C1,psiquiatra,0
2275,"punição","punição","наказание",,,noun,build:pilot_ptpt_001_enriched_qc,1,5989,,10K,B2,"punição",0
2277,"pássaro","pássaro","птица",,,noun,build:pilot_ptpt_001_enriched_qc,0,8378,,10K,C1,"pássaro",0
2278,"pátria","pátria","отчизна",,,noun,build:pilot_ptpt_001_enriched_qc,0,5991,,10K,B2,"pátria",0
2279,"pânico","pânico","паника",,,noun,build:pilot_ptpt_001_enriched_qc,0,3857,,5K,B2,"pânico",0
2281,"pérola","pérola","жемчуг",,,noun,build:pilot_ptpt_001_enriched_qc,0,10598,,20K,C1,"pérola",0
2282,"pênis","pênis","пенис",,,noun,build:pilot_ptpt_001_enriched_qc,0,6463,,10K,B2,"pênis",0
2283,"pódio","pódio","подиум",,,noun,build:pilot_ptpt_001_enriched_qc,0,10075,,20K,C1,"pódio",0
2284,quadrado,quadrado,"квадрат",,,noun,build:pilot_ptpt_001_enriched_qc,0,8097,,10K,C1,quadrado,0
2285,quadrilha,quadrilha,"рил",,,noun,build:pilot_ptpt_001_enriched_qc,0,7566,,10K,C1,quadrilha,0
2287,qualidade,qualidade,"качество",,,noun,build:pilot_ptpt_001_enriched_qc,0,997,,1K,A2,qualidade,0
2292,queimar,"Что значит это слово?

queimar","жечь",,,verb,build:pilot_ptpt_001_enriched_qc,1,5337,,10K,B2,queimar,0
2293,queixo,queixo,"подбородок",,,noun,build:pilot_ptpt_001_enriched_qc,0,11334,,20K,C1,queixo,0
2295,"questão","questão","вопрос",,,noun,build:pilot_ptpt_001_enriched_qc,0,557,,1K,A2,"questão",0
2296,quintal,quintal,"центнер",,,noun,build:pilot_ptpt_001_enriched_qc,0,6343,,10K,B2,shopping_money,0
2298,"químico","químico","химик",,,noun,build:pilot_ptpt_001_enriched_qc,0,8528,,10K,C1,"químico",0
2299,rabo,rabo,"хвост",,,noun,build:pilot_ptpt_001_enriched_qc,0,4103,,5K,B2,rabo,0
2300,racismo,racismo,"расизм",,,noun,build:pilot_ptpt_001_enriched_qc,0,5137,,10K,B2,racismo,0
2301,radical,radical,"радикал",,,noun,build:pilot_ptpt_001_enriched_qc,0,5040,,10K,B2,radical,0
2306,raiz,raiz,"корень",,,noun,build:pilot_ptpt_001_enriched_qc,0,4512,,5K,B2,raiz,0
2307,raposa,raposa,"лиса",,,noun,build:pilot_ptpt_001_enriched_qc,0,9096,,10K,C1,raposa,0
2308,rato,rato,"мышь",,,noun,build:pilot_ptpt_001_enriched_qc,0,5246,,10K,B2,rato,0
2309,"razão","razão","разум",,,noun,build:pilot_ptpt_001_enriched_qc,0,793,,1K,A2,"razão",0
2311,realidade,realidade,"реальность",,,noun,build:pilot_ptpt_001_enriched_qc,0,810,,1K,A2,realidade,0
2312,"rebelião","rebelião","бунт",,,noun,build:pilot_ptpt_001_enriched_qc,0,7969,,10K,C1,"rebelião",0
2314,"recepção","recepção","вахта",,,noun,build:pilot_ptpt_001_enriched_qc,0,4019,,5K,B2,"recepção",0
2316,"reclamação","reclamação","стенание",,,noun,build:pilot_ptpt_001_enriched_qc,0,8100,,10K,C1,"reclamação",0
2318,recusa,recusa,"отказ",,,noun,build:pilot_ptpt_001_enriched_qc,0,5247,,10K,B2,recusa,0
2319,rede,rede,"сеть",,,noun,build:pilot_ptpt_001_enriched_qc,0,402,,1K,A1,rede,0
2320,referendo,referendo,"референдум",,,noun,build:pilot_ptpt_001_enriched_qc,0,10431,,20K,C1,referendo,0
2321,reflexo,reflexo,"рефлекс",,,noun,build:pilot_ptpt_001_enriched_qc,0,6806,,10K,B2,reflexo,0
2323,"refém","refém","заложник",,,noun,build:pilot_ptpt_001_enriched_qc,0,11531,,20K,C1,"refém",0
2325,regimento,regimento,"полк",,,noun,build:pilot_ptpt_001_enriched_qc,0,7460,,10K,C1,regimento,0
2326,registrar,"Что значит это слово?

registrar","регистрировать",,,verb,build:pilot_ptpt_001_enriched_qc,1,5787,,10K,B2,registrar,0
2327,"região","região","регион",,,noun,build:pilot_ptpt_001_enriched_qc,0,289,,1K,A1,"região",0
2330,rei,rei,"король",,,noun,build:pilot_ptpt_001_enriched_qc,0,794,,1K,A2,rei,0
2332,reitor,reitor,"ректор",,,noun,build:pilot_ptpt_001_enriched_qc,0,6934,,10K,B2,reitor,0
2334,relaxar,"Что значит это слово?

relaxar","отдыхать",,,verb,build:pilot_ptpt_001_enriched_qc,1,6112,,10K,B2,relaxar,0
2335,"relação","relação","связь",,,noun,build:pilot_ptpt_001_enriched_qc,0,381,,1K,A1,"relação",0
2337,"relógio","relógio","часы",,,noun,build:pilot_ptpt_001_enriched_qc,0,3641,,5K,B2,time_basic,0
2338,remix,remix,"ремикс",,,noun,build:pilot_ptpt_001_enriched_qc,1,10260,,20K,C1,remix,0
2339,"remédio","remédio","лекарство",,,noun,build:pilot_ptpt_001_enriched_qc,0,4515,,5K,B2,"remédio",0
2341,"renúncia","renúncia","отказ",,,noun,build:pilot_ptpt_001_enriched_qc,0,7824,,10K,C1,"renúncia",0
2342,reparar,"Что значит это слово?

reparar","заметить",,,verb,build:pilot_ptpt_001_enriched_qc,1,8951,,10K,C1,reparar,0
2343,reportagem,reportagem,"доклад",,,noun,build:pilot_ptpt_001_enriched_qc,0,3583,,5K,B2,reportagem,0
2345,"república","república","республика",,,noun,build:pilot_ptpt_001_enriched_qc,0,776,,1K,A2,"república",0
2346,resenha,resenha,"рецензия",,,noun,build:pilot_ptpt_001_enriched_qc,0,4591,,5K,B2,shopping_money,0
2351,respeito,respeito,"уважение",,,noun,build:pilot_ptpt_001_enriched_qc,0,558,,1K,A2,respeito,0
2352,"respiração","respiração","дыхание",,,noun,build:pilot_ptpt_001_enriched_qc,0,6700,,10K,B2,"respiração",0
2353,resposta,resposta,"ответ",,,noun,build:pilot_ptpt_001_enriched_qc,0,762,,1K,A2,resposta,0
2356,resultado,resultado,"итог",,,noun,build:pilot_ptpt_001_enriched_qc,0,635,,1K,A2,resultado,0
2357,reta,reta,"прямая",,,noun,build:pilot_ptpt_001_enriched_qc,0,5682,,10K,B2,reta,0
2360,revista,revista,"журнал",,,noun,build:pilot_ptpt_001_enriched_qc,0,836,,1K,A2,revista,0
2362,rezar,rezar,"молиться",,,verb,build:pilot_ptpt_001_enriched_qc,1,7464,,10K,C1,rezar,1
2364,rio,rio,"река",,,noun,build:pilot_ptpt_001_enriched_qc,0,173,,1K,A1,rio,0
2366,riso,riso,"смех",,,noun,build:pilot_ptpt_001_enriched_qc,0,10434,,20K,C1,riso,0
2369,"robô","robô","робот",,,noun,build:pilot_ptpt_001_enriched_qc,0,7830,,10K,C1,"robô",0
2371,rolar,rolar,"катиться",,,verb,build:pilot_ptpt_001_enriched_qc,1,8812,,10K,C1,rolar,1
2372,romanos,romanos,"посла́ние к ри́млянам",,,noun,build:pilot_ptpt_001_enriched_qc:deactivated_safe_cleanup,0,7465,,10K,C1,romanos,0
2374,roraima,roraima,"рорайма",,,noun,build:pilot_ptpt_001_enriched_qc,0,10436,,20K,C1,roraima,0
2377,"rosário","rosário","чётки",,,noun,build:pilot_ptpt_001_enriched_qc,0,8259,,10K,C1,"rosário",0
2379,roubo,roubo,"кража",,,noun,build:pilot_ptpt_001_enriched_qc,0,3725,,5K,B2,roubo,0
2381,rua,rua,"улица",,,noun,build:pilot_ptpt_001_enriched_qc,0,420,,1K,A1,transport_mobility,0
2383,"rádio","rádio","радий",,,noun,build:pilot_ptpt_001_enriched_qc,0,857,,1K,A2,"rádio",0
2385,sabor,sabor,"вкус",,,noun,build:pilot_ptpt_001_enriched_qc,0,4595,,5K,B2,sabor,0
2386,"sabão","sabão","мыло",,,noun,build:pilot_ptpt_001_enriched_qc,0,10787,,20K,C1,"sabão",0
2387,"sacrifício","sacrifício","жертвоприношение",,,noun,build:pilot_ptpt_001_enriched_qc,0,5791,,10K,B2,"sacrifício",0
2388,saga,saga,"сага",,,noun,build:pilot_ptpt_001_enriched_qc,0,6116,,10K,B2,saga,0
2390,salada,salada,"салат",,,noun,build:pilot_ptpt_001_enriched_qc,0,7573,,10K,C1,salada,0
2391,saltar,"Что значит это слово?

saltar","прыгать",,,verb,build:pilot_ptpt_001_enriched_qc,1,10609,,20K,C1,saltar,0
2393,"salvação","salvação","спасение",,,noun,build:pilot_ptpt_001_enriched_qc,1,6117,,10K,B2,"salvação",0
2396,samuel,samuel,"самойло",,,noun,build:pilot_ptpt_001_enriched_qc,0,6236,,10K,B2,samuel,0
2398,"santuário","santuário","рака",,,noun,build:pilot_ptpt_001_enriched_qc,0,6941,,10K,B2,"santuário",0
2399,sapato,sapato,"ботинок",,,noun,build:pilot_ptpt_001_enriched_qc,0,7081,,10K,C1,sapato,0
2401,satisfazer,"Что значит это слово?

satisfazer","удовлетворить",,,verb,build:pilot_ptpt_001_enriched_qc,1,9761,,10K,C1,satisfazer,1
2402,"satélite","satélite","спутник",,,noun,build:pilot_ptpt_001_enriched_qc,0,4110,,5K,B2,"satélite",0
2405,seda,seda,"шелк",,,noun,build:pilot_ptpt_001_enriched_qc,0,8958,,10K,C1,seda,0
2408,seguir,seguir,"следовать",,,verb,build:pilot_ptpt_001_enriched_qc,0,590,,1K,A2,seguir,0
2409,segundo,segundo,"второй",,,noun,build:pilot_ptpt_001_enriched_qc,0,174,,1K,A1,segundo,0
2410,segurar,"Что значит это слово?

segurar","держать",,,verb,build:pilot_ptpt_001_enriched_qc,1,4268,,5K,B2,segurar,0
2412,"seleção","seleção","отбор",,,noun,build:pilot_ptpt_001_enriched_qc,0,924,,1K,A2,"seleção",0
2413,selo,selo,"лейбл",,,noun,build:pilot_ptpt_001_enriched_qc,0,5354,,10K,B2,selo,0
2414,selva,selva,"джунгли",,,noun,build:pilot_ptpt_001_enriched_qc,0,7695,,10K,C1,selva,0
2415,selvagem,selvagem,"дикарь",,,noun,build:pilot_ptpt_001_enriched_qc,1,5145,,10K,B2,selvagem,0
2416,semana,semana,"неделя",,,noun,build:pilot_ptpt_001_enriched_qc,0,230,,1K,A1,time_basic,0
2417,"semelhança","semelhança","сходство",,,noun,build:pilot_ptpt_001_enriched_qc,0,6477,,10K,B2,"semelhança",0
2419,"seminário","seminário","семинар",,,noun,build:pilot_ptpt_001_enriched_qc,0,4856,,5K,B2,"seminário",0
2420,sena,sena,"сена",,,noun,build:pilot_ptpt_001_enriched_qc,0,8959,,10K,C1,sena,0
2424,senha,senha,"пароль",,,noun,build:pilot_ptpt_001_enriched_qc,0,3940,,5K,B2,senha,0
2425,senhor,senhor,"господин",,,noun,build:pilot_ptpt_001_enriched_qc,0,498,,1K,A1,senhor,0
2426,senhorita,senhorita,"девушка",,,noun,build:pilot_ptpt_001_enriched_qc,0,10964,,20K,C1,senhorita,0
2427,"sentença","sentença","приговор",,,noun,build:pilot_ptpt_001_enriched_qc,0,3588,,5K,B2,"sentença",0
2429,sentir,sentir,"чувствовать",,,verb,build:pilot_ptpt_001_enriched_qc,0,691,,1K,A2,sentir,0
2430,separar,"Что значит это слово?

separar","отделиться",,,verb,build:pilot_ptpt_001_enriched_qc,1,5043,,10K,B2,separar,0
2432,serpente,serpente,"змея",,,noun,build:pilot_ptpt_001_enriched_qc,0,11346,,20K,C1,serpente,0
2433,servidor,servidor,"сервер",,,noun,build:pilot_ptpt_001_enriched_qc,0,4764,,5K,B2,servidor,0
2434,"serviço","serviço","обряд",,,noun,build:pilot_ptpt_001_enriched_qc,0,528,,1K,A2,"serviço",0
2435,setembro,setembro,"сентябрь",,,noun,build:pilot_ptpt_001_enriched_qc,0,512,,1K,A2,setembro,0
2437,sexo,sexo,"пол",,,noun,build:pilot_ptpt_001_enriched_qc,0,678,,1K,A2,sexo,0
2438,sigilo,sigilo,"секретность",,,noun,build:pilot_ptpt_001_enriched_qc,0,7977,,10K,C1,sigilo,0
2440,silas,silas,"сила",,,noun,build:pilot_ptpt_001_enriched_qc,0,11347,,20K,C1,silas,0
2443,sinceridade,sinceridade,"искренность",,,noun,build:pilot_ptpt_001_enriched_qc,1,11349,,20K,C1,sinceridade,0
2444,sindicato,sindicato,"профсоюз",,,noun,build:pilot_ptpt_001_enriched_qc,0,3589,,5K,B2,sindicato,0
2445,singapura,singapura,"сингапур",,,noun,build:pilot_ptpt_001_enriched_qc,0,8819,,10K,C1,singapura,0
2446,singular,singular,"единственное число",,,noun,build:pilot_ptpt_001_enriched_qc,0,7697,,10K,C1,singular,0
2447,sino,sino,"колокол",,,noun,build:pilot_ptpt_001_enriched_qc,0,7838,,10K,C1,sino,0
2448,"sinônimo","sinônimo","синоним",,,noun,build:pilot_ptpt_001_enriched_qc,0,8115,,10K,C1,"sinônimo",0
2449,sistema,sistema,"система",,,noun,build:pilot_ptpt_001_enriched_qc,0,272,,1K,A1,sistema,0
2451,soberania,soberania,"суверенитет",,,noun,build:pilot_ptpt_001_enriched_qc,0,6946,,10K,B2,soberania,0
2452,sobra,sobra,"обрезки",,,noun,build:pilot_ptpt_001_enriched_qc,0,7471,,10K,C1,sobra,0
2453,sobremesa,sobremesa,"десерт",,,noun,build:pilot_ptpt_001_enriched_qc,0,9258,,10K,C1,sobremesa,0
2455,sobreviver,"Что значит это слово?

sobreviver","переживать",,,verb,build:pilot_ptpt_001_enriched_qc,1,4269,,5K,B2,sobreviver,1
2456,"sobrevivência","sobrevivência","выживание",,,noun,build:pilot_ptpt_001_enriched_qc,0,4111,,5K,B2,"sobrevivência",0
2457,sobrinho,sobrinho,"племянник",,,noun,build:pilot_ptpt_001_enriched_qc,0,5149,,10K,B2,sobrinho,0
2458,socialismo,socialismo,"социализм",,,noun,build:pilot_ptpt_001_enriched_qc,0,9108,,10K,C1,socialismo,0
2459,sociedade,sociedade,"общество",,,noun,build:pilot_ptpt_001_enriched_qc,0,472,,1K,A1,sociedade,0
2460,sociologia,sociologia,"социология",,,noun,build:pilot_ptpt_001_enriched_qc,0,6709,,10K,B2,sociologia,0
2462,sogra,sogra,"тёща",,,noun,build:pilot_ptpt_001_enriched_qc,0,10967,,20K,C1,sogra,0
2463,soja,soja,"соевые бобы",,,noun,build:pilot_ptpt_001_enriched_qc,0,6478,,10K,B2,soja,0
2464,sol,sol,"соль",,,noun,build:pilot_ptpt_001_enriched_qc,0,764,,1K,A2,sol,0
2465,soldado,soldado,"солдат",,,noun,build:pilot_ptpt_001_enriched_qc,0,3943,,5K,B2,soldado,0
2466,solidariedade,solidariedade,"солидарность",,,noun,build:pilot_ptpt_001_enriched_qc,0,4599,,5K,B2,solidariedade,0
2470,sonhar,"Что значит это слово?

sonhar","мечтать",,,verb,build:pilot_ptpt_001_enriched_qc,1,5580,,10K,B2,sonhar,0
2473,sopa,sopa,"суп",,,noun,build:pilot_ptpt_001_enriched_qc,0,4351,,5K,B2,food_daily,0
2474,sorvete,sorvete,"мороженое",,,noun,build:pilot_ptpt_001_enriched_qc,0,6711,,10K,B2,sorvete,0
2475,submarino,submarino,"подводная лодка",,,noun,build:pilot_ptpt_001_enriched_qc,0,8965,,10K,C1,submarino,0
2476,sucesso,sucesso,"успех",,,noun,build:pilot_ptpt_001_enriched_qc,0,574,,1K,A2,sucesso,0
2477,"sucessão","sucessão","чередование",,,noun,build:pilot_ptpt_001_enriched_qc,0,8396,,10K,C1,"sucessão",0
2478,suco,suco,"сок",,,noun,build:pilot_ptpt_001_enriched_qc,0,4860,,5K,B2,suco,0
2479,sudeste,sudeste,"юго-восток",,,noun,build:pilot_ptpt_001_enriched_qc,0,3646,,5K,B2,sudeste,0
2480,sudoeste,sudoeste,"юго-запад",,,noun,build:pilot_ptpt_001_enriched_qc,0,7576,,10K,C1,sudoeste,0
2481,"sudão","sudão","судан",,,noun,build:pilot_ptpt_001_enriched_qc,0,8397,,10K,C1,"sudão",0
2482,sugerir,"Что значит это слово?

sugerir","предложить",,,verb,build:pilot_ptpt_001_enriched_qc,1,6815,,10K,B2,sugerir,1
2484,sul,sul,"юг",,,noun,build:pilot_ptpt_001_enriched_qc:deactivated_final_bad_short_20260311_133030,0,291,,1K,A1,sul,0
2485,suor,suor,"пот",,,noun,build:pilot_ptpt_001_enriched_qc,1,10091,,20K,C1,suor,0
2486,supermercado,supermercado,"супермаркет",,,noun,build:pilot_ptpt_001_enriched_qc,0,7221,,10K,C1,food_daily,0
2487,"supervisão","supervisão","надзор",,,noun,build:pilot_ptpt_001_enriched_qc,0,6244,,10K,B2,"supervisão",0
2491,"sábado","sábado","суббота",,,noun,build:pilot_ptpt_001_enriched_qc,0,880,,1K,A2,"sábado",0
2493,"sérvia","sérvia","сербия",,,noun,build:pilot_ptpt_001_enriched_qc,0,4861,,5K,B2,"sérvia",0
2495,"síndrome","síndrome","синдром",,,noun,build:pilot_ptpt_001_enriched_qc,0,5689,,10K,B2,"síndrome",0
2496,"síria","síria","сирия",,,noun,build:pilot_ptpt_001_enriched_qc,0,3865,,5K,B2,"síria",0
2498,"sódio","sódio","натрий",,,noun,build:pilot_ptpt_001_enriched_qc,1,10278,,20K,C1,"sódio",0
2499,tabaco,tabaco,"табак",,,noun,build:pilot_ptpt_001_enriched_qc,0,9113,,10K,C1,tabaco,0
2501,taiwan,taiwan,"китайская республика",,,noun,build:pilot_ptpt_001_enriched_qc:deactivated_safe_cleanup,0,7476,,10K,C1,taiwan,0
2503,tanque,tanque,"танк",,,noun,build:pilot_ptpt_001_enriched_qc,0,6349,,10K,B2,tanque,0
2504,"tanzânia","tanzânia","танзания",,,noun,build:pilot_ptpt_001_enriched_qc,0,11359,,20K,C1,"tanzânia",0
2505,tapete,tapete,"ковёр",,,noun,build:pilot_ptpt_001_enriched_qc,0,7699,,10K,C1,tapete,0
2506,tartaruga,tartaruga,"черепаха",,,noun,build:pilot_ptpt_001_enriched_qc,0,11560,,20K,C1,tartaruga,0
2509,tecido,tecido,"ткань",,,noun,build:pilot_ptpt_001_enriched_qc,0,4679,,5K,B2,tecido,0
2510,teclado,teclado,"клавиатура",,,noun,build:pilot_ptpt_001_enriched_qc,1,5470,,10K,B2,teclado,0
2511,tecnologia,tecnologia,"технология",,,noun,build:pilot_ptpt_001_enriched_qc,0,679,,1K,A2,tecnologia,0
2514,"televisão","televisão","телевизор",,,noun,build:pilot_ptpt_001_enriched_qc,0,950,,1K,A2,"televisão",0
2515,telhado,telhado,"крыша",,,noun,build:pilot_ptpt_001_enriched_qc,0,7702,,10K,C1,telhado,0
2517,templo,templo,"храм",,,noun,build:pilot_ptpt_001_enriched_qc,0,3808,,5K,B2,templo,0
2521,tentar,tentar,"стараться",,,verb,build:pilot_ptpt_001_enriched_qc,0,659,,1K,A2,tentar,0
2523,"tentação","tentação","искушение",,,noun,build:pilot_ptpt_001_enriched_qc,1,10280,,20K,C1,"tentação",0
2524,teologia,teologia,"богословие",,,noun,build:pilot_ptpt_001_enriched_qc,0,8548,,10K,C1,teologia,0
2526,terapeuta,terapeuta,"терапевт",,,noun,build:pilot_ptpt_001_enriched_qc,0,11168,,20K,C1,terapeuta,0
2527,terapia,terapia,"терапия",,,noun,build:pilot_ptpt_001_enriched_qc,0,3809,,5K,B2,terapia,0
2528,terra,terra,"земля",,,noun,build:pilot_ptpt_001_enriched_qc,0,331,,1K,A1,terra,0
2529,terremoto,terremoto,"землетрясение",,,noun,build:pilot_ptpt_001_enriched_qc,0,9115,,10K,C1,terremoto,0
2531,terrorista,terrorista,"террорист",,,noun,build:pilot_ptpt_001_enriched_qc,1,5471,,10K,B2,terrorista,0
2532,tesouro,tesouro,"клад",,,noun,build:pilot_ptpt_001_enriched_qc,0,4523,,5K,B2,tesouro,0
2533,testa,testa,"лоб",,,noun,build:pilot_ptpt_001_enriched_qc,0,7343,,10K,C1,testa,0
2535,texto,texto,"текст",,,noun,build:pilot_ptpt_001_enriched_qc,0,680,,1K,A2,texto,0
2537,tiago,tiago,"иаков",,,noun,build:pilot_ptpt_001_enriched_qc,0,3731,,5K,B2,tiago,0
2538,tigre,tigre,"тигр",,,noun,build:pilot_ptpt_001_enriched_qc,0,6246,,10K,B2,tigre,0
2539,time,time,"команда",,,noun,build:pilot_ptpt_001_enriched_qc,0,545,,1K,A2,time,0
2541,tipo,tipo,"тип",,,noun,build:pilot_ptpt_001_enriched_qc,0,192,,1K,A1,tipo,0
2544,toalha,toalha,"полотенце",,,noun,build:pilot_ptpt_001_enriched_qc,0,7843,,10K,C1,toalha,0
2547,tocha,tocha,"факел",,,noun,build:pilot_ptpt_001_enriched_qc,0,10975,,20K,C1,tocha,0
2548,tomar,tomar,"пить",,,verb,build:pilot_ptpt_001_enriched_qc,0,611,,1K,A2,food_daily,0
2549,tomate,tomate,"томат",,,noun,build:pilot_ptpt_001_enriched_qc,0,10282,,20K,C1,tomate,0
2550,tornado,tornado,"смерч",,,noun,build:pilot_ptpt_001_enriched_qc,0,4770,,5K,B2,tornado,0
2551,tortura,tortura,"пытка",,,noun,build:pilot_ptpt_001_enriched_qc,0,5361,,10K,B2,tortura,0
2552,touro,touro,"телец",,,noun,build:pilot_ptpt_001_enriched_qc,0,7983,,10K,C1,touro,0
2553,trabalhador,trabalhador,"работник",,,noun,build:pilot_ptpt_001_enriched_qc,0,4603,,5K,B2,work_employment,0
2554,trabalhar,trabalhar,"работать",,,verb,build:pilot_ptpt_001_enriched_qc,0,575,,1K,A2,work_employment,0
2555,trabalho,trabalho,"труд",,,noun,build:pilot_ptpt_001_enriched_qc,0,131,,1K,A1,work_employment,0
2557,tradutor,tradutor,"переводчик",,,noun,build:pilot_ptpt_001_enriched_qc,0,6956,,10K,B2,tradutor,0
2558,traduzir,"Что значит это слово?

traduzir","переводить",,,verb,build:pilot_ptpt_001_enriched_qc,1,5797,,10K,B2,traduzir,1
2559,"tradução","tradução","перевод",,,noun,build:pilot_ptpt_001_enriched_qc,0,638,,1K,A2,"tradução",0
2560,trair,"Что значит это слово?

trair","предать",,,verb,build:pilot_ptpt_001_enriched_qc,1,9589,,10K,C1,food_daily,1
2561,"traição","traição","предательство",,,noun,build:pilot_ptpt_001_enriched_qc,1,5364,,10K,B2,food_daily,0
2562,"trajetória","trajetória","траектория",,,noun,build:pilot_ptpt_001_enriched_qc,1,5582,,10K,B2,"trajetória",0
2563,"transformação","transformação","превращение",,,noun,build:pilot_ptpt_001_enriched_qc,0,4114,,5K,B2,"transformação",0
2565,"transparência","transparência","прозрачность",,,noun,build:pilot_ptpt_001_enriched_qc,0,5048,,10K,B2,"transparência",0
2567,traseiro,traseiro,"зад",,,noun,build:pilot_ptpt_001_enriched_qc,1,10101,,20K,C1,traseiro,0
2571,trilogia,trilogia,"трилогия",,,noun,build:pilot_ptpt_001_enriched_qc,1,10808,,20K,C1,trilogia,0
2573,"triângulo","triângulo","треугольник",,,noun,build:pilot_ptpt_001_enriched_qc,0,8975,,10K,C1,"triângulo",0
2575,troco,troco,"сдача",,,noun,build:pilot_ptpt_001_enriched_qc,0,7846,,10K,C1,troco,0
2576,"troféu","troféu","трофей",,,noun,build:pilot_ptpt_001_enriched_qc,0,6129,,10K,B2,"troféu",0
2577,tronco,tronco,"ствол",,,noun,build:pilot_ptpt_001_enriched_qc,0,8551,,10K,C1,tronco,0
2578,trono,trono,"престол",,,noun,build:pilot_ptpt_001_enriched_qc,0,6009,,10K,B2,trono,0
2580,"tubarão","tubarão","акула",,,noun,build:pilot_ptpt_001_enriched_qc,0,7847,,10K,C1,"tubarão",0
2581,tubo,tubo,"труба",,,noun,build:pilot_ptpt_001_enriched_qc,0,7227,,10K,C1,tubo,0
2582,"tunísia","tunísia","тунис",,,noun,build:pilot_ptpt_001_enriched_qc,0,10623,,20K,C1,"tunísia",0
2584,turista,turista,"турист",,,noun,build:pilot_ptpt_001_enriched_qc,1,10624,,20K,C1,turista,0
2589,"túmulo","túmulo","могила",,,noun,build:pilot_ptpt_001_enriched_qc,0,7094,,10K,C1,"túmulo",0
2590,"túnel","túnel","тоннель",,,noun,build:pilot_ptpt_001_enriched_qc,0,6720,,10K,B2,"túnel",0
2592,uganda,uganda,"уганда",,,noun,build:pilot_ptpt_001_enriched_qc,0,11370,,20K,C1,uganda,0
2595,unha,unha,"ноготь",,,noun,build:pilot_ptpt_001_enriched_qc,0,11177,,20K,C1,unha,0
2596,uniforme,uniforme,"форма",,,noun,build:pilot_ptpt_001_enriched_qc,0,4115,,5K,B2,uniforme,0
2597,universidade,universidade,"университет",,,noun,build:pilot_ptpt_001_enriched_qc,0,403,,1K,A1,universidade,0
2599,"união","união","союз",,,noun,build:pilot_ptpt_001_enriched_qc,0,815,,1K,A2,"união",0
2600,urina,urina,"моча",,,noun,build:pilot_ptpt_001_enriched_qc,0,10453,,20K,C1,urina,0
2601,urso,urso,"медведь",,,noun,build:pilot_ptpt_001_enriched_qc,0,7095,,10K,C1,urso,0
2602,uruguai,uruguai,"уругвай",,,noun,build:pilot_ptpt_001_enriched_qc,0,3651,,5K,B2,uruguai,0
2603,usar,usar,"использовать",,,verb,build:pilot_ptpt_001_enriched_qc,0,359,,1K,A1,usar,0
2606,uva,uva,"виноград",,,noun,build:pilot_ptpt_001_enriched_qc,0,9124,,10K,C1,uva,0
2607,vaca,vaca,"корова",,,noun,build:pilot_ptpt_001_enriched_qc,0,4687,,5K,B2,vaca,0
2608,vacina,vacina,"вакцина",,,noun,build:pilot_ptpt_001_enriched_qc,0,6484,,10K,B2,vacina,0
2609,vagina,vagina,"вагина",,,noun,build:pilot_ptpt_001_enriched_qc,0,8702,,10K,C1,vagina,0
2610,validade,validade,"действительность",,,noun,build:pilot_ptpt_001_enriched_qc,1,11181,,20K,C1,validade,0
2613,varanda,varanda,"балкон",,,noun,build:pilot_ptpt_001_enriched_qc,0,8979,,10K,C1,varanda,0
2614,"variável","variável","переменная",,,noun,build:pilot_ptpt_001_enriched_qc,0,8981,,10K,C1,"variável",0
2616,vaso,vaso,"ваза",,,noun,build:pilot_ptpt_001_enriched_qc,0,8835,,10K,C1,vaso,0
2617,vaticano,vaticano,"ватикан",,,noun,build:pilot_ptpt_001_enriched_qc,0,6821,,10K,B2,vaticano,0
2618,veia,veia,"вена",,,noun,build:pilot_ptpt_001_enriched_qc,0,10811,,20K,C1,veia,0
2620,velho,velho,"старик",,,noun,build:pilot_ptpt_001_enriched_qc,0,927,,1K,A2,velho,0
2623,veneno,veneno,"яд",,,noun,build:pilot_ptpt_001_enriched_qc:deactivated_final_bad_short_20260311_133030,0,6486,,10K,B2,veneno,0
2624,veneza,veneza,"венеция",,,noun,build:pilot_ptpt_001_enriched_qc,1,10983,,20K,C1,veneza,0
2627,ver,ver,"видеть",,,verb,build:pilot_ptpt_001_enriched_qc,0,94,,1K,A1,ver,0
2628,verdade,verdade,"истина",,,noun,build:pilot_ptpt_001_enriched_qc,0,208,,1K,A1,verdade,0
2630,verso,verso,"вирши",,,noun,build:pilot_ptpt_001_enriched_qc,0,8837,,10K,C1,verso,0
2632,vestir,vestir,"одевать",,,verb,build:pilot_ptpt_001_enriched_qc,1,4277,,5K,B2,vestir,1
2633,"vestuário","vestuário","одежда",,,noun,build:pilot_ptpt_001_enriched_qc,1,10290,,20K,C1,"vestuário",0
2636,viagem,viagem,"путешествие",,,noun,build:pilot_ptpt_001_enriched_qc,0,816,,1K,A2,viagem,0
2637,viajante,viajante,"путешественник",,,noun,build:pilot_ptpt_001_enriched_qc,0,11185,,20K,C1,viajante,0
2639,vida,vida,"жизнь",,,noun,build:pilot_ptpt_001_enriched_qc,0,85,,1K,A1,vida,0
2641,vilarejo,vilarejo,"весь",,,noun,build:pilot_ptpt_001_enriched_qc,0,11188,,20K,C1,vilarejo,0
2642,"vilão","vilão","злодей",,,noun,build:pilot_ptpt_001_enriched_qc,0,7232,,10K,C1,"vilão",0
2644,"vingança","vingança","месть",,,noun,build:pilot_ptpt_001_enriched_qc,0,4361,,5K,B2,"vingança",0
2645,vingar,"Что значит это слово?

vingar","мстить",,,verb,build:pilot_ptpt_001_enriched_qc,1,9422,,10K,C1,vingar,0
2648,viola,viola,"альт",,,noun,build:pilot_ptpt_001_enriched_qc,1,5052,,10K,B2,viola,0
2652,virtude,virtude,"добродетель",,,noun,build:pilot_ptpt_001_enriched_qc,1,5370,,10K,B2,virtude,0
2654,visto,visto,"виза",,,noun,build:pilot_ptpt_001_enriched_qc,0,623,,1K,A2,bureaucracy_documents,0
2655,"vitória","vitória","победа",,,noun,build:pilot_ptpt_001_enriched_qc,0,732,,1K,A2,food_daily,0
2656,viver,viver,"жить",,,verb,build:pilot_ptpt_001_enriched_qc,0,577,,1K,A2,viver,0
2657,"vizinhança","vizinhança","район",,,noun,build:pilot_ptpt_001_enriched_qc,0,4606,,5K,B2,"vizinhança",0
2659,voar,"Что значит это слово?

voar","лететь",,,verb,build:pilot_ptpt_001_enriched_qc,1,4776,,5K,B2,voar,0
2660,"vocabulário","vocabulário","лексика",,,noun,build:pilot_ptpt_001_enriched_qc,0,9278,,10K,C1,"vocabulário",0
2661,vocalista,vocalista,"вокалист",,,noun,build:pilot_ptpt_001_enriched_qc,1,10459,,20K,C1,vocalista,0
2662,voleibol,voleibol,"волейбол",,,noun,build:pilot_ptpt_001_enriched_qc,0,5372,,10K,B2,voleibol,0
2664,vomitar,"Что значит это слово?

vomitar","рвать",,,verb,build:pilot_ptpt_001_enriched_qc,1,11191,,20K,C1,vomitar,0
2665,vontade,vontade,"воля",,,noun,build:pilot_ptpt_001_enriched_qc,0,692,,1K,A2,vontade,0
2668,voz,voz,"голос",,,noun,build:pilot_ptpt_001_enriched_qc,0,612,,1K,A2,voz,0
2669,"vulcão","vulcão","вулкан",,,noun,build:pilot_ptpt_001_enriched_qc,0,10987,,20K,C1,"vulcão",0
2670,"vácuo","vácuo","вакуум",,,noun,build:pilot_ptpt_001_enriched_qc,0,9280,,10K,C1,"vácuo",0
2674,xadrez,xadrez,"шахматы",,,noun,build:pilot_ptpt_001_enriched_qc,0,7103,,10K,C1,xadrez,0
2675,xavier,xavier,"ксаверий",,,noun,build:pilot_ptpt_001_enriched_qc,0,6492,,10K,B2,xavier,0
2676,xixi,xixi,"моча",,,noun,build:pilot_ptpt_001_enriched_qc,0,11196,,20K,C1,xixi,0
2677,"ácido","ácido","кислота",,,noun,build:pilot_ptpt_001_enriched_qc,0,4441,,5K,B2,"ácido",0
2679,"água","água","вода",,,noun,build:pilot_ptpt_001_enriched_qc,0,254,,1K,A1,food_daily,0
2680,"águia","águia","орёл",,,noun,build:pilot_ptpt_001_enriched_qc,0,8843,,10K,C1,"águia",0
2684,"área","área","площадь",,,noun,build:pilot_ptpt_001_enriched_qc,0,294,,1K,A1,"área",0
2687,"âncora","âncora","якорь",,,noun,build:pilot_ptpt_001_enriched_qc,0,11374,,20K,C1,"âncora",0
2688,"ângulo","ângulo","угол",,,noun,build:pilot_ptpt_001_enriched_qc,0,6254,,10K,B2,"ângulo",0
2689,"época","época","эпоха",,,noun,build:pilot_ptpt_001_enriched_qc,0,681,,1K,A2,"época",0
2690,"ética","ética","этика",,,noun,build:pilot_ptpt_001_enriched_qc,0,3815,,5K,B2,"ética",0
2692,"índio","índio","индий",,,noun,build:pilot_ptpt_001_enriched_qc,0,7719,,10K,C1,"índio",0
2693,"íris","íris","ирис",,,noun,build:pilot_ptpt_001_enriched_qc,0,7993,,10K,C1,"íris",0
2696,"ópera","ópera","опера",,,noun,build:pilot_ptpt_001_enriched_qc,0,8708,,10K,C1,"ópera",0
2698,ver,ver,"видеть",,,verb,build:pilot_ptpt_002_kaikki_pos,0,94,,1K,A1,ver,0
2699,falar,falar,"сказать",,,verb,build:pilot_ptpt_002_kaikki_pos,0,157,,1K,A1,falar,0
2700,ficar,ficar,"оставаться",,,verb,build:pilot_ptpt_002_kaikki_pos,0,169,,1K,A1,core_verbs,0
2701,usar,usar,"использовать",,,verb,build:pilot_ptpt_002_kaikki_pos,0,359,,1K,A1,usar,0
2702,ajudar,ajudar,"помочь",,,verb,build:pilot_ptpt_002_kaikki_pos,0,383,,1K,A1,ajudar,0
2703,pensar,pensar,"найти",,,verb,build:pilot_ptpt_002_kaikki_pos,0,431,,1K,A1,pensar,0
2704,encontrar,encontrar,"найти",,,verb,build:pilot_ptpt_002_kaikki_pos,0,460,,1K,A1,encontrar,0
2705,"começar","começar","начать",,,verb,build:pilot_ptpt_002_kaikki_pos,0,501,,1K,A2,"começar",0
2706,ouvir,ouvir,"слышать",,,verb,build:pilot_ptpt_002_kaikki_pos,0,507,,1K,A2,ouvir,0
2707,trabalhar,trabalhar,"работать",,,verb,build:pilot_ptpt_002_kaikki_pos,0,575,,1K,A2,work_employment,0
2708,viver,viver,"жить",,,verb,build:pilot_ptpt_002_kaikki_pos,0,577,,1K,A2,viver,0
2709,seguir,seguir,"следовать",,,verb,build:pilot_ptpt_002_kaikki_pos,0,590,,1K,A2,seguir,0
2710,tomar,tomar,"пить",,,verb,build:pilot_ptpt_002_kaikki_pos,0,611,,1K,A2,food_daily,0
2711,comprar,comprar,"покупать",,,verb,build:pilot_ptpt_002_kaikki_pos,0,642,,1K,A2,shopping_money,0
2712,ler,ler,"читать",,,verb,build:pilot_ptpt_002_kaikki_pos,0,648,,1K,A2,ler,0
2713,parar,parar,"остановить",,,verb,build:pilot_ptpt_002_kaikki_pos,0,656,,1K,A2,parar,0
2714,tentar,tentar,"стараться",,,verb,build:pilot_ptpt_002_kaikki_pos,0,659,,1K,A2,tentar,0
2715,sentir,sentir,"чувствовать",,,verb,build:pilot_ptpt_002_kaikki_pos,0,691,,1K,A2,sentir,0
2716,conhecer,conhecer,"знать",,,verb,build:pilot_ptpt_002_kaikki_pos,0,709,,1K,A2,conhecer,0
2717,mostrar,mostrar,"показать",,,verb,build:pilot_ptpt_002_kaikki_pos,0,712,,1K,A2,mostrar,0
2718,contar,contar,"читать",,,verb,build:pilot_ptpt_002_kaikki_pos,0,740,,1K,A2,contar,0
2719,comer,comer,"есть",,,verb,build:pilot_ptpt_002_kaikki_pos,0,753,,1K,A2,food_daily,0
2720,entender,entender,"понять",,,verb,build:pilot_ptpt_002_kaikki_pos,0,757,,1K,A2,entender,0
2721,pagar,pagar,"платить",,,verb,build:pilot_ptpt_002_kaikki_pos,0,809,,1K,A2,pagar,0
2722,esperar,esperar,"ждать",,,verb,build:pilot_ptpt_002_kaikki_pos,0,891,,1K,A2,esperar,0
2723,dormir,dormir,"спать",,,verb,build:pilot_ptpt_002_kaikki_pos,0,912,,1K,A2,dormir,0
3126,melhor,melhor,"лучший",,,adjective,build:pilot_ptpt_003_kaikki_adjadv,1,95,,1K,A1,melhor,1
3127,grande,"Что значит это слово?

grande","большой",,,adjective,build:pilot_ptpt_003_kaikki_adjadv,1,100,,1K,A1,grande,1
3128,novo,"Что значит это слово?

novo","новый",,,adjective,build:pilot_ptpt_003_kaikki_adjadv,1,136,,1K,A1,novo,1
3129,importante,"Что значит это слово?

importante","важный",,,adjective,build:pilot_ptpt_003_kaikki_adjadv,1,316,,1K,A1,importante,1
3130,feito,"Что значит это слово?

feito","сделанный",,,adjective,build:pilot_ptpt_003_kaikki_adjadv,1,328,,1K,A1,feito,1
3131,cinco,cinco,"пять",,,adjective,build:pilot_ptpt_003_kaikki_adjadv,0,373,,1K,A1,cinco,0
3132,feliz,"Что значит это слово?

feliz","счастливый",,,adjective,build:pilot_ptpt_003_kaikki_adjadv,1,406,,1K,A1,time_basic,1
3133,especial,"Что значит это слово?

especial","особый",,,adjective,build:pilot_ptpt_003_kaikki_adjadv,1,426,,1K,A1,especial,0
3134,pessoal,pessoal,"особенный",,,adjective,build:pilot_ptpt_003_kaikki_adjadv,0,445,,1K,A1,pessoal,0
3135,real,real,"верный",,,adjective,build:pilot_ptpt_003_kaikki_adjadv,0,454,,1K,A1,real,0
3136,"último","Что значит это слово?

último","последний",,,adjective,build:pilot_ptpt_003_kaikki_adjadv,1,456,,1K,A1,"último",1
3137,"fácil","Что значит это слово?

fácil","лёгкий",,,adjective,build:pilot_ptpt_003_kaikki_adjadv,1,464,,1K,A1,"fácil",1
3138,legal,legal,"законный",,,adjective,build:pilot_ptpt_003_kaikki_adjadv,0,478,,1K,A1,legal,0
3139,alto,"Что значит это слово?

alto","высокий",,,adjective,build:pilot_ptpt_003_kaikki_adjadv,1,516,,1K,A2,alto,1
3140,junto,"Что значит это слово?

junto","вместе",,,adjective,build:pilot_ptpt_003_kaikki_adjadv,1,521,,1K,A2,junto,1
3141,jovem,"Что значит это слово?

jovem","молодой",,,adjective,build:pilot_ptpt_003_kaikki_adjadv,1,534,,1K,A2,jovem,1
3142,livre,"Что значит это слово?

livre","свободный",,,adjective,build:pilot_ptpt_003_kaikki_adjadv,1,535,,1K,A2,livre,1
3143,"português","Что значит это слово?

português","португальский",,,adjective,build:pilot_ptpt_003_kaikki_adjadv,1,541,,1K,A2,"português",0
3144,militar,militar,"военный",,,adjective,build:pilot_ptpt_003_kaikki_adjadv,0,605,,1K,A2,militar,0
3145,civil,"Что значит это слово?

civil","гражданский",,,adjective,build:pilot_ptpt_003_kaikki_adjadv,1,695,,1K,A2,civil,1
3146,errado,"Что значит это слово?

errado","неправильный",,,adjective,build:pilot_ptpt_003_kaikki_adjadv,1,697,,1K,A2,errado,1
3147,original,original,"исконный",,,adjective,build:pilot_ptpt_003_kaikki_adjadv,0,727,,1K,A2,original,0
3148,simples,"Что значит это слово?

simples","простой",,,adjective,build:pilot_ptpt_003_kaikki_adjadv,1,729,,1K,A2,simples,1
3149,pior,"Что значит это слово?

pior","хуже",,,adjective,build:pilot_ptpt_003_kaikki_adjadv,1,745,,1K,A2,pior,0
3150,"político","político","политический",,,adjective,build:pilot_ptpt_003_kaikki_adjadv,1,791,,1K,A2,"político",1
3151,popular,"Что значит это слово?

popular","популярный",,,adjective,build:pilot_ptpt_003_kaikki_adjadv,1,831,,1K,A2,popular,0
3152,verde,"Что значит это слово?

verde","зелёный",,,adjective,build:pilot_ptpt_003_kaikki_adjadv,1,862,,1K,A2,verde,1
3153,branco,"Что значит это слово?

branco","белый",,,adjective,build:pilot_ptpt_003_kaikki_adjadv,1,863,,1K,A2,branco,1
3154,velho,velho,"старый",,,adjective,build:pilot_ptpt_003_kaikki_adjadv,0,927,,1K,A2,velho,0
3155,cultural,"Что значит это слово?

cultural","культурный",,,adjective,build:pilot_ptpt_003_kaikki_adjadv,1,932,,1K,A2,cultural,0
3156,municipal,"Что значит это слово?

municipal","муниципальный",,,adjective,build:pilot_ptpt_003_kaikki_adjadv,1,967,,1K,A2,municipal,0
3157,normal,normal,"обычный",,,adjective,build:pilot_ptpt_003_kaikki_adjadv,1,970,,1K,A2,normal,1
3158,preso,"Что значит это слово?

preso","арестованный",,,adjective,build:pilot_ptpt_003_kaikki_adjadv,1,1020,,2K,A2,preso,1
3159,interessante,"Что значит это слово?

interessante","интересный",,,adjective,build:pilot_ptpt_003_kaikki_adjadv,1,1079,,2K,A2,interessante,1
3160,"necessário","Что значит это слово?

necessário","необходимый",,,adjective,build:pilot_ptpt_003_kaikki_adjadv,1,1124,,2K,A2,"necessário",0
3161,perfeito,"Что значит это слово?

perfeito","безупречный",,,adjective,build:pilot_ptpt_003_kaikki_adjadv,1,1127,,2K,A2,perfeito,1
3162,azul,"Что значит это слово?

azul","синий",,,adjective,build:pilot_ptpt_003_kaikki_adjadv,1,1136,,2K,A2,azul,1
3163,"histórico","Что значит это слово?

histórico","исторический",,,adjective,build:pilot_ptpt_003_kaikki_adjadv,1,1170,,2K,A2,"histórico",1
3164,triste,"Что значит это слово?

triste","печальный",,,adjective,build:pilot_ptpt_003_kaikki_adjadv,1,1203,,2K,A2,triste,1
3165,"impossível","Что значит это слово?

impossível","невозможный",,,adjective,build:pilot_ptpt_003_kaikki_adjadv,1,1242,,2K,A2,"impossível",1
3166,inteiro,"Что значит это слово?

inteiro","целый",,,adjective,build:pilot_ptpt_003_kaikki_adjadv,1,1244,,2K,A2,inteiro,1
3167,preto,preto,"чёрный",,,adjective,build:pilot_ptpt_003_kaikki_adjadv,0,1255,,2K,A2,preto,1
3168,verdadeiro,"Что значит это слово?

verdadeiro","настоящий",,,adjective,build:pilot_ptpt_003_kaikki_adjadv,1,1265,,2K,A2,verdadeiro,1
3169,independente,"Что значит это слово?

independente","независимый",,,adjective,build:pilot_ptpt_003_kaikki_adjadv,1,1282,,2K,A2,independente,1
3170,pronto,"Что значит это слово?

pronto","готовый",,,adjective,build:pilot_ptpt_003_kaikki_adjadv,1,1294,,2K,A2,pronto,1
3171,aberto,"Что значит это слово?

aberto","открытый",,,adjective,build:pilot_ptpt_003_kaikki_adjadv,1,1300,,2K,A2,aberto,1
3172,"francês","francês","французский",,,adjective,build:pilot_ptpt_003_kaikki_adjadv,1,1312,,2K,A2,"francês",1
3173,vermelho,"Что значит это слово?

vermelho","красный",,,adjective,build:pilot_ptpt_003_kaikki_adjadv,1,1346,,2K,A2,vermelho,1
3176,enorme,"Что значит это слово?

enorme","громадный",,,adjective,build:pilot_ptpt_003_kaikki_adjadv,1,1392,,2K,A2,enorme,1
3178,"ótimo","Что значит это слово?

ótimo","отлично",,,adjective,build:pilot_ptpt_003_kaikki_adjadv,1,1417,,2K,A2,"ótimo",1
3179,frio,"Что значит это слово?

frio","холодный",,,adjective,build:pilot_ptpt_003_kaikki_adjadv,1,1432,,2K,A2,frio,1
3180,tradicional,"Что значит это слово?

tradicional","традиционный",,,adjective,build:pilot_ptpt_003_kaikki_adjadv,1,1452,,2K,A2,tradicional,0
3181,alegre,"Что значит это слово?

alegre","весёлый",,,adjective,build:pilot_ptpt_003_kaikki_adjadv,1,1519,,2K,B1,alegre,1
3182,famoso,"Что значит это слово?

famoso","знаменитый",,,adjective,build:pilot_ptpt_003_kaikki_adjadv,1,1535,,2K,B1,famoso,1
3184,pobre,"Что значит это слово?

pobre","бедный",,,adjective,build:pilot_ptpt_003_kaikki_adjadv,1,1582,,2K,B1,pobre,1
3185,quente,"Что значит это слово?

quente","горячий",,,adjective,build:pilot_ptpt_003_kaikki_adjadv,1,1586,,2K,B1,quente,1
3186,sexual,"Что значит это слово?

sexual","сексуальный",,,adjective,build:pilot_ptpt_003_kaikki_adjadv,1,1630,,2K,B1,sexual,0
3187,eleitoral,"Что значит это слово?

eleitoral","электоральный",,,adjective,build:pilot_ptpt_003_kaikki_adjadv,1,1642,,2K,B1,eleitoral,0
3188,louco,"Что значит это слово?

louco","сумасшедший",,,adjective,build:pilot_ptpt_003_kaikki_adjadv,1,1649,,2K,B1,louco,1
3189,rico,"Что значит это слово?

rico","богатый",,,adjective,build:pilot_ptpt_003_kaikki_adjadv,1,1724,,2K,B1,rico,1
3191,maravilhoso,"Что значит это слово?

maravilhoso","удивительный",,,adjective,build:pilot_ptpt_003_kaikki_adjadv,1,1820,,2K,B1,maravilhoso,1
3193,russo,"Что значит это слово?

russo","русский",,,adjective,build:pilot_ptpt_003_kaikki_adjadv,1,1947,,2K,B1,russo,0
3194,caro,"Что значит это слово?

caro","дорогой",,,adjective,build:pilot_ptpt_003_kaikki_adjadv,1,2178,,5K,B1,caro,1
3196,feminino,"Что значит это слово?

feminino","женский",,,adjective,build:pilot_ptpt_003_kaikki_adjadv,1,2233,,5K,B1,feminino,1
3197,virtual,"Что значит это слово?

virtual","виртуальный",,,adjective,build:pilot_ptpt_003_kaikki_adjadv,1,2259,,5K,B1,virtual,0
3198,doente,"Что значит это слово?

doente","больной",,,adjective,build:pilot_ptpt_003_kaikki_adjadv,1,2318,,5K,B1,doente,1
3200,anual,"Что значит это слово?

anual","ежегодный",,,adjective,build:pilot_ptpt_003_kaikki_adjadv,1,2350,,5K,B1,time_basic,0
3201,inteligente,"Что значит это слово?

inteligente","умный",,,adjective,build:pilot_ptpt_003_kaikki_adjadv,1,2520,,5K,B1,inteligente,1
3202,cansado,"Что значит это слово?

cansado","усталый",,,adjective,build:pilot_ptpt_003_kaikki_adjadv,1,2709,,5K,B1,cansado,1
3203,impressionante,"Что значит это слово?

impressionante","замечательный",,,adjective,build:pilot_ptpt_003_kaikki_adjadv,1,2729,,5K,B1,impressionante,1
3204,nuclear,"Что значит это слово?

nuclear","ядерный",,,adjective,build:pilot_ptpt_003_kaikki_adjadv,1,2784,,5K,B1,nuclear,0
3205,vazio,"Что значит это слово?

vazio","пустой",,,adjective,build:pilot_ptpt_003_kaikki_adjadv,1,2811,,5K,B1,vazio,1
3206,visual,"Что значит это слово?

visual","зрительный",,,adjective,build:pilot_ptpt_003_kaikki_adjadv,1,3050,,5K,B1,visual,0
3207,inferior,inferior,"уступающий",,,adjective,build:pilot_ptpt_003_kaikki_adjadv,0,3084,,5K,B1,inferior,0
3209,complicado,"Что значит это слово?

complicado","сложный",,,adjective,build:pilot_ptpt_003_kaikki_adjadv,1,3130,,5K,B1,complicado,1
3212,amarelo,"Что значит это слово?

amarelo","жёлтый",,,adjective,build:pilot_ptpt_003_kaikki_adjadv,1,3180,,5K,B1,amarelo,1
3213,casado,"Что значит это слово?

casado","женатый",,,adjective,build:pilot_ptpt_003_kaikki_adjadv,1,3187,,5K,B1,casado,1
3215,poderoso,"Что значит это слово?

poderoso","влиятельный",,,adjective,build:pilot_ptpt_003_kaikki_adjadv,1,3223,,5K,B1,poderoso,1
3216,financeiro,"Что значит это слово?

financeiro","финансовый",,,adjective,build:pilot_ptpt_003_kaikki_adjadv,1,3265,,5K,B1,financeiro,1
3218,urgente,"Что значит это слово?

urgente","срочный",,,adjective,build:pilot_ptpt_003_kaikki_adjadv,1,3295,,5K,B1,urgente,1
3220,brilhante,"Что значит это слово?

brilhante","блестящий",,,adjective,build:pilot_ptpt_003_kaikki_adjadv,1,3457,,5K,B1,brilhante,1
3221,ilegal,"Что значит это слово?

ilegal","незаконный",,,adjective,build:pilot_ptpt_003_kaikki_adjadv,1,3481,,5K,B1,ilegal,0
3222,urbano,"Что значит это слово?

urbano","городской",,,adjective,build:pilot_ptpt_003_kaikki_adjadv,1,3526,,5K,B2,urbano,1
3224,"terrível","Что значит это слово?

terrível","ужасный",,,adjective,build:pilot_ptpt_003_kaikki_adjadv,1,3593,,5K,B2,"terrível",1
3225,imenso,"Что значит это слово?

imenso","огромный",,,adjective,build:pilot_ptpt_003_kaikki_adjadv,1,3624,,5K,B2,imenso,1
3226,"básico","Что значит это слово?

básico","базовый",,,adjective,build:pilot_ptpt_003_kaikki_adjadv,1,3747,,5K,B2,"básico",1
3227,puro,"Что значит это слово?

puro","чистый",,,adjective,build:pilot_ptpt_003_kaikki_adjadv,1,3796,,5K,B2,puro,1
3228,barato,"Что значит это слово?

barato","дешёвый",,,adjective,build:pilot_ptpt_003_kaikki_adjadv,1,3820,,5K,B2,barato,1
3229,"fantástico","Что значит это слово?

fantástico","фантастический",,,adjective,build:pilot_ptpt_003_kaikki_adjadv,1,3837,,5K,B2,"fantástico",0
3230,"democrático","Что значит это слово?

democrático","демократический",,,adjective,build:pilot_ptpt_003_kaikki_adjadv,1,3891,,5K,B2,"democrático",0
3231,fiel,"Что значит это слово?

fiel","верный",,,adjective,build:pilot_ptpt_003_kaikki_adjadv,1,3903,,5K,B2,fiel,1
3232,esquerdo,"Что значит это слово?

esquerdo","левый",,,adjective,build:pilot_ptpt_003_kaikki_adjadv,1,3985,,5K,B2,esquerdo,1
3233,profundo,"Что значит это слово?

profundo","глубокий",,,adjective,build:pilot_ptpt_003_kaikki_adjadv,1,4017,,5K,B2,profundo,1
3234,salvo,salvo,"целый",,,adjective,build:pilot_ptpt_003_kaikki_adjadv,0,4020,,5K,B2,salvo,1
3236,oral,oral,"оральный",,,adjective,build:pilot_ptpt_003_kaikki_adjadv,0,4166,,5K,B2,oral,0
3237,africano,africano,"африканский",,,adjective,build:pilot_ptpt_003_kaikki_adjadv,0,4283,,5K,B2,africano,0
3238,"científico","Что значит это слово?

científico","научный",,,adjective,build:pilot_ptpt_003_kaikki_adjadv,1,4381,,5K,B2,"científico",1
3239,proibido,"Что значит это слово?

proibido","запрещённый",,,adjective,build:pilot_ptpt_003_kaikki_adjadv,1,4425,,5K,B2,proibido,1
3240,exato,exato,"верный",,,adjective,build:pilot_ptpt_003_kaikki_adjadv,0,4642,,5K,B2,exato,1
3241,"sensível","Что значит это слово?

sensível","нежный",,,adjective,build:pilot_ptpt_003_kaikki_adjadv,1,4676,,5K,B2,"sensível",1
3242,feio,"Что значит это слово?

feio","безобразный",,,adjective,build:pilot_ptpt_003_kaikki_adjadv,1,4727,,5K,B2,feio,1
3243,intenso,"Что значит это слово?

intenso","интенсивный",,,adjective,build:pilot_ptpt_003_kaikki_adjadv,1,4735,,5K,B2,intenso,1
3244,"visível","Что значит это слово?

visível","видный",,,adjective,build:pilot_ptpt_003_kaikki_adjadv,1,4775,,5K,B2,"visível",1
3245,liberal,liberal,"щедрый",,,adjective,build:pilot_ptpt_003_kaikki_adjadv,0,4831,,5K,B2,liberal,0
3246,sujo,"Что значит это слово?

sujo","грязный",,,adjective,build:pilot_ptpt_003_kaikki_adjadv,1,4959,,5K,B2,sujo,1
3247,quarenta,quarenta,"сорок",,,adjective,build:pilot_ptpt_003_kaikki_adjadv,0,5039,,10K,B2,quarenta,0
3248,"artístico","Что значит это слово?

artístico","художественный",,,adjective,build:pilot_ptpt_003_kaikki_adjadv,1,5062,,10K,B2,"artístico",0
3251,lento,lento,"медленно",,,adjective,build:pilot_ptpt_003_kaikki_adjadv,0,5318,,10K,B2,lento,1
3255,cerebral,"Что значит это слово?

cerebral","мозговой",,,adjective,build:pilot_ptpt_003_kaikki_adjadv,1,5607,,10K,B2,cerebral,0
3256,escondido,"Что значит это слово?

escondido","скрытый",,,adjective,build:pilot_ptpt_003_kaikki_adjadv,1,5629,,10K,B2,escondido,1
3257,cinquenta,cinquenta,"пятьдесят",,,adjective,build:pilot_ptpt_003_kaikki_adjadv,0,5716,,10K,B2,cinquenta,0
3258,atrasado,"Что значит это слово?

atrasado","отсталый",,,adjective,build:pilot_ptpt_003_kaikki_adjadv,1,5820,,10K,B2,atrasado,1
3259,integrado,"Что значит это слово?

integrado","встроенный",,,adjective,build:pilot_ptpt_003_kaikki_adjadv,1,5861,,10K,B2,integrado,1
3260,"olímpico","Что значит это слово?

olímpico","олимпийский",,,adjective,build:pilot_ptpt_003_kaikki_adjadv,1,5873,,10K,B2,"olímpico",0
3261,satisfeito,"Что значит это слово?

satisfeito","удовлетворённый",,,adjective,build:pilot_ptpt_003_kaikki_adjadv,1,5890,,10K,B2,satisfeito,1
3263,paralelo,"Что значит это слово?

paralelo","параллельный",,,adjective,build:pilot_ptpt_003_kaikki_adjadv,1,5977,,10K,B2,paralelo,1
3264,artificial,"Что значит это слово?

artificial","искусственный",,,adjective,build:pilot_ptpt_003_kaikki_adjadv,1,6030,,10K,B2,artificial,0
3266,convencional,"Что значит это слово?

convencional","условный",,,adjective,build:pilot_ptpt_003_kaikki_adjadv,1,6160,,10K,B2,convencional,0
3267,"elétrico","Что значит это слово?

elétrico","электрический",,,adjective,build:pilot_ptpt_003_kaikki_adjadv,1,6172,,10K,B2,"elétrico",1
3268,"lógico","Что значит это слово?

lógico","логический",,,adjective,build:pilot_ptpt_003_kaikki_adjadv,1,6208,,10K,B2,"lógico",1
3269,sincero,"Что значит это слово?

sincero","искренний",,,adjective,build:pilot_ptpt_003_kaikki_adjadv,1,6238,,10K,B2,sincero,1
3270,"extraordinário","Что значит это слово?

extraordinário","чрезвычайный",,,adjective,build:pilot_ptpt_003_kaikki_adjadv,1,6295,,10K,B2,"extraordinário",0
3271,divino,"Что значит это слово?

divino","божественный",,,adjective,build:pilot_ptpt_003_kaikki_adjadv,1,6411,,10K,B2,divino,1
3272,externo,"Что значит это слово?

externo","наружный",,,adjective,build:pilot_ptpt_003_kaikki_adjadv,1,6420,,10K,B2,externo,1
3273,"psicológico","Что значит это слово?

psicológico","психологический",,,adjective,build:pilot_ptpt_003_kaikki_adjadv,1,6574,,10K,B2,"psicológico",1
3274,posterior,"Что значит это слово?

posterior","задний",,,adjective,build:pilot_ptpt_003_kaikki_adjadv,1,6688,,10K,B2,posterior,0
3275,semanal,"Что значит это слово?

semanal","еженедельный",,,adjective,build:pilot_ptpt_003_kaikki_adjadv,1,6706,,10K,B2,time_basic,0
3276,"invisível","Что значит это слово?

invisível","невидимый",,,adjective,build:pilot_ptpt_003_kaikki_adjadv,1,6775,,10K,B2,"invisível",1
3277,tropical,"Что значит это слово?

tropical","тропический",,,adjective,build:pilot_ptpt_003_kaikki_adjadv,1,6819,,10K,B2,tropical,0
3278,procurado,"Что значит это слово?

procurado","разыскиваемый",,,adjective,build:pilot_ptpt_003_kaikki_adjadv,1,6927,,10K,B2,procurado,1
3279,aplicado,"Что значит это слово?

aplicado","прикладной",,,adjective,build:pilot_ptpt_003_kaikki_adjadv,1,6973,,10K,B2,aplicado,1
3280,esportivo,"Что значит это слово?

esportivo","спортивный",,,adjective,build:pilot_ptpt_003_kaikki_adjadv,1,7279,,10K,C1,esportivo,0
3282,gentil,"Что значит это слово?

gentil","любезный",,,adjective,build:pilot_ptpt_003_kaikki_adjadv,1,7415,,10K,C1,gentil,1
3283,isolado,"Что значит это слово?

isolado","единичный",,,adjective,build:pilot_ptpt_003_kaikki_adjadv,1,7428,,10K,C1,isolado,1
3284,"islâmico","Что значит это слово?

islâmico","исламский",,,adjective,build:pilot_ptpt_003_kaikki_adjadv,1,7536,,10K,C1,"islâmico",0
3285,anal,anal,"анальный",,,adjective,build:pilot_ptpt_003_kaikki_adjadv,0,7592,,10K,C1,anal,0
3286,atraente,"Что значит это слово?

atraente","привлекательный",,,adjective,build:pilot_ptpt_003_kaikki_adjadv,1,7597,,10K,C1,atraente,1
3287,decente,"Что значит это слово?

decente","приличный",,,adjective,build:pilot_ptpt_003_kaikki_adjadv,1,7621,,10K,C1,decente,1
3288,salgado,"Что значит это слово?

salgado","солёный",,,adjective,build:pilot_ptpt_003_kaikki_adjadv,1,7693,,10K,C1,salgado,1
3289,sessenta,sessenta,"шестьдесят",,,adjective,build:pilot_ptpt_003_kaikki_adjadv,0,7696,,10K,C1,sessenta,0
3291,honesto,"Что значит это слово?

honesto","честный",,,adjective,build:pilot_ptpt_003_kaikki_adjadv,1,7781,,10K,C1,honesto,1
3292,esperto,esperto,"умный",,,adjective,build:pilot_ptpt_003_kaikki_adjadv,1,7905,,10K,C1,esperto,1
3314,"portátil","Что значит это слово?

portátil","переносной",,,adjective,build:pilot_ptpt_003_kaikki_adjadv,1,10066,,20K,C1,"portátil",1
3316,delgado,"Что значит это слово?

delgado","худой",,,adjective,build:pilot_ptpt_003_kaikki_adjadv,1,10167,,20K,C1,delgado,1
3318,qualificado,"Что значит это слово?

qualificado","квалифицированный",,,adjective,build:pilot_ptpt_003_kaikki_adjadv,1,10428,,20K,C1,qualificado,1
3321,"dramático","dramático","драматический",,,adjective,build:pilot_ptpt_003_kaikki_adjadv,0,10881,,20K,C1,"dramático",0
3323,neutro,"Что значит это слово?

neutro","нейтральный",,,adjective,build:pilot_ptpt_003_kaikki_adjadv,1,10933,,20K,C1,neutro,1
3324,idoso,"Что значит это слово?

idoso","престарелый",,,adjective,build:pilot_ptpt_003_kaikki_adjadv,1,11083,,20K,C1,idoso,1
3325,plural,plural,"множественный",,,adjective,build:pilot_ptpt_003_kaikki_adjadv,0,11127,,20K,C1,plural,0
3327,"intermediário","intermediário","промежуточный",,,adjective,build:pilot_ptpt_003_kaikki_adjadv,0,11290,,20K,C1,"intermediário",0
3329,sutil,"Что значит это слово?

sutil","тонкий",,,adjective,build:pilot_ptpt_003_kaikki_adjadv,1,11356,,20K,C1,sutil,1
3330,"sérvio","Что значит это слово?

sérvio","сербский",,,adjective,build:pilot_ptpt_003_kaikki_adjadv,1,11357,,20K,C1,"sérvio",1
3331,teatral,teatral,"театральный",,,adjective,build:pilot_ptpt_003_kaikki_adjadv,0,11360,,20K,C1,teatral,0
3332,"autônomo","Что значит это слово?

autônomo","автономный",,,adjective,build:pilot_ptpt_003_kaikki_adjadv,1,11397,,20K,C1,"autônomo",1
3333,desportivo,desportivo,"спортивный",,,adjective,build:pilot_ptpt_003_kaikki_adjadv,0,11435,,20K,C1,desportivo,0
3334,"simbólico","Что значит это слово?

simbólico","символический",,,adjective,build:pilot_ptpt_003_kaikki_adjadv,1,11547,,20K,C1,"simbólico",1
3337,interativo,interativo,"интерактивный",,,adjective,build:pilot_ptpt_003_kaikki_adjadv,0,11655,,20K,C1,interativo,0
3338,proporcional,proporcional,"пропорциональный",,,adjective,build:pilot_ptpt_003_kaikki_adjadv,0,11715,,20K,C1,proporcional,0
3339,talentoso,"Что значит это слово?

talentoso","талантливый",,,adjective,build:pilot_ptpt_003_kaikki_adjadv,1,11749,,20K,C1,talentoso,1
3340,verbal,verbal,"вербальный",,,adjective,build:pilot_ptpt_003_kaikki_adjadv,0,11765,,20K,C1,verbal,0
3341,"autêntico","autêntico","верный",,,adjective,build:pilot_ptpt_003_kaikki_adjadv,0,11805,,20K,C1,"autêntico",0
3343,imortal,imortal,"бессмертный",,,adjective,build:pilot_ptpt_003_kaikki_adjadv,0,11892,,20K,C1,imortal,0
3344,primordial,primordial,"первобытный",,,adjective,build:pilot_ptpt_003_kaikki_adjadv,0,11939,,20K,C1,primordial,0
3345,insuficiente,"Что значит это слово?

insuficiente","недостаточный",,,adjective,build:pilot_ptpt_003_kaikki_adjadv,1,12087,,20K,C2,insuficiente,1
3347,bem,bem,"так",,,adverb,build:pilot_ptpt_003_kaikki_adjadv,0,54,,1K,A1,bem,0
3348,mesmo,"Что значит это слово?

mesmo","аж",,,adverb,build:pilot_ptpt_003_kaikki_adjadv,1,56,,1K,A1,mesmo,0
3349,aqui,aqui,"здесь",,,adverb,build:pilot_ptpt_003_kaikki_adjadv,1,63,,1K,A1,aqui,1
3350,agora,agora,"сейчас",,,adverb,build:pilot_ptpt_003_kaikki_adjadv,0,70,,1K,A1,time_basic,0
3351,onde,"Что значит это слово?

onde","где",,,adverb,build:pilot_ptpt_003_kaikki_adjadv,1,78,,1K,A1,onde,0
3352,sempre,sempre,"всегда",,,adverb,build:pilot_ptpt_003_kaikki_adjadv,0,98,,1K,A1,sempre,0
3353,apenas,"Что значит это слово?

apenas","лишь",,,adverb,build:pilot_ptpt_003_kaikki_adjadv,1,104,,1K,A1,apenas,0
3354,nunca,nunca,"никогда",,,adverb,build:pilot_ptpt_003_kaikki_adjadv,1,110,,1K,A1,nunca,1
3355,antes,antes,"впереди",,,adverb,build:pilot_ptpt_003_kaikki_adjadv,0,151,,1K,A1,antes,0
3356,quanto,"Что значит это слово?

quanto","сколько",,,adverb,build:pilot_ptpt_003_kaikki_adjadv,1,216,,1K,A1,quanto,1
3357,"através","Что значит это слово?

através","сквозь",,,adverb,build:pilot_ptpt_003_kaikki_adjadv,1,237,,1K,A1,"através",1
3358,quase,"Что значит это слово?

quase","почти",,,adverb,build:pilot_ptpt_003_kaikki_adjadv,1,241,,1K,A1,quase,1
3359,"atrás","Что значит это слово?

atrás","назад",,,adverb,build:pilot_ptpt_003_kaikki_adjadv,1,441,,1K,A1,"atrás",1
3360,talvez,"Что значит это слово?

talvez","возможно",,,adverb,build:pilot_ptpt_003_kaikki_adjadv,1,455,,1K,A1,talvez,1
3361,ontem,"Что значит это слово?

ontem","вчера",,,adverb,build:pilot_ptpt_003_kaikki_adjadv,1,525,,1K,A2,time_basic,0
3362,"amanhã","Что значит это слово?

amanhã","завтра",,,adverb,build:pilot_ptpt_003_kaikki_adjadv,1,548,,1K,A2,time_basic,0
3363,longe,"Что значит это слово?

longe","далеко",,,adverb,build:pilot_ptpt_003_kaikki_adjadv,1,689,,1K,A2,longe,1
3364,enfim,"Что значит это слово?

enfim","наконец",,,adverb,build:pilot_ptpt_003_kaikki_adjadv,0,1882,,2K,B1,enfim,1
3365,devagar,"Что значит это слово?

devagar","медленно",,,adverb,build:pilot_ptpt_003_kaikki_adjadv,1,5520,,10K,B2,devagar,0
3366,outrora,outrora,"когда-то",,,adverb,build:pilot_ptpt_003_kaikki_adjadv,1,10224,,20K,C1,outrora,1
3367,ainda,"Что значит это слово?

ainda","ещё",,,adverb,build:pilot_ptpt_004_adverb_curated,1,120,,1K,A1,ainda,0
3368,"já","Что значит это слово?

já","уже",,,adverb,build:pilot_ptpt_004_adverb_curated,1,41,,1K,A1,"já",0
3369,logo,"Что значит это слово?

logo","скоро",,,adverb,build:pilot_ptpt_004_adverb_curated,1,900,,1K,A2,logo,1
3371,tarde,"Что значит это слово?

tarde","поздно",,,adverb,build:pilot_ptpt_004_adverb_curated,1,1400,,2K,A2,tarde,1
3372,hoje,"Что значит это слово?

hoje","сегодня",,,adverb,build:pilot_ptpt_004_adverb_curated,1,117,,1K,A1,time_basic,0
3373,"amanhã","amanhã","завтра",,,adverb,build:pilot_ptpt_004_adverb_curated,0,548,,1K,A2,time_basic,0
3374,ontem,ontem,"вчера",,,adverb,build:pilot_ptpt_004_adverb_curated,0,525,,1K,A2,time_basic,0
3375,agora,"Что значит это слово?

agora","сейчас",,,adverb,build:pilot_ptpt_004_adverb_curated,1,70,,1K,A1,time_basic,0
3376,depois,depois,"потом",,,adverb,build:pilot_ptpt_004_adverb_curated,1,76,,1K,A1,depois,1
3377,antes,antes,"раньше",,,adverb,build:pilot_ptpt_004_adverb_curated,0,151,,1K,A1,antes,0
3378,sempre,"Что значит это слово?

sempre","всегда",,,adverb,build:pilot_ptpt_004_adverb_curated,1,98,,1K,A1,sempre,0
3379,nunca,nunca,"никогда",,,adverb,build:pilot_ptpt_004_adverb_curated,0,110,,1K,A1,nunca,0
3380,talvez,talvez,"возможно",,,adverb,build:pilot_ptpt_004_adverb_curated,0,455,,1K,A1,talvez,0
3381,quase,quase,"почти",,,adverb,build:pilot_ptpt_004_adverb_curated,0,241,,1K,A1,quase,0
3382,longe,longe,"далеко",,,adverb,build:pilot_ptpt_004_adverb_curated,0,689,,1K,A2,longe,0
3383,perto,"Что значит это слово?

perto","близко",,,adverb,build:pilot_ptpt_004_adverb_curated,1,980,,1K,A2,perto,1
3384,dentro,"Что значит это слово?

dentro","внутри",,,adverb,build:pilot_ptpt_004_adverb_curated,1,870,,1K,A2,dentro,1
3385,fora,"Что значит это слово?

fora","снаружи",,,adverb,build:pilot_ptpt_004_adverb_curated,1,760,,1K,A2,fora,1
3386,aqui,aqui,"здесь",,,adverb,build:pilot_ptpt_004_adverb_curated,0,63,,1K,A1,aqui,0
3387,ali,ali,"там",,,adverb,build:pilot_ptpt_004_adverb_curated,1,820,,1K,A2,ali,1
3388,"lá","lá","там",,,adverb,build:pilot_ptpt_004_adverb_curated,1,430,,1K,A1,"lá",1
3389,abaixo,abaixo,"ниже",,,adverb,build:pilot_ptpt_004_adverb_curated,1,708,,1K,A2,abaixo,0
3390,acima,acima,"выше",,,adverb,build:pilot_ptpt_004_adverb_curated,1,980,,1K,A2,acima,0
3391,junto,junto,"вместе",,,adverb,build:pilot_ptpt_004_adverb_curated,0,521,,1K,A2,junto,0
3392,assim,assim,"так",,,adverb,build:pilot_ptpt_004_adverb_curated,1,75,,1K,A1,assim,1
3393,bem,"Что значит это слово?

bem","хорошо",,,adverb,build:pilot_ptpt_004_adverb_curated,1,54,,1K,A1,bem,0
3394,mal,mal,"плохо",,,adverb,build:pilot_ptpt_004_adverb_curated,0,319,,1K,A1,mal,1
3395,pior,pior,"хуже",,,adverb,build:pilot_ptpt_004_adverb_curated,0,745,,1K,A2,pior,1
3396,melhor,"Что значит это слово?

melhor","лучше",,,adverb,build:pilot_ptpt_004_adverb_curated,1,95,,1K,A1,melhor,0
3398,depressa,depressa,"быстро",,,adverb,build:pilot_ptpt_004_adverb_curated,1,2100,,5K,B1,depressa,1
3399,gratis,"Что значит это слово?

gratis","бесплатно",,,adverb,build:pilot_ptpt_004_adverb_curated,0,4800,,5K,B2,gratis,1
3400,sozinho,"Что значит это слово?

sozinho","в одиночку",,,adverb,build:pilot_ptpt_004_adverb_curated,1,3500,,5K,B1,sozinho,0
3401,mesmo,mesmo,"даже",,,adverb,build:pilot_ptpt_004_adverb_curated,0,56,,1K,A1,mesmo,0
3402,"só","Что значит это слово?

só","только",,,adverb,build:pilot_ptpt_004_adverb_curated,1,50,,1K,A1,"só",0
3403,apenas,apenas,"лишь",,,adverb,build:pilot_ptpt_004_adverb_curated,0,104,,1K,A1,apenas,0
3404,somente,somente,"только",,,adverb,build:pilot_ptpt_004_adverb_curated,1,706,,1K,A2,somente,1
3414,perto,perto,"близко",,,adverb,build:seed,0,980,,1K,A2,perto,0
3415,fora,fora,"снаружи",,,adverb,build:seed,0,760,,1K,A2,fora,0
3416,dentro,dentro,"внутри",,,adverb,build:pilot_ptpt_005_adverb_tail_curated,0,870,,1K,A2,dentro,0
3417,abaixo,abaixo,"ниже",,,adverb,build:pilot_ptpt_005_adverb_tail_curated,0,708,,1K,A2,abaixo,0
3418,acima,acima,"выше",,,adverb,build:pilot_ptpt_005_adverb_tail_curated,0,980,,1K,A2,acima,0
3419,ali,ali,"там",,,adverb,build:pilot_ptpt_005_adverb_tail_curated,0,820,,1K,A2,ali,0
3420,logo,logo,"скоро",,,adverb,build:pilot_ptpt_005_adverb_tail_curated,0,900,,1K,A2,logo,0
3421,ainda,ainda,"ещё",,,adverb,build:pilot_ptpt_005_adverb_tail_curated,0,120,,1K,A1,ainda,0
3422,hoje,hoje,"сегодня",,,adverb,build:pilot_ptpt_005_adverb_tail_curated,0,117,,1K,A1,time_basic,0
3423,depois,depois,"потом",,,adverb,build:pilot_ptpt_005_adverb_tail_curated,0,76,,1K,A1,depois,0
3424,assim,assim,"так",,,adverb,build:pilot_ptpt_005_adverb_tail_curated,0,75,,1K,A1,assim,0
3425,mal,mal,"плохо",,,adverb,build:pilot_ptpt_005_adverb_tail_curated,0,319,,1K,A1,mal,0
3446,cedo,"Что значит это слово?

cedo","рано",5K,5K,adverb,build:sample_csv:safe_promote,1,2600,A2,5K,B1,cedo,1
3447,escolher,"Что значит это слово?

escolher","выбирать",5K,5K,verb,build:sample_jsonl:safe_promote,1,3600,B1,5K,B2,escolher,1
3451,abel,"Что значит это слово?

abel","авель",10K,10K,noun,build:pilot_ptpt_001_enriched:safe_promote,0,9946,,10K,C1,abel,0
3452,abril,"Что значит это слово?

abril","апрель",1K,1K,noun,build:pilot_ptpt_001_enriched:safe_promote,0,561,,1K,A2,abril,0
3453,"absorção","Что значит это слово?

absorção","абсорбция",20K,20K,noun,build:pilot_ptpt_001_enriched:safe_promote,1,11780,,20K,C1,"absorção",0
3454,"abundância","Что значит это слово?

abundância","обилие",10K,10K,noun,build:pilot_ptpt_001_enriched:safe_promote,0,9430,,10K,C1,"abundância",0
3455,"acadêmico","Что значит это слово?

acadêmico","академик",10K,10K,noun,build:pilot_ptpt_001_enriched:safe_promote,0,5267,,10K,B2,"acadêmico",0
3456,adrenalina,"Что значит это слово?

adrenalina","адреналин",20K,20K,noun,build:pilot_ptpt_001_enriched:safe_promote,0,11784,,20K,C1,adrenalina,0
3457,"adão","Что значит это слово?

adão","адам",20K,20K,noun,build:pilot_ptpt_001_enriched:safe_promote,0,11785,,20K,C1,"adão",0
3458,"afeganistão","Что значит это слово?

afeganistão","афганистан",10K,10K,noun,build:pilot_ptpt_001_enriched:safe_promote,1,5377,,10K,B2,"afeganistão",0
3461,"ambição","Что значит это слово?

ambição","амбиция",10K,10K,noun,build:pilot_ptpt_001_enriched:safe_promote,0,9795,,10K,C1,"ambição",0
3464,anistia,"Что значит это слово?

anistia","амнистия",20K,20K,noun,build:pilot_ptpt_001_enriched:safe_promote,0,11994,,20K,C1,anistia,0
3465,apetite,"Что значит это слово?

apetite","аппетит",10K,10K,noun,build:pilot_ptpt_001_enriched:safe_promote,0,9800,,10K,C1,apetite,0
3466,aproveitar,"Что значит это слово?

aproveitar","иметь выгоду",5K,5K,verb,build:pilot_ptpt_001_enriched:safe_promote,1,2408,,5K,B1,time_basic,0
3467,aproximar,"Что значит это слово?

aproximar","приближать",10K,10K,verb,build:pilot_ptpt_001_enriched:safe_promote,1,5380,,10K,B2,shopping_money,1
3468,aquecimento,"Что значит это слово?

aquecimento","oтопление",5K,5K,noun,build:pilot_ptpt_001_enriched:safe_promote,0,4787,,5K,B2,aquecimento,0
3470,armadura,"Что значит это слово?

armadura","броня",10K,10K,noun,build:pilot_ptpt_001_enriched:safe_promote,0,9441,,10K,C1,armadura,0
3472,"arquipélago","Что значит это слово?

arquipélago","архипелаг",10K,10K,noun,build:pilot_ptpt_001_enriched:safe_promote,0,9620,,10K,C1,"arquipélago",0
3473,artilheiro,"Что значит это слово?

artilheiro","артиллерист",20K,20K,noun,build:pilot_ptpt_001_enriched:safe_promote,1,11585,,20K,C1,artilheiro,0
3474,"aurélio","Что значит это слово?

aurélio","аврелий",10K,10K,noun,build:pilot_ptpt_001_enriched:safe_promote,0,9623,,10K,C1,"aurélio",0
3476,azeite,"Что значит это слово?

azeite","оливковое масло",20K,20K,noun,build:pilot_ptpt_001_enriched:safe_promote,0,11810,,20K,C1,azeite,0
3477,"azerbaijão","Что значит это слово?

azerbaijão","азербайджан",10K,10K,noun,build:pilot_ptpt_001_enriched:safe_promote,0,9959,,10K,C1,"azerbaijão",0
3478,banca,"Что значит это слово?

banca","лоток",10K,10K,noun,build:pilot_ptpt_001_enriched:safe_promote,0,9448,,10K,C1,banca,0
3479,bangladesh,"Что значит это слово?

bangladesh","бангладеш",20K,20K,noun,build:pilot_ptpt_001_enriched:safe_promote,0,12002,,20K,C2,bangladesh,0
3480,banheira,"Что значит это слово?

banheira","ванна",10K,10K,noun,build:pilot_ptpt_001_enriched:safe_promote,0,9295,,10K,C1,banheira,0
3481,bem,"Что значит это слово?

bem","благо",1K,1K,noun,build:pilot_ptpt_001_enriched:safe_promote:deactivated_active_lemma_dedupe_20260314,0,54,,1K,A1,bem,0
3482,bit,"Что значит это слово?

bit","бит",20K,20K,noun,build:pilot_ptpt_001_enriched:safe_promote,0,11815,,20K,C1,bit,0
3483,boate,"Что значит это слово?

boate","дискотека",10K,10K,noun,build:pilot_ptpt_001_enriched:safe_promote,0,9450,,10K,C1,boate,0
3484,"bolívia","Что значит это слово?

bolívia","боливия",5K,5K,noun,build:pilot_ptpt_001_enriched:safe_promote,0,4703,,5K,B2,"bolívia",0
3486,"bulgária","Что значит это слово?

bulgária","болгария",10K,10K,noun,build:pilot_ptpt_001_enriched:safe_promote,0,7609,,10K,C1,"bulgária",0
3487,burocracia,"Что значит это слово?

burocracia","бюрократия",10K,10K,noun,build:pilot_ptpt_001_enriched:safe_promote,0,9302,,10K,C1,burocracia,0
3488,"bélgica","Что значит это слово?

bélgica","бельгия",10K,10K,noun,build:pilot_ptpt_001_enriched:safe_promote,0,7255,,10K,C1,"bélgica",0
3489,"cadáver","Что значит это слово?

cadáver","труп",20K,20K,noun,build:pilot_ptpt_001_enriched:safe_promote,0,11594,,20K,C1,"cadáver",0
3490,calibre,"Что значит это слово?

calibre","калибр",10K,10K,noun,build:pilot_ptpt_001_enriched:safe_promote,0,9452,,10K,C1,calibre,0
3491,cancelar,"Что значит это слово?

cancelar","отменять",10K,10K,verb,build:pilot_ptpt_001_enriched:safe_promote,1,5388,,10K,B2,cancelar,1
3494,cenoura,"Что значит это слово?

cenoura","морковь",20K,20K,noun,build:pilot_ptpt_001_enriched:safe_promote,0,11825,,20K,C1,cenoura,0
3495,"certificação","Что значит это слово?

certificação","сертификация",10K,10K,noun,build:pilot_ptpt_001_enriched:safe_promote,0,9635,,10K,C1,"certificação",0
3496,"cerâmica","Что значит это слово?

cerâmica","керамика",10K,10K,noun,build:pilot_ptpt_001_enriched:safe_promote,0,9455,,10K,C1,"cerâmica",0
3497,chanceler,"Что значит это слово?

chanceler","канцлер",10K,10K,noun,build:pilot_ptpt_001_enriched:safe_promote,0,9307,,10K,C1,chanceler,0
3498,ciclone,"Что значит это слово?

ciclone","циклон",10K,10K,noun,build:pilot_ptpt_001_enriched:safe_promote,0,9311,,10K,C1,ciclone,0
3499,"classificação","Что значит это слово?

classificação","классифицирование",5K,5K,noun,build:pilot_ptpt_001_enriched:safe_promote,0,2410,,5K,B1,"classificação",0
3500,colapso,"Что значит это слово?

colapso","глубокая депрессия",10K,10K,noun,build:pilot_ptpt_001_enriched:safe_promote,1,5923,,10K,B2,colapso,0
3501,"colchão","Что значит это слово?

colchão","матрац",20K,20K,noun,build:pilot_ptpt_001_enriched:safe_promote,0,11832,,20K,C1,"colchão",0
3502,"colisão","Что значит это слово?

colisão","столкновение",10K,10K,noun,build:pilot_ptpt_001_enriched:safe_promote,0,9976,,10K,C1,"colisão",0
3504,"compaixão","Что значит это слово?

compaixão","сочувствие",10K,10K,noun,build:pilot_ptpt_001_enriched:safe_promote,0,9315,,10K,C1,"compaixão",0
3505,comunismo,"Что значит это слово?

comunismo","коммунизм",10K,10K,noun,build:pilot_ptpt_001_enriched:safe_promote,0,9821,,10K,C1,comunismo,0
3506,cortina,"Что значит это слово?

cortina","штора",10K,10K,noun,build:pilot_ptpt_001_enriched:safe_promote,0,9469,,10K,C1,cortina,0
3508,cunhada,"Что значит это слово?

cunhada","золовка",20K,20K,noun,build:pilot_ptpt_001_enriched:safe_promote,0,12030,,20K,C2,cunhada,0
3509,curtir,"Что значит это слово?

curtir","наслаждаться",10K,10K,verb,build:pilot_ptpt_001_enriched:safe_promote,1,5514,,10K,B2,curtir,1
3510,davi,"Что значит это слово?

davi","давид",10K,10K,noun,build:pilot_ptpt_001_enriched:safe_promote,1,5182,,10K,B2,davi,0
3511,deusa,"Что значит это слово?

deusa","богиня",10K,10K,noun,build:pilot_ptpt_001_enriched:safe_promote,0,5409,,10K,B2,deusa,0
3512,diamante,"Что значит это слово?

diamante","aлмаз",10K,10K,noun,build:pilot_ptpt_001_enriched:safe_promote,0,7139,,10K,C1,diamante,0
3513,dinamarca,"Что значит это слово?

dinamarca","дания",10K,10K,noun,build:pilot_ptpt_001_enriched:safe_promote,0,8040,,10K,C1,dinamarca,0
3514,diplomata,"Что значит это слово?

diplomata","дипломат",20K,20K,noun,build:pilot_ptpt_001_enriched:safe_promote,0,12039,,20K,C2,diplomata,0
3515,ditador,"Что значит это слово?

ditador","диктатор",10K,10K,noun,build:pilot_ptpt_001_enriched:safe_promote,0,9666,,10K,C1,ditador,0
3516,eclipse,"Что значит это слово?

eclipse","затмение",10K,10K,noun,build:pilot_ptpt_001_enriched:safe_promote,0,9669,,10K,C1,eclipse,0
3517,ecologia,"Что значит это слово?

ecologia","экология",10K,10K,noun,build:pilot_ptpt_001_enriched:safe_promote,0,9328,,10K,C1,ecologia,0
3519,elefante,"Что значит это слово?

elefante","слоновые",10K,10K,noun,build:pilot_ptpt_001_enriched:safe_promote,0,9481,,10K,C1,elefante,0
3521,empatia,"Что значит это слово?

empatia","эмпатия",20K,20K,noun,build:pilot_ptpt_001_enriched:safe_promote,0,12050,,20K,C2,empatia,0
3522,enfermeira,"Что значит это слово?

enfermeira","медсестра",10K,10K,noun,build:pilot_ptpt_001_enriched:safe_promote,0,9483,,10K,C1,enfermeira,0
3523,epidemia,"Что значит это слово?

epidemia","эпидемия",10K,10K,noun,build:pilot_ptpt_001_enriched:safe_promote,0,9332,,10K,C1,epidemia,0
3526,"etiópia","Что значит это слово?

etiópia","эфиопия",10K,10K,noun,build:pilot_ptpt_001_enriched:safe_promote,0,8764,,10K,C1,"etiópia",0
3528,ferramenta,"Что значит это слово?

ferramenta","прибор",5K,5K,noun,build:pilot_ptpt_001_enriched:safe_promote,0,2324,,5K,B1,ferramenta,0
3529,fez,"Что значит это слово?

fez","фес",1K,1K,noun,build:pilot_ptpt_001_enriched:safe_promote,0,203,,1K,A1,fez,0
3530,filipinas,"Что значит это слово?

filipinas","филиппины",10K,10K,noun,build:pilot_ptpt_001_enriched:safe_promote,1,5302,,10K,B2,filipinas,0
3531,flor,"Что значит это слово?

flor","цвет",5K,5K,noun,build:pilot_ptpt_001_enriched:safe_promote,0,2425,,5K,B1,flor,0
3532,"flávio","Что значит это слово?

flávio","флавии",10K,10K,noun,build:pilot_ptpt_001_enriched:safe_promote,0,5536,,10K,B2,"flávio",0
3533,fogueira,"Что значит это слово?

fogueira","костёр",20K,20K,noun,build:pilot_ptpt_001_enriched:safe_promote,0,12066,,20K,C2,fogueira,0
3534,foro,"Что значит это слово?

foro","форум",10K,10K,noun,build:pilot_ptpt_001_enriched:safe_promote,0,9497,,10K,C1,foro,0
3535,freio,"Что значит это слово?

freio","тормоз",20K,20K,noun,build:pilot_ptpt_001_enriched:safe_promote,0,11639,,20K,C1,freio,0
3536,fugir,"Что значит это слово?

fugir","понести",5K,5K,verb,build:pilot_ptpt_001_enriched:safe_promote,1,2427,,5K,B1,fugir,1
3537,"félix","Что значит это слово?

félix","феликс",10K,10K,noun,build:pilot_ptpt_001_enriched:safe_promote,0,9344,,10K,C1,"félix",0
3539,genebra,"Что значит это слово?

genebra","женева",10K,10K,noun,build:pilot_ptpt_001_enriched:safe_promote,0,9345,,10K,C1,genebra,0
3540,"geórgia","Что значит это слово?

geórgia","грузия",5K,5K,noun,build:pilot_ptpt_001_enriched:safe_promote,0,4913,,5K,B2,"geórgia",0
3542,"hambúrguer","Что значит это слово?

hambúrguer","гамбургер",10K,10K,noun,build:pilot_ptpt_001_enriched:safe_promote,0,9349,,10K,C1,"hambúrguer",0
3543,handebol,"Что значит это слово?

handebol","гандбол",20K,20K,noun,build:pilot_ptpt_001_enriched:safe_promote,0,12075,,20K,C2,handebol,0
3544,herdeiro,"Что значит это слово?

herdeiro","наследник",10K,10K,noun,build:pilot_ptpt_001_enriched:safe_promote,0,9351,,10K,C1,herdeiro,0
3545,"heroína","Что значит это слово?

heroína","героин",10K,10K,noun,build:pilot_ptpt_001_enriched:safe_promote,0,9858,,10K,C1,"heroína",0
3546,hoje,"Что значит это слово?

hoje","сегодня",1K,1K,noun,build:pilot_ptpt_001_enriched:safe_promote:deactivated_active_lemma_dedupe_20260314,0,117,,1K,A1,time_basic,0
3547,holanda,"Что значит это слово?

holanda","нидерланды",10K,10K,noun,build:pilot_ptpt_001_enriched:safe_promote,1,5204,,10K,B2,holanda,0
3549,imbecil,"Что значит это слово?

imbecil","дура",10K,10K,noun,build:pilot_ptpt_001_enriched:safe_promote,0,9696,,10K,C1,imbecil,0
3550,"importação","Что значит это слово?

importação","импорт",10K,10K,noun,build:pilot_ptpt_001_enriched:safe_promote,0,9510,,10K,C1,"importação",0
3551,"indonésia","Что значит это слово?

indonésia","индонезия",10K,10K,noun,build:pilot_ptpt_001_enriched:safe_promote,0,5311,,10K,B2,"indonésia",0
3552,infarto,"Что значит это слово?

infarto","инфаркт",20K,20K,noun,build:pilot_ptpt_001_enriched:safe_promote,0,12085,,20K,C2,infarto,0
3553,infraestrutura,"Что значит это слово?

infraestrutura","инфраструктуры",5K,5K,noun,build:pilot_ptpt_001_enriched:safe_promote,0,3268,,5K,B1,infraestrutura,0
3555,"injeção","Что значит это слово?

injeção","инъекция",10K,10K,noun,build:pilot_ptpt_001_enriched:safe_promote,0,9512,,10K,C1,"injeção",0
3556,instrutor,"Что значит это слово?

instrutor","инструктор",10K,10K,noun,build:pilot_ptpt_001_enriched:safe_promote,0,9870,,10K,C1,instrutor,0
3557,"inteligência","Что значит это слово?

inteligência","сведения",5K,5K,noun,build:pilot_ptpt_001_enriched:safe_promote,0,2193,,5K,B1,"inteligência",0
3558,"inventário","Что значит это слово?

inventário","инвентаризация",20K,20K,noun,build:pilot_ptpt_001_enriched:safe_promote,1,11658,,20K,C1,"inventário",0
3559,irlanda,"Что значит это слово?

irlanda","ирландия",10K,10K,noun,build:pilot_ptpt_001_enriched:safe_promote,0,7037,,10K,C1,irlanda,0
3560,"irã","Что значит это слово?

irã","иран",10K,10K,noun,build:pilot_ptpt_001_enriched:safe_promote,1,5215,,10K,B2,"irã",0
3561,"isaías","Что значит это слово?

isaías","исайя",20K,20K,noun,build:pilot_ptpt_001_enriched:safe_promote,0,12090,,20K,C2,"isaías",0
3562,"islândia","Что значит это слово?

islândia","исландия",10K,10K,noun,build:pilot_ptpt_001_enriched:safe_promote,0,9207,,10K,C1,"islândia",0
3564,janeiro,"Что значит это слово?

janeiro","январь",1K,1K,noun,build:pilot_ptpt_001_enriched:safe_promote,0,259,,1K,A1,janeiro,0
3565,"jerusalém","Что значит это слово?

jerusalém","иерусалим",10K,10K,noun,build:pilot_ptpt_001_enriched:safe_promote,1,5752,,10K,B2,"jerusalém",0
3567,judeu,"Что значит это слово?

judeu","евреи",10K,10K,noun,build:pilot_ptpt_001_enriched:safe_promote,0,5754,,10K,B2,judeu,0
3568,licenciatura,"Что значит это слово?

licenciatura","лиценциат",20K,20K,noun,build:pilot_ptpt_001_enriched:safe_promote,0,11667,,20K,C1,shopping_money,0
3570,"lésbica","Что значит это слово?

lésbica","лесбиянка",10K,10K,noun,build:pilot_ptpt_001_enriched:safe_promote,0,9368,,10K,C1,"lésbica",0
3571,"líbia","Что значит это слово?

líbia","ливия",10K,10K,noun,build:pilot_ptpt_001_enriched:safe_promote,0,7797,,10K,C1,"líbia",0
3572,"macedônia","Что значит это слово?

macedônia","македония",10K,10K,noun,build:pilot_ptpt_001_enriched:safe_promote,0,9714,,10K,C1,"macedônia",0
3573,"malásia","Что значит это слово?

malásia","малайзия",10K,10K,noun,build:pilot_ptpt_001_enriched:safe_promote,0,7544,,10K,C1,"malásia",0
3574,mara,"Что значит это слово?

mara","мара",10K,10K,noun,build:pilot_ptpt_001_enriched:safe_promote,0,9718,,10K,C1,mara,0
3575,marfim,"Что значит это слово?

marfim","слоновая кость",10K,10K,noun,build:pilot_ptpt_001_enriched:safe_promote,0,9530,,10K,C1,marfim,0
3576,martelo,"Что значит это слово?

martelo","молот",10K,10K,noun,build:pilot_ptpt_001_enriched:safe_promote,0,9719,,10K,C1,martelo,0
3577,mentalidade,"Что значит это слово?

mentalidade","менталитет",10K,10K,noun,build:pilot_ptpt_001_enriched:safe_promote,0,9721,,10K,C1,mentalidade,0
3578,messias,"Что значит это слово?

messias","мессия",10K,10K,noun,build:pilot_ptpt_001_enriched:safe_promote,0,9892,,10K,C1,messias,0
3579,metal,"Что значит это слово?

metal","металлы",5K,5K,noun,build:pilot_ptpt_001_enriched:safe_promote,0,3027,,5K,B1,metal,0
3580,"metáfora","Что значит это слово?

metáfora","метафора",20K,20K,noun,build:pilot_ptpt_001_enriched:safe_promote,1,11679,,20K,C1,"metáfora",0
3582,mineiro,"Что значит это слово?

mineiro","шахтёр",10K,10K,noun,build:pilot_ptpt_001_enriched:safe_promote,0,5655,,10K,B2,mineiro,0
3583,"missionário","Что значит это слово?

missionário","миссионер",10K,10K,noun,build:pilot_ptpt_001_enriched:safe_promote,0,9722,,10K,C1,"missionário",0
3584,modalidade,"Что значит это слово?

modalidade","метод",10K,10K,noun,build:pilot_ptpt_001_enriched:safe_promote,1,5554,,10K,B2,modalidade,0
3585,mosca,"Что значит это слово?

mosca","муха",20K,20K,noun,build:pilot_ptpt_001_enriched:safe_promote,0,11683,,20K,C1,mosca,0
3586,motel,"Что значит это слово?

motel","мотель",10K,10K,noun,build:pilot_ptpt_001_enriched:safe_promote,0,9372,,10K,C1,motel,0
3588,narrador,"Что значит это слово?

narrador","рассказчик",10K,10K,noun,build:pilot_ptpt_001_enriched:safe_promote,0,9375,,10K,C1,narrador,0
3589,"nicarágua","Что значит это слово?

nicarágua","никарагуа",20K,20K,noun,build:pilot_ptpt_001_enriched:safe_promote,1,11688,,20K,C1,"nicarágua",0
3590,nicolas,"Что значит это слово?

nicolas","николай",10K,10K,noun,build:pilot_ptpt_001_enriched:safe_promote,0,9540,,10K,C1,nicolas,0
3591,noruega,"Что значит это слово?

noruega","норвегия",10K,10K,noun,build:pilot_ptpt_001_enriched:safe_promote,0,8656,,10K,C1,noruega,0
3592,"obsessão","Что значит это слово?

obsessão","помешанность",20K,20K,noun,build:pilot_ptpt_001_enriched:safe_promote,0,12116,,20K,C2,"obsessão",0
3593,ordenado,"Что значит это слово?

ordenado","оклад",20K,20K,noun,build:pilot_ptpt_001_enriched:safe_promote,0,11694,,20K,C1,ordenado,0
3594,panda,"Что значит это слово?

panda","панда",20K,20K,noun,build:pilot_ptpt_001_enriched:safe_promote,0,11699,,20K,C1,panda,0
3595,papa,"Что значит это слово?

papa","папство",5K,5K,noun,build:pilot_ptpt_001_enriched:safe_promote,0,2204,,5K,B1,papa,0
3596,"paquistão","Что значит это слово?

paquistão","пакистан",10K,10K,noun,build:pilot_ptpt_001_enriched:safe_promote,1,5976,,10K,B2,"paquistão",0
3597,parada,"Что значит это слово?

parada",aaa,5K,5K,noun,build:pilot_ptpt_001_enriched:safe_promote,0,2156,,5K,B1,parada,0
3598,parcela,"Что значит это слово?

parcela","слагаемое",10K,10K,noun,build:pilot_ptpt_001_enriched:safe_promote,0,5668,,10K,B2,parcela,0
3599,parlamento,"Что значит это слово?

parlamento",m,5K,5K,noun,build:pilot_ptpt_001_enriched:safe_promote,0,2644,,5K,B1,parlamento,0
3600,paulo,"Что значит это слово?

paulo","павел",1K,1K,noun,build:pilot_ptpt_001_enriched:safe_promote,0,197,,1K,A1,paulo,0
3601,"península","Что значит это слово?

península","полуостров",10K,10K,noun,build:pilot_ptpt_001_enriched:safe_promote,0,9383,,10K,C1,"península",0
3602,pereira,"Что значит это слово?

pereira","груша",5K,5K,noun,build:pilot_ptpt_001_enriched:safe_promote,0,2285,,5K,B1,pereira,0
3604,pessoal,"Что значит это слово?

pessoal","штат",1K,1K,noun,build:pilot_ptpt_001_enriched:safe_promote:deactivated_active_lemma_dedupe_20260314,0,445,,1K,A1,pessoal,0
3605,pintor,"Что значит это слово?

pintor","маляр",10K,10K,noun,build:pilot_ptpt_001_enriched:safe_promote,0,9551,,10K,C1,pintor,0
3606,"pirâmide","Что значит это слово?

pirâmide","пирамида",10K,10K,noun,build:pilot_ptpt_001_enriched:safe_promote,0,9744,,10K,C1,"pirâmide",0
3607,"polícia","Что значит это слово?

polícia","мент",1K,1K,noun,build:pilot_ptpt_001_enriched:safe_promote,0,357,,1K,A1,"polícia",0
3608,"política","Что значит это слово?

política","курс",1K,1K,noun,build:pilot_ptpt_001_enriched:safe_promote,0,397,,1K,A1,"política",0
3609,ponto,"Что значит это слово?

ponto","балл",1K,1K,noun,build:pilot_ptpt_001_enriched:safe_promote,0,398,,1K,A1,ponto,0
3610,"português","Что значит это слово?

português","португальский",1K,1K,noun,build:pilot_ptpt_001_enriched:safe_promote:deactivated_active_lemma_dedupe_20260314,0,541,,1K,A2,"português",0
3611,pretexto,"Что значит это слово?

pretexto","повод",20K,20K,noun,build:pilot_ptpt_001_enriched:safe_promote,0,11710,,20K,C1,pretexto,0
3612,profissionalismo,"Что значит это слово?

profissionalismo","профессионализм",20K,20K,noun,build:pilot_ptpt_001_enriched:safe_promote,1,11712,,20K,C1,profissionalismo,0
3613,"pulmão","Что значит это слово?

pulmão","лёгкие",10K,10K,noun,build:pilot_ptpt_001_enriched:safe_promote,0,9751,,10K,C1,"pulmão",0
3614,pulseira,"Что значит это слово?

pulseira","браслет",20K,20K,noun,build:pilot_ptpt_001_enriched:safe_promote,0,11718,,20K,C1,pulseira,0
3615,resistir,"Что значит это слово?

resistir","отбиваться",10K,10K,verb,build:pilot_ptpt_001_enriched:safe_promote,1,5681,,10K,B2,resistir,1
3616,"restauração","Что значит это слово?

restauração","реституция",10K,10K,noun,build:pilot_ptpt_001_enriched:safe_promote,0,7827,,10K,C1,"restauração",0
3617,"retórica","Что значит это слово?

retórica","риторика",20K,20K,noun,build:pilot_ptpt_001_enriched:safe_promote,1,11729,,20K,C1,"retórica",0
3618,rompimento,"Что значит это слово?

rompimento","разрыв",20K,20K,noun,build:pilot_ptpt_001_enriched:safe_promote,1,11733,,20K,C1,rompimento,0
3620,sapo,"Что значит это слово?

sapo","жаба",10K,10K,noun,build:pilot_ptpt_001_enriched:safe_promote,0,9403,,10K,C1,sapo,0
3621,"segurança","Что значит это слово?

segurança","сохранность",1K,1K,noun,build:pilot_ptpt_001_enriched:safe_promote,0,330,,1K,A1,"segurança",0
3622,semente,"Что значит это слово?

semente","семя",10K,10K,noun,build:pilot_ptpt_001_enriched:safe_promote,0,9763,,10K,C1,semente,0
3623,senegal,"Что значит это слово?

senegal","сенегал",20K,20K,noun,build:pilot_ptpt_001_enriched:safe_promote,0,11964,,20K,C1,senegal,0
3624,sereia,"Что значит это слово?

sereia","сирен",20K,20K,noun,build:pilot_ptpt_001_enriched:safe_promote,0,11967,,20K,C1,sereia,0
3625,"sistemática","Что значит это слово?

sistemática","систематика",10K,10K,noun,build:pilot_ptpt_001_enriched:safe_promote,0,9581,,10K,C1,"sistemática",0
3626,"suécia","Что значит это слово?

suécia","швеция",10K,10K,noun,build:pilot_ptpt_001_enriched:safe_promote,1,5795,,10K,B2,"suécia",0
3627,"suíça","Что значит это слово?

suíça","швейцария",5K,5K,noun,build:pilot_ptpt_001_enriched:safe_promote,0,4600,,5K,B2,"suíça",0
3629,"tailândia","Что значит это слово?

tailândia","таиланд",10K,10K,noun,build:pilot_ptpt_001_enriched:safe_promote,0,5690,,10K,B2,"tailândia",0
3631,tempo,"Что значит это слово?

tempo","час",1K,1K,noun,build:pilot_ptpt_001_enriched:safe_promote,0,84,,1K,A1,time_basic,0
3632,turquia,"Что значит это слово?

turquia","турция",5K,5K,noun,build:pilot_ptpt_001_enriched:safe_promote,0,3733,,5K,B2,turquia,0
3633,"ucrânia","Что значит это слово?

ucrânia","украина",10K,10K,noun,build:pilot_ptpt_001_enriched:safe_promote,1,5262,,10K,B2,"ucrânia",0
3634,unanimidade,"Что значит это слово?

unanimidade","единодушие",10K,10K,noun,build:pilot_ptpt_001_enriched:safe_promote,0,9595,,10K,C1,unanimidade,0
3636,vampiro,"Что значит это слово?

vampiro","вампир",10K,10K,noun,build:pilot_ptpt_001_enriched:safe_promote,0,9941,,10K,C1,vampiro,0
3637,vanguarda,"Что значит это слово?

vanguarda","авангард",20K,20K,noun,build:pilot_ptpt_001_enriched:safe_promote,1,11764,,20K,C1,vanguarda,0
3638,vasco,"Что значит это слово?

vasco","vásko",5K,5K,noun,build:pilot_ptpt_001_enriched:safe_promote,0,3115,,5K,B1,vasco,0
3639,vela,"Что значит это слово?

vela","парус",10K,10K,noun,build:pilot_ptpt_001_enriched:safe_promote,0,5478,,10K,B2,vela,0
3640,veterano,"Что значит это слово?

veterano","ветеран",10K,10K,noun,build:pilot_ptpt_001_enriched:safe_promote,0,9777,,10K,C1,veterano,0
3641,vinagre,"Что значит это слово?

vinagre","уксус",20K,20K,noun,build:pilot_ptpt_001_enriched:safe_promote,0,11766,,20K,C1,vinagre,0
3642,violino,"Что значит это слово?

violino","скрипка",20K,20K,noun,build:pilot_ptpt_001_enriched:safe_promote,0,11769,,20K,C1,violino,0
3643,"vírus","Что значит это слово?

vírus","вирусы",5K,5K,noun,build:pilot_ptpt_001_enriched:safe_promote,0,2346,,5K,B1,"vírus",0
3644,"wikipédia","Что значит это слово?

wikipédia","википедия",10K,10K,noun,build:pilot_ptpt_001_enriched:safe_promote,0,9782,,10K,C1,"wikipédia",0
3645,"álcool","Что значит это слово?

álcool","спирты",5K,5K,noun,build:pilot_ptpt_001_enriched:safe_promote,0,3300,,5K,B1,"álcool",0
3675,bem,"Что значит это слово?

bem","благо",1K,1K,noun,build:pilot_ptpt_001_enriched_qc:safe_promote:deactivated_active_lemma_dedupe_20260314,0,54,,1K,A1,bem,0
3738,hoje,"Что значит это слово?

hoje","сегодня",1K,1K,noun,build:pilot_ptpt_001_enriched_qc:safe_promote:deactivated_active_lemma_dedupe_20260314,0,117,,1K,A1,time_basic,0
3793,pessoal,"Что значит это слово?

pessoal","штат",1K,1K,noun,build:pilot_ptpt_001_enriched_qc:safe_promote:deactivated_active_lemma_dedupe_20260314,0,445,,1K,A1,pessoal,0
3796,"português","Что значит это слово?

português","португальский",1K,1K,noun,build:pilot_ptpt_001_enriched_qc:safe_promote:deactivated_active_lemma_dedupe_20260314,0,541,,1K,A2,"português",0
3831,hoje,"Что значит это слово?

hoje","сегодня",1K,1K,noun,build:pilot_ptpt_001_pilot_safe:safe_promote:deactivated_active_lemma_dedupe_20260314,0,117,,1K,A1,time_basic,0
3832,"português","Что значит это слово?

português","португальский",1K,1K,noun,build:pilot_ptpt_001_pilot_safe:safe_promote:deactivated_active_lemma_dedupe_20260314,0,541,,1K,A2,"português",0
3869,melhor,"Что значит это слово?

melhor","лучший",1K,1K,adjective,build:pilot_ptpt_003_kaikki_adjadv:safe_promote:deactivated_active_lemma_dedupe_20260314,0,95,,1K,A1,melhor,0
3870,militar,"Что значит это слово?

militar","военный",1K,1K,adjective,build:pilot_ptpt_003_kaikki_adjadv:safe_promote:deactivated_active_lemma_dedupe_20260314,0,605,,1K,A2,militar,0
3871,"político","Что значит это слово?

político","политический",1K,1K,adjective,build:pilot_ptpt_003_kaikki_adjadv:safe_promote:deactivated_active_lemma_dedupe_20260314,0,791,,1K,A2,"político",0
3872,velho,"Что значит это слово?

velho","старый",1K,1K,adjective,build:pilot_ptpt_003_kaikki_adjadv:safe_promote:deactivated_active_lemma_dedupe_20260314,0,927,,1K,A2,velho,0
3899,crucial,"Что значит это слово?

crucial","решающий",10K,10K,adjective,build:pilot_ptpt_003_kaikki_adjadv:safe_promote,0,8028,,10K,C1,crucial,0
3900,alternativo,"Что значит это слово?

alternativo","альтернативный",10K,10K,adjective,build:pilot_ptpt_003_kaikki_adjadv:safe_promote,0,8142,,10K,C1,alternativo,0
3901,"anônimo","Что значит это слово?

anônimo","анонимный",10K,10K,adjective,build:pilot_ptpt_003_kaikki_adjadv:safe_promote,1,8147,,10K,C1,"anônimo",1
3902,"automático","Что значит это слово?

automático","автоматический",10K,10K,adjective,build:pilot_ptpt_003_kaikki_adjadv:safe_promote,0,8152,,10K,C1,"automático",0
3903,brutal,"Что значит это слово?

brutal","брутальный",10K,10K,adjective,build:pilot_ptpt_003_kaikki_adjadv:safe_promote,0,8158,,10K,C1,brutal,0
3904,marrom,"Что значит это слово?

marrom","коричневый",10K,10K,adjective,build:pilot_ptpt_003_kaikki_adjadv:safe_promote,1,8223,,10K,C1,marrom,1
3905,temporal,"Что значит это слово?

temporal","погодный",10K,10K,adjective,build:pilot_ptpt_003_kaikki_adjadv:safe_promote,0,8268,,10K,C1,time_basic,0
3906,"vulnerável","Что значит это слово?

vulnerável","ранимый",10K,10K,adjective,build:pilot_ptpt_003_kaikki_adjadv:safe_promote,1,8279,,10K,C1,"vulnerável",1
3907,"legítimo","Что значит это слово?

legítimo","законный",10K,10K,adjective,build:pilot_ptpt_003_kaikki_adjadv:safe_promote,1,8355,,10K,C1,"legítimo",1
3908,"sábio","Что значит это слово?

sábio","осмотрительный",10K,10K,adjective,build:pilot_ptpt_003_kaikki_adjadv:safe_promote,1,8398,,10K,C1,"sábio",1
3910,setenta,"Что значит это слово?

setenta","семьдесят",10K,10K,adjective,build:pilot_ptpt_003_kaikki_adjadv:safe_promote,0,8540,,10K,C1,setenta,0
3911,"solitário","Что значит это слово?

solitário","одиночный",10K,10K,adjective,build:pilot_ptpt_003_kaikki_adjadv:safe_promote,0,8542,,10K,C1,"solitário",0
3912,racional,"Что значит это слово?

racional","рациональный",10K,10K,adjective,build:pilot_ptpt_003_kaikki_adjadv:safe_promote,0,8808,,10K,C1,racional,0
3913,aposentado,"Что значит это слово?

aposentado","отставной",10K,10K,adjective,build:pilot_ptpt_003_kaikki_adjadv:safe_promote,1,8849,,10K,C1,aposentado,1
3915,informal,"Что значит это слово?

informal","неформальный",10K,10K,adjective,build:pilot_ptpt_003_kaikki_adjadv:safe_promote,0,9701,,10K,C1,informal,0
3916,"aceitável","Что значит это слово?

aceitável","приемлемый",10K,10K,adjective,build:pilot_ptpt_003_kaikki_adjadv:safe_promote,1,9786,,10K,C1,"aceitável",1
3918,noventa,"Что значит это слово?

noventa","девяносто",20K,20K,adjective,build:pilot_ptpt_003_kaikki_adjadv:safe_promote,0,10055,,20K,C1,noventa,0
3920,"zoológico","Что значит это слово?

zoológico","зоопарк",20K,20K,adjective,build:pilot_ptpt_003_kaikki_adjadv:safe_promote,0,10111,,20K,C1,"zoológico",0
3922,muscular,"Что значит это слово?

muscular","мышечный",20K,20K,adjective,build:pilot_ptpt_003_kaikki_adjadv:safe_promote,0,10404,,20K,C1,muscular,0
3924,acelerado,"Что значит это слово?

acelerado","ускоренный",20K,20K,adjective,build:pilot_ptpt_003_kaikki_adjadv:safe_promote,1,10635,,20K,C1,acelerado,1
3925,"rígido","Что значит это слово?

rígido","твёрдый",20K,20K,adjective,build:pilot_ptpt_003_kaikki_adjadv:safe_promote,1,10786,,20K,C1,"rígido",1
3927,ignorante,"Что значит это слово?

ignorante","тёмный",20K,20K,adjective,build:pilot_ptpt_003_kaikki_adjadv:safe_promote,0,10905,,20K,C1,ignorante,0
3931,detalhado,"Что значит это слово?

detalhado","подробный",20K,20K,adjective,build:pilot_ptpt_003_kaikki_adjadv:safe_promote,1,11250,,20K,C1,detalhado,1
3933,"mediterrâneo","Что значит это слово?

mediterrâneo","средиземноморский",20K,20K,adjective,build:pilot_ptpt_003_kaikki_adjadv:safe_promote,1,11306,,20K,C1,"mediterrâneo",1
3940,amargo,"Что значит это слово?

amargo","кислый",20K,20K,adjective,build:pilot_ptpt_003_kaikki_adjadv:safe_promote,0,11579,,20K,C1,amargo,1
3941,deficiente,"Что значит это слово?

deficiente","инвалид",20K,20K,adjective,build:pilot_ptpt_003_kaikki_adjadv:safe_promote,1,11611,,20K,C1,deficiente,1
3947,generoso,"Что значит это слово?

generoso","широкий",20K,20K,adjective,build:pilot_ptpt_003_kaikki_adjadv:safe_promote,0,11887,,20K,C1,generoso,1
3951,letal,"Что значит это слово?

letal","летально",20K,20K,adjective,build:pilot_ptpt_003_kaikki_adjadv:safe_promote,0,12094,,20K,C2,letal,0
3953,junto,"Что значит это слово?

junto","вместе",1K,1K,adverb,build:pilot_ptpt_004_adverb_curated:safe_promote:deactivated_active_lemma_dedupe_20260314,0,521,,1K,A2,junto,0
3954,mal,"Что значит это слово?

mal","плохо",1K,1K,adverb,build:pilot_ptpt_004_adverb_curated:safe_promote:deactivated_active_lemma_dedupe_20260314,0,319,,1K,A1,mal,0
3955,pior,"Что значит это слово?

pior","хуже",1K,1K,adverb,build:pilot_ptpt_004_adverb_curated:safe_promote:deactivated_active_lemma_dedupe_20260314,0,745,,1K,A2,pior,0
3957,mal,"Что значит это слово?

mal","плохо",1K,1K,adverb,build:pilot_ptpt_005_adverb_tail_curated:safe_promote:deactivated_active_lemma_dedupe_20260314,0,319,,1K,A1,mal,0
3958,frequentemente,"Что значит это слово?

frequentemente","часто",5K,5K,adverb,build:pilot_ptpt_006_adverb_mid_curated:safe_promote,0,2200,,5K,B1,time_basic,1
3959,raramente,"Что значит это слово?

raramente","редко",5K,5K,adverb,build:pilot_ptpt_006_adverb_mid_curated:safe_promote,1,2300,,5K,B1,raramente,1
3960,geralmente,"Что значит это слово?

geralmente","обычно",5K,5K,adverb,build:pilot_ptpt_006_adverb_mid_curated:safe_promote,0,2400,,5K,B1,geralmente,1
3961,normalmente,"Что значит это слово?

normalmente","обычно",5K,5K,adverb,build:pilot_ptpt_006_adverb_mid_curated:safe_promote,0,2600,,5K,B1,normalmente,1
3962,especialmente,"Что значит это слово?

especialmente","особенно",5K,5K,adverb,build:pilot_ptpt_006_adverb_mid_curated:safe_promote,0,2800,,5K,B1,especialmente,1
3963,principalmente,"Что значит это слово?

principalmente","главным образом",5K,5K,adverb,build:pilot_ptpt_006_adverb_mid_curated:safe_promote,0,3000,,5K,B1,principalmente,1
3964,claramente,"Что значит это слово?

claramente","ясно",5K,5K,adverb,build:pilot_ptpt_006_adverb_mid_curated:safe_promote,0,3200,,5K,B1,claramente,1
3965,obviamente,"Что значит это слово?

obviamente","очевидно",5K,5K,adverb,build:pilot_ptpt_006_adverb_mid_curated:safe_promote,0,3400,,5K,B1,obviamente,1
3966,provavelmente,"Что значит это слово?

provavelmente","вероятно",5K,5K,adverb,build:pilot_ptpt_006_adverb_mid_curated:safe_promote,0,3600,,5K,B2,provavelmente,1
3967,possivelmente,"Что значит это слово?

possivelmente","возможно",5K,5K,adverb,build:pilot_ptpt_006_adverb_mid_curated:safe_promote,0,3800,,5K,B2,possivelmente,1
3968,rapidamente,"Что значит это слово?

rapidamente","быстро",5K,5K,adverb,build:pilot_ptpt_006_adverb_mid_curated:safe_promote,0,4000,,5K,B2,rapidamente,1
3969,lentamente,"Что значит это слово?

lentamente","медленно",5K,5K,adverb,build:pilot_ptpt_006_adverb_mid_curated:safe_promote,1,4200,,5K,B2,lentamente,1
3970,facilmente,"Что значит это слово?

facilmente","легко",5K,5K,adverb,build:pilot_ptpt_006_adverb_mid_curated:safe_promote,0,4500,,5K,B2,facilmente,1
3971,dificilmente,"Что значит это слово?

dificilmente","едва ли",5K,5K,adverb,build:pilot_ptpt_006_adverb_mid_curated:safe_promote,1,4700,,5K,B2,dificilmente,1
3972,cuidadosamente,"Что значит это слово?

cuidadosamente","осторожно",5K,5K,adverb,build:pilot_ptpt_006_adverb_mid_curated:safe_promote,0,5000,,5K,B2,cuidadosamente,0
3973,seriamente,"Что значит это слово?

seriamente","серьёзно",10K,10K,adverb,build:pilot_ptpt_006_adverb_mid_curated:safe_promote,0,5200,,10K,B2,seriamente,0
3974,simplesmente,"Что значит это слово?

simplesmente","просто",10K,10K,adverb,build:pilot_ptpt_006_adverb_mid_curated:safe_promote,1,5400,,10K,B2,simplesmente,1
3975,realmente,"Что значит это слово?

realmente","действительно",10K,10K,adverb,build:pilot_ptpt_006_adverb_mid_curated:safe_promote,1,5600,,10K,B2,realmente,1
3976,totalmente,"Что значит это слово?

totalmente","полностью",10K,10K,adverb,build:pilot_ptpt_006_adverb_mid_curated:safe_promote,0,5800,,10K,B2,totalmente,1
3977,parcialmente,"Что значит это слово?

parcialmente","частично",10K,10K,adverb,build:pilot_ptpt_006_adverb_mid_curated:safe_promote,0,6000,,10K,B2,time_basic,1
3978,bem,"Что значит это слово?

bem","благо",1K,1K,noun,build:pilot_ptpt_001_enriched:safe_promote_v2,0,54,,1K,A1,bem,0
3979,hoje,"Что значит это слово?

hoje","сегодня",1K,1K,noun,build:pilot_ptpt_001_enriched:safe_promote_v2,0,117,,1K,A1,time_basic,0
3980,pessoal,"Что значит это слово?

pessoal","штат",1K,1K,noun,build:pilot_ptpt_001_enriched:safe_promote_v2,0,445,,1K,A1,pessoal,0
3981,"português","Что значит это слово?

português","португальский",1K,1K,noun,build:pilot_ptpt_001_enriched:safe_promote_v2,0,541,,1K,A2,"português",0
3983,dever,"Что значит это слово?

dever","быть должным",5K,5K,verb,build:pilot_ptpt_002_kaikki_pos:safe_promote_v2,1,3068,,5K,B1,core_verbs,1
3984,melhor,"Что значит это слово?

melhor","лучший",1K,1K,adjective,build:pilot_ptpt_003_kaikki_adjadv:safe_promote_v2,0,95,,1K,A1,melhor,0
3985,militar,"Что значит это слово?

militar","военный",1K,1K,adjective,build:pilot_ptpt_003_kaikki_adjadv:safe_promote_v2,0,605,,1K,A2,militar,0
3986,"político","Что значит это слово?

político","политический",1K,1K,adjective,build:pilot_ptpt_003_kaikki_adjadv:safe_promote_v2,0,791,,1K,A2,"político",0
3987,velho,"Что значит это слово?

velho","старый",1K,1K,adjective,build:pilot_ptpt_003_kaikki_adjadv:safe_promote_v2,1,927,,1K,A2,velho,1
3988,comercial,"Что значит это слово?

comercial","торговый",2K,2K,adjective,build:pilot_ptpt_003_kaikki_adjadv:safe_promote_v2,1,1354,,2K,A2,comercial,0
3989,negro,"Что значит это слово?

negro","чёрный",2K,2K,adjective,build:pilot_ptpt_003_kaikki_adjadv:safe_promote_v2,1,1367,,2K,A2,negro,1
3990,"técnico","Что значит это слово?

técnico","технический",2K,2K,adjective,build:pilot_ptpt_003_kaikki_adjadv:safe_promote_v2,1,1413,,2K,A2,"técnico",1
3992,moral,"Что значит это слово?

moral","моральный",2K,2K,adjective,build:pilot_ptpt_003_kaikki_adjadv:safe_promote_v2,0,1755,,2K,B1,moral,0
3993,mau,"Что значит это слово?

mau","плохой",2K,2K,adjective,build:pilot_ptpt_003_kaikki_adjadv:safe_promote_v2,1,1936,,2K,B1,mau,1
3994,idiota,"Что значит это слово?

idiota","глупый",5K,5K,adjective,build:pilot_ptpt_003_kaikki_adjadv:safe_promote_v2,1,2191,,5K,B1,idiota,1
3995,"alemão","Что значит это слово?

alemão","немецкий",5K,5K,adjective,build:pilot_ptpt_003_kaikki_adjadv:safe_promote_v2,1,2348,,5K,B1,"alemão",1
3996,italiano,"Что значит это слово?

italiano","итальянский",5K,5K,adjective,build:pilot_ptpt_003_kaikki_adjadv:safe_promote_v2,0,3088,,5K,B1,italiano,0
3997,ideal,"Что значит это слово?

ideal","идеальный",5K,5K,adjective,build:pilot_ptpt_003_kaikki_adjadv:safe_promote_v2,0,3145,,5K,B1,ideal,0
3998,positivo,"Что значит это слово?

positivo","несомненный",5K,5K,adjective,build:pilot_ptpt_003_kaikki_adjadv:safe_promote_v2,0,3163,,5K,B1,positivo,0
3999,condenado,"Что значит это слово?

condenado","приговорённый",5K,5K,adjective,build:pilot_ptpt_003_kaikki_adjadv:safe_promote_v2,1,3190,,5K,B1,condenado,1
4000,regular,"Что значит это слово?

regular","правильный",5K,5K,adjective,build:pilot_ptpt_003_kaikki_adjadv:safe_promote_v2,0,3285,,5K,B1,regular,0
4001,comunista,"Что значит это слово?

comunista","коммунистический",5K,5K,adjective,build:pilot_ptpt_003_kaikki_adjadv:safe_promote_v2,0,3381,,5K,B1,comunista,0
4003,negativo,"Что значит это слово?

negativo","отрицательный",5K,5K,adjective,build:pilot_ptpt_003_kaikki_adjadv:safe_promote_v2,0,4164,,5K,B2,negativo,0
4004,"mágico","Что значит это слово?

mágico","волшебный",10K,10K,adjective,build:pilot_ptpt_003_kaikki_adjadv:safe_promote_v2,1,5116,,10K,B2,"mágico",1
4005,aliado,"Что значит это слово?

aliado","союзный",10K,10K,adjective,build:pilot_ptpt_003_kaikki_adjadv:safe_promote_v2,1,5163,,10K,B2,aliado,1
4006,cinza,"Что значит это слово?

cinza","серый",10K,10K,adjective,build:pilot_ptpt_003_kaikki_adjadv:safe_promote_v2,0,5392,,10K,B2,cinza,0
4007,concreto,"Что значит это слово?

concreto","конкретный",10K,10K,adjective,build:pilot_ptpt_003_kaikki_adjadv:safe_promote_v2,1,5507,,10K,B2,concreto,1
4008,mexicano,"Что значит это слово?

mexicano","мексиканский",10K,10K,adjective,build:pilot_ptpt_003_kaikki_adjadv:safe_promote_v2,0,5552,,10K,B2,mexicano,0
4009,bruto,"Что значит это слово?

bruto","шумливый",10K,10K,adjective,build:pilot_ptpt_003_kaikki_adjadv:safe_promote_v2,1,5918,,10K,B2,bruto,1
4011,funeral,"Что значит это слово?

funeral","похоронный",10K,10K,adjective,build:pilot_ptpt_003_kaikki_adjadv:safe_promote_v2,0,7414,,10K,C1,funeral,0
4012,singular,"Что значит это слово?

singular","единственный",10K,10K,adjective,build:pilot_ptpt_003_kaikki_adjadv:safe_promote_v2,1,7697,,10K,C1,singular,1
4013,noturno,"Что значит это слово?

noturno","ночной",10K,10K,adjective,build:pilot_ptpt_003_kaikki_adjadv:safe_promote_v2,1,7955,,10K,C1,noturno,1
4014,"químico","Что значит это слово?

químico","химический",10K,10K,adjective,build:pilot_ptpt_003_kaikki_adjadv:safe_promote_v2,1,8528,,10K,C1,"químico",1
4015,"variável","Что значит это слово?

variável","изменяемый",10K,10K,adjective,build:pilot_ptpt_003_kaikki_adjadv:safe_promote_v2,1,8981,,10K,C1,"variável",1
4016,cardeal,"Что значит это слово?

cardeal","основной",10K,10K,adjective,build:pilot_ptpt_003_kaikki_adjadv:safe_promote_v2,0,9969,,10K,C1,cardeal,0
4019,junto,"Что значит это слово?

junto","вместе",1K,1K,adverb,build:pilot_ptpt_004_adverb_curated:safe_promote_v2,1,521,,1K,A2,junto,1
4020,mal,"Что значит это слово?

mal","плохо",1K,1K,adverb,build:pilot_ptpt_004_adverb_curated:safe_promote_v2,1,319,,1K,A1,mal,0
4021,pior,"Что значит это слово?

pior","хуже",1K,1K,adverb,build:pilot_ptpt_004_adverb_curated:safe_promote_v2,1,745,,1K,A2,pior,0
4022,passaram,passaram,passaram,B3,B3,noun,freq_corpus,0,2001,A2,B3,B1,passaram,0
4023,treinador,treinador,treinador,B3,B3,noun,freq_corpus,0,2002,A2,B3,B1,treinador,0
4024,voltas,voltas,voltas,B3,B3,noun,freq_corpus,0,2003,A2,B3,B1,voltas,0
4025,anteriormente,anteriormente,anteriormente,B3,B3,noun,freq_corpus,0,2004,A2,B3,B1,anteriormente,0
4026,cia,cia,cia,B3,B3,noun,freq_corpus,0,2005,A2,B3,B1,cia,0
4027,chamadas,chamadas,chamadas,B3,B3,noun,freq_corpus,0,2007,A2,B3,B1,chamadas,0
4028,quisesse,quisesse,quisesse,B3,B3,noun,freq_corpus,0,2008,A2,B3,B1,quisesse,0
4029,duma,duma,duma,B3,B3,noun,freq_corpus,0,2009,A2,B3,B1,duma,0
4030,"crédito","crédito","crédito",B3,B3,noun,freq_corpus,0,2010,A2,B3,B1,"crédito",0
4031,desligar,desligar,desligar,B3,B3,noun,freq_corpus,0,2011,A2,B3,B1,desligar,0
4032,projecto,projecto,projecto,B3,B3,noun,freq_corpus,0,2013,A2,B3,B1,projecto,0
4033,"dão","dão","dão",B3,B3,noun,freq_corpus,0,2014,A2,B3,B1,"dão",0
4034,importantes,importantes,importantes,B3,B3,noun,freq_corpus,0,2015,A2,B3,B1,importantes,0
4035,escreveu,escreveu,escreveu,B3,B3,noun,freq_corpus,0,2017,A2,B3,B1,escreveu,0
4036,"câmaras","câmaras","câmaras",B3,B3,noun,freq_corpus,0,2018,A2,B3,B1,"câmaras",0
4037,cancro,cancro,cancro,B3,B3,noun,freq_corpus,0,2019,A2,B3,B1,cancro,0
4038,obter,obter,obter,B3,B3,noun,freq_corpus,0,2022,A2,B3,B1,obter,0
4039,credo,credo,credo,B3,B3,noun,freq_corpus,0,2024,A2,B3,B1,credo,0
4040,"próximos","próximos","próximos",B3,B3,noun,freq_corpus,0,2025,A2,B3,B1,"próximos",0
4041,cavalheiros,cavalheiros,cavalheiros,B3,B3,noun,freq_corpus,0,2026,A2,B3,B1,cavalheiros,0
4042,carter,carter,carter,B3,B3,noun,freq_corpus,0,2027,A2,B3,B1,carter,0
4043,andando,andando,andando,B3,B3,noun,freq_corpus,0,2028,A2,B3,B1,andando,0
4044,encontra,encontra,encontra,B3,B3,noun,freq_corpus,0,2029,A2,B3,B1,encontra,0
4045,fossem,fossem,fossem,B3,B3,noun,freq_corpus,0,2031,A2,B3,B1,fossem,0
4046,desaparece,desaparece,desaparece,B3,B3,noun,freq_corpus,0,2032,A2,B3,B1,desaparece,0
4047,perfeitamente,perfeitamente,perfeitamente,B3,B3,noun,freq_corpus,0,2033,A2,B3,B1,perfeitamente,0
4048,objectivo,objectivo,objectivo,B3,B3,noun,freq_corpus,0,2034,A2,B3,B1,objectivo,0
4049,partes,partes,partes,B3,B3,noun,freq_corpus,0,2035,A2,B3,B1,partes,0
4050,ultimamente,ultimamente,ultimamente,B3,B3,noun,freq_corpus,0,2036,A2,B3,B1,ultimamente,0
4051,"pedaço","pedaço","pedaço",B3,B3,noun,freq_corpus,0,2037,A2,B3,B1,"pedaço",0
4052,assuntos,assuntos,assuntos,B3,B3,noun,freq_corpus,0,2038,A2,B3,B1,assuntos,0
4053,reino,reino,reino,B3,B3,noun,freq_corpus,0,2042,A2,B3,B1,reino,0
4054,diante,diante,diante,B3,B3,noun,freq_corpus,0,2044,A2,B3,B1,diante,0
4055,grave,grave,grave,B3,B3,noun,freq_corpus,0,2045,A2,B3,B1,grave,0
4056,aspecto,aspecto,aspecto,B3,B3,noun,freq_corpus,0,2046,A2,B3,B1,aspecto,0
4057,membros,membros,membros,B3,B3,noun,freq_corpus,0,2047,A2,B3,B1,membros,0
4058,deixem,deixem,deixem,B3,B3,noun,freq_corpus,0,2052,A2,B3,B1,deixem,0
4059,"hipóteses","hipóteses","hipóteses",B3,B3,noun,freq_corpus,0,2053,A2,B3,B1,"hipóteses",0
4060,crer,crer,crer,B3,B3,noun,freq_corpus,0,2054,A2,B3,B1,crer,0
4061,ovos,ovos,ovos,B3,B3,noun,freq_corpus,0,2055,A2,B3,B1,ovos,0
4062,usou,usou,usou,B3,B3,noun,freq_corpus,0,2056,A2,B3,B1,usou,0
4063,imagens,imagens,imagens,B3,B3,noun,freq_corpus,0,2061,A2,B3,B1,imagens,0
4064,pesquisa,pesquisa,pesquisa,B3,B3,noun,freq_corpus,0,2063,A2,B3,B1,pesquisa,0
4065,cheira,cheira,cheira,B3,B3,noun,freq_corpus,0,2064,A2,B3,B1,cheira,0
4066,centenas,centenas,centenas,B3,B3,noun,freq_corpus,0,2065,A2,B3,B1,centenas,0
4067,anna,anna,anna,B3,B3,noun,freq_corpus,0,2066,A2,B3,B1,anna,0
4068,pertence,pertence,pertence,B3,B3,noun,freq_corpus,0,2067,A2,B3,B1,pertence,0
4069,abra,abra,abra,B3,B3,noun,freq_corpus,0,2068,A2,B3,B1,abra,0
4070,amigas,amigas,amigas,B3,B3,noun,freq_corpus,0,2071,A2,B3,B1,amigas,0
4071,ficaram,ficaram,ficaram,B3,B3,noun,freq_corpus,0,2072,A2,B3,B1,ficaram,0
4072,viajar,viajar,viajar,B3,B3,noun,freq_corpus,0,2073,A2,B3,B1,viajar,0
4073,presos,presos,presos,B3,B3,noun,freq_corpus,0,2075,A2,B3,B1,presos,0
4074,vemos,vemos,vemos,B3,B3,noun,freq_corpus,0,2076,A2,B3,B1,vemos,0
4075,entendi,entendi,entendi,B3,B3,noun,freq_corpus,0,2077,A2,B3,B1,entendi,0
4076,giro,giro,giro,B3,B3,noun,freq_corpus,0,2078,A2,B3,B1,giro,0
4077,"útil","útil","útil",B3,B3,noun,freq_corpus,0,2079,A2,B3,B1,"útil",0
4078,maldita,maldita,maldita,B3,B3,noun,freq_corpus,0,2080,A2,B3,B1,maldita,0
4079,leo,leo,leo,B3,B3,noun,freq_corpus,0,2081,A2,B3,B1,leo,0
4080,tempestade,tempestade,tempestade,B3,B3,noun,freq_corpus,0,2084,A2,B3,B1,tempestade,0
4081,sofrer,sofrer,sofrer,B3,B3,noun,freq_corpus,0,2085,A2,B3,B1,sofrer,0
4082,fortes,fortes,fortes,B3,B3,noun,freq_corpus,0,2086,A2,B3,B1,fortes,0
4083,jamais,jamais,jamais,B3,B3,noun,freq_corpus,0,2087,A2,B3,B1,jamais,0
4084,andy,andy,andy,B3,B3,noun,freq_corpus,0,2088,A2,B3,B1,andy,0
4085,dave,dave,dave,B3,B3,noun,freq_corpus,0,2089,A2,B3,B1,dave,0
4086,lembra,lembra,lembra,B3,B3,noun,freq_corpus,0,2090,A2,B3,B1,lembra,0
4087,falso,falso,falso,B3,B3,noun,freq_corpus,0,2091,A2,B3,B1,falso,0
4088,loucos,loucos,loucos,B3,B3,noun,freq_corpus,0,2092,A2,B3,B1,loucos,0
4089,vencer,vencer,vencer,B3,B3,noun,freq_corpus,0,2093,A2,B3,B1,vencer,0
4090,paga,paga,paga,B3,B3,noun,freq_corpus,0,2094,A2,B3,B1,paga,0
4091,"protecção","protecção","protecção",B3,B3,noun,freq_corpus,0,2096,A2,B3,B1,"protecção",0
4092,adorava,adorava,adorava,B3,B3,noun,freq_corpus,0,2097,A2,B3,B1,adorava,0
4093,escrito,escrito,escrito,B3,B3,noun,freq_corpus,0,2099,A2,B3,B1,escrito,0
4094,simon,simon,simon,B3,B3,noun,freq_corpus,0,2100,A2,B3,B1,simon,0
4095,admitir,admitir,admitir,B3,B3,noun,freq_corpus,0,2101,A2,B3,B1,admitir,0
4096,los,los,los,B3,B3,noun,freq_corpus,0,2102,A2,B3,B1,los,0
4097,annie,annie,annie,B3,B3,noun,freq_corpus,0,2103,A2,B3,B1,annie,0
4098,negra,negra,negra,B3,B3,noun,freq_corpus,0,2104,A2,B3,B1,negra,0
4099,kyle,kyle,kyle,B3,B3,noun,freq_corpus,0,2105,A2,B3,B1,kyle,0
4100,deuses,deuses,deuses,B3,B3,noun,freq_corpus,0,2106,A2,B3,B1,deuses,0
4101,"últimas","últimas","últimas",B3,B3,noun,freq_corpus,0,2107,A2,B3,B1,"últimas",0
4102,carl,carl,carl,B3,B3,noun,freq_corpus,0,2108,A2,B3,B1,carl,0
4103,assalto,assalto,assalto,B3,B3,noun,freq_corpus,0,2109,A2,B3,B1,assalto,0
4104,alerta,alerta,alerta,B3,B3,noun,freq_corpus,0,2110,A2,B3,B1,alerta,0
4105,pensaste,pensaste,pensaste,B3,B3,noun,freq_corpus,0,2112,A2,B3,B1,pensaste,0
4106,roma,roma,roma,B3,B3,noun,freq_corpus,0,2114,A2,B3,B1,roma,0
4107,"famílias","famílias","famílias",B3,B3,noun,freq_corpus,0,2115,A2,B3,B1,"famílias",0
4108,completo,completo,completo,B3,B3,noun,freq_corpus,0,2116,A2,B3,B1,completo,0
4109,fiques,fiques,fiques,B3,B3,noun,freq_corpus,0,2117,A2,B3,B1,fiques,0
4110,tratamento,tratamento,tratamento,B3,B3,noun,freq_corpus,0,2118,A2,B3,B1,tratamento,0
4111,acredite,acredite,acredite,B3,B3,noun,freq_corpus,0,2119,A2,B3,B1,acredite,0
4112,maus,maus,maus,B3,B3,noun,freq_corpus,0,2120,A2,B3,B1,maus,0
4113,dizendo,dizendo,dizendo,B3,B3,noun,freq_corpus,0,2121,A2,B3,B1,dizendo,0
4114,chicago,chicago,chicago,B3,B3,noun,freq_corpus,0,2122,A2,B3,B1,chicago,0
4115,enganado,enganado,enganado,B3,B3,noun,freq_corpus,0,2123,A2,B3,B1,enganado,0
4116,"saí","saí","saí",B3,B3,noun,freq_corpus,0,2125,A2,B3,B1,"saí",0
4117,farto,farto,farto,B3,B3,noun,freq_corpus,0,2126,A2,B3,B1,farto,0
4118,ted,ted,ted,B3,B3,noun,freq_corpus,0,2127,A2,B3,B1,ted,0
4119,resultar,resultar,resultar,B3,B3,noun,freq_corpus,0,2130,A2,B3,B1,resultar,0
4120,locais,locais,locais,B3,B3,noun,freq_corpus,0,2131,A2,B3,B1,locais,0
4121,eis,eis,eis,B3,B3,noun,freq_corpus,0,2132,A2,B3,B1,eis,0
4122,percebe,percebe,percebe,B3,B3,noun,freq_corpus,0,2133,A2,B3,B1,percebe,0
4123,tentando,tentando,tentando,B3,B3,noun,freq_corpus,0,2135,A2,B3,B1,tentando,0
4124,"impressões","impressões","impressões",B3,B3,noun,freq_corpus,0,2136,A2,B3,B1,"impressões",0
4125,bebidas,bebidas,bebidas,B3,B3,noun,freq_corpus,0,2138,A2,B3,B1,bebidas,0
4126,ossos,ossos,ossos,B3,B3,noun,freq_corpus,0,2139,A2,B3,B1,ossos,0
4127,companheiro,companheiro,companheiro,B3,B3,noun,freq_corpus,0,2140,A2,B3,B1,companheiro,0
4128,pequenas,pequenas,pequenas,B3,B3,noun,freq_corpus,0,2141,A2,B3,B1,pequenas,0
4129,enfrentar,enfrentar,enfrentar,B3,B3,noun,freq_corpus,0,2142,A2,B3,B1,enfrentar,0
4130,testemunhas,testemunhas,testemunhas,B3,B3,noun,freq_corpus,0,2143,A2,B3,B1,testemunhas,0
4131,quieto,quieto,quieto,B3,B3,noun,freq_corpus,0,2144,A2,B3,B1,quieto,0
4132,discurso,discurso,discurso,B3,B3,noun,freq_corpus,0,2146,A2,B3,B1,discurso,0
4133,liceu,liceu,liceu,B3,B3,noun,freq_corpus,0,2147,A2,B3,B1,liceu,0
4134,compras,compras,compras,B3,B3,noun,freq_corpus,0,2149,A2,B3,B1,compras,0
4135,houver,houver,houver,B3,B3,noun,freq_corpus,0,2150,A2,B3,B1,houver,0
4136,"serás","serás","serás",B3,B3,noun,freq_corpus,0,2153,A2,B3,B1,"serás",0
4137,tretas,tretas,tretas,B3,B3,noun,freq_corpus,0,2155,A2,B3,B1,tretas,0
4138,voce,voce,voce,B3,B3,noun,freq_corpus,0,2156,A2,B3,B1,voce,0
4139,"génio","génio","génio",B3,B3,noun,freq_corpus,0,2160,A2,B3,B1,"génio",0
4140,primeiros,primeiros,primeiros,B3,B3,noun,freq_corpus,0,2161,A2,B3,B1,primeiros,0
4141,terceira,terceira,terceira,B3,B3,noun,freq_corpus,0,2162,A2,B3,B1,terceira,0
4142,ganhou,ganhou,ganhou,B3,B3,noun,freq_corpus,0,2163,A2,B3,B1,ganhou,0
4143,colegas,colegas,colegas,B3,B3,noun,freq_corpus,0,2164,A2,B3,B1,colegas,0
4144,kelly,kelly,kelly,B3,B3,noun,freq_corpus,0,2165,A2,B3,B1,kelly,0
4145,crimes,crimes,crimes,B3,B3,noun,freq_corpus,0,2166,A2,B3,B1,crimes,0
4146,"começaram","começaram","começaram",B3,B3,noun,freq_corpus,0,2168,A2,B3,B1,"começaram",0
4147,merdas,merdas,merdas,B3,B3,noun,freq_corpus,0,2169,A2,B3,B1,merdas,0
4148,mesmos,mesmos,mesmos,B3,B3,noun,freq_corpus,0,2170,A2,B3,B1,mesmos,0
4149,"caraças","caraças","caraças",B3,B3,noun,freq_corpus,0,2171,A2,B3,B1,"caraças",0
4150,erros,erros,erros,B3,B3,noun,freq_corpus,0,2174,A2,B3,B1,erros,0
4151,definitivamente,definitivamente,definitivamente,B3,B3,noun,freq_corpus,0,2175,A2,B3,B1,definitivamente,0
4152,muda,muda,muda,B3,B3,noun,freq_corpus,0,2176,A2,B3,B1,muda,0
4153,entrem,entrem,entrem,B3,B3,noun,freq_corpus,0,2177,A2,B3,B1,entrem,0
4154,aprendi,aprendi,aprendi,B3,B3,noun,freq_corpus,0,2178,A2,B3,B1,aprendi,0
4155,envolvido,envolvido,envolvido,B3,B3,noun,freq_corpus,0,2180,A2,B3,B1,envolvido,0
4156,"condições","condições","condições",B3,B3,noun,freq_corpus,0,2181,A2,B3,B1,"condições",0
4157,ponha,ponha,ponha,B3,B3,noun,freq_corpus,0,2182,A2,B3,B1,ponha,0
4158,"relações","relações","relações",B3,B3,noun,freq_corpus,0,2183,A2,B3,B1,"relações",0
4159,chamam,chamam,chamam,B3,B3,noun,freq_corpus,0,2184,A2,B3,B1,chamam,0
4160,sean,sean,sean,B3,B3,noun,freq_corpus,0,2185,A2,B3,B1,sean,0
4161,guardar,guardar,guardar,B3,B3,noun,freq_corpus,0,2186,A2,B3,B1,guardar,0
4162,desaparecido,desaparecido,desaparecido,B3,B3,noun,freq_corpus,0,2187,A2,B3,B1,desaparecido,0
4163,fraco,fraco,fraco,B3,B3,noun,freq_corpus,0,2189,A2,B3,B1,fraco,0
4164,mensagens,mensagens,mensagens,B3,B3,noun,freq_corpus,0,2191,A2,B3,B1,mensagens,0
4165,"méxico","méxico","méxico",B3,B3,noun,freq_corpus,0,2192,A2,B3,B1,"méxico",0
4166,emma,emma,emma,B3,B3,noun,freq_corpus,0,2193,A2,B3,B1,emma,0
4167,"vêem","vêem","vêem",B3,B3,noun,freq_corpus,0,2194,A2,B3,B1,"vêem",0
4168,registo,registo,registo,B3,B3,noun,freq_corpus,0,2195,A2,B3,B1,registo,0
4169,penses,penses,penses,B3,B3,noun,freq_corpus,0,2196,A2,B3,B1,penses,0
4170,topo,topo,topo,B3,B3,noun,freq_corpus,0,2198,A2,B3,B1,topo,0
4171,william,william,william,B3,B3,noun,freq_corpus,0,2199,A2,B3,B1,william,0
4172,"prémio","prémio","prémio",B3,B3,noun,freq_corpus,0,2200,A2,B3,B1,"prémio",0
4173,duvido,duvido,duvido,B3,B3,noun,freq_corpus,0,2203,A2,B3,B1,duvido,0
4174,confio,confio,confio,B3,B3,noun,freq_corpus,0,2204,A2,B3,B1,confio,0
4175,"bêbado","bêbado","bêbado",B3,B3,noun,freq_corpus,0,2206,A2,B3,B1,"bêbado",0
4176,abby,abby,abby,B3,B3,noun,freq_corpus,0,2207,A2,B3,B1,abby,0
4177,venda,venda,venda,B3,B3,noun,freq_corpus,0,2208,A2,B3,B1,venda,0
4178,apaixonado,apaixonado,apaixonado,B3,B3,noun,freq_corpus,0,2209,A2,B3,B1,apaixonado,0
4179,deixaste,deixaste,deixaste,B3,B3,noun,freq_corpus,0,2210,A2,B3,B1,deixaste,0
4180,"ladrão","ladrão","ladrão",B3,B3,noun,freq_corpus,0,2212,A2,B3,B1,"ladrão",0
4181,fizesse,fizesse,fizesse,B3,B3,noun,freq_corpus,0,2214,A2,B3,B1,fizesse,0
4182,pensado,pensado,pensado,B3,B3,noun,freq_corpus,0,2215,A2,B3,B1,pensado,0
4183,irmos,irmos,irmos,B3,B3,noun,freq_corpus,0,2216,A2,B3,B1,irmos,0
4184,deitar,deitar,deitar,B3,B3,noun,freq_corpus,0,2217,A2,B3,B1,deitar,0
4185,balas,balas,balas,B3,B3,noun,freq_corpus,0,2219,A2,B3,B1,balas,0
4186,york,york,york,B3,B3,noun,freq_corpus,0,2220,A2,B3,B1,york,0
4187,cofre,cofre,cofre,B3,B3,noun,freq_corpus,0,2221,A2,B3,B1,cofre,0
4188,torna,torna,torna,B3,B3,noun,freq_corpus,0,2222,A2,B3,B1,torna,0
4189,comunidade,comunidade,comunidade,B3,B3,noun,freq_corpus,0,2223,A2,B3,B1,comunidade,0
4190,recebeu,recebeu,recebeu,B3,B3,noun,freq_corpus,0,2225,A2,B3,B1,recebeu,0
4191,detalhes,detalhes,detalhes,B3,B3,noun,freq_corpus,0,2226,A2,B3,B1,detalhes,0
4192,social,social,social,B3,B3,noun,freq_corpus,0,2227,A2,B3,B1,social,0
4193,ficado,ficado,ficado,B3,B3,noun,freq_corpus,0,2228,A2,B3,B1,ficado,0
4194,casal,casal,casal,B3,B3,noun,freq_corpus,0,2229,A2,B3,B1,casal,0
4195,phil,phil,phil,B3,B3,noun,freq_corpus,0,2230,A2,B3,B1,phil,0
4196,mandado,mandado,mandado,B3,B3,noun,freq_corpus,0,2231,A2,B3,B1,mandado,0
4197,falaste,falaste,falaste,B3,B3,noun,freq_corpus,0,2232,A2,B3,B1,falaste,0
4198,"califórnia","califórnia","califórnia",B3,B3,noun,freq_corpus,0,2233,A2,B3,B1,"califórnia",0
4199,ganha,ganha,ganha,B3,B3,noun,freq_corpus,0,2234,A2,B3,B1,ganha,0
4200,resta,resta,resta,B3,B3,noun,freq_corpus,0,2235,A2,B3,B1,resta,0
4201,perdeste,perdeste,perdeste,B3,B3,noun,freq_corpus,0,2236,A2,B3,B1,perdeste,0
4202,orgulhoso,orgulhoso,orgulhoso,B3,B3,noun,freq_corpus,0,2237,A2,B3,B1,orgulhoso,0
4203,aguenta,aguenta,aguenta,B3,B3,noun,freq_corpus,0,2238,A2,B3,B1,aguenta,0
4204,fecha,fecha,fecha,B3,B3,noun,freq_corpus,0,2239,A2,B3,B1,fecha,0
4205,percebeste,percebeste,percebeste,B3,B3,noun,freq_corpus,0,2241,A2,B3,B1,percebeste,0
4206,saibas,saibas,saibas,B3,B3,noun,freq_corpus,0,2242,A2,B3,B1,saibas,0
4207,"pôs","pôs","pôs",B3,B3,noun,freq_corpus,0,2243,A2,B3,B1,"pôs",0
4208,passe,passe,passe,B3,B3,noun,freq_corpus,0,2244,A2,B3,B1,passe,0
4209,comportamento,comportamento,comportamento,B3,B3,noun,freq_corpus,0,2245,A2,B3,B1,comportamento,0
4210,arriscar,arriscar,arriscar,B3,B3,noun,freq_corpus,0,2246,A2,B3,B1,arriscar,0
4211,incluindo,incluindo,incluindo,B3,B3,noun,freq_corpus,0,2247,A2,B3,B1,incluindo,0
4212,estiveres,estiveres,estiveres,B3,B3,noun,freq_corpus,0,2248,A2,B3,B1,estiveres,0
4213,quiserem,quiserem,quiserem,B3,B3,noun,freq_corpus,0,2250,A2,B3,B1,quiserem,0
4214,possas,possas,possas,B3,B3,noun,freq_corpus,0,2251,A2,B3,B1,possas,0
4215,faremos,faremos,faremos,B3,B3,noun,freq_corpus,0,2253,A2,B3,B1,faremos,0
4216,sarilhos,sarilhos,sarilhos,B3,B3,noun,freq_corpus,0,2254,A2,B3,B1,sarilhos,0
4217,estares,estares,estares,B3,B3,noun,freq_corpus,0,2255,A2,B3,B1,estares,0
4218,deram,deram,deram,B3,B3,noun,freq_corpus,0,2256,A2,B3,B1,deram,0
4219,"autorização","autorização","autorização",B3,B3,noun,freq_corpus,0,2257,A2,B3,B1,"autorização",0
4220,lavar,lavar,lavar,B3,B3,noun,freq_corpus,0,2259,A2,B3,B1,lavar,0
4221,disposto,disposto,disposto,B3,B3,noun,freq_corpus,0,2260,A2,B3,B1,disposto,0
4222,limpa,limpa,limpa,B3,B3,noun,freq_corpus,0,2261,A2,B3,B1,limpa,0
4223,custa,custa,custa,B3,B3,noun,freq_corpus,0,2262,A2,B3,B1,custa,0
4224,perguntei,perguntei,perguntei,B3,B3,noun,freq_corpus,0,2263,A2,B3,B1,perguntei,0
4225,zero,zero,zero,B3,B3,noun,freq_corpus,0,2264,A2,B3,B1,zero,0
4226,"terão","terão","terão",B3,B3,noun,freq_corpus,0,2265,A2,B3,B1,"terão",0
4227,digamos,digamos,digamos,B3,B3,noun,freq_corpus,0,2266,A2,B3,B1,digamos,0
4228,assustador,assustador,assustador,B3,B3,noun,freq_corpus,0,2268,A2,B3,B1,assustador,0
4229,"princípio","princípio","princípio",B3,B3,noun,freq_corpus,0,2270,A2,B3,B1,"princípio",0
4230,larry,larry,larry,B3,B3,noun,freq_corpus,0,2271,A2,B3,B1,larry,0
4231,alice,alice,alice,B3,B3,noun,freq_corpus,0,2274,A2,B3,B1,alice,0
4232,"peças","peças","peças",B3,B3,noun,freq_corpus,0,2275,A2,B3,B1,"peças",0
4233,"dói","dói","dói",B3,B3,noun,freq_corpus,0,2276,A2,B3,B1,"dói",0
4234,"idéia","idéia","idéia",B3,B3,noun,freq_corpus,0,2277,A2,B3,B1,"idéia",0
4235,mundial,mundial,mundial,B3,B3,noun,freq_corpus,0,2278,A2,B3,B1,mundial,0
4236,continuo,continuo,continuo,B3,B3,noun,freq_corpus,0,2282,A2,B3,B1,continuo,0
4237,entrei,entrei,entrei,B3,B3,noun,freq_corpus,0,2283,A2,B3,B1,entrei,0
4238,avisar,avisar,avisar,B3,B3,noun,freq_corpus,0,2284,A2,B3,B1,avisar,0
4239,acabaram,acabaram,acabaram,B3,B3,noun,freq_corpus,0,2285,A2,B3,B1,acabaram,0
4240,mataste,mataste,mataste,B3,B3,noun,freq_corpus,0,2286,A2,B3,B1,mataste,0
4241,dean,dean,dean,B3,B3,noun,freq_corpus,0,2288,A2,B3,B1,dean,0
4242,jackson,jackson,jackson,B3,B3,noun,freq_corpus,0,2289,A2,B3,B1,jackson,0
4243,decidiu,decidiu,decidiu,B3,B3,noun,freq_corpus,0,2290,A2,B3,B1,decidiu,0
4244,nota,nota,nota,B3,B3,noun,freq_corpus,0,2291,A2,B3,B1,nota,0
4245,armadilha,armadilha,armadilha,B3,B3,noun,freq_corpus,0,2294,A2,B3,B1,armadilha,0
4246,marcas,marcas,marcas,B3,B3,noun,freq_corpus,0,2295,A2,B3,B1,marcas,0
4247,documentos,documentos,documentos,B3,B3,noun,freq_corpus,0,2296,A2,B3,B1,documentos,0
4248,cansada,cansada,cansada,B3,B3,noun,freq_corpus,0,2297,A2,B3,B1,cansada,0
4249,recentemente,recentemente,recentemente,B3,B3,noun,freq_corpus,0,2298,A2,B3,B1,recentemente,0
4250,trabalhos,trabalhos,trabalhos,B3,B3,noun,freq_corpus,0,2299,A2,B3,B1,trabalhos,0
4251,falam,falam,falam,B3,B3,noun,freq_corpus,0,2300,A2,B3,B1,falam,0
4252,susan,susan,susan,B3,B3,noun,freq_corpus,0,2301,A2,B3,B1,susan,0
4253,detesto,detesto,detesto,B3,B3,noun,freq_corpus,0,2302,A2,B3,B1,detesto,0
4254,karen,karen,karen,B3,B3,noun,freq_corpus,0,2303,A2,B3,B1,karen,0
4255,lucy,lucy,lucy,B3,B3,noun,freq_corpus,0,2304,A2,B3,B1,lucy,0
4256,entretanto,entretanto,entretanto,B3,B3,noun,freq_corpus,0,2305,A2,B3,B1,entretanto,0
4257,morrido,morrido,morrido,B3,B3,noun,freq_corpus,0,2306,A2,B3,B1,morrido,0
4258,"árvores","árvores","árvores",B3,B3,noun,freq_corpus,0,2307,A2,B3,B1,"árvores",0
4259,trabalhava,trabalhava,trabalhava,B3,B3,noun,freq_corpus,0,2308,A2,B3,B1,trabalhava,0
4260,truque,truque,truque,B3,B3,noun,freq_corpus,0,2310,A2,B3,B1,truque,0
4261,tendo,tendo,tendo,B3,B3,noun,freq_corpus,0,2311,A2,B3,B1,tendo,0
4262,estaremos,estaremos,estaremos,B3,B3,noun,freq_corpus,0,2312,A2,B3,B1,estaremos,0
4263,alan,alan,alan,B3,B3,noun,freq_corpus,0,2315,A2,B3,B1,alan,0
4264,ires,ires,ires,B3,B3,noun,freq_corpus,0,2317,A2,B3,B1,ires,0
4265,legendas,legendas,legendas,B3,B3,noun,freq_corpus,0,2318,A2,B3,B1,legendas,0
4266,dura,dura,dura,B3,B3,noun,freq_corpus,0,2320,A2,B3,B1,dura,0
4267,compreender,compreender,compreender,B3,B3,noun,freq_corpus,0,2322,A2,B3,B1,compreender,0
4268,sozinhos,sozinhos,sozinhos,B3,B3,noun,freq_corpus,0,2323,A2,B3,B1,sozinhos,0
4269,"rápida","rápida","rápida",B3,B3,noun,freq_corpus,0,2324,A2,B3,B1,"rápida",0
4270,segue,segue,segue,B3,B3,noun,freq_corpus,0,2325,A2,B3,B1,segue,0
4271,new,new,new,B3,B3,noun,freq_corpus,0,2326,A2,B3,B1,new,0
4272,tirou,tirou,tirou,B3,B3,noun,freq_corpus,0,2328,A2,B3,B1,tirou,0
4273,necessidade,necessidade,necessidade,B3,B3,noun,freq_corpus,0,2329,A2,B3,B1,necessidade,0
4274,maravilhosa,maravilhosa,maravilhosa,B3,B3,noun,freq_corpus,0,2330,A2,B3,B1,maravilhosa,0
4275,arthur,arthur,arthur,B3,B3,noun,freq_corpus,0,2331,A2,B3,B1,arthur,0
4276,particular,particular,particular,B3,B3,noun,freq_corpus,0,2332,A2,B3,B1,particular,0
4277,mentiras,mentiras,mentiras,B3,B3,noun,freq_corpus,0,2333,A2,B3,B1,mentiras,0
4278,angeles,angeles,angeles,B3,B3,noun,freq_corpus,0,2334,A2,B3,B1,angeles,0
4279,torre,torre,torre,B3,B3,noun,freq_corpus,0,2336,A2,B3,B1,torre,0
4280,pacientes,pacientes,pacientes,B3,B3,noun,freq_corpus,0,2338,A2,B3,B1,pacientes,0
4281,palco,palco,palco,B3,B3,noun,freq_corpus,0,2339,A2,B3,B1,palco,0
4282,gelado,gelado,gelado,B3,B3,noun,freq_corpus,0,2340,A2,B3,B1,gelado,0
4283,maggie,maggie,maggie,B3,B3,noun,freq_corpus,0,2341,A2,B3,B1,maggie,0
4284,sabiam,sabiam,sabiam,B3,B3,noun,freq_corpus,0,2342,A2,B3,B1,sabiam,0
4285,mataram,mataram,mataram,B3,B3,noun,freq_corpus,0,2344,A2,B3,B1,mataram,0
4286,cem,cem,cem,B3,B3,noun,freq_corpus,0,2345,A2,B3,B1,cem,0
4287,directamente,directamente,directamente,B3,B3,noun,freq_corpus,0,2346,A2,B3,B1,directamente,0
4288,extra,extra,extra,B3,B3,noun,freq_corpus,0,2348,A2,B3,B1,extra,0
4289,tento,tento,tento,B3,B3,noun,freq_corpus,0,2350,A2,B3,B1,tento,0
4290,comprei,comprei,comprei,B3,B3,noun,freq_corpus,0,2351,A2,B3,B1,comprei,0
4291,caras,caras,caras,B3,B3,noun,freq_corpus,0,2352,A2,B3,B1,caras,0
4292,liguei,liguei,liguei,B3,B3,noun,freq_corpus,0,2353,A2,B3,B1,liguei,0
4293,"vigilância","vigilância","vigilância",B3,B3,noun,freq_corpus,0,2355,A2,B3,B1,"vigilância",0
4294,fila,fila,fila,B3,B3,noun,freq_corpus,0,2357,A2,B3,B1,fila,0
4295,levado,levado,levado,B3,B3,noun,freq_corpus,0,2359,A2,B3,B1,levado,0
4296,parvo,parvo,parvo,B3,B3,noun,freq_corpus,0,2362,A2,B3,B1,parvo,0
4297,sara,sara,sara,B3,B3,noun,freq_corpus,0,2363,A2,B3,B1,sara,0
4298,garota,garota,garota,B3,B3,noun,freq_corpus,0,2364,A2,B3,B1,garota,0
4299,voltamos,voltamos,voltamos,B3,B3,noun,freq_corpus,0,2365,A2,B3,B1,voltamos,0
4300,superior,superior,superior,B3,B3,noun,freq_corpus,0,2367,A2,B3,B1,superior,0
4301,geral,geral,geral,B3,B3,noun,freq_corpus,0,2368,A2,B3,B1,geral,0
4302,pensamos,pensamos,pensamos,B3,B3,noun,freq_corpus,0,2370,A2,B3,B1,pensamos,0
4303,ocupada,ocupada,ocupada,B3,B3,noun,freq_corpus,0,2371,A2,B3,B1,ocupada,0
4304,"fantástica","fantástica","fantástica",B3,B3,noun,freq_corpus,0,2372,A2,B3,B1,"fantástica",0
4305,grace,grace,grace,B3,B3,noun,freq_corpus,0,2373,A2,B3,B1,grace,0
4306,oferecer,oferecer,oferecer,B3,B3,noun,freq_corpus,0,2375,A2,B3,B1,oferecer,0
4307,federal,federal,federal,B3,B3,noun,freq_corpus,0,2376,A2,B3,B1,federal,0
4308,fronteira,fronteira,fronteira,B3,B3,noun,freq_corpus,0,2377,A2,B3,B1,fronteira,0
4309,ensinar,ensinar,ensinar,B3,B3,noun,freq_corpus,0,2379,A2,B3,B1,ensinar,0
4310,trocar,trocar,trocar,B3,B3,noun,freq_corpus,0,2381,A2,B3,B1,trocar,0
4311,joey,joey,joey,B3,B3,noun,freq_corpus,0,2382,A2,B3,B1,joey,0
4312,maluca,maluca,maluca,B3,B3,noun,freq_corpus,0,2383,A2,B3,B1,maluca,0
4313,"inútil","inútil","inútil",B3,B3,noun,freq_corpus,0,2385,A2,B3,B1,"inútil",0
4314,escadas,escadas,escadas,B3,B3,noun,freq_corpus,0,2387,A2,B3,B1,escadas,0
4315,basicamente,basicamente,basicamente,B3,B3,noun,freq_corpus,0,2388,A2,B3,B1,basicamente,0
4316,jenny,jenny,jenny,B3,B3,noun,freq_corpus,0,2389,A2,B3,B1,jenny,0
4317,"esqueças","esqueças","esqueças",B3,B3,noun,freq_corpus,0,2390,A2,B3,B1,"esqueças",0
4318,garantir,garantir,garantir,B3,B3,noun,freq_corpus,0,2391,A2,B3,B1,garantir,0
4319,"diversão","diversão","diversão",B3,B3,noun,freq_corpus,0,2392,A2,B3,B1,"diversão",0
4320,jesse,jesse,jesse,B3,B3,noun,freq_corpus,0,2394,A2,B3,B1,jesse,0
4321,"armário","armário","armário",B3,B3,noun,freq_corpus,0,2395,A2,B3,B1,"armário",0
4322,privado,privado,privado,B3,B3,noun,freq_corpus,0,2396,A2,B3,B1,privado,0
4323,esperamos,esperamos,esperamos,B3,B3,noun,freq_corpus,0,2400,A2,B3,B1,esperamos,0
4324,barry,barry,barry,B3,B3,noun,freq_corpus,0,2401,A2,B3,B1,barry,0
4325,ficava,ficava,ficava,B3,B3,noun,freq_corpus,0,2402,A2,B3,B1,ficava,0
4326,daquilo,daquilo,daquilo,B3,B3,noun,freq_corpus,0,2403,A2,B3,B1,daquilo,0
4327,"acabámos","acabámos","acabámos",B3,B3,noun,freq_corpus,0,2406,A2,B3,B1,"acabámos",0
4328,voltem,voltem,voltem,B3,B3,noun,freq_corpus,0,2407,A2,B3,B1,voltem,0
4329,cumprir,cumprir,cumprir,B3,B3,noun,freq_corpus,0,2409,A2,B3,B1,cumprir,0
4330,"agência","agência","agência",B3,B3,noun,freq_corpus,0,2410,A2,B3,B1,"agência",0
4331,"fábrica","fábrica","fábrica",B3,B3,noun,freq_corpus,0,2411,A2,B3,B1,"fábrica",0
4332,partilhar,partilhar,partilhar,B3,B3,noun,freq_corpus,0,2414,A2,B3,B1,partilhar,0
4333,"localização","localização","localização",B3,B3,noun,freq_corpus,0,2415,A2,B3,B1,"localização",0
4334,achou,achou,achou,B3,B3,noun,freq_corpus,0,2419,A2,B3,B1,achou,0
4335,malas,malas,malas,B3,B3,noun,freq_corpus,0,2421,A2,B3,B1,malas,0
4336,menor,menor,menor,B3,B3,noun,freq_corpus,0,2425,A2,B3,B1,menor,0
4337,tire,tire,tire,B3,B3,noun,freq_corpus,0,2426,A2,B3,B1,tire,0
4338,choque,choque,choque,B3,B3,noun,freq_corpus,0,2427,A2,B3,B1,choque,0
4339,lois,lois,lois,B3,B3,noun,freq_corpus,0,2428,A2,B3,B1,lois,0
4340,especiais,especiais,especiais,B3,B3,noun,freq_corpus,0,2429,A2,B3,B1,especiais,0
4341,aceito,aceito,aceito,B3,B3,noun,freq_corpus,0,2430,A2,B3,B1,aceito,0
4342,virar,virar,virar,B3,B3,noun,freq_corpus,0,2432,A2,B3,B1,virar,0
4343,you,you,you,B3,B3,noun,freq_corpus,0,2433,A2,B3,B1,you,0
4344,vires,vires,vires,B3,B3,noun,freq_corpus,0,2436,A2,B3,B1,vires,0
4345,"importância","importância","importância",B3,B3,noun,freq_corpus,0,2437,A2,B3,B1,"importância",0
4346,fase,fase,fase,B3,B3,noun,freq_corpus,0,2438,A2,B3,B1,fase,0
4347,adivinhar,adivinhar,adivinhar,B3,B3,noun,freq_corpus,0,2439,A2,B3,B1,adivinhar,0
4348,partiu,partiu,partiu,B3,B3,noun,freq_corpus,0,2440,A2,B3,B1,partiu,0
4349,lily,lily,lily,B3,B3,noun,freq_corpus,0,2441,A2,B3,B1,lily,0
4350,vegas,vegas,vegas,B3,B3,noun,freq_corpus,0,2443,A2,B3,B1,vegas,0
4351,telefonar,telefonar,telefonar,B3,B3,noun,freq_corpus,0,2444,A2,B3,B1,telefonar,0
4352,louis,louis,louis,B3,B3,noun,freq_corpus,0,2445,A2,B3,B1,louis,0
4353,bilhetes,bilhetes,bilhetes,B3,B3,noun,freq_corpus,0,2447,A2,B3,B1,bilhetes,0
4354,antigos,antigos,antigos,B3,B3,noun,freq_corpus,0,2448,A2,B3,B1,antigos,0
4355,fores,fores,fores,B3,B3,noun,freq_corpus,0,2449,A2,B3,B1,fores,0
4356,digitais,digitais,digitais,B3,B3,noun,freq_corpus,0,2450,A2,B3,B1,digitais,0
4357,juntas,juntas,juntas,B3,B3,noun,freq_corpus,0,2451,A2,B3,B1,juntas,0
4358,atender,atender,atender,B3,B3,noun,freq_corpus,0,2452,A2,B3,B1,atender,0
4359,dores,dores,dores,B3,B3,noun,freq_corpus,0,2453,A2,B3,B1,dores,0
4360,rock,rock,rock,B3,B3,noun,freq_corpus,0,2454,A2,B3,B1,rock,0
4361,gordo,gordo,gordo,B3,B3,noun,freq_corpus,0,2456,A2,B3,B1,gordo,0
4362,possam,possam,possam,B3,B3,noun,freq_corpus,0,2457,A2,B3,B1,possam,0
4363,pensando,pensando,pensando,B3,B3,noun,freq_corpus,0,2458,A2,B3,B1,pensando,0
4364,"demónio","demónio","demónio",B3,B3,noun,freq_corpus,0,2460,A2,B3,B1,"demónio",0
4365,madame,madame,madame,B3,B3,noun,freq_corpus,0,2461,A2,B3,B1,madame,0
4366,responde,responde,responde,B3,B3,noun,freq_corpus,0,2462,A2,B3,B1,responde,0
4367,deseja,deseja,deseja,B3,B3,noun,freq_corpus,0,2463,A2,B3,B1,deseja,0
4368,"revisão","revisão","revisão",B3,B3,noun,freq_corpus,0,2464,A2,B3,B1,"revisão",0
4369,sentar,sentar,sentar,B3,B3,noun,freq_corpus,0,2465,A2,B3,B1,sentar,0
4370,lixe,lixe,lixe,B3,B3,noun,freq_corpus,0,2466,A2,B3,B1,lixe,0
4371,roubado,roubado,roubado,B3,B3,noun,freq_corpus,0,2467,A2,B3,B1,roubado,0
4372,chegue,chegue,chegue,B3,B3,noun,freq_corpus,0,2469,A2,B3,B1,chegue,0
4373,suficientemente,suficientemente,suficientemente,B3,B3,noun,freq_corpus,0,2470,A2,B3,B1,suficientemente,0
4374,vermelha,vermelha,vermelha,B3,B3,noun,freq_corpus,0,2471,A2,B3,B1,vermelha,0
4375,"quilómetros","quilómetros","quilómetros",B3,B3,noun,freq_corpus,0,2472,A2,B3,B1,"quilómetros",0
4376,esquisito,esquisito,esquisito,B3,B3,noun,freq_corpus,0,2474,A2,B3,B1,esquisito,0
4377,identidade,identidade,identidade,B3,B3,noun,freq_corpus,0,2476,A2,B3,B1,identidade,0
4378,formas,formas,formas,B3,B3,noun,freq_corpus,0,2477,A2,B3,B1,formas,0
4379,uau,uau,uau,B3,B3,noun,freq_corpus,0,2478,A2,B3,B1,uau,0
4380,ouviram,ouviram,ouviram,B3,B3,noun,freq_corpus,0,2479,A2,B3,B1,ouviram,0
4381,proposta,proposta,proposta,B3,B3,noun,freq_corpus,0,2481,A2,B3,B1,proposta,0
4382,parou,parou,parou,B3,B3,noun,freq_corpus,0,2482,A2,B3,B1,parou,0
4383,campanha,campanha,campanha,B3,B3,noun,freq_corpus,0,2483,A2,B3,B1,campanha,0
4384,tiros,tiros,tiros,B3,B3,noun,freq_corpus,0,2484,A2,B3,B1,tiros,0
4385,iguais,iguais,iguais,B3,B3,noun,freq_corpus,0,2485,A2,B3,B1,iguais,0
4386,josh,josh,josh,B3,B3,noun,freq_corpus,0,2486,A2,B3,B1,josh,0
4387,city,city,city,B3,B3,noun,freq_corpus,0,2487,A2,B3,B1,city,0
4388,secreto,secreto,secreto,B3,B3,noun,freq_corpus,0,2488,A2,B3,B1,secreto,0
4389,levaram,levaram,levaram,B3,B3,noun,freq_corpus,0,2489,A2,B3,B1,levaram,0
4390,"página","página","página",B3,B3,noun,freq_corpus,0,2490,A2,B3,B1,"página",0
4391,"ambulância","ambulância","ambulância",B3,B3,noun,freq_corpus,0,2491,A2,B3,B1,"ambulância",0
4392,fechado,fechado,fechado,B3,B3,noun,freq_corpus,0,2492,A2,B3,B1,fechado,0
4393,srta,srta,srta,B3,B3,noun,freq_corpus,0,2493,A2,B3,B1,srta,0
4394,conhecem,conhecem,conhecem,B3,B3,noun,freq_corpus,0,2494,A2,B3,B1,conhecem,0
4395,noutro,noutro,noutro,B3,B3,noun,freq_corpus,0,2497,A2,B3,B1,noutro,0
4396,"identificação","identificação","identificação",B3,B3,noun,freq_corpus,0,2498,A2,B3,B1,"identificação",0
4397,contei,contei,contei,B3,B3,noun,freq_corpus,0,2499,A2,B3,B1,contei,0
4398,taylor,taylor,taylor,B3,B3,noun,freq_corpus,0,2500,A2,B3,B1,taylor,0
4399,morgan,morgan,morgan,B4,B4,noun,freq_corpus,0,2501,B1,B4,B1,morgan,0
4400,and,and,and,B4,B4,noun,freq_corpus,0,2502,B1,B4,B1,and,0
4401,nasceu,nasceu,nasceu,B4,B4,noun,freq_corpus,0,2505,B1,B4,B1,nasceu,0
4402,ambas,ambas,ambas,B4,B4,noun,freq_corpus,0,2506,B1,B4,B1,ambas,0
4403,"chegámos","chegámos","chegámos",B4,B4,noun,freq_corpus,0,2509,B1,B4,B1,"chegámos",0
4404,chateado,chateado,chateado,B4,B4,noun,freq_corpus,0,2510,B1,B4,B1,chateado,0
4405,assassinos,assassinos,assassinos,B4,B4,noun,freq_corpus,0,2512,B1,B4,B1,assassinos,0
4406,nojento,nojento,nojento,B4,B4,noun,freq_corpus,0,2513,B1,B4,B1,nojento,0
4407,jones,jones,jones,B4,B4,noun,freq_corpus,0,2514,B1,B4,B1,jones,0
4408,enviou,enviou,enviou,B4,B4,noun,freq_corpus,0,2516,B1,B4,B1,enviou,0
4409,"falámos","falámos","falámos",B4,B4,noun,freq_corpus,0,2517,B1,B4,B1,"falámos",0
4410,"bebés","bebés","bebés",B4,B4,noun,freq_corpus,0,2518,B1,B4,B1,"bebés",0
4411,"difíceis","difíceis","difíceis",B4,B4,noun,freq_corpus,0,2519,B1,B4,B1,"difíceis",0
4412,tiveres,tiveres,tiveres,B4,B4,noun,freq_corpus,0,2520,B1,B4,B1,tiveres,0
4413,"mínimo","mínimo","mínimo",B4,B4,noun,freq_corpus,0,2521,B1,B4,B1,"mínimo",0
4414,amas,amas,amas,B4,B4,noun,freq_corpus,0,2522,B1,B4,B1,amas,0
4415,danos,danos,danos,B4,B4,noun,freq_corpus,0,2524,B1,B4,B1,danos,0
4416,estivemos,estivemos,estivemos,B4,B4,noun,freq_corpus,0,2525,B1,B4,B1,estivemos,0
4417,terreno,terreno,terreno,B4,B4,noun,freq_corpus,0,2526,B1,B4,B1,terreno,0
4418,vivem,vivem,vivem,B4,B4,noun,freq_corpus,0,2527,B1,B4,B1,vivem,0
4419,experimentar,experimentar,experimentar,B4,B4,noun,freq_corpus,0,2528,B1,B4,B1,experimentar,0
4420,dorme,dorme,dorme,B4,B4,noun,freq_corpus,0,2529,B1,B4,B1,dorme,0
4421,red,red,red,B4,B4,noun,freq_corpus,0,2530,B1,B4,B1,red,0
4422,terminou,terminou,terminou,B4,B4,noun,freq_corpus,0,2531,B1,B4,B1,terminou,0
4423,permitir,permitir,permitir,B4,B4,noun,freq_corpus,0,2532,B1,B4,B1,permitir,0
4424,chamou,chamou,chamou,B4,B4,noun,freq_corpus,0,2534,B1,B4,B1,chamou,0
4425,canto,canto,canto,B4,B4,noun,freq_corpus,0,2535,B1,B4,B1,canto,0
4426,completa,completa,completa,B4,B4,noun,freq_corpus,0,2537,B1,B4,B1,completa,0
4427,van,van,van,B4,B4,noun,freq_corpus,0,2540,B1,B4,B1,van,0
4428,haveria,haveria,haveria,B4,B4,noun,freq_corpus,0,2541,B1,B4,B1,haveria,0
4429,certas,certas,certas,B4,B4,noun,freq_corpus,0,2542,B1,B4,B1,certas,0
4430,quartos,quartos,quartos,B4,B4,noun,freq_corpus,0,2543,B1,B4,B1,quartos,0
4431,atravessar,atravessar,atravessar,B4,B4,noun,freq_corpus,0,2544,B1,B4,B1,atravessar,0
4432,levo,levo,levo,B4,B4,noun,freq_corpus,0,2545,B1,B4,B1,levo,0
4433,bruxa,bruxa,bruxa,B4,B4,noun,freq_corpus,0,2546,B1,B4,B1,bruxa,0
4434,sinceramente,sinceramente,sinceramente,B4,B4,noun,freq_corpus,0,2547,B1,B4,B1,sinceramente,0
4435,vejamos,vejamos,vejamos,B4,B4,noun,freq_corpus,0,2548,B1,B4,B1,vejamos,0
4436,directo,directo,directo,B4,B4,noun,freq_corpus,0,2549,B1,B4,B1,directo,0
4437,"sofá","sofá","sofá",B4,B4,noun,freq_corpus,0,2550,B1,B4,B1,"sofá",0
4438,solo,solo,solo,B4,B4,noun,freq_corpus,0,2552,B1,B4,B1,solo,0
4439,perante,perante,perante,B4,B4,noun,freq_corpus,0,2553,B1,B4,B1,perante,0
4440,"irmãs","irmãs","irmãs",B4,B4,noun,freq_corpus,0,2554,B1,B4,B1,"irmãs",0
4441,festas,festas,festas,B4,B4,noun,freq_corpus,0,2555,B1,B4,B1,festas,0
4442,apanhou,apanhou,apanhou,B4,B4,noun,freq_corpus,0,2557,B1,B4,B1,apanhou,0
4443,professora,professora,professora,B4,B4,noun,freq_corpus,0,2558,B1,B4,B1,professora,0
4444,bando,bando,bando,B4,B4,noun,freq_corpus,0,2559,B1,B4,B1,bando,0
4445,julia,julia,julia,B4,B4,noun,freq_corpus,0,2561,B1,B4,B1,julia,0
4446,regresso,regresso,regresso,B4,B4,noun,freq_corpus,0,2562,B1,B4,B1,regresso,0
4447,disco,disco,disco,B4,B4,noun,freq_corpus,0,2564,B1,B4,B1,disco,0
4448,rose,rose,rose,B4,B4,noun,freq_corpus,0,2567,B1,B4,B1,rose,0
4449,parado,parado,parado,B4,B4,noun,freq_corpus,0,2568,B1,B4,B1,parado,0
4450,hank,hank,hank,B4,B4,noun,freq_corpus,0,2569,B1,B4,B1,hank,0
4451,roger,roger,roger,B4,B4,noun,freq_corpus,0,2570,B1,B4,B1,roger,0
4452,governador,governador,governador,B4,B4,noun,freq_corpus,0,2572,B1,B4,B1,governador,0
4453,presentes,presentes,presentes,B4,B4,noun,freq_corpus,0,2573,B1,B4,B1,presentes,0
4454,chame,chame,chame,B4,B4,noun,freq_corpus,0,2574,B1,B4,B1,chame,0
4455,kim,kim,kim,B4,B4,noun,freq_corpus,0,2575,B1,B4,B1,kim,0
4456,lados,lados,lados,B4,B4,noun,freq_corpus,0,2578,B1,B4,B1,lados,0
4457,criminoso,criminoso,criminoso,B4,B4,noun,freq_corpus,0,2579,B1,B4,B1,criminoso,0
4458,smith,smith,smith,B4,B4,noun,freq_corpus,0,2580,B1,B4,B1,smith,0
4459,robin,robin,robin,B4,B4,noun,freq_corpus,0,2583,B1,B4,B1,robin,0
4460,adora,adora,adora,B4,B4,noun,freq_corpus,0,2584,B1,B4,B1,adora,0
4461,"começamos","começamos","começamos",B4,B4,noun,freq_corpus,0,2585,B1,B4,B1,"começamos",0
4462,"confortável","confortável","confortável",B4,B4,noun,freq_corpus,0,2586,B1,B4,B1,"confortável",0
4463,consiga,consiga,consiga,B4,B4,noun,freq_corpus,0,2587,B1,B4,B1,consiga,0
4464,acordado,acordado,acordado,B4,B4,noun,freq_corpus,0,2588,B1,B4,B1,acordado,0
4465,ligue,ligue,ligue,B4,B4,noun,freq_corpus,0,2589,B1,B4,B1,ligue,0
4466,estragar,estragar,estragar,B4,B4,noun,freq_corpus,0,2591,B1,B4,B1,estragar,0
4467,victor,victor,victor,B4,B4,noun,freq_corpus,0,2592,B1,B4,B1,victor,0
4468,defender,defender,defender,B4,B4,noun,freq_corpus,0,2595,B1,B4,B1,defender,0
4469,ena,ena,ena,B4,B4,noun,freq_corpus,0,2596,B1,B4,B1,ena,0
4470,"tripulação","tripulação","tripulação",B4,B4,noun,freq_corpus,0,2597,B1,B4,B1,"tripulação",0
4471,der,der,der,B4,B4,noun,freq_corpus,0,2599,B1,B4,B1,der,0
4472,clara,clara,clara,B4,B4,noun,freq_corpus,0,2601,B1,B4,B1,clara,0
4473,santa,santa,santa,B4,B4,noun,freq_corpus,0,2604,B1,B4,B1,santa,0
4474,milagre,milagre,milagre,B4,B4,noun,freq_corpus,0,2605,B1,B4,B1,milagre,0
4475,"alemães","alemães","alemães",B4,B4,noun,freq_corpus,0,2607,B1,B4,B1,"alemães",0
4476,jornais,jornais,jornais,B4,B4,noun,freq_corpus,0,2608,B1,B4,B1,jornais,0
4477,convidados,convidados,convidados,B4,B4,noun,freq_corpus,0,2610,B1,B4,B1,convidados,0
4478,explica,explica,explica,B4,B4,noun,freq_corpus,0,2611,B1,B4,B1,explica,0
4479,zangada,zangada,zangada,B4,B4,noun,freq_corpus,0,2612,B1,B4,B1,zangada,0
4480,capacidade,capacidade,capacidade,B4,B4,noun,freq_corpus,0,2613,B1,B4,B1,capacidade,0
4481,entrega,entrega,entrega,B4,B4,noun,freq_corpus,0,2614,B1,B4,B1,entrega,0
4482,"período","período","período",B4,B4,noun,freq_corpus,0,2615,B1,B4,B1,"período",0
4483,"provável","provável","provável",B4,B4,noun,freq_corpus,0,2617,B1,B4,B1,"provável",0
4484,estranhos,estranhos,estranhos,B4,B4,noun,freq_corpus,0,2618,B1,B4,B1,estranhos,0
4485,"adorável","adorável","adorável",B4,B4,noun,freq_corpus,0,2619,B1,B4,B1,"adorável",0
4486,ficaste,ficaste,ficaste,B4,B4,noun,freq_corpus,0,2621,B1,B4,B1,ficaste,0
4487,cela,cela,cela,B4,B4,noun,freq_corpus,0,2623,B1,B4,B1,cela,0
4488,americana,americana,americana,B4,B4,noun,freq_corpus,0,2624,B1,B4,B1,americana,0
4489,enganar,enganar,enganar,B4,B4,noun,freq_corpus,0,2626,B1,B4,B1,enganar,0
4490,madeira,madeira,madeira,B4,B4,noun,freq_corpus,0,2627,B1,B4,B1,madeira,0
4491,jeff,jeff,jeff,B4,B4,noun,freq_corpus,0,2630,B1,B4,B1,jeff,0
4492,"acusação","acusação","acusação",B4,B4,noun,freq_corpus,0,2631,B1,B4,B1,"acusação",0
4493,planear,planear,planear,B4,B4,noun,freq_corpus,0,2632,B1,B4,B1,planear,0
4494,brancos,brancos,brancos,B4,B4,noun,freq_corpus,0,2633,B1,B4,B1,brancos,0
4495,continuas,continuas,continuas,B4,B4,noun,freq_corpus,0,2634,B1,B4,B1,continuas,0
4496,ambiente,ambiente,ambiente,B4,B4,noun,freq_corpus,0,2637,B1,B4,B1,ambiente,0
4497,chegaste,chegaste,chegaste,B4,B4,noun,freq_corpus,0,2638,B1,B4,B1,chegaste,0
4498,calmo,calmo,calmo,B4,B4,noun,freq_corpus,0,2639,B1,B4,B1,calmo,0
4499,bravo,bravo,bravo,B4,B4,noun,freq_corpus,0,2640,B1,B4,B1,bravo,0
4500,soa,soa,soa,B4,B4,noun,freq_corpus,0,2642,B1,B4,B1,soa,0
4501,chloe,chloe,chloe,B4,B4,noun,freq_corpus,0,2643,B1,B4,B1,chloe,0
4502,assustado,assustado,assustado,B4,B4,noun,freq_corpus,0,2645,B1,B4,B1,assustado,0
4503,libertar,libertar,libertar,B4,B4,noun,freq_corpus,0,2646,B1,B4,B1,libertar,0
4504,montanhas,montanhas,montanhas,B4,B4,noun,freq_corpus,0,2648,B1,B4,B1,montanhas,0
4505,cave,cave,cave,B4,B4,noun,freq_corpus,0,2650,B1,B4,B1,cave,0
4506,advogados,advogados,advogados,B4,B4,noun,freq_corpus,0,2651,B1,B4,B1,advogados,0
4507,aumentar,aumentar,aumentar,B4,B4,noun,freq_corpus,0,2652,B1,B4,B1,aumentar,0
4508,dava,dava,dava,B4,B4,noun,freq_corpus,0,2653,B1,B4,B1,dava,0
4509,aposta,aposta,aposta,B4,B4,noun,freq_corpus,0,2654,B1,B4,B1,aposta,0
4510,casada,casada,casada,B4,B4,noun,freq_corpus,0,2655,B1,B4,B1,casada,0
4511,reserva,reserva,reserva,B4,B4,noun,freq_corpus,0,2656,B1,B4,B1,reserva,0
4512,erva,erva,erva,B4,B4,noun,freq_corpus,0,2657,B1,B4,B1,erva,0
4513,retirar,retirar,retirar,B4,B4,noun,freq_corpus,0,2658,B1,B4,B1,retirar,0
4514,negros,negros,negros,B4,B4,noun,freq_corpus,0,2659,B1,B4,B1,negros,0
4515,cala,cala,cala,B4,B4,noun,freq_corpus,0,2660,B1,B4,B1,cala,0
4516,fazeres,fazeres,fazeres,B4,B4,noun,freq_corpus,0,2662,B1,B4,B1,fazeres,0
4517,promessa,promessa,promessa,B4,B4,noun,freq_corpus,0,2663,B1,B4,B1,promessa,0
4518,patrick,patrick,patrick,B4,B4,noun,freq_corpus,0,2665,B1,B4,B1,patrick,0
4519,"ouço","ouço","ouço",B4,B4,noun,freq_corpus,0,2666,B1,B4,B1,"ouço",0
4520,jackie,jackie,jackie,B4,B4,noun,freq_corpus,0,2667,B1,B4,B1,jackie,0
4521,gary,gary,gary,B4,B4,noun,freq_corpus,0,2668,B1,B4,B1,gary,0
4522,ganhei,ganhei,ganhei,B4,B4,noun,freq_corpus,0,2669,B1,B4,B1,ganhei,0
4523,"versão","versão","versão",B4,B4,noun,freq_corpus,0,2670,B1,B4,B1,"versão",0
4524,sorriso,sorriso,sorriso,B4,B4,noun,freq_corpus,0,2672,B1,B4,B1,sorriso,0
4525,relaxa,relaxa,relaxa,B4,B4,noun,freq_corpus,0,2673,B1,B4,B1,relaxa,0
4526,street,street,street,B4,B4,noun,freq_corpus,0,2675,B1,B4,B1,street,0
4527,causar,causar,causar,B4,B4,noun,freq_corpus,0,2676,B1,B4,B1,causar,0
4528,big,big,big,B4,B4,noun,freq_corpus,0,2678,B1,B4,B1,big,0
4529,rick,rick,rick,B4,B4,noun,freq_corpus,0,2679,B1,B4,B1,rick,0
4530,seguros,seguros,seguros,B4,B4,noun,freq_corpus,0,2680,B1,B4,B1,seguros,0
4531,comprou,comprou,comprou,B4,B4,noun,freq_corpus,0,2681,B1,B4,B1,comprou,0
4532,fales,fales,fales,B4,B4,noun,freq_corpus,0,2682,B1,B4,B1,fales,0
4533,vizinhos,vizinhos,vizinhos,B4,B4,noun,freq_corpus,0,2684,B1,B4,B1,vizinhos,0
4534,tivessem,tivessem,tivessem,B4,B4,noun,freq_corpus,0,2685,B1,B4,B1,tivessem,0
4535,procuro,procuro,procuro,B4,B4,noun,freq_corpus,0,2686,B1,B4,B1,procuro,0
4536,achava,achava,achava,B4,B4,noun,freq_corpus,0,2687,B1,B4,B1,achava,0
4537,bate,bate,bate,B4,B4,noun,freq_corpus,0,2688,B1,B4,B1,bate,0
4538,"saímos","saímos","saímos",B4,B4,noun,freq_corpus,0,2689,B1,B4,B1,"saímos",0
4539,texas,texas,texas,B4,B4,noun,freq_corpus,0,2690,B1,B4,B1,texas,0
4540,"diário","diário","diário",B4,B4,noun,freq_corpus,0,2691,B1,B4,B1,"diário",0
4541,digam,digam,digam,B4,B4,noun,freq_corpus,0,2692,B1,B4,B1,digam,0
4542,apanha,apanha,apanha,B4,B4,noun,freq_corpus,0,2693,B1,B4,B1,apanha,0
4543,"divisão","divisão","divisão",B4,B4,noun,freq_corpus,0,2694,B1,B4,B1,"divisão",0
4544,praticamente,praticamente,praticamente,B4,B4,noun,freq_corpus,0,2695,B1,B4,B1,praticamente,0
4545,daquelas,daquelas,daquelas,B4,B4,noun,freq_corpus,0,2696,B1,B4,B1,daquelas,0
4546,julie,julie,julie,B4,B4,noun,freq_corpus,0,2697,B1,B4,B1,julie,0
4547,"júri","júri","júri",B4,B4,noun,freq_corpus,0,2698,B1,B4,B1,"júri",0
4548,"operações","operações","operações",B4,B4,noun,freq_corpus,0,2699,B1,B4,B1,"operações",0
4549,tomates,tomates,tomates,B4,B4,noun,freq_corpus,0,2700,B1,B4,B1,tomates,0
4550,ajudou,ajudou,ajudou,B4,B4,noun,freq_corpus,0,2701,B1,B4,B1,ajudou,0
4551,fumo,fumo,fumo,B4,B4,noun,freq_corpus,0,2703,B1,B4,B1,fumo,0
4552,limites,limites,limites,B4,B4,noun,freq_corpus,0,2704,B1,B4,B1,limites,0
4553,"dás","dás","dás",B4,B4,noun,freq_corpus,0,2705,B1,B4,B1,"dás",0
4554,chegamos,chegamos,chegamos,B4,B4,noun,freq_corpus,0,2706,B1,B4,B1,chegamos,0
4555,dom,dom,dom,B4,B4,noun,freq_corpus,0,2708,B1,B4,B1,dom,0
4556,"padrão","padrão","padrão",B4,B4,noun,freq_corpus,0,2709,B1,B4,B1,"padrão",0
4557,"acções","acções","acções",B4,B4,noun,freq_corpus,0,2710,B1,B4,B1,"acções",0
4558,oliver,oliver,oliver,B4,B4,noun,freq_corpus,0,2711,B1,B4,B1,oliver,0
4559,secreta,secreta,secreta,B4,B4,noun,freq_corpus,0,2712,B1,B4,B1,secreta,0
4560,"irás","irás","irás",B4,B4,noun,freq_corpus,0,2713,B1,B4,B1,"irás",0
4561,tenhamos,tenhamos,tenhamos,B4,B4,noun,freq_corpus,0,2715,B1,B4,B1,tenhamos,0
4562,garoto,garoto,garoto,B4,B4,noun,freq_corpus,0,2716,B1,B4,B1,garoto,0
4563,"dúvidas","dúvidas","dúvidas",B4,B4,noun,freq_corpus,0,2717,B1,B4,B1,"dúvidas",0
4564,conseguiram,conseguiram,conseguiram,B4,B4,noun,freq_corpus,0,2718,B1,B4,B1,conseguiram,0
4565,apanhei,apanhei,apanhei,B4,B4,noun,freq_corpus,0,2720,B1,B4,B1,apanhei,0
4566,"queríamos","queríamos","queríamos",B4,B4,noun,freq_corpus,0,2722,B1,B4,B1,"queríamos",0
4567,imagina,imagina,imagina,B4,B4,noun,freq_corpus,0,2726,B1,B4,B1,imagina,0
4568,amante,amante,amante,B4,B4,noun,freq_corpus,0,2728,B1,B4,B1,amante,0
4569,vantagem,vantagem,vantagem,B4,B4,noun,freq_corpus,0,2730,B1,B4,B1,vantagem,0
4570,obra,obra,obra,B4,B4,noun,freq_corpus,0,2731,B1,B4,B1,obra,0
4571,cometer,cometer,cometer,B4,B4,noun,freq_corpus,0,2732,B1,B4,B1,cometer,0
4572,escute,escute,escute,B4,B4,noun,freq_corpus,0,2733,B1,B4,B1,escute,0
4573,marinha,marinha,marinha,B4,B4,noun,freq_corpus,0,2734,B1,B4,B1,marinha,0
4574,"virá","virá","virá",B4,B4,noun,freq_corpus,0,2735,B1,B4,B1,"virá",0
4575,pedras,pedras,pedras,B4,B4,noun,freq_corpus,0,2738,B1,B4,B1,pedras,0
4576,funcionou,funcionou,funcionou,B4,B4,noun,freq_corpus,0,2742,B1,B4,B1,funcionou,0
4577,precisares,precisares,precisares,B4,B4,noun,freq_corpus,0,2743,B1,B4,B1,precisares,0
4578,deixo,deixo,deixo,B4,B4,noun,freq_corpus,0,2744,B1,B4,B1,deixo,0
4579,feitos,feitos,feitos,B4,B4,noun,freq_corpus,0,2745,B1,B4,B1,feitos,0
4580,legendagem,legendagem,legendagem,B4,B4,noun,freq_corpus,0,2746,B1,B4,B1,legendagem,0
4581,livres,livres,livres,B4,B4,noun,freq_corpus,0,2747,B1,B4,B1,livres,0
4582,achamos,achamos,achamos,B4,B4,noun,freq_corpus,0,2749,B1,B4,B1,achamos,0
4583,aceita,aceita,aceita,B4,B4,noun,freq_corpus,0,2750,B1,B4,B1,aceita,0
4584,respira,respira,respira,B4,B4,noun,freq_corpus,0,2751,B1,B4,B1,respira,0
4585,howard,howard,howard,B4,B4,noun,freq_corpus,0,2752,B1,B4,B1,howard,0
4586,laura,laura,laura,B4,B4,noun,freq_corpus,0,2753,B1,B4,B1,laura,0
4587,confirmar,confirmar,confirmar,B4,B4,noun,freq_corpus,0,2754,B1,B4,B1,confirmar,0
4588,comprimidos,comprimidos,comprimidos,B4,B4,noun,freq_corpus,0,2755,B1,B4,B1,comprimidos,0
4589,"memórias","memórias","memórias",B4,B4,noun,freq_corpus,0,2756,B1,B4,B1,"memórias",0
4590,estiveram,estiveram,estiveram,B4,B4,noun,freq_corpus,0,2758,B1,B4,B1,estiveram,0
4591,empregada,empregada,empregada,B4,B4,noun,freq_corpus,0,2759,B1,B4,B1,empregada,0
4592,sexy,sexy,sexy,B4,B4,noun,freq_corpus,0,2761,B1,B4,B1,sexy,0
4593,presumo,presumo,presumo,B4,B4,noun,freq_corpus,0,2762,B1,B4,B1,presumo,0
4594,fechada,fechada,fechada,B4,B4,noun,freq_corpus,0,2763,B1,B4,B1,fechada,0
4595,arranja,arranja,arranja,B4,B4,noun,freq_corpus,0,2764,B1,B4,B1,arranja,0
4596,combinado,combinado,combinado,B4,B4,noun,freq_corpus,0,2765,B1,B4,B1,combinado,0
4597,demora,demora,demora,B4,B4,noun,freq_corpus,0,2766,B1,B4,B1,demora,0
4598,ligo,ligo,ligo,B4,B4,noun,freq_corpus,0,2767,B1,B4,B1,ligo,0
4599,"decisões","decisões","decisões",B4,B4,noun,freq_corpus,0,2768,B1,B4,B1,"decisões",0
4600,alternativa,alternativa,alternativa,B4,B4,noun,freq_corpus,0,2771,B1,B4,B1,alternativa,0
4601,sitio,sitio,sitio,B4,B4,noun,freq_corpus,0,2776,B1,B4,B1,sitio,0
4602,"estarão","estarão","estarão",B4,B4,noun,freq_corpus,0,2777,B1,B4,B1,"estarão",0
4603,"saudável","saudável","saudável",B4,B4,noun,freq_corpus,0,2778,B1,B4,B1,"saudável",0
4604,atirador,atirador,atirador,B4,B4,noun,freq_corpus,0,2779,B1,B4,B1,atirador,0
4605,percebeu,percebeu,percebeu,B4,B4,noun,freq_corpus,0,2780,B1,B4,B1,percebeu,0
4606,convencer,convencer,convencer,B4,B4,noun,freq_corpus,0,2783,B1,B4,B1,convencer,0
4607,tornou,tornou,tornou,B4,B4,noun,freq_corpus,0,2784,B1,B4,B1,tornou,0
4608,judeus,judeus,judeus,B4,B4,noun,freq_corpus,0,2787,B1,B4,B1,judeus,0
4609,tropas,tropas,tropas,B4,B4,noun,freq_corpus,0,2788,B1,B4,B1,tropas,0
4610,repetir,repetir,repetir,B4,B4,noun,freq_corpus,0,2790,B1,B4,B1,repetir,0
4611,apostar,apostar,apostar,B4,B4,noun,freq_corpus,0,2792,B1,B4,B1,apostar,0
4612,turno,turno,turno,B4,B4,noun,freq_corpus,0,2794,B1,B4,B1,turno,0
4613,pensamentos,pensamentos,pensamentos,B4,B4,noun,freq_corpus,0,2795,B1,B4,B1,pensamentos,0
4614,confuso,confuso,confuso,B4,B4,noun,freq_corpus,0,2797,B1,B4,B1,confuso,0
4615,vendo,vendo,vendo,B4,B4,noun,freq_corpus,0,2798,B1,B4,B1,vendo,0
4616,medida,medida,medida,B4,B4,noun,freq_corpus,0,2799,B1,B4,B1,medida,0
4617,joelhos,joelhos,joelhos,B4,B4,noun,freq_corpus,0,2802,B1,B4,B1,joelhos,0
4618,usam,usam,usam,B4,B4,noun,freq_corpus,0,2803,B1,B4,B1,usam,0
4619,"próprias","próprias","próprias",B4,B4,noun,freq_corpus,0,2804,B1,B4,B1,"próprias",0
4620,"saído","saído","saído",B4,B4,noun,freq_corpus,0,2806,B1,B4,B1,"saído",0
4621,calado,calado,calado,B4,B4,noun,freq_corpus,0,2808,B1,B4,B1,calado,0
4622,continuem,continuem,continuem,B4,B4,noun,freq_corpus,0,2811,B1,B4,B1,continuem,0
4623,tim,tim,tim,B4,B4,noun,freq_corpus,0,2812,B1,B4,B1,tim,0
4624,paredes,paredes,paredes,B4,B4,noun,freq_corpus,0,2813,B1,B4,B1,paredes,0
4625,tomei,tomei,tomei,B4,B4,noun,freq_corpus,0,2816,B1,B4,B1,tomei,0
4626,"armazém","armazém","armazém",B4,B4,noun,freq_corpus,0,2817,B1,B4,B1,"armazém",0
4627,cavalheiro,cavalheiro,cavalheiro,B4,B4,noun,freq_corpus,0,2818,B1,B4,B1,cavalheiro,0
4628,mandei,mandei,mandei,B4,B4,noun,freq_corpus,0,2819,B1,B4,B1,mandei,0
4629,atraso,atraso,atraso,B4,B4,noun,freq_corpus,0,2820,B1,B4,B1,atraso,0
4630,amava,amava,amava,B4,B4,noun,freq_corpus,0,2821,B1,B4,B1,amava,0
4631,fortuna,fortuna,fortuna,B4,B4,noun,freq_corpus,0,2824,B1,B4,B1,fortuna,0
4632,deixaram,deixaram,deixaram,B4,B4,noun,freq_corpus,0,2825,B1,B4,B1,deixaram,0
4633,saio,saio,saio,B4,B4,noun,freq_corpus,0,2826,B1,B4,B1,saio,0
4634,"simpática","simpática","simpática",B4,B4,noun,freq_corpus,0,2827,B1,B4,B1,"simpática",0
4635,estudo,estudo,estudo,B4,B4,noun,freq_corpus,0,2828,B1,B4,B1,estudo,0
4636,"papéis","papéis","papéis",B4,B4,noun,freq_corpus,0,2829,B1,B4,B1,"papéis",0
4637,forem,forem,forem,B4,B4,noun,freq_corpus,0,2831,B1,B4,B1,forem,0
4638,ricos,ricos,ricos,B4,B4,noun,freq_corpus,0,2832,B1,B4,B1,ricos,0
4639,amanda,amanda,amanda,B4,B4,noun,freq_corpus,0,2833,B1,B4,B1,amanda,0
4640,"escuridão","escuridão","escuridão",B4,B4,noun,freq_corpus,0,2834,B1,B4,B1,"escuridão",0
4641,nathan,nathan,nathan,B4,B4,noun,freq_corpus,0,2835,B1,B4,B1,nathan,0
4642,maneiras,maneiras,maneiras,B4,B4,noun,freq_corpus,0,2836,B1,B4,B1,maneiras,0
4643,perguntou,perguntou,perguntou,B4,B4,noun,freq_corpus,0,2837,B1,B4,B1,perguntou,0
4644,"áfrica","áfrica","áfrica",B4,B4,noun,freq_corpus,0,2838,B1,B4,B1,"áfrica",0
4645,preferia,preferia,preferia,B4,B4,noun,freq_corpus,0,2839,B1,B4,B1,preferia,0
4646,toques,toques,toques,B4,B4,noun,freq_corpus,0,2843,B1,B4,B1,toques,0
4647,rebecca,rebecca,rebecca,B4,B4,noun,freq_corpus,0,2844,B1,B4,B1,rebecca,0
4648,pobres,pobres,pobres,B4,B4,noun,freq_corpus,0,2845,B1,B4,B1,pobres,0
4649,bombas,bombas,bombas,B4,B4,noun,freq_corpus,0,2846,B1,B4,B1,bombas,0
4650,postos,postos,postos,B4,B4,noun,freq_corpus,0,2847,B1,B4,B1,postos,0
4651,arranjaste,arranjaste,arranjaste,B4,B4,noun,freq_corpus,0,2848,B1,B4,B1,arranjaste,0
4652,motivos,motivos,motivos,B4,B4,noun,freq_corpus,0,2849,B1,B4,B1,motivos,0
4653,falado,falado,falado,B4,B4,noun,freq_corpus,0,2851,B1,B4,B1,falado,0
4654,falha,falha,falha,B4,B4,noun,freq_corpus,0,2852,B1,B4,B1,falha,0
4655,traseiras,traseiras,traseiras,B4,B4,noun,freq_corpus,0,2853,B1,B4,B1,traseiras,0
4656,veremos,veremos,veremos,B4,B4,noun,freq_corpus,0,2854,B1,B4,B1,veremos,0
4657,faltam,faltam,faltam,B4,B4,noun,freq_corpus,0,2855,B1,B4,B1,faltam,0
4658,passos,passos,passos,B4,B4,noun,freq_corpus,0,2856,B1,B4,B1,passos,0
4659,"cópia","cópia","cópia",B4,B4,noun,freq_corpus,0,2857,B1,B4,B1,"cópia",0
4660,prisioneiros,prisioneiros,prisioneiros,B4,B4,noun,freq_corpus,0,2860,B1,B4,B1,prisioneiros,0
4661,queixa,queixa,queixa,B4,B4,noun,freq_corpus,0,2861,B1,B4,B1,queixa,0
4662,chamo,chamo,chamo,B4,B4,noun,freq_corpus,0,2862,B1,B4,B1,chamo,0
4663,leis,leis,leis,B4,B4,noun,freq_corpus,0,2863,B1,B4,B1,leis,0
4664,tomou,tomou,tomou,B4,B4,noun,freq_corpus,0,2864,B1,B4,B1,tomou,0
4665,batatas,batatas,batatas,B4,B4,noun,freq_corpus,0,2867,B1,B4,B1,batatas,0
4666,criado,criado,criado,B4,B4,noun,freq_corpus,0,2868,B1,B4,B1,criado,0
4667,nascer,nascer,nascer,B4,B4,noun,freq_corpus,0,2869,B1,B4,B1,nascer,0
4668,lucas,lucas,lucas,B4,B4,noun,freq_corpus,0,2871,B1,B4,B1,lucas,0
4669,"explicação","explicação","explicação",B4,B4,noun,freq_corpus,0,2872,B1,B4,B1,"explicação",0
4670,ministro,ministro,ministro,B4,B4,noun,freq_corpus,0,2873,B1,B4,B1,ministro,0
4671,doces,doces,doces,B4,B4,noun,freq_corpus,0,2875,B1,B4,B1,doces,0
4672,conheceu,conheceu,conheceu,B4,B4,noun,freq_corpus,0,2876,B1,B4,B1,conheceu,0
4673,"almoçar","almoçar","almoçar",B4,B4,noun,freq_corpus,0,2878,B1,B4,B1,"almoçar",0
4674,"poderíamos","poderíamos","poderíamos",B4,B4,noun,freq_corpus,0,2879,B1,B4,B1,"poderíamos",0
4675,linhas,linhas,linhas,B4,B4,noun,freq_corpus,0,2880,B1,B4,B1,linhas,0
4676,"reputação","reputação","reputação",B4,B4,noun,freq_corpus,0,2882,B1,B4,B1,"reputação",0
4677,mexas,mexas,mexas,B4,B4,noun,freq_corpus,0,2886,B1,B4,B1,mexas,0
4678,assumir,assumir,assumir,B4,B4,noun,freq_corpus,0,2888,B1,B4,B1,assumir,0
4679,fita,fita,fita,B4,B4,noun,freq_corpus,0,2889,B1,B4,B1,fita,0
4680,"estúdio","estúdio","estúdio",B4,B4,noun,freq_corpus,0,2890,B1,B4,B1,"estúdio",0
4681,nervosa,nervosa,nervosa,B4,B4,noun,freq_corpus,0,2891,B1,B4,B1,nervosa,0
4682,treinar,treinar,treinar,B4,B4,noun,freq_corpus,0,2892,B1,B4,B1,treinar,0
4683,temo,temo,temo,B4,B4,noun,freq_corpus,0,2893,B1,B4,B1,temo,0
4684,compra,compra,compra,B4,B4,noun,freq_corpus,0,2894,B1,B4,B1,compra,0
4685,motorista,motorista,motorista,B4,B4,noun,freq_corpus,0,2895,B1,B4,B1,motorista,0
4686,fred,fred,fred,B4,B4,noun,freq_corpus,0,2896,B1,B4,B1,fred,0
4687,mora,mora,mora,B4,B4,noun,freq_corpus,0,2897,B1,B4,B1,mora,0
4688,deixam,deixam,deixam,B4,B4,noun,freq_corpus,0,2898,B1,B4,B1,deixam,0
4689,acabamos,acabamos,acabamos,B4,B4,noun,freq_corpus,0,2899,B1,B4,B1,acabamos,0
4690,san,san,san,B4,B4,noun,freq_corpus,0,2900,B1,B4,B1,san,0
4691,tolo,tolo,tolo,B4,B4,noun,freq_corpus,0,2903,B1,B4,B1,tolo,0
4692,esperando,esperando,esperando,B4,B4,noun,freq_corpus,0,2904,B1,B4,B1,esperando,0
4693,fundos,fundos,fundos,B4,B4,noun,freq_corpus,0,2905,B1,B4,B1,fundos,0
4694,trouxeste,trouxeste,trouxeste,B4,B4,noun,freq_corpus,0,2906,B1,B4,B1,trouxeste,0
4695,poucas,poucas,poucas,B4,B4,noun,freq_corpus,0,2907,B1,B4,B1,poucas,0
4696,acreditam,acreditam,acreditam,B4,B4,noun,freq_corpus,0,2908,B1,B4,B1,acreditam,0
4697,alunos,alunos,alunos,B4,B4,noun,freq_corpus,0,2909,B1,B4,B1,alunos,0
4698,medicamentos,medicamentos,medicamentos,B4,B4,noun,freq_corpus,0,2910,B1,B4,B1,medicamentos,0
4699,gostou,gostou,gostou,B4,B4,noun,freq_corpus,0,2911,B1,B4,B1,gostou,0
4700,devolver,devolver,devolver,B4,B4,noun,freq_corpus,0,2912,B1,B4,B1,devolver,0
4701,desafio,desafio,desafio,B4,B4,noun,freq_corpus,0,2913,B1,B4,B1,desafio,0
4702,park,park,park,B4,B4,noun,freq_corpus,0,2914,B1,B4,B1,park,0
4703,sangrar,sangrar,sangrar,B4,B4,noun,freq_corpus,0,2915,B1,B4,B1,sangrar,0
4704,factos,factos,factos,B4,B4,noun,freq_corpus,0,2916,B1,B4,B1,factos,0
4705,"ciúmes","ciúmes","ciúmes",B4,B4,noun,freq_corpus,0,2917,B1,B4,B1,"ciúmes",0
4706,bateu,bateu,bateu,B4,B4,noun,freq_corpus,0,2918,B1,B4,B1,bateu,0
4707,noutra,noutra,noutra,B4,B4,noun,freq_corpus,0,2919,B1,B4,B1,noutra,0
4708,recursos,recursos,recursos,B4,B4,noun,freq_corpus,0,2920,B1,B4,B1,recursos,0
4709,"clínica","clínica","clínica",B4,B4,noun,freq_corpus,0,2921,B1,B4,B1,"clínica",0
4710,miami,miami,miami,B4,B4,noun,freq_corpus,0,2923,B1,B4,B1,miami,0
4711,aguento,aguento,aguento,B4,B4,noun,freq_corpus,0,2925,B1,B4,B1,aguento,0
4712,cooper,cooper,cooper,B4,B4,noun,freq_corpus,0,2926,B1,B4,B1,cooper,0
4713,voltaste,voltaste,voltaste,B4,B4,noun,freq_corpus,0,2927,B1,B4,B1,voltaste,0
4714,"sós","sós","sós",B4,B4,noun,freq_corpus,0,2929,B1,B4,B1,"sós",0
4715,vincent,vincent,vincent,B4,B4,noun,freq_corpus,0,2930,B1,B4,B1,vincent,0
4716,"superfície","superfície","superfície",B4,B4,noun,freq_corpus,0,2931,B1,B4,B1,"superfície",0
4717,"sessão","sessão","sessão",B4,B4,noun,freq_corpus,0,2932,B1,B4,B1,"sessão",0
4718,ponta,ponta,ponta,B4,B4,noun,freq_corpus,0,2933,B1,B4,B1,ponta,0
4719,andrew,andrew,andrew,B4,B4,noun,freq_corpus,0,2934,B1,B4,B1,andrew,0
4720,abram,abram,abram,B4,B4,noun,freq_corpus,0,2936,B1,B4,B1,abram,0
4721,capazes,capazes,capazes,B4,B4,noun,freq_corpus,0,2937,B1,B4,B1,capazes,0
4722,ganho,ganho,ganho,B4,B4,noun,freq_corpus,0,2939,B1,B4,B1,ganho,0
4723,empregado,empregado,empregado,B4,B4,noun,freq_corpus,0,2940,B1,B4,B1,empregado,0
4724,ross,ross,ross,B4,B4,noun,freq_corpus,0,2941,B1,B4,B1,ross,0
4725,elizabeth,elizabeth,elizabeth,B4,B4,noun,freq_corpus,0,2942,B1,B4,B1,elizabeth,0
4726,"acusações","acusações","acusações",B4,B4,noun,freq_corpus,0,2944,B1,B4,B1,"acusações",0
4727,mortes,mortes,mortes,B4,B4,noun,freq_corpus,0,2945,B1,B4,B1,mortes,0
4728,estacionamento,estacionamento,estacionamento,B4,B4,noun,freq_corpus,0,2946,B1,B4,B1,estacionamento,0
4729,jogada,jogada,jogada,B4,B4,noun,freq_corpus,0,2947,B1,B4,B1,jogada,0
4730,criou,criou,criou,B4,B4,noun,freq_corpus,0,2948,B1,B4,B1,criou,0
4731,assustada,assustada,assustada,B4,B4,noun,freq_corpus,0,2949,B1,B4,B1,assustada,0
4732,mamas,mamas,mamas,B4,B4,noun,freq_corpus,0,2952,B1,B4,B1,mamas,0
4733,stan,stan,stan,B4,B4,noun,freq_corpus,0,2953,B1,B4,B1,stan,0
4734,seremos,seremos,seremos,B4,B4,noun,freq_corpus,0,2958,B1,B4,B1,seremos,0
4735,caixas,caixas,caixas,B4,B4,noun,freq_corpus,0,2960,B1,B4,B1,caixas,0
4736,"máscara","máscara","máscara",B4,B4,noun,freq_corpus,0,2961,B1,B4,B1,"máscara",0
4737,harvey,harvey,harvey,B4,B4,noun,freq_corpus,0,2962,B1,B4,B1,harvey,0
4738,falava,falava,falava,B4,B4,noun,freq_corpus,0,2963,B1,B4,B1,falava,0
4739,greg,greg,greg,B4,B4,noun,freq_corpus,0,2966,B1,B4,B1,greg,0
4740,continuam,continuam,continuam,B4,B4,noun,freq_corpus,0,2968,B1,B4,B1,continuam,0
4741,pegue,pegue,pegue,B4,B4,noun,freq_corpus,0,2969,B1,B4,B1,pegue,0
4742,prostituta,prostituta,prostituta,B4,B4,noun,freq_corpus,0,2971,B1,B4,B1,prostituta,0
4743,johnson,johnson,johnson,B4,B4,noun,freq_corpus,0,2973,B1,B4,B1,johnson,0
4744,interromper,interromper,interromper,B4,B4,noun,freq_corpus,0,2975,B1,B4,B1,interromper,0
4745,terras,terras,terras,B4,B4,noun,freq_corpus,0,2976,B1,B4,B1,terras,0
4746,contaste,contaste,contaste,B4,B4,noun,freq_corpus,0,2977,B1,B4,B1,contaste,0
4747,russos,russos,russos,B4,B4,noun,freq_corpus,0,2978,B1,B4,B1,russos,0
4748,preparada,preparada,preparada,B4,B4,noun,freq_corpus,0,2979,B1,B4,B1,preparada,0
4749,champanhe,champanhe,champanhe,B4,B4,noun,freq_corpus,0,2980,B1,B4,B1,champanhe,0
4750,extremamente,extremamente,extremamente,B4,B4,noun,freq_corpus,0,2981,B1,B4,B1,extremamente,0
4751,"opções","opções","opções",B4,B4,noun,freq_corpus,0,2982,B1,B4,B1,"opções",0
4752,"cabeças","cabeças","cabeças",B4,B4,noun,freq_corpus,0,2983,B1,B4,B1,"cabeças",0
4753,"inacreditável","inacreditável","inacreditável",B4,B4,noun,freq_corpus,0,2985,B1,B4,B1,"inacreditável",0
4754,bruce,bruce,bruce,B4,B4,noun,freq_corpus,0,2986,B1,B4,B1,bruce,0
4755,lembras,lembras,lembras,B4,B4,noun,freq_corpus,0,2987,B1,B4,B1,lembras,0
4756,doentes,doentes,doentes,B4,B4,noun,freq_corpus,0,2988,B1,B4,B1,doentes,0
4757,esquecido,esquecido,esquecido,B4,B4,noun,freq_corpus,0,2990,B1,B4,B1,esquecido,0
4758,escolheu,escolheu,escolheu,B4,B4,noun,freq_corpus,0,2991,B1,B4,B1,escolheu,0
4759,charlotte,charlotte,charlotte,B4,B4,noun,freq_corpus,0,2993,B1,B4,B1,charlotte,0
4760,inocentes,inocentes,inocentes,B4,B4,noun,freq_corpus,0,2994,B1,B4,B1,inocentes,0
4761,"máquinas","máquinas","máquinas",B4,B4,noun,freq_corpus,0,2995,B1,B4,B1,"máquinas",0
4762,vivemos,vivemos,vivemos,B4,B4,noun,freq_corpus,0,2996,B1,B4,B1,vivemos,0
4763,"dívida","dívida","dívida",B4,B4,noun,freq_corpus,0,2997,B1,B4,B1,"dívida",0
4764,"mistério","mistério","mistério",B4,B4,noun,freq_corpus,0,2998,B1,B4,B1,"mistério",0
4765,tirei,tirei,tirei,B4,B4,noun,freq_corpus,0,2999,B1,B4,B1,tirei,0
4766,"portão","portão","portão",B4,B4,noun,freq_corpus,0,3000,B1,B4,B1,"portão",0
4767,traga,traga,traga,B4,B4,noun,freq_corpus,0,3001,B1,B4,B1,traga,0
4768,ficares,ficares,ficares,B4,B4,noun,freq_corpus,0,3002,B1,B4,B1,ficares,0
4769,assassinado,assassinado,assassinado,B4,B4,noun,freq_corpus,0,3003,B1,B4,B1,assassinado,0
4770,sentia,sentia,sentia,B4,B4,noun,freq_corpus,0,3004,B1,B4,B1,sentia,0
4771,chegarmos,chegarmos,chegarmos,B4,B4,noun,freq_corpus,0,3005,B1,B4,B1,chegarmos,0
4772,percebido,percebido,percebido,B4,B4,noun,freq_corpus,0,3007,B1,B4,B1,percebido,0
4773,gajos,gajos,gajos,B4,B4,noun,freq_corpus,0,3009,B1,B4,B1,gajos,0
4774,noivo,noivo,noivo,B4,B4,noun,freq_corpus,0,3010,B1,B4,B1,noivo,0
4775,tyler,tyler,tyler,B4,B4,noun,freq_corpus,0,3012,B1,B4,B1,tyler,0
4776,seca,seca,seca,B4,B4,noun,freq_corpus,0,3013,B1,B4,B1,seca,0
4777,"feitiço","feitiço","feitiço",B4,B4,noun,freq_corpus,0,3014,B1,B4,B1,"feitiço",0
4778,criminosos,criminosos,criminosos,B4,B4,noun,freq_corpus,0,3015,B1,B4,B1,criminosos,0
4779,atingido,atingido,atingido,B4,B4,noun,freq_corpus,0,3016,B1,B4,B1,atingido,0
4780,usando,usando,usando,B4,B4,noun,freq_corpus,0,3017,B1,B4,B1,usando,0
4781,"circunstâncias","circunstâncias","circunstâncias",B4,B4,noun,freq_corpus,0,3019,B1,B4,B1,"circunstâncias",0
4782,trabalhou,trabalhou,trabalhou,B4,B4,noun,freq_corpus,0,3020,B1,B4,B1,trabalhou,0
4783,preocupa,preocupa,preocupa,B4,B4,noun,freq_corpus,0,3021,B1,B4,B1,preocupa,0
4784,tarefa,tarefa,tarefa,B4,B4,noun,freq_corpus,0,3022,B1,B4,B1,tarefa,0
4785,donna,donna,donna,B4,B4,noun,freq_corpus,0,3023,B1,B4,B1,donna,0
4786,molly,molly,molly,B4,B4,noun,freq_corpus,0,3024,B1,B4,B1,molly,0
4787,cole,cole,cole,B4,B4,noun,freq_corpus,0,3025,B1,B4,B1,cole,0
4788,abrigo,abrigo,abrigo,B4,B4,noun,freq_corpus,0,3027,B1,B4,B1,abrigo,0
4789,"preocupação","preocupação","preocupação",B4,B4,noun,freq_corpus,0,3028,B1,B4,B1,"preocupação",0
4790,telefonema,telefonema,telefonema,B4,B4,noun,freq_corpus,0,3031,B1,B4,B1,telefonema,0
4791,anterior,anterior,anterior,B4,B4,noun,freq_corpus,0,3032,B1,B4,B1,anterior,0
4792,dissesse,dissesse,dissesse,B4,B4,noun,freq_corpus,0,3034,B1,B4,B1,dissesse,0
4793,maravilha,maravilha,maravilha,B4,B4,noun,freq_corpus,0,3037,B1,B4,B1,maravilha,0
4794,piores,piores,piores,B4,B4,noun,freq_corpus,0,3038,B1,B4,B1,piores,0
4795,sistemas,sistemas,sistemas,B4,B4,noun,freq_corpus,0,3039,B1,B4,B1,sistemas,0
4796,hitler,hitler,hitler,B4,B4,noun,freq_corpus,0,3040,B1,B4,B1,hitler,0
4797,ripadas,ripadas,ripadas,B4,B4,noun,freq_corpus,0,3041,B1,B4,B1,ripadas,0
4798,puto,puto,puto,B4,B4,noun,freq_corpus,0,3042,B1,B4,B1,puto,0
4799,pagou,pagou,pagou,B4,B4,noun,freq_corpus,0,3045,B1,B4,B1,pagou,0
4800,pulso,pulso,pulso,B4,B4,noun,freq_corpus,0,3046,B1,B4,B1,pulso,0
4801,derek,derek,derek,B4,B4,noun,freq_corpus,0,3048,B1,B4,B1,derek,0
4802,mesmas,mesmas,mesmas,B4,B4,noun,freq_corpus,0,3051,B1,B4,B1,mesmas,0
4803,"ódio","ódio","ódio",B4,B4,noun,freq_corpus,0,3053,B1,B4,B1,"ódio",0
4804,pagamento,pagamento,pagamento,B4,B4,noun,freq_corpus,0,3054,B1,B4,B1,pagamento,0
4805,escrevi,escrevi,escrevi,B4,B4,noun,freq_corpus,0,3055,B1,B4,B1,escrevi,0
4806,ouvimos,ouvimos,ouvimos,B4,B4,noun,freq_corpus,0,3056,B1,B4,B1,ouvimos,0
4807,katie,katie,katie,B4,B4,noun,freq_corpus,0,3057,B1,B4,B1,katie,0
4808,trabalhas,trabalhas,trabalhas,B4,B4,noun,freq_corpus,0,3058,B1,B4,B1,trabalhas,0
4809,king,king,king,B4,B4,noun,freq_corpus,0,3059,B1,B4,B1,king,0
4810,visitas,visitas,visitas,B4,B4,noun,freq_corpus,0,3060,B1,B4,B1,visitas,0
4811,roy,roy,roy,B4,B4,noun,freq_corpus,0,3062,B1,B4,B1,roy,0
4812,negociar,negociar,negociar,B4,B4,noun,freq_corpus,0,3063,B1,B4,B1,negociar,0
4813,sugiro,sugiro,sugiro,B4,B4,noun,freq_corpus,0,3064,B1,B4,B1,sugiro,0
4814,cruel,cruel,cruel,B4,B4,noun,freq_corpus,0,3065,B1,B4,B1,cruel,0
4815,wilson,wilson,wilson,B4,B4,noun,freq_corpus,0,3066,B1,B4,B1,wilson,0
4816,dispositivo,dispositivo,dispositivo,B4,B4,noun,freq_corpus,0,3067,B1,B4,B1,dispositivo,0
4817,exterior,exterior,exterior,B4,B4,noun,freq_corpus,0,3068,B1,B4,B1,exterior,0
4818,deixas,deixas,deixas,B4,B4,noun,freq_corpus,0,3069,B1,B4,B1,deixas,0
4819,fio,fio,fio,B4,B4,noun,freq_corpus,0,3071,B1,B4,B1,fio,0
4820,nestes,nestes,nestes,B4,B4,noun,freq_corpus,0,3072,B1,B4,B1,nestes,0
4821,arranjou,arranjou,arranjou,B4,B4,noun,freq_corpus,0,3073,B1,B4,B1,arranjou,0
4822,montar,montar,montar,B4,B4,noun,freq_corpus,0,3074,B1,B4,B1,montar,0
4823,passam,passam,passam,B4,B4,noun,freq_corpus,0,3075,B1,B4,B1,passam,0
4824,exames,exames,exames,B4,B4,noun,freq_corpus,0,3076,B1,B4,B1,exames,0
4825,normais,normais,normais,B4,B4,noun,freq_corpus,0,3077,B1,B4,B1,normais,0
4826,virem,virem,virem,B4,B4,noun,freq_corpus,0,3078,B1,B4,B1,virem,0
4827,"comissão","comissão","comissão",B4,B4,noun,freq_corpus,0,3080,B1,B4,B1,"comissão",0
4828,adivinha,adivinha,adivinha,B4,B4,noun,freq_corpus,0,3081,B1,B4,B1,adivinha,0
4829,atrasada,atrasada,atrasada,B4,B4,noun,freq_corpus,0,3083,B1,B4,B1,atrasada,0
4830,sally,sally,sally,B4,B4,noun,freq_corpus,0,3084,B1,B4,B1,sally,0
4831,esqueci,esqueci,esqueci,B4,B4,noun,freq_corpus,0,3087,B1,B4,B1,esqueci,0
4832,nestas,nestas,nestas,B4,B4,noun,freq_corpus,0,3088,B1,B4,B1,nestas,0
4833,trabalhei,trabalhei,trabalhei,B4,B4,noun,freq_corpus,0,3089,B1,B4,B1,trabalhei,0
4834,pareceu,pareceu,pareceu,B4,B4,noun,freq_corpus,0,3090,B1,B4,B1,pareceu,0
4835,chato,chato,chato,B4,B4,noun,freq_corpus,0,3091,B1,B4,B1,chato,0
4836,suficientes,suficientes,suficientes,B4,B4,noun,freq_corpus,0,3096,B1,B4,B1,suficientes,0
4837,recebemos,recebemos,recebemos,B4,B4,noun,freq_corpus,0,3097,B1,B4,B1,recebemos,0
4838,amostra,amostra,amostra,B4,B4,noun,freq_corpus,0,3099,B1,B4,B1,amostra,0
4839,procuramos,procuramos,procuramos,B4,B4,noun,freq_corpus,0,3100,B1,B4,B1,procuramos,0
4840,cego,cego,cego,B4,B4,noun,freq_corpus,0,3101,B1,B4,B1,cego,0
4841,sermos,sermos,sermos,B4,B4,noun,freq_corpus,0,3103,B1,B4,B1,sermos,0
4842,passamos,passamos,passamos,B4,B4,noun,freq_corpus,0,3104,B1,B4,B1,passamos,0
4843,sujeito,sujeito,sujeito,B4,B4,noun,freq_corpus,0,3105,B1,B4,B1,sujeito,0
4844,recompensa,recompensa,recompensa,B4,B4,noun,freq_corpus,0,3106,B1,B4,B1,recompensa,0
4845,ataques,ataques,ataques,B4,B4,noun,freq_corpus,0,3107,B1,B4,B1,ataques,0
4846,limpeza,limpeza,limpeza,B4,B4,noun,freq_corpus,0,3109,B1,B4,B1,limpeza,0
4847,sobe,sobe,sobe,B4,B4,noun,freq_corpus,0,3111,B1,B4,B1,sobe,0
4848,atende,atende,atende,B4,B4,noun,freq_corpus,0,3113,B1,B4,B1,atende,0
4849,perdida,perdida,perdida,B4,B4,noun,freq_corpus,0,3114,B1,B4,B1,perdida,0
4850,folga,folga,folga,B4,B4,noun,freq_corpus,0,3115,B1,B4,B1,folga,0
4851,levei,levei,levei,B4,B4,noun,freq_corpus,0,3117,B1,B4,B1,levei,0
4852,preparados,preparados,preparados,B4,B4,noun,freq_corpus,0,3118,B1,B4,B1,preparados,0
4853,parker,parker,parker,B4,B4,noun,freq_corpus,0,3119,B1,B4,B1,parker,0
4854,homer,homer,homer,B4,B4,noun,freq_corpus,0,3121,B1,B4,B1,homer,0
4855,corta,corta,corta,B4,B4,noun,freq_corpus,0,3123,B1,B4,B1,corta,0
4856,fria,fria,fria,B4,B4,noun,freq_corpus,0,3124,B1,B4,B1,fria,0
4857,terry,terry,terry,B4,B4,noun,freq_corpus,0,3125,B1,B4,B1,terry,0
4858,"lábios","lábios","lábios",B4,B4,noun,freq_corpus,0,3126,B1,B4,B1,"lábios",0
4859,lady,lady,lady,B4,B4,noun,freq_corpus,0,3127,B1,B4,B1,lady,0
4860,porto,porto,porto,B4,B4,noun,freq_corpus,0,3128,B1,B4,B1,porto,0
4861,"declaração","declaração","declaração",B4,B4,noun,freq_corpus,0,3130,B1,B4,B1,"declaração",0
4862,chegado,chegado,chegado,B4,B4,noun,freq_corpus,0,3131,B1,B4,B1,chegado,0
4863,partam,partam,partam,B4,B4,noun,freq_corpus,0,3134,B1,B4,B1,partam,0
4864,"sabíamos","sabíamos","sabíamos",B4,B4,noun,freq_corpus,0,3135,B1,B4,B1,"sabíamos",0
4865,militares,militares,militares,B4,B4,noun,freq_corpus,0,3136,B1,B4,B1,militares,0
4866,deva,deva,deva,B4,B4,noun,freq_corpus,0,3137,B1,B4,B1,deva,0
4867,pus,pus,pus,B4,B4,noun,freq_corpus,0,3138,B1,B4,B1,pus,0
4868,filmar,filmar,filmar,B4,B4,noun,freq_corpus,0,3140,B1,B4,B1,filmar,0
4869,gerente,gerente,gerente,B4,B4,noun,freq_corpus,0,3141,B1,B4,B1,gerente,0
4870,salvou,salvou,salvou,B4,B4,noun,freq_corpus,0,3143,B1,B4,B1,salvou,0
4871,curioso,curioso,curioso,B4,B4,noun,freq_corpus,0,3145,B1,B4,B1,curioso,0
4872,montes,montes,montes,B4,B4,noun,freq_corpus,0,3146,B1,B4,B1,montes,0
4873,brown,brown,brown,B4,B4,noun,freq_corpus,0,3147,B1,B4,B1,brown,0
4874,"aliança","aliança","aliança",B4,B4,noun,freq_corpus,0,3148,B1,B4,B1,"aliança",0
4875,cidades,cidades,cidades,B4,B4,noun,freq_corpus,0,3152,B1,B4,B1,cidades,0
4876,castigo,castigo,castigo,B4,B4,noun,freq_corpus,0,3153,B1,B4,B1,castigo,0
4877,"secção","secção","secção",B4,B4,noun,freq_corpus,0,3155,B1,B4,B1,"secção",0
4878,"homicídios","homicídios","homicídios",B4,B4,noun,freq_corpus,0,3156,B1,B4,B1,"homicídios",0
4879,"deveríamos","deveríamos","deveríamos",B4,B4,noun,freq_corpus,0,3157,B1,B4,B1,"deveríamos",0
4880,adoraria,adoraria,adoraria,B4,B4,noun,freq_corpus,0,3158,B1,B4,B1,adoraria,0
4881,ficarei,ficarei,ficarei,B4,B4,noun,freq_corpus,0,3159,B1,B4,B1,ficarei,0
4882,gira,gira,gira,B4,B4,noun,freq_corpus,0,3160,B1,B4,B1,gira,0
4883,desastre,desastre,desastre,B4,B4,noun,freq_corpus,0,3161,B1,B4,B1,desastre,0
4884,ficheiros,ficheiros,ficheiros,B4,B4,noun,freq_corpus,0,3162,B1,B4,B1,ficheiros,0
4885,arder,arder,arder,B4,B4,noun,freq_corpus,0,3163,B1,B4,B1,arder,0
4886,despedido,despedido,despedido,B4,B4,noun,freq_corpus,0,3168,B1,B4,B1,despedido,0
4887,divertir,divertir,divertir,B4,B4,noun,freq_corpus,0,3169,B1,B4,B1,divertir,0
4888,jay,jay,jay,B4,B4,noun,freq_corpus,0,3170,B1,B4,B1,jay,0
4889,poderiam,poderiam,poderiam,B4,B4,noun,freq_corpus,0,3171,B1,B4,B1,poderiam,0
4890,huh,huh,huh,B4,B4,noun,freq_corpus,0,3174,B1,B4,B1,huh,0
4891,colocou,colocou,colocou,B4,B4,noun,freq_corpus,0,3175,B1,B4,B1,colocou,0
4892,resgate,resgate,resgate,B4,B4,noun,freq_corpus,0,3176,B1,B4,B1,resgate,0
4893,acto,acto,acto,B4,B4,noun,freq_corpus,0,3177,B1,B4,B1,acto,0
4894,maricas,maricas,maricas,B4,B4,noun,freq_corpus,0,3179,B1,B4,B1,maricas,0
4895,voltarei,voltarei,voltarei,B4,B4,noun,freq_corpus,0,3180,B1,B4,B1,voltarei,0
4896,helen,helen,helen,B4,B4,noun,freq_corpus,0,3182,B1,B4,B1,helen,0
4897,acusado,acusado,acusado,B4,B4,noun,freq_corpus,0,3184,B1,B4,B1,acusado,0
4898,encontrarmos,encontrarmos,encontrarmos,B4,B4,noun,freq_corpus,0,3187,B1,B4,B1,encontrarmos,0
4899,"pareço","pareço","pareço",B4,B4,noun,freq_corpus,0,3189,B1,B4,B1,"pareço",0
4900,"aliás","aliás","aliás",B4,B4,noun,freq_corpus,0,3190,B1,B4,B1,"aliás",0
4901,cobertura,cobertura,cobertura,B4,B4,noun,freq_corpus,0,3191,B1,B4,B1,cobertura,0
4902,chateada,chateada,chateada,B4,B4,noun,freq_corpus,0,3192,B1,B4,B1,chateada,0
4903,frango,frango,frango,B4,B4,noun,freq_corpus,0,3194,B1,B4,B1,frango,0
4904,"lançar","lançar","lançar",B4,B4,noun,freq_corpus,0,3196,B1,B4,B1,"lançar",0
4905,"império","império","império",B4,B4,noun,freq_corpus,0,3197,B1,B4,B1,"império",0
4906,convite,convite,convite,B4,B4,noun,freq_corpus,0,3198,B1,B4,B1,convite,0
4907,falhar,falhar,falhar,B4,B4,noun,freq_corpus,0,3199,B1,B4,B1,falhar,0
4908,"gravação","gravação","gravação",B4,B4,noun,freq_corpus,0,3200,B1,B4,B1,"gravação",0
4909,concerto,concerto,concerto,B4,B4,noun,freq_corpus,0,3201,B1,B4,B1,concerto,0
4910,mina,mina,mina,B4,B4,noun,freq_corpus,0,3203,B1,B4,B1,mina,0
4911,oficiais,oficiais,oficiais,B4,B4,noun,freq_corpus,0,3204,B1,B4,B1,oficiais,0
4912,campos,campos,campos,B4,B4,noun,freq_corpus,0,3205,B1,B4,B1,campos,0
4913,terroristas,terroristas,terroristas,B4,B4,noun,freq_corpus,0,3207,B1,B4,B1,terroristas,0
4914,"glória","glória","glória",B4,B4,noun,freq_corpus,0,3208,B1,B4,B1,"glória",0
4915,pacote,pacote,pacote,B4,B4,noun,freq_corpus,0,3209,B1,B4,B1,pacote,0
4916,privada,privada,privada,B4,B4,noun,freq_corpus,0,3210,B1,B4,B1,privada,0
4917,"consequências","consequências","consequências",B4,B4,noun,freq_corpus,0,3212,B1,B4,B1,"consequências",0
4918,vampiros,vampiros,vampiros,B4,B4,noun,freq_corpus,0,3213,B1,B4,B1,vampiros,0
4919,prometi,prometi,prometi,B4,B4,noun,freq_corpus,0,3214,B1,B4,B1,prometi,0
4920,nate,nate,nate,B4,B4,noun,freq_corpus,0,3215,B1,B4,B1,nate,0
4921,cargo,cargo,cargo,B4,B4,noun,freq_corpus,0,3216,B1,B4,B1,cargo,0
4922,tentado,tentado,tentado,B4,B4,noun,freq_corpus,0,3218,B1,B4,B1,tentado,0
4923,"audiência","audiência","audiência",B4,B4,noun,freq_corpus,0,3219,B1,B4,B1,"audiência",0
4924,jamie,jamie,jamie,B4,B4,noun,freq_corpus,0,3220,B1,B4,B1,jamie,0
4925,doutora,doutora,doutora,B4,B4,noun,freq_corpus,0,3221,B1,B4,B1,doutora,0
4926,terias,terias,terias,B4,B4,noun,freq_corpus,0,3222,B1,B4,B1,terias,0
4927,doida,doida,doida,B4,B4,noun,freq_corpus,0,3224,B1,B4,B1,doida,0
4928,mac,mac,mac,B4,B4,noun,freq_corpus,0,3225,B1,B4,B1,mac,0
4929,botas,botas,botas,B4,B4,noun,freq_corpus,0,3226,B1,B4,B1,botas,0
4930,estivesses,estivesses,estivesses,B4,B4,noun,freq_corpus,0,3227,B1,B4,B1,estivesses,0
4931,fantasmas,fantasmas,fantasmas,B4,B4,noun,freq_corpus,0,3228,B1,B4,B1,fantasmas,0
4932,neles,neles,neles,B4,B4,noun,freq_corpus,0,3229,B1,B4,B1,neles,0
4933,pessoais,pessoais,pessoais,B4,B4,noun,freq_corpus,0,3230,B1,B4,B1,pessoais,0
4934,"mudanças","mudanças","mudanças",B4,B4,noun,freq_corpus,0,3232,B1,B4,B1,"mudanças",0
4935,"disponível","disponível","disponível",B4,B4,noun,freq_corpus,0,3233,B1,B4,B1,"disponível",0
4936,suspeitos,suspeitos,suspeitos,B4,B4,noun,freq_corpus,0,3234,B1,B4,B1,suspeitos,0
4937,fizeres,fizeres,fizeres,B4,B4,noun,freq_corpus,0,3235,B1,B4,B1,fizeres,0
4938,cenas,cenas,cenas,B4,B4,noun,freq_corpus,0,3236,B1,B4,B1,cenas,0
4939,show,show,show,B4,B4,noun,freq_corpus,0,3237,B1,B4,B1,show,0
4940,rota,rota,rota,B4,B4,noun,freq_corpus,0,3238,B1,B4,B1,rota,0
4941,prenda,prenda,prenda,B4,B4,noun,freq_corpus,0,3240,B1,B4,B1,prenda,0
4942,"pedaços","pedaços","pedaços",B4,B4,noun,freq_corpus,0,3241,B1,B4,B1,"pedaços",0
4943,jordan,jordan,jordan,B4,B4,noun,freq_corpus,0,3242,B1,B4,B1,jordan,0
4944,gibbs,gibbs,gibbs,B4,B4,noun,freq_corpus,0,3243,B1,B4,B1,gibbs,0
4945,okay,okay,okay,B4,B4,noun,freq_corpus,0,3244,B1,B4,B1,okay,0
4946,sumo,sumo,sumo,B4,B4,noun,freq_corpus,0,3245,B1,B4,B1,sumo,0
4947,favorito,favorito,favorito,B4,B4,noun,freq_corpus,0,3247,B1,B4,B1,favorito,0
4948,estiverem,estiverem,estiverem,B4,B4,noun,freq_corpus,0,3248,B1,B4,B1,estiverem,0
4949,assistir,assistir,assistir,B4,B4,noun,freq_corpus,0,3249,B1,B4,B1,assistir,0
4950,literalmente,literalmente,literalmente,B4,B4,noun,freq_corpus,0,3250,B1,B4,B1,literalmente,0
4951,"combustível","combustível","combustível",B4,B4,noun,freq_corpus,0,3251,B1,B4,B1,"combustível",0
4952,"adaptação","adaptação","adaptação",B4,B4,noun,freq_corpus,0,3252,B1,B4,B1,"adaptação",0
4953,bonitas,bonitas,bonitas,B4,B4,noun,freq_corpus,0,3255,B1,B4,B1,bonitas,0
4954,firme,firme,firme,B4,B4,noun,freq_corpus,0,3256,B1,B4,B1,firme,0
4955,"condição","condição","condição",B4,B4,noun,freq_corpus,0,3257,B1,B4,B1,"condição",0
4956,responda,responda,responda,B4,B4,noun,freq_corpus,0,3258,B1,B4,B1,responda,0
4957,doug,doug,doug,B4,B4,noun,freq_corpus,0,3259,B1,B4,B1,doug,0
4958,olhes,olhes,olhes,B4,B4,noun,freq_corpus,0,3260,B1,B4,B1,olhes,0
4959,janelas,janelas,janelas,B4,B4,noun,freq_corpus,0,3261,B1,B4,B1,janelas,0
4960,seguida,seguida,seguida,B4,B4,noun,freq_corpus,0,3262,B1,B4,B1,seguida,0
4961,autoridades,autoridades,autoridades,B4,B4,noun,freq_corpus,0,3263,B1,B4,B1,autoridades,0
4962,las,las,las,B4,B4,noun,freq_corpus,0,3264,B1,B4,B1,las,0
4963,mudei,mudei,mudei,B4,B4,noun,freq_corpus,0,3265,B1,B4,B1,mudei,0
4964,igualmente,igualmente,igualmente,B4,B4,noun,freq_corpus,0,3267,B1,B4,B1,igualmente,0
4965,randy,randy,randy,B4,B4,noun,freq_corpus,0,3268,B1,B4,B1,randy,0
4966,apaixonada,apaixonada,apaixonada,B4,B4,noun,freq_corpus,0,3269,B1,B4,B1,apaixonada,0
4967,solta,solta,solta,B4,B4,noun,freq_corpus,0,3270,B1,B4,B1,solta,0
4968,identificar,identificar,identificar,B4,B4,noun,freq_corpus,0,3272,B1,B4,B1,identificar,0
4969,"violação","violação","violação",B4,B4,noun,freq_corpus,0,3273,B1,B4,B1,"violação",0
4970,acontecendo,acontecendo,acontecendo,B4,B4,noun,freq_corpus,0,3274,B1,B4,B1,acontecendo,0
4971,libras,libras,libras,B4,B4,noun,freq_corpus,0,3275,B1,B4,B1,libras,0
4972,foge,foge,foge,B4,B4,noun,freq_corpus,0,3277,B1,B4,B1,foge,0
4973,graus,graus,graus,B4,B4,noun,freq_corpus,0,3279,B1,B4,B1,graus,0
4974,desliga,desliga,desliga,B4,B4,noun,freq_corpus,0,3280,B1,B4,B1,desliga,0
4975,sabendo,sabendo,sabendo,B4,B4,noun,freq_corpus,0,3284,B1,B4,B1,sabendo,0
4976,adultos,adultos,adultos,B4,B4,noun,freq_corpus,0,3285,B1,B4,B1,adultos,0
4977,teriam,teriam,teriam,B4,B4,noun,freq_corpus,0,3287,B1,B4,B1,teriam,0
4978,matado,matado,matado,B4,B4,noun,freq_corpus,0,3288,B1,B4,B1,matado,0
4979,pistas,pistas,pistas,B4,B4,noun,freq_corpus,0,3289,B1,B4,B1,pistas,0
4980,"conferência","conferência","conferência",B4,B4,noun,freq_corpus,0,3290,B1,B4,B1,"conferência",0
4981,duplo,duplo,duplo,B4,B4,noun,freq_corpus,0,3291,B1,B4,B1,duplo,0
4982,vila,vila,vila,B4,B4,noun,freq_corpus,0,3292,B1,B4,B1,vila,0
4983,mental,mental,mental,B4,B4,noun,freq_corpus,0,3293,B1,B4,B1,mental,0
4984,justin,justin,justin,B4,B4,noun,freq_corpus,0,3294,B1,B4,B1,justin,0
4985,daria,daria,daria,B4,B4,noun,freq_corpus,0,3295,B1,B4,B1,daria,0
4986,lorde,lorde,lorde,B4,B4,noun,freq_corpus,0,3296,B1,B4,B1,lorde,0
4987,"tivéssemos","tivéssemos","tivéssemos",B4,B4,noun,freq_corpus,0,3297,B1,B4,B1,"tivéssemos",0
4988,miller,miller,miller,B4,B4,noun,freq_corpus,0,3298,B1,B4,B1,miller,0
4989,trabalham,trabalham,trabalham,B4,B4,noun,freq_corpus,0,3300,B1,B4,B1,trabalham,0
4990,casados,casados,casados,B4,B4,noun,freq_corpus,0,3301,B1,B4,B1,casados,0
4991,fresco,fresco,fresco,B4,B4,noun,freq_corpus,0,3303,B1,B4,B1,fresco,0
4992,unidades,unidades,unidades,B4,B4,noun,freq_corpus,0,3304,B1,B4,B1,unidades,0
4993,"refeição","refeição","refeição",B4,B4,noun,freq_corpus,0,3305,B1,B4,B1,"refeição",0
4994,bart,bart,bart,B4,B4,noun,freq_corpus,0,3306,B1,B4,B1,bart,0
4995,"pública","pública","pública",B4,B4,noun,freq_corpus,0,3308,B1,B4,B1,"pública",0
4996,yeah,yeah,yeah,B4,B4,noun,freq_corpus,0,3310,B1,B4,B1,yeah,0
4997,"instruções","instruções","instruções",B4,B4,noun,freq_corpus,0,3311,B1,B4,B1,"instruções",0
4998,espacial,espacial,espacial,B4,B4,noun,freq_corpus,0,3312,B1,B4,B1,espacial,0
4999,houvesse,houvesse,houvesse,B4,B4,noun,freq_corpus,0,3314,B1,B4,B1,houvesse,0
5000,andei,andei,andei,B4,B4,noun,freq_corpus,0,3315,B1,B4,B1,andei,0
5001,acabo,acabo,acabo,B4,B4,noun,freq_corpus,0,3317,B1,B4,B1,acabo,0
5002,incidente,incidente,incidente,B4,B4,noun,freq_corpus,0,3318,B1,B4,B1,incidente,0
5003,"sócio","sócio","sócio",B4,B4,noun,freq_corpus,0,3320,B1,B4,B1,"sócio",0
5004,poderei,poderei,poderei,B4,B4,noun,freq_corpus,0,3323,B1,B4,B1,poderei,0
5005,"começam","começam","começam",B4,B4,noun,freq_corpus,0,3324,B1,B4,B1,"começam",0
5006,descobrimos,descobrimos,descobrimos,B4,B4,noun,freq_corpus,0,3325,B1,B4,B1,descobrimos,0
5007,comece,comece,comece,B4,B4,noun,freq_corpus,0,3326,B1,B4,B1,comece,0
5008,localizar,localizar,localizar,B4,B4,noun,freq_corpus,0,3327,B1,B4,B1,localizar,0
5009,cento,cento,cento,B4,B4,noun,freq_corpus,0,3328,B1,B4,B1,cento,0
5010,"péssimo","péssimo","péssimo",B4,B4,noun,freq_corpus,0,3329,B1,B4,B1,"péssimo",0
5011,davis,davis,davis,B4,B4,noun,freq_corpus,0,3330,B1,B4,B1,davis,0
5012,"passámos","passámos","passámos",B4,B4,noun,freq_corpus,0,3332,B1,B4,B1,"passámos",0
5013,desapareceram,desapareceram,desapareceram,B4,B4,noun,freq_corpus,0,3334,B1,B4,B1,desapareceram,0
5014,lata,lata,lata,B4,B4,noun,freq_corpus,0,3337,B1,B4,B1,lata,0
5015,traidor,traidor,traidor,B4,B4,noun,freq_corpus,0,3338,B1,B4,B1,traidor,0
5016,naves,naves,naves,B4,B4,noun,freq_corpus,0,3339,B1,B4,B1,naves,0
5017,jess,jess,jess,B4,B4,noun,freq_corpus,0,3340,B1,B4,B1,jess,0
5018,venhas,venhas,venhas,B4,B4,noun,freq_corpus,0,3341,B1,B4,B1,venhas,0
5019,gordon,gordon,gordon,B4,B4,noun,freq_corpus,0,3343,B1,B4,B1,gordon,0
5020,falsa,falsa,falsa,B4,B4,noun,freq_corpus,0,3344,B1,B4,B1,falsa,0
5021,bailey,bailey,bailey,B4,B4,noun,freq_corpus,0,3345,B1,B4,B1,bailey,0
5022,bruxas,bruxas,bruxas,B4,B4,noun,freq_corpus,0,3346,B1,B4,B1,bruxas,0
5023,compreende,compreende,compreende,B4,B4,noun,freq_corpus,0,3347,B1,B4,B1,compreende,0
5024,"romântico","romântico","romântico",B4,B4,noun,freq_corpus,0,3349,B1,B4,B1,"romântico",0
5025,gostamos,gostamos,gostamos,B4,B4,noun,freq_corpus,0,3350,B1,B4,B1,gostamos,0
5026,cuecas,cuecas,cuecas,B4,B4,noun,freq_corpus,0,3351,B1,B4,B1,cuecas,0
5027,"cardíaco","cardíaco","cardíaco",B4,B4,noun,freq_corpus,0,3352,B1,B4,B1,"cardíaco",0
5028,"teríamos","teríamos","teríamos",B4,B4,noun,freq_corpus,0,3353,B1,B4,B1,"teríamos",0
5029,"lágrimas","lágrimas","lágrimas",B4,B4,noun,freq_corpus,0,3354,B1,B4,B1,"lágrimas",0
5030,reais,reais,reais,B4,B4,noun,freq_corpus,0,3355,B1,B4,B1,reais,0
5031,olivia,olivia,olivia,B4,B4,noun,freq_corpus,0,3356,B1,B4,B1,olivia,0
5032,livrar,livrar,livrar,B4,B4,noun,freq_corpus,0,3357,B1,B4,B1,livrar,0
5033,feitas,feitas,feitas,B4,B4,noun,freq_corpus,0,3358,B1,B4,B1,feitas,0
5034,jessica,jessica,jessica,B4,B4,noun,freq_corpus,0,3359,B1,B4,B1,jessica,0
5035,cinto,cinto,cinto,B4,B4,noun,freq_corpus,0,3360,B1,B4,B1,cinto,0
5036,seriam,seriam,seriam,B4,B4,noun,freq_corpus,0,3361,B1,B4,B1,seriam,0
5037,estarmos,estarmos,estarmos,B4,B4,noun,freq_corpus,0,3362,B1,B4,B1,estarmos,0
5038,carol,carol,carol,B4,B4,noun,freq_corpus,0,3363,B1,B4,B1,carol,0
5039,vivia,vivia,vivia,B4,B4,noun,freq_corpus,0,3364,B1,B4,B1,vivia,0
5040,criaturas,criaturas,criaturas,B4,B4,noun,freq_corpus,0,3366,B1,B4,B1,criaturas,0
5041,ratos,ratos,ratos,B4,B4,noun,freq_corpus,0,3367,B1,B4,B1,ratos,0
5042,terminado,terminado,terminado,B4,B4,noun,freq_corpus,0,3368,B1,B4,B1,terminado,0
5043,costume,costume,costume,B4,B4,noun,freq_corpus,0,3370,B1,B4,B1,costume,0
5044,boston,boston,boston,B4,B4,noun,freq_corpus,0,3371,B1,B4,B1,boston,0
5045,toby,toby,toby,B4,B4,noun,freq_corpus,0,3372,B1,B4,B1,toby,0
5046,"expressão","expressão","expressão",B4,B4,noun,freq_corpus,0,3373,B1,B4,B1,"expressão",0
5047,perigosa,perigosa,perigosa,B4,B4,noun,freq_corpus,0,3374,B1,B4,B1,perigosa,0
5048,importas,importas,importas,B4,B4,noun,freq_corpus,0,3375,B1,B4,B1,importas,0
5049,asas,asas,asas,B4,B4,noun,freq_corpus,0,3376,B1,B4,B1,asas,0
5050,sexta,sexta,sexta,B4,B4,noun,freq_corpus,0,3377,B1,B4,B1,sexta,0
5051,ombro,ombro,ombro,B4,B4,noun,freq_corpus,0,3378,B1,B4,B1,ombro,0
5052,origem,origem,origem,B4,B4,noun,freq_corpus,0,3379,B1,B4,B1,origem,0
5053,ansioso,ansioso,ansioso,B4,B4,noun,freq_corpus,0,3380,B1,B4,B1,ansioso,0
5054,frankie,frankie,frankie,B4,B4,noun,freq_corpus,0,3381,B1,B4,B1,frankie,0
5055,morrem,morrem,morrem,B4,B4,noun,freq_corpus,0,3383,B1,B4,B1,morrem,0
5056,hollywood,hollywood,hollywood,B4,B4,noun,freq_corpus,0,3384,B1,B4,B1,hollywood,0
5057,tinta,tinta,tinta,B4,B4,noun,freq_corpus,0,3385,B1,B4,B1,tinta,0
5058,felizmente,felizmente,felizmente,B4,B4,noun,freq_corpus,0,3386,B1,B4,B1,felizmente,0
5059,velhote,velhote,velhote,B4,B4,noun,freq_corpus,0,3387,B1,B4,B1,velhote,0
5060,passava,passava,passava,B4,B4,noun,freq_corpus,0,3388,B1,B4,B1,passava,0
5061,incomodar,incomodar,incomodar,B4,B4,noun,freq_corpus,0,3390,B1,B4,B1,incomodar,0
5062,elena,elena,elena,B4,B4,noun,freq_corpus,0,3391,B1,B4,B1,elena,0
5063,filhas,filhas,filhas,B4,B4,noun,freq_corpus,0,3393,B1,B4,B1,filhas,0
5064,"capitã","capitã","capitã",B4,B4,noun,freq_corpus,0,3397,B1,B4,B1,"capitã",0
5065,turma,turma,turma,B4,B4,noun,freq_corpus,0,3400,B1,B4,B1,turma,0
5066,ethan,ethan,ethan,B4,B4,noun,freq_corpus,0,3401,B1,B4,B1,ethan,0
5067,compromisso,compromisso,compromisso,B4,B4,noun,freq_corpus,0,3402,B1,B4,B1,compromisso,0
5068,participar,participar,participar,B4,B4,noun,freq_corpus,0,3404,B1,B4,B1,participar,0
5069,sorrir,sorrir,sorrir,B4,B4,noun,freq_corpus,0,3405,B1,B4,B1,sorrir,0
5070,cabana,cabana,cabana,B4,B4,noun,freq_corpus,0,3407,B1,B4,B1,cabana,0
5071,farta,farta,farta,B4,B4,noun,freq_corpus,0,3408,B1,B4,B1,farta,0
5072,imperador,imperador,imperador,B4,B4,noun,freq_corpus,0,3410,B1,B4,B1,imperador,0
5073,milhas,milhas,milhas,B4,B4,noun,freq_corpus,0,3411,B1,B4,B1,milhas,0
5074,"mamãe","mamãe","mamãe",B4,B4,noun,freq_corpus,0,3413,B1,B4,B1,"mamãe",0
5075,beth,beth,beth,B4,B4,noun,freq_corpus,0,3414,B1,B4,B1,beth,0
5076,"rússia","rússia","rússia",B4,B4,noun,freq_corpus,0,3415,B1,B4,B1,"rússia",0
5077,diamantes,diamantes,diamantes,B4,B4,noun,freq_corpus,0,3417,B1,B4,B1,diamantes,0
5078,wayne,wayne,wayne,B4,B4,noun,freq_corpus,0,3418,B1,B4,B1,wayne,0
5079,aceite,aceite,aceite,B4,B4,noun,freq_corpus,0,3419,B1,B4,B1,aceite,0
5080,paragem,paragem,paragem,B4,B4,noun,freq_corpus,0,3421,B1,B4,B1,paragem,0
5081,"mães","mães","mães",B4,B4,noun,freq_corpus,0,3423,B1,B4,B1,"mães",0
5082,metido,metido,metido,B4,B4,noun,freq_corpus,0,3426,B1,B4,B1,metido,0
5083,pura,pura,pura,B4,B4,noun,freq_corpus,0,3427,B1,B4,B1,pura,0
5084,combater,combater,combater,B4,B4,noun,freq_corpus,0,3428,B1,B4,B1,combater,0
5085,celebrar,celebrar,celebrar,B4,B4,noun,freq_corpus,0,3429,B1,B4,B1,celebrar,0
5086,trinta,trinta,trinta,B4,B4,noun,freq_corpus,0,3430,B1,B4,B1,trinta,0
5087,enviado,enviado,enviado,B4,B4,noun,freq_corpus,0,3431,B1,B4,B1,enviado,0
5088,impostos,impostos,impostos,B4,B4,noun,freq_corpus,0,3432,B1,B4,B1,impostos,0
5089,camisola,camisola,camisola,B4,B4,noun,freq_corpus,0,3433,B1,B4,B1,camisola,0
5090,gostavas,gostavas,gostavas,B4,B4,noun,freq_corpus,0,3434,B1,B4,B1,gostavas,0
5091,largar,largar,largar,B4,B4,noun,freq_corpus,0,3437,B1,B4,B1,largar,0
5092,golfe,golfe,golfe,B4,B4,noun,freq_corpus,0,3438,B1,B4,B1,golfe,0
5093,levem,levem,levem,B4,B4,noun,freq_corpus,0,3440,B1,B4,B1,levem,0
5094,casey,casey,casey,B4,B4,noun,freq_corpus,0,3441,B1,B4,B1,casey,0
5095,escreve,escreve,escreve,B4,B4,noun,freq_corpus,0,3442,B1,B4,B1,escreve,0
5096,internacional,internacional,internacional,B4,B4,noun,freq_corpus,0,3443,B1,B4,B1,internacional,0
5097,monstros,monstros,monstros,B4,B4,noun,freq_corpus,0,3445,B1,B4,B1,monstros,0
5098,"assassínio","assassínio","assassínio",B4,B4,noun,freq_corpus,0,3447,B1,B4,B1,"assassínio",0
5099,"competição","competição","competição",B4,B4,noun,freq_corpus,0,3448,B1,B4,B1,"competição",0
5100,votos,votos,votos,B4,B4,noun,freq_corpus,0,3450,B1,B4,B1,votos,0
5101,gastar,gastar,gastar,B4,B4,noun,freq_corpus,0,3453,B1,B4,B1,gastar,0
5102,prazo,prazo,prazo,B4,B4,noun,freq_corpus,0,3454,B1,B4,B1,prazo,0
5103,resolvido,resolvido,resolvido,B4,B4,noun,freq_corpus,0,3455,B1,B4,B1,resolvido,0
5104,armado,armado,armado,B4,B4,noun,freq_corpus,0,3457,B1,B4,B1,armado,0
5105,"aviões","aviões","aviões",B4,B4,noun,freq_corpus,0,3459,B1,B4,B1,"aviões",0
5106,mortal,mortal,mortal,B4,B4,noun,freq_corpus,0,3460,B1,B4,B1,mortal,0
5107,descobre,descobre,descobre,B4,B4,noun,freq_corpus,0,3462,B1,B4,B1,descobre,0
5108,transformar,transformar,transformar,B4,B4,noun,freq_corpus,0,3463,B1,B4,B1,transformar,0
5109,recolher,recolher,recolher,B4,B4,noun,freq_corpus,0,3464,B1,B4,B1,recolher,0
5110,passear,passear,passear,B4,B4,noun,freq_corpus,0,3466,B1,B4,B1,passear,0
5111,pares,pares,pares,B4,B4,noun,freq_corpus,0,3467,B1,B4,B1,pares,0
5112,marshall,marshall,marshall,B4,B4,noun,freq_corpus,0,3468,B1,B4,B1,marshall,0
5113,odeia,odeia,odeia,B4,B4,noun,freq_corpus,0,3469,B1,B4,B1,odeia,0
5114,romance,romance,romance,B4,B4,noun,freq_corpus,0,3470,B1,B4,B1,romance,0
5115,jeremy,jeremy,jeremy,B4,B4,noun,freq_corpus,0,3472,B1,B4,B1,jeremy,0
5116,"porém","porém","porém",B4,B4,noun,freq_corpus,0,3475,B1,B4,B1,"porém",0
5117,contactar,contactar,contactar,B4,B4,noun,freq_corpus,0,3476,B1,B4,B1,contactar,0
5118,temporada,temporada,temporada,B4,B4,noun,freq_corpus,0,3477,B1,B4,B1,temporada,0
5119,"espião","espião","espião",B4,B4,noun,freq_corpus,0,3478,B1,B4,B1,"espião",0
5120,dylan,dylan,dylan,B4,B4,noun,freq_corpus,0,3479,B1,B4,B1,dylan,0
5121,inspector,inspector,inspector,B4,B4,noun,freq_corpus,0,3481,B1,B4,B1,inspector,0
5122,desporto,desporto,desporto,B4,B4,noun,freq_corpus,0,3482,B1,B4,B1,desporto,0
5123,cai,cai,cai,B4,B4,noun,freq_corpus,0,3484,B1,B4,B1,cai,0
5124,arquivos,arquivos,arquivos,B4,B4,noun,freq_corpus,0,3485,B1,B4,B1,arquivos,0
5125,"média","média","média",B4,B4,noun,freq_corpus,0,3487,B1,B4,B1,"média",0
5126,escolhe,escolhe,escolhe,B4,B4,noun,freq_corpus,0,3488,B1,B4,B1,escolhe,0
5127,walker,walker,walker,B4,B4,noun,freq_corpus,0,3490,B1,B4,B1,walker,0
5128,steven,steven,steven,B4,B4,noun,freq_corpus,0,3491,B1,B4,B1,steven,0
5129,"depósito","depósito","depósito",B4,B4,noun,freq_corpus,0,3492,B1,B4,B1,"depósito",0
5130,resultou,resultou,resultou,B4,B4,noun,freq_corpus,0,3493,B1,B4,B1,resultou,0
5131,"questões","questões","questões",B4,B4,noun,freq_corpus,0,3494,B1,B4,B1,"questões",0
5132,almas,almas,almas,B4,B4,noun,freq_corpus,0,3496,B1,B4,B1,almas,0
5133,"ladrões","ladrões","ladrões",B4,B4,noun,freq_corpus,0,3498,B1,B4,B1,"ladrões",0
5134,anne,anne,anne,B4,B4,noun,freq_corpus,0,3499,B1,B4,B1,anne,0
5135,tentaram,tentaram,tentaram,B4,B4,noun,freq_corpus,0,3500,B1,B4,B1,tentaram,0
5136,encontre,encontre,encontre,B4,B4,noun,freq_corpus,0,3501,B1,B4,B2,encontre,0
5137,"cartões","cartões","cartões",B4,B4,noun,freq_corpus,0,3502,B1,B4,B2,"cartões",0
5138,"pudéssemos","pudéssemos","pudéssemos",B4,B4,noun,freq_corpus,0,3503,B1,B4,B2,"pudéssemos",0
5139,infeliz,infeliz,infeliz,B4,B4,noun,freq_corpus,0,3504,B1,B4,B2,infeliz,0
5140,vigiar,vigiar,vigiar,B4,B4,noun,freq_corpus,0,3506,B1,B4,B2,vigiar,0
5141,permite,permite,permite,B4,B4,noun,freq_corpus,0,3508,B1,B4,B2,permite,0
5142,pila,pila,pila,B4,B4,noun,freq_corpus,0,3510,B1,B4,B2,pila,0
5143,poderemos,poderemos,poderemos,B4,B4,noun,freq_corpus,0,3511,B1,B4,B2,poderemos,0
5144,hum,hum,hum,B4,B4,noun,freq_corpus,0,3512,B1,B4,B2,hum,0
5145,acalmar,acalmar,acalmar,B4,B4,noun,freq_corpus,0,3513,B1,B4,B2,acalmar,0
5146,certos,certos,certos,B4,B4,noun,freq_corpus,0,3514,B1,B4,B2,certos,0
5147,oficialmente,oficialmente,oficialmente,B4,B4,noun,freq_corpus,0,3515,B1,B4,B2,oficialmente,0
5148,estarem,estarem,estarem,B4,B4,noun,freq_corpus,0,3517,B1,B4,B2,estarem,0
5149,"juízo","juízo","juízo",B4,B4,noun,freq_corpus,0,3518,B1,B4,B2,"juízo",0
5150,owen,owen,owen,B4,B4,noun,freq_corpus,0,3520,B1,B4,B2,owen,0
5151,cultura,cultura,cultura,B4,B4,noun,freq_corpus,0,3521,B1,B4,B2,cultura,0
5152,perde,perde,perde,B4,B4,noun,freq_corpus,0,3522,B1,B4,B2,perde,0
5153,tivermos,tivermos,tivermos,B4,B4,noun,freq_corpus,0,3523,B1,B4,B2,tivermos,0
5154,entendeu,entendeu,entendeu,B4,B4,noun,freq_corpus,0,3526,B1,B4,B2,entendeu,0
5155,dada,dada,dada,B4,B4,noun,freq_corpus,0,3527,B1,B4,B2,dada,0
5156,conseguirmos,conseguirmos,conseguirmos,B4,B4,noun,freq_corpus,0,3528,B1,B4,B2,conseguirmos,0
5157,brinde,brinde,brinde,B4,B4,noun,freq_corpus,0,3529,B1,B4,B2,brinde,0
5158,"chinês","chinês","chinês",B4,B4,noun,freq_corpus,0,3530,B1,B4,B2,"chinês",0
5159,espectacular,espectacular,espectacular,B4,B4,noun,freq_corpus,0,3531,B1,B4,B2,espectacular,0
5160,pesado,pesado,pesado,B4,B4,noun,freq_corpus,0,3532,B1,B4,B2,pesado,0
5161,"reforços","reforços","reforços",B4,B4,noun,freq_corpus,0,3533,B1,B4,B2,"reforços",0
5162,catherine,catherine,catherine,B4,B4,noun,freq_corpus,0,3534,B1,B4,B2,catherine,0
5163,pegou,pegou,pegou,B4,B4,noun,freq_corpus,0,3535,B1,B4,B2,pegou,0
5164,apagar,apagar,apagar,B4,B4,noun,freq_corpus,0,3536,B1,B4,B2,apagar,0
5165,corajoso,corajoso,corajoso,B4,B4,noun,freq_corpus,0,3537,B1,B4,B2,corajoso,0
5166,abriu,abriu,abriu,B4,B4,noun,freq_corpus,0,3541,B1,B4,B2,abriu,0
5167,"título","título","título",B4,B4,noun,freq_corpus,0,3543,B1,B4,B2,"título",0
5168,sincronia,sincronia,sincronia,B4,B4,noun,freq_corpus,0,3544,B1,B4,B2,sincronia,0
5169,empresas,empresas,empresas,B4,B4,noun,freq_corpus,0,3545,B1,B4,B2,empresas,0
5170,posse,posse,posse,B4,B4,noun,freq_corpus,0,3546,B1,B4,B2,posse,0
5171,impacto,impacto,impacto,B4,B4,noun,freq_corpus,0,3547,B1,B4,B2,impacto,0
5172,ian,ian,ian,B4,B4,noun,freq_corpus,0,3548,B1,B4,B2,ian,0
5173,riscos,riscos,riscos,B4,B4,noun,freq_corpus,0,3549,B1,B4,B2,riscos,0
5174,"experiências","experiências","experiências",B4,B4,noun,freq_corpus,0,3550,B1,B4,B2,"experiências",0
5175,passaste,passaste,passaste,B4,B4,noun,freq_corpus,0,3551,B1,B4,B2,passaste,0
5176,vistos,vistos,vistos,B4,B4,noun,freq_corpus,0,3552,B1,B4,B2,vistos,0
5177,levam,levam,levam,B4,B4,noun,freq_corpus,0,3553,B1,B4,B2,levam,0
5178,perfil,perfil,perfil,B4,B4,noun,freq_corpus,0,3554,B1,B4,B2,perfil,0
5179,estranhas,estranhas,estranhas,B4,B4,noun,freq_corpus,0,3555,B1,B4,B2,estranhas,0
5180,policial,policial,policial,B4,B4,noun,freq_corpus,0,3556,B1,B4,B2,policial,0
5181,computadores,computadores,computadores,B4,B4,noun,freq_corpus,0,3557,B1,B4,B2,computadores,0
5182,detetive,detetive,detetive,B4,B4,noun,freq_corpus,0,3558,B1,B4,B2,detetive,0
5183,ondas,ondas,ondas,B4,B4,noun,freq_corpus,0,3559,B1,B4,B2,ondas,0
5184,suspeita,suspeita,suspeita,B4,B4,noun,freq_corpus,0,3560,B1,B4,B2,suspeita,0
5185,recado,recado,recado,B4,B4,noun,freq_corpus,0,3561,B1,B4,B2,recado,0
5186,bancos,bancos,bancos,B4,B4,noun,freq_corpus,0,3562,B1,B4,B2,bancos,0
5187,souber,souber,souber,B4,B4,noun,freq_corpus,0,3563,B1,B4,B2,souber,0
5188,recebe,recebe,recebe,B4,B4,noun,freq_corpus,0,3564,B1,B4,B2,recebe,0
5189,procurando,procurando,procurando,B4,B4,noun,freq_corpus,0,3567,B1,B4,B2,procurando,0
5190,desconhecido,desconhecido,desconhecido,B4,B4,noun,freq_corpus,0,3571,B1,B4,B2,desconhecido,0
5191,comi,comi,comi,B4,B4,noun,freq_corpus,0,3572,B1,B4,B2,comi,0
5192,dispara,dispara,dispara,B4,B4,noun,freq_corpus,0,3573,B1,B4,B2,dispara,0
5193,interessada,interessada,interessada,B4,B4,noun,freq_corpus,0,3574,B1,B4,B2,interessada,0
5194,plantas,plantas,plantas,B4,B4,noun,freq_corpus,0,3575,B1,B4,B2,plantas,0
5195,considerar,considerar,considerar,B4,B4,noun,freq_corpus,0,3576,B1,B4,B2,considerar,0
5196,"emoções","emoções","emoções",B4,B4,noun,freq_corpus,0,3577,B1,B4,B2,"emoções",0
5197,ficheiro,ficheiro,ficheiro,B4,B4,noun,freq_corpus,0,3578,B1,B4,B2,ficheiro,0
5198,west,west,west,B4,B4,noun,freq_corpus,0,3580,B1,B4,B2,west,0
5199,efeitos,efeitos,efeitos,B4,B4,noun,freq_corpus,0,3583,B1,B4,B2,efeitos,0
5200,"engraçada","engraçada","engraçada",B4,B4,noun,freq_corpus,0,3585,B1,B4,B2,"engraçada",0
5201,besta,besta,besta,B4,B4,noun,freq_corpus,0,3588,B1,B4,B2,besta,0
5202,carrie,carrie,carrie,B4,B4,noun,freq_corpus,0,3592,B1,B4,B2,carrie,0
5203,salto,salto,salto,B4,B4,noun,freq_corpus,0,3594,B1,B4,B2,salto,0
5204,pediste,pediste,pediste,B4,B4,noun,freq_corpus,0,3595,B1,B4,B2,pediste,0
5205,surpreendido,surpreendido,surpreendido,B4,B4,noun,freq_corpus,0,3597,B1,B4,B2,surpreendido,0
5206,mexa,mexa,mexa,B4,B4,noun,freq_corpus,0,3598,B1,B4,B2,mexa,0
5207,aborrecido,aborrecido,aborrecido,B4,B4,noun,freq_corpus,0,3599,B1,B4,B2,aborrecido,0
5208,michelle,michelle,michelle,B4,B4,noun,freq_corpus,0,3600,B1,B4,B2,michelle,0
5209,burro,burro,burro,B4,B4,noun,freq_corpus,0,3601,B1,B4,B2,burro,0
5210,equipas,equipas,equipas,B4,B4,noun,freq_corpus,0,3602,B1,B4,B2,equipas,0
5211,nasci,nasci,nasci,B4,B4,noun,freq_corpus,0,3603,B1,B4,B2,nasci,0
5212,"multidão","multidão","multidão",B4,B4,noun,freq_corpus,0,3607,B1,B4,B2,"multidão",0
5213,sentada,sentada,sentada,B4,B4,noun,freq_corpus,0,3608,B1,B4,B2,sentada,0
5214,lou,lou,lou,B4,B4,noun,freq_corpus,0,3610,B1,B4,B2,lou,0
5215,usei,usei,usei,B4,B4,noun,freq_corpus,0,3611,B1,B4,B2,usei,0
5216,rasto,rasto,rasto,B4,B4,noun,freq_corpus,0,3613,B1,B4,B2,rasto,0
5217,iniciar,iniciar,iniciar,B4,B4,noun,freq_corpus,0,3614,B1,B4,B2,iniciar,0
5218,marty,marty,marty,B4,B4,noun,freq_corpus,0,3615,B1,B4,B2,marty,0
5219,imaginei,imaginei,imaginei,B4,B4,noun,freq_corpus,0,3616,B1,B4,B2,imaginei,0
5220,"reacção","reacção","reacção",B4,B4,noun,freq_corpus,0,3617,B1,B4,B2,"reacção",0
5221,mortas,mortas,mortas,B4,B4,noun,freq_corpus,0,3618,B1,B4,B2,mortas,0
5222,"reféns","reféns","reféns",B4,B4,noun,freq_corpus,0,3619,B1,B4,B2,"reféns",0
5223,chffffff,chffffff,chffffff,B4,B4,noun,freq_corpus,0,3620,B1,B4,B2,chffffff,0
5224,"saíram","saíram","saíram",B4,B4,noun,freq_corpus,0,3621,B1,B4,B2,"saíram",0
5225,fazerem,fazerem,fazerem,B4,B4,noun,freq_corpus,0,3622,B1,B4,B2,fazerem,0
5226,"uísque","uísque","uísque",B4,B4,noun,freq_corpus,0,3623,B1,B4,B2,"uísque",0
5227,andou,andou,andou,B4,B4,noun,freq_corpus,0,3624,B1,B4,B2,andou,0
5228,podermos,podermos,podermos,B4,B4,noun,freq_corpus,0,3625,B1,B4,B2,podermos,0
5229,hannah,hannah,hannah,B4,B4,noun,freq_corpus,0,3628,B1,B4,B2,hannah,0
5230,"pénis","pénis","pénis",B4,B4,noun,freq_corpus,0,3629,B1,B4,B2,"pénis",0
5231,doze,doze,doze,B4,B4,noun,freq_corpus,0,3630,B1,B4,B2,doze,0
5232,vince,vince,vince,B4,B4,noun,freq_corpus,0,3631,B1,B4,B2,vince,0
5233,costuma,costuma,costuma,B4,B4,noun,freq_corpus,0,3632,B1,B4,B2,costuma,0
5234,orgulhosa,orgulhosa,orgulhosa,B4,B4,noun,freq_corpus,0,3633,B1,B4,B2,orgulhosa,0
5235,"águas","águas","águas",B4,B4,noun,freq_corpus,0,3634,B1,B4,B2,"águas",0
5236,booth,booth,booth,B4,B4,noun,freq_corpus,0,3635,B1,B4,B2,booth,0
5237,salva,salva,salva,B4,B4,noun,freq_corpus,0,3636,B1,B4,B2,salva,0
5238,disparate,disparate,disparate,B4,B4,noun,freq_corpus,0,3637,B1,B4,B2,disparate,0
5239,disparou,disparou,disparou,B4,B4,noun,freq_corpus,0,3640,B1,B4,B2,disparou,0
5240,malditos,malditos,malditos,B4,B4,noun,freq_corpus,0,3641,B1,B4,B2,malditos,0
5241,mantenha,mantenha,mantenha,B4,B4,noun,freq_corpus,0,3642,B1,B4,B2,mantenha,0
5242,escolhido,escolhido,escolhido,B4,B4,noun,freq_corpus,0,3643,B1,B4,B2,escolhido,0
5243,pau,pau,pau,B4,B4,noun,freq_corpus,0,3644,B1,B4,B2,pau,0
5244,"voltará","voltará","voltará",B4,B4,noun,freq_corpus,0,3645,B1,B4,B2,"voltará",0
5245,foda,foda,foda,B4,B4,noun,freq_corpus,0,3646,B1,B4,B2,foda,0
5246,"demónios","demónios","demónios",B4,B4,noun,freq_corpus,0,3647,B1,B4,B2,"demónios",0
5247,rica,rica,rica,B4,B4,noun,freq_corpus,0,3648,B1,B4,B2,rica,0
5248,"geração","geração","geração",B4,B4,noun,freq_corpus,0,3649,B1,B4,B2,"geração",0
5249,usava,usava,usava,B4,B4,noun,freq_corpus,0,3650,B1,B4,B2,usava,0
5250,gatos,gatos,gatos,B4,B4,noun,freq_corpus,0,3651,B1,B4,B2,gatos,0
5251,dick,dick,dick,B4,B4,noun,freq_corpus,0,3652,B1,B4,B2,dick,0
5252,deverias,deverias,deverias,B4,B4,noun,freq_corpus,0,3654,B1,B4,B2,deverias,0
5253,"meritíssimo","meritíssimo","meritíssimo",B4,B4,noun,freq_corpus,0,3657,B1,B4,B2,"meritíssimo",0
5254,gravar,gravar,gravar,B4,B4,noun,freq_corpus,0,3662,B1,B4,B2,gravar,0
5255,brad,brad,brad,B4,B4,noun,freq_corpus,0,3663,B1,B4,B2,brad,0
5256,farias,farias,farias,B4,B4,noun,freq_corpus,0,3665,B1,B4,B2,farias,0
5257,comeu,comeu,comeu,B4,B4,noun,freq_corpus,0,3666,B1,B4,B2,comeu,0
5258,angela,angela,angela,B4,B4,noun,freq_corpus,0,3667,B1,B4,B2,angela,0
5259,dizeres,dizeres,dizeres,B4,B4,noun,freq_corpus,0,3668,B1,B4,B2,dizeres,0
5260,desejos,desejos,desejos,B4,B4,noun,freq_corpus,0,3669,B1,B4,B2,desejos,0
5261,joga,joga,joga,B4,B4,noun,freq_corpus,0,3670,B1,B4,B2,joga,0
5262,chegam,chegam,chegam,B4,B4,noun,freq_corpus,0,3671,B1,B4,B2,chegam,0
5263,russell,russell,russell,B4,B4,noun,freq_corpus,0,3672,B1,B4,B2,russell,0
5264,aaron,aaron,aaron,B4,B4,noun,freq_corpus,0,3673,B1,B4,B2,aaron,0
5265,"existência","existência","existência",B4,B4,noun,freq_corpus,0,3675,B1,B4,B2,"existência",0
5266,primeiras,primeiras,primeiras,B4,B4,noun,freq_corpus,0,3677,B1,B4,B2,primeiras,0
5267,sofreu,sofreu,sofreu,B4,B4,noun,freq_corpus,0,3678,B1,B4,B2,sofreu,0
5268,mate,mate,mate,B4,B4,noun,freq_corpus,0,3680,B1,B4,B2,mate,0
5269,secretos,secretos,secretos,B4,B4,noun,freq_corpus,0,3681,B1,B4,B2,secretos,0
5270,novidades,novidades,novidades,B4,B4,noun,freq_corpus,0,3683,B1,B4,B2,novidades,0
5271,ellen,ellen,ellen,B4,B4,noun,freq_corpus,0,3684,B1,B4,B2,ellen,0
5272,"pássaros","pássaros","pássaros",B4,B4,noun,freq_corpus,0,3685,B1,B4,B2,"pássaros",0
5273,pouca,pouca,pouca,B4,B4,noun,freq_corpus,0,3687,B1,B4,B2,pouca,0
5274,"plástico","plástico","plástico",B4,B4,noun,freq_corpus,0,3688,B1,B4,B2,"plástico",0
5275,sammy,sammy,sammy,B4,B4,noun,freq_corpus,0,3689,B1,B4,B2,sammy,0
5276,"séculos","séculos","séculos",B4,B4,noun,freq_corpus,0,3690,B1,B4,B2,"séculos",0
5277,despedir,despedir,despedir,B4,B4,noun,freq_corpus,0,3691,B1,B4,B2,despedir,0
5278,rodas,rodas,rodas,B4,B4,noun,freq_corpus,0,3692,B1,B4,B2,rodas,0
5279,basebol,basebol,basebol,B4,B4,noun,freq_corpus,0,3693,B1,B4,B2,basebol,0
5280,"alô","alô","alô",B4,B4,noun,freq_corpus,0,3696,B1,B4,B2,"alô",0
5281,compreendes,compreendes,compreendes,B4,B4,noun,freq_corpus,0,3698,B1,B4,B2,compreendes,0
5282,beco,beco,beco,B4,B4,noun,freq_corpus,0,3699,B1,B4,B2,beco,0
5283,repito,repito,repito,B4,B4,noun,freq_corpus,0,3700,B1,B4,B2,repito,0
5284,"cerimónia","cerimónia","cerimónia",B4,B4,noun,freq_corpus,0,3701,B1,B4,B2,"cerimónia",0
5285,house,house,house,B4,B4,noun,freq_corpus,0,3702,B1,B4,B2,house,0
5286,atirou,atirou,atirou,B4,B4,noun,freq_corpus,0,3703,B1,B4,B2,atirou,0
5287,conseguires,conseguires,conseguires,B4,B4,noun,freq_corpus,0,3707,B1,B4,B2,conseguires,0
5288,precisamente,precisamente,precisamente,B4,B4,noun,freq_corpus,0,3709,B1,B4,B2,precisamente,0
5289,pecado,pecado,pecado,B4,B4,noun,freq_corpus,0,3710,B1,B4,B2,pecado,0
5290,nancy,nancy,nancy,B4,B4,noun,freq_corpus,0,3711,B1,B4,B2,nancy,0
5291,nobre,nobre,nobre,B4,B4,noun,freq_corpus,0,3712,B1,B4,B2,nobre,0
5292,tragam,tragam,tragam,B4,B4,noun,freq_corpus,0,3713,B1,B4,B2,tragam,0
5293,grant,grant,grant,B4,B4,noun,freq_corpus,0,3714,B1,B4,B2,grant,0
5294,sincronizadas,sincronizadas,sincronizadas,B4,B4,noun,freq_corpus,0,3715,B1,B4,B2,sincronizadas,0
5295,"oxigénio","oxigénio","oxigénio",B4,B4,noun,freq_corpus,0,3717,B1,B4,B2,"oxigénio",0
5296,levas,levas,levas,B4,B4,noun,freq_corpus,0,3718,B1,B4,B2,levas,0
5297,cores,cores,cores,B4,B4,noun,freq_corpus,0,3720,B1,B4,B2,cores,0
5298,julgar,julgar,julgar,B4,B4,noun,freq_corpus,0,3721,B1,B4,B2,julgar,0
5299,vira,vira,vira,B4,B4,noun,freq_corpus,0,3722,B1,B4,B2,vira,0
5300,acordei,acordei,acordei,B4,B4,noun,freq_corpus,0,3723,B1,B4,B2,acordei,0
5301,familia,familia,familia,B4,B4,noun,freq_corpus,0,3724,B1,B4,B2,familia,0
5302,formos,formos,formos,B4,B4,noun,freq_corpus,0,3725,B1,B4,B2,formos,0
5303,"aérea","aérea","aérea",B4,B4,noun,freq_corpus,0,3726,B1,B4,B2,"aérea",0
5304,imensa,imensa,imensa,B4,B4,noun,freq_corpus,0,3727,B1,B4,B2,imensa,0
5305,capa,capa,capa,B4,B4,noun,freq_corpus,0,3728,B1,B4,B2,capa,0
5306,"pôde","pôde","pôde",B4,B4,noun,freq_corpus,0,3731,B1,B4,B2,"pôde",0
5307,nina,nina,nina,B4,B4,noun,freq_corpus,0,3732,B1,B4,B2,nina,0
5308,cigarros,cigarros,cigarros,B4,B4,noun,freq_corpus,0,3733,B1,B4,B2,cigarros,0
5309,faziam,faziam,faziam,B4,B4,noun,freq_corpus,0,3734,B1,B4,B2,faziam,0
5310,"confissão","confissão","confissão",B4,B4,noun,freq_corpus,0,3736,B1,B4,B2,"confissão",0
5311,esperei,esperei,esperei,B4,B4,noun,freq_corpus,0,3737,B1,B4,B2,esperei,0
5312,mete,mete,mete,B4,B4,noun,freq_corpus,0,3738,B1,B4,B2,mete,0
5313,viagens,viagens,viagens,B4,B4,noun,freq_corpus,0,3740,B1,B4,B2,viagens,0
5314,puxar,puxar,puxar,B4,B4,noun,freq_corpus,0,3741,B1,B4,B2,puxar,0
5315,linguagem,linguagem,linguagem,B4,B4,noun,freq_corpus,0,3742,B1,B4,B2,linguagem,0
5316,redor,redor,redor,B4,B4,noun,freq_corpus,0,3746,B1,B4,B2,redor,0
5317,"dês","dês","dês",B4,B4,noun,freq_corpus,0,3747,B1,B4,B2,"dês",0
5318,quilos,quilos,quilos,B4,B4,noun,freq_corpus,0,3749,B1,B4,B2,quilos,0
5319,edward,edward,edward,B4,B4,noun,freq_corpus,0,3750,B1,B4,B2,edward,0
5320,"heróis","heróis","heróis",B4,B4,noun,freq_corpus,0,3751,B1,B4,B2,"heróis",0
5321,altamente,altamente,altamente,B4,B4,noun,freq_corpus,0,3752,B1,B4,B2,altamente,0
5322,caminhar,caminhar,caminhar,B4,B4,noun,freq_corpus,0,3753,B1,B4,B2,caminhar,0
5323,criada,criada,criada,B4,B4,noun,freq_corpus,0,3754,B1,B4,B2,criada,0
5324,baixar,baixar,baixar,B4,B4,noun,freq_corpus,0,3755,B1,B4,B2,baixar,0
5325,"cidadãos","cidadãos","cidadãos",B4,B4,noun,freq_corpus,0,3758,B1,B4,B2,"cidadãos",0
5326,curto,curto,curto,B4,B4,noun,freq_corpus,0,3760,B1,B4,B2,curto,0
5327,damos,damos,damos,B4,B4,noun,freq_corpus,0,3761,B1,B4,B2,damos,0
5328,rips,rips,rips,B4,B4,noun,freq_corpus,0,3762,B1,B4,B2,rips,0
5329,dali,dali,dali,B4,B4,noun,freq_corpus,0,3763,B1,B4,B2,dali,0
5330,vazia,vazia,vazia,B4,B4,noun,freq_corpus,0,3764,B1,B4,B2,vazia,0
5331,testar,testar,testar,B4,B4,noun,freq_corpus,0,3765,B1,B4,B2,testar,0
5332,apontar,apontar,apontar,B4,B4,noun,freq_corpus,0,3766,B1,B4,B2,apontar,0
5333,recente,recente,recente,B4,B4,noun,freq_corpus,0,3767,B1,B4,B2,recente,0
5334,apostas,apostas,apostas,B4,B4,noun,freq_corpus,0,3768,B1,B4,B2,apostas,0
5335,piadas,piadas,piadas,B4,B4,noun,freq_corpus,0,3769,B1,B4,B2,piadas,0
5336,personagem,personagem,personagem,B4,B4,noun,freq_corpus,0,3770,B1,B4,B2,personagem,0
5337,logan,logan,logan,B4,B4,noun,freq_corpus,0,3771,B1,B4,B2,logan,0
5338,acompanhar,acompanhar,acompanhar,B4,B4,noun,freq_corpus,0,3772,B1,B4,B2,acompanhar,0
5339,saibam,saibam,saibam,B4,B4,noun,freq_corpus,0,3774,B1,B4,B2,saibam,0
5340,atingir,atingir,atingir,B4,B4,noun,freq_corpus,0,3776,B1,B4,B2,atingir,0
5341,poderosa,poderosa,poderosa,B4,B4,noun,freq_corpus,0,3778,B1,B4,B2,poderosa,0
5342,disfarce,disfarce,disfarce,B4,B4,noun,freq_corpus,0,3779,B1,B4,B2,disfarce,0
5343,matthew,matthew,matthew,B4,B4,noun,freq_corpus,0,3780,B1,B4,B2,matthew,0
5344,voltaram,voltaram,voltaram,B4,B4,noun,freq_corpus,0,3781,B1,B4,B2,voltaram,0
5345,"relatórios","relatórios","relatórios",B4,B4,noun,freq_corpus,0,3782,B1,B4,B2,"relatórios",0
5346,poderias,poderias,poderias,B4,B4,noun,freq_corpus,0,3783,B1,B4,B2,poderias,0
5347,atira,atira,atira,B4,B4,noun,freq_corpus,0,3785,B1,B4,B2,atira,0
5348,ultrapassar,ultrapassar,ultrapassar,B4,B4,noun,freq_corpus,0,3786,B1,B4,B2,ultrapassar,0
5349,"exposição","exposição","exposição",B4,B4,noun,freq_corpus,0,3787,B1,B4,B2,"exposição",0
5350,condicional,condicional,condicional,B4,B4,noun,freq_corpus,0,3788,B1,B4,B2,condicional,0
5351,"ginásio","ginásio","ginásio",B4,B4,noun,freq_corpus,0,3789,B1,B4,B2,"ginásio",0
5352,mentiu,mentiu,mentiu,B4,B4,noun,freq_corpus,0,3790,B1,B4,B2,mentiu,0
5353,"abençoe","abençoe","abençoe",B4,B4,noun,freq_corpus,0,3791,B1,B4,B2,"abençoe",0
5354,andamos,andamos,andamos,B4,B4,noun,freq_corpus,0,3792,B1,B4,B2,andamos,0
5355,shane,shane,shane,B4,B4,noun,freq_corpus,0,3794,B1,B4,B2,shane,0
5356,tiroteio,tiroteio,tiroteio,B4,B4,noun,freq_corpus,0,3795,B1,B4,B2,tiroteio,0
5357,jennifer,jennifer,jennifer,B4,B4,noun,freq_corpus,0,3797,B1,B4,B2,jennifer,0
5358,betty,betty,betty,B4,B4,noun,freq_corpus,0,3798,B1,B4,B2,betty,0
5359,levanta,levanta,levanta,B4,B4,noun,freq_corpus,0,3799,B1,B4,B2,levanta,0
5360,nascimento,nascimento,nascimento,B4,B4,noun,freq_corpus,0,3800,B1,B4,B2,nascimento,0
5361,pedimos,pedimos,pedimos,B4,B4,noun,freq_corpus,0,3801,B1,B4,B2,pedimos,0
5362,copos,copos,copos,B4,B4,noun,freq_corpus,0,3802,B1,B4,B2,copos,0
5363,miles,miles,miles,B4,B4,noun,freq_corpus,0,3803,B1,B4,B2,miles,0
5364,acontecem,acontecem,acontecem,B4,B4,noun,freq_corpus,0,3804,B1,B4,B2,acontecem,0
5365,quinn,quinn,quinn,B4,B4,noun,freq_corpus,0,3805,B1,B4,B2,quinn,0
5366,"sítios","sítios","sítios",B4,B4,noun,freq_corpus,0,3807,B1,B4,B2,"sítios",0
5367,estudos,estudos,estudos,B4,B4,noun,freq_corpus,0,3808,B1,B4,B2,estudos,0
5368,descobriste,descobriste,descobriste,B4,B4,noun,freq_corpus,0,3809,B1,B4,B2,descobriste,0
5369,todd,todd,todd,B4,B4,noun,freq_corpus,0,3810,B1,B4,B2,todd,0
5370,patrulha,patrulha,patrulha,B4,B4,noun,freq_corpus,0,3811,B1,B4,B2,patrulha,0
5371,"jóias","jóias","jóias",B4,B4,noun,freq_corpus,0,3812,B1,B4,B2,"jóias",0
5372,"detrás","detrás","detrás",B4,B4,noun,freq_corpus,0,3813,B1,B4,B2,"detrás",0
5373,hein,hein,hein,B4,B4,noun,freq_corpus,0,3814,B1,B4,B2,hein,0
5374,voltares,voltares,voltares,B4,B4,noun,freq_corpus,0,3815,B1,B4,B2,voltares,0
5375,condutor,condutor,condutor,B4,B4,noun,freq_corpus,0,3816,B1,B4,B2,condutor,0
5376,doc,doc,doc,B4,B4,noun,freq_corpus,0,3818,B1,B4,B2,doc,0
5377,stephen,stephen,stephen,B4,B4,noun,freq_corpus,0,3820,B1,B4,B2,stephen,0
5378,goste,goste,goste,B4,B4,noun,freq_corpus,0,3821,B1,B4,B2,goste,0
5379,parto,parto,parto,B4,B4,noun,freq_corpus,0,3822,B1,B4,B2,parto,0
5380,pergunte,pergunte,pergunte,B4,B4,noun,freq_corpus,0,3824,B1,B4,B2,pergunte,0
5381,black,black,black,B4,B4,noun,freq_corpus,0,3825,B1,B4,B2,black,0
5382,mentes,mentes,mentes,B4,B4,noun,freq_corpus,0,3826,B1,B4,B2,mentes,0
5383,trabalhamos,trabalhamos,trabalhamos,B4,B4,noun,freq_corpus,0,3828,B1,B4,B2,trabalhamos,0
5384,entregue,entregue,entregue,B4,B4,noun,freq_corpus,0,3829,B1,B4,B2,entregue,0
5385,olhadela,olhadela,olhadela,B4,B4,noun,freq_corpus,0,3830,B1,B4,B2,olhadela,0
5386,lincoln,lincoln,lincoln,B4,B4,noun,freq_corpus,0,3832,B1,B4,B2,lincoln,0
5387,pensem,pensem,pensem,B4,B4,noun,freq_corpus,0,3833,B1,B4,B2,pensem,0
5388,"países","países","países",B4,B4,noun,freq_corpus,0,3834,B1,B4,B2,"países",0
5389,honestamente,honestamente,honestamente,B4,B4,noun,freq_corpus,0,3835,B1,B4,B2,honestamente,0
5390,"noção","noção","noção",B4,B4,noun,freq_corpus,0,3836,B1,B4,B2,"noção",0
5391,deter,deter,deter,B4,B4,noun,freq_corpus,0,3837,B1,B4,B2,deter,0
5392,paige,paige,paige,B4,B4,noun,freq_corpus,0,3838,B1,B4,B2,paige,0
5393,phoebe,phoebe,phoebe,B4,B4,noun,freq_corpus,0,3839,B1,B4,B2,phoebe,0
5394,caroline,caroline,caroline,B4,B4,noun,freq_corpus,0,3841,B1,B4,B2,caroline,0
5395,anjos,anjos,anjos,B4,B4,noun,freq_corpus,0,3842,B1,B4,B2,anjos,0
5396,coloca,coloca,coloca,B4,B4,noun,freq_corpus,0,3844,B1,B4,B2,coloca,0
5397,tema,tema,tema,B4,B4,noun,freq_corpus,0,3845,B1,B4,B2,tema,0
5398,harold,harold,harold,B4,B4,noun,freq_corpus,0,3846,B1,B4,B2,harold,0
5399,albert,albert,albert,B4,B4,noun,freq_corpus,0,3847,B1,B4,B2,albert,0
5400,abertos,abertos,abertos,B4,B4,noun,freq_corpus,0,3851,B1,B4,B2,abertos,0
5401,perseguir,perseguir,perseguir,B4,B4,noun,freq_corpus,0,3852,B1,B4,B2,perseguir,0
5402,trazido,trazido,trazido,B4,B4,noun,freq_corpus,0,3853,B1,B4,B2,trazido,0
5403,grupos,grupos,grupos,B4,B4,noun,freq_corpus,0,3855,B1,B4,B2,grupos,0
5404,conseguido,conseguido,conseguido,B4,B4,noun,freq_corpus,0,3856,B1,B4,B2,conseguido,0
5405,assinatura,assinatura,assinatura,B4,B4,noun,freq_corpus,0,3857,B1,B4,B2,assinatura,0
5406,"egoísta","egoísta","egoísta",B4,B4,noun,freq_corpus,0,3858,B1,B4,B2,"egoísta",0
5407,dormi,dormi,dormi,B4,B4,noun,freq_corpus,0,3859,B1,B4,B2,dormi,0
5408,reparei,reparei,reparei,B4,B4,noun,freq_corpus,0,3861,B1,B4,B2,reparei,0
5409,leonard,leonard,leonard,B4,B4,noun,freq_corpus,0,3862,B1,B4,B2,leonard,0
5410,dizemos,dizemos,dizemos,B4,B4,noun,freq_corpus,0,3864,B1,B4,B2,dizemos,0
5411,joseph,joseph,joseph,B4,B4,noun,freq_corpus,0,3867,B1,B4,B2,joseph,0
5412,bloco,bloco,bloco,B4,B4,noun,freq_corpus,0,3870,B1,B4,B2,bloco,0
5413,contado,contado,contado,B4,B4,noun,freq_corpus,0,3871,B1,B4,B2,contado,0
5414,cassete,cassete,cassete,B4,B4,noun,freq_corpus,0,3873,B1,B4,B2,cassete,0
5415,"tragédia","tragédia","tragédia",B4,B4,noun,freq_corpus,0,3874,B1,B4,B2,"tragédia",0
5416,empregados,empregados,empregados,B4,B4,noun,freq_corpus,0,3875,B1,B4,B2,empregados,0
5417,bonnie,bonnie,bonnie,B4,B4,noun,freq_corpus,0,3876,B1,B4,B2,bonnie,0
5418,cometeu,cometeu,cometeu,B4,B4,noun,freq_corpus,0,3877,B1,B4,B2,cometeu,0
5419,cientista,cientista,cientista,B4,B4,noun,freq_corpus,0,3878,B1,B4,B2,cientista,0
5420,"corações","corações","corações",B4,B4,noun,freq_corpus,0,3880,B1,B4,B2,"corações",0
5421,marie,marie,marie,B4,B4,noun,freq_corpus,0,3881,B1,B4,B2,marie,0
5422,"destruído","destruído","destruído",B4,B4,noun,freq_corpus,0,3882,B1,B4,B2,"destruído",0
5423,civis,civis,civis,B4,B4,noun,freq_corpus,0,3883,B1,B4,B2,civis,0
5424,planeado,planeado,planeado,B4,B4,noun,freq_corpus,0,3884,B1,B4,B2,planeado,0
5425,tecnicamente,tecnicamente,tecnicamente,B4,B4,noun,freq_corpus,0,3885,B1,B4,B2,tecnicamente,0
5426,liam,liam,liam,B4,B4,noun,freq_corpus,0,3887,B1,B4,B2,liam,0
5427,cientistas,cientistas,cientistas,B4,B4,noun,freq_corpus,0,3888,B1,B4,B2,cientistas,0
5428,verdadeiros,verdadeiros,verdadeiros,B4,B4,noun,freq_corpus,0,3891,B1,B4,B2,verdadeiros,0
5429,sagrado,sagrado,sagrado,B4,B4,noun,freq_corpus,0,3892,B1,B4,B2,sagrado,0
5430,meias,meias,meias,B4,B4,noun,freq_corpus,0,3893,B1,B4,B2,meias,0
5431,connor,connor,connor,B4,B4,noun,freq_corpus,0,3894,B1,B4,B2,connor,0
5432,durar,durar,durar,B4,B4,noun,freq_corpus,0,3895,B1,B4,B2,durar,0
5433,deixares,deixares,deixares,B4,B4,noun,freq_corpus,0,3896,B1,B4,B2,deixares,0
5434,mudaram,mudaram,mudaram,B4,B4,noun,freq_corpus,0,3898,B1,B4,B2,mudaram,0
5435,falhado,falhado,falhado,B4,B4,noun,freq_corpus,0,3899,B1,B4,B2,falhado,0
5436,"japão","japão","japão",B4,B4,noun,freq_corpus,0,3900,B1,B4,B2,"japão",0
5437,mereces,mereces,mereces,B4,B4,noun,freq_corpus,0,3901,B1,B4,B2,mereces,0
5438,contudo,contudo,contudo,B4,B4,noun,freq_corpus,0,3902,B1,B4,B2,contudo,0
5439,feira,feira,feira,B4,B4,noun,freq_corpus,0,3903,B1,B4,B2,feira,0
5440,direi,direi,direi,B4,B4,noun,freq_corpus,0,3904,B1,B4,B2,direi,0
5441,"itália","itália","itália",B4,B4,noun,freq_corpus,0,3905,B1,B4,B2,"itália",0
5442,adulto,adulto,adulto,B4,B4,noun,freq_corpus,0,3906,B1,B4,B2,adulto,0
5443,descoberto,descoberto,descoberto,B4,B4,noun,freq_corpus,0,3908,B1,B4,B2,descoberto,0
5444,recebido,recebido,recebido,B4,B4,noun,freq_corpus,0,3909,B1,B4,B2,recebido,0
5445,arquivo,arquivo,arquivo,B4,B4,noun,freq_corpus,0,3910,B1,B4,B2,arquivo,0
5446,imediato,imediato,imediato,B4,B4,noun,freq_corpus,0,3911,B1,B4,B2,imediato,0
5447,"dêem","dêem","dêem",B4,B4,noun,freq_corpus,0,3914,B1,B4,B2,"dêem",0
5448,arranjei,arranjei,arranjei,B4,B4,noun,freq_corpus,0,3916,B1,B4,B2,arranjei,0
5449,tomo,tomo,tomo,B4,B4,noun,freq_corpus,0,3917,B1,B4,B2,tomo,0
5450,espantoso,espantoso,espantoso,B4,B4,noun,freq_corpus,0,3918,B1,B4,B2,espantoso,0
5451,raymond,raymond,raymond,B4,B4,noun,freq_corpus,0,3919,B1,B4,B2,raymond,0
5452,genial,genial,genial,B4,B4,noun,freq_corpus,0,3921,B1,B4,B2,genial,0
5453,earl,earl,earl,B4,B4,noun,freq_corpus,0,3922,B1,B4,B2,earl,0
5454,asneira,asneira,asneira,B4,B4,noun,freq_corpus,0,3924,B1,B4,B2,asneira,0
5455,"níveis","níveis","níveis",B4,B4,noun,freq_corpus,0,3925,B1,B4,B2,"níveis",0
5456,delicioso,delicioso,delicioso,B4,B4,noun,freq_corpus,0,3926,B1,B4,B2,delicioso,0
5457,"reuniões","reuniões","reuniões",B4,B4,noun,freq_corpus,0,3927,B1,B4,B2,"reuniões",0
5458,tchau,tchau,tchau,B4,B4,noun,freq_corpus,0,3928,B1,B4,B2,greetings_social,0
5459,restos,restos,restos,B4,B4,noun,freq_corpus,0,3929,B1,B4,B2,restos,0
5460,produtos,produtos,produtos,B4,B4,noun,freq_corpus,0,3930,B1,B4,B2,produtos,0
5461,mason,mason,mason,B4,B4,noun,freq_corpus,0,3931,B1,B4,B2,mason,0
5462,"influência","influência","influência",B4,B4,noun,freq_corpus,0,3933,B1,B4,B2,"influência",0
5463,"espetáculo","espetáculo","espetáculo",B4,B4,noun,freq_corpus,0,3934,B1,B4,B2,"espetáculo",0
5464,penny,penny,penny,B4,B4,noun,freq_corpus,0,3935,B1,B4,B2,penny,0
5465,"símbolo","símbolo","símbolo",B4,B4,noun,freq_corpus,0,3936,B1,B4,B2,"símbolo",0
5466,voltes,voltes,voltes,B4,B4,noun,freq_corpus,0,3937,B1,B4,B2,voltes,0
5467,piorar,piorar,piorar,B4,B4,noun,freq_corpus,0,3939,B1,B4,B2,piorar,0
5468,estupidez,estupidez,estupidez,B4,B4,noun,freq_corpus,0,3940,B1,B4,B2,estupidez,0
5469,cobrir,cobrir,cobrir,B4,B4,noun,freq_corpus,0,3941,B1,B4,B2,cobrir,0
5470,dennis,dennis,dennis,B4,B4,noun,freq_corpus,0,3942,B1,B4,B2,dennis,0
5471,esperas,esperas,esperas,B4,B4,noun,freq_corpus,0,3944,B1,B4,B2,esperas,0
5472,"horário","horário","horário",B4,B4,noun,freq_corpus,0,3945,B1,B4,B2,"horário",0
5473,ocorreu,ocorreu,ocorreu,B4,B4,noun,freq_corpus,0,3948,B1,B4,B2,ocorreu,0
5474,lex,lex,lex,B4,B4,noun,freq_corpus,0,3950,B1,B4,B2,lex,0
5475,luxo,luxo,luxo,B4,B4,noun,freq_corpus,0,3954,B1,B4,B2,luxo,0
5476,estudantes,estudantes,estudantes,B4,B4,noun,freq_corpus,0,3955,B1,B4,B2,estudantes,0
5477,pasta,pasta,pasta,B4,B4,noun,freq_corpus,0,3956,B1,B4,B2,pasta,0
5478,apoiar,apoiar,apoiar,B4,B4,noun,freq_corpus,0,3957,B1,B4,B2,apoiar,0
5479,pudesses,pudesses,pudesses,B4,B4,noun,freq_corpus,0,3958,B1,B4,B2,pudesses,0
5480,testemunhar,testemunhar,testemunhar,B4,B4,noun,freq_corpus,0,3962,B1,B4,B2,testemunhar,0
5481,mato,mato,mato,B4,B4,noun,freq_corpus,0,3963,B1,B4,B2,mato,0
5482,sexuais,sexuais,sexuais,B4,B4,noun,freq_corpus,0,3964,B1,B4,B2,sexuais,0
5483,furioso,furioso,furioso,B4,B4,noun,freq_corpus,0,3965,B1,B4,B2,furioso,0
5484,escravos,escravos,escravos,B4,B4,noun,freq_corpus,0,3966,B1,B4,B2,escravos,0
5485,publicidade,publicidade,publicidade,B4,B4,noun,freq_corpus,0,3967,B1,B4,B2,publicidade,0
5486,"próximas","próximas","próximas",B4,B4,noun,freq_corpus,0,3968,B1,B4,B2,"próximas",0
5487,tentamos,tentamos,tentamos,B4,B4,noun,freq_corpus,0,3969,B1,B4,B2,tentamos,0
5488,alteza,alteza,alteza,B4,B4,noun,freq_corpus,0,3970,B1,B4,B2,alteza,0
5489,sois,sois,sois,B4,B4,noun,freq_corpus,0,3971,B1,B4,B2,sois,0
5490,atacou,atacou,atacou,B4,B4,noun,freq_corpus,0,3974,B1,B4,B2,atacou,0
5491,descanso,descanso,descanso,B4,B4,noun,freq_corpus,0,3975,B1,B4,B2,descanso,0
5492,keith,keith,keith,B4,B4,noun,freq_corpus,0,3976,B1,B4,B2,keith,0
5493,esperta,esperta,esperta,B4,B4,noun,freq_corpus,0,3977,B1,B4,B2,esperta,0
5494,decidimos,decidimos,decidimos,B4,B4,noun,freq_corpus,0,3978,B1,B4,B2,decidimos,0
5495,feridas,feridas,feridas,B4,B4,noun,freq_corpus,0,3981,B1,B4,B2,feridas,0
5496,desaparecida,desaparecida,desaparecida,B4,B4,noun,freq_corpus,0,3982,B1,B4,B2,desaparecida,0
5497,reunir,reunir,reunir,B4,B4,noun,freq_corpus,0,3985,B1,B4,B2,reunir,0
5498,olhada,olhada,olhada,B4,B4,noun,freq_corpus,0,3987,B1,B4,B2,olhada,0
5499,cometi,cometi,cometi,B4,B4,noun,freq_corpus,0,3988,B1,B4,B2,cometi,0
5500,"transferência","transferência","transferência",B4,B4,noun,freq_corpus,0,3989,B1,B4,B2,"transferência",0
5501,baseado,baseado,baseado,B4,B4,noun,freq_corpus,0,3990,B1,B4,B2,baseado,0
5502,perderam,perderam,perderam,B4,B4,noun,freq_corpus,0,3991,B1,B4,B2,perderam,0
5503,aparelho,aparelho,aparelho,B4,B4,noun,freq_corpus,0,3992,B1,B4,B2,aparelho,0
5504,agenda,agenda,agenda,B4,B4,noun,freq_corpus,0,3993,B1,B4,B2,agenda,0
5505,saberia,saberia,saberia,B4,B4,noun,freq_corpus,0,3994,B1,B4,B2,saberia,0
5506,duche,duche,duche,B4,B4,noun,freq_corpus,0,3995,B1,B4,B2,duche,0
5507,firma,firma,firma,B4,B4,noun,freq_corpus,0,3996,B1,B4,B2,firma,0
5508,"excelência","excelência","excelência",B4,B4,noun,freq_corpus,0,3997,B1,B4,B2,"excelência",0
5509,tina,tina,tina,B4,B4,noun,freq_corpus,0,3998,B1,B4,B2,tina,0
5510,"índios","índios","índios",B4,B4,noun,freq_corpus,0,3999,B1,B4,B2,"índios",0
5511,ricky,ricky,ricky,B5,B5,noun,freq_corpus,0,4001,B2,B5,B2,ricky,0
5512,bens,bens,bens,B5,B5,noun,freq_corpus,0,4002,B2,B5,B2,bens,0
5513,ferramentas,ferramentas,ferramentas,B5,B5,noun,freq_corpus,0,4003,B2,B5,B2,ferramentas,0
5514,conversas,conversas,conversas,B5,B5,noun,freq_corpus,0,4004,B2,B5,B2,conversas,0
5515,sentiu,sentiu,sentiu,B5,B5,noun,freq_corpus,0,4005,B2,B5,B2,sentiu,0
5516,recusar,recusar,recusar,B5,B5,noun,freq_corpus,0,4006,B2,B5,B2,recusar,0
5517,tentaste,tentaste,tentaste,B5,B5,noun,freq_corpus,0,4007,B2,B5,B2,tentaste,0
5518,assustar,assustar,assustar,B5,B5,noun,freq_corpus,0,4008,B2,B5,B2,assustar,0
5519,acertar,acertar,acertar,B5,B5,noun,freq_corpus,0,4010,B2,B5,B2,acertar,0
5520,conselhos,conselhos,conselhos,B5,B5,noun,freq_corpus,0,4011,B2,B5,B2,conselhos,0
5521,jogadores,jogadores,jogadores,B5,B5,noun,freq_corpus,0,4012,B2,B5,B2,jogadores,0
5522,perdoar,perdoar,perdoar,B5,B5,noun,freq_corpus,0,4013,B2,B5,B2,perdoar,0
5523,acreditava,acreditava,acreditava,B5,B5,noun,freq_corpus,0,4014,B2,B5,B2,acreditava,0
5524,unhas,unhas,unhas,B5,B5,noun,freq_corpus,0,4015,B2,B5,B2,unhas,0
5525,"devêssemos","devêssemos","devêssemos",B5,B5,noun,freq_corpus,0,4017,B2,B5,B2,"devêssemos",0
5526,rumores,rumores,rumores,B5,B5,noun,freq_corpus,0,4018,B2,B5,B2,rumores,0
5527,use,use,use,B5,B5,noun,freq_corpus,0,4019,B2,B5,B2,use,0
5528,escritor,escritor,escritor,B5,B5,noun,freq_corpus,0,4020,B2,B5,B2,escritor,0
5529,sophie,sophie,sophie,B5,B5,noun,freq_corpus,0,4021,B2,B5,B2,sophie,0
5530,conhecida,conhecida,conhecida,B5,B5,noun,freq_corpus,0,4023,B2,B5,B2,conhecida,0
5531,"únicos","únicos","únicos",B5,B5,noun,freq_corpus,0,4024,B2,B5,B2,"únicos",0
5532,teddy,teddy,teddy,B5,B5,noun,freq_corpus,0,4026,B2,B5,B2,teddy,0
5533,"fãs","fãs","fãs",B5,B5,noun,freq_corpus,0,4027,B2,B5,B2,"fãs",0
5534,usada,usada,usada,B5,B5,noun,freq_corpus,0,4029,B2,B5,B2,usada,0
5535,sentimos,sentimos,sentimos,B5,B5,noun,freq_corpus,0,4030,B2,B5,B2,sentimos,0
5536,feia,feia,feia,B5,B5,noun,freq_corpus,0,4031,B2,B5,B2,feia,0
5537,respondeu,respondeu,respondeu,B5,B5,noun,freq_corpus,0,4033,B2,B5,B2,respondeu,0
5538,informar,informar,informar,B5,B5,noun,freq_corpus,0,4034,B2,B5,B2,informar,0
5539,concordar,concordar,concordar,B5,B5,noun,freq_corpus,0,4035,B2,B5,B2,concordar,0
5540,brinquedos,brinquedos,brinquedos,B5,B5,noun,freq_corpus,0,4036,B2,B5,B2,brinquedos,0
5541,praticar,praticar,praticar,B5,B5,noun,freq_corpus,0,4037,B2,B5,B2,praticar,0
5542,willie,willie,willie,B5,B5,noun,freq_corpus,0,4039,B2,B5,B2,willie,0
5543,atrasados,atrasados,atrasados,B5,B5,noun,freq_corpus,0,4040,B2,B5,B2,atrasados,0
5544,trabalhadores,trabalhadores,trabalhadores,B5,B5,noun,freq_corpus,0,4041,B2,B5,B2,trabalhadores,0
5545,passas,passas,passas,B5,B5,noun,freq_corpus,0,4042,B2,B5,B2,passas,0
5546,vives,vives,vives,B5,B5,noun,freq_corpus,0,4043,B2,B5,B2,vives,0
5547,"desgraçado","desgraçado","desgraçado",B5,B5,noun,freq_corpus,0,4044,B2,B5,B2,"desgraçado",0
5548,"estratégia","estratégia","estratégia",B5,B5,noun,freq_corpus,0,4045,B2,B5,B2,"estratégia",0
5549,"poderão","poderão","poderão",B5,B5,noun,freq_corpus,0,4046,B2,B5,B2,"poderão",0
5550,substituir,substituir,substituir,B5,B5,noun,freq_corpus,0,4047,B2,B5,B2,substituir,0
5551,terror,terror,terror,B5,B5,noun,freq_corpus,0,4048,B2,B5,B2,terror,0
5552,novidade,novidade,novidade,B5,B5,noun,freq_corpus,0,4049,B2,B5,B2,novidade,0
5553,"hércules","hércules","hércules",B5,B5,noun,freq_corpus,0,4050,B2,B5,B2,"hércules",0
5554,contratar,contratar,contratar,B5,B5,noun,freq_corpus,0,4051,B2,B5,B2,contratar,0
5555,daisy,daisy,daisy,B5,B5,noun,freq_corpus,0,4052,B2,B5,B2,daisy,0
5556,entraram,entraram,entraram,B5,B5,noun,freq_corpus,0,4054,B2,B5,B2,entraram,0
5557,confessar,confessar,confessar,B5,B5,noun,freq_corpus,0,4055,B2,B5,B2,confessar,0
5558,irem,irem,irem,B5,B5,noun,freq_corpus,0,4056,B2,B5,B2,irem,0
5559,gostaste,gostaste,gostaste,B5,B5,noun,freq_corpus,0,4057,B2,B5,B2,gostaste,0
5560,"esqueçam","esqueçam","esqueçam",B5,B5,noun,freq_corpus,0,4060,B2,B5,B2,"esqueçam",0
5561,luvas,luvas,luvas,B5,B5,noun,freq_corpus,0,4061,B2,B5,B2,luvas,0
5562,cheirar,cheirar,cheirar,B5,B5,noun,freq_corpus,0,4062,B2,B5,B2,cheirar,0
5563,voltado,voltado,voltado,B5,B5,noun,freq_corpus,0,4063,B2,B5,B2,voltado,0
5564,conte,conte,conte,B5,B5,noun,freq_corpus,0,4064,B2,B5,B2,conte,0
5565,propriamente,propriamente,propriamente,B5,B5,noun,freq_corpus,0,4065,B2,B5,B2,propriamente,0
5566,esperam,esperam,esperam,B5,B5,noun,freq_corpus,0,4067,B2,B5,B2,esperam,0
5567,iriam,iriam,iriam,B5,B5,noun,freq_corpus,0,4068,B2,B5,B2,iriam,0
5568,convencido,convencido,convencido,B5,B5,noun,freq_corpus,0,4069,B2,B5,B2,convencido,0
5569,aumento,aumento,aumento,B5,B5,noun,freq_corpus,0,4070,B2,B5,B2,aumento,0
5570,sacos,sacos,sacos,B5,B5,noun,freq_corpus,0,4072,B2,B5,B2,sacos,0
5571,julian,julian,julian,B5,B5,noun,freq_corpus,0,4073,B2,B5,B2,julian,0
5572,convidar,convidar,convidar,B5,B5,noun,freq_corpus,0,4074,B2,B5,B2,convidar,0
5573,verdadeiramente,verdadeiramente,verdadeiramente,B5,B5,noun,freq_corpus,0,4075,B2,B5,B2,verdadeiramente,0
5574,adoram,adoram,adoram,B5,B5,noun,freq_corpus,0,4076,B2,B5,B2,adoram,0
5575,"formação","formação","formação",B5,B5,noun,freq_corpus,0,4078,B2,B5,B2,"formação",0
5576,acreditamos,acreditamos,acreditamos,B5,B5,noun,freq_corpus,0,4079,B2,B5,B2,acreditamos,0
5577,"frigorífico","frigorífico","frigorífico",B5,B5,noun,freq_corpus,0,4081,B2,B5,B2,"frigorífico",0
5578,congresso,congresso,congresso,B5,B5,noun,freq_corpus,0,4082,B2,B5,B2,congresso,0
5579,naturalmente,naturalmente,naturalmente,B5,B5,noun,freq_corpus,0,4083,B2,B5,B2,naturalmente,0
5580,preferido,preferido,preferido,B5,B5,noun,freq_corpus,0,4084,B2,B5,B2,preferido,0
5581,travis,travis,travis,B5,B5,noun,freq_corpus,0,4086,B2,B5,B2,travis,0
5582,trago,trago,trago,B5,B5,noun,freq_corpus,0,4087,B2,B5,B2,trago,0
5583,tatuagem,tatuagem,tatuagem,B5,B5,noun,freq_corpus,0,4088,B2,B5,B2,tatuagem,0
5584,termina,termina,termina,B5,B5,noun,freq_corpus,0,4089,B2,B5,B2,termina,0
5585,apetece,apetece,apetece,B5,B5,noun,freq_corpus,0,4090,B2,B5,B2,apetece,0
5586,franceses,franceses,franceses,B5,B5,noun,freq_corpus,0,4093,B2,B5,B2,franceses,0
5587,movimentos,movimentos,movimentos,B5,B5,noun,freq_corpus,0,4094,B2,B5,B2,movimentos,0
5588,lance,lance,lance,B5,B5,noun,freq_corpus,0,4095,B2,B5,B2,lance,0
5589,inventar,inventar,inventar,B5,B5,noun,freq_corpus,0,4096,B2,B5,B2,inventar,0
5590,rumo,rumo,rumo,B5,B5,noun,freq_corpus,0,4097,B2,B5,B2,rumo,0
5591,adorei,adorei,adorei,B5,B5,noun,freq_corpus,0,4098,B2,B5,B2,adorei,0
5592,lana,lana,lana,B5,B5,noun,freq_corpus,0,4100,B2,B5,B2,lana,0
5593,"possíveis","possíveis","possíveis",B5,B5,noun,freq_corpus,0,4101,B2,B5,B2,"possíveis",0
5594,ramo,ramo,ramo,B5,B5,noun,freq_corpus,0,4102,B2,B5,B2,ramo,0
5595,hill,hill,hill,B5,B5,noun,freq_corpus,0,4104,B2,B5,B2,hill,0
5596,diana,diana,diana,B5,B5,noun,freq_corpus,0,4105,B2,B5,B2,diana,0
5597,"bebê","bebê","bebê",B5,B5,noun,freq_corpus,0,4107,B2,B5,B2,"bebê",0
5598,devesse,devesse,devesse,B5,B5,noun,freq_corpus,0,4109,B2,B5,B2,devesse,0
5599,solteiro,solteiro,solteiro,B5,B5,noun,freq_corpus,0,4110,B2,B5,B2,solteiro,0
5600,tiverem,tiverem,tiverem,B5,B5,noun,freq_corpus,0,4111,B2,B5,B2,tiverem,0
5601,stress,stress,stress,B5,B5,noun,freq_corpus,0,4112,B2,B5,B2,stress,0
5602,dificuldades,dificuldades,dificuldades,B5,B5,noun,freq_corpus,0,4113,B2,B5,B2,dificuldades,0
5603,"poço","poço","poço",B5,B5,noun,freq_corpus,0,4115,B2,B5,B2,"poço",0
5604,descoberta,descoberta,descoberta,B5,B5,noun,freq_corpus,0,4117,B2,B5,B2,descoberta,0
5605,continuamos,continuamos,continuamos,B5,B5,noun,freq_corpus,0,4118,B2,B5,B2,continuamos,0
5606,sejamos,sejamos,sejamos,B5,B5,noun,freq_corpus,0,4119,B2,B5,B2,sejamos,0
5607,inconsciente,inconsciente,inconsciente,B5,B5,noun,freq_corpus,0,4120,B2,B5,B2,inconsciente,0
5608,mudado,mudado,mudado,B5,B5,noun,freq_corpus,0,4122,B2,B5,B2,mudado,0
5609,federais,federais,federais,B5,B5,noun,freq_corpus,0,4124,B2,B5,B2,federais,0
5610,puxa,puxa,puxa,B5,B5,noun,freq_corpus,0,4125,B2,B5,B2,puxa,0
5611,repara,repara,repara,B5,B5,noun,freq_corpus,0,4126,B2,B5,B2,repara,0
5612,spencer,spencer,spencer,B5,B5,noun,freq_corpus,0,4127,B2,B5,B2,spencer,0
5613,anormal,anormal,anormal,B5,B5,noun,freq_corpus,0,4128,B2,B5,B2,anormal,0
5614,professores,professores,professores,B5,B5,noun,freq_corpus,0,4129,B2,B5,B2,professores,0
5615,amostras,amostras,amostras,B5,B5,noun,freq_corpus,0,4130,B2,B5,B2,amostras,0
5616,tirem,tirem,tirem,B5,B5,noun,freq_corpus,0,4131,B2,B5,B2,tirem,0
5617,"amável","amável","amável",B5,B5,noun,freq_corpus,0,4132,B2,B5,B2,"amável",0
5618,deixamos,deixamos,deixamos,B5,B5,noun,freq_corpus,0,4133,B2,B5,B2,deixamos,0
5619,"espíritos","espíritos","espíritos",B5,B5,noun,freq_corpus,0,4134,B2,B5,B2,"espíritos",0
5620,largue,largue,largue,B5,B5,noun,freq_corpus,0,4136,B2,B5,B2,largue,0
5621,white,white,white,B5,B5,noun,freq_corpus,0,4137,B2,B5,B2,white,0
5622,decidido,decidido,decidido,B5,B5,noun,freq_corpus,0,4138,B2,B5,B2,decidido,0
5623,fascinante,fascinante,fascinante,B5,B5,noun,freq_corpus,0,4139,B2,B5,B2,fascinante,0
5624,barney,barney,barney,B5,B5,noun,freq_corpus,0,4140,B2,B5,B2,barney,0
5625,"ótima","ótima","ótima",B5,B5,noun,freq_corpus,0,4141,B2,B5,B2,"ótima",0
5626,chamava,chamava,chamava,B5,B5,noun,freq_corpus,0,4143,B2,B5,B2,chamava,0
5627,mickey,mickey,mickey,B5,B5,noun,freq_corpus,0,4144,B2,B5,B2,mickey,0
5628,personalidade,personalidade,personalidade,B5,B5,noun,freq_corpus,0,4145,B2,B5,B2,personalidade,0
5629,castle,castle,castle,B5,B5,noun,freq_corpus,0,4146,B2,B5,B2,castle,0
5630,salta,salta,salta,B5,B5,noun,freq_corpus,0,4147,B2,B5,B2,salta,0
5631,absoluta,absoluta,absoluta,B5,B5,noun,freq_corpus,0,4148,B2,B5,B2,absoluta,0
5632,escapou,escapou,escapou,B5,B5,noun,freq_corpus,0,4149,B2,B5,B2,escapou,0
5633,monsieur,monsieur,monsieur,B5,B5,noun,freq_corpus,0,4151,B2,B5,B2,monsieur,0
5634,curta,curta,curta,B5,B5,noun,freq_corpus,0,4152,B2,B5,B2,curta,0
5635,verifiquei,verifiquei,verifiquei,B5,B5,noun,freq_corpus,0,4153,B2,B5,B2,verifiquei,0
5636,cobarde,cobarde,cobarde,B5,B5,noun,freq_corpus,0,4154,B2,B5,B2,cobarde,0
5637,reconhecimento,reconhecimento,reconhecimento,B5,B5,noun,freq_corpus,0,4155,B2,B5,B2,reconhecimento,0
5638,"radiação","radiação","radiação",B5,B5,noun,freq_corpus,0,4157,B2,B5,B2,"radiação",0
5639,altos,altos,altos,B5,B5,noun,freq_corpus,0,4158,B2,B5,B2,altos,0
5640,pecados,pecados,pecados,B5,B5,noun,freq_corpus,0,4161,B2,B5,B2,pecados,0
5641,traficante,traficante,traficante,B5,B5,noun,freq_corpus,0,4162,B2,B5,B2,traficante,0
5642,reconhecer,reconhecer,reconhecer,B5,B5,noun,freq_corpus,0,4163,B2,B5,B2,reconhecer,0
5643,"saberá","saberá","saberá",B5,B5,noun,freq_corpus,0,4164,B2,B5,B2,"saberá",0
5644,anthony,anthony,anthony,B5,B5,noun,freq_corpus,0,4165,B2,B5,B2,anthony,0
5645,pormenores,pormenores,pormenores,B5,B5,noun,freq_corpus,0,4166,B2,B5,B2,pormenores,0
5646,familiares,familiares,familiares,B5,B5,noun,freq_corpus,0,4167,B2,B5,B2,familiares,0
5647,presta,presta,presta,B5,B5,noun,freq_corpus,0,4168,B2,B5,B2,presta,0
5648,arranjo,arranjo,arranjo,B5,B5,noun,freq_corpus,0,4171,B2,B5,B2,arranjo,0
5649,jonathan,jonathan,jonathan,B5,B5,noun,freq_corpus,0,4172,B2,B5,B2,jonathan,0
5650,"pareça","pareça","pareça",B5,B5,noun,freq_corpus,0,4173,B2,B5,B2,"pareça",0
5651,sentem,sentem,sentem,B5,B5,noun,freq_corpus,0,4174,B2,B5,B2,sentem,0
5652,reverendo,reverendo,reverendo,B5,B5,noun,freq_corpus,0,4175,B2,B5,B2,reverendo,0
5653,ficarmos,ficarmos,ficarmos,B5,B5,noun,freq_corpus,0,4177,B2,B5,B2,ficarmos,0
5654,"mereço","mereço","mereço",B5,B5,noun,freq_corpus,0,4178,B2,B5,B2,"mereço",0
5655,privacidade,privacidade,privacidade,B5,B5,noun,freq_corpus,0,4179,B2,B5,B2,privacidade,0
5656,"deverá","deverá","deverá",B5,B5,noun,freq_corpus,0,4180,B2,B5,B2,"deverá",0
5657,actividade,actividade,actividade,B5,B5,noun,freq_corpus,0,4181,B2,B5,B2,actividade,0
5658,chegarem,chegarem,chegarem,B5,B5,noun,freq_corpus,0,4182,B2,B5,B2,chegarem,0
5659,prioridade,prioridade,prioridade,B5,B5,noun,freq_corpus,0,4184,B2,B5,B2,prioridade,0
5660,"comunicações","comunicações","comunicações",B5,B5,noun,freq_corpus,0,4185,B2,B5,B2,"comunicações",0
5661,"começámos","começámos","começámos",B5,B5,noun,freq_corpus,0,4187,B2,B5,B2,"começámos",0
5662,riley,riley,riley,B5,B5,noun,freq_corpus,0,4188,B2,B5,B2,riley,0
5663,prometeu,prometeu,prometeu,B5,B5,noun,freq_corpus,0,4189,B2,B5,B2,prometeu,0
5664,menti,menti,menti,B5,B5,noun,freq_corpus,0,4190,B2,B5,B2,menti,0
5665,macacos,macacos,macacos,B5,B5,noun,freq_corpus,0,4193,B2,B5,B2,macacos,0
5666,"condução","condução","condução",B5,B5,noun,freq_corpus,0,4194,B2,B5,B2,"condução",0
5667,margaret,margaret,margaret,B5,B5,noun,freq_corpus,0,4196,B2,B5,B2,margaret,0
5668,organizar,organizar,organizar,B5,B5,noun,freq_corpus,0,4201,B2,B5,B2,organizar,0
5669,barcos,barcos,barcos,B5,B5,noun,freq_corpus,0,4202,B2,B5,B2,barcos,0
5670,desce,desce,desce,B5,B5,noun,freq_corpus,0,4203,B2,B5,B2,desce,0
5671,encontros,encontros,encontros,B5,B5,noun,freq_corpus,0,4206,B2,B5,B2,encontros,0
5672,actor,actor,actor,B5,B5,noun,freq_corpus,0,4207,B2,B5,B2,actor,0
5673,olhei,olhei,olhei,B5,B5,noun,freq_corpus,0,4208,B2,B5,B2,olhei,0
5674,roda,roda,roda,B5,B5,noun,freq_corpus,0,4209,B2,B5,B2,roda,0
5675,malcolm,malcolm,malcolm,B5,B5,noun,freq_corpus,0,4210,B2,B5,B2,malcolm,0
5676,olhou,olhou,olhou,B5,B5,noun,freq_corpus,0,4211,B2,B5,B2,olhou,0
5677,ignorar,ignorar,ignorar,B5,B5,noun,freq_corpus,0,4212,B2,B5,B2,ignorar,0
5678,vier,vier,vier,B5,B5,noun,freq_corpus,0,4214,B2,B5,B2,vier,0
5679,sairmos,sairmos,sairmos,B5,B5,noun,freq_corpus,0,4215,B2,B5,B2,sairmos,0
5680,lewis,lewis,lewis,B5,B5,noun,freq_corpus,0,4216,B2,B5,B2,lewis,0
5681,sombras,sombras,sombras,B5,B5,noun,freq_corpus,0,4217,B2,B5,B2,sombras,0
5682,solar,solar,solar,B5,B5,noun,freq_corpus,0,4220,B2,B5,B2,solar,0
5683,"façamos","façamos","façamos",B5,B5,noun,freq_corpus,0,4221,B2,B5,B2,"façamos",0
5684,ana,ana,ana,B5,B5,noun,freq_corpus,0,4222,B2,B5,B2,ana,0
5685,tocou,tocou,tocou,B5,B5,noun,freq_corpus,0,4223,B2,B5,B2,tocou,0
5686,passageiros,passageiros,passageiros,B5,B5,noun,freq_corpus,0,4224,B2,B5,B2,passageiros,0
5687,puderes,puderes,puderes,B5,B5,noun,freq_corpus,0,4225,B2,B5,B2,puderes,0
5688,eliminar,eliminar,eliminar,B5,B5,noun,freq_corpus,0,4228,B2,B5,B2,eliminar,0
5689,depoimento,depoimento,depoimento,B5,B5,noun,freq_corpus,0,4229,B2,B5,B2,depoimento,0
5690,"acontecerá","acontecerá","acontecerá",B5,B5,noun,freq_corpus,0,4230,B2,B5,B2,"acontecerá",0
5691,maya,maya,maya,B5,B5,noun,freq_corpus,0,4231,B2,B5,B2,maya,0
5692,sydney,sydney,sydney,B5,B5,noun,freq_corpus,0,4232,B2,B5,B2,sydney,0
5693,estrutura,estrutura,estrutura,B5,B5,noun,freq_corpus,0,4233,B2,B5,B2,estrutura,0
5694,"canções","canções","canções",B5,B5,noun,freq_corpus,0,4234,B2,B5,B2,"canções",0
5695,williams,williams,williams,B5,B5,noun,freq_corpus,0,4235,B2,B5,B2,williams,0
5696,palpite,palpite,palpite,B5,B5,noun,freq_corpus,0,4236,B2,B5,B2,palpite,0
5697,espanha,espanha,espanha,B5,B5,noun,freq_corpus,0,4237,B2,B5,B2,espanha,0
5698,acontecesse,acontecesse,acontecesse,B5,B5,noun,freq_corpus,0,4239,B2,B5,B2,acontecesse,0
5699,preocupados,preocupados,preocupados,B5,B5,noun,freq_corpus,0,4240,B2,B5,B2,preocupados,0
5700,"células","células","células",B5,B5,noun,freq_corpus,0,4241,B2,B5,B2,"células",0
5701,chamamos,chamamos,chamamos,B5,B5,noun,freq_corpus,0,4242,B2,B5,B2,chamamos,0
5702,azuis,azuis,azuis,B5,B5,noun,freq_corpus,0,4244,B2,B5,B2,azuis,0
5703,advogada,advogada,advogada,B5,B5,noun,freq_corpus,0,4245,B2,B5,B2,advogada,0
5704,tais,tais,tais,B5,B5,noun,freq_corpus,0,4248,B2,B5,B2,tais,0
5705,"interrogatório","interrogatório","interrogatório",B5,B5,noun,freq_corpus,0,4249,B2,B5,B2,"interrogatório",0
5706,culpada,culpada,culpada,B5,B5,noun,freq_corpus,0,4251,B2,B5,B2,culpada,0
5707,explosivos,explosivos,explosivos,B5,B5,noun,freq_corpus,0,4252,B2,B5,B2,explosivos,0
5708,adiante,adiante,adiante,B5,B5,noun,freq_corpus,0,4253,B2,B5,B2,adiante,0
5709,truques,truques,truques,B5,B5,noun,freq_corpus,0,4254,B2,B5,B2,truques,0
5710,hemorragia,hemorragia,hemorragia,B5,B5,noun,freq_corpus,0,4255,B2,B5,B2,hemorragia,0
5711,letras,letras,letras,B5,B5,noun,freq_corpus,0,4258,B2,B5,B2,letras,0
5712,representa,representa,representa,B5,B5,noun,freq_corpus,0,4259,B2,B5,B2,representa,0
5713,perdidos,perdidos,perdidos,B5,B5,noun,freq_corpus,0,4260,B2,B5,B2,perdidos,0
5714,termo,termo,termo,B5,B5,noun,freq_corpus,0,4263,B2,B5,B2,termo,0
5715,"munições","munições","munições",B5,B5,noun,freq_corpus,0,4265,B2,B5,B2,"munições",0
5716,gloria,gloria,gloria,B5,B5,noun,freq_corpus,0,4266,B2,B5,B2,gloria,0
5717,favorita,favorita,favorita,B5,B5,noun,freq_corpus,0,4267,B2,B5,B2,favorita,0
5718,contactos,contactos,contactos,B5,B5,noun,freq_corpus,0,4269,B2,B5,B2,contactos,0
5719,usamos,usamos,usamos,B5,B5,noun,freq_corpus,0,4270,B2,B5,B2,usamos,0
5720,blake,blake,blake,B5,B5,noun,freq_corpus,0,4274,B2,B5,B2,blake,0
5721,excitante,excitante,excitante,B5,B5,noun,freq_corpus,0,4275,B2,B5,B2,excitante,0
5722,gabriel,gabriel,gabriel,B5,B5,noun,freq_corpus,0,4276,B2,B5,B2,gabriel,0
5723,conduz,conduz,conduz,B5,B5,noun,freq_corpus,0,4277,B2,B5,B2,conduz,0
5724,almirante,almirante,almirante,B5,B5,noun,freq_corpus,0,4279,B2,B5,B2,almirante,0
5725,martha,martha,martha,B5,B5,noun,freq_corpus,0,4280,B2,B5,B2,martha,0
5726,kent,kent,kent,B5,B5,noun,freq_corpus,0,4281,B2,B5,B2,kent,0
5727,"ficámos","ficámos","ficámos",B5,B5,noun,freq_corpus,0,4284,B2,B5,B2,"ficámos",0
5728,ficarem,ficarem,ficarem,B5,B5,noun,freq_corpus,0,4285,B2,B5,B2,ficarem,0
5729,ihe,ihe,ihe,B5,B5,noun,freq_corpus,0,4286,B2,B5,B2,ihe,0
5730,escolhas,escolhas,escolhas,B5,B5,noun,freq_corpus,0,4287,B2,B5,B2,escolhas,0
5731,"mínima","mínima","mínima",B5,B5,noun,freq_corpus,0,4288,B2,B5,B2,"mínima",0
5732,kenny,kenny,kenny,B5,B5,noun,freq_corpus,0,4289,B2,B5,B2,kenny,0
5733,zoe,zoe,zoe,B5,B5,noun,freq_corpus,0,4290,B2,B5,B2,zoe,0
5734,"combinação","combinação","combinação",B5,B5,noun,freq_corpus,0,4291,B2,B5,B2,"combinação",0
5735,namorar,namorar,namorar,B5,B5,noun,freq_corpus,0,4292,B2,B5,B2,namorar,0
5736,vozes,vozes,vozes,B5,B5,noun,freq_corpus,0,4293,B2,B5,B2,vozes,0
5737,bebo,bebo,bebo,B5,B5,noun,freq_corpus,0,4294,B2,B5,B2,bebo,0
5738,chip,chip,chip,B5,B5,noun,freq_corpus,0,4295,B2,B5,B2,chip,0
5739,interesses,interesses,interesses,B5,B5,noun,freq_corpus,0,4296,B2,B5,B2,interesses,0
5740,suportar,suportar,suportar,B5,B5,noun,freq_corpus,0,4298,B2,B5,B2,suportar,0
5741,olhando,olhando,olhando,B5,B5,noun,freq_corpus,0,4299,B2,B5,B2,olhando,0
5742,megan,megan,megan,B5,B5,noun,freq_corpus,0,4303,B2,B5,B2,megan,0
5743,acordada,acordada,acordada,B5,B5,noun,freq_corpus,0,4304,B2,B5,B2,acordada,0
5744,"páginas","páginas","páginas",B5,B5,noun,freq_corpus,0,4305,B2,B5,B2,"páginas",0
5745,meios,meios,meios,B5,B5,noun,freq_corpus,0,4306,B2,B5,B2,meios,0
5746,liz,liz,liz,B5,B5,noun,freq_corpus,0,4307,B2,B5,B2,liz,0
5747,selvagens,selvagens,selvagens,B5,B5,noun,freq_corpus,0,4308,B2,B5,B2,selvagens,0
5748,alfa,alfa,alfa,B5,B5,noun,freq_corpus,0,4309,B2,B5,B2,alfa,0
5749,sais,sais,sais,B5,B5,noun,freq_corpus,0,4310,B2,B5,B2,sais,0
5750,nua,nua,nua,B5,B5,noun,freq_corpus,0,4311,B2,B5,B2,nua,0
5751,rapto,rapto,rapto,B5,B5,noun,freq_corpus,0,4312,B2,B5,B2,rapto,0
5752,porcos,porcos,porcos,B5,B5,noun,freq_corpus,0,4313,B2,B5,B2,porcos,0
5753,quaisquer,quaisquer,quaisquer,B5,B5,noun,freq_corpus,0,4314,B2,B5,B2,quaisquer,0
5754,"ligações","ligações","ligações",B5,B5,noun,freq_corpus,0,4316,B2,B5,B2,"ligações",0
5755,encontrada,encontrada,encontrada,B5,B5,noun,freq_corpus,0,4317,B2,B5,B2,encontrada,0
5756,cuida,cuida,cuida,B5,B5,noun,freq_corpus,0,4318,B2,B5,B2,cuida,0
5757,causou,causou,causou,B5,B5,noun,freq_corpus,0,4319,B2,B5,B2,causou,0
5758,"miserável","miserável","miserável",B5,B5,noun,freq_corpus,0,4320,B2,B5,B2,"miserável",0
5759,relacionamento,relacionamento,relacionamento,B5,B5,noun,freq_corpus,0,4322,B2,B5,B2,relacionamento,0
5760,fazermos,fazermos,fazermos,B5,B5,noun,freq_corpus,0,4324,B2,B5,B2,fazermos,0
5761,buracos,buracos,buracos,B5,B5,noun,freq_corpus,0,4325,B2,B5,B2,buracos,0
5762,cuidados,cuidados,cuidados,B5,B5,noun,freq_corpus,0,4327,B2,B5,B2,cuidados,0
5763,gado,gado,gado,B5,B5,noun,freq_corpus,0,4328,B2,B5,B2,gado,0
5764,cheios,cheios,cheios,B5,B5,noun,freq_corpus,0,4329,B2,B5,B2,cheios,0
5765,"saíste","saíste","saíste",B5,B5,noun,freq_corpus,0,4330,B2,B5,B2,"saíste",0
5766,"pulmões","pulmões","pulmões",B5,B5,noun,freq_corpus,0,4331,B2,B5,B2,"pulmões",0
5767,acabe,acabe,acabe,B5,B5,noun,freq_corpus,0,4332,B2,B5,B2,acabe,0
5768,nora,nora,nora,B5,B5,noun,freq_corpus,0,4333,B2,B5,B2,nora,0
5769,eventos,eventos,eventos,B5,B5,noun,freq_corpus,0,4334,B2,B5,B2,eventos,0
5770,"doenças","doenças","doenças",B5,B5,noun,freq_corpus,0,4335,B2,B5,B2,"doenças",0
5771,complexo,complexo,complexo,B5,B5,noun,freq_corpus,0,4336,B2,B5,B2,complexo,0
5772,holly,holly,holly,B5,B5,noun,freq_corpus,0,4337,B2,B5,B2,holly,0
5773,monk,monk,monk,B5,B5,noun,freq_corpus,0,4339,B2,B5,B2,monk,0
5774,pagam,pagam,pagam,B5,B5,noun,freq_corpus,0,4340,B2,B5,B2,pagam,0
5775,quiseste,quiseste,quiseste,B5,B5,noun,freq_corpus,0,4341,B2,B5,B2,quiseste,0
5776,morra,morra,morra,B5,B5,noun,freq_corpus,0,4342,B2,B5,B2,morra,0
5777,infantil,infantil,infantil,B5,B5,noun,freq_corpus,0,4344,B2,B5,B2,infantil,0
5778,dobro,dobro,dobro,B5,B5,noun,freq_corpus,0,4346,B2,B5,B2,dobro,0
5779,acabam,acabam,acabam,B5,B5,noun,freq_corpus,0,4347,B2,B5,B2,acabam,0
5780,velhas,velhas,velhas,B5,B5,noun,freq_corpus,0,4348,B2,B5,B2,velhas,0
5781,gravata,gravata,gravata,B5,B5,noun,freq_corpus,0,4349,B2,B5,B2,gravata,0
5782,valer,valer,valer,B5,B5,noun,freq_corpus,0,4350,B2,B5,B2,valer,0
5783,sinta,sinta,sinta,B5,B5,noun,freq_corpus,0,4351,B2,B5,B2,sinta,0
5784,funcionam,funcionam,funcionam,B5,B5,noun,freq_corpus,0,4352,B2,B5,B2,funcionam,0
5785,ensinou,ensinou,ensinou,B5,B5,noun,freq_corpus,0,4353,B2,B5,B2,ensinou,0
5786,coordenadas,coordenadas,coordenadas,B5,B5,noun,freq_corpus,0,4355,B2,B5,B2,coordenadas,0
5787,bastardo,bastardo,bastardo,B5,B5,noun,freq_corpus,0,4356,B2,B5,B2,bastardo,0
5788,servem,servem,servem,B5,B5,noun,freq_corpus,0,4357,B2,B5,B2,servem,0
5789,mostrou,mostrou,mostrou,B5,B5,noun,freq_corpus,0,4358,B2,B5,B2,mostrou,0
5790,elliot,elliot,elliot,B5,B5,noun,freq_corpus,0,4360,B2,B5,B2,elliot,0
5791,agarra,agarra,agarra,B5,B5,noun,freq_corpus,0,4361,B2,B5,B2,agarra,0
5792,escolhi,escolhi,escolhi,B5,B5,noun,freq_corpus,0,4362,B2,B5,B2,escolhi,0
5793,agarrar,agarrar,agarrar,B5,B5,noun,freq_corpus,0,4364,B2,B5,B2,agarrar,0
5794,saem,saem,saem,B5,B5,noun,freq_corpus,0,4365,B2,B5,B2,saem,0
5795,lindas,lindas,lindas,B5,B5,noun,freq_corpus,0,4366,B2,B5,B2,lindas,0
5796,simpson,simpson,simpson,B5,B5,noun,freq_corpus,0,4367,B2,B5,B2,simpson,0
5797,demos,demos,demos,B5,B5,noun,freq_corpus,0,4368,B2,B5,B2,demos,0
5798,rotina,rotina,rotina,B5,B5,noun,freq_corpus,0,4369,B2,B5,B2,rotina,0
5799,quarta,quarta,quarta,B5,B5,noun,freq_corpus,0,4370,B2,B5,B2,quarta,0
5800,berlim,berlim,berlim,B5,B5,noun,freq_corpus,0,4371,B2,B5,B2,berlim,0
5801,revelar,revelar,revelar,B5,B5,noun,freq_corpus,0,4372,B2,B5,B2,revelar,0
5802,traduzido,traduzido,traduzido,B5,B5,noun,freq_corpus,0,4373,B2,B5,B2,traduzido,0
5803,"horríveis","horríveis","horríveis",B5,B5,noun,freq_corpus,0,4374,B2,B5,B2,"horríveis",0
5804,beira,beira,beira,B5,B5,noun,freq_corpus,0,4376,B2,B5,B2,beira,0
5805,cinzas,cinzas,cinzas,B5,B5,noun,freq_corpus,0,4377,B2,B5,B2,cinzas,0
5806,falhou,falhou,falhou,B5,B5,noun,freq_corpus,0,4378,B2,B5,B2,falhou,0
5807,parecida,parecida,parecida,B5,B5,noun,freq_corpus,0,4379,B2,B5,B2,parecida,0
5808,"péssima","péssima","péssima",B5,B5,noun,freq_corpus,0,4380,B2,B5,B2,"péssima",0
5809,"ameaças","ameaças","ameaças",B5,B5,noun,freq_corpus,0,4381,B2,B5,B2,"ameaças",0
5810,norman,norman,norman,B5,B5,noun,freq_corpus,0,4382,B2,B5,B2,norman,0
5811,"grátis","grátis","grátis",B5,B5,noun,freq_corpus,0,4383,B2,B5,B2,"grátis",0
5812,folhas,folhas,folhas,B5,B5,noun,freq_corpus,0,4385,B2,B5,B2,folhas,0
5813,archie,archie,archie,B5,B5,noun,freq_corpus,0,4387,B2,B5,B2,archie,0
5814,importar,importar,importar,B5,B5,noun,freq_corpus,0,4389,B2,B5,B2,importar,0
5815,motores,motores,motores,B5,B5,noun,freq_corpus,0,4390,B2,B5,B2,motores,0
5816,"intenções","intenções","intenções",B5,B5,noun,freq_corpus,0,4391,B2,B5,B2,"intenções",0
5817,mande,mande,mande,B5,B5,noun,freq_corpus,0,4392,B2,B5,B2,mande,0
5818,deveriam,deveriam,deveriam,B5,B5,noun,freq_corpus,0,4393,B2,B5,B2,deveriam,0
5819,"audição","audição","audição",B5,B5,noun,freq_corpus,0,4394,B2,B5,B2,"audição",0
5820,arrancar,arrancar,arrancar,B5,B5,noun,freq_corpus,0,4396,B2,B5,B2,arrancar,0
5821,mitch,mitch,mitch,B5,B5,noun,freq_corpus,0,4397,B2,B5,B2,mitch,0
5822,incomoda,incomoda,incomoda,B5,B5,noun,freq_corpus,0,4399,B2,B5,B2,incomoda,0
5823,velas,velas,velas,B5,B5,noun,freq_corpus,0,4400,B2,B5,B2,velas,0
5824,percebem,percebem,percebem,B5,B5,noun,freq_corpus,0,4401,B2,B5,B2,percebem,0
5825,"prática","prática","prática",B5,B5,noun,freq_corpus,0,4402,B2,B5,B2,"prática",0
5826,ficasse,ficasse,ficasse,B5,B5,noun,freq_corpus,0,4403,B2,B5,B2,ficasse,0
5827,gravidade,gravidade,gravidade,B5,B5,noun,freq_corpus,0,4404,B2,B5,B2,gravidade,0
5828,mando,mando,mando,B5,B5,noun,freq_corpus,0,4405,B2,B5,B2,mando,0
5829,consulta,consulta,consulta,B5,B5,noun,freq_corpus,0,4406,B2,B5,B2,consulta,0
5830,seth,seth,seth,B5,B5,noun,freq_corpus,0,4407,B2,B5,B2,seth,0
5831,lobos,lobos,lobos,B5,B5,noun,freq_corpus,0,4409,B2,B5,B2,lobos,0
5832,esperemos,esperemos,esperemos,B5,B5,noun,freq_corpus,0,4410,B2,B5,B2,esperemos,0
5833,"matéria","matéria","matéria",B5,B5,noun,freq_corpus,0,4411,B2,B5,B2,"matéria",0
5834,"verá","verá","verá",B5,B5,noun,freq_corpus,0,4412,B2,B5,B2,"verá",0
5835,"àquele","àquele","àquele",B5,B5,noun,freq_corpus,0,4414,B2,B5,B2,"àquele",0
5836,"estúpidos","estúpidos","estúpidos",B5,B5,noun,freq_corpus,0,4415,B2,B5,B2,"estúpidos",0
5837,cumprimentos,cumprimentos,cumprimentos,B5,B5,noun,freq_corpus,0,4416,B2,B5,B2,cumprimentos,0
5838,site,site,site,B5,B5,noun,freq_corpus,0,4417,B2,B5,B2,site,0
5839,piper,piper,piper,B5,B5,noun,freq_corpus,0,4418,B2,B5,B2,piper,0
5840,francis,francis,francis,B5,B5,noun,freq_corpus,0,4419,B2,B5,B2,francis,0
5841,curiosidade,curiosidade,curiosidade,B5,B5,noun,freq_corpus,0,4420,B2,B5,B2,curiosidade,0
5842,permanecer,permanecer,permanecer,B5,B5,noun,freq_corpus,0,4421,B2,B5,B2,permanecer,0
5843,coluna,coluna,coluna,B5,B5,noun,freq_corpus,0,4422,B2,B5,B2,coluna,0
5844,chamem,chamem,chamem,B5,B5,noun,freq_corpus,0,4423,B2,B5,B2,chamem,0
5845,moedas,moedas,moedas,B5,B5,noun,freq_corpus,0,4425,B2,B5,B2,moedas,0
5846,francamente,francamente,francamente,B5,B5,noun,freq_corpus,0,4428,B2,B5,B2,francamente,0
5847,feridos,feridos,feridos,B5,B5,noun,freq_corpus,0,4429,B2,B5,B2,feridos,0
5848,criminal,criminal,criminal,B5,B5,noun,freq_corpus,0,4431,B2,B5,B2,criminal,0
5849,enterrado,enterrado,enterrado,B5,B5,noun,freq_corpus,0,4432,B2,B5,B2,enterrado,0
5850,estais,estais,estais,B5,B5,noun,freq_corpus,0,4435,B2,B5,B2,estais,0
5851,"cêntimos","cêntimos","cêntimos",B5,B5,noun,freq_corpus,0,4436,B2,B5,B2,"cêntimos",0
5852,acreditei,acreditei,acreditei,B5,B5,noun,freq_corpus,0,4438,B2,B5,B2,acreditei,0
5853,assassina,assassina,assassina,B5,B5,noun,freq_corpus,0,4439,B2,B5,B2,assassina,0
5854,instinto,instinto,instinto,B5,B5,noun,freq_corpus,0,4441,B2,B5,B2,instinto,0
5855,jean,jean,jean,B5,B5,noun,freq_corpus,0,4442,B2,B5,B2,jean,0
5856,descobriram,descobriram,descobriram,B5,B5,noun,freq_corpus,0,4443,B2,B5,B2,descobriram,0
5857,admito,admito,admito,B5,B5,noun,freq_corpus,0,4444,B2,B5,B2,admito,0
5858,casino,casino,casino,B5,B5,noun,freq_corpus,0,4445,B2,B5,B2,casino,0
5859,mudam,mudam,mudam,B5,B5,noun,freq_corpus,0,4446,B2,B5,B2,mudam,0
5860,samantha,samantha,samantha,B5,B5,noun,freq_corpus,0,4447,B2,B5,B2,samantha,0
5861,gus,gus,gus,B5,B5,noun,freq_corpus,0,4448,B2,B5,B2,gus,0
5862,sentados,sentados,sentados,B5,B5,noun,freq_corpus,0,4449,B2,B5,B2,sentados,0
5863,campeonato,campeonato,campeonato,B5,B5,noun,freq_corpus,0,4451,B2,B5,B2,campeonato,0
5864,estivessem,estivessem,estivessem,B5,B5,noun,freq_corpus,0,4452,B2,B5,B2,estivessem,0
5865,bandidos,bandidos,bandidos,B5,B5,noun,freq_corpus,0,4453,B2,B5,B2,bandidos,0
5866,natalie,natalie,natalie,B5,B5,noun,freq_corpus,0,4454,B2,B5,B2,natalie,0
5867,"estarás","estarás","estarás",B5,B5,noun,freq_corpus,0,4455,B2,B5,B2,"estarás",0
5868,ouves,ouves,ouves,B5,B5,noun,freq_corpus,0,4456,B2,B5,B2,ouves,0
5869,explorar,explorar,explorar,B5,B5,noun,freq_corpus,0,4457,B2,B5,B2,explorar,0
5870,encher,encher,encher,B5,B5,noun,freq_corpus,0,4458,B2,B5,B2,encher,0
5871,estelar,estelar,estelar,B5,B5,noun,freq_corpus,0,4459,B2,B5,B2,estelar,0
5872,sandy,sandy,sandy,B5,B5,noun,freq_corpus,0,4460,B2,B5,B2,sandy,0
5873,quinze,quinze,quinze,B5,B5,noun,freq_corpus,0,4461,B2,B5,B2,quinze,0
5874,estarias,estarias,estarias,B5,B5,noun,freq_corpus,0,4462,B2,B5,B2,estarias,0
5875,lojas,lojas,lojas,B5,B5,noun,freq_corpus,0,4463,B2,B5,B2,lojas,0
5876,comunicar,comunicar,comunicar,B5,B5,noun,freq_corpus,0,4464,B2,B5,B2,comunicar,0
5877,arrumar,arrumar,arrumar,B5,B5,noun,freq_corpus,0,4465,B2,B5,B2,arrumar,0
5878,clay,clay,clay,B5,B5,noun,freq_corpus,0,4467,B2,B5,B2,clay,0
5879,"ténis","ténis","ténis",B5,B5,noun,freq_corpus,0,4468,B2,B5,B2,"ténis",0
5880,cria,cria,cria,B5,B5,noun,freq_corpus,0,4469,B2,B5,B2,cria,0
5881,preocupem,preocupem,preocupem,B5,B5,noun,freq_corpus,0,4470,B2,B5,B2,preocupem,0
5882,victoria,victoria,victoria,B5,B5,noun,freq_corpus,0,4471,B2,B5,B2,victoria,0
5883,magoado,magoado,magoado,B5,B5,noun,freq_corpus,0,4472,B2,B5,B2,magoado,0
5884,nelson,nelson,nelson,B5,B5,noun,freq_corpus,0,4473,B2,B5,B2,nelson,0
5885,lixado,lixado,lixado,B5,B5,noun,freq_corpus,0,4474,B2,B5,B2,lixado,0
5886,actual,actual,actual,B5,B5,noun,freq_corpus,0,4475,B2,B5,B2,actual,0
5887,neil,neil,neil,B5,B5,noun,freq_corpus,0,4476,B2,B5,B2,neil,0
5888,pratos,pratos,pratos,B5,B5,noun,freq_corpus,0,4477,B2,B5,B2,pratos,0
5889,fraca,fraca,fraca,B5,B5,noun,freq_corpus,0,4478,B2,B5,B2,fraca,0
5890,alvos,alvos,alvos,B5,B5,noun,freq_corpus,0,4479,B2,B5,B2,alvos,0
5891,sensores,sensores,sensores,B5,B5,noun,freq_corpus,0,4480,B2,B5,B2,sensores,0
5892,"álibi","álibi","álibi",B5,B5,noun,freq_corpus,0,4481,B2,B5,B2,"álibi",0
5893,aceitou,aceitou,aceitou,B5,B5,noun,freq_corpus,0,4482,B2,B5,B2,aceitou,0
5894,antigas,antigas,antigas,B5,B5,noun,freq_corpus,0,4483,B2,B5,B2,antigas,0
5895,"máxima","máxima","máxima",B5,B5,noun,freq_corpus,0,4484,B2,B5,B2,"máxima",0
5896,abertura,abertura,abertura,B5,B5,noun,freq_corpus,0,4486,B2,B5,B2,abertura,0
5897,"séria","séria","séria",B5,B5,noun,freq_corpus,0,4487,B2,B5,B2,"séria",0
5898,habitual,habitual,habitual,B5,B5,noun,freq_corpus,0,4488,B2,B5,B2,habitual,0
5899,torres,torres,torres,B5,B5,noun,freq_corpus,0,4489,B2,B5,B2,torres,0
5900,"pensámos","pensámos","pensámos",B5,B5,noun,freq_corpus,0,4490,B2,B5,B2,"pensámos",0
5901,"cenário","cenário","cenário",B5,B5,noun,freq_corpus,0,4491,B2,B5,B2,"cenário",0
5902,eventualmente,eventualmente,eventualmente,B5,B5,noun,freq_corpus,0,4492,B2,B5,B2,eventualmente,0
5903,canta,canta,canta,B5,B5,noun,freq_corpus,0,4493,B2,B5,B2,canta,0
5904,walt,walt,walt,B5,B5,noun,freq_corpus,0,4494,B2,B5,B2,walt,0
5905,ganhaste,ganhaste,ganhaste,B5,B5,noun,freq_corpus,0,4495,B2,B5,B2,ganhaste,0
5906,ned,ned,ned,B5,B5,noun,freq_corpus,0,4496,B2,B5,B2,ned,0
5907,global,global,global,B5,B5,noun,freq_corpus,0,4497,B2,B5,B2,global,0
5908,digital,digital,digital,B5,B5,noun,freq_corpus,0,4500,B2,B5,B2,digital,0
5909,sensual,sensual,sensual,B5,B5,noun,freq_corpus,0,4501,B2,B5,B2,sensual,0
5910,divertida,divertida,divertida,B5,B5,noun,freq_corpus,0,4502,B2,B5,B2,divertida,0
5911,papelada,papelada,papelada,B5,B5,noun,freq_corpus,0,4503,B2,B5,B2,papelada,0
5912,andaste,andaste,andaste,B5,B5,noun,freq_corpus,0,4504,B2,B5,B2,andaste,0
5913,gorda,gorda,gorda,B5,B5,noun,freq_corpus,0,4505,B2,B5,B2,gorda,0
5914,harper,harper,harper,B5,B5,noun,freq_corpus,0,4506,B2,B5,B2,harper,0
5915,tarte,tarte,tarte,B5,B5,noun,freq_corpus,0,4507,B2,B5,B2,tarte,0
5916,christine,christine,christine,B5,B5,noun,freq_corpus,0,4508,B2,B5,B2,christine,0
5917,"mágica","mágica","mágica",B5,B5,noun,freq_corpus,0,4509,B2,B5,B2,"mágica",0
5918,peguei,peguei,peguei,B5,B5,noun,freq_corpus,0,4510,B2,B5,B2,peguei,0
5919,derrotar,derrotar,derrotar,B5,B5,noun,freq_corpus,0,4511,B2,B5,B2,derrotar,0
5920,ron,ron,ron,B5,B5,noun,freq_corpus,0,4512,B2,B5,B2,ron,0
5921,"desperdiçar","desperdiçar","desperdiçar",B5,B5,noun,freq_corpus,0,4513,B2,B5,B2,"desperdiçar",0
5922,contagem,contagem,contagem,B5,B5,noun,freq_corpus,0,4514,B2,B5,B2,contagem,0
5923,cresci,cresci,cresci,B5,B5,noun,freq_corpus,0,4515,B2,B5,B2,cresci,0
5924,"eleições","eleições","eleições",B5,B5,noun,freq_corpus,0,4517,B2,B5,B2,"eleições",0
5925,rever,rever,rever,B5,B5,noun,freq_corpus,0,4518,B2,B5,B2,rever,0
5926,"instalações","instalações","instalações",B5,B5,noun,freq_corpus,0,4519,B2,B5,B2,"instalações",0
5927,rebeldes,rebeldes,rebeldes,B5,B5,noun,freq_corpus,0,4520,B2,B5,B2,rebeldes,0
5928,bestial,bestial,bestial,B5,B5,noun,freq_corpus,0,4521,B2,B5,B2,bestial,0
5929,correto,correto,correto,B5,B5,noun,freq_corpus,0,4522,B2,B5,B2,correto,0
5930,"razoável","razoável","razoável",B5,B5,noun,freq_corpus,0,4523,B2,B5,B2,"razoável",0
5931,esclarecer,esclarecer,esclarecer,B5,B5,noun,freq_corpus,0,4524,B2,B5,B2,esclarecer,0
5932,sandes,sandes,sandes,B5,B5,noun,freq_corpus,0,4527,B2,B5,B2,sandes,0
5933,elegante,elegante,elegante,B5,B5,noun,freq_corpus,0,4528,B2,B5,B2,elegante,0
5934,"autópsia","autópsia","autópsia",B5,B5,noun,freq_corpus,0,4529,B2,B5,B2,"autópsia",0
5935,absurdo,absurdo,absurdo,B5,B5,noun,freq_corpus,0,4530,B2,B5,B2,absurdo,0
5936,negar,negar,negar,B5,B5,noun,freq_corpus,0,4531,B2,B5,B2,negar,0
5937,ficha,ficha,ficha,B5,B5,noun,freq_corpus,0,4532,B2,B5,B2,ficha,0
5938,conosco,conosco,conosco,B5,B5,noun,freq_corpus,0,4533,B2,B5,B2,conosco,0
5939,paguei,paguei,paguei,B5,B5,noun,freq_corpus,0,4534,B2,B5,B2,paguei,0
5940,voltarmos,voltarmos,voltarmos,B5,B5,noun,freq_corpus,0,4535,B2,B5,B2,voltarmos,0
5941,chamei,chamei,chamei,B5,B5,noun,freq_corpus,0,4536,B2,B5,B2,chamei,0
5942,medidas,medidas,medidas,B5,B5,noun,freq_corpus,0,4537,B2,B5,B2,medidas,0
5943,angel,angel,angel,B5,B5,noun,freq_corpus,0,4538,B2,B5,B2,angel,0
5944,edith,edith,edith,B5,B5,noun,freq_corpus,0,4539,B2,B5,B2,edith,0
5945,testamento,testamento,testamento,B5,B5,noun,freq_corpus,0,4541,B2,B5,B2,testamento,0
5946,lane,lane,lane,B5,B5,noun,freq_corpus,0,4543,B2,B5,B2,lane,0
5947,ponham,ponham,ponham,B5,B5,noun,freq_corpus,0,4544,B2,B5,B2,ponham,0
5948,marge,marge,marge,B5,B5,noun,freq_corpus,0,4545,B2,B5,B2,marge,0
5949,man,man,man,B5,B5,noun,freq_corpus,0,4546,B2,B5,B2,man,0
5950,bombeiros,bombeiros,bombeiros,B5,B5,noun,freq_corpus,0,4547,B2,B5,B2,bombeiros,0
5951,deixarei,deixarei,deixarei,B5,B5,noun,freq_corpus,0,4551,B2,B5,B2,deixarei,0
5952,nicole,nicole,nicole,B5,B5,noun,freq_corpus,0,4552,B2,B5,B2,nicole,0
5953,naquilo,naquilo,naquilo,B5,B5,noun,freq_corpus,0,4553,B2,B5,B2,naquilo,0
5954,distante,distante,distante,B5,B5,noun,freq_corpus,0,4554,B2,B5,B2,distante,0
5955,orelhas,orelhas,orelhas,B5,B5,noun,freq_corpus,0,4556,B2,B5,B2,orelhas,0
5956,"líderes","líderes","líderes",B5,B5,noun,freq_corpus,0,4557,B2,B5,B2,"líderes",0
5957,cresceu,cresceu,cresceu,B5,B5,noun,freq_corpus,0,4560,B2,B5,B2,cresceu,0
5958,sintomas,sintomas,sintomas,B5,B5,noun,freq_corpus,0,4561,B2,B5,B2,sintomas,0
5959,"vestígios","vestígios","vestígios",B5,B5,noun,freq_corpus,0,4562,B2,B5,B2,"vestígios",0
5960,fontes,fontes,fontes,B5,B5,noun,freq_corpus,0,4563,B2,B5,B2,fontes,0
5961,ofensa,ofensa,ofensa,B5,B5,noun,freq_corpus,0,4564,B2,B5,B2,ofensa,0
5962,"parvalhão","parvalhão","parvalhão",B5,B5,noun,freq_corpus,0,4565,B2,B5,B2,"parvalhão",0
5963,cretino,cretino,cretino,B5,B5,noun,freq_corpus,0,4566,B2,B5,B2,cretino,0
5964,mitchell,mitchell,mitchell,B5,B5,noun,freq_corpus,0,4567,B2,B5,B2,mitchell,0
5965,dormiste,dormiste,dormiste,B5,B5,noun,freq_corpus,0,4568,B2,B5,B2,dormiste,0
5966,pergunto,pergunto,pergunto,B5,B5,noun,freq_corpus,0,4569,B2,B5,B2,pergunto,0
5967,roubei,roubei,roubei,B5,B5,noun,freq_corpus,0,4570,B2,B5,B2,roubei,0
5968,seguido,seguido,seguido,B5,B5,noun,freq_corpus,0,4571,B2,B5,B2,seguido,0
5969,"médio","médio","médio",B5,B5,noun,freq_corpus,0,4573,B2,B5,B2,"médio",0
5970,metas,metas,metas,B5,B5,noun,freq_corpus,0,4574,B2,B5,B2,metas,0
5971,escolas,escolas,escolas,B5,B5,noun,freq_corpus,0,4576,B2,B5,B2,escolas,0
5972,"oiça","oiça","oiça",B5,B5,noun,freq_corpus,0,4577,B2,B5,B2,"oiça",0
5973,prefere,prefere,prefere,B5,B5,noun,freq_corpus,0,4578,B2,B5,B2,prefere,0
5974,visse,visse,visse,B5,B5,noun,freq_corpus,0,4579,B2,B5,B2,visse,0
5975,saias,saias,saias,B5,B5,noun,freq_corpus,0,4580,B2,B5,B2,saias,0
5976,eli,eli,eli,B5,B5,noun,freq_corpus,0,4581,B2,B5,B2,eli,0
5977,apuros,apuros,apuros,B5,B5,noun,freq_corpus,0,4582,B2,B5,B2,apuros,0
5978,entramos,entramos,entramos,B5,B5,noun,freq_corpus,0,4583,B2,B5,B2,entramos,0
5979,murphy,murphy,murphy,B5,B5,noun,freq_corpus,0,4584,B2,B5,B2,murphy,0
5980,disparem,disparem,disparem,B5,B5,noun,freq_corpus,0,4585,B2,B5,B2,disparem,0
5981,green,green,green,B5,B5,noun,freq_corpus,0,4586,B2,B5,B2,green,0
5982,nuvens,nuvens,nuvens,B5,B5,noun,freq_corpus,0,4587,B2,B5,B2,nuvens,0
5983,companheiros,companheiros,companheiros,B5,B5,noun,freq_corpus,0,4588,B2,B5,B2,companheiros,0
5984,"ámen","ámen","ámen",B5,B5,noun,freq_corpus,0,4589,B2,B5,B2,"ámen",0
5985,despachar,despachar,despachar,B5,B5,noun,freq_corpus,0,4590,B2,B5,B2,despachar,0
5986,wendy,wendy,wendy,B5,B5,noun,freq_corpus,0,4591,B2,B5,B2,wendy,0
5987,"políticos","políticos","políticos",B5,B5,noun,freq_corpus,0,4593,B2,B5,B2,"políticos",0
5988,envolvida,envolvida,envolvida,B5,B5,noun,freq_corpus,0,4594,B2,B5,B2,envolvida,0
5989,doidos,doidos,doidos,B5,B5,noun,freq_corpus,0,4596,B2,B5,B2,doidos,0
5990,cameron,cameron,cameron,B5,B5,noun,freq_corpus,0,4598,B2,B5,B2,cameron,0
5991,gritos,gritos,gritos,B5,B5,noun,freq_corpus,0,4599,B2,B5,B2,gritos,0
5992,"profissão","profissão","profissão",B5,B5,noun,freq_corpus,0,4600,B2,B5,B2,"profissão",0
5993,indica,indica,indica,B5,B5,noun,freq_corpus,0,4602,B2,B5,B2,indica,0
5994,meteu,meteu,meteu,B5,B5,noun,freq_corpus,0,4603,B2,B5,B2,meteu,0
5995,irias,irias,irias,B5,B5,noun,freq_corpus,0,4604,B2,B5,B2,irias,0
5996,siga,siga,siga,B5,B5,noun,freq_corpus,0,4605,B2,B5,B2,siga,0
5997,gina,gina,gina,B5,B5,noun,freq_corpus,0,4607,B2,B5,B2,gina,0
5998,stone,stone,stone,B5,B5,noun,freq_corpus,0,4608,B2,B5,B2,stone,0
5999,vendedor,vendedor,vendedor,B5,B5,noun,freq_corpus,0,4609,B2,B5,B2,vendedor,0
6000,"viúva","viúva","viúva",B5,B5,noun,freq_corpus,0,4610,B2,B5,B2,"viúva",0
6001,fatos,fatos,fatos,B5,B5,noun,freq_corpus,0,4612,B2,B5,B2,fatos,0
6002,conheceste,conheceste,conheceste,B5,B5,noun,freq_corpus,0,4613,B2,B5,B2,conheceste,0
6003,vende,vende,vende,B5,B5,noun,freq_corpus,0,4614,B2,B5,B2,vende,0
6004,parceiros,parceiros,parceiros,B5,B5,noun,freq_corpus,0,4615,B2,B5,B2,parceiros,0
6005,camarada,camarada,camarada,B5,B5,noun,freq_corpus,0,4616,B2,B5,B2,camarada,0
6006,informado,informado,informado,B5,B5,noun,freq_corpus,0,4617,B2,B5,B2,informado,0
6007,realizar,realizar,realizar,B5,B5,noun,freq_corpus,0,4618,B2,B5,B2,realizar,0
6008,"êxito","êxito","êxito",B5,B5,noun,freq_corpus,0,4619,B2,B5,B2,"êxito",0
6009,griffin,griffin,griffin,B5,B5,noun,freq_corpus,0,4620,B2,B5,B2,griffin,0
6010,"agressão","agressão","agressão",B5,B5,noun,freq_corpus,0,4623,B2,B5,B2,"agressão",0
6011,profissionais,profissionais,profissionais,B5,B5,noun,freq_corpus,0,4624,B2,B5,B2,profissionais,0
6012,peru,peru,peru,B5,B5,noun,freq_corpus,0,4625,B2,B5,B2,peru,0
6013,"saíres","saíres","saíres",B5,B5,noun,freq_corpus,0,4626,B2,B5,B2,"saíres",0
6014,"patético","patético","patético",B5,B5,noun,freq_corpus,0,4627,B2,B5,B2,"patético",0
6015,entendeste,entendeste,entendeste,B5,B5,noun,freq_corpus,0,4628,B2,B5,B2,entendeste,0
6016,telefones,telefones,telefones,B5,B5,noun,freq_corpus,0,4629,B2,B5,B2,telefones,0
6017,fizermos,fizermos,fizermos,B5,B5,noun,freq_corpus,0,4630,B2,B5,B2,fizermos,0
6018,dissemos,dissemos,dissemos,B5,B5,noun,freq_corpus,0,4631,B2,B5,B2,dissemos,0
6019,famosa,famosa,famosa,B5,B5,noun,freq_corpus,0,4632,B2,B5,B2,famosa,0
6020,mantenham,mantenham,mantenham,B5,B5,noun,freq_corpus,0,4633,B2,B5,B2,mantenham,0
6021,verifica,verifica,verifica,B5,B5,noun,freq_corpus,0,4634,B2,B5,B2,verifica,0
6022,honesta,honesta,honesta,B5,B5,noun,freq_corpus,0,4635,B2,B5,B2,honesta,0
6023,guerreiros,guerreiros,guerreiros,B5,B5,noun,freq_corpus,0,4636,B2,B5,B2,guerreiros,0
6024,procuram,procuram,procuram,B5,B5,noun,freq_corpus,0,4637,B2,B5,B2,procuram,0
6025,tracy,tracy,tracy,B5,B5,noun,freq_corpus,0,4639,B2,B5,B2,tracy,0
6026,custo,custo,custo,B5,B5,noun,freq_corpus,0,4640,B2,B5,B2,custo,0
6027,habilidades,habilidades,habilidades,B5,B5,noun,freq_corpus,0,4642,B2,B5,B2,habilidades,0
6028,evan,evan,evan,B5,B5,noun,freq_corpus,0,4643,B2,B5,B2,evan,0
6029,esquema,esquema,esquema,B5,B5,noun,freq_corpus,0,4644,B2,B5,B2,esquema,0
6030,"estável","estável","estável",B5,B5,noun,freq_corpus,0,4645,B2,B5,B2,"estável",0
6031,disposta,disposta,disposta,B5,B5,noun,freq_corpus,0,4649,B2,B5,B2,disposta,0
6032,"detenção","detenção","detenção",B5,B5,noun,freq_corpus,0,4650,B2,B5,B2,"detenção",0
6033,considerado,considerado,considerado,B5,B5,noun,freq_corpus,0,4652,B2,B5,B2,considerado,0
6034,viesse,viesse,viesse,B5,B5,noun,freq_corpus,0,4653,B2,B5,B2,viesse,0
6035,pretende,pretende,pretende,B5,B5,noun,freq_corpus,0,4655,B2,B5,B2,pretende,0
6036,viveu,viveu,viveu,B5,B5,noun,freq_corpus,0,4656,B2,B5,B2,viveu,0
6037,separados,separados,separados,B5,B5,noun,freq_corpus,0,4657,B2,B5,B2,separados,0
6038,interna,interna,interna,B5,B5,noun,freq_corpus,0,4658,B2,B5,B2,interna,0
6039,"telemóveis","telemóveis","telemóveis",B5,B5,noun,freq_corpus,0,4659,B2,B5,B2,"telemóveis",0
6040,mexe,mexe,mexe,B5,B5,noun,freq_corpus,0,4660,B2,B5,B2,mexe,0
6041,solteira,solteira,solteira,B5,B5,noun,freq_corpus,0,4661,B2,B5,B2,solteira,0
6042,stanley,stanley,stanley,B5,B5,noun,freq_corpus,0,4662,B2,B5,B2,stanley,0
6043,pudeste,pudeste,pudeste,B5,B5,noun,freq_corpus,0,4666,B2,B5,B2,pudeste,0
6044,meg,meg,meg,B5,B5,noun,freq_corpus,0,4667,B2,B5,B2,meg,0
6045,marte,marte,marte,B5,B5,noun,freq_corpus,0,4668,B2,B5,B2,marte,0
6046,ruim,ruim,ruim,B5,B5,noun,freq_corpus,0,4669,B2,B5,B2,ruim,0
6047,controla,controla,controla,B5,B5,noun,freq_corpus,0,4670,B2,B5,B2,controla,0
6048,deixaria,deixaria,deixaria,B5,B5,noun,freq_corpus,0,4671,B2,B5,B2,deixaria,0
6049,telefonou,telefonou,telefonou,B5,B5,noun,freq_corpus,0,4673,B2,B5,B2,telefonou,0
6050,sobreviveu,sobreviveu,sobreviveu,B5,B5,noun,freq_corpus,0,4674,B2,B5,B2,sobreviveu,0
6051,stark,stark,stark,B5,B5,noun,freq_corpus,0,4675,B2,B5,B2,stark,0
6052,armados,armados,armados,B5,B5,noun,freq_corpus,0,4676,B2,B5,B2,armados,0
6053,heather,heather,heather,B5,B5,noun,freq_corpus,0,4677,B2,B5,B2,heather,0
6054,"emoção","emoção","emoção",B5,B5,noun,freq_corpus,0,4678,B2,B5,B2,"emoção",0
6055,oportunidades,oportunidades,oportunidades,B5,B5,noun,freq_corpus,0,4679,B2,B5,B2,oportunidades,0
6056,guiar,guiar,guiar,B5,B5,noun,freq_corpus,0,4680,B2,B5,B2,guiar,0
6057,carla,carla,carla,B5,B5,noun,freq_corpus,0,4681,B2,B5,B2,carla,0
6058,abandonado,abandonado,abandonado,B5,B5,noun,freq_corpus,0,4682,B2,B5,B2,abandonado,0
6059,diego,diego,diego,B5,B5,noun,freq_corpus,0,4683,B2,B5,B2,diego,0
6060,corram,corram,corram,B5,B5,noun,freq_corpus,0,4685,B2,B5,B2,corram,0
6061,"funcionários","funcionários","funcionários",B5,B5,noun,freq_corpus,0,4686,B2,B5,B2,"funcionários",0
6062,deitado,deitado,deitado,B5,B5,noun,freq_corpus,0,4687,B2,B5,B2,deitado,0
6063,"criação","criação","criação",B5,B5,noun,freq_corpus,0,4688,B2,B5,B2,"criação",0
6064,contratou,contratou,contratou,B5,B5,noun,freq_corpus,0,4689,B2,B5,B2,contratou,0
6065,barbara,barbara,barbara,B5,B5,noun,freq_corpus,0,4691,B2,B5,B2,barbara,0
6066,violento,violento,violento,B5,B5,noun,freq_corpus,0,4692,B2,B5,B2,violento,0
6067,"colecção","colecção","colecção",B5,B5,noun,freq_corpus,0,4693,B2,B5,B2,"colecção",0
6068,leu,leu,leu,B5,B5,noun,freq_corpus,0,4694,B2,B5,B2,leu,0
6069,chover,chover,chover,B5,B5,noun,freq_corpus,0,4695,B2,B5,B2,chover,0
6070,"esperanças","esperanças","esperanças",B5,B5,noun,freq_corpus,0,4696,B2,B5,B2,"esperanças",0
6071,esconderijo,esconderijo,esconderijo,B5,B5,noun,freq_corpus,0,4697,B2,B5,B2,esconderijo,0
6072,serena,serena,serena,B5,B5,noun,freq_corpus,0,4698,B2,B5,B2,serena,0
6073,achaste,achaste,achaste,B5,B5,noun,freq_corpus,0,4700,B2,B5,B2,achaste,0
6074,online,online,online,B5,B5,noun,freq_corpus,0,4701,B2,B5,B2,online,0
6075,mencionou,mencionou,mencionou,B5,B5,noun,freq_corpus,0,4702,B2,B5,B2,mencionou,0
6076,escutem,escutem,escutem,B5,B5,noun,freq_corpus,0,4703,B2,B5,B2,escutem,0
6077,profundamente,profundamente,profundamente,B5,B5,noun,freq_corpus,0,4704,B2,B5,B2,profundamente,0
6078,vigia,vigia,vigia,B5,B5,noun,freq_corpus,0,4706,B2,B5,B2,vigia,0
6079,apanharam,apanharam,apanharam,B5,B5,noun,freq_corpus,0,4707,B2,B5,B2,apanharam,0
6080,necessidades,necessidades,necessidades,B5,B5,noun,freq_corpus,0,4709,B2,B5,B2,necessidades,0
6081,objetivo,objetivo,objetivo,B5,B5,noun,freq_corpus,0,4710,B2,B5,B2,objetivo,0
6082,desaparecimento,desaparecimento,desaparecimento,B5,B5,noun,freq_corpus,0,4711,B2,B5,B2,desaparecimento,0
6083,fechados,fechados,fechados,B5,B5,noun,freq_corpus,0,4712,B2,B5,B2,fechados,0
6084,quieta,quieta,quieta,B5,B5,noun,freq_corpus,0,4713,B2,B5,B2,quieta,0
6085,damon,damon,damon,B5,B5,noun,freq_corpus,0,4717,B2,B5,B2,damon,0
6086,raro,raro,raro,B5,B5,noun,freq_corpus,0,4718,B2,B5,B2,raro,0
6087,miguel,miguel,miguel,B5,B5,noun,freq_corpus,0,4719,B2,B5,B2,miguel,0
6088,ligaste,ligaste,ligaste,B5,B5,noun,freq_corpus,0,4720,B2,B5,B2,ligaste,0
6089,brooke,brooke,brooke,B5,B5,noun,freq_corpus,0,4721,B2,B5,B2,brooke,0
6090,leves,leves,leves,B5,B5,noun,freq_corpus,0,4723,B2,B5,B2,leves,0
6091,recebo,recebo,recebo,B5,B5,noun,freq_corpus,0,4724,B2,B5,B2,recebo,0
6092,recorde,recorde,recorde,B5,B5,noun,freq_corpus,0,4725,B2,B5,B2,recorde,0
6093,namorados,namorados,namorados,B5,B5,noun,freq_corpus,0,4726,B2,B5,B2,namorados,0
6094,decide,decide,decide,B5,B5,noun,freq_corpus,0,4727,B2,B5,B2,decide,0
6095,coloque,coloque,coloque,B5,B5,noun,freq_corpus,0,4728,B2,B5,B2,coloque,0
6096,ocupados,ocupados,ocupados,B5,B5,noun,freq_corpus,0,4730,B2,B5,B2,ocupados,0
6097,aprendeu,aprendeu,aprendeu,B5,B5,noun,freq_corpus,0,4731,B2,B5,B2,aprendeu,0
6098,soubeste,soubeste,soubeste,B5,B5,noun,freq_corpus,0,4733,B2,B5,B2,soubeste,0
6099,suja,suja,suja,B5,B5,noun,freq_corpus,0,4734,B2,B5,B2,suja,0
6100,ingleses,ingleses,ingleses,B5,B5,noun,freq_corpus,0,4735,B2,B5,B2,ingleses,0
6101,little,little,little,B5,B5,noun,freq_corpus,0,4737,B2,B5,B2,little,0
6102,palerma,palerma,palerma,B5,B5,noun,freq_corpus,0,4739,B2,B5,B2,palerma,0
6103,mudaste,mudaste,mudaste,B5,B5,noun,freq_corpus,0,4740,B2,B5,B2,mudaste,0
6104,ronnie,ronnie,ronnie,B5,B5,noun,freq_corpus,0,4741,B2,B5,B2,ronnie,0
6105,ferimentos,ferimentos,ferimentos,B5,B5,noun,freq_corpus,0,4742,B2,B5,B2,ferimentos,0
6106,vestida,vestida,vestida,B5,B5,noun,freq_corpus,0,4743,B2,B5,B2,vestida,0
6107,navios,navios,navios,B5,B5,noun,freq_corpus,0,4744,B2,B5,B2,navios,0
6108,ashley,ashley,ashley,B5,B5,noun,freq_corpus,0,4745,B2,B5,B2,ashley,0
6109,estivermos,estivermos,estivermos,B5,B5,noun,freq_corpus,0,4746,B2,B5,B2,estivermos,0
6110,enormes,enormes,enormes,B5,B5,noun,freq_corpus,0,4747,B2,B5,B2,enormes,0
6111,condado,condado,condado,B5,B5,noun,freq_corpus,0,4749,B2,B5,B2,condado,0
6112,amado,amado,amado,B5,B5,noun,freq_corpus,0,4750,B2,B5,B2,amado,0
6113,admira,admira,admira,B5,B5,noun,freq_corpus,0,4752,B2,B5,B2,admira,0
6114,objecto,objecto,objecto,B5,B5,noun,freq_corpus,0,4753,B2,B5,B2,objecto,0
6115,harris,harris,harris,B5,B5,noun,freq_corpus,0,4755,B2,B5,B2,harris,0
6116,nascido,nascido,nascido,B5,B5,noun,freq_corpus,0,4756,B2,B5,B2,nascido,0
6117,resulta,resulta,resulta,B5,B5,noun,freq_corpus,0,4757,B2,B5,B2,resulta,0
6118,sebastian,sebastian,sebastian,B5,B5,noun,freq_corpus,0,4758,B2,B5,B2,sebastian,0
6119,flash,flash,flash,B5,B5,noun,freq_corpus,0,4759,B2,B5,B2,flash,0
6120,prestar,prestar,prestar,B5,B5,noun,freq_corpus,0,4761,B2,B5,B2,prestar,0
6121,desenhos,desenhos,desenhos,B5,B5,noun,freq_corpus,0,4762,B2,B5,B2,desenhos,0
6122,"conclusão","conclusão","conclusão",B5,B5,noun,freq_corpus,0,4763,B2,B5,B2,"conclusão",0
6123,procuras,procuras,procuras,B5,B5,noun,freq_corpus,0,4765,B2,B5,B2,procuras,0
6124,ralph,ralph,ralph,B5,B5,noun,freq_corpus,0,4766,B2,B5,B2,ralph,0
6125,aterrar,aterrar,aterrar,B5,B5,noun,freq_corpus,0,4767,B2,B5,B2,aterrar,0
6126,experimenta,experimenta,experimenta,B5,B5,noun,freq_corpus,0,4768,B2,B5,B2,experimenta,0
6127,tenda,tenda,tenda,B5,B5,noun,freq_corpus,0,4769,B2,B5,B2,tenda,0
6128,florida,florida,florida,B5,B5,noun,freq_corpus,0,4770,B2,B5,B2,florida,0
6129,dana,dana,dana,B5,B5,noun,freq_corpus,0,4771,B2,B5,B2,dana,0
6130,falaram,falaram,falaram,B5,B5,noun,freq_corpus,0,4773,B2,B5,B2,falaram,0
6131,testemunho,testemunho,testemunho,B5,B5,noun,freq_corpus,0,4775,B2,B5,B2,testemunho,0
6132,confie,confie,confie,B5,B5,noun,freq_corpus,0,4776,B2,B5,B2,confie,0
6133,kong,kong,kong,B5,B5,noun,freq_corpus,0,4778,B2,B5,B2,kong,0
6134,dando,dando,dando,B5,B5,noun,freq_corpus,0,4779,B2,B5,B2,dando,0
6135,tara,tara,tara,B5,B5,noun,freq_corpus,0,4780,B2,B5,B2,tara,0
6136,baby,baby,baby,B5,B5,noun,freq_corpus,0,4782,B2,B5,B2,baby,0
6137,"bêbedo","bêbedo","bêbedo",B5,B5,noun,freq_corpus,0,4783,B2,B5,B2,"bêbedo",0
6138,manhattan,manhattan,manhattan,B5,B5,noun,freq_corpus,0,4785,B2,B5,B2,manhattan,0
6139,votar,votar,votar,B5,B5,noun,freq_corpus,0,4787,B2,B5,B2,votar,0
6140,graves,graves,graves,B5,B5,noun,freq_corpus,0,4788,B2,B5,B2,graves,0
6141,meta,meta,meta,B5,B5,noun,freq_corpus,0,4789,B2,B5,B2,meta,0
6142,surgiu,surgiu,surgiu,B5,B5,noun,freq_corpus,0,4790,B2,B5,B2,surgiu,0
6143,falsas,falsas,falsas,B5,B5,noun,freq_corpus,0,4791,B2,B5,B2,falsas,0
6144,processar,processar,processar,B5,B5,noun,freq_corpus,0,4794,B2,B5,B2,processar,0
6145,mover,mover,mover,B5,B5,noun,freq_corpus,0,4796,B2,B5,B2,mover,0
6146,amanhecer,amanhecer,amanhecer,B5,B5,noun,freq_corpus,0,4797,B2,B5,B2,amanhecer,0
6147,"desagradável","desagradável","desagradável",B5,B5,noun,freq_corpus,0,4798,B2,B5,B2,"desagradável",0
6148,soubesses,soubesses,soubesses,B5,B5,noun,freq_corpus,0,4800,B2,B5,B2,soubesses,0
6149,cujo,cujo,cujo,B5,B5,noun,freq_corpus,0,4801,B2,B5,B2,cujo,0
6150,vendas,vendas,vendas,B5,B5,noun,freq_corpus,0,4802,B2,B5,B2,vendas,0
6151,comem,comem,comem,B5,B5,noun,freq_corpus,0,4803,B2,B5,B2,comem,0
6152,precise,precise,precise,B5,B5,noun,freq_corpus,0,4805,B2,B5,B2,precise,0
6153,vestidos,vestidos,vestidos,B5,B5,noun,freq_corpus,0,4806,B2,B5,B2,vestidos,0
6154,"àquela","àquela","àquela",B5,B5,noun,freq_corpus,0,4807,B2,B5,B2,"àquela",0
6155,"farão","farão","farão",B5,B5,noun,freq_corpus,0,4808,B2,B5,B2,"farão",0
6156,comecem,comecem,comecem,B5,B5,noun,freq_corpus,0,4809,B2,B5,B2,comecem,0
6157,ellie,ellie,ellie,B5,B5,noun,freq_corpus,0,4810,B2,B5,B2,ellie,0
6158,"misericórdia","misericórdia","misericórdia",B5,B5,noun,freq_corpus,0,4812,B2,B5,B2,"misericórdia",0
6159,dale,dale,dale,B5,B5,noun,freq_corpus,0,4814,B2,B5,B2,dale,0
6160,superar,superar,superar,B5,B5,noun,freq_corpus,0,4816,B2,B5,B2,superar,0
6161,pressentimento,pressentimento,pressentimento,B5,B5,noun,freq_corpus,0,4817,B2,B5,B2,pressentimento,0
6162,confias,confias,confias,B5,B5,noun,freq_corpus,0,4818,B2,B5,B2,confias,0
6163,juramento,juramento,juramento,B5,B5,noun,freq_corpus,0,4820,B2,B5,B2,juramento,0
6164,bife,bife,bife,B5,B5,noun,freq_corpus,0,4822,B2,B5,B2,bife,0
6165,piedade,piedade,piedade,B5,B5,noun,freq_corpus,0,4823,B2,B5,B2,piedade,0
6166,espingarda,espingarda,espingarda,B5,B5,noun,freq_corpus,0,4824,B2,B5,B2,espingarda,0
6167,kit,kit,kit,B5,B5,noun,freq_corpus,0,4826,B2,B5,B2,kit,0
6168,fraqueza,fraqueza,fraqueza,B5,B5,noun,freq_corpus,0,4827,B2,B5,B2,fraqueza,0
6169,piso,piso,piso,B5,B5,noun,freq_corpus,0,4828,B2,B5,B2,piso,0
6170,entro,entro,entro,B5,B5,noun,freq_corpus,0,4829,B2,B5,B2,entro,0
6171,shaw,shaw,shaw,B5,B5,noun,freq_corpus,0,4830,B2,B5,B2,shaw,0
6172,"pontapé","pontapé","pontapé",B5,B5,noun,freq_corpus,0,4831,B2,B5,B2,"pontapé",0
6173,ford,ford,ford,B5,B5,noun,freq_corpus,0,4832,B2,B5,B2,ford,0
6174,seco,seco,seco,B5,B5,noun,freq_corpus,0,4833,B2,B5,B2,seco,0
6175,escondida,escondida,escondida,B5,B5,noun,freq_corpus,0,4834,B2,B5,B2,escondida,0
6176,valores,valores,valores,B5,B5,noun,freq_corpus,0,4835,B2,B5,B2,valores,0
6177,blair,blair,blair,B5,B5,noun,freq_corpus,0,4836,B2,B5,B2,blair,0
6178,acordou,acordou,acordou,B5,B5,noun,freq_corpus,0,4837,B2,B5,B2,acordou,0
6179,tonto,tonto,tonto,B5,B5,noun,freq_corpus,0,4838,B2,B5,B2,tonto,0
6180,warren,warren,warren,B5,B5,noun,freq_corpus,0,4839,B2,B5,B2,warren,0
6181,"empréstimo","empréstimo","empréstimo",B5,B5,noun,freq_corpus,0,4840,B2,B5,B2,"empréstimo",0
6182,envolver,envolver,envolver,B5,B5,noun,freq_corpus,0,4842,B2,B5,B2,envolver,0
6183,entraste,entraste,entraste,B5,B5,noun,freq_corpus,0,4843,B2,B5,B2,entraste,0
6184,hall,hall,hall,B5,B5,noun,freq_corpus,0,4844,B2,B5,B2,hall,0
6185,"caçadores","caçadores","caçadores",B5,B5,noun,freq_corpus,0,4845,B2,B5,B2,"caçadores",0
6186,"órgãos","órgãos","órgãos",B5,B5,noun,freq_corpus,0,4846,B2,B5,B2,"órgãos",0
6187,importava,importava,importava,B5,B5,noun,freq_corpus,0,4847,B2,B5,B2,importava,0
6188,faltar,faltar,faltar,B5,B5,noun,freq_corpus,0,4848,B2,B5,B2,faltar,0
6189,invadir,invadir,invadir,B5,B5,noun,freq_corpus,0,4850,B2,B5,B2,invadir,0
6190,confusa,confusa,confusa,B5,B5,noun,freq_corpus,0,4851,B2,B5,B2,confusa,0
6191,enfermaria,enfermaria,enfermaria,B5,B5,noun,freq_corpus,0,4854,B2,B5,B2,enfermaria,0
6192,conseguiria,conseguiria,conseguiria,B5,B5,noun,freq_corpus,0,4856,B2,B5,B2,conseguiria,0
6193,"dará","dará","dará",B5,B5,noun,freq_corpus,0,4858,B2,B5,B2,"dará",0
6194,custar,custar,custar,B5,B5,noun,freq_corpus,0,4862,B2,B5,B2,custar,0
6195,destruiu,destruiu,destruiu,B5,B5,noun,freq_corpus,0,4863,B2,B5,B2,destruiu,0
6196,pescar,pescar,pescar,B5,B5,noun,freq_corpus,0,4864,B2,B5,B2,pescar,0
6197,constantemente,constantemente,constantemente,B5,B5,noun,freq_corpus,0,4866,B2,B5,B2,constantemente,0
6198,queiram,queiram,queiram,B5,B5,noun,freq_corpus,0,4867,B2,B5,B2,queiram,0
6199,emocional,emocional,emocional,B5,B5,noun,freq_corpus,0,4868,B2,B5,B2,emocional,0
6200,sociais,sociais,sociais,B5,B5,noun,freq_corpus,0,4870,B2,B5,B2,sociais,0
6201,suave,suave,suave,B5,B5,noun,freq_corpus,0,4871,B2,B5,B2,suave,0
6202,calada,calada,calada,B5,B5,noun,freq_corpus,0,4872,B2,B5,B2,calada,0
6203,trabalhando,trabalhando,trabalhando,B5,B5,noun,freq_corpus,0,4874,B2,B5,B2,trabalhando,0
6204,julguei,julguei,julguei,B5,B5,noun,freq_corpus,0,4877,B2,B5,B2,julguei,0
6205,confidencial,confidencial,confidencial,B5,B5,noun,freq_corpus,0,4878,B2,B5,B2,confidencial,0
6206,"desgraça","desgraça","desgraça",B5,B5,noun,freq_corpus,0,4879,B2,B5,B2,"desgraça",0
6207,kitty,kitty,kitty,B5,B5,noun,freq_corpus,0,4881,B2,B5,B2,kitty,0
6208,"poderás","poderás","poderás",B5,B5,noun,freq_corpus,0,4882,B2,B5,B2,"poderás",0
6209,rebentar,rebentar,rebentar,B5,B5,noun,freq_corpus,0,4884,B2,B5,B2,rebentar,0
6210,mota,mota,mota,B5,B5,noun,freq_corpus,0,4885,B2,B5,B2,mota,0
6211,tribo,tribo,tribo,B5,B5,noun,freq_corpus,0,4886,B2,B5,B2,tribo,0
6212,bosque,bosque,bosque,B5,B5,noun,freq_corpus,0,4889,B2,B5,B2,bosque,0
6213,"recuperação","recuperação","recuperação",B5,B5,noun,freq_corpus,0,4890,B2,B5,B2,"recuperação",0
6214,lido,lido,lido,B5,B5,noun,freq_corpus,0,4891,B2,B5,B2,lido,0
6215,"padrões","padrões","padrões",B5,B5,noun,freq_corpus,0,4893,B2,B5,B2,"padrões",0
6216,ombros,ombros,ombros,B5,B5,noun,freq_corpus,0,4894,B2,B5,B2,ombros,0
6217,aquecer,aquecer,aquecer,B5,B5,noun,freq_corpus,0,4895,B2,B5,B2,aquecer,0
6218,francesa,francesa,francesa,B5,B5,noun,freq_corpus,0,4896,B2,B5,B2,francesa,0
6219,"comité","comité","comité",B5,B5,noun,freq_corpus,0,4897,B2,B5,B2,"comité",0
6220,casou,casou,casou,B5,B5,noun,freq_corpus,0,4898,B2,B5,B2,casou,0
6221,tumor,tumor,tumor,B5,B5,noun,freq_corpus,0,4899,B2,B5,B2,tumor,0
6222,chineses,chineses,chineses,B5,B5,noun,freq_corpus,0,4900,B2,B5,B2,chineses,0
6223,entram,entram,entram,B5,B5,noun,freq_corpus,0,4901,B2,B5,B2,entram,0
6224,protesto,protesto,protesto,B5,B5,noun,freq_corpus,0,4902,B2,B5,B2,protesto,0
6225,malucos,malucos,malucos,B5,B5,noun,freq_corpus,0,4903,B2,B5,B2,malucos,0
6226,tirado,tirado,tirado,B5,B5,noun,freq_corpus,0,4904,B2,B5,B2,tirado,0
6227,ligada,ligada,ligada,B5,B5,noun,freq_corpus,0,4905,B2,B5,B2,ligada,0
6228,ann,ann,ann,B5,B5,noun,freq_corpus,0,4906,B2,B5,B2,ann,0
6229,pesada,pesada,pesada,B5,B5,noun,freq_corpus,0,4907,B2,B5,B2,pesada,0
6230,chatear,chatear,chatear,B5,B5,noun,freq_corpus,0,4908,B2,B5,B2,chatear,0
6231,assassinada,assassinada,assassinada,B5,B5,noun,freq_corpus,0,4909,B2,B5,B2,assassinada,0
6232,sobreviventes,sobreviventes,sobreviventes,B5,B5,noun,freq_corpus,0,4910,B2,B5,B2,sobreviventes,0
6233,precisavas,precisavas,precisavas,B5,B5,noun,freq_corpus,0,4911,B2,B5,B2,precisavas,0
6234,lutas,lutas,lutas,B5,B5,noun,freq_corpus,0,4912,B2,B5,B2,lutas,0
6235,katherine,katherine,katherine,B5,B5,noun,freq_corpus,0,4913,B2,B5,B2,katherine,0
6236,dieta,dieta,dieta,B5,B5,noun,freq_corpus,0,4914,B2,B5,B2,dieta,0
6237,encantador,encantador,encantador,B5,B5,noun,freq_corpus,0,4915,B2,B5,B2,encantador,0
6238,curtis,curtis,curtis,B5,B5,noun,freq_corpus,0,4916,B2,B5,B2,curtis,0
6239,turner,turner,turner,B5,B5,noun,freq_corpus,0,4917,B2,B5,B2,turner,0
6240,"conheça","conheça","conheça",B5,B5,noun,freq_corpus,0,4918,B2,B5,B2,"conheça",0
6241,ritual,ritual,ritual,B5,B5,noun,freq_corpus,0,4919,B2,B5,B2,ritual,0
6242,hanna,hanna,hanna,B5,B5,noun,freq_corpus,0,4920,B2,B5,B2,hanna,0
6243,trouxeram,trouxeram,trouxeram,B5,B5,noun,freq_corpus,0,4921,B2,B5,B2,trouxeram,0
6244,"taça","taça","taça",B5,B5,noun,freq_corpus,0,4922,B2,B5,B2,"taça",0
6245,reis,reis,reis,B5,B5,noun,freq_corpus,0,4923,B2,B5,B2,reis,0
6246,procurei,procurei,procurei,B5,B5,noun,freq_corpus,0,4924,B2,B5,B2,procurei,0
6247,pudermos,pudermos,pudermos,B5,B5,noun,freq_corpus,0,4926,B2,B5,B2,pudermos,0
6248,esqueceu,esqueceu,esqueceu,B5,B5,noun,freq_corpus,0,4927,B2,B5,B2,esqueceu,0
6249,fazias,fazias,fazias,B5,B5,noun,freq_corpus,0,4928,B2,B5,B2,fazias,0
6250,brooklyn,brooklyn,brooklyn,B5,B5,noun,freq_corpus,0,4929,B2,B5,B2,brooklyn,0
6251,"medicação","medicação","medicação",B5,B5,noun,freq_corpus,0,4931,B2,B5,B2,"medicação",0
6252,vanessa,vanessa,vanessa,B5,B5,noun,freq_corpus,0,4932,B2,B5,B2,vanessa,0
6253,preferida,preferida,preferida,B5,B5,noun,freq_corpus,0,4933,B2,B5,B2,preferida,0
6254,voltam,voltam,voltam,B5,B5,noun,freq_corpus,0,4934,B2,B5,B2,voltam,0
6255,artes,artes,artes,B5,B5,noun,freq_corpus,0,4935,B2,B5,B2,artes,0
6256,"mísseis","mísseis","mísseis",B5,B5,noun,freq_corpus,0,4936,B2,B5,B2,"mísseis",0
6257,queridos,queridos,queridos,B5,B5,noun,freq_corpus,0,4937,B2,B5,B2,queridos,0
6258,detido,detido,detido,B5,B5,noun,freq_corpus,0,4938,B2,B5,B2,detido,0
6259,quereria,quereria,quereria,B5,B5,noun,freq_corpus,0,4939,B2,B5,B2,quereria,0
6260,ligados,ligados,ligados,B5,B5,noun,freq_corpus,0,4941,B2,B5,B2,ligados,0
6261,ken,ken,ken,B5,B5,noun,freq_corpus,0,4942,B2,B5,B2,ken,0
6262,"sincronização","sincronização","sincronização",B5,B5,noun,freq_corpus,0,4944,B2,B5,B2,"sincronização",0
6263,manny,manny,manny,B5,B5,noun,freq_corpus,0,4946,B2,B5,B2,manny,0
6264,tramar,tramar,tramar,B5,B5,noun,freq_corpus,0,4948,B2,B5,B2,tramar,0
6265,holmes,holmes,holmes,B5,B5,noun,freq_corpus,0,4949,B2,B5,B2,holmes,0
6266,vic,vic,vic,B5,B5,noun,freq_corpus,0,4950,B2,B5,B2,vic,0
6267,neal,neal,neal,B5,B5,noun,freq_corpus,0,4952,B2,B5,B2,neal,0
6268,merecem,merecem,merecem,B5,B5,noun,freq_corpus,0,4953,B2,B5,B2,merecem,0
6269,mna,mna,mna,B5,B5,noun,freq_corpus,0,4955,B2,B5,B2,mna,0
6270,star,star,star,B5,B5,noun,freq_corpus,0,4957,B2,B5,B2,star,0
6271,ajudado,ajudado,ajudado,B5,B5,noun,freq_corpus,0,4958,B2,B5,B2,ajudado,0
6272,adrian,adrian,adrian,B5,B5,noun,freq_corpus,0,4959,B2,B5,B2,adrian,0
6273,parei,parei,parei,B5,B5,noun,freq_corpus,0,4960,B2,B5,B2,parei,0
6274,leal,leal,leal,B5,B5,noun,freq_corpus,0,4961,B2,B5,B2,leal,0
6275,minas,minas,minas,B5,B5,noun,freq_corpus,0,4962,B2,B5,B2,minas,0
6276,mcgee,mcgee,mcgee,B5,B5,noun,freq_corpus,0,4963,B2,B5,B2,mcgee,0
6277,juntamente,juntamente,juntamente,B5,B5,noun,freq_corpus,0,4965,B2,B5,B2,juntamente,0
6278,"indivíduo","indivíduo","indivíduo",B5,B5,noun,freq_corpus,0,4968,B2,B5,B2,"indivíduo",0
6279,representar,representar,representar,B5,B5,noun,freq_corpus,0,4970,B2,B5,B2,representar,0
6280,tratamos,tratamos,tratamos,B5,B5,noun,freq_corpus,0,4971,B2,B5,B2,tratamos,0
6281,"cidadão","cidadão","cidadão",B5,B5,noun,freq_corpus,0,4972,B2,B5,B2,"cidadão",0
6282,cabelos,cabelos,cabelos,B5,B5,noun,freq_corpus,0,4973,B2,B5,B2,cabelos,0
6283,gostarias,gostarias,gostarias,B5,B5,noun,freq_corpus,0,4974,B2,B5,B2,gostarias,0
6284,seattle,seattle,seattle,B5,B5,noun,freq_corpus,0,4975,B2,B5,B2,seattle,0
6285,mundos,mundos,mundos,B5,B5,noun,freq_corpus,0,4978,B2,B5,B2,mundos,0
6286,sugere,sugere,sugere,B5,B5,noun,freq_corpus,0,4979,B2,B5,B2,sugere,0
6287,armada,armada,armada,B5,B5,noun,freq_corpus,0,4980,B2,B5,B2,armada,0
6288,ruth,ruth,ruth,B5,B5,noun,freq_corpus,0,4982,B2,B5,B2,ruth,0
6289,allen,allen,allen,B5,B5,noun,freq_corpus,0,4983,B2,B5,B2,allen,0
6290,incrivelmente,incrivelmente,incrivelmente,B5,B5,noun,freq_corpus,0,4984,B2,B5,B2,incrivelmente,0
6291,karl,karl,karl,B5,B5,noun,freq_corpus,0,4986,B2,B5,B2,karl,0
6292,sector,sector,sector,B5,B5,noun,freq_corpus,0,4987,B2,B5,B2,sector,0
6293,philip,philip,philip,B5,B5,noun,freq_corpus,0,4988,B2,B5,B2,philip,0
6294,prometer,prometer,prometer,B5,B5,noun,freq_corpus,0,4989,B2,B5,B2,prometer,0
6295,puseste,puseste,puseste,B5,B5,noun,freq_corpus,0,4990,B2,B5,B2,puseste,0
6296,mira,mira,mira,B5,B5,noun,freq_corpus,0,4991,B2,B5,B2,mira,0
6297,diziam,diziam,diziam,B5,B5,noun,freq_corpus,0,4992,B2,B5,B2,diziam,0
6298,meredith,meredith,meredith,B5,B5,noun,freq_corpus,0,4993,B2,B5,B2,meredith,0
6299,russa,russa,russa,B5,B5,noun,freq_corpus,0,4996,B2,B5,B2,russa,0
6300,justa,justa,justa,B5,B5,noun,freq_corpus,0,4997,B2,B5,B2,justa,0
6301,"caído","caído","caído",B5,B5,noun,freq_corpus,0,4998,B2,B5,B2,"caído",0
6302,isabel,isabel,isabel,B5,B5,noun,freq_corpus,0,4999,B2,B5,B2,isabel,0
6303,von,von,von,B5,B5,noun,freq_corpus,0,5000,B2,B5,B2,von,0
6304,"cadáveres","cadáveres","cadáveres",B5,B5,noun,freq_corpus,0,5001,B2,B5,B2,"cadáveres",0
6305,bonitos,bonitos,bonitos,B5,B5,noun,freq_corpus,0,5002,B2,B5,B2,bonitos,0
6306,"avaliação","avaliação","avaliação",B5,B5,noun,freq_corpus,0,5003,B2,B5,B2,"avaliação",0
6307,monica,monica,monica,B5,B5,noun,freq_corpus,0,5004,B2,B5,B2,monica,0
6308,corridas,corridas,corridas,B5,B5,noun,freq_corpus,0,5005,B2,B5,B2,corridas,0
6309,complicada,complicada,complicada,B5,B5,noun,freq_corpus,0,5006,B2,B5,B2,complicada,0
6310,candidato,candidato,candidato,B5,B5,noun,freq_corpus,0,5007,B2,B5,B2,candidato,0
6311,ninho,ninho,ninho,B5,B5,noun,freq_corpus,0,5008,B2,B5,B2,ninho,0
6312,gerir,gerir,gerir,B5,B5,noun,freq_corpus,0,5009,B2,B5,B2,gerir,0
6313,japoneses,japoneses,japoneses,B5,B5,noun,freq_corpus,0,5011,B2,B5,B2,japoneses,0
6314,taco,taco,taco,B5,B5,noun,freq_corpus,0,5012,B2,B5,B2,taco,0
6315,caminhos,caminhos,caminhos,B5,B5,noun,freq_corpus,0,5013,B2,B5,B2,caminhos,0
6316,electricidade,electricidade,electricidade,B5,B5,noun,freq_corpus,0,5014,B2,B5,B2,electricidade,0
6317,sabedoria,sabedoria,sabedoria,B5,B5,noun,freq_corpus,0,5016,B2,B5,B2,sabedoria,0
6318,musical,musical,musical,B5,B5,noun,freq_corpus,0,5017,B2,B5,B2,musical,0
6319,estrangeiros,estrangeiros,estrangeiros,B5,B5,noun,freq_corpus,0,5019,B2,B5,B2,estrangeiros,0
6320,"secundário","secundário","secundário",B5,B5,noun,freq_corpus,0,5020,B2,B5,B2,"secundário",0
6321,"posições","posições","posições",B5,B5,noun,freq_corpus,0,5022,B2,B5,B2,"posições",0
6322,mostram,mostram,mostram,B5,B5,noun,freq_corpus,0,5023,B2,B5,B2,mostram,0
6323,"clássico","clássico","clássico",B5,B5,noun,freq_corpus,0,5024,B2,B5,B2,"clássico",0
6324,enganada,enganada,enganada,B5,B5,noun,freq_corpus,0,5025,B2,B5,B2,enganada,0
6325,kirk,kirk,kirk,B5,B5,noun,freq_corpus,0,5028,B2,B5,B2,kirk,0
6326,"método","método","método",B5,B5,noun,freq_corpus,0,5031,B2,B5,B2,"método",0
6327,permitido,permitido,permitido,B5,B5,noun,freq_corpus,0,5032,B2,B5,B2,permitido,0
6328,vendeu,vendeu,vendeu,B5,B5,noun,freq_corpus,0,5033,B2,B5,B2,vendeu,0
6329,agrada,agrada,agrada,B5,B5,noun,freq_corpus,0,5034,B2,B5,B2,agrada,0
6330,roubaram,roubaram,roubaram,B5,B5,noun,freq_corpus,0,5036,B2,B5,B2,roubaram,0
6331,bishop,bishop,bishop,B5,B5,noun,freq_corpus,0,5038,B2,B5,B2,bishop,0
6332,jill,jill,jill,B5,B5,noun,freq_corpus,0,5039,B2,B5,B2,jill,0
6333,"situações","situações","situações",B5,B5,noun,freq_corpus,0,5040,B2,B5,B2,"situações",0
6334,distintivo,distintivo,distintivo,B5,B5,noun,freq_corpus,0,5041,B2,B5,B2,distintivo,0
6335,"execução","execução","execução",B5,B5,noun,freq_corpus,0,5042,B2,B5,B2,"execução",0
6336,consertar,consertar,consertar,B5,B5,noun,freq_corpus,0,5044,B2,B5,B2,consertar,0
6337,desenvolvimento,desenvolvimento,desenvolvimento,B5,B5,noun,freq_corpus,0,5046,B2,B5,B2,desenvolvimento,0
6338,quentes,quentes,quentes,B5,B5,noun,freq_corpus,0,5048,B2,B5,B2,quentes,0
6339,ponho,ponho,ponho,B5,B5,noun,freq_corpus,0,5050,B2,B5,B2,ponho,0
6340,collins,collins,collins,B5,B5,noun,freq_corpus,0,5052,B2,B5,B2,collins,0
6341,cal,cal,cal,B5,B5,noun,freq_corpus,0,5053,B2,B5,B2,cal,0
6342,trauma,trauma,trauma,B5,B5,noun,freq_corpus,0,5055,B2,B5,B2,trauma,0
6343,viria,viria,viria,B5,B5,noun,freq_corpus,0,5056,B2,B5,B2,viria,0
6344,recuar,recuar,recuar,B5,B5,noun,freq_corpus,0,5057,B2,B5,B2,recuar,0
6345,cabe,cabe,cabe,B5,B5,noun,freq_corpus,0,5058,B2,B5,B2,cabe,0
6346,"civilização","civilização","civilização",B5,B5,noun,freq_corpus,0,5059,B2,B5,B2,"civilização",0
6347,mijar,mijar,mijar,B5,B5,noun,freq_corpus,0,5060,B2,B5,B2,mijar,0
6348,"colégio","colégio","colégio",B5,B5,noun,freq_corpus,0,5061,B2,B5,B2,"colégio",0
6349,atrair,atrair,atrair,B5,B5,noun,freq_corpus,0,5062,B2,B5,B2,atrair,0
6350,buck,buck,buck,B5,B5,noun,freq_corpus,0,5063,B2,B5,B2,buck,0
6351,encontrarem,encontrarem,encontrarem,B5,B5,noun,freq_corpus,0,5064,B2,B5,B2,encontrarem,0
6352,"rápidos","rápidos","rápidos",B5,B5,noun,freq_corpus,0,5065,B2,B5,B2,"rápidos",0
6353,alison,alison,alison,B5,B5,noun,freq_corpus,0,5066,B2,B5,B2,alison,0
6354,obras,obras,obras,B5,B5,noun,freq_corpus,0,5067,B2,B5,B2,obras,0
6355,reconhece,reconhece,reconhece,B5,B5,noun,freq_corpus,0,5068,B2,B5,B2,reconhece,0
6356,"responsáveis","responsáveis","responsáveis",B5,B5,noun,freq_corpus,0,5069,B2,B5,B2,"responsáveis",0
6357,"lâmina","lâmina","lâmina",B5,B5,noun,freq_corpus,0,5070,B2,B5,B2,"lâmina",0
6358,vaga,vaga,vaga,B5,B5,noun,freq_corpus,0,5071,B2,B5,B2,vaga,0
6359,comemos,comemos,comemos,B5,B5,noun,freq_corpus,0,5072,B2,B5,B2,comemos,0
6360,elementos,elementos,elementos,B5,B5,noun,freq_corpus,0,5076,B2,B5,B2,elementos,0
6361,"promoção","promoção","promoção",B5,B5,noun,freq_corpus,0,5077,B2,B5,B2,"promoção",0
6362,island,island,island,B5,B5,noun,freq_corpus,0,5078,B2,B5,B2,island,0
6363,emocionante,emocionante,emocionante,B5,B5,noun,freq_corpus,0,5080,B2,B5,B2,emocionante,0
6364,garcia,garcia,garcia,B5,B5,noun,freq_corpus,0,5081,B2,B5,B2,garcia,0
6365,fabuloso,fabuloso,fabuloso,B5,B5,noun,freq_corpus,0,5082,B2,B5,B2,fabuloso,0
6366,serias,serias,serias,B5,B5,noun,freq_corpus,0,5085,B2,B5,B2,serias,0
6367,arruinar,arruinar,arruinar,B5,B5,noun,freq_corpus,0,5086,B2,B5,B2,arruinar,0
6368,controlado,controlado,controlado,B5,B5,noun,freq_corpus,0,5087,B2,B5,B2,controlado,0
6369,"máfia","máfia","máfia",B5,B5,noun,freq_corpus,0,5088,B2,B5,B2,"máfia",0
6370,afastado,afastado,afastado,B5,B5,noun,freq_corpus,0,5090,B2,B5,B2,afastado,0
6371,ficando,ficando,ficando,B5,B5,noun,freq_corpus,0,5091,B2,B5,B2,ficando,0
6372,"fiança","fiança","fiança",B5,B5,noun,freq_corpus,0,5092,B2,B5,B2,"fiança",0
6373,"códigos","códigos","códigos",B5,B5,noun,freq_corpus,0,5093,B2,B5,B2,"códigos",0
6374,"típico","típico","típico",B5,B5,noun,freq_corpus,0,5094,B2,B5,B2,"típico",0
6375,palmer,palmer,palmer,B5,B5,noun,freq_corpus,0,5095,B2,B5,B2,palmer,0
6376,erradas,erradas,erradas,B5,B5,noun,freq_corpus,0,5096,B2,B5,B2,erradas,0
6377,principais,principais,principais,B5,B5,noun,freq_corpus,0,5097,B2,B5,B2,principais,0
6378,emprestado,emprestado,emprestado,B5,B5,noun,freq_corpus,0,5098,B2,B5,B2,emprestado,0
6379,durmo,durmo,durmo,B5,B5,noun,freq_corpus,0,5099,B2,B5,B2,durmo,0
6380,"cópias","cópias","cópias",B5,B5,noun,freq_corpus,0,5101,B2,B5,B2,"cópias",0
6381,cadela,cadela,cadela,B5,B5,noun,freq_corpus,0,5102,B2,B5,B2,cadela,0
6382,inteligentes,inteligentes,inteligentes,B5,B5,noun,freq_corpus,0,5104,B2,B5,B2,inteligentes,0
6383,"magnífico","magnífico","magnífico",B5,B5,noun,freq_corpus,0,5105,B2,B5,B2,"magnífico",0
6384,aceder,aceder,aceder,B5,B5,noun,freq_corpus,0,5106,B2,B5,B2,aceder,0
6385,debbie,debbie,debbie,B5,B5,noun,freq_corpus,0,5107,B2,B5,B2,debbie,0
6386,christian,christian,christian,B5,B5,noun,freq_corpus,0,5108,B2,B5,B2,christian,0
6387,tirando,tirando,tirando,B5,B5,noun,freq_corpus,0,5109,B2,B5,B2,tirando,0
6388,revistas,revistas,revistas,B5,B5,noun,freq_corpus,0,5111,B2,B5,B2,revistas,0
6389,despesas,despesas,despesas,B5,B5,noun,freq_corpus,0,5113,B2,B5,B2,despesas,0
6390,matem,matem,matem,B5,B5,noun,freq_corpus,0,5114,B2,B5,B2,matem,0
6391,virginia,virginia,virginia,B5,B5,noun,freq_corpus,0,5115,B2,B5,B2,virginia,0
6392,noticias,noticias,noticias,B5,B5,noun,freq_corpus,0,5116,B2,B5,B2,noticias,0
6393,demorou,demorou,demorou,B5,B5,noun,freq_corpus,0,5117,B2,B5,B2,demorou,0
6394,psicopata,psicopata,psicopata,B5,B5,noun,freq_corpus,0,5119,B2,B5,B2,psicopata,0
6395,corra,corra,corra,B5,B5,noun,freq_corpus,0,5122,B2,B5,B2,corra,0
6396,coloquei,coloquei,coloquei,B5,B5,noun,freq_corpus,0,5123,B2,B5,B2,coloquei,0
6397,"estaríamos","estaríamos","estaríamos",B5,B5,noun,freq_corpus,0,5124,B2,B5,B2,"estaríamos",0
6398,capacidades,capacidades,capacidades,B5,B5,noun,freq_corpus,0,5125,B2,B5,B2,capacidades,0
6399,"gostaríamos","gostaríamos","gostaríamos",B5,B5,noun,freq_corpus,0,5126,B2,B5,B2,"gostaríamos",0
6400,"residência","residência","residência",B5,B5,noun,freq_corpus,0,5127,B2,B5,B2,bureaucracy_documents,0
6401,veste,veste,veste,B5,B5,noun,freq_corpus,0,5128,B2,B5,B2,veste,0
6402,"músicas","músicas","músicas",B5,B5,noun,freq_corpus,0,5129,B2,B5,B2,"músicas",0
6403,terminei,terminei,terminei,B5,B5,noun,freq_corpus,0,5130,B2,B5,B2,terminei,0
6404,chegares,chegares,chegares,B5,B5,noun,freq_corpus,0,5131,B2,B5,B2,chegares,0
6405,tentes,tentes,tentes,B5,B5,noun,freq_corpus,0,5132,B2,B5,B2,tentes,0
6406,nessas,nessas,nessas,B5,B5,noun,freq_corpus,0,5134,B2,B5,B2,nessas,0
6407,exceto,exceto,exceto,B5,B5,noun,freq_corpus,0,5135,B2,B5,B2,exceto,0
6408,"ecrã","ecrã","ecrã",B5,B5,noun,freq_corpus,0,5136,B2,B5,B2,"ecrã",0
6409,derrubar,derrubar,derrubar,B5,B5,noun,freq_corpus,0,5137,B2,B5,B2,derrubar,0
6410,agosto,agosto,agosto,B5,B5,noun,freq_corpus,0,5138,B2,B5,B2,agosto,0
6411,concorda,concorda,concorda,B5,B5,noun,freq_corpus,0,5139,B2,B5,B2,concorda,0
6412,manual,manual,manual,B5,B5,noun,freq_corpus,0,5140,B2,B5,B2,manual,0
6413,possibilidades,possibilidades,possibilidades,B5,B5,noun,freq_corpus,0,5141,B2,B5,B2,possibilidades,0
6414,franklin,franklin,franklin,B5,B5,noun,freq_corpus,0,5142,B2,B5,B2,franklin,0
6415,"fáceis","fáceis","fáceis",B5,B5,noun,freq_corpus,0,5143,B2,B5,B2,"fáceis",0
6416,andares,andares,andares,B5,B5,noun,freq_corpus,0,5147,B2,B5,B2,andares,0
6417,impressionado,impressionado,impressionado,B5,B5,noun,freq_corpus,0,5148,B2,B5,B2,impressionado,0
6418,dupla,dupla,dupla,B5,B5,noun,freq_corpus,0,5149,B2,B5,B2,dupla,0
6419,"terríveis","terríveis","terríveis",B5,B5,noun,freq_corpus,0,5150,B2,B5,B2,"terríveis",0
6420,encontram,encontram,encontram,B5,B5,noun,freq_corpus,0,5152,B2,B5,B2,encontram,0
6421,miranda,miranda,miranda,B5,B5,noun,freq_corpus,0,5153,B2,B5,B2,miranda,0
6422,concentrar,concentrar,concentrar,B5,B5,noun,freq_corpus,0,5156,B2,B5,B2,concentrar,0
6423,fracos,fracos,fracos,B5,B5,noun,freq_corpus,0,5158,B2,B5,B2,fracos,0
6424,perigosos,perigosos,perigosos,B5,B5,noun,freq_corpus,0,5160,B2,B5,B2,perigosos,0
6425,cowboy,cowboy,cowboy,B5,B5,noun,freq_corpus,0,5162,B2,B5,B2,cowboy,0
6426,senso,senso,senso,B5,B5,noun,freq_corpus,0,5164,B2,B5,B2,senso,0
6427,"perseguição","perseguição","perseguição",B5,B5,noun,freq_corpus,0,5165,B2,B5,B2,"perseguição",0
6428,distrito,distrito,distrito,B5,B5,noun,freq_corpus,0,5166,B2,B5,B2,distrito,0
6429,finais,finais,finais,B5,B5,noun,freq_corpus,0,5167,B2,B5,B2,finais,0
6430,audrey,audrey,audrey,B5,B5,noun,freq_corpus,0,5168,B2,B5,B2,audrey,0
6431,usas,usas,usas,B5,B5,noun,freq_corpus,0,5169,B2,B5,B2,usas,0
6432,apertar,apertar,apertar,B5,B5,noun,freq_corpus,0,5170,B2,B5,B2,apertar,0
6433,directa,directa,directa,B5,B5,noun,freq_corpus,0,5171,B2,B5,B2,directa,0
6434,garrafas,garrafas,garrafas,B5,B5,noun,freq_corpus,0,5172,B2,B5,B2,garrafas,0
6435,chase,chase,chase,B5,B5,noun,freq_corpus,0,5173,B2,B5,B2,chase,0
6436,aliados,aliados,aliados,B5,B5,noun,freq_corpus,0,5174,B2,B5,B2,aliados,0
6437,documento,documento,documento,B5,B5,noun,freq_corpus,0,5175,B2,B5,B2,bureaucracy_documents,0
6438,gps,gps,gps,B5,B5,noun,freq_corpus,0,5176,B2,B5,B2,gps,0
6439,oscar,oscar,oscar,B5,B5,noun,freq_corpus,0,5179,B2,B5,B2,oscar,0
6440,tendes,tendes,tendes,B5,B5,noun,freq_corpus,0,5180,B2,B5,B2,tendes,0
6441,aprendeste,aprendeste,aprendeste,B5,B5,noun,freq_corpus,0,5181,B2,B5,B2,aprendeste,0
6442,adolescentes,adolescentes,adolescentes,B5,B5,noun,freq_corpus,0,5182,B2,B5,B2,adolescentes,0
6443,apanhados,apanhados,apanhados,B5,B5,noun,freq_corpus,0,5184,B2,B5,B2,apanhados,0
6444,garotas,garotas,garotas,B5,B5,noun,freq_corpus,0,5185,B2,B5,B2,garotas,0
6445,"vídeos","vídeos","vídeos",B5,B5,noun,freq_corpus,0,5186,B2,B5,B2,"vídeos",0
6446,colocado,colocado,colocado,B5,B5,noun,freq_corpus,0,5187,B2,B5,B2,colocado,0
6447,tentam,tentam,tentam,B5,B5,noun,freq_corpus,0,5189,B2,B5,B2,tentam,0
6448,chinesa,chinesa,chinesa,B5,B5,noun,freq_corpus,0,5190,B2,B5,B2,chinesa,0
6449,arriscado,arriscado,arriscado,B5,B5,noun,freq_corpus,0,5191,B2,B5,B2,arriscado,0
6450,matam,matam,matam,B5,B5,noun,freq_corpus,0,5192,B2,B5,B2,matam,0
6451,watson,watson,watson,B5,B5,noun,freq_corpus,0,5193,B2,B5,B2,watson,0
6452,entendem,entendem,entendem,B5,B5,noun,freq_corpus,0,5194,B2,B5,B2,entendem,0
6453,wyatt,wyatt,wyatt,B5,B5,noun,freq_corpus,0,5196,B2,B5,B2,wyatt,0
6454,cervejas,cervejas,cervejas,B5,B5,noun,freq_corpus,0,5197,B2,B5,B2,cervejas,0
6455,onze,onze,onze,B5,B5,noun,freq_corpus,0,5198,B2,B5,B2,onze,0
6456,cavaleiros,cavaleiros,cavaleiros,B5,B5,noun,freq_corpus,0,5200,B2,B5,B2,cavaleiros,0
6457,"quarteirões","quarteirões","quarteirões",B5,B5,noun,freq_corpus,0,5201,B2,B5,B2,"quarteirões",0
6458,examinar,examinar,examinar,B5,B5,noun,freq_corpus,0,5202,B2,B5,B2,examinar,0
6459,desesperado,desesperado,desesperado,B5,B5,noun,freq_corpus,0,5203,B2,B5,B2,desesperado,0
6460,bondade,bondade,bondade,B5,B5,noun,freq_corpus,0,5204,B2,B5,B2,bondade,0
6461,vivi,vivi,vivi,B5,B5,noun,freq_corpus,0,5205,B2,B5,B2,vivi,0
6462,duke,duke,duke,B5,B5,noun,freq_corpus,0,5206,B2,B5,B2,duke,0
6463,trevas,trevas,trevas,B5,B5,noun,freq_corpus,0,5207,B2,B5,B2,trevas,0
6464,aves,aves,aves,B5,B5,noun,freq_corpus,0,5208,B2,B5,B2,aves,0
6465,esperado,esperado,esperado,B5,B5,noun,freq_corpus,0,5209,B2,B5,B2,esperado,0
6466,lindos,lindos,lindos,B5,B5,noun,freq_corpus,0,5211,B2,B5,B2,lindos,0
6467,explodiu,explodiu,explodiu,B5,B5,noun,freq_corpus,0,5212,B2,B5,B2,explodiu,0
6468,rob,rob,rob,B5,B5,noun,freq_corpus,0,5213,B2,B5,B2,rob,0
6469,naomi,naomi,naomi,B5,B5,noun,freq_corpus,0,5215,B2,B5,B2,naomi,0
6470,harrison,harrison,harrison,B5,B5,noun,freq_corpus,0,5216,B2,B5,B2,harrison,0
6471,queimado,queimado,queimado,B5,B5,noun,freq_corpus,0,5217,B2,B5,B2,queimado,0
6472,empregos,empregos,empregos,B5,B5,noun,freq_corpus,0,5218,B2,B5,B2,empregos,0
6473,falsos,falsos,falsos,B5,B5,noun,freq_corpus,0,5219,B2,B5,B2,falsos,0
6474,reforma,reforma,reforma,B5,B5,noun,freq_corpus,0,5220,B2,B5,B2,reforma,0
6475,maquilhagem,maquilhagem,maquilhagem,B5,B5,noun,freq_corpus,0,5221,B2,B5,B2,maquilhagem,0
6476,times,times,times,B5,B5,noun,freq_corpus,0,5223,B2,B5,B2,times,0
6477,sheldon,sheldon,sheldon,B5,B5,noun,freq_corpus,0,5224,B2,B5,B2,sheldon,0
6478,preta,preta,preta,B5,B5,noun,freq_corpus,0,5226,B2,B5,B2,preta,0
6479,tiraste,tiraste,tiraste,B5,B5,noun,freq_corpus,0,5228,B2,B5,B2,tiraste,0
6480,wallace,wallace,wallace,B5,B5,noun,freq_corpus,0,5230,B2,B5,B2,wallace,0
6481,programas,programas,programas,B5,B5,noun,freq_corpus,0,5231,B2,B5,B2,programas,0
6482,espalhar,espalhar,espalhar,B5,B5,noun,freq_corpus,0,5232,B2,B5,B2,espalhar,0
6483,julgo,julgo,julgo,B5,B5,noun,freq_corpus,0,5233,B2,B5,B2,julgo,0
6484,costumo,costumo,costumo,B5,B5,noun,freq_corpus,0,5234,B2,B5,B2,costumo,0
6485,envolvidos,envolvidos,envolvidos,B5,B5,noun,freq_corpus,0,5235,B2,B5,B2,envolvidos,0
6486,feche,feche,feche,B5,B5,noun,freq_corpus,0,5237,B2,B5,B2,feche,0
6487,operar,operar,operar,B5,B5,noun,freq_corpus,0,5238,B2,B5,B2,operar,0
6488,disparates,disparates,disparates,B5,B5,noun,freq_corpus,0,5239,B2,B5,B2,disparates,0
6489,dormiu,dormiu,dormiu,B5,B5,noun,freq_corpus,0,5240,B2,B5,B2,dormiu,0
6490,"liderança","liderança","liderança",B5,B5,noun,freq_corpus,0,5241,B2,B5,B2,"liderança",0
6491,biscoitos,biscoitos,biscoitos,B5,B5,noun,freq_corpus,0,5242,B2,B5,B2,biscoitos,0
6492,pneus,pneus,pneus,B5,B5,noun,freq_corpus,0,5243,B2,B5,B2,pneus,0
6493,formar,formar,formar,B5,B5,noun,freq_corpus,0,5244,B2,B5,B2,formar,0
6494,dirigir,dirigir,dirigir,B5,B5,noun,freq_corpus,0,5245,B2,B5,B2,dirigir,0
6495,donald,donald,donald,B5,B5,noun,freq_corpus,0,5246,B2,B5,B2,donald,0
6496,"cabrões","cabrões","cabrões",B5,B5,noun,freq_corpus,0,5247,B2,B5,B2,"cabrões",0
6497,voltaremos,voltaremos,voltaremos,B5,B5,noun,freq_corpus,0,5248,B2,B5,B2,voltaremos,0
6498,tecto,tecto,tecto,B5,B5,noun,freq_corpus,0,5249,B2,B5,B2,tecto,0
6499,correcta,correcta,correcta,B5,B5,noun,freq_corpus,0,5250,B2,B5,B2,correcta,0
6500,grato,grato,grato,B5,B5,noun,freq_corpus,0,5251,B2,B5,B2,grato,0
6501,caleb,caleb,caleb,B5,B5,noun,freq_corpus,0,5252,B2,B5,B2,caleb,0
6502,chego,chego,chego,B5,B5,noun,freq_corpus,0,5253,B2,B5,B2,chego,0
6503,apelido,apelido,apelido,B5,B5,noun,freq_corpus,0,5254,B2,B5,B2,apelido,0
6504,janet,janet,janet,B5,B5,noun,freq_corpus,0,5255,B2,B5,B2,janet,0
6505,insectos,insectos,insectos,B5,B5,noun,freq_corpus,0,5256,B2,B5,B2,insectos,0
6506,jenna,jenna,jenna,B5,B5,noun,freq_corpus,0,5257,B2,B5,B2,jenna,0
6507,cola,cola,cola,B5,B5,noun,freq_corpus,0,5258,B2,B5,B2,cola,0
6508,cortes,cortes,cortes,B5,B5,noun,freq_corpus,0,5259,B2,B5,B2,cortes,0
6509,"preocupações","preocupações","preocupações",B5,B5,noun,freq_corpus,0,5260,B2,B5,B2,"preocupações",0
6510,franco,franco,franco,B5,B5,noun,freq_corpus,0,5261,B2,B5,B2,franco,0
6511,moscovo,moscovo,moscovo,B5,B5,noun,freq_corpus,0,5262,B2,B5,B2,moscovo,0
6512,roubaste,roubaste,roubaste,B5,B5,noun,freq_corpus,0,5263,B2,B5,B2,roubaste,0
6513,mencionar,mencionar,mencionar,B5,B5,noun,freq_corpus,0,5267,B2,B5,B2,mencionar,0
6514,patty,patty,patty,B5,B5,noun,freq_corpus,0,5268,B2,B5,B2,patty,0
6515,estradas,estradas,estradas,B5,B5,noun,freq_corpus,0,5270,B2,B5,B2,estradas,0
6516,altas,altas,altas,B5,B5,noun,freq_corpus,0,5271,B2,B5,B2,altas,0
6517,sentiste,sentiste,sentiste,B5,B5,noun,freq_corpus,0,5272,B2,B5,B2,sentiste,0
6518,veres,veres,veres,B5,B5,noun,freq_corpus,0,5273,B2,B5,B2,veres,0
6519,descansa,descansa,descansa,B5,B5,noun,freq_corpus,0,5274,B2,B5,B2,descansa,0
6520,mentirosa,mentirosa,mentirosa,B5,B5,noun,freq_corpus,0,5275,B2,B5,B2,mentirosa,0
6521,grey,grey,grey,B5,B5,noun,freq_corpus,0,5276,B2,B5,B2,grey,0
6522,melissa,melissa,melissa,B5,B5,noun,freq_corpus,0,5277,B2,B5,B2,melissa,0
6523,valeu,valeu,valeu,B5,B5,noun,freq_corpus,0,5278,B2,B5,B2,valeu,0
6524,craig,craig,craig,B5,B5,noun,freq_corpus,0,5279,B2,B5,B2,craig,0
6525,tentava,tentava,tentava,B5,B5,noun,freq_corpus,0,5280,B2,B5,B2,tentava,0
6526,padrinho,padrinho,padrinho,B5,B5,noun,freq_corpus,0,5281,B2,B5,B2,padrinho,0
6527,oficina,oficina,oficina,B5,B5,noun,freq_corpus,0,5282,B2,B5,B2,oficina,0
6528,levamos,levamos,levamos,B5,B5,noun,freq_corpus,0,5284,B2,B5,B2,levamos,0
6529,fadas,fadas,fadas,B5,B5,noun,freq_corpus,0,5285,B2,B5,B2,fadas,0
6530,batido,batido,batido,B5,B5,noun,freq_corpus,0,5287,B2,B5,B2,batido,0
6531,vinda,vinda,vinda,B5,B5,noun,freq_corpus,0,5288,B2,B5,B2,vinda,0
6532,superiores,superiores,superiores,B5,B5,noun,freq_corpus,0,5289,B2,B5,B2,superiores,0
6533,fama,fama,fama,B5,B5,noun,freq_corpus,0,5291,B2,B5,B2,fama,0
6534,atingiu,atingiu,atingiu,B5,B5,noun,freq_corpus,0,5295,B2,B5,B2,atingiu,0
6535,requer,requer,requer,B5,B5,noun,freq_corpus,0,5296,B2,B5,B2,requer,0
6536,hope,hope,hope,B5,B5,noun,freq_corpus,0,5297,B2,B5,B2,hope,0
6537,algemas,algemas,algemas,B5,B5,noun,freq_corpus,0,5298,B2,B5,B2,algemas,0
6538,piratas,piratas,piratas,B5,B5,noun,freq_corpus,0,5299,B2,B5,B2,piratas,0
6539,frasco,frasco,frasco,B5,B5,noun,freq_corpus,0,5300,B2,B5,B2,frasco,0
6540,pesadelos,pesadelos,pesadelos,B5,B5,noun,freq_corpus,0,5301,B2,B5,B2,pesadelos,0
6541,blue,blue,blue,B5,B5,noun,freq_corpus,0,5303,B2,B5,B2,blue,0
6542,kennedy,kennedy,kennedy,B5,B5,noun,freq_corpus,0,5304,B2,B5,B2,kennedy,0
6543,correm,correm,correm,B5,B5,noun,freq_corpus,0,5305,B2,B5,B2,correm,0
6544,pudessem,pudessem,pudessem,B5,B5,noun,freq_corpus,0,5306,B2,B5,B2,pudessem,0
6545,recordar,recordar,recordar,B5,B5,noun,freq_corpus,0,5307,B2,B5,B2,recordar,0
6546,benjamin,benjamin,benjamin,B5,B5,noun,freq_corpus,0,5309,B2,B5,B2,benjamin,0
6547,mostre,mostre,mostre,B5,B5,noun,freq_corpus,0,5310,B2,B5,B2,mostre,0
6548,relva,relva,relva,B5,B5,noun,freq_corpus,0,5311,B2,B5,B2,relva,0
6549,nervos,nervos,nervos,B5,B5,noun,freq_corpus,0,5312,B2,B5,B2,nervos,0
6550,batman,batman,batman,B5,B5,noun,freq_corpus,0,5313,B2,B5,B2,batman,0
6551,permanente,permanente,permanente,B5,B5,noun,freq_corpus,0,5314,B2,B5,B2,permanente,0
6552,pro,pro,pro,B5,B5,noun,freq_corpus,0,5315,B2,B5,B2,pro,0
6553,irritado,irritado,irritado,B5,B5,noun,freq_corpus,0,5316,B2,B5,B2,irritado,0
6554,colin,colin,colin,B5,B5,noun,freq_corpus,0,5317,B2,B5,B2,colin,0
6555,esconde,esconde,esconde,B5,B5,noun,freq_corpus,0,5318,B2,B5,B2,esconde,0
6556,rancho,rancho,rancho,B5,B5,noun,freq_corpus,0,5319,B2,B5,B2,rancho,0
6557,"áreas","áreas","áreas",B5,B5,noun,freq_corpus,0,5320,B2,B5,B2,"áreas",0
6558,oriente,oriente,oriente,B5,B5,noun,freq_corpus,0,5321,B2,B5,B2,oriente,0
6559,jersey,jersey,jersey,B5,B5,noun,freq_corpus,0,5323,B2,B5,B2,jersey,0
6560,tranquilo,tranquilo,tranquilo,B5,B5,noun,freq_corpus,0,5324,B2,B5,B2,tranquilo,0
6561,encontrares,encontrares,encontrares,B5,B5,noun,freq_corpus,0,5326,B2,B5,B2,encontrares,0
6562,chefes,chefes,chefes,B5,B5,noun,freq_corpus,0,5327,B2,B5,B2,chefes,0
6563,brancas,brancas,brancas,B5,B5,noun,freq_corpus,0,5328,B2,B5,B2,brancas,0
6564,festejar,festejar,festejar,B5,B5,noun,freq_corpus,0,5330,B2,B5,B2,festejar,0
6565,"aéreo","aéreo","aéreo",B5,B5,noun,freq_corpus,0,5331,B2,B5,B2,"aéreo",0
6566,baixas,baixas,baixas,B5,B5,noun,freq_corpus,0,5332,B2,B5,B2,baixas,0
6567,christopher,christopher,christopher,B5,B5,noun,freq_corpus,0,5333,B2,B5,B2,christopher,0
6568,"recomeçar","recomeçar","recomeçar",B5,B5,noun,freq_corpus,0,5335,B2,B5,B2,"recomeçar",0
6569,conduta,conduta,conduta,B5,B5,noun,freq_corpus,0,5336,B2,B5,B2,conduta,0
6570,noah,noah,noah,B5,B5,noun,freq_corpus,0,5337,B2,B5,B2,noah,0
6571,supremo,supremo,supremo,B5,B5,noun,freq_corpus,0,5338,B2,B5,B2,supremo,0
6572,mikey,mikey,mikey,B5,B5,noun,freq_corpus,0,5339,B2,B5,B2,mikey,0
6573,anderson,anderson,anderson,B5,B5,noun,freq_corpus,0,5340,B2,B5,B2,anderson,0
6574,cabine,cabine,cabine,B5,B5,noun,freq_corpus,0,5341,B2,B5,B2,cabine,0
6575,artistas,artistas,artistas,B5,B5,noun,freq_corpus,0,5342,B2,B5,B2,artistas,0
6576,determinar,determinar,determinar,B5,B5,noun,freq_corpus,0,5343,B2,B5,B2,determinar,0
6577,stefan,stefan,stefan,B5,B5,noun,freq_corpus,0,5344,B2,B5,B2,stefan,0
6578,provocar,provocar,provocar,B5,B5,noun,freq_corpus,0,5345,B2,B5,B2,provocar,0
6579,fios,fios,fios,B5,B5,noun,freq_corpus,0,5346,B2,B5,B2,fios,0
6580,sonhei,sonhei,sonhei,B5,B5,noun,freq_corpus,0,5347,B2,B5,B2,sonhei,0
6581,conseguisse,conseguisse,conseguisse,B5,B5,noun,freq_corpus,0,5349,B2,B5,B2,conseguisse,0
6582,fritas,fritas,fritas,B5,B5,noun,freq_corpus,0,5350,B2,B5,B2,fritas,0
6583,constante,constante,constante,B5,B5,noun,freq_corpus,0,5351,B2,B5,B2,constante,0
6584,recebeste,recebeste,recebeste,B5,B5,noun,freq_corpus,0,5352,B2,B5,B2,recebeste,0
6585,levava,levava,levava,B5,B5,noun,freq_corpus,0,5355,B2,B5,B2,levava,0
6586,anteriores,anteriores,anteriores,B5,B5,noun,freq_corpus,0,5357,B2,B5,B2,anteriores,0
6587,levante,levante,levante,B5,B5,noun,freq_corpus,0,5358,B2,B5,B2,levante,0
6588,falares,falares,falares,B5,B5,noun,freq_corpus,0,5359,B2,B5,B2,falares,0
6589,imaginas,imaginas,imaginas,B5,B5,noun,freq_corpus,0,5361,B2,B5,B2,imaginas,0
6590,benny,benny,benny,B5,B5,noun,freq_corpus,0,5362,B2,B5,B2,benny,0
6591,importam,importam,importam,B5,B5,noun,freq_corpus,0,5363,B2,B5,B2,importam,0
6592,guerras,guerras,guerras,B5,B5,noun,freq_corpus,0,5365,B2,B5,B2,guerras,0
6593,cordas,cordas,cordas,B5,B5,noun,freq_corpus,0,5366,B2,B5,B2,cordas,0
6594,discos,discos,discos,B5,B5,noun,freq_corpus,0,5367,B2,B5,B2,discos,0
6595,"dívidas","dívidas","dívidas",B5,B5,noun,freq_corpus,0,5368,B2,B5,B2,"dívidas",0
6596,artigos,artigos,artigos,B5,B5,noun,freq_corpus,0,5370,B2,B5,B2,artigos,0
6597,hong,hong,hong,B5,B5,noun,freq_corpus,0,5373,B2,B5,B2,hong,0
6598,prostitutas,prostitutas,prostitutas,B5,B5,noun,freq_corpus,0,5374,B2,B5,B2,prostitutas,0
6599,descrever,descrever,descrever,B5,B5,noun,freq_corpus,0,5375,B2,B5,B2,descrever,0
6600,bingo,bingo,bingo,B5,B5,noun,freq_corpus,0,5376,B2,B5,B2,bingo,0
6601,marcado,marcado,marcado,B5,B5,noun,freq_corpus,0,5377,B2,B5,B2,marcado,0
6602,competir,competir,competir,B5,B5,noun,freq_corpus,0,5378,B2,B5,B2,competir,0
6603,nesses,nesses,nesses,B5,B5,noun,freq_corpus,0,5379,B2,B5,B2,nesses,0
6604,poirot,poirot,poirot,B5,B5,noun,freq_corpus,0,5380,B2,B5,B2,poirot,0
6605,"virão","virão","virão",B5,B5,noun,freq_corpus,0,5382,B2,B5,B2,"virão",0
6606,encontrem,encontrem,encontrem,B5,B5,noun,freq_corpus,0,5383,B2,B5,B2,encontrem,0
6607,comeste,comeste,comeste,B5,B5,noun,freq_corpus,0,5384,B2,B5,B2,comeste,0
6608,belas,belas,belas,B5,B5,noun,freq_corpus,0,5385,B2,B5,B2,belas,0
6609,"ficarão","ficarão","ficarão",B5,B5,noun,freq_corpus,0,5386,B2,B5,B2,"ficarão",0
6610,mia,mia,mia,B5,B5,noun,freq_corpus,0,5387,B2,B5,B2,mia,0
6611,rita,rita,rita,B5,B5,noun,freq_corpus,0,5388,B2,B5,B2,rita,0
6612,"sequência","sequência","sequência",B5,B5,noun,freq_corpus,0,5389,B2,B5,B2,"sequência",0
6613,viciado,viciado,viciado,B5,B5,noun,freq_corpus,0,5390,B2,B5,B2,viciado,0
6614,celeiro,celeiro,celeiro,B5,B5,noun,freq_corpus,0,5391,B2,B5,B2,celeiro,0
6615,"saírem","saírem","saírem",B5,B5,noun,freq_corpus,0,5392,B2,B5,B2,"saírem",0
6616,verdes,verdes,verdes,B5,B5,noun,freq_corpus,0,5393,B2,B5,B2,verdes,0
6617,cortou,cortou,cortou,B5,B5,noun,freq_corpus,0,5394,B2,B5,B2,cortou,0
6618,havido,havido,havido,B5,B5,noun,freq_corpus,0,5395,B2,B5,B2,havido,0
6619,rosas,rosas,rosas,B5,B5,noun,freq_corpus,0,5397,B2,B5,B2,rosas,0
6620,corrigir,corrigir,corrigir,B5,B5,noun,freq_corpus,0,5398,B2,B5,B2,corrigir,0
6621,profunda,profunda,profunda,B5,B5,noun,freq_corpus,0,5399,B2,B5,B2,profunda,0
6622,libertado,libertado,libertado,B5,B5,noun,freq_corpus,0,5401,B2,B5,B2,libertado,0
6623,bebi,bebi,bebi,B5,B5,noun,freq_corpus,0,5402,B2,B5,B2,bebi,0
6624,promessas,promessas,promessas,B5,B5,noun,freq_corpus,0,5403,B2,B5,B2,promessas,0
6625,"proteção","proteção","proteção",B5,B5,noun,freq_corpus,0,5404,B2,B5,B2,"proteção",0
6626,briga,briga,briga,B5,B5,noun,freq_corpus,0,5405,B2,B5,B2,briga,0
6627,colina,colina,colina,B5,B5,noun,freq_corpus,0,5407,B2,B5,B2,colina,0
6628,nicky,nicky,nicky,B5,B5,noun,freq_corpus,0,5408,B2,B5,B2,nicky,0
6629,"reconheço","reconheço","reconheço",B5,B5,noun,freq_corpus,0,5409,B2,B5,B2,"reconheço",0
6630,protegido,protegido,protegido,B5,B5,noun,freq_corpus,0,5410,B2,B5,B2,protegido,0
6631,radar,radar,radar,B5,B5,noun,freq_corpus,0,5411,B2,B5,B2,radar,0
6632,vistas,vistas,vistas,B5,B5,noun,freq_corpus,0,5412,B2,B5,B2,vistas,0
6633,hector,hector,hector,B5,B5,noun,freq_corpus,0,5413,B2,B5,B2,hector,0
6634,telefonemas,telefonemas,telefonemas,B5,B5,noun,freq_corpus,0,5416,B2,B5,B2,telefonemas,0
6635,bolsos,bolsos,bolsos,B5,B5,noun,freq_corpus,0,5417,B2,B5,B2,bolsos,0
6636,apropriado,apropriado,apropriado,B5,B5,noun,freq_corpus,0,5418,B2,B5,B2,apropriado,0
6637,ferimento,ferimento,ferimento,B5,B5,noun,freq_corpus,0,5421,B2,B5,B2,ferimento,0
6638,khan,khan,khan,B5,B5,noun,freq_corpus,0,5422,B2,B5,B2,khan,0
6639,media,media,media,B5,B5,noun,freq_corpus,0,5423,B2,B5,B2,media,0
6640,pornografia,pornografia,pornografia,B5,B5,noun,freq_corpus,0,5424,B2,B5,B2,pornografia,0
6641,enterrar,enterrar,enterrar,B5,B5,noun,freq_corpus,0,5426,B2,B5,B2,enterrar,0
6642,deixava,deixava,deixava,B5,B5,noun,freq_corpus,0,5427,B2,B5,B2,deixava,0
6643,hal,hal,hal,B5,B5,noun,freq_corpus,0,5429,B2,B5,B2,hal,0
6644,perspectiva,perspectiva,perspectiva,B5,B5,noun,freq_corpus,0,5430,B2,B5,B2,perspectiva,0
6645,jules,jules,jules,B5,B5,noun,freq_corpus,0,5432,B2,B5,B2,jules,0
6646,assegurar,assegurar,assegurar,B5,B5,noun,freq_corpus,0,5433,B2,B5,B2,assegurar,0
6647,drogado,drogado,drogado,B5,B5,noun,freq_corpus,0,5435,B2,B5,B2,drogado,0
6648,sobrinha,sobrinha,sobrinha,B5,B5,noun,freq_corpus,0,5436,B2,B5,B2,sobrinha,0
6649,tremer,tremer,tremer,B5,B5,noun,freq_corpus,0,5438,B2,B5,B2,tremer,0
6650,ficaremos,ficaremos,ficaremos,B5,B5,noun,freq_corpus,0,5439,B2,B5,B2,ficaremos,0
6651,aparecem,aparecem,aparecem,B5,B5,noun,freq_corpus,0,5440,B2,B5,B2,aparecem,0
6652,plataforma,plataforma,plataforma,B5,B5,noun,freq_corpus,0,5442,B2,B5,B2,plataforma,0
6653,desligado,desligado,desligado,B5,B5,noun,freq_corpus,0,5444,B2,B5,B2,desligado,0
6654,apanho,apanho,apanho,B5,B5,noun,freq_corpus,0,5445,B2,B5,B2,apanho,0
6655,burke,burke,burke,B5,B5,noun,freq_corpus,0,5447,B2,B5,B2,burke,0
6656,extraterrestres,extraterrestres,extraterrestres,B5,B5,noun,freq_corpus,0,5448,B2,B5,B2,extraterrestres,0
6657,april,april,april,B5,B5,noun,freq_corpus,0,5449,B2,B5,B2,april,0
6658,procurava,procurava,procurava,B5,B5,noun,freq_corpus,0,5452,B2,B5,B2,procurava,0
6659,parva,parva,parva,B5,B5,noun,freq_corpus,0,5453,B2,B5,B2,parva,0
6660,diane,diane,diane,B5,B5,noun,freq_corpus,0,5454,B2,B5,B2,diane,0
6661,disparo,disparo,disparo,B5,B5,noun,freq_corpus,0,5455,B2,B5,B2,disparo,0
6662,"comentários","comentários","comentários",B5,B5,noun,freq_corpus,0,5456,B2,B5,B2,"comentários",0
6663,"tráfico","tráfico","tráfico",B5,B5,noun,freq_corpus,0,5457,B2,B5,B2,"tráfico",0
6664,joan,joan,joan,B5,B5,noun,freq_corpus,0,5459,B2,B5,B2,joan,0
6665,judy,judy,judy,B5,B5,noun,freq_corpus,0,5460,B2,B5,B2,judy,0
6666,ansiosa,ansiosa,ansiosa,B5,B5,noun,freq_corpus,0,5461,B2,B5,B2,ansiosa,0
6667,oposto,oposto,oposto,B5,B5,noun,freq_corpus,0,5463,B2,B5,B2,oposto,0
6668,praga,praga,praga,B5,B5,noun,freq_corpus,0,5464,B2,B5,B2,praga,0
6669,espiritual,espiritual,espiritual,B5,B5,noun,freq_corpus,0,5466,B2,B5,B2,espiritual,0
6670,"matrícula","matrícula","matrícula",B5,B5,noun,freq_corpus,0,5467,B2,B5,B2,"matrícula",0
6671,"bênção","bênção","bênção",B5,B5,noun,freq_corpus,0,5468,B2,B5,B2,"bênção",0
6672,obcecado,obcecado,obcecado,B5,B5,noun,freq_corpus,0,5469,B2,B5,B2,obcecado,0
6673,hmm,hmm,hmm,B5,B5,noun,freq_corpus,0,5470,B2,B5,B2,hmm,0
6674,"específico","específico","específico",B5,B5,noun,freq_corpus,0,5471,B2,B5,B2,"específico",0
6675,enviei,enviei,enviei,B5,B5,noun,freq_corpus,0,5473,B2,B5,B2,enviei,0
6676,"associação","associação","associação",B5,B5,noun,freq_corpus,0,5474,B2,B5,B2,"associação",0
6677,bauer,bauer,bauer,B5,B5,noun,freq_corpus,0,5475,B2,B5,B2,bauer,0
6678,"cúmplice","cúmplice","cúmplice",B5,B5,noun,freq_corpus,0,5476,B2,B5,B2,"cúmplice",0
6679,reduzir,reduzir,reduzir,B5,B5,noun,freq_corpus,0,5478,B2,B5,B2,reduzir,0
6680,falem,falem,falem,B5,B5,noun,freq_corpus,0,5479,B2,B5,B2,falem,0
6681,whisky,whisky,whisky,B5,B5,noun,freq_corpus,0,5481,B2,B5,B2,whisky,0
6682,haviam,haviam,haviam,B5,B5,noun,freq_corpus,0,5484,B2,B5,B2,haviam,0
6683,abelhas,abelhas,abelhas,B5,B5,noun,freq_corpus,0,5485,B2,B5,B2,abelhas,0
6684,"pátio","pátio","pátio",B5,B5,noun,freq_corpus,0,5486,B2,B5,B2,"pátio",0
6685,parceira,parceira,parceira,B5,B5,noun,freq_corpus,0,5488,B2,B5,B2,parceira,0
6686,"embaraçoso","embaraçoso","embaraçoso",B5,B5,noun,freq_corpus,0,5489,B2,B5,B2,"embaraçoso",0
6687,"começaste","começaste","começaste",B5,B5,noun,freq_corpus,0,5490,B2,B5,B2,"começaste",0
6688,"urgências","urgências","urgências",B5,B5,noun,freq_corpus,0,5492,B2,B5,B2,"urgências",0
6689,ocidental,ocidental,ocidental,B5,B5,noun,freq_corpus,0,5493,B2,B5,B2,ocidental,0
6690,boyd,boyd,boyd,B5,B5,noun,freq_corpus,0,5494,B2,B5,B2,boyd,0
6691,margem,margem,margem,B5,B5,noun,freq_corpus,0,5495,B2,B5,B2,margem,0
6692,louise,louise,louise,B5,B5,noun,freq_corpus,0,5496,B2,B5,B2,louise,0
6693,crane,crane,crane,B5,B5,noun,freq_corpus,0,5498,B2,B5,B2,crane,0
6694,conforto,conforto,conforto,B5,B5,noun,freq_corpus,0,5499,B2,B5,B2,conforto,0
6695,apertado,apertado,apertado,B5,B5,noun,freq_corpus,0,5501,B2,B5,B2,apertado,0
6696,lembraste,lembraste,lembraste,B5,B5,noun,freq_corpus,0,5502,B2,B5,B2,lembraste,0
6697,modelos,modelos,modelos,B5,B5,noun,freq_corpus,0,5503,B2,B5,B2,modelos,0
6698,acorde,acorde,acorde,B5,B5,noun,freq_corpus,0,5504,B2,B5,B2,acorde,0
6699,bolachas,bolachas,bolachas,B5,B5,noun,freq_corpus,0,5505,B2,B5,B2,bolachas,0
6700,actriz,actriz,actriz,B5,B5,noun,freq_corpus,0,5506,B2,B5,B2,actriz,0
6701,misterioso,misterioso,misterioso,B5,B5,noun,freq_corpus,0,5508,B2,B5,B2,misterioso,0
6702,sid,sid,sid,B5,B5,noun,freq_corpus,0,5509,B2,B5,B2,sid,0
6703,lavandaria,lavandaria,lavandaria,B5,B5,noun,freq_corpus,0,5510,B2,B5,B2,lavandaria,0
6704,pretendo,pretendo,pretendo,B5,B5,noun,freq_corpus,0,5511,B2,B5,B2,pretendo,0
6705,santos,santos,santos,B5,B5,noun,freq_corpus,0,5512,B2,B5,B2,santos,0
6706,doloroso,doloroso,doloroso,B5,B5,noun,freq_corpus,0,5513,B2,B5,B2,doloroso,0
6707,cresce,cresce,cresce,B5,B5,noun,freq_corpus,0,5516,B2,B5,B2,cresce,0
6708,compensar,compensar,compensar,B5,B5,noun,freq_corpus,0,5517,B2,B5,B2,compensar,0
6709,imagine,imagine,imagine,B5,B5,noun,freq_corpus,0,5518,B2,B5,B2,imagine,0
6710,encantadora,encantadora,encantadora,B5,B5,noun,freq_corpus,0,5519,B2,B5,B2,encantadora,0
6711,comido,comido,comido,B5,B5,noun,freq_corpus,0,5521,B2,B5,B2,comido,0
6712,lawrence,lawrence,lawrence,B5,B5,noun,freq_corpus,0,5523,B2,B5,B2,lawrence,0
6713,fox,fox,fox,B5,B5,noun,freq_corpus,0,5524,B2,B5,B2,fox,0
6714,"sugestão","sugestão","sugestão",B5,B5,noun,freq_corpus,0,5525,B2,B5,B2,"sugestão",0
6715,presas,presas,presas,B5,B5,noun,freq_corpus,0,5526,B2,B5,B2,presas,0
6716,sotaque,sotaque,sotaque,B5,B5,noun,freq_corpus,0,5527,B2,B5,B2,sotaque,0
6717,vivas,vivas,vivas,B5,B5,noun,freq_corpus,0,5528,B2,B5,B2,vivas,0
6718,tess,tess,tess,B5,B5,noun,freq_corpus,0,5529,B2,B5,B2,tess,0
6719,vendido,vendido,vendido,B5,B5,noun,freq_corpus,0,5530,B2,B5,B2,vendido,0
6720,tomas,tomas,tomas,B5,B5,noun,freq_corpus,0,5533,B2,B5,B2,tomas,0
6721,beba,beba,beba,B5,B5,noun,freq_corpus,0,5534,B2,B5,B2,beba,0
6722,relacionado,relacionado,relacionado,B5,B5,noun,freq_corpus,0,5535,B2,B5,B2,relacionado,0
6723,mick,mick,mick,B5,B5,noun,freq_corpus,0,5536,B2,B5,B2,mick,0
6724,deixando,deixando,deixando,B5,B5,noun,freq_corpus,0,5537,B2,B5,B2,deixando,0
6725,morgue,morgue,morgue,B5,B5,noun,freq_corpus,0,5538,B2,B5,B2,morgue,0
6726,disseres,disseres,disseres,B5,B5,noun,freq_corpus,0,5539,B2,B5,B2,disseres,0
6727,envia,envia,envia,B5,B5,noun,freq_corpus,0,5540,B2,B5,B2,envia,0
6728,pensaram,pensaram,pensaram,B5,B5,noun,freq_corpus,0,5542,B2,B5,B2,pensaram,0
6729,spock,spock,spock,B5,B5,noun,freq_corpus,0,5543,B2,B5,B2,spock,0
6730,"verás","verás","verás",B5,B5,noun,freq_corpus,0,5544,B2,B5,B2,"verás",0
6731,interferir,interferir,interferir,B5,B5,noun,freq_corpus,0,5545,B2,B5,B2,interferir,0
6732,regressou,regressou,regressou,B5,B5,noun,freq_corpus,0,5546,B2,B5,B2,regressou,0
6733,decerto,decerto,decerto,B5,B5,noun,freq_corpus,0,5547,B2,B5,B2,decerto,0
6734,"tentámos","tentámos","tentámos",B5,B5,noun,freq_corpus,0,5548,B2,B5,B2,"tentámos",0
6735,reclamar,reclamar,reclamar,B5,B5,noun,freq_corpus,0,5549,B2,B5,B2,reclamar,0
6736,trevor,trevor,trevor,B5,B5,noun,freq_corpus,0,5552,B2,B5,B2,trevor,0
6737,"começas","começas","começas",B5,B5,noun,freq_corpus,0,5553,B2,B5,B2,"começas",0
6738,parentes,parentes,parentes,B5,B5,noun,freq_corpus,0,5554,B2,B5,B2,parentes,0
6739,acreditem,acreditem,acreditem,B5,B5,noun,freq_corpus,0,5555,B2,B5,B2,acreditem,0
6740,objectos,objectos,objectos,B5,B5,noun,freq_corpus,0,5556,B2,B5,B2,objectos,0
6741,pretos,pretos,pretos,B5,B5,noun,freq_corpus,0,5557,B2,B5,B2,pretos,0
6742,jen,jen,jen,B5,B5,noun,freq_corpus,0,5558,B2,B5,B2,jen,0
6743,sonny,sonny,sonny,B5,B5,noun,freq_corpus,0,5559,B2,B5,B2,sonny,0
6744,quietos,quietos,quietos,B5,B5,noun,freq_corpus,0,5561,B2,B5,B2,quietos,0
6745,cam,cam,cam,B5,B5,noun,freq_corpus,0,5562,B2,B5,B2,cam,0
6746,preencher,preencher,preencher,B5,B5,noun,freq_corpus,0,5563,B2,B5,B2,preencher,0
6747,finn,finn,finn,B5,B5,noun,freq_corpus,0,5565,B2,B5,B2,finn,0
6748,"caí","caí","caí",B5,B5,noun,freq_corpus,0,5566,B2,B5,B2,"caí",0
6749,lanterna,lanterna,lanterna,B5,B5,noun,freq_corpus,0,5567,B2,B5,B2,lanterna,0
6750,baker,baker,baker,B5,B5,noun,freq_corpus,0,5568,B2,B5,B2,baker,0
6751,supostamente,supostamente,supostamente,B5,B5,noun,freq_corpus,0,5569,B2,B5,B2,supostamente,0
6752,mortais,mortais,mortais,B5,B5,noun,freq_corpus,0,5570,B2,B5,B2,mortais,0
6753,basquetebol,basquetebol,basquetebol,B5,B5,noun,freq_corpus,0,5571,B2,B5,B2,basquetebol,0
6754,macho,macho,macho,B5,B5,noun,freq_corpus,0,5572,B2,B5,B2,macho,0
6755,direto,direto,direto,B5,B5,noun,freq_corpus,0,5573,B2,B5,B2,direto,0
6756,"chegará","chegará","chegará",B5,B5,noun,freq_corpus,0,5574,B2,B5,B2,"chegará",0
6757,"contém","contém","contém",B5,B5,noun,freq_corpus,0,5576,B2,B5,B2,"contém",0
6758,may,may,may,B5,B5,noun,freq_corpus,0,5577,B2,B5,B2,may,0
6759,arrogante,arrogante,arrogante,B5,B5,noun,freq_corpus,0,5580,B2,B5,B2,arrogante,0
6760,cuja,cuja,cuja,B5,B5,noun,freq_corpus,0,5581,B2,B5,B2,cuja,0
6761,quisermos,quisermos,quisermos,B5,B5,noun,freq_corpus,0,5582,B2,B5,B2,quisermos,0
6762,conquistar,conquistar,conquistar,B5,B5,noun,freq_corpus,0,5583,B2,B5,B2,conquistar,0
6763,"gémeos","gémeos","gémeos",B5,B5,noun,freq_corpus,0,5584,B2,B5,B2,"gémeos",0
6764,mama,mama,mama,B5,B5,noun,freq_corpus,0,5585,B2,B5,B2,mama,0
6765,helena,helena,helena,B5,B5,noun,freq_corpus,0,5586,B2,B5,B2,helena,0
6766,euros,euros,euros,B5,B5,noun,freq_corpus,0,5588,B2,B5,B2,euros,0
6767,beijos,beijos,beijos,B5,B5,noun,freq_corpus,0,5589,B2,B5,B2,beijos,0
6768,confiante,confiante,confiante,B5,B5,noun,freq_corpus,0,5590,B2,B5,B2,confiante,0
6769,brincando,brincando,brincando,B5,B5,noun,freq_corpus,0,5591,B2,B5,B2,brincando,0
6770,"mansão","mansão","mansão",B5,B5,noun,freq_corpus,0,5592,B2,B5,B2,"mansão",0
6771,escudos,escudos,escudos,B5,B5,noun,freq_corpus,0,5593,B2,B5,B2,escudos,0
6772,"destruída","destruída","destruída",B5,B5,noun,freq_corpus,0,5594,B2,B5,B2,"destruída",0
6773,ilhas,ilhas,ilhas,B5,B5,noun,freq_corpus,0,5595,B2,B5,B2,ilhas,0
6774,prontas,prontas,prontas,B5,B5,noun,freq_corpus,0,5598,B2,B5,B2,prontas,0
6775,one,one,one,B5,B5,noun,freq_corpus,0,5600,B2,B5,B2,one,0
6776,"desperdício","desperdício","desperdício",B5,B5,noun,freq_corpus,0,5603,B2,B5,B2,"desperdício",0
6777,harvard,harvard,harvard,B5,B5,noun,freq_corpus,0,5604,B2,B5,B2,harvard,0
6778,pilotos,pilotos,pilotos,B5,B5,noun,freq_corpus,0,5605,B2,B5,B2,pilotos,0
6779,bolos,bolos,bolos,B5,B5,noun,freq_corpus,0,5606,B2,B5,B2,bolos,0
6780,"pacífico","pacífico","pacífico",B5,B5,noun,freq_corpus,0,5607,B2,B5,B2,"pacífico",0
6781,rapazinho,rapazinho,rapazinho,B5,B5,noun,freq_corpus,0,5608,B2,B5,B2,rapazinho,0
6782,"nações","nações","nações",B5,B5,noun,freq_corpus,0,5610,B2,B5,B2,"nações",0
6783,apareceram,apareceram,apareceram,B5,B5,noun,freq_corpus,0,5612,B2,B5,B2,apareceram,0
6784,menores,menores,menores,B5,B5,noun,freq_corpus,0,5613,B2,B5,B2,menores,0
6785,remover,remover,remover,B5,B5,noun,freq_corpus,0,5614,B2,B5,B2,remover,0
6786,estabelecer,estabelecer,estabelecer,B5,B5,noun,freq_corpus,0,5615,B2,B5,B2,estabelecer,0
6787,garanto,garanto,garanto,B5,B5,noun,freq_corpus,0,5616,B2,B5,B2,garanto,0
6788,trabalhado,trabalhado,trabalhado,B5,B5,noun,freq_corpus,0,5619,B2,B5,B2,trabalhado,0
6789,"japonês","japonês","japonês",B5,B5,noun,freq_corpus,0,5620,B2,B5,B2,"japonês",0
6790,sortudo,sortudo,sortudo,B5,B5,noun,freq_corpus,0,5621,B2,B5,B2,sortudo,0
6791,"espécies","espécies","espécies",B5,B5,noun,freq_corpus,0,5622,B2,B5,B2,"espécies",0
6792,escuto,escuto,escuto,B5,B5,noun,freq_corpus,0,5623,B2,B5,B2,escuto,0
6793,gota,gota,gota,B5,B5,noun,freq_corpus,0,5624,B2,B5,B2,gota,0
6794,apanhamos,apanhamos,apanhamos,B5,B5,noun,freq_corpus,0,5625,B2,B5,B2,apanhamos,0
6795,liderar,liderar,liderar,B5,B5,noun,freq_corpus,0,5626,B2,B5,B2,liderar,0
6796,falarmos,falarmos,falarmos,B5,B5,noun,freq_corpus,0,5627,B2,B5,B2,falarmos,0
6797,surpresas,surpresas,surpresas,B5,B5,noun,freq_corpus,0,5628,B2,B5,B2,surpresas,0
6798,incapaz,incapaz,incapaz,B5,B5,noun,freq_corpus,0,5630,B2,B5,B2,incapaz,0
6799,macgyver,macgyver,macgyver,B5,B5,noun,freq_corpus,0,5631,B2,B5,B2,macgyver,0
6800,"oxalá","oxalá","oxalá",B5,B5,noun,freq_corpus,0,5632,B2,B5,B2,"oxalá",0
6801,allison,allison,allison,B5,B5,noun,freq_corpus,0,5634,B2,B5,B2,allison,0
6802,lutador,lutador,lutador,B5,B5,noun,freq_corpus,0,5636,B2,B5,B2,lutador,0
6803,feiticeiro,feiticeiro,feiticeiro,B5,B5,noun,freq_corpus,0,5637,B2,B5,B2,feiticeiro,0
6804,eterna,eterna,eterna,B5,B5,noun,freq_corpus,0,5638,B2,B5,B2,eterna,0
6805,odiar,odiar,odiar,B5,B5,noun,freq_corpus,0,5639,B2,B5,B2,odiar,0
6806,saberemos,saberemos,saberemos,B5,B5,noun,freq_corpus,0,5640,B2,B5,B2,saberemos,0
6807,riqueza,riqueza,riqueza,B5,B5,noun,freq_corpus,0,5642,B2,B5,B2,riqueza,0
6808,aprende,aprende,aprende,B5,B5,noun,freq_corpus,0,5643,B2,B5,B2,aprende,0
6809,detectives,detectives,detectives,B5,B5,noun,freq_corpus,0,5645,B2,B5,B2,detectives,0
6810,"necessária","necessária","necessária",B5,B5,noun,freq_corpus,0,5646,B2,B5,B2,"necessária",0
6811,leia,leia,leia,B5,B5,noun,freq_corpus,0,5647,B2,B5,B2,leia,0
6812,carruagem,carruagem,carruagem,B5,B5,noun,freq_corpus,0,5648,B2,B5,B2,carruagem,0
6813,batota,batota,batota,B5,B5,noun,freq_corpus,0,5649,B2,B5,B2,batota,0
6814,discutimos,discutimos,discutimos,B5,B5,noun,freq_corpus,0,5650,B2,B5,B2,discutimos,0
6815,"solitária","solitária","solitária",B5,B5,noun,freq_corpus,0,5651,B2,B5,B2,"solitária",0
6816,pam,pam,pam,B5,B5,noun,freq_corpus,0,5652,B2,B5,B2,pam,0
6817,"núcleo","núcleo","núcleo",B5,B5,noun,freq_corpus,0,5654,B2,B5,B2,"núcleo",0
6818,conselheiro,conselheiro,conselheiro,B5,B5,noun,freq_corpus,0,5655,B2,B5,B2,conselheiro,0
6819,lord,lord,lord,B5,B5,noun,freq_corpus,0,5656,B2,B5,B2,lord,0
6820,comeces,comeces,comeces,B5,B5,noun,freq_corpus,0,5657,B2,B5,B2,comeces,0
6821,reed,reed,reed,B5,B5,noun,freq_corpus,0,5658,B2,B5,B2,reed,0
6822,concordou,concordou,concordou,B5,B5,noun,freq_corpus,0,5659,B2,B5,B2,concordou,0
6823,"precisávamos","precisávamos","precisávamos",B5,B5,noun,freq_corpus,0,5661,B2,B5,B2,"precisávamos",0
6824,beckett,beckett,beckett,B5,B5,noun,freq_corpus,0,5662,B2,B5,B2,beckett,0
6825,"análises","análises","análises",B5,B5,noun,freq_corpus,0,5663,B2,B5,B2,"análises",0
6826,"excepção","excepção","excepção",B5,B5,noun,freq_corpus,0,5664,B2,B5,B2,"excepção",0
6827,estariam,estariam,estariam,B5,B5,noun,freq_corpus,0,5666,B2,B5,B2,estariam,0
6828,murro,murro,murro,B5,B5,noun,freq_corpus,0,5667,B2,B5,B2,murro,0
6829,actualmente,actualmente,actualmente,B5,B5,noun,freq_corpus,0,5668,B2,B5,B2,actualmente,0
6830,internos,internos,internos,B5,B5,noun,freq_corpus,0,5669,B2,B5,B2,internos,0
6831,autor,autor,autor,B5,B5,noun,freq_corpus,0,5670,B2,B5,B2,autor,0
6832,amada,amada,amada,B5,B5,noun,freq_corpus,0,5671,B2,B5,B2,amada,0
6833,"colónia","colónia","colónia",B5,B5,noun,freq_corpus,0,5672,B2,B5,B2,"colónia",0
6834,bati,bati,bati,B5,B5,noun,freq_corpus,0,5673,B2,B5,B2,bati,0
6835,brilhantes,brilhantes,brilhantes,B5,B5,noun,freq_corpus,0,5674,B2,B5,B2,brilhantes,0
6836,"libertação","libertação","libertação",B5,B5,noun,freq_corpus,0,5675,B2,B5,B2,"libertação",0
6837,merlin,merlin,merlin,B5,B5,noun,freq_corpus,0,5676,B2,B5,B2,merlin,0
6838,bandido,bandido,bandido,B5,B5,noun,freq_corpus,0,5677,B2,B5,B2,bandido,0
6839,gaja,gaja,gaja,B5,B5,noun,freq_corpus,0,5678,B2,B5,B2,gaja,0
6840,prometeste,prometeste,prometeste,B5,B5,noun,freq_corpus,0,5679,B2,B5,B2,prometeste,0
6841,"ilusão","ilusão","ilusão",B5,B5,noun,freq_corpus,0,5680,B2,B5,B2,"ilusão",0
6842,bacon,bacon,bacon,B5,B5,noun,freq_corpus,0,5682,B2,B5,B2,bacon,0
6843,"gerações","gerações","gerações",B5,B5,noun,freq_corpus,0,5684,B2,B5,B2,"gerações",0
6844,"músculos","músculos","músculos",B5,B5,noun,freq_corpus,0,5685,B2,B5,B2,"músculos",0
6845,escolheste,escolheste,escolheste,B5,B5,noun,freq_corpus,0,5686,B2,B5,B2,escolheste,0
6846,porter,porter,porter,B5,B5,noun,freq_corpus,0,5687,B2,B5,B2,porter,0
6847,engenharia,engenharia,engenharia,B5,B5,noun,freq_corpus,0,5688,B2,B5,B2,engenharia,0
6848,valioso,valioso,valioso,B5,B5,noun,freq_corpus,0,5689,B2,B5,B2,valioso,0
6849,"fundação","fundação","fundação",B5,B5,noun,freq_corpus,0,5691,B2,B5,B2,"fundação",0
6850,conhecidos,conhecidos,conhecidos,B5,B5,noun,freq_corpus,0,5692,B2,B5,B2,conhecidos,0
6851,carson,carson,carson,B5,B5,noun,freq_corpus,0,5693,B2,B5,B2,carson,0
6852,"levará","levará","levará",B5,B5,noun,freq_corpus,0,5694,B2,B5,B2,"levará",0
6853,errados,errados,errados,B5,B5,noun,freq_corpus,0,5695,B2,B5,B2,errados,0
6854,registado,registado,registado,B5,B5,noun,freq_corpus,0,5696,B2,B5,B2,registado,0
6855,quinto,quinto,quinto,B5,B5,noun,freq_corpus,0,5697,B2,B5,B2,quinto,0
6856,wade,wade,wade,B5,B5,noun,freq_corpus,0,5698,B2,B5,B2,wade,0
6857,"balcão","balcão","balcão",B5,B5,noun,freq_corpus,0,5699,B2,B5,B2,"balcão",0
6858,levaste,levaste,levaste,B5,B5,noun,freq_corpus,0,5700,B2,B5,B2,levaste,0
6859,anunciar,anunciar,anunciar,B5,B5,noun,freq_corpus,0,5701,B2,B5,B2,anunciar,0
6860,tomado,tomado,tomado,B5,B5,noun,freq_corpus,0,5702,B2,B5,B2,tomado,0
6861,informador,informador,informador,B5,B5,noun,freq_corpus,0,5703,B2,B5,B2,informador,0
6862,independentemente,independentemente,independentemente,B5,B5,noun,freq_corpus,0,5704,B2,B5,B2,independentemente,0
6863,lucros,lucros,lucros,B5,B5,noun,freq_corpus,0,5707,B2,B5,B2,lucros,0
6864,"reabilitação","reabilitação","reabilitação",B5,B5,noun,freq_corpus,0,5708,B2,B5,B2,"reabilitação",0
6865,"dirá","dirá","dirá",B5,B5,noun,freq_corpus,0,5710,B2,B5,B2,"dirá",0
6866,"pensão","pensão","pensão",B5,B5,noun,freq_corpus,0,5711,B2,B5,B2,"pensão",0
6867,"lençóis","lençóis","lençóis",B5,B5,noun,freq_corpus,0,5713,B2,B5,B2,"lençóis",0
6868,"sócios","sócios","sócios",B5,B5,noun,freq_corpus,0,5714,B2,B5,B2,"sócios",0
6869,seguiu,seguiu,seguiu,B5,B5,noun,freq_corpus,0,5715,B2,B5,B2,seguiu,0
6870,"alívio","alívio","alívio",B5,B5,noun,freq_corpus,0,5716,B2,B5,B2,"alívio",0
6871,respeitar,respeitar,respeitar,B5,B5,noun,freq_corpus,0,5717,B2,B5,B2,respeitar,0
6872,haley,haley,haley,B5,B5,noun,freq_corpus,0,5720,B2,B5,B2,haley,0
6873,safar,safar,safar,B5,B5,noun,freq_corpus,0,5721,B2,B5,B2,safar,0
6874,prepara,prepara,prepara,B5,B5,noun,freq_corpus,0,5723,B2,B5,B2,prepara,0
6875,teresa,teresa,teresa,B5,B5,noun,freq_corpus,0,5724,B2,B5,B2,teresa,0
6876,planetas,planetas,planetas,B5,B5,noun,freq_corpus,0,5726,B2,B5,B2,planetas,0
6877,desconto,desconto,desconto,B5,B5,noun,freq_corpus,0,5727,B2,B5,B2,desconto,0
6878,tratou,tratou,tratou,B5,B5,noun,freq_corpus,0,5728,B2,B5,B2,tratou,0
6879,"métodos","métodos","métodos",B5,B5,noun,freq_corpus,0,5729,B2,B5,B2,"métodos",0
6880,vadia,vadia,vadia,B5,B5,noun,freq_corpus,0,5730,B2,B5,B2,vadia,0
6881,soltar,soltar,soltar,B5,B5,noun,freq_corpus,0,5731,B2,B5,B2,soltar,0
6882,"tubarões","tubarões","tubarões",B5,B5,noun,freq_corpus,0,5733,B2,B5,B2,"tubarões",0
6883,freddy,freddy,freddy,B5,B5,noun,freq_corpus,0,5734,B2,B5,B2,freddy,0
6884,interno,interno,interno,B5,B5,noun,freq_corpus,0,5736,B2,B5,B2,interno,0
6885,tentem,tentem,tentem,B5,B5,noun,freq_corpus,0,5737,B2,B5,B2,tentem,0
6886,considerando,considerando,considerando,B5,B5,noun,freq_corpus,0,5738,B2,B5,B2,considerando,0
6887,perito,perito,perito,B5,B5,noun,freq_corpus,0,5739,B2,B5,B2,perito,0
6888,graham,graham,graham,B5,B5,noun,freq_corpus,0,5740,B2,B5,B2,graham,0
6889,duncan,duncan,duncan,B5,B5,noun,freq_corpus,0,5741,B2,B5,B2,duncan,0
6890,amantes,amantes,amantes,B5,B5,noun,freq_corpus,0,5742,B2,B5,B2,amantes,0
6891,brennan,brennan,brennan,B5,B5,noun,freq_corpus,0,5743,B2,B5,B2,brennan,0
6892,avery,avery,avery,B5,B5,noun,freq_corpus,0,5744,B2,B5,B2,avery,0
6893,isaac,isaac,isaac,B5,B5,noun,freq_corpus,0,5745,B2,B5,B2,isaac,0
6894,covarde,covarde,covarde,B5,B5,noun,freq_corpus,0,5746,B2,B5,B2,covarde,0
6895,cicatriz,cicatriz,cicatriz,B5,B5,noun,freq_corpus,0,5747,B2,B5,B2,cicatriz,0
6896,"chávena","chávena","chávena",B5,B5,noun,freq_corpus,0,5749,B2,B5,B2,"chávena",0
6897,construiu,construiu,construiu,B5,B5,noun,freq_corpus,0,5751,B2,B5,B2,construiu,0
6898,admite,admite,admite,B5,B5,noun,freq_corpus,0,5752,B2,B5,B2,admite,0
6899,voa,voa,voa,B5,B5,noun,freq_corpus,0,5753,B2,B5,B2,voa,0
6900,lloyd,lloyd,lloyd,B5,B5,noun,freq_corpus,0,5755,B2,B5,B2,lloyd,0
6901,modos,modos,modos,B5,B5,noun,freq_corpus,0,5756,B2,B5,B2,modos,0
6902,troy,troy,troy,B5,B5,noun,freq_corpus,0,5757,B2,B5,B2,troy,0
6903,sue,sue,sue,B5,B5,noun,freq_corpus,0,5758,B2,B5,B2,sue,0
6904,houston,houston,houston,B5,B5,noun,freq_corpus,0,5759,B2,B5,B2,houston,0
6905,brevemente,brevemente,brevemente,B5,B5,noun,freq_corpus,0,5760,B2,B5,B2,brevemente,0
6906,quadros,quadros,quadros,B5,B5,noun,freq_corpus,0,5761,B2,B5,B2,quadros,0
6907,"manhãs","manhãs","manhãs",B5,B5,noun,freq_corpus,0,5763,B2,B5,B2,"manhãs",0
6908,julgas,julgas,julgas,B5,B5,noun,freq_corpus,0,5764,B2,B5,B2,julgas,0
6909,lavagem,lavagem,lavagem,B5,B5,noun,freq_corpus,0,5765,B2,B5,B2,lavagem,0
6910,essencial,essencial,essencial,B5,B5,noun,freq_corpus,0,5767,B2,B5,B2,essencial,0
6911,probabilidades,probabilidades,probabilidades,B5,B5,noun,freq_corpus,0,5768,B2,B5,B2,probabilidades,0
6912,juan,juan,juan,B5,B5,noun,freq_corpus,0,5769,B2,B5,B2,juan,0
6913,promete,promete,promete,B5,B5,noun,freq_corpus,0,5770,B2,B5,B2,promete,0
6914,colo,colo,colo,B5,B5,noun,freq_corpus,0,5771,B2,B5,B2,colo,0
6915,atrasar,atrasar,atrasar,B5,B5,noun,freq_corpus,0,5772,B2,B5,B2,atrasar,0
6916,passando,passando,passando,B5,B5,noun,freq_corpus,0,5773,B2,B5,B2,passando,0
6917,mude,mude,mude,B5,B5,noun,freq_corpus,0,5774,B2,B5,B2,mude,0
6918,"fôssemos","fôssemos","fôssemos",B5,B5,noun,freq_corpus,0,5775,B2,B5,B2,"fôssemos",0
6919,"avança","avança","avança",B5,B5,noun,freq_corpus,0,5776,B2,B5,B2,"avança",0
6920,palmas,palmas,palmas,B5,B5,noun,freq_corpus,0,5777,B2,B5,B2,palmas,0
6921,coberto,coberto,coberto,B5,B5,noun,freq_corpus,0,5778,B2,B5,B2,coberto,0
6922,interessantes,interessantes,interessantes,B5,B5,noun,freq_corpus,0,5779,B2,B5,B2,interessantes,0
6923,"eléctrica","eléctrica","eléctrica",B5,B5,noun,freq_corpus,0,5781,B2,B5,B2,"eléctrica",0
6924,significar,significar,significar,B5,B5,noun,freq_corpus,0,5784,B2,B5,B2,significar,0
6925,trancada,trancada,trancada,B5,B5,noun,freq_corpus,0,5785,B2,B5,B2,trancada,0
6926,ares,ares,ares,B5,B5,noun,freq_corpus,0,5786,B2,B5,B2,ares,0
6927,sorri,sorri,sorri,B5,B5,noun,freq_corpus,0,5788,B2,B5,B2,sorri,0
6928,fresca,fresca,fresca,B5,B5,noun,freq_corpus,0,5789,B2,B5,B2,fresca,0
6929,lindsay,lindsay,lindsay,B5,B5,noun,freq_corpus,0,5791,B2,B5,B2,lindsay,0
6930,descubra,descubra,descubra,B5,B5,noun,freq_corpus,0,5792,B2,B5,B2,descubra,0
6931,sons,sons,sons,B5,B5,noun,freq_corpus,0,5793,B2,B5,B2,sons,0
6932,vacas,vacas,vacas,B5,B5,noun,freq_corpus,0,5794,B2,B5,B2,vacas,0
6933,"repórter","repórter","repórter",B5,B5,noun,freq_corpus,0,5796,B2,B5,B2,"repórter",0
6934,fariam,fariam,fariam,B5,B5,noun,freq_corpus,0,5797,B2,B5,B2,fariam,0
6935,desenvolver,desenvolver,desenvolver,B5,B5,noun,freq_corpus,0,5798,B2,B5,B2,desenvolver,0
6936,angie,angie,angie,B5,B5,noun,freq_corpus,0,5799,B2,B5,B2,angie,0
6937,torneio,torneio,torneio,B5,B5,noun,freq_corpus,0,5800,B2,B5,B2,torneio,0
6938,casamentos,casamentos,casamentos,B5,B5,noun,freq_corpus,0,5801,B2,B5,B2,casamentos,0
6939,mandato,mandato,mandato,B5,B5,noun,freq_corpus,0,5802,B2,B5,B2,mandato,0
6940,"órbita","órbita","órbita",B5,B5,noun,freq_corpus,0,5803,B2,B5,B2,"órbita",0
6941,sentidos,sentidos,sentidos,B5,B5,noun,freq_corpus,0,5804,B2,B5,B2,sentidos,0
6942,compraste,compraste,compraste,B5,B5,noun,freq_corpus,0,5805,B2,B5,B2,compraste,0
6943,"britânicos","britânicos","britânicos",B5,B5,noun,freq_corpus,0,5807,B2,B5,B2,"britânicos",0
6944,ida,ida,ida,B5,B5,noun,freq_corpus,0,5808,B2,B5,B2,ida,0
6945,adequado,adequado,adequado,B5,B5,noun,freq_corpus,0,5809,B2,B5,B2,adequado,0
6946,tampa,tampa,tampa,B5,B5,noun,freq_corpus,0,5810,B2,B5,B2,tampa,0
6947,merecia,merecia,merecia,B5,B5,noun,freq_corpus,0,5811,B2,B5,B2,merecia,0
6948,ganhas,ganhas,ganhas,B5,B5,noun,freq_corpus,0,5812,B2,B5,B2,ganhas,0
6949,rude,rude,rude,B5,B5,noun,freq_corpus,0,5813,B2,B5,B2,rude,0
6950,rosie,rosie,rosie,B5,B5,noun,freq_corpus,0,5814,B2,B5,B2,rosie,0
6951,fecho,fecho,fecho,B5,B5,noun,freq_corpus,0,5815,B2,B5,B2,fecho,0
6952,transmitir,transmitir,transmitir,B5,B5,noun,freq_corpus,0,5817,B2,B5,B2,transmitir,0
6953,aumenta,aumenta,aumenta,B5,B5,noun,freq_corpus,0,5818,B2,B5,B2,aumenta,0
6954,fracasso,fracasso,fracasso,B5,B5,noun,freq_corpus,0,5819,B2,B5,B2,fracasso,0
6955,digno,digno,digno,B5,B5,noun,freq_corpus,0,5820,B2,B5,B2,digno,0
6956,restantes,restantes,restantes,B5,B5,noun,freq_corpus,0,5821,B2,B5,B2,restantes,0
6957,miolos,miolos,miolos,B5,B5,noun,freq_corpus,0,5823,B2,B5,B2,miolos,0
6958,leon,leon,leon,B5,B5,noun,freq_corpus,0,5825,B2,B5,B2,leon,0
6959,ande,ande,ande,B5,B5,noun,freq_corpus,0,5826,B2,B5,B2,ande,0
6960,"desconfortável","desconfortável","desconfortável",B5,B5,noun,freq_corpus,0,5827,B2,B5,B2,"desconfortável",0
6961,desiste,desiste,desiste,B5,B5,noun,freq_corpus,0,5828,B2,B5,B2,desiste,0
6962,desenhar,desenhar,desenhar,B5,B5,noun,freq_corpus,0,5830,B2,B5,B2,desenhar,0
6963,apreciar,apreciar,apreciar,B5,B5,noun,freq_corpus,0,5831,B2,B5,B2,apreciar,0
6964,surpreendida,surpreendida,surpreendida,B5,B5,noun,freq_corpus,0,5832,B2,B5,B2,surpreendida,0
6965,inicial,inicial,inicial,B5,B5,noun,freq_corpus,0,5833,B2,B5,B2,inicial,0
6966,"escócia","escócia","escócia",B5,B5,noun,freq_corpus,0,5834,B2,B5,B2,"escócia",0
6967,buddy,buddy,buddy,B5,B5,noun,freq_corpus,0,5836,B2,B5,B2,buddy,0
6968,bell,bell,bell,B5,B5,noun,freq_corpus,0,5838,B2,B5,B2,bell,0
6969,alimentos,alimentos,alimentos,B5,B5,noun,freq_corpus,0,5839,B2,B5,B2,alimentos,0
6970,denny,denny,denny,B5,B5,noun,freq_corpus,0,5840,B2,B5,B2,denny,0
6971,poderosos,poderosos,poderosos,B5,B5,noun,freq_corpus,0,5841,B2,B5,B2,poderosos,0
6972,costumam,costumam,costumam,B5,B5,noun,freq_corpus,0,5842,B2,B5,B2,costumam,0
6973,perry,perry,perry,B5,B5,noun,freq_corpus,0,5844,B2,B5,B2,perry,0
6974,sincera,sincera,sincera,B5,B5,noun,freq_corpus,0,5845,B2,B5,B2,sincera,0
6975,exagerar,exagerar,exagerar,B5,B5,noun,freq_corpus,0,5846,B2,B5,B2,exagerar,0
6976,adams,adams,adams,B5,B5,noun,freq_corpus,0,5848,B2,B5,B2,adams,0
6977,custou,custou,custou,B5,B5,noun,freq_corpus,0,5849,B2,B5,B2,custou,0
6978,tarefas,tarefas,tarefas,B5,B5,noun,freq_corpus,0,5850,B2,B5,B2,tarefas,0
6979,amei,amei,amei,B5,B5,noun,freq_corpus,0,5851,B2,B5,B2,amei,0
6980,ursos,ursos,ursos,B5,B5,noun,freq_corpus,0,5852,B2,B5,B2,ursos,0
6981,irritante,irritante,irritante,B5,B5,noun,freq_corpus,0,5854,B2,B5,B2,irritante,0
6982,toquei,toquei,toquei,B5,B5,noun,freq_corpus,0,5857,B2,B5,B2,toquei,0
6983,crescimento,crescimento,crescimento,B5,B5,noun,freq_corpus,0,5858,B2,B5,B2,crescimento,0
6984,elogio,elogio,elogio,B5,B5,noun,freq_corpus,0,5859,B2,B5,B2,elogio,0
6985,"forçar","forçar","forçar",B5,B5,noun,freq_corpus,0,5862,B2,B5,B2,"forçar",0
6986,enterprise,enterprise,enterprise,B5,B5,noun,freq_corpus,0,5863,B2,B5,B2,enterprise,0
6987,fatal,fatal,fatal,B5,B5,noun,freq_corpus,0,5865,B2,B5,B2,fatal,0
6988,contes,contes,contes,B5,B5,noun,freq_corpus,0,5866,B2,B5,B2,contes,0
6989,comboios,comboios,comboios,B5,B5,noun,freq_corpus,0,5868,B2,B5,B2,comboios,0
6990,long,long,long,B5,B5,noun,freq_corpus,0,5869,B2,B5,B2,long,0
6991,mulder,mulder,mulder,B5,B5,noun,freq_corpus,0,5871,B2,B5,B2,mulder,0
6992,darei,darei,darei,B5,B5,noun,freq_corpus,0,5872,B2,B5,B2,darei,0
6993,klaus,klaus,klaus,B5,B5,noun,freq_corpus,0,5873,B2,B5,B2,klaus,0
6994,moderna,moderna,moderna,B5,B5,noun,freq_corpus,0,5874,B2,B5,B2,moderna,0
6995,fugido,fugido,fugido,B5,B5,noun,freq_corpus,0,5877,B2,B5,B2,fugido,0
6996,"escândalo","escândalo","escândalo",B5,B5,noun,freq_corpus,0,5878,B2,B5,B2,"escândalo",0
6997,apanhaste,apanhaste,apanhaste,B5,B5,noun,freq_corpus,0,5882,B2,B5,B2,apanhaste,0
6998,ganham,ganham,ganham,B5,B5,noun,freq_corpus,0,5883,B2,B5,B2,ganham,0
6999,zack,zack,zack,B5,B5,noun,freq_corpus,0,5884,B2,B5,B2,zack,0
7000,laser,laser,laser,B5,B5,noun,freq_corpus,0,5885,B2,B5,B2,laser,0
7001,ciente,ciente,ciente,B5,B5,noun,freq_corpus,0,5886,B2,B5,B2,ciente,0
7002,gordura,gordura,gordura,B5,B5,noun,freq_corpus,0,5887,B2,B5,B2,gordura,0
7003,subiu,subiu,subiu,B5,B5,noun,freq_corpus,0,5888,B2,B5,B2,subiu,0
7004,monroe,monroe,monroe,B5,B5,noun,freq_corpus,0,5889,B2,B5,B2,monroe,0
7005,tanques,tanques,tanques,B5,B5,noun,freq_corpus,0,5890,B2,B5,B2,tanques,0
7006,expulso,expulso,expulso,B5,B5,noun,freq_corpus,0,5892,B2,B5,B2,expulso,0
7007,reagir,reagir,reagir,B5,B5,noun,freq_corpus,0,5893,B2,B5,B2,reagir,0
7008,pareciam,pareciam,pareciam,B5,B5,noun,freq_corpus,0,5894,B2,B5,B2,pareciam,0
7009,estejamos,estejamos,estejamos,B5,B5,noun,freq_corpus,0,5895,B2,B5,B2,estejamos,0
7010,comemorar,comemorar,comemorar,B5,B5,noun,freq_corpus,0,5896,B2,B5,B2,comemorar,0
7011,canalha,canalha,canalha,B5,B5,noun,freq_corpus,0,5897,B2,B5,B2,canalha,0
7012,falhas,falhas,falhas,B5,B5,noun,freq_corpus,0,5898,B2,B5,B2,falhas,0
7013,cindy,cindy,cindy,B5,B5,noun,freq_corpus,0,5899,B2,B5,B2,cindy,0
7014,dificil,dificil,dificil,B5,B5,noun,freq_corpus,0,5900,B2,B5,B2,dificil,0
7015,fisher,fisher,fisher,B5,B5,noun,freq_corpus,0,5901,B2,B5,B2,fisher,0
7016,mergulho,mergulho,mergulho,B5,B5,noun,freq_corpus,0,5903,B2,B5,B2,mergulho,0
7017,doyle,doyle,doyle,B5,B5,noun,freq_corpus,0,5904,B2,B5,B2,doyle,0
7018,esqueceste,esqueceste,esqueceste,B5,B5,noun,freq_corpus,0,5905,B2,B5,B2,esqueceste,0
7019,reese,reese,reese,B5,B5,noun,freq_corpus,0,5906,B2,B5,B2,reese,0
7020,actos,actos,actos,B5,B5,noun,freq_corpus,0,5907,B2,B5,B2,actos,0
7021,percebemos,percebemos,percebemos,B5,B5,noun,freq_corpus,0,5908,B2,B5,B2,percebemos,0
7022,suspeitas,suspeitas,suspeitas,B5,B5,noun,freq_corpus,0,5909,B2,B5,B2,suspeitas,0
7023,cheques,cheques,cheques,B5,B5,noun,freq_corpus,0,5911,B2,B5,B2,cheques,0
7024,"únicas","únicas","únicas",B5,B5,noun,freq_corpus,0,5912,B2,B5,B2,"únicas",0
7025,gancho,gancho,gancho,B5,B5,noun,freq_corpus,0,5913,B2,B5,B2,gancho,0
7026,semelhante,semelhante,semelhante,B5,B5,noun,freq_corpus,0,5914,B2,B5,B2,semelhante,0
7027,lauren,lauren,lauren,B5,B5,noun,freq_corpus,0,5915,B2,B5,B2,lauren,0
7028,"moça","moça","moça",B5,B5,noun,freq_corpus,0,5916,B2,B5,B2,"moça",0
7029,pensavas,pensavas,pensavas,B5,B5,noun,freq_corpus,0,5917,B2,B5,B2,pensavas,0
7030,fiona,fiona,fiona,B5,B5,noun,freq_corpus,0,5918,B2,B5,B2,fiona,0
7031,"nâo","nâo","nâo",B5,B5,noun,freq_corpus,0,5919,B2,B5,B2,"nâo",0
7032,moro,moro,moro,B5,B5,noun,freq_corpus,0,5920,B2,B5,B2,moro,0
7033,possui,possui,possui,B5,B5,noun,freq_corpus,0,5922,B2,B5,B2,possui,0
7034,assassinatos,assassinatos,assassinatos,B5,B5,noun,freq_corpus,0,5923,B2,B5,B2,assassinatos,0
7035,vodka,vodka,vodka,B5,B5,noun,freq_corpus,0,5925,B2,B5,B2,vodka,0
7036,trate,trate,trate,B5,B5,noun,freq_corpus,0,5926,B2,B5,B2,trate,0
7037,preferes,preferes,preferes,B5,B5,noun,freq_corpus,0,5927,B2,B5,B2,preferes,0
7038,"hóspedes","hóspedes","hóspedes",B5,B5,noun,freq_corpus,0,5928,B2,B5,B2,"hóspedes",0
7039,beach,beach,beach,B5,B5,noun,freq_corpus,0,5929,B2,B5,B2,beach,0
7040,"científica","científica","científica",B5,B5,noun,freq_corpus,0,5930,B2,B5,B2,"científica",0
7041,"assistência","assistência","assistência",B5,B5,noun,freq_corpus,0,5932,B2,B5,B2,"assistência",0
7042,"obrigação","obrigação","obrigação",B5,B5,noun,freq_corpus,0,5934,B2,B5,B2,"obrigação",0
7043,contato,contato,contato,B5,B5,noun,freq_corpus,0,5936,B2,B5,B2,contato,0
7044,activo,activo,activo,B5,B5,noun,freq_corpus,0,5937,B2,B5,B2,activo,0
7045,wells,wells,wells,B5,B5,noun,freq_corpus,0,5939,B2,B5,B2,wells,0
7046,acontecimentos,acontecimentos,acontecimentos,B5,B5,noun,freq_corpus,0,5940,B2,B5,B2,acontecimentos,0
7047,criei,criei,criei,B5,B5,noun,freq_corpus,0,5941,B2,B5,B2,criei,0
7048,elemento,elemento,elemento,B5,B5,noun,freq_corpus,0,5942,B2,B5,B2,elemento,0
7049,ave,ave,ave,B5,B5,noun,freq_corpus,0,5943,B2,B5,B2,ave,0
7050,vermelhos,vermelhos,vermelhos,B5,B5,noun,freq_corpus,0,5944,B2,B5,B2,vermelhos,0
7051,punho,punho,punho,B5,B5,noun,freq_corpus,0,5945,B2,B5,B2,punho,0
7052,"espiões","espiões","espiões",B5,B5,noun,freq_corpus,0,5946,B2,B5,B2,"espiões",0
7053,dexter,dexter,dexter,B5,B5,noun,freq_corpus,0,5947,B2,B5,B2,dexter,0
7054,pagas,pagas,pagas,B5,B5,noun,freq_corpus,0,5948,B2,B5,B2,pagas,0
7055,consciente,consciente,consciente,B5,B5,noun,freq_corpus,0,5949,B2,B5,B2,consciente,0
7056,"recordações","recordações","recordações",B5,B5,noun,freq_corpus,0,5950,B2,B5,B2,"recordações",0
7057,ari,ari,ari,B5,B5,noun,freq_corpus,0,5951,B2,B5,B2,ari,0
7058,"diagnóstico","diagnóstico","diagnóstico",B5,B5,noun,freq_corpus,0,5953,B2,B5,B2,"diagnóstico",0
7059,east,east,east,B5,B5,noun,freq_corpus,0,5955,B2,B5,B2,east,0
7060,lutou,lutou,lutou,B5,B5,noun,freq_corpus,0,5956,B2,B5,B2,lutou,0
7061,lydia,lydia,lydia,B5,B5,noun,freq_corpus,0,5957,B2,B5,B2,lydia,0
7062,acreditou,acreditou,acreditou,B5,B5,noun,freq_corpus,0,5959,B2,B5,B2,acreditou,0
7063,"lesões","lesões","lesões",B5,B5,noun,freq_corpus,0,5960,B2,B5,B2,"lesões",0
7064,retirada,retirada,retirada,B5,B5,noun,freq_corpus,0,5961,B2,B5,B2,retirada,0
7065,tarado,tarado,tarado,B5,B5,noun,freq_corpus,0,5962,B2,B5,B2,tarado,0
7066,"começarmos","começarmos","começarmos",B5,B5,noun,freq_corpus,0,5963,B2,B5,B2,"começarmos",0
7067,embaixo,embaixo,embaixo,B5,B5,noun,freq_corpus,0,5965,B2,B5,B2,embaixo,0
7068,"perfeição","perfeição","perfeição",B5,B5,noun,freq_corpus,0,5966,B2,B5,B2,"perfeição",0
7069,carrega,carrega,carrega,B5,B5,noun,freq_corpus,0,5967,B2,B5,B2,carrega,0
7070,recentes,recentes,recentes,B5,B5,noun,freq_corpus,0,5968,B2,B5,B2,recentes,0
7071,dominar,dominar,dominar,B5,B5,noun,freq_corpus,0,5969,B2,B5,B2,dominar,0
7072,sacanas,sacanas,sacanas,B5,B5,noun,freq_corpus,0,5970,B2,B5,B2,sacanas,0
7073,flynn,flynn,flynn,B5,B5,noun,freq_corpus,0,5971,B2,B5,B2,flynn,0
7074,comuns,comuns,comuns,B5,B5,noun,freq_corpus,0,5972,B2,B5,B2,comuns,0
7075,love,love,love,B5,B5,noun,freq_corpus,0,5973,B2,B5,B2,love,0
7076,alec,alec,alec,B5,B5,noun,freq_corpus,0,5974,B2,B5,B2,alec,0
7077,decidiram,decidiram,decidiram,B5,B5,noun,freq_corpus,0,5975,B2,B5,B2,decidiram,0
7078,claudia,claudia,claudia,B5,B5,noun,freq_corpus,0,5976,B2,B5,B2,claudia,0
7079,roman,roman,roman,B5,B5,noun,freq_corpus,0,5977,B2,B5,B2,roman,0
7080,retrato,retrato,retrato,B5,B5,noun,freq_corpus,0,5979,B2,B5,B2,retrato,0
7081,pat,pat,pat,B5,B5,noun,freq_corpus,0,5980,B2,B5,B2,pat,0
7082,donos,donos,donos,B5,B5,noun,freq_corpus,0,5982,B2,B5,B2,donos,0
7083,zach,zach,zach,B5,B5,noun,freq_corpus,0,5983,B2,B5,B2,zach,0
7084,jornalistas,jornalistas,jornalistas,B5,B5,noun,freq_corpus,0,5984,B2,B5,B2,jornalistas,0
7085,desligue,desligue,desligue,B5,B5,noun,freq_corpus,0,5985,B2,B5,B2,desligue,0
7086,assine,assine,assine,B5,B5,noun,freq_corpus,0,5986,B2,B5,B2,assine,0
7087,alturas,alturas,alturas,B5,B5,noun,freq_corpus,0,5987,B2,B5,B2,alturas,0
7088,questionar,questionar,questionar,B5,B5,noun,freq_corpus,0,5988,B2,B5,B2,questionar,0
7089,apanhada,apanhada,apanhada,B5,B5,noun,freq_corpus,0,5989,B2,B5,B2,apanhada,0
7090,"incríveis","incríveis","incríveis",B5,B5,noun,freq_corpus,0,5990,B2,B5,B2,"incríveis",0
7091,isco,isco,isco,B5,B5,noun,freq_corpus,0,5991,B2,B5,B2,isco,0
7092,saltou,saltou,saltou,B5,B5,noun,freq_corpus,0,5992,B2,B5,B2,saltou,0
7093,avenida,avenida,avenida,B5,B5,noun,freq_corpus,0,5993,B2,B5,B2,avenida,0
7094,tratei,tratei,tratei,B5,B5,noun,freq_corpus,0,5994,B2,B5,B2,tratei,0
7095,sullivan,sullivan,sullivan,B5,B5,noun,freq_corpus,0,5995,B2,B5,B2,sullivan,0
7096,"esforços","esforços","esforços",B5,B5,noun,freq_corpus,0,5996,B2,B5,B2,"esforços",0
7097,desisto,desisto,desisto,B5,B5,noun,freq_corpus,0,5997,B2,B5,B2,desisto,0
7098,excitado,excitado,excitado,B5,B5,noun,freq_corpus,0,5998,B2,B5,B2,excitado,0
7099,mona,mona,mona,B5,B5,noun,freq_corpus,0,5999,B2,B5,B2,mona,0
7100,moto,moto,moto,B5,B5,noun,freq_corpus,0,6000,B2,B5,B2,moto,0
7101,cadeiras,cadeiras,cadeiras,B6,B6,noun,freq_corpus,0,6001,C1,B6,B2,cadeiras,0
7102,gigantes,gigantes,gigantes,B6,B6,noun,freq_corpus,0,6002,C1,B6,B2,gigantes,0
7103,novato,novato,novato,B6,B6,noun,freq_corpus,0,6003,C1,B6,B2,novato,0
7104,carmen,carmen,carmen,B6,B6,noun,freq_corpus,0,6004,C1,B6,B2,carmen,0
7105,noivado,noivado,noivado,B6,B6,noun,freq_corpus,0,6006,C1,B6,B2,noivado,0
7106,"filadélfia","filadélfia","filadélfia",B6,B6,noun,freq_corpus,0,6007,C1,B6,B2,"filadélfia",0
7107,aproximadamente,aproximadamente,aproximadamente,B6,B6,noun,freq_corpus,0,6009,C1,B6,B2,aproximadamente,0
7108,adoras,adoras,adoras,B6,B6,noun,freq_corpus,0,6010,C1,B6,B2,adoras,0
7109,"alienígena","alienígena","alienígena",B6,B6,noun,freq_corpus,0,6011,C1,B6,B2,"alienígena",0
7110,violar,violar,violar,B6,B6,noun,freq_corpus,0,6012,C1,B6,B2,violar,0
7111,dica,dica,dica,B6,B6,noun,freq_corpus,0,6013,C1,B6,B2,dica,0
7112,rebelde,rebelde,rebelde,B6,B6,noun,freq_corpus,0,6015,C1,B6,B2,rebelde,0
7113,fodido,fodido,fodido,B6,B6,noun,freq_corpus,0,6017,C1,B6,B2,fodido,0
7114,hospitais,hospitais,hospitais,B6,B6,noun,freq_corpus,0,6019,C1,B6,B2,hospitais,0
7115,aceitei,aceitei,aceitei,B6,B6,noun,freq_corpus,0,6020,C1,B6,B2,aceitei,0
7116,morris,morris,morris,B6,B6,noun,freq_corpus,0,6022,C1,B6,B2,morris,0
7117,atire,atire,atire,B6,B6,noun,freq_corpus,0,6023,C1,B6,B2,atire,0
7118,denise,denise,denise,B6,B6,noun,freq_corpus,0,6024,C1,B6,B2,denise,0
7119,pancada,pancada,pancada,B6,B6,noun,freq_corpus,0,6025,C1,B6,B2,pancada,0
7120,enfiar,enfiar,enfiar,B6,B6,noun,freq_corpus,0,6026,C1,B6,B2,enfiar,0
7121,indicam,indicam,indicam,B6,B6,noun,freq_corpus,0,6027,C1,B6,B2,indicam,0
7122,cagar,cagar,cagar,B6,B6,noun,freq_corpus,0,6028,C1,B6,B2,cagar,0
7123,apresenta,apresenta,apresenta,B6,B6,noun,freq_corpus,0,6030,C1,B6,B2,apresenta,0
7124,nazis,nazis,nazis,B6,B6,noun,freq_corpus,0,6031,C1,B6,B2,nazis,0
7125,adormecer,adormecer,adormecer,B6,B6,noun,freq_corpus,0,6032,C1,B6,B2,adormecer,0
7126,carregamento,carregamento,carregamento,B6,B6,noun,freq_corpus,0,6034,C1,B6,B2,carregamento,0
7127,devesses,devesses,devesses,B6,B6,noun,freq_corpus,0,6035,C1,B6,B2,devesses,0
7128,brandon,brandon,brandon,B6,B6,noun,freq_corpus,0,6036,C1,B6,B2,brandon,0
7129,"ameaçou","ameaçou","ameaçou",B6,B6,noun,freq_corpus,0,6037,C1,B6,B2,"ameaçou",0
7130,assusta,assusta,assusta,B6,B6,noun,freq_corpus,0,6039,C1,B6,B2,assusta,0
7131,profundidade,profundidade,profundidade,B6,B6,noun,freq_corpus,0,6040,C1,B6,B2,profundidade,0
7132,cereais,cereais,cereais,B6,B6,noun,freq_corpus,0,6041,C1,B6,B2,cereais,0
7133,cheias,cheias,cheias,B6,B6,noun,freq_corpus,0,6042,C1,B6,B2,cheias,0
7134,almofada,almofada,almofada,B6,B6,noun,freq_corpus,0,6043,C1,B6,B2,almofada,0
7135,whoa,whoa,whoa,B6,B6,noun,freq_corpus,0,6044,C1,B6,B2,whoa,0
7136,legado,legado,legado,B6,B6,noun,freq_corpus,0,6045,C1,B6,B2,legado,0
7137,kurt,kurt,kurt,B6,B6,noun,freq_corpus,0,6046,C1,B6,B2,kurt,0
7138,tomem,tomem,tomem,B6,B6,noun,freq_corpus,0,6048,C1,B6,B2,tomem,0
7139,"inspiração","inspiração","inspiração",B6,B6,noun,freq_corpus,0,6049,C1,B6,B2,"inspiração",0
7140,bebeu,bebeu,bebeu,B6,B6,noun,freq_corpus,0,6050,C1,B6,B2,bebeu,0
7141,"farás","farás","farás",B6,B6,noun,freq_corpus,0,6051,C1,B6,B2,"farás",0
7142,winston,winston,winston,B6,B6,noun,freq_corpus,0,6052,C1,B6,B2,winston,0
7143,gerador,gerador,gerador,B6,B6,noun,freq_corpus,0,6054,C1,B6,B2,gerador,0
7144,"manutenção","manutenção","manutenção",B6,B6,noun,freq_corpus,0,6055,C1,B6,B2,"manutenção",0
7145,veronica,veronica,veronica,B6,B6,noun,freq_corpus,0,6056,C1,B6,B2,veronica,0
7146,cale,cale,cale,B6,B6,noun,freq_corpus,0,6057,C1,B6,B2,cale,0
7147,quisesses,quisesses,quisesses,B6,B6,noun,freq_corpus,0,6059,C1,B6,B2,quisesses,0
7148,aborrecida,aborrecida,aborrecida,B6,B6,noun,freq_corpus,0,6060,C1,B6,B2,aborrecida,0
7149,fugiram,fugiram,fugiram,B6,B6,noun,freq_corpus,0,6061,C1,B6,B2,fugiram,0
7150,valente,valente,valente,B6,B6,noun,freq_corpus,0,6062,C1,B6,B2,valente,0
7151,autorizado,autorizado,autorizado,B6,B6,noun,freq_corpus,0,6063,C1,B6,B2,autorizado,0
7152,loira,loira,loira,B6,B6,noun,freq_corpus,0,6064,C1,B6,B2,loira,0
7153,vietname,vietname,vietname,B6,B6,noun,freq_corpus,0,6065,C1,B6,B2,vietname,0
7154,entrado,entrado,entrado,B6,B6,noun,freq_corpus,0,6066,C1,B6,B2,entrado,0
7155,comes,comes,comes,B6,B6,noun,freq_corpus,0,6067,C1,B6,B2,comes,0
7156,responsabilidades,responsabilidades,responsabilidades,B6,B6,noun,freq_corpus,0,6068,C1,B6,B2,responsabilidades,0
7157,sofre,sofre,sofre,B6,B6,noun,freq_corpus,0,6069,C1,B6,B2,sofre,0
7158,casei,casei,casei,B6,B6,noun,freq_corpus,0,6071,C1,B6,B2,casei,0
7159,campbell,campbell,campbell,B6,B6,noun,freq_corpus,0,6072,C1,B6,B2,campbell,0
7160,aterragem,aterragem,aterragem,B6,B6,noun,freq_corpus,0,6074,C1,B6,B2,aterragem,0
7161,verem,verem,verem,B6,B6,noun,freq_corpus,0,6075,C1,B6,B2,verem,0
7162,thompson,thompson,thompson,B6,B6,noun,freq_corpus,0,6076,C1,B6,B2,thompson,0
7163,tomada,tomada,tomada,B6,B6,noun,freq_corpus,0,6077,C1,B6,B2,tomada,0
7164,brilho,brilho,brilho,B6,B6,noun,freq_corpus,0,6078,C1,B6,B2,brilho,0
7165,chata,chata,chata,B6,B6,noun,freq_corpus,0,6079,C1,B6,B2,chata,0
7166,abri,abri,abri,B6,B6,noun,freq_corpus,0,6080,C1,B6,B2,abri,0
7167,"morrerá","morrerá","morrerá",B6,B6,noun,freq_corpus,0,6081,C1,B6,B2,"morrerá",0
7168,esquisita,esquisita,esquisita,B6,B6,noun,freq_corpus,0,6082,C1,B6,B2,esquisita,0
7169,salvador,salvador,salvador,B6,B6,noun,freq_corpus,0,6083,C1,B6,B2,salvador,0
7170,"potência","potência","potência",B6,B6,noun,freq_corpus,0,6084,C1,B6,B2,"potência",0
7171,escondidos,escondidos,escondidos,B6,B6,noun,freq_corpus,0,6085,C1,B6,B2,escondidos,0
7172,"vôo","vôo","vôo",B6,B6,noun,freq_corpus,0,6086,C1,B6,B2,"vôo",0
7173,interrogar,interrogar,interrogar,B6,B6,noun,freq_corpus,0,6087,C1,B6,B2,interrogar,0
7174,correntes,correntes,correntes,B6,B6,noun,freq_corpus,0,6088,C1,B6,B2,correntes,0
7175,rory,rory,rory,B6,B6,noun,freq_corpus,0,6089,C1,B6,B2,rory,0
7176,empurrar,empurrar,empurrar,B6,B6,noun,freq_corpus,0,6090,C1,B6,B2,empurrar,0
7177,brincadeiras,brincadeiras,brincadeiras,B6,B6,noun,freq_corpus,0,6092,C1,B6,B2,brincadeiras,0
7178,elaine,elaine,elaine,B6,B6,noun,freq_corpus,0,6093,C1,B6,B2,elaine,0
7179,conrad,conrad,conrad,B6,B6,noun,freq_corpus,0,6094,C1,B6,B2,conrad,0
7180,parti,parti,parti,B6,B6,noun,freq_corpus,0,6096,C1,B6,B2,parti,0
7181,"lembrança","lembrança","lembrança",B6,B6,noun,freq_corpus,0,6098,C1,B6,B2,"lembrança",0
7182,contratado,contratado,contratado,B6,B6,noun,freq_corpus,0,6099,C1,B6,B2,contratado,0
7183,bates,bates,bates,B6,B6,noun,freq_corpus,0,6100,C1,B6,B2,bates,0
7184,"princípios","princípios","princípios",B6,B6,noun,freq_corpus,0,6102,C1,B6,B2,"princípios",0
7185,fardo,fardo,fardo,B6,B6,noun,freq_corpus,0,6103,C1,B6,B2,fardo,0
7186,continuou,continuou,continuou,B6,B6,noun,freq_corpus,0,6104,C1,B6,B2,continuou,0
7187,"domínio","domínio","domínio",B6,B6,noun,freq_corpus,0,6105,C1,B6,B2,"domínio",0
7188,surpreendente,surpreendente,surpreendente,B6,B6,noun,freq_corpus,0,6106,C1,B6,B2,surpreendente,0
7189,"ridícula","ridícula","ridícula",B6,B6,noun,freq_corpus,0,6107,C1,B6,B2,"ridícula",0
7190,recusou,recusou,recusou,B6,B6,noun,freq_corpus,0,6108,C1,B6,B2,recusou,0
7191,grito,grito,grito,B6,B6,noun,freq_corpus,0,6109,C1,B6,B2,grito,0
7192,carrinho,carrinho,carrinho,B6,B6,noun,freq_corpus,0,6110,C1,B6,B2,carrinho,0
7193,sagrada,sagrada,sagrada,B6,B6,noun,freq_corpus,0,6112,C1,B6,B2,sagrada,0
7194,"formidável","formidável","formidável",B6,B6,noun,freq_corpus,0,6113,C1,B6,B2,"formidável",0
7195,ilegais,ilegais,ilegais,B6,B6,noun,freq_corpus,0,6114,C1,B6,B2,ilegais,0
7196,lester,lester,lester,B6,B6,noun,freq_corpus,0,6115,C1,B6,B2,lester,0
7197,negras,negras,negras,B6,B6,noun,freq_corpus,0,6116,C1,B6,B2,negras,0
7198,extraterrestre,extraterrestre,extraterrestre,B6,B6,noun,freq_corpus,0,6117,C1,B6,B2,extraterrestre,0
7199,inventou,inventou,inventou,B6,B6,noun,freq_corpus,0,6118,C1,B6,B2,inventou,0
7200,actividades,actividades,actividades,B6,B6,noun,freq_corpus,0,6119,C1,B6,B2,actividades,0
7201,transportar,transportar,transportar,B6,B6,noun,freq_corpus,0,6120,C1,B6,B2,transportar,0
7202,puseram,puseram,puseram,B6,B6,noun,freq_corpus,0,6121,C1,B6,B2,puseram,0
7203,rex,rex,rex,B6,B6,noun,freq_corpus,0,6122,C1,B6,B2,rex,0
7204,impede,impede,impede,B6,B6,noun,freq_corpus,0,6124,C1,B6,B2,impede,0
7205,sanita,sanita,sanita,B6,B6,noun,freq_corpus,0,6125,C1,B6,B2,sanita,0
7206,panquecas,panquecas,panquecas,B6,B6,noun,freq_corpus,0,6126,C1,B6,B2,panquecas,0
7207,respire,respire,respire,B6,B6,noun,freq_corpus,0,6127,C1,B6,B2,respire,0
7208,mandaram,mandaram,mandaram,B6,B6,noun,freq_corpus,0,6132,C1,B6,B2,mandaram,0
7209,volante,volante,volante,B6,B6,noun,freq_corpus,0,6133,C1,B6,B2,volante,0
7210,exige,exige,exige,B6,B6,noun,freq_corpus,0,6134,C1,B6,B2,exige,0
7211,perguntaste,perguntaste,perguntaste,B6,B6,noun,freq_corpus,0,6136,C1,B6,B2,perguntaste,0
7212,"ciências","ciências","ciências",B6,B6,noun,freq_corpus,0,6137,C1,B6,B2,"ciências",0
7213,verdadeiras,verdadeiras,verdadeiras,B6,B6,noun,freq_corpus,0,6138,C1,B6,B2,verdadeiras,0
7214,amber,amber,amber,B6,B6,noun,freq_corpus,0,6139,C1,B6,B2,amber,0
7215,vindas,vindas,vindas,B6,B6,noun,freq_corpus,0,6140,C1,B6,B2,vindas,0
7216,chames,chames,chames,B6,B6,noun,freq_corpus,0,6141,C1,B6,B2,chames,0
7217,reparado,reparado,reparado,B6,B6,noun,freq_corpus,0,6142,C1,B6,B2,reparado,0
7218,partimos,partimos,partimos,B6,B6,noun,freq_corpus,0,6143,C1,B6,B2,partimos,0
7219,falecido,falecido,falecido,B6,B6,noun,freq_corpus,0,6144,C1,B6,B2,falecido,0
7220,age,age,age,B6,B6,noun,freq_corpus,0,6145,C1,B6,B2,age,0
7221,ceder,ceder,ceder,B6,B6,noun,freq_corpus,0,6146,C1,B6,B2,ceder,0
7222,caros,caros,caros,B6,B6,noun,freq_corpus,0,6147,C1,B6,B2,caros,0
7223,imensas,imensas,imensas,B6,B6,noun,freq_corpus,0,6148,C1,B6,B2,imensas,0
7224,"fazíamos","fazíamos","fazíamos",B6,B6,noun,freq_corpus,0,6149,C1,B6,B2,"fazíamos",0
7225,corajosa,corajosa,corajosa,B6,B6,noun,freq_corpus,0,6150,C1,B6,B2,corajosa,0
7226,"consideração","consideração","consideração",B6,B6,noun,freq_corpus,0,6151,C1,B6,B2,"consideração",0
7227,"começado","começado","começado",B6,B6,noun,freq_corpus,0,6152,C1,B6,B2,"começado",0
7228,conseguirem,conseguirem,conseguirem,B6,B6,noun,freq_corpus,0,6154,C1,B6,B2,conseguirem,0
7229,promotor,promotor,promotor,B6,B6,noun,freq_corpus,0,6155,C1,B6,B2,promotor,0
7230,sintas,sintas,sintas,B6,B6,noun,freq_corpus,0,6156,C1,B6,B2,sintas,0
7231,drew,drew,drew,B6,B6,noun,freq_corpus,0,6157,C1,B6,B2,drew,0
7232,tentas,tentas,tentas,B6,B6,noun,freq_corpus,0,6158,C1,B6,B2,tentas,0
7233,segui,segui,segui,B6,B6,noun,freq_corpus,0,6159,C1,B6,B2,segui,0
7234,fisicamente,fisicamente,fisicamente,B6,B6,noun,freq_corpus,0,6160,C1,B6,B2,fisicamente,0
7235,agradecido,agradecido,agradecido,B6,B6,noun,freq_corpus,0,6161,C1,B6,B2,agradecido,0
7236,casais,casais,casais,B6,B6,noun,freq_corpus,0,6162,C1,B6,B2,casais,0
7237,interessados,interessados,interessados,B6,B6,noun,freq_corpus,0,6163,C1,B6,B2,interessados,0
7238,considera,considera,considera,B6,B6,noun,freq_corpus,0,6164,C1,B6,B2,considera,0
7239,"aprovação","aprovação","aprovação",B6,B6,noun,freq_corpus,0,6165,C1,B6,B2,"aprovação",0
7240,"lenço","lenço","lenço",B6,B6,noun,freq_corpus,0,6168,C1,B6,B2,"lenço",0
7241,bud,bud,bud,B6,B6,noun,freq_corpus,0,6169,C1,B6,B2,bud,0
7242,cano,cano,cano,B6,B6,noun,freq_corpus,0,6170,C1,B6,B2,cano,0
7243,peguem,peguem,peguem,B6,B6,noun,freq_corpus,0,6171,C1,B6,B2,peguem,0
7244,omar,omar,omar,B6,B6,noun,freq_corpus,0,6172,C1,B6,B2,omar,0
7245,sms,sms,sms,B6,B6,noun,freq_corpus,0,6173,C1,B6,B2,sms,0
7246,violet,violet,violet,B6,B6,noun,freq_corpus,0,6174,C1,B6,B2,violet,0
7247,"correspondência","correspondência","correspondência",B6,B6,noun,freq_corpus,0,6175,C1,B6,B2,"correspondência",0
7248,pertences,pertences,pertences,B6,B6,noun,freq_corpus,0,6176,C1,B6,B2,pertences,0
7249,"edição","edição","edição",B6,B6,noun,freq_corpus,0,6177,C1,B6,B2,"edição",0
7250,jaula,jaula,jaula,B6,B6,noun,freq_corpus,0,6178,C1,B6,B2,jaula,0
7251,"pensávamos","pensávamos","pensávamos",B6,B6,noun,freq_corpus,0,6180,C1,B6,B2,"pensávamos",0
7252,ofereceu,ofereceu,ofereceu,B6,B6,noun,freq_corpus,0,6181,C1,B6,B2,ofereceu,0
7253,entras,entras,entras,B6,B6,noun,freq_corpus,0,6182,C1,B6,B2,entras,0
7254,"urgência","urgência","urgência",B6,B6,noun,freq_corpus,0,6183,C1,B6,B2,"urgência",0
7255,"austrália","austrália","austrália",B6,B6,noun,freq_corpus,0,6184,C1,B6,B2,"austrália",0
7256,porrada,porrada,porrada,B6,B6,noun,freq_corpus,0,6185,C1,B6,B2,porrada,0
7257,lembre,lembre,lembre,B6,B6,noun,freq_corpus,0,6186,C1,B6,B2,lembre,0
7258,chamaste,chamaste,chamaste,B6,B6,noun,freq_corpus,0,6187,C1,B6,B2,chamaste,0
7259,actuar,actuar,actuar,B6,B6,noun,freq_corpus,0,6188,C1,B6,B2,actuar,0
7260,"otário","otário","otário",B6,B6,noun,freq_corpus,0,6189,C1,B6,B2,"otário",0
7261,pediram,pediram,pediram,B6,B6,noun,freq_corpus,0,6190,C1,B6,B2,pediram,0
7262,cega,cega,cega,B6,B6,noun,freq_corpus,0,6191,C1,B6,B2,cega,0
7263,vinhas,vinhas,vinhas,B6,B6,noun,freq_corpus,0,6192,C1,B6,B2,vinhas,0
7264,jarod,jarod,jarod,B6,B6,noun,freq_corpus,0,6193,C1,B6,B2,jarod,0
7265,antepassados,antepassados,antepassados,B6,B6,noun,freq_corpus,0,6194,C1,B6,B2,antepassados,0
7266,criados,criados,criados,B6,B6,noun,freq_corpus,0,6195,C1,B6,B2,criados,0
7267,originais,originais,originais,B6,B6,noun,freq_corpus,0,6196,C1,B6,B2,originais,0
7268,"pões","pões","pões",B6,B6,noun,freq_corpus,0,6197,C1,B6,B2,"pões",0
7269,desespero,desespero,desespero,B6,B6,noun,freq_corpus,0,6198,C1,B6,B2,desespero,0
7270,encantado,encantado,encantado,B6,B6,noun,freq_corpus,0,6200,C1,B6,B2,encantado,0
7271,brody,brody,brody,B6,B6,noun,freq_corpus,0,6203,C1,B6,B2,brody,0
7272,ganhamos,ganhamos,ganhamos,B6,B6,noun,freq_corpus,0,6205,C1,B6,B2,ganhamos,0
7273,existia,existia,existia,B6,B6,noun,freq_corpus,0,6206,C1,B6,B2,existia,0
7274,fugi,fugi,fugi,B6,B6,noun,freq_corpus,0,6208,C1,B6,B2,fugi,0
7275,toneladas,toneladas,toneladas,B6,B6,noun,freq_corpus,0,6209,C1,B6,B2,toneladas,0
7276,sementes,sementes,sementes,B6,B6,noun,freq_corpus,0,6210,C1,B6,B2,sementes,0
7277,valem,valem,valem,B6,B6,noun,freq_corpus,0,6211,C1,B6,B2,valem,0
7278,"amigável","amigável","amigável",B6,B6,noun,freq_corpus,0,6213,C1,B6,B2,"amigável",0
7279,"funcionário","funcionário","funcionário",B6,B6,noun,freq_corpus,0,6214,C1,B6,B2,"funcionário",0
7280,hunter,hunter,hunter,B6,B6,noun,freq_corpus,0,6215,C1,B6,B2,hunter,0
7281,boy,boy,boy,B6,B6,noun,freq_corpus,0,6217,C1,B6,B2,boy,0
7282,obrigar,obrigar,obrigar,B6,B6,noun,freq_corpus,0,6218,C1,B6,B2,obrigar,0
7283,cody,cody,cody,B6,B6,noun,freq_corpus,0,6219,C1,B6,B2,cody,0
7284,perdoe,perdoe,perdoe,B6,B6,noun,freq_corpus,0,6220,C1,B6,B2,perdoe,0
7285,"aquí","aquí","aquí",B6,B6,noun,freq_corpus,0,6221,C1,B6,B2,"aquí",0
7286,propriedades,propriedades,propriedades,B6,B6,noun,freq_corpus,0,6222,C1,B6,B2,propriedades,0
7287,aposentos,aposentos,aposentos,B6,B6,noun,freq_corpus,0,6223,C1,B6,B2,aposentos,0
7288,abuso,abuso,abuso,B6,B6,noun,freq_corpus,0,6224,C1,B6,B2,abuso,0
7289,abandonou,abandonou,abandonou,B6,B6,noun,freq_corpus,0,6225,C1,B6,B2,abandonou,0
7290,"separação","separação","separação",B6,B6,noun,freq_corpus,0,6226,C1,B6,B2,"separação",0
7291,disciplina,disciplina,disciplina,B6,B6,noun,freq_corpus,0,6228,C1,B6,B2,disciplina,0
7292,amamos,amamos,amamos,B6,B6,noun,freq_corpus,0,6229,C1,B6,B2,amamos,0
7293,"guião","guião","guião",B6,B6,noun,freq_corpus,0,6230,C1,B6,B2,"guião",0
7294,educado,educado,educado,B6,B6,noun,freq_corpus,0,6231,C1,B6,B2,educado,0
7295,saltos,saltos,saltos,B6,B6,noun,freq_corpus,0,6232,C1,B6,B2,saltos,0
7296,"ficção","ficção","ficção",B6,B6,noun,freq_corpus,0,6233,C1,B6,B2,"ficção",0
7297,delegado,delegado,delegado,B6,B6,noun,freq_corpus,0,6234,C1,B6,B2,delegado,0
7298,morremos,morremos,morremos,B6,B6,noun,freq_corpus,0,6236,C1,B6,B2,morremos,0
7299,"oração","oração","oração",B6,B6,noun,freq_corpus,0,6237,C1,B6,B2,"oração",0
7300,"visões","visões","visões",B6,B6,noun,freq_corpus,0,6238,C1,B6,B2,"visões",0
7301,comprado,comprado,comprado,B6,B6,noun,freq_corpus,0,6239,C1,B6,B2,comprado,0
7302,acidentes,acidentes,acidentes,B6,B6,noun,freq_corpus,0,6240,C1,B6,B2,acidentes,0
7303,fluxo,fluxo,fluxo,B6,B6,noun,freq_corpus,0,6241,C1,B6,B2,fluxo,0
7304,boxe,boxe,boxe,B6,B6,noun,freq_corpus,0,6242,C1,B6,B2,boxe,0
7305,"camiões","camiões","camiões",B6,B6,noun,freq_corpus,0,6243,C1,B6,B2,"camiões",0
7306,valia,valia,valia,B6,B6,noun,freq_corpus,0,6244,C1,B6,B2,valia,0
7307,boneco,boneco,boneco,B6,B6,noun,freq_corpus,0,6246,C1,B6,B2,boneco,0
7308,percas,percas,percas,B6,B6,noun,freq_corpus,0,6247,C1,B6,B2,percas,0
7309,perco,perco,perco,B6,B6,noun,freq_corpus,0,6248,C1,B6,B2,perco,0
7310,jornada,jornada,jornada,B6,B6,noun,freq_corpus,0,6249,C1,B6,B2,jornada,0
7311,rochas,rochas,rochas,B6,B6,noun,freq_corpus,0,6250,C1,B6,B2,rochas,0
7312,cavar,cavar,cavar,B6,B6,noun,freq_corpus,0,6251,C1,B6,B2,cavar,0
7313,"avanço","avanço","avanço",B6,B6,noun,freq_corpus,0,6252,C1,B6,B2,"avanço",0
7314,resolve,resolve,resolve,B6,B6,noun,freq_corpus,0,6254,C1,B6,B2,resolve,0
7315,tola,tola,tola,B6,B6,noun,freq_corpus,0,6255,C1,B6,B2,tola,0
7316,"apareça","apareça","apareça",B6,B6,noun,freq_corpus,0,6256,C1,B6,B2,"apareça",0
7317,"preços","preços","preços",B6,B6,noun,freq_corpus,0,6257,C1,B6,B2,"preços",0
7318,"pelotão","pelotão","pelotão",B6,B6,noun,freq_corpus,0,6258,C1,B6,B2,"pelotão",0
7319,"pólvora","pólvora","pólvora",B6,B6,noun,freq_corpus,0,6260,C1,B6,B2,"pólvora",0
7320,reservas,reservas,reservas,B6,B6,noun,freq_corpus,0,6261,C1,B6,B2,reservas,0
7321,especificamente,especificamente,especificamente,B6,B6,noun,freq_corpus,0,6262,C1,B6,B2,especificamente,0
7322,"instável","instável","instável",B6,B6,noun,freq_corpus,0,6263,C1,B6,B2,"instável",0
7323,lorque,lorque,lorque,B6,B6,noun,freq_corpus,0,6264,C1,B6,B2,lorque,0
7324,massagem,massagem,massagem,B6,B6,noun,freq_corpus,0,6265,C1,B6,B2,massagem,0
7325,contentes,contentes,contentes,B6,B6,noun,freq_corpus,0,6266,C1,B6,B2,contentes,0
7326,"edifícios","edifícios","edifícios",B6,B6,noun,freq_corpus,0,6267,C1,B6,B2,"edifícios",0
7327,"ameaçar","ameaçar","ameaçar",B6,B6,noun,freq_corpus,0,6269,C1,B6,B2,"ameaçar",0
7328,quantia,quantia,quantia,B6,B6,noun,freq_corpus,0,6270,C1,B6,B2,quantia,0
7329,artie,artie,artie,B6,B6,noun,freq_corpus,0,6271,C1,B6,B2,artie,0
7330,ensino,ensino,ensino,B6,B6,noun,freq_corpus,0,6272,C1,B6,B2,ensino,0
7331,usaste,usaste,usaste,B6,B6,noun,freq_corpus,0,6273,C1,B6,B2,usaste,0
7332,nalgum,nalgum,nalgum,B6,B6,noun,freq_corpus,0,6275,C1,B6,B2,nalgum,0
7333,"realização","realização","realização",B6,B6,noun,freq_corpus,0,6276,C1,B6,B2,"realização",0
7334,"fúria","fúria","fúria",B6,B6,noun,freq_corpus,0,6277,C1,B6,B2,"fúria",0
7335,alugar,alugar,alugar,B6,B6,noun,freq_corpus,0,6278,C1,B6,B2,alugar,0
7336,colete,colete,colete,B6,B6,noun,freq_corpus,0,6279,C1,B6,B2,colete,0
7337,susto,susto,susto,B6,B6,noun,freq_corpus,0,6281,C1,B6,B2,susto,0
7338,protege,protege,protege,B6,B6,noun,freq_corpus,0,6282,C1,B6,B2,protege,0
7339,"remédios","remédios","remédios",B6,B6,noun,freq_corpus,0,6284,C1,B6,B2,"remédios",0
7340,pablo,pablo,pablo,B6,B6,noun,freq_corpus,0,6285,C1,B6,B2,pablo,0
7341,odiava,odiava,odiava,B6,B6,noun,freq_corpus,0,6286,C1,B6,B2,odiava,0
7342,ajudem,ajudem,ajudem,B6,B6,noun,freq_corpus,0,6287,C1,B6,B2,ajudem,0
7343,desculpar,desculpar,desculpar,B6,B6,noun,freq_corpus,0,6288,C1,B6,B2,desculpar,0
7344,bata,bata,bata,B6,B6,noun,freq_corpus,0,6289,C1,B6,B2,bata,0
7345,tucker,tucker,tucker,B6,B6,noun,freq_corpus,0,6290,C1,B6,B2,tucker,0
7346,club,club,club,B6,B6,noun,freq_corpus,0,6291,C1,B6,B2,club,0
7347,queixas,queixas,queixas,B6,B6,noun,freq_corpus,0,6294,C1,B6,B2,queixas,0
7348,coreia,coreia,coreia,B6,B6,noun,freq_corpus,0,6295,C1,B6,B2,coreia,0
7349,congressista,congressista,congressista,B6,B6,noun,freq_corpus,0,6297,C1,B6,B2,congressista,0
7350,feminina,feminina,feminina,B6,B6,noun,freq_corpus,0,6298,C1,B6,B2,feminina,0
7351,cheguem,cheguem,cheguem,B6,B6,noun,freq_corpus,0,6299,C1,B6,B2,cheguem,0
7352,seguimos,seguimos,seguimos,B6,B6,noun,freq_corpus,0,6300,C1,B6,B2,seguimos,0
7353,"sanduíche","sanduíche","sanduíche",B6,B6,noun,freq_corpus,0,6301,C1,B6,B2,"sanduíche",0
7354,"estúpidas","estúpidas","estúpidas",B6,B6,noun,freq_corpus,0,6302,C1,B6,B2,"estúpidas",0
7355,desejava,desejava,desejava,B6,B6,noun,freq_corpus,0,6303,C1,B6,B2,desejava,0
7356,ajudante,ajudante,ajudante,B6,B6,noun,freq_corpus,0,6304,C1,B6,B2,ajudante,0
7357,"túneis","túneis","túneis",B6,B6,noun,freq_corpus,0,6305,C1,B6,B2,"túneis",0
7358,inglesa,inglesa,inglesa,B6,B6,noun,freq_corpus,0,6306,C1,B6,B2,inglesa,0
7359,voltaria,voltaria,voltaria,B6,B6,noun,freq_corpus,0,6307,C1,B6,B2,voltaria,0
7360,magoa,magoa,magoa,B6,B6,noun,freq_corpus,0,6308,C1,B6,B2,magoa,0
7361,coisinha,coisinha,coisinha,B6,B6,noun,freq_corpus,0,6309,C1,B6,B2,coisinha,0
7362,mercadoria,mercadoria,mercadoria,B6,B6,noun,freq_corpus,0,6310,C1,B6,B2,mercadoria,0
7363,sabrina,sabrina,sabrina,B6,B6,noun,freq_corpus,0,6312,C1,B6,B2,sabrina,0
7364,adiar,adiar,adiar,B6,B6,noun,freq_corpus,0,6314,C1,B6,B2,adiar,0
7365,partidas,partidas,partidas,B6,B6,noun,freq_corpus,0,6316,C1,B6,B2,partidas,0
7366,falhei,falhei,falhei,B6,B6,noun,freq_corpus,0,6317,C1,B6,B2,falhei,0
7367,"véspera","véspera","véspera",B6,B6,noun,freq_corpus,0,6318,C1,B6,B2,"véspera",0
7368,amoroso,amoroso,amoroso,B6,B6,noun,freq_corpus,0,6319,C1,B6,B2,amoroso,0
7369,soco,soco,soco,B6,B6,noun,freq_corpus,0,6320,C1,B6,B2,soco,0
7370,dourado,dourado,dourado,B6,B6,noun,freq_corpus,0,6321,C1,B6,B2,dourado,0
7371,prosseguir,prosseguir,prosseguir,B6,B6,noun,freq_corpus,0,6322,C1,B6,B2,prosseguir,0
7372,"inevitável","inevitável","inevitável",B6,B6,noun,freq_corpus,0,6323,C1,B6,B2,"inevitável",0
7373,randall,randall,randall,B6,B6,noun,freq_corpus,0,6324,C1,B6,B2,randall,0
7374,vulgar,vulgar,vulgar,B6,B6,noun,freq_corpus,0,6326,C1,B6,B2,vulgar,0
7375,acharam,acharam,acharam,B6,B6,noun,freq_corpus,0,6327,C1,B6,B2,acharam,0
7376,mesas,mesas,mesas,B6,B6,noun,freq_corpus,0,6328,C1,B6,B2,mesas,0
7377,particularmente,particularmente,particularmente,B6,B6,noun,freq_corpus,0,6330,C1,B6,B2,particularmente,0
7378,suite,suite,suite,B6,B6,noun,freq_corpus,0,6331,C1,B6,B2,suite,0
7379,tiraram,tiraram,tiraram,B6,B6,noun,freq_corpus,0,6332,C1,B6,B2,tiraram,0
7380,foster,foster,foster,B6,B6,noun,freq_corpus,0,6333,C1,B6,B2,foster,0
7381,faleceu,faleceu,faleceu,B6,B6,noun,freq_corpus,0,6334,C1,B6,B2,faleceu,0
7382,"décadas","décadas","décadas",B6,B6,noun,freq_corpus,0,6335,C1,B6,B2,"décadas",0
7383,talentos,talentos,talentos,B6,B6,noun,freq_corpus,0,6339,C1,B6,B2,talentos,0
7384,burt,burt,burt,B6,B6,noun,freq_corpus,0,6340,C1,B6,B2,burt,0
7385,cobras,cobras,cobras,B6,B6,noun,freq_corpus,0,6341,C1,B6,B2,cobras,0
7386,kane,kane,kane,B6,B6,noun,freq_corpus,0,6342,C1,B6,B2,kane,0
7387,convidada,convidada,convidada,B6,B6,noun,freq_corpus,0,6343,C1,B6,B2,convidada,0
7388,desistiu,desistiu,desistiu,B6,B6,noun,freq_corpus,0,6344,C1,B6,B2,desistiu,0
7389,"frágil","frágil","frágil",B6,B6,noun,freq_corpus,0,6345,C1,B6,B2,"frágil",0
7390,voltarem,voltarem,voltarem,B6,B6,noun,freq_corpus,0,6347,C1,B6,B2,voltarem,0
7391,avisado,avisado,avisado,B6,B6,noun,freq_corpus,0,6348,C1,B6,B2,avisado,0
7392,mataria,mataria,mataria,B6,B6,noun,freq_corpus,0,6349,C1,B6,B2,mataria,0
7393,archer,archer,archer,B6,B6,noun,freq_corpus,0,6350,C1,B6,B2,archer,0
7394,richie,richie,richie,B6,B6,noun,freq_corpus,0,6351,C1,B6,B2,richie,0
7395,especialidade,especialidade,especialidade,B6,B6,noun,freq_corpus,0,6352,C1,B6,B2,especialidade,0
7396,meteste,meteste,meteste,B6,B6,noun,freq_corpus,0,6353,C1,B6,B2,meteste,0
7397,encerrado,encerrado,encerrado,B6,B6,noun,freq_corpus,0,6354,C1,B6,B2,encerrado,0
7398,usaram,usaram,usaram,B6,B6,noun,freq_corpus,0,6356,C1,B6,B2,usaram,0
7399,stella,stella,stella,B6,B6,noun,freq_corpus,0,6360,C1,B6,B2,stella,0
7400,regressa,regressa,regressa,B6,B6,noun,freq_corpus,0,6361,C1,B6,B2,regressa,0
7401,implorar,implorar,implorar,B6,B6,noun,freq_corpus,0,6362,C1,B6,B2,implorar,0
7402,fechadura,fechadura,fechadura,B6,B6,noun,freq_corpus,0,6364,C1,B6,B2,fechadura,0
7403,putas,putas,putas,B6,B6,noun,freq_corpus,0,6366,C1,B6,B2,putas,0
7404,envelope,envelope,envelope,B6,B6,noun,freq_corpus,0,6368,C1,B6,B2,envelope,0
7405,personagens,personagens,personagens,B6,B6,noun,freq_corpus,0,6370,C1,B6,B2,personagens,0
7406,aprecio,aprecio,aprecio,B6,B6,noun,freq_corpus,0,6371,C1,B6,B2,aprecio,0
7407,traficantes,traficantes,traficantes,B6,B6,noun,freq_corpus,0,6372,C1,B6,B2,traficantes,0
7408,facas,facas,facas,B6,B6,noun,freq_corpus,0,6373,C1,B6,B2,facas,0
7409,encarar,encarar,encarar,B6,B6,noun,freq_corpus,0,6374,C1,B6,B2,encarar,0
7410,becky,becky,becky,B6,B6,noun,freq_corpus,0,6375,C1,B6,B2,becky,0
7411,guy,guy,guy,B6,B6,noun,freq_corpus,0,6376,C1,B6,B2,guy,0
7412,parente,parente,parente,B6,B6,noun,freq_corpus,0,6378,C1,B6,B2,parente,0
7413,finch,finch,finch,B6,B6,noun,freq_corpus,0,6380,C1,B6,B2,finch,0
7414,perceberam,perceberam,perceberam,B6,B6,noun,freq_corpus,0,6382,C1,B6,B2,perceberam,0
7415,chatice,chatice,chatice,B6,B6,noun,freq_corpus,0,6384,C1,B6,B2,chatice,0
7416,cadastro,cadastro,cadastro,B6,B6,noun,freq_corpus,0,6385,C1,B6,B2,cadastro,0
7417,precioso,precioso,precioso,B6,B6,noun,freq_corpus,0,6386,C1,B6,B2,precioso,0
7418,jazz,jazz,jazz,B6,B6,noun,freq_corpus,0,6387,C1,B6,B2,jazz,0
7419,dallas,dallas,dallas,B6,B6,noun,freq_corpus,0,6388,C1,B6,B2,dallas,0
7420,sigam,sigam,sigam,B6,B6,noun,freq_corpus,0,6389,C1,B6,B2,sigam,0
7421,kansas,kansas,kansas,B6,B6,noun,freq_corpus,0,6390,C1,B6,B2,kansas,0
7422,brenda,brenda,brenda,B6,B6,noun,freq_corpus,0,6391,C1,B6,B2,brenda,0
7423,cyrus,cyrus,cyrus,B6,B6,noun,freq_corpus,0,6392,C1,B6,B2,cyrus,0
7424,aluguer,aluguer,aluguer,B6,B6,noun,freq_corpus,0,6393,C1,B6,B2,aluguer,0
7425,determinado,determinado,determinado,B6,B6,noun,freq_corpus,0,6395,C1,B6,B2,determinado,0
7426,cobrar,cobrar,cobrar,B6,B6,noun,freq_corpus,0,6397,C1,B6,B2,cobrar,0
7427,gangue,gangue,gangue,B6,B6,noun,freq_corpus,0,6398,C1,B6,B2,gangue,0
7428,senta,senta,senta,B6,B6,noun,freq_corpus,0,6399,C1,B6,B2,senta,0
7429,chandler,chandler,chandler,B6,B6,noun,freq_corpus,0,6400,C1,B6,B2,chandler,0
7430,suporte,suporte,suporte,B6,B6,noun,freq_corpus,0,6402,C1,B6,B2,suporte,0
7431,"missões","missões","missões",B6,B6,noun,freq_corpus,0,6403,C1,B6,B2,"missões",0
7432,"dimensão","dimensão","dimensão",B6,B6,noun,freq_corpus,0,6404,C1,B6,B2,"dimensão",0
7433,"júnior","júnior","júnior",B6,B6,noun,freq_corpus,0,6405,C1,B6,B2,"júnior",0
7434,deixasse,deixasse,deixasse,B6,B6,noun,freq_corpus,0,6406,C1,B6,B2,deixasse,0
7435,tomaste,tomaste,tomaste,B6,B6,noun,freq_corpus,0,6407,C1,B6,B2,tomaste,0
7436,cleveland,cleveland,cleveland,B6,B6,noun,freq_corpus,0,6408,C1,B6,B2,cleveland,0
7437,estraguei,estraguei,estraguei,B6,B6,noun,freq_corpus,0,6409,C1,B6,B2,estraguei,0
7438,relaxe,relaxe,relaxe,B6,B6,noun,freq_corpus,0,6410,C1,B6,B2,relaxe,0
7439,careca,careca,careca,B6,B6,noun,freq_corpus,0,6411,C1,B6,B2,careca,0
7440,forense,forense,forense,B6,B6,noun,freq_corpus,0,6412,C1,B6,B2,forense,0
7441,morri,morri,morri,B6,B6,noun,freq_corpus,0,6413,C1,B6,B2,morri,0
7442,materiais,materiais,materiais,B6,B6,noun,freq_corpus,0,6414,C1,B6,B2,materiais,0
7443,"saudações","saudações","saudações",B6,B6,noun,freq_corpus,0,6415,C1,B6,B2,"saudações",0
7444,vinham,vinham,vinham,B6,B6,noun,freq_corpus,0,6416,C1,B6,B2,vinham,0
7445,sheila,sheila,sheila,B6,B6,noun,freq_corpus,0,6417,C1,B6,B2,sheila,0
7446,gwen,gwen,gwen,B6,B6,noun,freq_corpus,0,6418,C1,B6,B2,gwen,0
7447,vire,vire,vire,B6,B6,noun,freq_corpus,0,6419,C1,B6,B2,vire,0
7448,ataca,ataca,ataca,B6,B6,noun,freq_corpus,0,6420,C1,B6,B2,ataca,0
7449,roubada,roubada,roubada,B6,B6,noun,freq_corpus,0,6421,C1,B6,B2,roubada,0
7450,couro,couro,couro,B6,B6,noun,freq_corpus,0,6422,C1,B6,B2,couro,0
7451,stuart,stuart,stuart,B6,B6,noun,freq_corpus,0,6424,C1,B6,B2,stuart,0
7452,"oiçam","oiçam","oiçam",B6,B6,noun,freq_corpus,0,6425,C1,B6,B2,"oiçam",0
7453,terrorismo,terrorismo,terrorismo,B6,B6,noun,freq_corpus,0,6426,C1,B6,B2,terrorismo,0
7454,diretamente,diretamente,diretamente,B6,B6,noun,freq_corpus,0,6428,C1,B6,B2,diretamente,0
7455,instrumento,instrumento,instrumento,B6,B6,noun,freq_corpus,0,6429,C1,B6,B2,instrumento,0
7456,"veículos","veículos","veículos",B6,B6,noun,freq_corpus,0,6430,C1,B6,B2,"veículos",0
7457,restam,restam,restam,B6,B6,noun,freq_corpus,0,6431,C1,B6,B2,restam,0
7458,"ações","ações","ações",B6,B6,noun,freq_corpus,0,6432,C1,B6,B2,"ações",0
7459,"crítica","crítica","crítica",B6,B6,noun,freq_corpus,0,6433,C1,B6,B2,"crítica",0
7460,pegadas,pegadas,pegadas,B6,B6,noun,freq_corpus,0,6434,C1,B6,B2,pegadas,0
7461,"bêbada","bêbada","bêbada",B6,B6,noun,freq_corpus,0,6435,C1,B6,B2,"bêbada",0
7462,cortado,cortado,cortado,B6,B6,noun,freq_corpus,0,6436,C1,B6,B2,cortado,0
7463,soro,soro,soro,B6,B6,noun,freq_corpus,0,6437,C1,B6,B2,soro,0
7464,desconhecida,desconhecida,desconhecida,B6,B6,noun,freq_corpus,0,6440,C1,B6,B2,desconhecida,0
7465,top,top,top,B6,B6,noun,freq_corpus,0,6441,C1,B6,B2,top,0
7466,dadas,dadas,dadas,B6,B6,noun,freq_corpus,0,6442,C1,B6,B2,dadas,0
7467,junta,junta,junta,B6,B6,noun,freq_corpus,0,6443,C1,B6,B2,junta,0
7468,devon,devon,devon,B6,B6,noun,freq_corpus,0,6444,C1,B6,B2,devon,0
7469,fizerem,fizerem,fizerem,B6,B6,noun,freq_corpus,0,6446,C1,B6,B2,fizerem,0
7470,necessariamente,necessariamente,necessariamente,B6,B6,noun,freq_corpus,0,6447,C1,B6,B2,necessariamente,0
7471,bay,bay,bay,B6,B6,noun,freq_corpus,0,6448,C1,B6,B2,bay,0
7472,avaliar,avaliar,avaliar,B6,B6,noun,freq_corpus,0,6449,C1,B6,B2,avaliar,0
7473,lenny,lenny,lenny,B6,B6,noun,freq_corpus,0,6450,C1,B6,B2,lenny,0
7474,"químicos","químicos","químicos",B6,B6,noun,freq_corpus,0,6451,C1,B6,B2,"químicos",0
7475,vizinha,vizinha,vizinha,B6,B6,noun,freq_corpus,0,6452,C1,B6,B2,vizinha,0
7476,postal,postal,postal,B6,B6,noun,freq_corpus,0,6453,C1,B6,B2,postal,0
7477,julga,julga,julga,B6,B6,noun,freq_corpus,0,6454,C1,B6,B2,julga,0
7478,procure,procure,procure,B6,B6,noun,freq_corpus,0,6455,C1,B6,B2,procure,0
7479,conforme,conforme,conforme,B6,B6,noun,freq_corpus,0,6456,C1,B6,B2,conforme,0
7480,surdo,surdo,surdo,B6,B6,noun,freq_corpus,0,6458,C1,B6,B2,surdo,0
7481,sra,sra,sra,B6,B6,noun,freq_corpus,0,6459,C1,B6,B2,sra,0
7482,"máscaras","máscaras","máscaras",B6,B6,noun,freq_corpus,0,6462,C1,B6,B2,"máscaras",0
7483,evidente,evidente,evidente,B6,B6,noun,freq_corpus,0,6463,C1,B6,B2,evidente,0
7484,atento,atento,atento,B6,B6,noun,freq_corpus,0,6464,C1,B6,B2,atento,0
7485,"eleição","eleição","eleição",B6,B6,noun,freq_corpus,0,6465,C1,B6,B2,"eleição",0
7486,"dragões","dragões","dragões",B6,B6,noun,freq_corpus,0,6466,C1,B6,B2,"dragões",0
7487,conveniente,conveniente,conveniente,B6,B6,noun,freq_corpus,0,6468,C1,B6,B2,conveniente,0
7488,olhas,olhas,olhas,B6,B6,noun,freq_corpus,0,6469,C1,B6,B2,olhas,0
7489,entusiasmado,entusiasmado,entusiasmado,B6,B6,noun,freq_corpus,0,6471,C1,B6,B2,entusiasmado,0
7490,arranje,arranje,arranje,B6,B6,noun,freq_corpus,0,6472,C1,B6,B2,arranje,0
7491,ivan,ivan,ivan,B6,B6,noun,freq_corpus,0,6473,C1,B6,B2,ivan,0
7492,tristes,tristes,tristes,B6,B6,noun,freq_corpus,0,6474,C1,B6,B2,tristes,0
7493,discoteca,discoteca,discoteca,B6,B6,noun,freq_corpus,0,6477,C1,B6,B2,discoteca,0
7494,convidou,convidou,convidou,B6,B6,noun,freq_corpus,0,6478,C1,B6,B2,convidou,0
7495,cesto,cesto,cesto,B6,B6,noun,freq_corpus,0,6480,C1,B6,B2,cesto,0
7496,"guardião","guardião","guardião",B6,B6,noun,freq_corpus,0,6481,C1,B6,B2,"guardião",0
7497,galinhas,galinhas,galinhas,B6,B6,noun,freq_corpus,0,6483,C1,B6,B2,galinhas,0
7498,nicholas,nicholas,nicholas,B6,B6,noun,freq_corpus,0,6484,C1,B6,B2,nicholas,0
7499,scotty,scotty,scotty,B6,B6,noun,freq_corpus,0,6485,C1,B6,B2,scotty,0
7500,temer,temer,temer,B6,B6,noun,freq_corpus,0,6486,C1,B6,B2,temer,0
7501,nucleares,nucleares,nucleares,B6,B6,noun,freq_corpus,0,6488,C1,B6,B2,nucleares,0
7502,furiosa,furiosa,furiosa,B6,B6,noun,freq_corpus,0,6489,C1,B6,B2,furiosa,0
7503,"gravações","gravações","gravações",B6,B6,noun,freq_corpus,0,6490,C1,B6,B2,"gravações",0
7504,mensageiro,mensageiro,mensageiro,B6,B6,noun,freq_corpus,0,6491,C1,B6,B2,mensageiro,0
7505,"biliões","biliões","biliões",B6,B6,noun,freq_corpus,0,6492,C1,B6,B2,"biliões",0
7506,"invés","invés","invés",B6,B6,noun,freq_corpus,0,6493,C1,B6,B2,"invés",0
7507,suporto,suporto,suporto,B6,B6,noun,freq_corpus,0,6494,C1,B6,B2,suporto,0
7508,cais,cais,cais,B6,B6,noun,freq_corpus,0,6495,C1,B6,B2,cais,0
7509,policias,policias,policias,B6,B6,noun,freq_corpus,0,6496,C1,B6,B2,policias,0
7510,desfazer,desfazer,desfazer,B6,B6,noun,freq_corpus,0,6497,C1,B6,B2,desfazer,0
7511,junior,junior,junior,B6,B6,noun,freq_corpus,0,6498,C1,B6,B2,junior,0
7512,andem,andem,andem,B6,B6,noun,freq_corpus,0,6499,C1,B6,B2,andem,0
7513,estragado,estragado,estragado,B6,B6,noun,freq_corpus,0,6500,C1,B6,B2,estragado,0
7514,ego,ego,ego,B6,B6,noun,freq_corpus,0,6501,C1,B6,B2,ego,0
7515,apaixonados,apaixonados,apaixonados,B6,B6,noun,freq_corpus,0,6503,C1,B6,B2,apaixonados,0
7516,"anúncios","anúncios","anúncios",B6,B6,noun,freq_corpus,0,6504,C1,B6,B2,"anúncios",0
7517,habitantes,habitantes,habitantes,B6,B6,noun,freq_corpus,0,6506,C1,B6,B2,habitantes,0
7518,procurem,procurem,procurem,B6,B6,noun,freq_corpus,0,6507,C1,B6,B2,procurem,0
7519,envolve,envolve,envolve,B6,B6,noun,freq_corpus,0,6508,C1,B6,B2,envolve,0
7520,assinou,assinou,assinou,B6,B6,noun,freq_corpus,0,6509,C1,B6,B2,assinou,0
7521,rastos,rastos,rastos,B6,B6,noun,freq_corpus,0,6510,C1,B6,B2,rastos,0
7522,jeffrey,jeffrey,jeffrey,B6,B6,noun,freq_corpus,0,6511,C1,B6,B2,jeffrey,0
7523,acender,acender,acender,B6,B6,noun,freq_corpus,0,6512,C1,B6,B2,acender,0
7524,instintos,instintos,instintos,B6,B6,noun,freq_corpus,0,6513,C1,B6,B2,instintos,0
7525,aconteceria,aconteceria,aconteceria,B6,B6,noun,freq_corpus,0,6514,C1,B6,B2,aconteceria,0
7526,aprendemos,aprendemos,aprendemos,B6,B6,noun,freq_corpus,0,6515,C1,B6,B2,aprendemos,0
7527,conversamos,conversamos,conversamos,B6,B6,noun,freq_corpus,0,6516,C1,B6,B2,conversamos,0
7528,pesquisar,pesquisar,pesquisar,B6,B6,noun,freq_corpus,0,6517,C1,B6,B2,pesquisar,0
7529,torno,torno,torno,B6,B6,noun,freq_corpus,0,6518,C1,B6,B2,torno,0
7530,alexander,alexander,alexander,B6,B6,noun,freq_corpus,0,6520,C1,B6,B2,alexander,0
7531,verei,verei,verei,B6,B6,noun,freq_corpus,0,6521,C1,B6,B2,verei,0
7532,desfile,desfile,desfile,B6,B6,noun,freq_corpus,0,6522,C1,B6,B2,desfile,0
7533,injusto,injusto,injusto,B6,B6,noun,freq_corpus,0,6523,C1,B6,B2,injusto,0
7534,"partículas","partículas","partículas",B6,B6,noun,freq_corpus,0,6525,C1,B6,B2,"partículas",0
7535,"apanhámos","apanhámos","apanhámos",B6,B6,noun,freq_corpus,0,6526,C1,B6,B2,"apanhámos",0
7536,vitais,vitais,vitais,B6,B6,noun,freq_corpus,0,6527,C1,B6,B2,vitais,0
7537,ouvindo,ouvindo,ouvindo,B6,B6,noun,freq_corpus,0,6528,C1,B6,B2,ouvindo,0
7538,ajudei,ajudei,ajudei,B6,B6,noun,freq_corpus,0,6529,C1,B6,B2,ajudei,0
7539,escreveste,escreveste,escreveste,B6,B6,noun,freq_corpus,0,6530,C1,B6,B2,escreveste,0
7540,capturar,capturar,capturar,B6,B6,noun,freq_corpus,0,6531,C1,B6,B2,capturar,0
7541,alicia,alicia,alicia,B6,B6,noun,freq_corpus,0,6532,C1,B6,B2,alicia,0
7542,coca,coca,coca,B6,B6,noun,freq_corpus,0,6533,C1,B6,B2,coca,0
7543,maravilhas,maravilhas,maravilhas,B6,B6,noun,freq_corpus,0,6534,C1,B6,B2,maravilhas,0
7544,romano,romano,romano,B6,B6,noun,freq_corpus,0,6535,C1,B6,B2,romano,0
7545,springfield,springfield,springfield,B6,B6,noun,freq_corpus,0,6536,C1,B6,B2,springfield,0
7546,aguardar,aguardar,aguardar,B6,B6,noun,freq_corpus,0,6537,C1,B6,B2,aguardar,0
7547,"centímetros","centímetros","centímetros",B6,B6,noun,freq_corpus,0,6538,C1,B6,B2,"centímetros",0
7548,magoou,magoou,magoou,B6,B6,noun,freq_corpus,0,6539,C1,B6,B2,magoou,0
7549,mentiste,mentiste,mentiste,B6,B6,noun,freq_corpus,0,6540,C1,B6,B2,mentiste,0
7550,fugitivo,fugitivo,fugitivo,B6,B6,noun,freq_corpus,0,6541,C1,B6,B2,fugitivo,0
7551,arrepender,arrepender,arrepender,B6,B6,noun,freq_corpus,0,6543,C1,B6,B2,arrepender,0
7552,freddie,freddie,freddie,B6,B6,noun,freq_corpus,0,6544,C1,B6,B2,freddie,0
7553,significava,significava,significava,B6,B6,noun,freq_corpus,0,6545,C1,B6,B2,significava,0
7554,aproveita,aproveita,aproveita,B6,B6,noun,freq_corpus,0,6547,C1,B6,B2,aproveita,0
7555,lho,lho,lho,B6,B6,noun,freq_corpus,0,6548,C1,B6,B2,lho,0
7556,kara,kara,kara,B6,B6,noun,freq_corpus,0,6549,C1,B6,B2,kara,0
7557,"solidão","solidão","solidão",B6,B6,noun,freq_corpus,0,6551,C1,B6,B2,"solidão",0
7558,"quarteirão","quarteirão","quarteirão",B6,B6,noun,freq_corpus,0,6552,C1,B6,B2,"quarteirão",0
7559,"balão","balão","balão",B6,B6,noun,freq_corpus,0,6553,C1,B6,B2,"balão",0
7560,nelas,nelas,nelas,B6,B6,noun,freq_corpus,0,6554,C1,B6,B2,nelas,0
7561,yang,yang,yang,B6,B6,noun,freq_corpus,0,6555,C1,B6,B2,yang,0
7562,andrea,andrea,andrea,B6,B6,noun,freq_corpus,0,6557,C1,B6,B2,andrea,0
7563,buffy,buffy,buffy,B6,B6,noun,freq_corpus,0,6558,C1,B6,B2,buffy,0
7564,fazenda,fazenda,fazenda,B6,B6,noun,freq_corpus,0,6559,C1,B6,B2,fazenda,0
7565,ouvem,ouvem,ouvem,B6,B6,noun,freq_corpus,0,6560,C1,B6,B2,ouvem,0
7566,ruby,ruby,ruby,B6,B6,noun,freq_corpus,0,6563,C1,B6,B2,ruby,0
7567,painel,painel,painel,B6,B6,noun,freq_corpus,0,6565,C1,B6,B2,painel,0
7568,"consultório","consultório","consultório",B6,B6,noun,freq_corpus,0,6566,C1,B6,B2,"consultório",0
7569,"estações","estações","estações",B6,B6,noun,freq_corpus,0,6568,C1,B6,B2,"estações",0
7570,encontraremos,encontraremos,encontraremos,B6,B6,noun,freq_corpus,0,6569,C1,B6,B2,encontraremos,0
7571,bernie,bernie,bernie,B6,B6,noun,freq_corpus,0,6570,C1,B6,B2,bernie,0
7572,"lembranças","lembranças","lembranças",B6,B6,noun,freq_corpus,0,6571,C1,B6,B2,"lembranças",0
7573,"federação","federação","federação",B6,B6,noun,freq_corpus,0,6572,C1,B6,B2,"federação",0
7574,legais,legais,legais,B6,B6,noun,freq_corpus,0,6573,C1,B6,B2,legais,0
7575,"convés","convés","convés",B6,B6,noun,freq_corpus,0,6574,C1,B6,B2,"convés",0
7576,terminal,terminal,terminal,B6,B6,noun,freq_corpus,0,6575,C1,B6,B2,terminal,0
7577,caminhada,caminhada,caminhada,B6,B6,noun,freq_corpus,0,6576,C1,B6,B2,caminhada,0
7578,serviu,serviu,serviu,B6,B6,noun,freq_corpus,0,6577,C1,B6,B2,serviu,0
7579,mexam,mexam,mexam,B6,B6,noun,freq_corpus,0,6579,C1,B6,B2,mexam,0
7580,desesperada,desesperada,desesperada,B6,B6,noun,freq_corpus,0,6580,C1,B6,B2,desesperada,0
7581,bang,bang,bang,B6,B6,noun,freq_corpus,0,6581,C1,B6,B2,bang,0
7582,cartel,cartel,cartel,B6,B6,noun,freq_corpus,0,6582,C1,B6,B2,cartel,0
7583,cabras,cabras,cabras,B6,B6,noun,freq_corpus,0,6583,C1,B6,B2,cabras,0
7584,madison,madison,madison,B6,B6,noun,freq_corpus,0,6584,C1,B6,B2,madison,0
7585,transferido,transferido,transferido,B6,B6,noun,freq_corpus,0,6585,C1,B6,B2,transferido,0
7586,escrevo,escrevo,escrevo,B6,B6,noun,freq_corpus,0,6586,C1,B6,B2,escrevo,0
7587,elvis,elvis,elvis,B6,B6,noun,freq_corpus,0,6587,C1,B6,B2,elvis,0
7588,amam,amam,amam,B6,B6,noun,freq_corpus,0,6589,C1,B6,B2,amam,0
7589,virou,virou,virou,B6,B6,noun,freq_corpus,0,6590,C1,B6,B2,virou,0
7590,suba,suba,suba,B6,B6,noun,freq_corpus,0,6591,C1,B6,B2,suba,0
7591,grand,grand,grand,B6,B6,noun,freq_corpus,0,6594,C1,B6,B2,grand,0
7592,bandas,bandas,bandas,B6,B6,noun,freq_corpus,0,6596,C1,B6,B2,bandas,0
7593,goa,goa,goa,B6,B6,noun,freq_corpus,0,6597,C1,B6,B2,goa,0
7594,escura,escura,escura,B6,B6,noun,freq_corpus,0,6599,C1,B6,B2,escura,0
7595,editor,editor,editor,B6,B6,noun,freq_corpus,0,6600,C1,B6,B2,editor,0
7596,dezenas,dezenas,dezenas,B6,B6,noun,freq_corpus,0,6601,C1,B6,B2,dezenas,0
7597,contam,contam,contam,B6,B6,noun,freq_corpus,0,6603,C1,B6,B2,contam,0
7598,douglas,douglas,douglas,B6,B6,noun,freq_corpus,0,6604,C1,B6,B2,douglas,0
7599,kitt,kitt,kitt,B6,B6,noun,freq_corpus,0,6605,C1,B6,B2,kitt,0
7600,"começando","começando","começando",B6,B6,noun,freq_corpus,0,6607,C1,B6,B2,"começando",0
7601,cozinheiro,cozinheiro,cozinheiro,B6,B6,noun,freq_corpus,0,6610,C1,B6,B2,cozinheiro,0
7602,nolan,nolan,nolan,B6,B6,noun,freq_corpus,0,6611,C1,B6,B2,nolan,0
7603,gostes,gostes,gostes,B6,B6,noun,freq_corpus,0,6613,C1,B6,B2,gostes,0
7604,paula,paula,paula,B6,B6,noun,freq_corpus,0,6614,C1,B6,B2,paula,0
7605,"forçado","forçado","forçado",B6,B6,noun,freq_corpus,0,6615,C1,B6,B2,"forçado",0
7606,bruno,bruno,bruno,B6,B6,noun,freq_corpus,0,6618,C1,B6,B2,bruno,0
7607,acertou,acertou,acertou,B6,B6,noun,freq_corpus,0,6619,C1,B6,B2,acertou,0
7608,fuzileiros,fuzileiros,fuzileiros,B6,B6,noun,freq_corpus,0,6620,C1,B6,B2,fuzileiros,0
7609,lola,lola,lola,B6,B6,noun,freq_corpus,0,6623,C1,B6,B2,lola,0
7610,bloquear,bloquear,bloquear,B6,B6,noun,freq_corpus,0,6625,C1,B6,B2,bloquear,0
7611,hunt,hunt,hunt,B6,B6,noun,freq_corpus,0,6626,C1,B6,B2,hunt,0
7612,"costumávamos","costumávamos","costumávamos",B6,B6,noun,freq_corpus,0,6628,C1,B6,B2,"costumávamos",0
7613,inclui,inclui,inclui,B6,B6,noun,freq_corpus,0,6629,C1,B6,B2,inclui,0
7614,castanho,castanho,castanho,B6,B6,noun,freq_corpus,0,6630,C1,B6,B2,castanho,0
7615,dobrar,dobrar,dobrar,B6,B6,noun,freq_corpus,0,6632,C1,B6,B2,dobrar,0
7616,adianta,adianta,adianta,B6,B6,noun,freq_corpus,0,6633,C1,B6,B2,adianta,0
7617,espadas,espadas,espadas,B6,B6,noun,freq_corpus,0,6634,C1,B6,B2,espadas,0
7618,perturbado,perturbado,perturbado,B6,B6,noun,freq_corpus,0,6636,C1,B6,B2,perturbado,0
7619,penas,penas,penas,B6,B6,noun,freq_corpus,0,6637,C1,B6,B2,penas,0
7620,naturais,naturais,naturais,B6,B6,noun,freq_corpus,0,6638,C1,B6,B2,naturais,0
7621,chores,chores,chores,B6,B6,noun,freq_corpus,0,6639,C1,B6,B2,chores,0
7622,vindos,vindos,vindos,B6,B6,noun,freq_corpus,0,6640,C1,B6,B2,vindos,0
7623,sun,sun,sun,B6,B6,noun,freq_corpus,0,6641,C1,B6,B2,sun,0
7624,aponta,aponta,aponta,B6,B6,noun,freq_corpus,0,6642,C1,B6,B2,aponta,0
7625,arizona,arizona,arizona,B6,B6,noun,freq_corpus,0,6645,C1,B6,B2,arizona,0
7626,podre,podre,podre,B6,B6,noun,freq_corpus,0,6646,C1,B6,B2,podre,0
7627,nikki,nikki,nikki,B6,B6,noun,freq_corpus,0,6647,C1,B6,B2,nikki,0
7628,encosta,encosta,encosta,B6,B6,noun,freq_corpus,0,6648,C1,B6,B2,encosta,0
7629,"lições","lições","lições",B6,B6,noun,freq_corpus,0,6650,C1,B6,B2,"lições",0
7630,felix,felix,felix,B6,B6,noun,freq_corpus,0,6651,C1,B6,B2,felix,0
7631,avisei,avisei,avisei,B6,B6,noun,freq_corpus,0,6652,C1,B6,B2,avisei,0
7632,"carroça","carroça","carroça",B6,B6,noun,freq_corpus,0,6653,C1,B6,B2,"carroça",0
7633,entregas,entregas,entregas,B6,B6,noun,freq_corpus,0,6655,C1,B6,B2,entregas,0
7634,"construído","construído","construído",B6,B6,noun,freq_corpus,0,6656,C1,B6,B2,"construído",0
7635,"palhaços","palhaços","palhaços",B6,B6,noun,freq_corpus,0,6657,C1,B6,B2,"palhaços",0
7636,trazes,trazes,trazes,B6,B6,noun,freq_corpus,0,6658,C1,B6,B2,trazes,0
7637,lionel,lionel,lionel,B6,B6,noun,freq_corpus,0,6659,C1,B6,B2,lionel,0
7638,prometes,prometes,prometes,B6,B6,noun,freq_corpus,0,6660,C1,B6,B2,prometes,0
7639,dispostos,dispostos,dispostos,B6,B6,noun,freq_corpus,0,6661,C1,B6,B2,dispostos,0
7640,indiana,indiana,indiana,B6,B6,noun,freq_corpus,0,6662,C1,B6,B2,indiana,0
7641,"secundária","secundária","secundária",B6,B6,noun,freq_corpus,0,6663,C1,B6,B2,"secundária",0
7642,sherlock,sherlock,sherlock,B6,B6,noun,freq_corpus,0,6664,C1,B6,B2,sherlock,0
7643,"estivéssemos","estivéssemos","estivéssemos",B6,B6,noun,freq_corpus,0,6665,C1,B6,B2,"estivéssemos",0
7644,voltasse,voltasse,voltasse,B6,B6,noun,freq_corpus,0,6666,C1,B6,B2,voltasse,0
7645,precisavam,precisavam,precisavam,B6,B6,noun,freq_corpus,0,6667,C1,B6,B2,precisavam,0
7646,conheceram,conheceram,conheceram,B6,B6,noun,freq_corpus,0,6668,C1,B6,B2,conheceram,0
7647,repete,repete,repete,B6,B6,noun,freq_corpus,0,6669,C1,B6,B2,repete,0
7648,encontrados,encontrados,encontrados,B6,B6,noun,freq_corpus,0,6670,C1,B6,B2,encontrados,0
7649,tentares,tentares,tentares,B6,B6,noun,freq_corpus,0,6672,C1,B6,B2,tentares,0
7650,massacre,massacre,massacre,B6,B6,noun,freq_corpus,0,6673,C1,B6,B2,massacre,0
7651,silver,silver,silver,B6,B6,noun,freq_corpus,0,6674,C1,B6,B2,silver,0
7652,chamados,chamados,chamados,B6,B6,noun,freq_corpus,0,6675,C1,B6,B2,chamados,0
7653,ooh,ooh,ooh,B6,B6,noun,freq_corpus,0,6676,C1,B6,B2,ooh,0
7654,atreves,atreves,atreves,B6,B6,noun,freq_corpus,0,6677,C1,B6,B2,atreves,0
7655,robbie,robbie,robbie,B6,B6,noun,freq_corpus,0,6679,C1,B6,B2,robbie,0
7656,recordo,recordo,recordo,B6,B6,noun,freq_corpus,0,6680,C1,B6,B2,recordo,0
7657,ligues,ligues,ligues,B6,B6,noun,freq_corpus,0,6681,C1,B6,B2,ligues,0
7658,hastings,hastings,hastings,B6,B6,noun,freq_corpus,0,6682,C1,B6,B2,hastings,0
7659,arranjado,arranjado,arranjado,B6,B6,noun,freq_corpus,0,6683,C1,B6,B2,arranjado,0
7660,observa,observa,observa,B6,B6,noun,freq_corpus,0,6684,C1,B6,B2,observa,0
7661,tiras,tiras,tiras,B6,B6,noun,freq_corpus,0,6685,C1,B6,B2,tiras,0
7662,fechou,fechou,fechou,B6,B6,noun,freq_corpus,0,6686,C1,B6,B2,fechou,0
7663,barreira,barreira,barreira,B6,B6,noun,freq_corpus,0,6687,C1,B6,B2,barreira,0
7664,ronda,ronda,ronda,B6,B6,noun,freq_corpus,0,6688,C1,B6,B2,ronda,0
7665,alguem,alguem,alguem,B6,B6,noun,freq_corpus,0,6689,C1,B6,B2,alguem,0
7666,demasiadas,demasiadas,demasiadas,B6,B6,noun,freq_corpus,0,6690,C1,B6,B2,demasiadas,0
7667,"referência","referência","referência",B6,B6,noun,freq_corpus,0,6691,C1,B6,B2,"referência",0
7668,legista,legista,legista,B6,B6,noun,freq_corpus,0,6692,C1,B6,B2,legista,0
7669,dares,dares,dares,B6,B6,noun,freq_corpus,0,6694,C1,B6,B2,dares,0
7670,brasa,brasa,brasa,B6,B6,noun,freq_corpus,0,6697,C1,B6,B2,brasa,0
7671,circuito,circuito,circuito,B6,B6,noun,freq_corpus,0,6699,C1,B6,B2,circuito,0
7672,barnes,barnes,barnes,B6,B6,noun,freq_corpus,0,6700,C1,B6,B2,barnes,0
7673,pierce,pierce,pierce,B6,B6,noun,freq_corpus,0,6701,C1,B6,B2,pierce,0
7674,donnie,donnie,donnie,B6,B6,noun,freq_corpus,0,6702,C1,B6,B2,donnie,0
7675,bispo,bispo,bispo,B6,B6,noun,freq_corpus,0,6703,C1,B6,B2,bispo,0
7676,vapor,vapor,vapor,B6,B6,noun,freq_corpus,0,6704,C1,B6,B2,vapor,0
7677,marinheiro,marinheiro,marinheiro,B6,B6,noun,freq_corpus,0,6705,C1,B6,B2,marinheiro,0
7678,estando,estando,estando,B6,B6,noun,freq_corpus,0,6706,C1,B6,B2,estando,0
7679,"óptimas","óptimas","óptimas",B6,B6,noun,freq_corpus,0,6707,C1,B6,B2,"óptimas",0
7680,aguarde,aguarde,aguarde,B6,B6,noun,freq_corpus,0,6709,C1,B6,B2,aguarde,0
7681,tonta,tonta,tonta,B6,B6,noun,freq_corpus,0,6710,C1,B6,B2,tonta,0
7682,bennett,bennett,bennett,B6,B6,noun,freq_corpus,0,6712,C1,B6,B2,bennett,0
7683,"técnicas","técnicas","técnicas",B6,B6,noun,freq_corpus,0,6713,C1,B6,B2,"técnicas",0
7684,tambem,tambem,tambem,B6,B6,noun,freq_corpus,0,6714,C1,B6,B2,tambem,0
7685,grita,grita,grita,B6,B6,noun,freq_corpus,0,6715,C1,B6,B2,grita,0
7686,lake,lake,lake,B6,B6,noun,freq_corpus,0,6716,C1,B6,B2,lake,0
7687,"sóbrio","sóbrio","sóbrio",B6,B6,noun,freq_corpus,0,6717,C1,B6,B2,"sóbrio",0
7688,funcione,funcione,funcione,B6,B6,noun,freq_corpus,0,6718,C1,B6,B2,funcione,0
7689,chegando,chegando,chegando,B6,B6,noun,freq_corpus,0,6719,C1,B6,B2,chegando,0
7690,edgar,edgar,edgar,B6,B6,noun,freq_corpus,0,6720,C1,B6,B2,edgar,0
7691,escolar,escolar,escolar,B6,B6,noun,freq_corpus,0,6721,C1,B6,B2,escolar,0
7692,"temporário","temporário","temporário",B6,B6,noun,freq_corpus,0,6722,C1,B6,B2,"temporário",0
7693,faltava,faltava,faltava,B6,B6,noun,freq_corpus,0,6723,C1,B6,B2,faltava,0
7694,"laços","laços","laços",B6,B6,noun,freq_corpus,0,6724,C1,B6,B2,"laços",0
7695,"páscoa","páscoa","páscoa",B6,B6,noun,freq_corpus,0,6726,C1,B6,B2,"páscoa",0
7696,usados,usados,usados,B6,B6,noun,freq_corpus,0,6727,C1,B6,B2,usados,0
7697,"botões","botões","botões",B6,B6,noun,freq_corpus,0,6728,C1,B6,B2,"botões",0
7698,perdes,perdes,perdes,B6,B6,noun,freq_corpus,0,6730,C1,B6,B2,perdes,0
7699,segure,segure,segure,B6,B6,noun,freq_corpus,0,6732,C1,B6,B2,segure,0
7700,gays,gays,gays,B6,B6,noun,freq_corpus,0,6733,C1,B6,B2,gays,0
7701,milagres,milagres,milagres,B6,B6,noun,freq_corpus,0,6734,C1,B6,B2,milagres,0
7702,curiosa,curiosa,curiosa,B6,B6,noun,freq_corpus,0,6737,C1,B6,B2,curiosa,0
7703,baixos,baixos,baixos,B6,B6,noun,freq_corpus,0,6738,C1,B6,B2,baixos,0
7704,encobrir,encobrir,encobrir,B6,B6,noun,freq_corpus,0,6739,C1,B6,B2,encobrir,0
7705,directora,directora,directora,B6,B6,noun,freq_corpus,0,6740,C1,B6,B2,directora,0
7706,levaria,levaria,levaria,B6,B6,noun,freq_corpus,0,6741,C1,B6,B2,levaria,0
7707,reynolds,reynolds,reynolds,B6,B6,noun,freq_corpus,0,6742,C1,B6,B2,reynolds,0
7708,assustadora,assustadora,assustadora,B6,B6,noun,freq_corpus,0,6743,C1,B6,B2,assustadora,0
7709,esperma,esperma,esperma,B6,B6,noun,freq_corpus,0,6744,C1,B6,B2,esperma,0
7710,"carácter","carácter","carácter",B6,B6,noun,freq_corpus,0,6745,C1,B6,B2,"carácter",0
7711,"ficarás","ficarás","ficarás",B6,B6,noun,freq_corpus,0,6746,C1,B6,B2,"ficarás",0
7712,demonstrar,demonstrar,demonstrar,B6,B6,noun,freq_corpus,0,6747,C1,B6,B2,demonstrar,0
7713,humilde,humilde,humilde,B6,B6,noun,freq_corpus,0,6748,C1,B6,B2,humilde,0
7714,fins,fins,fins,B6,B6,noun,freq_corpus,0,6749,C1,B6,B2,fins,0
7715,"instituição","instituição","instituição",B6,B6,noun,freq_corpus,0,6750,C1,B6,B2,"instituição",0
7716,odeias,odeias,odeias,B6,B6,noun,freq_corpus,0,6751,C1,B6,B2,odeias,0
7717,"míssil","míssil","míssil",B6,B6,noun,freq_corpus,0,6752,C1,B6,B2,"míssil",0
7718,dano,dano,dano,B6,B6,noun,freq_corpus,0,6753,C1,B6,B2,dano,0
7719,"evidências","evidências","evidências",B6,B6,noun,freq_corpus,0,6754,C1,B6,B2,"evidências",0
7720,grayson,grayson,grayson,B6,B6,noun,freq_corpus,0,6755,C1,B6,B2,grayson,0
7721,"telefónica","telefónica","telefónica",B6,B6,noun,freq_corpus,0,6756,C1,B6,B2,"telefónica",0
7722,dixon,dixon,dixon,B6,B6,noun,freq_corpus,0,6757,C1,B6,B2,dixon,0
7723,barra,barra,barra,B6,B6,noun,freq_corpus,0,6759,C1,B6,B2,barra,0
7724,pazes,pazes,pazes,B6,B6,noun,freq_corpus,0,6760,C1,B6,B2,pazes,0
7725,"orientação","orientação","orientação",B6,B6,noun,freq_corpus,0,6761,C1,B6,B2,"orientação",0
7726,espertos,espertos,espertos,B6,B6,noun,freq_corpus,0,6762,C1,B6,B2,espertos,0
7727,barras,barras,barras,B6,B6,noun,freq_corpus,0,6764,C1,B6,B2,barras,0
7728,soubemos,soubemos,soubemos,B6,B6,noun,freq_corpus,0,6765,C1,B6,B2,soubemos,0
7729,queen,queen,queen,B6,B6,noun,freq_corpus,0,6767,C1,B6,B2,queen,0
7730,alvejado,alvejado,alvejado,B6,B6,noun,freq_corpus,0,6768,C1,B6,B2,alvejado,0
7731,pneu,pneu,pneu,B6,B6,noun,freq_corpus,0,6773,C1,B6,B2,pneu,0
7732,causado,causado,causado,B6,B6,noun,freq_corpus,0,6774,C1,B6,B2,causado,0
7733,poderem,poderem,poderem,B6,B6,noun,freq_corpus,0,6775,C1,B6,B2,poderem,0
7734,antigamente,antigamente,antigamente,B6,B6,noun,freq_corpus,0,6776,C1,B6,B2,antigamente,0
7735,bowling,bowling,bowling,B6,B6,noun,freq_corpus,0,6778,C1,B6,B2,bowling,0
7736,mandaste,mandaste,mandaste,B6,B6,noun,freq_corpus,0,6779,C1,B6,B2,mandaste,0
7737,fixes,fixes,fixes,B6,B6,noun,freq_corpus,0,6780,C1,B6,B2,fixes,0
7738,girl,girl,girl,B6,B6,noun,freq_corpus,0,6781,C1,B6,B2,girl,0
7739,"sótão","sótão","sótão",B6,B6,noun,freq_corpus,0,6784,C1,B6,B2,"sótão",0
7740,envergonhado,envergonhado,envergonhado,B6,B6,noun,freq_corpus,0,6787,C1,B6,B2,envergonhado,0
7741,"póquer","póquer","póquer",B6,B6,noun,freq_corpus,0,6788,C1,B6,B2,"póquer",0
7742,ncis,ncis,ncis,B6,B6,noun,freq_corpus,0,6790,C1,B6,B2,ncis,0
7743,eve,eve,eve,B6,B6,noun,freq_corpus,0,6791,C1,B6,B2,eve,0
7744,substituto,substituto,substituto,B6,B6,noun,freq_corpus,0,6792,C1,B6,B2,substituto,0
7745,leslie,leslie,leslie,B6,B6,noun,freq_corpus,0,6793,C1,B6,B2,leslie,0
7746,leio,leio,leio,B6,B6,noun,freq_corpus,0,6794,C1,B6,B2,leio,0
7747,esquecerei,esquecerei,esquecerei,B6,B6,noun,freq_corpus,0,6795,C1,B6,B2,esquecerei,0
7748,invulgar,invulgar,invulgar,B6,B6,noun,freq_corpus,0,6796,C1,B6,B2,invulgar,0
7749,bloqueio,bloqueio,bloqueio,B6,B6,noun,freq_corpus,0,6797,C1,B6,B2,bloqueio,0
7750,engolir,engolir,engolir,B6,B6,noun,freq_corpus,0,6798,C1,B6,B2,engolir,0
7751,pertencem,pertencem,pertencem,B6,B6,noun,freq_corpus,0,6799,C1,B6,B2,pertencem,0
7752,ajudo,ajudo,ajudo,B6,B6,noun,freq_corpus,0,6800,C1,B6,B2,ajudo,0
7753,clarke,clarke,clarke,B6,B6,noun,freq_corpus,0,6801,C1,B6,B2,clarke,0
7754,paro,paro,paro,B6,B6,noun,freq_corpus,0,6802,C1,B6,B2,paro,0
7755,cortesia,cortesia,cortesia,B6,B6,noun,freq_corpus,0,6804,C1,B6,B2,cortesia,0
7756,consigas,consigas,consigas,B6,B6,noun,freq_corpus,0,6806,C1,B6,B2,consigas,0
7757,peyton,peyton,peyton,B6,B6,noun,freq_corpus,0,6807,C1,B6,B2,peyton,0
7758,lobisomem,lobisomem,lobisomem,B6,B6,noun,freq_corpus,0,6809,C1,B6,B2,lobisomem,0
7759,bush,bush,bush,B6,B6,noun,freq_corpus,0,6811,C1,B6,B2,bush,0
7760,"políticas","políticas","políticas",B6,B6,noun,freq_corpus,0,6814,C1,B6,B2,"políticas",0
7761,arca,arca,arca,B6,B6,noun,freq_corpus,0,6815,C1,B6,B2,arca,0
7762,treinado,treinado,treinado,B6,B6,noun,freq_corpus,0,6816,C1,B6,B2,treinado,0
7763,burns,burns,burns,B6,B6,noun,freq_corpus,0,6817,C1,B6,B2,burns,0
7764,demasiada,demasiada,demasiada,B6,B6,noun,freq_corpus,0,6818,C1,B6,B2,demasiada,0
7765,rudy,rudy,rudy,B6,B6,noun,freq_corpus,0,6819,C1,B6,B2,rudy,0
7766,"funções","funções","funções",B6,B6,noun,freq_corpus,0,6820,C1,B6,B2,"funções",0
7767,voltava,voltava,voltava,B6,B6,noun,freq_corpus,0,6821,C1,B6,B2,voltava,0
7768,adulta,adulta,adulta,B6,B6,noun,freq_corpus,0,6822,C1,B6,B2,adulta,0
7769,dormia,dormia,dormia,B6,B6,noun,freq_corpus,0,6823,C1,B6,B2,dormia,0
7770,armar,armar,armar,B6,B6,noun,freq_corpus,0,6824,C1,B6,B2,armar,0
7771,saul,saul,saul,B6,B6,noun,freq_corpus,0,6825,C1,B6,B2,saul,0
7772,"estádio","estádio","estádio",B6,B6,noun,freq_corpus,0,6826,C1,B6,B2,"estádio",0
7773,rocky,rocky,rocky,B6,B6,noun,freq_corpus,0,6827,C1,B6,B2,rocky,0
7774,telefona,telefona,telefona,B6,B6,noun,freq_corpus,0,6828,C1,B6,B2,telefona,0
7775,integridade,integridade,integridade,B6,B6,noun,freq_corpus,0,6829,C1,B6,B2,integridade,0
7776,escondeu,escondeu,escondeu,B6,B6,noun,freq_corpus,0,6830,C1,B6,B2,escondeu,0
7777,entregou,entregou,entregou,B6,B6,noun,freq_corpus,0,6831,C1,B6,B2,entregou,0
7778,eficaz,eficaz,eficaz,B6,B6,noun,freq_corpus,0,6832,C1,B6,B2,eficaz,0
7779,kira,kira,kira,B6,B6,noun,freq_corpus,0,6833,C1,B6,B2,kira,0
7780,scully,scully,scully,B6,B6,noun,freq_corpus,0,6834,C1,B6,B2,scully,0
7781,favores,favores,favores,B6,B6,noun,freq_corpus,0,6835,C1,B6,B2,favores,0
7782,shawn,shawn,shawn,B6,B6,noun,freq_corpus,0,6836,C1,B6,B2,shawn,0
7783,liguem,liguem,liguem,B6,B6,noun,freq_corpus,0,6837,C1,B6,B2,liguem,0
7784,enfermeiras,enfermeiras,enfermeiras,B6,B6,noun,freq_corpus,0,6839,C1,B6,B2,enfermeiras,0
7785,sabermos,sabermos,sabermos,B6,B6,noun,freq_corpus,0,6840,C1,B6,B2,sabermos,0
7786,"blá","blá","blá",B6,B6,noun,freq_corpus,0,6841,C1,B6,B2,"blá",0
7787,perdem,perdem,perdem,B6,B6,noun,freq_corpus,0,6842,C1,B6,B2,perdem,0
7788,lenta,lenta,lenta,B6,B6,noun,freq_corpus,0,6844,C1,B6,B2,lenta,0
7789,entusiasmo,entusiasmo,entusiasmo,B6,B6,noun,freq_corpus,0,6846,C1,B6,B2,entusiasmo,0
7790,dormes,dormes,dormes,B6,B6,noun,freq_corpus,0,6847,C1,B6,B2,dormes,0
7791,"acabará","acabará","acabará",B6,B6,noun,freq_corpus,0,6848,C1,B6,B2,"acabará",0
7792,ohio,ohio,ohio,B6,B6,noun,freq_corpus,0,6849,C1,B6,B2,ohio,0
7793,imaginava,imaginava,imaginava,B6,B6,noun,freq_corpus,0,6850,C1,B6,B2,imaginava,0
7794,joshua,joshua,joshua,B6,B6,noun,freq_corpus,0,6851,C1,B6,B2,joshua,0
7795,"fêmea","fêmea","fêmea",B6,B6,noun,freq_corpus,0,6852,C1,B6,B2,"fêmea",0
7796,"fusão","fusão","fusão",B6,B6,noun,freq_corpus,0,6853,C1,B6,B2,"fusão",0
7797,"refeições","refeições","refeições",B6,B6,noun,freq_corpus,0,6855,C1,B6,B2,"refeições",0
7798,decidiste,decidiste,decidiste,B6,B6,noun,freq_corpus,0,6856,C1,B6,B2,decidiste,0
7799,soubessem,soubessem,soubessem,B6,B6,noun,freq_corpus,0,6858,C1,B6,B2,soubessem,0
7800,bares,bares,bares,B6,B6,noun,freq_corpus,0,6859,C1,B6,B2,bares,0
7801,"gratidão","gratidão","gratidão",B6,B6,noun,freq_corpus,0,6860,C1,B6,B2,"gratidão",0
7802,reparou,reparou,reparou,B6,B6,noun,freq_corpus,0,6861,C1,B6,B2,reparou,0
7803,turistas,turistas,turistas,B6,B6,noun,freq_corpus,0,6862,C1,B6,B2,turistas,0
7804,sharon,sharon,sharon,B6,B6,noun,freq_corpus,0,6863,C1,B6,B2,sharon,0
7805,pierre,pierre,pierre,B6,B6,noun,freq_corpus,0,6864,C1,B6,B2,pierre,0
7806,"caíram","caíram","caíram",B6,B6,noun,freq_corpus,0,6865,C1,B6,B2,"caíram",0
7807,beverly,beverly,beverly,B6,B6,noun,freq_corpus,0,6866,C1,B6,B2,beverly,0
7808,lindamente,lindamente,lindamente,B6,B6,noun,freq_corpus,0,6867,C1,B6,B2,lindamente,0
7809,organizado,organizado,organizado,B6,B6,noun,freq_corpus,0,6868,C1,B6,B2,organizado,0
7810,campainha,campainha,campainha,B6,B6,noun,freq_corpus,0,6869,C1,B6,B2,campainha,0
7811,"adversário","adversário","adversário",B6,B6,noun,freq_corpus,0,6870,C1,B6,B2,"adversário",0
7812,"votação","votação","votação",B6,B6,noun,freq_corpus,0,6871,C1,B6,B2,"votação",0
7813,that,that,that,B6,B6,noun,freq_corpus,0,6872,C1,B6,B2,that,0
7814,reparaste,reparaste,reparaste,B6,B6,noun,freq_corpus,0,6873,C1,B6,B2,reparaste,0
7815,traiu,traiu,traiu,B6,B6,noun,freq_corpus,0,6874,C1,B6,B2,traiu,0
7816,lena,lena,lena,B6,B6,noun,freq_corpus,0,6876,C1,B6,B2,lena,0
7817,coitado,coitado,coitado,B6,B6,noun,freq_corpus,0,6878,C1,B6,B2,coitado,0
7818,morres,morres,morres,B6,B6,noun,freq_corpus,0,6879,C1,B6,B2,morres,0
7819,"saídas","saídas","saídas",B6,B6,noun,freq_corpus,0,6880,C1,B6,B2,"saídas",0
7820,roubados,roubados,roubados,B6,B6,noun,freq_corpus,0,6881,C1,B6,B2,roubados,0
7821,"portões","portões","portões",B6,B6,noun,freq_corpus,0,6882,C1,B6,B2,"portões",0
7822,camas,camas,camas,B6,B6,noun,freq_corpus,0,6883,C1,B6,B2,camas,0
7823,teorias,teorias,teorias,B6,B6,noun,freq_corpus,0,6884,C1,B6,B2,teorias,0
7824,"aberração","aberração","aberração",B6,B6,noun,freq_corpus,0,6885,C1,B6,B2,"aberração",0
7825,vital,vital,vital,B6,B6,noun,freq_corpus,0,6886,C1,B6,B2,vital,0
7826,"grandalhão","grandalhão","grandalhão",B6,B6,noun,freq_corpus,0,6887,C1,B6,B2,"grandalhão",0
7827,evacuar,evacuar,evacuar,B6,B6,noun,freq_corpus,0,6888,C1,B6,B2,evacuar,0
7828,quites,quites,quites,B6,B6,noun,freq_corpus,0,6890,C1,B6,B2,quites,0
7829,"maré","maré","maré",B6,B6,noun,freq_corpus,0,6891,C1,B6,B2,"maré",0
7830,bases,bases,bases,B6,B6,noun,freq_corpus,0,6892,C1,B6,B2,bases,0
7831,connie,connie,connie,B6,B6,noun,freq_corpus,0,6893,C1,B6,B2,connie,0
7832,mantido,mantido,mantido,B6,B6,noun,freq_corpus,0,6894,C1,B6,B2,mantido,0
7833,baleado,baleado,baleado,B6,B6,noun,freq_corpus,0,6895,C1,B6,B2,baleado,0
7834,transferir,transferir,transferir,B6,B6,noun,freq_corpus,0,6897,C1,B6,B2,transferir,0
7835,ultima,ultima,ultima,B6,B6,noun,freq_corpus,0,6898,C1,B6,B2,ultima,0
7836,stephanie,stephanie,stephanie,B6,B6,noun,freq_corpus,0,6899,C1,B6,B2,stephanie,0
7837,porteiro,porteiro,porteiro,B6,B6,noun,freq_corpus,0,6900,C1,B6,B2,porteiro,0
7838,passados,passados,passados,B6,B6,noun,freq_corpus,0,6901,C1,B6,B2,passados,0
7839,acabas,acabas,acabas,B6,B6,noun,freq_corpus,0,6902,C1,B6,B2,acabas,0
7840,jon,jon,jon,B6,B6,noun,freq_corpus,0,6903,C1,B6,B2,jon,0
7841,peggy,peggy,peggy,B6,B6,noun,freq_corpus,0,6904,C1,B6,B2,peggy,0
7842,reid,reid,reid,B6,B6,noun,freq_corpus,0,6905,C1,B6,B2,reid,0
7843,calvin,calvin,calvin,B6,B6,noun,freq_corpus,0,6907,C1,B6,B2,calvin,0
7844,elite,elite,elite,B6,B6,noun,freq_corpus,0,6909,C1,B6,B2,elite,0
7845,saindo,saindo,saindo,B6,B6,noun,freq_corpus,0,6910,C1,B6,B2,saindo,0
7846,quartel,quartel,quartel,B6,B6,noun,freq_corpus,0,6911,C1,B6,B2,quartel,0
7847,dantes,dantes,dantes,B6,B6,noun,freq_corpus,0,6912,C1,B6,B2,dantes,0
7848,criador,criador,criador,B6,B6,noun,freq_corpus,0,6914,C1,B6,B2,criador,0
7849,solto,solto,solto,B6,B6,noun,freq_corpus,0,6915,C1,B6,B2,solto,0
7850,amendoim,amendoim,amendoim,B6,B6,noun,freq_corpus,0,6916,C1,B6,B2,amendoim,0
7851,borla,borla,borla,B6,B6,noun,freq_corpus,0,6917,C1,B6,B2,borla,0
7852,mallory,mallory,mallory,B6,B6,noun,freq_corpus,0,6918,C1,B6,B2,mallory,0
7853,"conseguirá","conseguirá","conseguirá",B6,B6,noun,freq_corpus,0,6919,C1,B6,B2,"conseguirá",0
7854,raj,raj,raj,B6,B6,noun,freq_corpus,0,6921,C1,B6,B2,raj,0
7855,habituado,habituado,habituado,B6,B6,noun,freq_corpus,0,6922,C1,B6,B2,habituado,0
7856,pego,pego,pego,B6,B6,noun,freq_corpus,0,6923,C1,B6,B2,pego,0
7857,molhado,molhado,molhado,B6,B6,noun,freq_corpus,0,6924,C1,B6,B2,molhado,0
7858,"demonstração","demonstração","demonstração",B6,B6,noun,freq_corpus,0,6926,C1,B6,B2,"demonstração",0
7859,julgava,julgava,julgava,B6,B6,noun,freq_corpus,0,6927,C1,B6,B2,julgava,0
7860,"prémios","prémios","prémios",B6,B6,noun,freq_corpus,0,6929,C1,B6,B2,"prémios",0
7861,"alemã","alemã","alemã",B6,B6,noun,freq_corpus,0,6930,C1,B6,B2,"alemã",0
7862,"extraordinária","extraordinária","extraordinária",B6,B6,noun,freq_corpus,0,6931,C1,B6,B2,"extraordinária",0
7863,olhares,olhares,olhares,B6,B6,noun,freq_corpus,0,6932,C1,B6,B2,olhares,0
7864,arnold,arnold,arnold,B6,B6,noun,freq_corpus,0,6933,C1,B6,B2,arnold,0
7865,inspetor,inspetor,inspetor,B6,B6,noun,freq_corpus,0,6935,C1,B6,B2,inspetor,0
7866,detalhe,detalhe,detalhe,B6,B6,noun,freq_corpus,0,6939,C1,B6,B2,detalhe,0
7867,salve,salve,salve,B6,B6,noun,freq_corpus,0,6940,C1,B6,B2,salve,0
7868,patas,patas,patas,B6,B6,noun,freq_corpus,0,6941,C1,B6,B2,patas,0
7869,drake,drake,drake,B6,B6,noun,freq_corpus,0,6942,C1,B6,B2,drake,0
7870,"seguranças","seguranças","seguranças",B6,B6,noun,freq_corpus,0,6943,C1,B6,B2,"seguranças",0
7871,encaixa,encaixa,encaixa,B6,B6,noun,freq_corpus,0,6944,C1,B6,B2,encaixa,0
7872,costelas,costelas,costelas,B6,B6,noun,freq_corpus,0,6945,C1,B6,B2,costelas,0
7873,olham,olham,olham,B6,B6,noun,freq_corpus,0,6946,C1,B6,B2,olham,0
7874,famosos,famosos,famosos,B6,B6,noun,freq_corpus,0,6947,C1,B6,B2,famosos,0
7875,jedi,jedi,jedi,B6,B6,noun,freq_corpus,0,6948,C1,B6,B2,jedi,0
7876,sobrou,sobrou,sobrou,B6,B6,noun,freq_corpus,0,6949,C1,B6,B2,sobrou,0
7877,manteve,manteve,manteve,B6,B6,noun,freq_corpus,0,6951,C1,B6,B2,manteve,0
7878,"saía","saía","saía",B6,B6,noun,freq_corpus,0,6953,C1,B6,B2,"saía",0
7879,all,all,all,B6,B6,noun,freq_corpus,0,6954,C1,B6,B2,all,0
7880,aceitas,aceitas,aceitas,B6,B6,noun,freq_corpus,0,6955,C1,B6,B2,aceitas,0
7881,raptado,raptado,raptado,B6,B6,noun,freq_corpus,0,6956,C1,B6,B2,raptado,0
7882,restaurantes,restaurantes,restaurantes,B6,B6,noun,freq_corpus,0,6957,C1,B6,B2,restaurantes,0
7883,cooperar,cooperar,cooperar,B6,B6,noun,freq_corpus,0,6958,C1,B6,B2,cooperar,0
7884,norma,norma,norma,B6,B6,noun,freq_corpus,0,6959,C1,B6,B2,norma,0
7885,parados,parados,parados,B6,B6,noun,freq_corpus,0,6960,C1,B6,B2,parados,0
7886,"estimação","estimação","estimação",B6,B6,noun,freq_corpus,0,6961,C1,B6,B2,"estimação",0
7887,ato,ato,ato,B6,B6,noun,freq_corpus,0,6962,C1,B6,B2,ato,0
7888,"irlandês","irlandês","irlandês",B6,B6,noun,freq_corpus,0,6963,C1,B6,B2,"irlandês",0
7889,grego,grego,grego,B6,B6,noun,freq_corpus,0,6964,C1,B6,B2,grego,0
7890,rodney,rodney,rodney,B6,B6,noun,freq_corpus,0,6965,C1,B6,B2,rodney,0
7891,completar,completar,completar,B6,B6,noun,freq_corpus,0,6966,C1,B6,B2,completar,0
7892,deixarem,deixarem,deixarem,B6,B6,noun,freq_corpus,0,6969,C1,B6,B2,deixarem,0
7893,chad,chad,chad,B6,B6,noun,freq_corpus,0,6970,C1,B6,B2,chad,0
7894,pendurado,pendurado,pendurado,B6,B6,noun,freq_corpus,0,6971,C1,B6,B2,pendurado,0
7895,glenn,glenn,glenn,B6,B6,noun,freq_corpus,0,6972,C1,B6,B2,glenn,0
7896,entrevistas,entrevistas,entrevistas,B6,B6,noun,freq_corpus,0,6973,C1,B6,B2,entrevistas,0
7897,confirmado,confirmado,confirmado,B6,B6,noun,freq_corpus,0,6975,C1,B6,B2,confirmado,0
7898,vejas,vejas,vejas,B6,B6,noun,freq_corpus,0,6976,C1,B6,B2,vejas,0
7899,shepherd,shepherd,shepherd,B6,B6,noun,freq_corpus,0,6977,C1,B6,B2,shepherd,0
7900,paizinho,paizinho,paizinho,B6,B6,noun,freq_corpus,0,6978,C1,B6,B2,paizinho,0
7901,secretas,secretas,secretas,B6,B6,noun,freq_corpus,0,6979,C1,B6,B2,secretas,0
7902,levada,levada,levada,B6,B6,noun,freq_corpus,0,6980,C1,B6,B2,levada,0
7903,herr,herr,herr,B6,B6,noun,freq_corpus,0,6981,C1,B6,B2,herr,0
7904,donde,donde,donde,B6,B6,noun,freq_corpus,0,6982,C1,B6,B2,donde,0
7905,chef,chef,chef,B6,B6,noun,freq_corpus,0,6983,C1,B6,B2,chef,0
7906,"públicas","públicas","públicas",B6,B6,noun,freq_corpus,0,6984,C1,B6,B2,"públicas",0
7907,joy,joy,joy,B6,B6,noun,freq_corpus,0,6985,C1,B6,B2,joy,0
7908,vermelhas,vermelhas,vermelhas,B6,B6,noun,freq_corpus,0,6986,C1,B6,B2,vermelhas,0
7909,"confirmação","confirmação","confirmação",B6,B6,noun,freq_corpus,0,6988,C1,B6,B2,"confirmação",0
7910,bond,bond,bond,B6,B6,noun,freq_corpus,0,6990,C1,B6,B2,bond,0
7911,han,han,han,B6,B6,noun,freq_corpus,0,6991,C1,B6,B2,han,0
7912,publicar,publicar,publicar,B6,B6,noun,freq_corpus,0,6992,C1,B6,B2,publicar,0
7913,brasil,brasil,brasil,B6,B6,noun,freq_corpus,0,6993,C1,B6,B2,brasil,0
7914,toalhas,toalhas,toalhas,B6,B6,noun,freq_corpus,0,6994,C1,B6,B2,toalhas,0
7915,seios,seios,seios,B6,B6,noun,freq_corpus,0,6995,C1,B6,B2,seios,0
7916,marcada,marcada,marcada,B6,B6,noun,freq_corpus,0,6996,C1,B6,B2,marcada,0
7917,"avançado","avançado","avançado",B6,B6,noun,freq_corpus,0,6997,C1,B6,B2,"avançado",0
7918,legalmente,legalmente,legalmente,B6,B6,noun,freq_corpus,0,6998,C1,B6,B2,legalmente,0
7919,stevens,stevens,stevens,B6,B6,noun,freq_corpus,0,6999,C1,B6,B2,stevens,0
7920,infiltrado,infiltrado,infiltrado,B6,B6,noun,freq_corpus,0,7000,C1,B6,B2,infiltrado,0
7921,confessou,confessou,confessou,B6,B6,noun,freq_corpus,0,7001,C1,B6,C1,confessou,0
7922,suicida,suicida,suicida,B6,B6,noun,freq_corpus,0,7003,C1,B6,C1,suicida,0
7923,acrescentar,acrescentar,acrescentar,B6,B6,noun,freq_corpus,0,7004,C1,B6,C1,acrescentar,0
7924,antonio,antonio,antonio,B6,B6,noun,freq_corpus,0,7006,C1,B6,C1,antonio,0
7925,"raízes","raízes","raízes",B6,B6,noun,freq_corpus,0,7007,C1,B6,C1,"raízes",0
7926,relativamente,relativamente,relativamente,B6,B6,noun,freq_corpus,0,7008,C1,B6,C1,relativamente,0
7927,precisarem,precisarem,precisarem,B6,B6,noun,freq_corpus,0,7009,C1,B6,C1,precisarem,0
7928,rouba,rouba,rouba,B6,B6,noun,freq_corpus,0,7010,C1,B6,C1,rouba,0
7929,mandam,mandam,mandam,B6,B6,noun,freq_corpus,0,7011,C1,B6,C1,mandam,0
7930,seguras,seguras,seguras,B6,B6,noun,freq_corpus,0,7012,C1,B6,C1,seguras,0
7931,instrumentos,instrumentos,instrumentos,B6,B6,noun,freq_corpus,0,7013,C1,B6,C1,instrumentos,0
7932,retiro,retiro,retiro,B6,B6,noun,freq_corpus,0,7014,C1,B6,C1,retiro,0
7933,rara,rara,rara,B6,B6,noun,freq_corpus,0,7015,C1,B6,C1,rara,0
7934,supervisor,supervisor,supervisor,B6,B6,noun,freq_corpus,0,7016,C1,B6,C1,supervisor,0
7935,pertencia,pertencia,pertencia,B6,B6,noun,freq_corpus,0,7017,C1,B6,C1,pertencia,0
7936,"pântano","pântano","pântano",B6,B6,noun,freq_corpus,0,7018,C1,B6,C1,"pântano",0
7937,veem,veem,veem,B6,B6,noun,freq_corpus,0,7021,C1,B6,C1,veem,0
7938,saberes,saberes,saberes,B6,B6,noun,freq_corpus,0,7022,C1,B6,C1,saberes,0
7939,atiradores,atiradores,atiradores,B6,B6,noun,freq_corpus,0,7023,C1,B6,C1,atiradores,0
7940,software,software,software,B6,B6,noun,freq_corpus,0,7024,C1,B6,C1,software,0
7941,fortaleza,fortaleza,fortaleza,B6,B6,noun,freq_corpus,0,7025,C1,B6,C1,fortaleza,0
7942,inclusive,inclusive,inclusive,B6,B6,noun,freq_corpus,0,7026,C1,B6,C1,inclusive,0
7943,teimoso,teimoso,teimoso,B6,B6,noun,freq_corpus,0,7027,C1,B6,C1,teimoso,0
7944,gang,gang,gang,B6,B6,noun,freq_corpus,0,7028,C1,B6,C1,gang,0
7945,"esperávamos","esperávamos","esperávamos",B6,B6,noun,freq_corpus,0,7030,C1,B6,C1,"esperávamos",0
7946,clyde,clyde,clyde,B6,B6,noun,freq_corpus,0,7031,C1,B6,C1,clyde,0
7947,austin,austin,austin,B6,B6,noun,freq_corpus,0,7032,C1,B6,C1,austin,0
7948,apressar,apressar,apressar,B6,B6,noun,freq_corpus,0,7033,C1,B6,C1,apressar,0
7949,schmidt,schmidt,schmidt,B6,B6,noun,freq_corpus,0,7035,C1,B6,C1,schmidt,0
7950,orfanato,orfanato,orfanato,B6,B6,noun,freq_corpus,0,7036,C1,B6,C1,orfanato,0
7951,monitor,monitor,monitor,B6,B6,noun,freq_corpus,0,7038,C1,B6,C1,monitor,0
7952,falemos,falemos,falemos,B6,B6,noun,freq_corpus,0,7039,C1,B6,C1,falemos,0
7953,desisti,desisti,desisti,B6,B6,noun,freq_corpus,0,7040,C1,B6,C1,desisti,0
7954,expor,expor,expor,B6,B6,noun,freq_corpus,0,7041,C1,B6,C1,expor,0
7955,alfred,alfred,alfred,B6,B6,noun,freq_corpus,0,7042,C1,B6,C1,alfred,0
7956,ajudares,ajudares,ajudares,B6,B6,noun,freq_corpus,0,7043,C1,B6,C1,ajudares,0
7957,vales,vales,vales,B6,B6,noun,freq_corpus,0,7045,C1,B6,C1,vales,0
7958,irmandade,irmandade,irmandade,B6,B6,noun,freq_corpus,0,7046,C1,B6,C1,irmandade,0
7959,"narcóticos","narcóticos","narcóticos",B6,B6,noun,freq_corpus,0,7048,C1,B6,C1,"narcóticos",0
7960,road,road,road,B6,B6,noun,freq_corpus,0,7049,C1,B6,C1,road,0
7961,pensares,pensares,pensares,B6,B6,noun,freq_corpus,0,7050,C1,B6,C1,pensares,0
7962,"disponíveis","disponíveis","disponíveis",B6,B6,noun,freq_corpus,0,7051,C1,B6,C1,"disponíveis",0
7963,progressos,progressos,progressos,B6,B6,noun,freq_corpus,0,7052,C1,B6,C1,progressos,0
7964,imunidade,imunidade,imunidade,B6,B6,noun,freq_corpus,0,7053,C1,B6,C1,imunidade,0
7965,protector,protector,protector,B6,B6,noun,freq_corpus,0,7054,C1,B6,C1,protector,0
7966,gostasse,gostasse,gostasse,B6,B6,noun,freq_corpus,0,7056,C1,B6,C1,gostasse,0
7967,desaparecidos,desaparecidos,desaparecidos,B6,B6,noun,freq_corpus,0,7057,C1,B6,C1,desaparecidos,0
7968,terminamos,terminamos,terminamos,B6,B6,noun,freq_corpus,0,7058,C1,B6,C1,terminamos,0
7969,quarentena,quarentena,quarentena,B6,B6,noun,freq_corpus,0,7060,C1,B6,C1,quarentena,0
7970,salvaste,salvaste,salvaste,B6,B6,noun,freq_corpus,0,7061,C1,B6,C1,salvaste,0
7971,toquem,toquem,toquem,B6,B6,noun,freq_corpus,0,7062,C1,B6,C1,toquem,0
7972,visitantes,visitantes,visitantes,B6,B6,noun,freq_corpus,0,7063,C1,B6,C1,visitantes,0
7973,pop,pop,pop,B6,B6,noun,freq_corpus,0,7064,C1,B6,C1,pop,0
7974,voyager,voyager,voyager,B6,B6,noun,freq_corpus,0,7065,C1,B6,C1,voyager,0
7975,"terça","terça","terça",B6,B6,noun,freq_corpus,0,7068,C1,B6,C1,"terça",0
7976,ellis,ellis,ellis,B6,B6,noun,freq_corpus,0,7069,C1,B6,C1,ellis,0
7977,permanece,permanece,permanece,B6,B6,noun,freq_corpus,0,7070,C1,B6,C1,permanece,0
7978,largo,largo,largo,B6,B6,noun,freq_corpus,0,7071,C1,B6,C1,largo,0
7979,"orações","orações","orações",B6,B6,noun,freq_corpus,0,7072,C1,B6,C1,"orações",0
7980,admiro,admiro,admiro,B6,B6,noun,freq_corpus,0,7073,C1,B6,C1,admiro,0
7981,canais,canais,canais,B6,B6,noun,freq_corpus,0,7074,C1,B6,C1,canais,0
7982,masculino,masculino,masculino,B6,B6,noun,freq_corpus,0,7075,C1,B6,C1,masculino,0
7983,rogers,rogers,rogers,B6,B6,noun,freq_corpus,0,7077,C1,B6,C1,rogers,0
7984,bernard,bernard,bernard,B6,B6,noun,freq_corpus,0,7078,C1,B6,C1,bernard,0
7985,gelados,gelados,gelados,B6,B6,noun,freq_corpus,0,7079,C1,B6,C1,gelados,0
7986,guardado,guardado,guardado,B6,B6,noun,freq_corpus,0,7080,C1,B6,C1,guardado,0
7987,einstein,einstein,einstein,B6,B6,noun,freq_corpus,0,7081,C1,B6,C1,einstein,0
7988,excelentes,excelentes,excelentes,B6,B6,noun,freq_corpus,0,7082,C1,B6,C1,excelentes,0
7989,morder,morder,morder,B6,B6,noun,freq_corpus,0,7083,C1,B6,C1,morder,0
7990,activar,activar,activar,B6,B6,noun,freq_corpus,0,7085,C1,B6,C1,activar,0
7991,colheita,colheita,colheita,B6,B6,noun,freq_corpus,0,7087,C1,B6,C1,colheita,0
7992,evans,evans,evans,B6,B6,noun,freq_corpus,0,7088,C1,B6,C1,evans,0
7993,honestidade,honestidade,honestidade,B6,B6,noun,freq_corpus,0,7089,C1,B6,C1,honestidade,0
7994,envolvimento,envolvimento,envolvimento,B6,B6,noun,freq_corpus,0,7091,C1,B6,C1,envolvimento,0
7995,liv,liv,liv,B6,B6,noun,freq_corpus,0,7092,C1,B6,C1,liv,0
7996,pararam,pararam,pararam,B6,B6,noun,freq_corpus,0,7093,C1,B6,C1,pararam,0
7997,executivo,executivo,executivo,B6,B6,noun,freq_corpus,0,7094,C1,B6,C1,executivo,0
7998,ordenou,ordenou,ordenou,B6,B6,noun,freq_corpus,0,7096,C1,B6,C1,ordenou,0
7999,torta,torta,torta,B6,B6,noun,freq_corpus,0,7097,C1,B6,C1,torta,0
8000,enviada,enviada,enviada,B6,B6,noun,freq_corpus,0,7098,C1,B6,C1,enviada,0
8001,cassie,cassie,cassie,B6,B6,noun,freq_corpus,0,7099,C1,B6,C1,cassie,0
8002,adeusinho,adeusinho,adeusinho,B6,B6,noun,freq_corpus,0,7100,C1,B6,C1,adeusinho,0
8003,fronteiras,fronteiras,fronteiras,B6,B6,noun,freq_corpus,0,7101,C1,B6,C1,fronteiras,0
8004,pedidos,pedidos,pedidos,B6,B6,noun,freq_corpus,0,7102,C1,B6,C1,pedidos,0
8005,"inúteis","inúteis","inúteis",B6,B6,noun,freq_corpus,0,7103,C1,B6,C1,"inúteis",0
8006,excesso,excesso,excesso,B6,B6,noun,freq_corpus,0,7104,C1,B6,C1,excesso,0
8007,tinhamos,tinhamos,tinhamos,B6,B6,noun,freq_corpus,0,7105,C1,B6,C1,tinhamos,0
8008,rim,rim,rim,B6,B6,noun,freq_corpus,0,7106,C1,B6,C1,rim,0
8009,"carvão","carvão","carvão",B6,B6,noun,freq_corpus,0,7108,C1,B6,C1,"carvão",0
8010,pilotar,pilotar,pilotar,B6,B6,noun,freq_corpus,0,7109,C1,B6,C1,pilotar,0
8011,elevado,elevado,elevado,B6,B6,noun,freq_corpus,0,7110,C1,B6,C1,elevado,0
8012,chen,chen,chen,B6,B6,noun,freq_corpus,0,7111,C1,B6,C1,chen,0
8013,tao,tao,tao,B6,B6,noun,freq_corpus,0,7113,C1,B6,C1,tao,0
8014,morro,morro,morro,B6,B6,noun,freq_corpus,0,7114,C1,B6,C1,morro,0
8015,enlouquecer,enlouquecer,enlouquecer,B6,B6,noun,freq_corpus,0,7115,C1,B6,C1,enlouquecer,0
8016,fechem,fechem,fechem,B6,B6,noun,freq_corpus,0,7116,C1,B6,C1,fechem,0
8017,honrado,honrado,honrado,B6,B6,noun,freq_corpus,0,7118,C1,B6,C1,honrado,0
8018,mayor,mayor,mayor,B6,B6,noun,freq_corpus,0,7119,C1,B6,C1,mayor,0
8019,keller,keller,keller,B6,B6,noun,freq_corpus,0,7121,C1,B6,C1,keller,0
8020,havemos,havemos,havemos,B6,B6,noun,freq_corpus,0,7122,C1,B6,C1,havemos,0
8021,terrestre,terrestre,terrestre,B6,B6,noun,freq_corpus,0,7124,C1,B6,C1,terrestre,0
8022,oferece,oferece,oferece,B6,B6,noun,freq_corpus,0,7125,C1,B6,C1,oferece,0
8023,assinado,assinado,assinado,B6,B6,noun,freq_corpus,0,7126,C1,B6,C1,assinado,0
8024,transformou,transformou,transformou,B6,B6,noun,freq_corpus,0,7127,C1,B6,C1,transformou,0
8025,prever,prever,prever,B6,B6,noun,freq_corpus,0,7128,C1,B6,C1,prever,0
8026,jared,jared,jared,B6,B6,noun,freq_corpus,0,7130,C1,B6,C1,jared,0
8027,chamaram,chamaram,chamaram,B6,B6,noun,freq_corpus,0,7132,C1,B6,C1,chamaram,0
8028,culpados,culpados,culpados,B6,B6,noun,freq_corpus,0,7133,C1,B6,C1,culpados,0
8029,belos,belos,belos,B6,B6,noun,freq_corpus,0,7135,C1,B6,C1,belos,0
8030,humanas,humanas,humanas,B6,B6,noun,freq_corpus,0,7136,C1,B6,C1,humanas,0
8031,"desapareça","desapareça","desapareça",B6,B6,noun,freq_corpus,0,7137,C1,B6,C1,"desapareça",0
8032,"evacuação","evacuação","evacuação",B6,B6,noun,freq_corpus,0,7138,C1,B6,C1,"evacuação",0
8033,trem,trem,trem,B6,B6,noun,freq_corpus,0,7140,C1,B6,C1,trem,0
8034,bones,bones,bones,B6,B6,noun,freq_corpus,0,7141,C1,B6,C1,bones,0
8035,mandy,mandy,mandy,B6,B6,noun,freq_corpus,0,7144,C1,B6,C1,mandy,0
8036,precisei,precisei,precisei,B6,B6,noun,freq_corpus,0,7146,C1,B6,C1,precisei,0
8037,"sermão","sermão","sermão",B6,B6,noun,freq_corpus,0,7147,C1,B6,C1,"sermão",0
8038,preocupo,preocupo,preocupo,B6,B6,noun,freq_corpus,0,7148,C1,B6,C1,preocupo,0
8039,"notável","notável","notável",B6,B6,noun,freq_corpus,0,7150,C1,B6,C1,"notável",0
8040,"deixará","deixará","deixará",B6,B6,noun,freq_corpus,0,7151,C1,B6,C1,"deixará",0
8041,necessito,necessito,necessito,B6,B6,noun,freq_corpus,0,7152,C1,B6,C1,necessito,0
8042,policiais,policiais,policiais,B6,B6,noun,freq_corpus,0,7153,C1,B6,C1,policiais,0
8043,tintas,tintas,tintas,B6,B6,noun,freq_corpus,0,7156,C1,B6,C1,tintas,0
8044,"cardíaca","cardíaca","cardíaca",B6,B6,noun,freq_corpus,0,7157,C1,B6,C1,"cardíaca",0
8045,faixa,faixa,faixa,B6,B6,noun,freq_corpus,0,7159,C1,B6,C1,faixa,0
8046,dawn,dawn,dawn,B6,B6,noun,freq_corpus,0,7160,C1,B6,C1,dawn,0
8047,deviamos,deviamos,deviamos,B6,B6,noun,freq_corpus,0,7161,C1,B6,C1,deviamos,0
8048,diminuir,diminuir,diminuir,B6,B6,noun,freq_corpus,0,7162,C1,B6,C1,diminuir,0
8049,abertas,abertas,abertas,B6,B6,noun,freq_corpus,0,7164,C1,B6,C1,abertas,0
8050,culto,culto,culto,B6,B6,noun,freq_corpus,0,7166,C1,B6,C1,culto,0
8051,camaradas,camaradas,camaradas,B6,B6,noun,freq_corpus,0,7167,C1,B6,C1,camaradas,0
8052,aconteceram,aconteceram,aconteceram,B6,B6,noun,freq_corpus,0,7168,C1,B6,C1,aconteceram,0
8053,finalistas,finalistas,finalistas,B6,B6,noun,freq_corpus,0,7170,C1,B6,C1,finalistas,0
8054,durou,durou,durou,B6,B6,noun,freq_corpus,0,7171,C1,B6,C1,durou,0
8055,tratava,tratava,tratava,B6,B6,noun,freq_corpus,0,7172,C1,B6,C1,tratava,0
8056,"injecção","injecção","injecção",B6,B6,noun,freq_corpus,0,7173,C1,B6,C1,"injecção",0
8057,roll,roll,roll,B6,B6,noun,freq_corpus,0,7174,C1,B6,C1,roll,0
8058,limpas,limpas,limpas,B6,B6,noun,freq_corpus,0,7175,C1,B6,C1,limpas,0
8059,bebes,bebes,bebes,B6,B6,noun,freq_corpus,0,7176,C1,B6,C1,bebes,0
8060,ovelhas,ovelhas,ovelhas,B6,B6,noun,freq_corpus,0,7178,C1,B6,C1,ovelhas,0
8061,porno,porno,porno,B6,B6,noun,freq_corpus,0,7179,C1,B6,C1,porno,0
8062,comprador,comprador,comprador,B6,B6,noun,freq_corpus,0,7180,C1,B6,C1,comprador,0
8063,woody,woody,woody,B6,B6,noun,freq_corpus,0,7181,C1,B6,C1,woody,0
8064,kathy,kathy,kathy,B6,B6,noun,freq_corpus,0,7182,C1,B6,C1,kathy,0
8065,finge,finge,finge,B6,B6,noun,freq_corpus,0,7184,C1,B6,C1,finge,0
8066,overdose,overdose,overdose,B6,B6,noun,freq_corpus,0,7186,C1,B6,C1,overdose,0
8067,crescido,crescido,crescido,B6,B6,noun,freq_corpus,0,7187,C1,B6,C1,crescido,0
8068,gostado,gostado,gostado,B6,B6,noun,freq_corpus,0,7188,C1,B6,C1,gostado,0
8069,tornozelo,tornozelo,tornozelo,B6,B6,noun,freq_corpus,0,7189,C1,B6,C1,tornozelo,0
8070,nsa,nsa,nsa,B6,B6,noun,freq_corpus,0,7190,C1,B6,C1,nsa,0
8071,campus,campus,campus,B6,B6,noun,freq_corpus,0,7191,C1,B6,C1,campus,0
8072,malvado,malvado,malvado,B6,B6,noun,freq_corpus,0,7192,C1,B6,C1,malvado,0
8073,tomamos,tomamos,tomamos,B6,B6,noun,freq_corpus,0,7193,C1,B6,C1,tomamos,0
8074,tatuagens,tatuagens,tatuagens,B6,B6,noun,freq_corpus,0,7195,C1,B6,C1,tatuagens,0
8075,moore,moore,moore,B6,B6,noun,freq_corpus,0,7196,C1,B6,C1,moore,0
8076,"óptimos","óptimos","óptimos",B6,B6,noun,freq_corpus,0,7197,C1,B6,C1,"óptimos",0
8077,hans,hans,hans,B6,B6,noun,freq_corpus,0,7198,C1,B6,C1,hans,0
8078,conhecesse,conhecesse,conhecesse,B6,B6,noun,freq_corpus,0,7199,C1,B6,C1,conhecesse,0
8079,dvd,dvd,dvd,B6,B6,noun,freq_corpus,0,7201,C1,B6,C1,dvd,0
8080,sobrevivente,sobrevivente,sobrevivente,B6,B6,noun,freq_corpus,0,7202,C1,B6,C1,sobrevivente,0
8081,hills,hills,hills,B6,B6,noun,freq_corpus,0,7204,C1,B6,C1,hills,0
8082,river,river,river,B6,B6,noun,freq_corpus,0,7205,C1,B6,C1,river,0
8083,pequenino,pequenino,pequenino,B6,B6,noun,freq_corpus,0,7206,C1,B6,C1,pequenino,0
8084,surpreende,surpreende,surpreende,B6,B6,noun,freq_corpus,0,7207,C1,B6,C1,surpreende,0
8085,dorothy,dorothy,dorothy,B6,B6,noun,freq_corpus,0,7208,C1,B6,C1,dorothy,0
8086,impressionar,impressionar,impressionar,B6,B6,noun,freq_corpus,0,7209,C1,B6,C1,impressionar,0
8087,condenados,condenados,condenados,B6,B6,noun,freq_corpus,0,7210,C1,B6,C1,condenados,0
8088,eleanor,eleanor,eleanor,B6,B6,noun,freq_corpus,0,7211,C1,B6,C1,eleanor,0
8089,manchas,manchas,manchas,B6,B6,noun,freq_corpus,0,7212,C1,B6,C1,manchas,0
8090,andavam,andavam,andavam,B6,B6,noun,freq_corpus,0,7213,C1,B6,C1,andavam,0
8091,esperavas,esperavas,esperavas,B6,B6,noun,freq_corpus,0,7214,C1,B6,C1,esperavas,0
8092,"iríamos","iríamos","iríamos",B6,B6,noun,freq_corpus,0,7215,C1,B6,C1,"iríamos",0
8093,chora,chora,chora,B6,B6,noun,freq_corpus,0,7216,C1,B6,C1,chora,0
8094,perigosas,perigosas,perigosas,B6,B6,noun,freq_corpus,0,7217,C1,B6,C1,perigosas,0
8095,guarde,guarde,guarde,B6,B6,noun,freq_corpus,0,7218,C1,B6,C1,guarde,0
8096,unir,unir,unir,B6,B6,noun,freq_corpus,0,7219,C1,B6,C1,unir,0
8097,estacionar,estacionar,estacionar,B6,B6,noun,freq_corpus,0,7220,C1,B6,C1,estacionar,0
8098,delicado,delicado,delicado,B6,B6,noun,freq_corpus,0,7221,C1,B6,C1,delicado,0
8099,nazi,nazi,nazi,B6,B6,noun,freq_corpus,0,7222,C1,B6,C1,nazi,0
8100,animado,animado,animado,B6,B6,noun,freq_corpus,0,7224,C1,B6,C1,animado,0
8101,"voluntário","voluntário","voluntário",B6,B6,noun,freq_corpus,0,7225,C1,B6,C1,"voluntário",0
8102,asneiras,asneiras,asneiras,B6,B6,noun,freq_corpus,0,7226,C1,B6,C1,asneiras,0
8103,lotaria,lotaria,lotaria,B6,B6,noun,freq_corpus,0,7227,C1,B6,C1,lotaria,0
8104,abandonada,abandonada,abandonada,B6,B6,noun,freq_corpus,0,7228,C1,B6,C1,abandonada,0
8105,enganou,enganou,enganou,B6,B6,noun,freq_corpus,0,7229,C1,B6,C1,enganou,0
8106,pontas,pontas,pontas,B6,B6,noun,freq_corpus,0,7231,C1,B6,C1,pontas,0
8107,salvei,salvei,salvei,B6,B6,noun,freq_corpus,0,7232,C1,B6,C1,salvei,0
8108,captura,captura,captura,B6,B6,noun,freq_corpus,0,7234,C1,B6,C1,captura,0
8109,gajas,gajas,gajas,B6,B6,noun,freq_corpus,0,7235,C1,B6,C1,gajas,0
8110,surpreso,surpreso,surpreso,B6,B6,noun,freq_corpus,0,7236,C1,B6,C1,surpreso,0
8111,"voltámos","voltámos","voltámos",B6,B6,noun,freq_corpus,0,7237,C1,B6,C1,"voltámos",0
8112,jefferson,jefferson,jefferson,B6,B6,noun,freq_corpus,0,7238,C1,B6,C1,jefferson,0
8113,valha,valha,valha,B6,B6,noun,freq_corpus,0,7239,C1,B6,C1,valha,0
8114,marvin,marvin,marvin,B6,B6,noun,freq_corpus,0,7240,C1,B6,C1,marvin,0
8115,fino,fino,fino,B6,B6,noun,freq_corpus,0,7241,C1,B6,C1,fino,0
8116,enganados,enganados,enganados,B6,B6,noun,freq_corpus,0,7244,C1,B6,C1,enganados,0
8117,wow,wow,wow,B6,B6,noun,freq_corpus,0,7246,C1,B6,C1,wow,0
8118,limpos,limpos,limpos,B6,B6,noun,freq_corpus,0,7247,C1,B6,C1,limpos,0
8119,auxiliar,auxiliar,auxiliar,B6,B6,noun,freq_corpus,0,7248,C1,B6,C1,auxiliar,0
8120,orgulhosos,orgulhosos,orgulhosos,B6,B6,noun,freq_corpus,0,7249,C1,B6,C1,orgulhosos,0
8121,wall,wall,wall,B6,B6,noun,freq_corpus,0,7250,C1,B6,C1,wall,0
8122,churrasco,churrasco,churrasco,B6,B6,noun,freq_corpus,0,7251,C1,B6,C1,churrasco,0
8123,estudei,estudei,estudei,B6,B6,noun,freq_corpus,0,7253,C1,B6,C1,estudei,0
8124,seguidores,seguidores,seguidores,B6,B6,noun,freq_corpus,0,7254,C1,B6,C1,seguidores,0
8125,madrugada,madrugada,madrugada,B6,B6,noun,freq_corpus,0,7255,C1,B6,C1,madrugada,0
8126,marijuana,marijuana,marijuana,B6,B6,noun,freq_corpus,0,7258,C1,B6,C1,marijuana,0
8127,"bónus","bónus","bónus",B6,B6,noun,freq_corpus,0,7259,C1,B6,C1,"bónus",0
8128,realizador,realizador,realizador,B6,B6,noun,freq_corpus,0,7260,C1,B6,C1,realizador,0
8129,ligas,ligas,ligas,B6,B6,noun,freq_corpus,0,7262,C1,B6,C1,ligas,0
8130,longas,longas,longas,B6,B6,noun,freq_corpus,0,7263,C1,B6,C1,longas,0
8131,abatido,abatido,abatido,B6,B6,noun,freq_corpus,0,7264,C1,B6,C1,abatido,0
8132,ringue,ringue,ringue,B6,B6,noun,freq_corpus,0,7265,C1,B6,C1,ringue,0
8133,young,young,young,B6,B6,noun,freq_corpus,0,7267,C1,B6,C1,young,0
8134,positiva,positiva,positiva,B6,B6,noun,freq_corpus,0,7268,C1,B6,C1,positiva,0
8135,corredores,corredores,corredores,B6,B6,noun,freq_corpus,0,7269,C1,B6,C1,corredores,0
8136,toco,toco,toco,B6,B6,noun,freq_corpus,0,7270,C1,B6,C1,toco,0
8137,vermos,vermos,vermos,B6,B6,noun,freq_corpus,0,7273,C1,B6,C1,vermos,0
8138,cuido,cuido,cuido,B6,B6,noun,freq_corpus,0,7275,C1,B6,C1,cuido,0
8139,warp,warp,warp,B6,B6,noun,freq_corpus,0,7276,C1,B6,C1,warp,0
8140,expectativas,expectativas,expectativas,B6,B6,noun,freq_corpus,0,7277,C1,B6,C1,expectativas,0
8141,queens,queens,queens,B6,B6,noun,freq_corpus,0,7279,C1,B6,C1,queens,0
8142,"voluntários","voluntários","voluntários",B6,B6,noun,freq_corpus,0,7280,C1,B6,C1,"voluntários",0
8143,pijama,pijama,pijama,B6,B6,noun,freq_corpus,0,7281,C1,B6,C1,pijama,0
8144,detroit,detroit,detroit,B6,B6,noun,freq_corpus,0,7282,C1,B6,C1,detroit,0
8145,halloween,halloween,halloween,B6,B6,noun,freq_corpus,0,7284,C1,B6,C1,halloween,0
8146,notar,notar,notar,B6,B6,noun,freq_corpus,0,7285,C1,B6,C1,notar,0
8147,pastilha,pastilha,pastilha,B6,B6,noun,freq_corpus,0,7286,C1,B6,C1,pastilha,0
8148,hammond,hammond,hammond,B6,B6,noun,freq_corpus,0,7287,C1,B6,C1,hammond,0
8149,satisfeita,satisfeita,satisfeita,B6,B6,noun,freq_corpus,0,7289,C1,B6,C1,satisfeita,0
8150,aliviar,aliviar,aliviar,B6,B6,noun,freq_corpus,0,7291,C1,B6,C1,aliviar,0
8151,estreia,estreia,estreia,B6,B6,noun,freq_corpus,0,7292,C1,B6,C1,estreia,0
8152,"tás","tás","tás",B6,B6,noun,freq_corpus,0,7294,C1,B6,C1,"tás",0
8153,tubos,tubos,tubos,B6,B6,noun,freq_corpus,0,7295,C1,B6,C1,tubos,0
8154,salas,salas,salas,B6,B6,noun,freq_corpus,0,7296,C1,B6,C1,salas,0
8155,litros,litros,litros,B6,B6,noun,freq_corpus,0,7297,C1,B6,C1,litros,0
8156,confirma,confirma,confirma,B6,B6,noun,freq_corpus,0,7298,C1,B6,C1,confirma,0
8157,"tímido","tímido","tímido",B6,B6,noun,freq_corpus,0,7300,C1,B6,C1,"tímido",0
8158,encontras,encontras,encontras,B6,B6,noun,freq_corpus,0,7301,C1,B6,C1,encontras,0
8159,"romântica","romântica","romântica",B6,B6,noun,freq_corpus,0,7302,C1,B6,C1,"romântica",0
8160,acampar,acampar,acampar,B6,B6,noun,freq_corpus,0,7304,C1,B6,C1,acampar,0
8161,bunker,bunker,bunker,B6,B6,noun,freq_corpus,0,7306,C1,B6,C1,bunker,0
8162,confirmou,confirmou,confirmou,B6,B6,noun,freq_corpus,0,7307,C1,B6,C1,confirmou,0
8163,"bébé","bébé","bébé",B6,B6,noun,freq_corpus,0,7308,C1,B6,C1,"bébé",0
8164,"legítima","legítima","legítima",B6,B6,noun,freq_corpus,0,7309,C1,B6,C1,"legítima",0
8165,declarar,declarar,declarar,B6,B6,noun,freq_corpus,0,7310,C1,B6,C1,declarar,0
8166,"opiniões","opiniões","opiniões",B6,B6,noun,freq_corpus,0,7311,C1,B6,C1,"opiniões",0
8167,erin,erin,erin,B6,B6,noun,freq_corpus,0,7312,C1,B6,C1,erin,0
8168,"diferenças","diferenças","diferenças",B6,B6,noun,freq_corpus,0,7313,C1,B6,C1,"diferenças",0
8169,contentor,contentor,contentor,B6,B6,noun,freq_corpus,0,7315,C1,B6,C1,contentor,0
8170,destinado,destinado,destinado,B6,B6,noun,freq_corpus,0,7317,C1,B6,C1,destinado,0
8171,insiste,insiste,insiste,B6,B6,noun,freq_corpus,0,7318,C1,B6,C1,insiste,0
8172,south,south,south,B6,B6,noun,freq_corpus,0,7319,C1,B6,C1,south,0
8173,necessita,necessita,necessita,B6,B6,noun,freq_corpus,0,7320,C1,B6,C1,necessita,0
8174,"ruído","ruído","ruído",B6,B6,noun,freq_corpus,0,7321,C1,B6,C1,"ruído",0
8175,"alienígenas","alienígenas","alienígenas",B6,B6,noun,freq_corpus,0,7322,C1,B6,C1,"alienígenas",0
8176,comparado,comparado,comparado,B6,B6,noun,freq_corpus,0,7323,C1,B6,C1,comparado,0
8177,cuide,cuide,cuide,B6,B6,noun,freq_corpus,0,7324,C1,B6,C1,cuide,0
8178,thor,thor,thor,B6,B6,noun,freq_corpus,0,7325,C1,B6,C1,thor,0
8179,loucas,loucas,loucas,B6,B6,noun,freq_corpus,0,7326,C1,B6,C1,loucas,0
8180,"laço","laço","laço",B6,B6,noun,freq_corpus,0,7327,C1,B6,C1,"laço",0
8181,"negociações","negociações","negociações",B6,B6,noun,freq_corpus,0,7328,C1,B6,C1,"negociações",0
8182,happy,happy,happy,B6,B6,noun,freq_corpus,0,7329,C1,B6,C1,happy,0
8183,ervas,ervas,ervas,B6,B6,noun,freq_corpus,0,7330,C1,B6,C1,ervas,0
8184,sucedido,sucedido,sucedido,B6,B6,noun,freq_corpus,0,7331,C1,B6,C1,sucedido,0
8185,pague,pague,pague,B6,B6,noun,freq_corpus,0,7332,C1,B6,C1,pague,0
8186,preciosa,preciosa,preciosa,B6,B6,noun,freq_corpus,0,7333,C1,B6,C1,preciosa,0
8187,phillip,phillip,phillip,B6,B6,noun,freq_corpus,0,7334,C1,B6,C1,phillip,0
8188,batalhas,batalhas,batalhas,B6,B6,noun,freq_corpus,0,7335,C1,B6,C1,batalhas,0
8189,reza,reza,reza,B6,B6,noun,freq_corpus,0,7336,C1,B6,C1,reza,0
8190,pipocas,pipocas,pipocas,B6,B6,noun,freq_corpus,0,7338,C1,B6,C1,pipocas,0
8191,demasiados,demasiados,demasiados,B6,B6,noun,freq_corpus,0,7339,C1,B6,C1,demasiados,0
8192,avatar,avatar,avatar,B6,B6,noun,freq_corpus,0,7340,C1,B6,C1,avatar,0
8193,dedicado,dedicado,dedicado,B6,B6,noun,freq_corpus,0,7341,C1,B6,C1,dedicado,0
8194,laurel,laurel,laurel,B6,B6,noun,freq_corpus,0,7342,C1,B6,C1,laurel,0
8195,phoenix,phoenix,phoenix,B6,B6,noun,freq_corpus,0,7343,C1,B6,C1,phoenix,0
8196,atrevas,atrevas,atrevas,B6,B6,noun,freq_corpus,0,7344,C1,B6,C1,atrevas,0
8197,"satanás","satanás","satanás",B6,B6,noun,freq_corpus,0,7345,C1,B6,C1,"satanás",0
8198,primos,primos,primos,B6,B6,noun,freq_corpus,0,7346,C1,B6,C1,primos,0
8199,garras,garras,garras,B6,B6,noun,freq_corpus,0,7348,C1,B6,C1,garras,0
8200,amelia,amelia,amelia,B6,B6,noun,freq_corpus,0,7350,C1,B6,C1,amelia,0
8201,trazem,trazem,trazem,B6,B6,noun,freq_corpus,0,7351,C1,B6,C1,trazem,0
8202,dormido,dormido,dormido,B6,B6,noun,freq_corpus,0,7352,C1,B6,C1,dormido,0
8203,cacifo,cacifo,cacifo,B6,B6,noun,freq_corpus,0,7355,C1,B6,C1,cacifo,0
8204,cortada,cortada,cortada,B6,B6,noun,freq_corpus,0,7356,C1,B6,C1,cortada,0
8205,concordamos,concordamos,concordamos,B6,B6,noun,freq_corpus,0,7357,C1,B6,C1,concordamos,0
8206,percurso,percurso,percurso,B6,B6,noun,freq_corpus,0,7358,C1,B6,C1,percurso,0
8207,vivido,vivido,vivido,B6,B6,noun,freq_corpus,0,7360,C1,B6,C1,vivido,0
8208,cruzar,cruzar,cruzar,B6,B6,noun,freq_corpus,0,7362,C1,B6,C1,cruzar,0
8209,filmagens,filmagens,filmagens,B6,B6,noun,freq_corpus,0,7363,C1,B6,C1,filmagens,0
8210,sesta,sesta,sesta,B6,B6,noun,freq_corpus,0,7366,C1,B6,C1,sesta,0
8211,wally,wally,wally,B6,B6,noun,freq_corpus,0,7367,C1,B6,C1,wally,0
8212,stevie,stevie,stevie,B6,B6,noun,freq_corpus,0,7369,C1,B6,C1,stevie,0
8213,facebook,facebook,facebook,B6,B6,noun,freq_corpus,0,7370,C1,B6,C1,facebook,0
8214,verme,verme,verme,B6,B6,noun,freq_corpus,0,7372,C1,B6,C1,verme,0
8215,pervertido,pervertido,pervertido,B6,B6,noun,freq_corpus,0,7373,C1,B6,C1,pervertido,0
8216,gatinho,gatinho,gatinho,B6,B6,noun,freq_corpus,0,7374,C1,B6,C1,gatinho,0
8217,"episódios","episódios","episódios",B6,B6,noun,freq_corpus,0,7375,C1,B6,C1,"episódios",0
8218,correndo,correndo,correndo,B6,B6,noun,freq_corpus,0,7377,C1,B6,C1,correndo,0
8219,garotos,garotos,garotos,B6,B6,noun,freq_corpus,0,7378,C1,B6,C1,garotos,0
8220,iris,iris,iris,B6,B6,noun,freq_corpus,0,7379,C1,B6,C1,iris,0
8221,judicial,judicial,judicial,B6,B6,noun,freq_corpus,0,7380,C1,B6,C1,judicial,0
8222,perguntes,perguntes,perguntes,B6,B6,noun,freq_corpus,0,7381,C1,B6,C1,perguntes,0
8223,sexto,sexto,sexto,B6,B6,noun,freq_corpus,0,7382,C1,B6,C1,sexto,0
8224,correctamente,correctamente,correctamente,B6,B6,noun,freq_corpus,0,7384,C1,B6,C1,correctamente,0
8225,seguintes,seguintes,seguintes,B6,B6,noun,freq_corpus,0,7385,C1,B6,C1,seguintes,0
8226,world,world,world,B6,B6,noun,freq_corpus,0,7386,C1,B6,C1,world,0
8227,actores,actores,actores,B6,B6,noun,freq_corpus,0,7388,C1,B6,C1,actores,0
8228,county,county,county,B6,B6,noun,freq_corpus,0,7389,C1,B6,C1,county,0
8229,moderno,moderno,moderno,B6,B6,noun,freq_corpus,0,7390,C1,B6,C1,moderno,0
8230,"mantêm","mantêm","mantêm",B6,B6,noun,freq_corpus,0,7392,C1,B6,C1,"mantêm",0
8231,shakespeare,shakespeare,shakespeare,B6,B6,noun,freq_corpus,0,7393,C1,B6,C1,shakespeare,0
8232,boatos,boatos,boatos,B6,B6,noun,freq_corpus,0,7394,C1,B6,C1,boatos,0
8233,tratam,tratam,tratam,B6,B6,noun,freq_corpus,0,7395,C1,B6,C1,tratam,0
8234,ensaiar,ensaiar,ensaiar,B6,B6,noun,freq_corpus,0,7396,C1,B6,C1,ensaiar,0
8235,extremo,extremo,extremo,B6,B6,noun,freq_corpus,0,7397,C1,B6,C1,extremo,0
8236,magoe,magoe,magoe,B6,B6,noun,freq_corpus,0,7400,C1,B6,C1,magoe,0
8237,ajudaria,ajudaria,ajudaria,B6,B6,noun,freq_corpus,0,7402,C1,B6,C1,ajudaria,0
8238,golpes,golpes,golpes,B6,B6,noun,freq_corpus,0,7403,C1,B6,C1,golpes,0
8239,assumo,assumo,assumo,B6,B6,noun,freq_corpus,0,7404,C1,B6,C1,assumo,0
8240,netos,netos,netos,B6,B6,noun,freq_corpus,0,7405,C1,B6,C1,netos,0
8241,morfina,morfina,morfina,B6,B6,noun,freq_corpus,0,7406,C1,B6,C1,morfina,0
8242,cachorros,cachorros,cachorros,B6,B6,noun,freq_corpus,0,7407,C1,B6,C1,cachorros,0
8243,"indivíduos","indivíduos","indivíduos",B6,B6,noun,freq_corpus,0,7409,C1,B6,C1,"indivíduos",0
8244,mates,mates,mates,B6,B6,noun,freq_corpus,0,7410,C1,B6,C1,mates,0
8245,"refúgio","refúgio","refúgio",B6,B6,noun,freq_corpus,0,7411,C1,B6,C1,"refúgio",0
8246,amiguinho,amiguinho,amiguinho,B6,B6,noun,freq_corpus,0,7412,C1,B6,C1,amiguinho,0
8247,gideon,gideon,gideon,B6,B6,noun,freq_corpus,0,7413,C1,B6,C1,gideon,0
8248,vendi,vendi,vendi,B6,B6,noun,freq_corpus,0,7414,C1,B6,C1,vendi,0
8249,eterno,eterno,eterno,B6,B6,noun,freq_corpus,0,7415,C1,B6,C1,eterno,0
8250,"fôlego","fôlego","fôlego",B6,B6,noun,freq_corpus,0,7416,C1,B6,C1,"fôlego",0
8251,"actuação","actuação","actuação",B6,B6,noun,freq_corpus,0,7417,C1,B6,C1,"actuação",0
8252,"destrói","destrói","destrói",B6,B6,noun,freq_corpus,0,7418,C1,B6,C1,"destrói",0
8253,aluna,aluna,aluna,B6,B6,noun,freq_corpus,0,7419,C1,B6,C1,aluna,0
8254,trouxemos,trouxemos,trouxemos,B6,B6,noun,freq_corpus,0,7420,C1,B6,C1,trouxemos,0
8255,reggie,reggie,reggie,B6,B6,noun,freq_corpus,0,7421,C1,B6,C1,reggie,0
8256,sentires,sentires,sentires,B6,B6,noun,freq_corpus,0,7422,C1,B6,C1,sentires,0
8257,pacto,pacto,pacto,B6,B6,noun,freq_corpus,0,7423,C1,B6,C1,pacto,0
8258,larguem,larguem,larguem,B6,B6,noun,freq_corpus,0,7424,C1,B6,C1,larguem,0
8259,gravado,gravado,gravado,B6,B6,noun,freq_corpus,0,7425,C1,B6,C1,gravado,0
8260,atacados,atacados,atacados,B6,B6,noun,freq_corpus,0,7426,C1,B6,C1,atacados,0
8261,contares,contares,contares,B6,B6,noun,freq_corpus,0,7428,C1,B6,C1,contares,0
8262,etc,etc,etc,B6,B6,noun,freq_corpus,0,7429,C1,B6,C1,etc,0
8263,avancem,avancem,avancem,B6,B6,noun,freq_corpus,0,7430,C1,B6,C1,avancem,0
8264,pensavam,pensavam,pensavam,B6,B6,noun,freq_corpus,0,7431,C1,B6,C1,pensavam,0
8265,estragos,estragos,estragos,B6,B6,noun,freq_corpus,0,7432,C1,B6,C1,estragos,0
8266,chegas,chegas,chegas,B6,B6,noun,freq_corpus,0,7433,C1,B6,C1,chegas,0
8267,"benefícios","benefícios","benefícios",B6,B6,noun,freq_corpus,0,7434,C1,B6,C1,"benefícios",0
8268,cat,cat,cat,B6,B6,noun,freq_corpus,0,7435,C1,B6,C1,cat,0
8269,apaga,apaga,apaga,B6,B6,noun,freq_corpus,0,7437,C1,B6,C1,apaga,0
8270,fujam,fujam,fujam,B6,B6,noun,freq_corpus,0,7438,C1,B6,C1,fujam,0
8271,andavas,andavas,andavas,B6,B6,noun,freq_corpus,0,7440,C1,B6,C1,andavas,0
8272,tareia,tareia,tareia,B6,B6,noun,freq_corpus,0,7441,C1,B6,C1,tareia,0
8273,deita,deita,deita,B6,B6,noun,freq_corpus,0,7442,C1,B6,C1,deita,0
8274,ponhas,ponhas,ponhas,B6,B6,noun,freq_corpus,0,7443,C1,B6,C1,ponhas,0
8275,reconstruir,reconstruir,reconstruir,B6,B6,noun,freq_corpus,0,7444,C1,B6,C1,reconstruir,0
8276,cometido,cometido,cometido,B6,B6,noun,freq_corpus,0,7445,C1,B6,C1,cometido,0
8277,"anéis","anéis","anéis",B6,B6,noun,freq_corpus,0,7447,C1,B6,C1,"anéis",0
8278,recebem,recebem,recebem,B6,B6,noun,freq_corpus,0,7448,C1,B6,C1,recebem,0
8279,"rené","rené","rené",B6,B6,noun,freq_corpus,0,7449,C1,B6,C1,"rené",0
8280,cassetes,cassetes,cassetes,B6,B6,noun,freq_corpus,0,7451,C1,B6,C1,cassetes,0
8281,"improvável","improvável","improvável",B6,B6,noun,freq_corpus,0,7452,C1,B6,C1,"improvável",0
8282,afirma,afirma,afirma,B6,B6,noun,freq_corpus,0,7453,C1,B6,C1,afirma,0
8283,"pentágono","pentágono","pentágono",B6,B6,noun,freq_corpus,0,7454,C1,B6,C1,"pentágono",0
8284,descarregar,descarregar,descarregar,B6,B6,noun,freq_corpus,0,7455,C1,B6,C1,descarregar,0
8285,escolho,escolho,escolho,B6,B6,noun,freq_corpus,0,7456,C1,B6,C1,escolho,0
8286,mana,mana,mana,B6,B6,noun,freq_corpus,0,7457,C1,B6,C1,mana,0
8287,candidatos,candidatos,candidatos,B6,B6,noun,freq_corpus,0,7458,C1,B6,C1,candidatos,0
8288,entradas,entradas,entradas,B6,B6,noun,freq_corpus,0,7459,C1,B6,C1,entradas,0
8289,puderem,puderem,puderem,B6,B6,noun,freq_corpus,0,7460,C1,B6,C1,puderem,0
8290,nenhuns,nenhuns,nenhuns,B6,B6,noun,freq_corpus,0,7461,C1,B6,C1,nenhuns,0
8291,doeu,doeu,doeu,B6,B6,noun,freq_corpus,0,7462,C1,B6,C1,doeu,0
8292,summer,summer,summer,B6,B6,noun,freq_corpus,0,7464,C1,B6,C1,summer,0
8293,entendemos,entendemos,entendemos,B6,B6,noun,freq_corpus,0,7465,C1,B6,C1,entendemos,0
8294,dwight,dwight,dwight,B6,B6,noun,freq_corpus,0,7466,C1,B6,C1,dwight,0
8295,acompanhante,acompanhante,acompanhante,B6,B6,noun,freq_corpus,0,7467,C1,B6,C1,acompanhante,0
8296,dispare,dispare,dispare,B6,B6,noun,freq_corpus,0,7468,C1,B6,C1,dispare,0
8297,vera,vera,vera,B6,B6,noun,freq_corpus,0,7469,C1,B6,C1,vera,0
8298,seguem,seguem,seguem,B6,B6,noun,freq_corpus,0,7470,C1,B6,C1,seguem,0
8299,comprido,comprido,comprido,B6,B6,noun,freq_corpus,0,7471,C1,B6,C1,comprido,0
8300,ward,ward,ward,B6,B6,noun,freq_corpus,0,7472,C1,B6,C1,ward,0
8301,apresentou,apresentou,apresentou,B6,B6,noun,freq_corpus,0,7473,C1,B6,C1,apresentou,0
8302,atacaram,atacaram,atacaram,B6,B6,noun,freq_corpus,0,7474,C1,B6,C1,atacaram,0
8303,kung,kung,kung,B6,B6,noun,freq_corpus,0,7475,C1,B6,C1,kung,0
8304,ventos,ventos,ventos,B6,B6,noun,freq_corpus,0,7476,C1,B6,C1,ventos,0
8305,aperto,aperto,aperto,B6,B6,noun,freq_corpus,0,7477,C1,B6,C1,aperto,0
8306,julgado,julgado,julgado,B6,B6,noun,freq_corpus,0,7478,C1,B6,C1,julgado,0
8307,esposas,esposas,esposas,B6,B6,noun,freq_corpus,0,7481,C1,B6,C1,esposas,0
8308,conduzo,conduzo,conduzo,B6,B6,noun,freq_corpus,0,7482,C1,B6,C1,conduzo,0
8309,descobrirmos,descobrirmos,descobrirmos,B6,B6,noun,freq_corpus,0,7483,C1,B6,C1,descobrirmos,0
8310,sacrificar,sacrificar,sacrificar,B6,B6,noun,freq_corpus,0,7484,C1,B6,C1,sacrificar,0
8311,significam,significam,significam,B6,B6,noun,freq_corpus,0,7486,C1,B6,C1,significam,0
8312,"simpáticos","simpáticos","simpáticos",B6,B6,noun,freq_corpus,0,7487,C1,B6,C1,"simpáticos",0
8313,governar,governar,governar,B6,B6,noun,freq_corpus,0,7488,C1,B6,C1,governar,0
8314,tarda,tarda,tarda,B6,B6,noun,freq_corpus,0,7489,C1,B6,C1,tarda,0
8315,fitz,fitz,fitz,B6,B6,noun,freq_corpus,0,7490,C1,B6,C1,fitz,0
8316,comprimido,comprimido,comprimido,B6,B6,noun,freq_corpus,0,7493,C1,B6,C1,comprimido,0
8317,espiar,espiar,espiar,B6,B6,noun,freq_corpus,0,7494,C1,B6,C1,espiar,0
8318,acredites,acredites,acredites,B6,B6,noun,freq_corpus,0,7496,C1,B6,C1,acredites,0
8319,"bastão","bastão","bastão",B6,B6,noun,freq_corpus,0,7497,C1,B6,C1,"bastão",0
8320,"hábitos","hábitos","hábitos",B6,B6,noun,freq_corpus,0,7499,C1,B6,C1,"hábitos",0
8321,kirsten,kirsten,kirsten,B6,B6,noun,freq_corpus,0,7501,C1,B6,C1,kirsten,0
8322,gorjeta,gorjeta,gorjeta,B6,B6,noun,freq_corpus,0,7502,C1,B6,C1,gorjeta,0
8323,desfrutar,desfrutar,desfrutar,B6,B6,noun,freq_corpus,0,7503,C1,B6,C1,desfrutar,0
8324,aventuras,aventuras,aventuras,B6,B6,noun,freq_corpus,0,7504,C1,B6,C1,aventuras,0
8325,acidentalmente,acidentalmente,acidentalmente,B6,B6,noun,freq_corpus,0,7505,C1,B6,C1,acidentalmente,0
8326,baratas,baratas,baratas,B6,B6,noun,freq_corpus,0,7506,C1,B6,C1,baratas,0
8327,girar,girar,girar,B6,B6,noun,freq_corpus,0,7507,C1,B6,C1,girar,0
8328,arrasar,arrasar,arrasar,B6,B6,noun,freq_corpus,0,7508,C1,B6,C1,arrasar,0
8329,conhecimentos,conhecimentos,conhecimentos,B6,B6,noun,freq_corpus,0,7509,C1,B6,C1,conhecimentos,0
8330,tolice,tolice,tolice,B6,B6,noun,freq_corpus,0,7510,C1,B6,C1,tolice,0
8331,agressivo,agressivo,agressivo,B6,B6,noun,freq_corpus,0,7511,C1,B6,C1,agressivo,0
8332,atirado,atirado,atirado,B6,B6,noun,freq_corpus,0,7512,C1,B6,C1,atirado,0
8333,deprimido,deprimido,deprimido,B6,B6,noun,freq_corpus,0,7513,C1,B6,C1,deprimido,0
8334,matando,matando,matando,B6,B6,noun,freq_corpus,0,7514,C1,B6,C1,matando,0
8335,antecedentes,antecedentes,antecedentes,B6,B6,noun,freq_corpus,0,7516,C1,B6,C1,antecedentes,0
8336,uid,uid,uid,B6,B6,noun,freq_corpus,0,7517,C1,B6,C1,uid,0
8337,"cristão","cristão","cristão",B6,B6,noun,freq_corpus,0,7518,C1,B6,C1,"cristão",0
8338,donuts,donuts,donuts,B6,B6,noun,freq_corpus,0,7519,C1,B6,C1,donuts,0
8339,rodada,rodada,rodada,B6,B6,noun,freq_corpus,0,7520,C1,B6,C1,rodada,0
8340,deb,deb,deb,B6,B6,noun,freq_corpus,0,7521,C1,B6,C1,deb,0
8341,tenciono,tenciono,tenciono,B6,B6,noun,freq_corpus,0,7522,C1,B6,C1,tenciono,0
8342,usem,usem,usem,B6,B6,noun,freq_corpus,0,7523,C1,B6,C1,usem,0
8343,eleito,eleito,eleito,B6,B6,noun,freq_corpus,0,7524,C1,B6,C1,eleito,0
8344,tirada,tirada,tirada,B6,B6,noun,freq_corpus,0,7525,C1,B6,C1,tirada,0
8345,paramos,paramos,paramos,B6,B6,noun,freq_corpus,0,7526,C1,B6,C1,paramos,0
8346,atreve,atreve,atreve,B6,B6,noun,freq_corpus,0,7527,C1,B6,C1,atreve,0
8347,manobra,manobra,manobra,B6,B6,noun,freq_corpus,0,7528,C1,B6,C1,manobra,0
8348,editora,editora,editora,B6,B6,noun,freq_corpus,0,7530,C1,B6,C1,editora,0
8349,gavin,gavin,gavin,B6,B6,noun,freq_corpus,0,7531,C1,B6,C1,gavin,0
8350,americanas,americanas,americanas,B6,B6,noun,freq_corpus,0,7533,C1,B6,C1,americanas,0
8351,conter,conter,conter,B6,B6,noun,freq_corpus,0,7534,C1,B6,C1,conter,0
8352,"hóquei","hóquei","hóquei",B6,B6,noun,freq_corpus,0,7535,C1,B6,C1,"hóquei",0
8353,vagabundo,vagabundo,vagabundo,B6,B6,noun,freq_corpus,0,7536,C1,B6,C1,vagabundo,0
8354,"encontrará","encontrará","encontrará",B6,B6,noun,freq_corpus,0,7537,C1,B6,C1,"encontrará",0
8355,escova,escova,escova,B6,B6,noun,freq_corpus,0,7538,C1,B6,C1,escova,0
8356,june,june,june,B6,B6,noun,freq_corpus,0,7539,C1,B6,C1,june,0
8357,exposto,exposto,exposto,B6,B6,noun,freq_corpus,0,7540,C1,B6,C1,exposto,0
8358,ligaram,ligaram,ligaram,B6,B6,noun,freq_corpus,0,7541,C1,B6,C1,ligaram,0
8359,baltimore,baltimore,baltimore,B6,B6,noun,freq_corpus,0,7542,C1,B6,C1,baltimore,0
8360,pesos,pesos,pesos,B6,B6,noun,freq_corpus,0,7543,C1,B6,C1,pesos,0
8361,profecia,profecia,profecia,B6,B6,noun,freq_corpus,0,7544,C1,B6,C1,profecia,0
8362,escreva,escreva,escreva,B6,B6,noun,freq_corpus,0,7545,C1,B6,C1,escreva,0
8363,abanar,abanar,abanar,B6,B6,noun,freq_corpus,0,7547,C1,B6,C1,abanar,0
8364,lareira,lareira,lareira,B6,B6,noun,freq_corpus,0,7549,C1,B6,C1,lareira,0
8365,queima,queima,queima,B6,B6,noun,freq_corpus,0,7551,C1,B6,C1,queima,0
8366,veias,veias,veias,B6,B6,noun,freq_corpus,0,7553,C1,B6,C1,veias,0
8367,aperta,aperta,aperta,B6,B6,noun,freq_corpus,0,7554,C1,B6,C1,aperta,0
8368,misteriosa,misteriosa,misteriosa,B6,B6,noun,freq_corpus,0,7555,C1,B6,C1,misteriosa,0
8369,percy,percy,percy,B6,B6,noun,freq_corpus,0,7556,C1,B6,C1,percy,0
8370,donovan,donovan,donovan,B6,B6,noun,freq_corpus,0,7557,C1,B6,C1,donovan,0
8371,fantasias,fantasias,fantasias,B6,B6,noun,freq_corpus,0,7558,C1,B6,C1,fantasias,0
8372,glen,glen,glen,B6,B6,noun,freq_corpus,0,7559,C1,B6,C1,glen,0
8373,cortinas,cortinas,cortinas,B6,B6,noun,freq_corpus,0,7561,C1,B6,C1,cortinas,0
8374,perguntado,perguntado,perguntado,B6,B6,noun,freq_corpus,0,7562,C1,B6,C1,perguntado,0
8375,falaremos,falaremos,falaremos,B6,B6,noun,freq_corpus,0,7563,C1,B6,C1,falaremos,0
8376,vazias,vazias,vazias,B6,B6,noun,freq_corpus,0,7565,C1,B6,C1,vazias,0
8377,teal,teal,teal,B6,B6,noun,freq_corpus,0,7566,C1,B6,C1,teal,0
8378,"explicações","explicações","explicações",B6,B6,noun,freq_corpus,0,7569,C1,B6,C1,"explicações",0
8379,anton,anton,anton,B6,B6,noun,freq_corpus,0,7570,C1,B6,C1,anton,0
8380,duros,duros,duros,B6,B6,noun,freq_corpus,0,7571,C1,B6,C1,duros,0
8381,xena,xena,xena,B6,B6,noun,freq_corpus,0,7572,C1,B6,C1,xena,0
8382,erica,erica,erica,B6,B6,noun,freq_corpus,0,7573,C1,B6,C1,erica,0
8383,trancado,trancado,trancado,B6,B6,noun,freq_corpus,0,7575,C1,B6,C1,trancado,0
8384,seguindo,seguindo,seguindo,B6,B6,noun,freq_corpus,0,7576,C1,B6,C1,seguindo,0
8385,valley,valley,valley,B6,B6,noun,freq_corpus,0,7577,C1,B6,C1,valley,0
8386,"começares","começares","começares",B6,B6,noun,freq_corpus,0,7580,C1,B6,C1,"começares",0
8387,"câmbio","câmbio","câmbio",B6,B6,noun,freq_corpus,0,7581,C1,B6,C1,"câmbio",0
8388,redes,redes,redes,B6,B6,noun,freq_corpus,0,7583,C1,B6,C1,redes,0
8389,abro,abro,abro,B6,B6,noun,freq_corpus,0,7584,C1,B6,C1,abro,0
8390,sensato,sensato,sensato,B6,B6,noun,freq_corpus,0,7585,C1,B6,C1,sensato,0
8391,denunciar,denunciar,denunciar,B6,B6,noun,freq_corpus,0,7586,C1,B6,C1,denunciar,0
8392,ernie,ernie,ernie,B6,B6,noun,freq_corpus,0,7587,C1,B6,C1,ernie,0
8393,travar,travar,travar,B6,B6,noun,freq_corpus,0,7589,C1,B6,C1,travar,0
8394,traseira,traseira,traseira,B6,B6,noun,freq_corpus,0,7590,C1,B6,C1,traseira,0
8395,variar,variar,variar,B6,B6,noun,freq_corpus,0,7591,C1,B6,C1,variar,0
8396,"demissão","demissão","demissão",B6,B6,noun,freq_corpus,0,7593,C1,B6,C1,"demissão",0
8397,investigador,investigador,investigador,B6,B6,noun,freq_corpus,0,7594,C1,B6,C1,investigador,0
8398,procedimentos,procedimentos,procedimentos,B6,B6,noun,freq_corpus,0,7596,C1,B6,C1,procedimentos,0
8399,wes,wes,wes,B6,B6,noun,freq_corpus,0,7598,C1,B6,C1,wes,0
8400,convincente,convincente,convincente,B6,B6,noun,freq_corpus,0,7599,C1,B6,C1,convincente,0
8401,gray,gray,gray,B6,B6,noun,freq_corpus,0,7600,C1,B6,C1,gray,0
8402,egipto,egipto,egipto,B6,B6,noun,freq_corpus,0,7601,C1,B6,C1,egipto,0
8403,torne,torne,torne,B6,B6,noun,freq_corpus,0,7602,C1,B6,C1,torne,0
8404,"exigências","exigências","exigências",B6,B6,noun,freq_corpus,0,7603,C1,B6,C1,"exigências",0
8405,investir,investir,investir,B6,B6,noun,freq_corpus,0,7604,C1,B6,C1,investir,0
8406,passem,passem,passem,B6,B6,noun,freq_corpus,0,7605,C1,B6,C1,passem,0
8407,senhoria,senhoria,senhoria,B6,B6,noun,freq_corpus,0,7606,C1,B6,C1,senhoria,0
8408,anoitecer,anoitecer,anoitecer,B6,B6,noun,freq_corpus,0,7608,C1,B6,C1,anoitecer,0
8409,refere,refere,refere,B6,B6,noun,freq_corpus,0,7609,C1,B6,C1,refere,0
8410,regina,regina,regina,B6,B6,noun,freq_corpus,0,7610,C1,B6,C1,regina,0
8411,kramer,kramer,kramer,B6,B6,noun,freq_corpus,0,7611,C1,B6,C1,kramer,0
8412,ache,ache,ache,B6,B6,noun,freq_corpus,0,7612,C1,B6,C1,ache,0
8413,"trágico","trágico","trágico",B6,B6,noun,freq_corpus,0,7613,C1,B6,C1,"trágico",0
8414,ava,ava,ava,B6,B6,noun,freq_corpus,0,7614,C1,B6,C1,ava,0
8415,vaughn,vaughn,vaughn,B6,B6,noun,freq_corpus,0,7615,C1,B6,C1,vaughn,0
8416,evelyn,evelyn,evelyn,B6,B6,noun,freq_corpus,0,7616,C1,B6,C1,evelyn,0
8417,relevante,relevante,relevante,B6,B6,noun,freq_corpus,0,7618,C1,B6,C1,relevante,0
8418,fechadas,fechadas,fechadas,B6,B6,noun,freq_corpus,0,7619,C1,B6,C1,fechadas,0
8419,"recordação","recordação","recordação",B6,B6,noun,freq_corpus,0,7622,C1,B6,C1,"recordação",0
8420,serra,serra,serra,B6,B6,noun,freq_corpus,0,7623,C1,B6,C1,serra,0
8421,aspeto,aspeto,aspeto,B6,B6,noun,freq_corpus,0,7624,C1,B6,C1,aspeto,0
8422,historial,historial,historial,B6,B6,noun,freq_corpus,0,7625,C1,B6,C1,historial,0
8423,bluff,bluff,bluff,B6,B6,noun,freq_corpus,0,7626,C1,B6,C1,bluff,0
8424,"ganhámos","ganhámos","ganhámos",B6,B6,noun,freq_corpus,0,7627,C1,B6,C1,"ganhámos",0
8425,hughes,hughes,hughes,B6,B6,noun,freq_corpus,0,7628,C1,B6,C1,hughes,0
8426,amorosa,amorosa,amorosa,B6,B6,noun,freq_corpus,0,7629,C1,B6,C1,amorosa,0
8427,veado,veado,veado,B6,B6,noun,freq_corpus,0,7630,C1,B6,C1,veado,0
8428,jessie,jessie,jessie,B6,B6,noun,freq_corpus,0,7632,C1,B6,C1,jessie,0
8429,entrarem,entrarem,entrarem,B6,B6,noun,freq_corpus,0,7633,C1,B6,C1,entrarem,0
8430,entenda,entenda,entenda,B6,B6,noun,freq_corpus,0,7634,C1,B6,C1,entenda,0
8431,carinho,carinho,carinho,B6,B6,noun,freq_corpus,0,7635,C1,B6,C1,carinho,0
8432,"paramédicos","paramédicos","paramédicos",B6,B6,noun,freq_corpus,0,7636,C1,B6,C1,"paramédicos",0
8433,garrett,garrett,garrett,B6,B6,noun,freq_corpus,0,7637,C1,B6,C1,garrett,0
8434,brinques,brinques,brinques,B6,B6,noun,freq_corpus,0,7638,C1,B6,C1,brinques,0
8435,pequenina,pequenina,pequenina,B6,B6,noun,freq_corpus,0,7639,C1,B6,C1,pequenina,0
8436,corresponde,corresponde,corresponde,B6,B6,noun,freq_corpus,0,7641,C1,B6,C1,corresponde,0
8437,industrial,industrial,industrial,B6,B6,noun,freq_corpus,0,7642,C1,B6,C1,industrial,0
8438,odeiam,odeiam,odeiam,B6,B6,noun,freq_corpus,0,7644,C1,B6,C1,odeiam,0
8439,murray,murray,murray,B6,B6,noun,freq_corpus,0,7645,C1,B6,C1,murray,0
8440,surgir,surgir,surgir,B6,B6,noun,freq_corpus,0,7646,C1,B6,C1,surgir,0
8441,compro,compro,compro,B6,B6,noun,freq_corpus,0,7647,C1,B6,C1,compro,0
8442,"perpétua","perpétua","perpétua",B6,B6,noun,freq_corpus,0,7648,C1,B6,C1,"perpétua",0
8443,cunhado,cunhado,cunhado,B6,B6,noun,freq_corpus,0,7649,C1,B6,C1,cunhado,0
8444,"tóquio","tóquio","tóquio",B6,B6,noun,freq_corpus,0,7652,C1,B6,C1,"tóquio",0
8445,partiram,partiram,partiram,B6,B6,noun,freq_corpus,0,7653,C1,B6,C1,partiram,0
8446,"círculos","círculos","círculos",B6,B6,noun,freq_corpus,0,7654,C1,B6,C1,"círculos",0
8447,"amém","amém","amém",B6,B6,noun,freq_corpus,0,7655,C1,B6,C1,"amém",0
8448,prossiga,prossiga,prossiga,B6,B6,noun,freq_corpus,0,7656,C1,B6,C1,prossiga,0
8449,violada,violada,violada,B6,B6,noun,freq_corpus,0,7658,C1,B6,C1,violada,0
8450,culpas,culpas,culpas,B6,B6,noun,freq_corpus,0,7659,C1,B6,C1,culpas,0
8451,cheiras,cheiras,cheiras,B6,B6,noun,freq_corpus,0,7661,C1,B6,C1,cheiras,0
8452,"virgínia","virgínia","virgínia",B6,B6,noun,freq_corpus,0,7662,C1,B6,C1,"virgínia",0
8453,"avós","avós","avós",B6,B6,noun,freq_corpus,0,7663,C1,B6,C1,"avós",0
8454,podeis,podeis,podeis,B6,B6,noun,freq_corpus,0,7667,C1,B6,C1,podeis,0
8455,pedindo,pedindo,pedindo,B6,B6,noun,freq_corpus,0,7668,C1,B6,C1,pedindo,0
8456,param,param,param,B6,B6,noun,freq_corpus,0,7669,C1,B6,C1,param,0
8457,valerie,valerie,valerie,B6,B6,noun,freq_corpus,0,7671,C1,B6,C1,valerie,0
8458,"põem","põem","põem",B6,B6,noun,freq_corpus,0,7674,C1,B6,C1,"põem",0
8459,"vício","vício","vício",B6,B6,noun,freq_corpus,0,7676,C1,B6,C1,"vício",0
8460,"precaução","precaução","precaução",B6,B6,noun,freq_corpus,0,7677,C1,B6,C1,"precaução",0
8461,hamilton,hamilton,hamilton,B6,B6,noun,freq_corpus,0,7678,C1,B6,C1,hamilton,0
8462,afectar,afectar,afectar,B6,B6,noun,freq_corpus,0,7680,C1,B6,C1,afectar,0
8463,cicatrizes,cicatrizes,cicatrizes,B6,B6,noun,freq_corpus,0,7681,C1,B6,C1,cicatrizes,0
8464,arrastar,arrastar,arrastar,B6,B6,noun,freq_corpus,0,7682,C1,B6,C1,arrastar,0
8465,atlanta,atlanta,atlanta,B6,B6,noun,freq_corpus,0,7683,C1,B6,C1,atlanta,0
8466,"bêbados","bêbados","bêbados",B6,B6,noun,freq_corpus,0,7684,C1,B6,C1,"bêbados",0
8467,fraldas,fraldas,fraldas,B6,B6,noun,freq_corpus,0,7685,C1,B6,C1,fraldas,0
8468,honestos,honestos,honestos,B6,B6,noun,freq_corpus,0,7686,C1,B6,C1,honestos,0
8469,"cocó","cocó","cocó",B6,B6,noun,freq_corpus,0,7687,C1,B6,C1,"cocó",0
8470,ouvires,ouvires,ouvires,B6,B6,noun,freq_corpus,0,7688,C1,B6,C1,ouvires,0
8471,prendas,prendas,prendas,B6,B6,noun,freq_corpus,0,7689,C1,B6,C1,prendas,0
8472,"alterações","alterações","alterações",B6,B6,noun,freq_corpus,0,7690,C1,B6,C1,"alterações",0
8473,rolo,rolo,rolo,B6,B6,noun,freq_corpus,0,7691,C1,B6,C1,rolo,0
8474,"substância","substância","substância",B6,B6,noun,freq_corpus,0,7694,C1,B6,C1,"substância",0
8475,continuava,continuava,continuava,B6,B6,noun,freq_corpus,0,7695,C1,B6,C1,continuava,0
8476,chantagem,chantagem,chantagem,B6,B6,noun,freq_corpus,0,7696,C1,B6,C1,chantagem,0
8477,jurar,jurar,jurar,B6,B6,noun,freq_corpus,0,7697,C1,B6,C1,jurar,0
8478,sandra,sandra,sandra,B6,B6,noun,freq_corpus,0,7698,C1,B6,C1,sandra,0
8479,"começarem","começarem","começarem",B6,B6,noun,freq_corpus,0,7700,C1,B6,C1,"começarem",0
8480,inventei,inventei,inventei,B6,B6,noun,freq_corpus,0,7701,C1,B6,C1,inventei,0
8481,mergulhar,mergulhar,mergulhar,B6,B6,noun,freq_corpus,0,7702,C1,B6,C1,mergulhar,0
8482,marilyn,marilyn,marilyn,B6,B6,noun,freq_corpus,0,7703,C1,B6,C1,marilyn,0
8483,assaltar,assaltar,assaltar,B6,B6,noun,freq_corpus,0,7704,C1,B6,C1,assaltar,0
8484,alf,alf,alf,B6,B6,noun,freq_corpus,0,7707,C1,B6,C1,alf,0
8485,coelhos,coelhos,coelhos,B6,B6,noun,freq_corpus,0,7708,C1,B6,C1,coelhos,0
8486,arrependido,arrependido,arrependido,B6,B6,noun,freq_corpus,0,7709,C1,B6,C1,arrependido,0
8487,seguidos,seguidos,seguidos,B6,B6,noun,freq_corpus,0,7710,C1,B6,C1,seguidos,0
8488,arranca,arranca,arranca,B6,B6,noun,freq_corpus,0,7711,C1,B6,C1,arranca,0
8489,kid,kid,kid,B6,B6,noun,freq_corpus,0,7712,C1,B6,C1,kid,0
8490,grata,grata,grata,B6,B6,noun,freq_corpus,0,7713,C1,B6,C1,grata,0
8491,"avançada","avançada","avançada",B6,B6,noun,freq_corpus,0,7714,C1,B6,C1,"avançada",0
8492,culpo,culpo,culpo,B6,B6,noun,freq_corpus,0,7715,C1,B6,C1,culpo,0
8493,telegrama,telegrama,telegrama,B6,B6,noun,freq_corpus,0,7716,C1,B6,C1,telegrama,0
8494,"essência","essência","essência",B6,B6,noun,freq_corpus,0,7717,C1,B6,C1,"essência",0
8495,raptada,raptada,raptada,B6,B6,noun,freq_corpus,0,7718,C1,B6,C1,raptada,0
8496,levando,levando,levando,B6,B6,noun,freq_corpus,0,7719,C1,B6,C1,levando,0
8497,"caçada","caçada","caçada",B6,B6,noun,freq_corpus,0,7720,C1,B6,C1,"caçada",0
8498,"bófia","bófia","bófia",B6,B6,noun,freq_corpus,0,7721,C1,B6,C1,"bófia",0
8499,bebemos,bebemos,bebemos,B6,B6,noun,freq_corpus,0,7724,C1,B6,C1,bebemos,0
8500,pearl,pearl,pearl,B6,B6,noun,freq_corpus,0,7725,C1,B6,C1,pearl,0
8501,"cálculos","cálculos","cálculos",B6,B6,noun,freq_corpus,0,7726,C1,B6,C1,"cálculos",0
8502,circular,circular,circular,B6,B6,noun,freq_corpus,0,7727,C1,B6,C1,circular,0
8503,marcel,marcel,marcel,B6,B6,noun,freq_corpus,0,7728,C1,B6,C1,marcel,0
8504,salsicha,salsicha,salsicha,B6,B6,noun,freq_corpus,0,7729,C1,B6,C1,salsicha,0
8505,facial,facial,facial,B6,B6,noun,freq_corpus,0,7730,C1,B6,C1,facial,0
8506,venceu,venceu,venceu,B6,B6,noun,freq_corpus,0,7731,C1,B6,C1,venceu,0
8507,"distracção","distracção","distracção",B6,B6,noun,freq_corpus,0,7732,C1,B6,C1,"distracção",0
8508,assassinar,assassinar,assassinar,B6,B6,noun,freq_corpus,0,7733,C1,B6,C1,assassinar,0
8509,hudson,hudson,hudson,B6,B6,noun,freq_corpus,0,7734,C1,B6,C1,hudson,0
8510,"muitíssimo","muitíssimo","muitíssimo",B6,B6,noun,freq_corpus,0,7736,C1,B6,C1,"muitíssimo",0
8511,receitas,receitas,receitas,B6,B6,noun,freq_corpus,0,7737,C1,B6,C1,receitas,0
8512,"compreensão","compreensão","compreensão",B6,B6,noun,freq_corpus,0,7738,C1,B6,C1,"compreensão",0
8513,zonas,zonas,zonas,B6,B6,noun,freq_corpus,0,7739,C1,B6,C1,zonas,0
8514,"porão","porão","porão",B6,B6,noun,freq_corpus,0,7740,C1,B6,C1,"porão",0
8515,insistiu,insistiu,insistiu,B6,B6,noun,freq_corpus,0,7743,C1,B6,C1,insistiu,0
8516,bonecas,bonecas,bonecas,B6,B6,noun,freq_corpus,0,7744,C1,B6,C1,bonecas,0
8517,latas,latas,latas,B6,B6,noun,freq_corpus,0,7745,C1,B6,C1,latas,0
8518,apanhe,apanhe,apanhe,B6,B6,noun,freq_corpus,0,7746,C1,B6,C1,apanhe,0
8519,queimaduras,queimaduras,queimaduras,B6,B6,noun,freq_corpus,0,7747,C1,B6,C1,queimaduras,0
8520,tornei,tornei,tornei,B6,B6,noun,freq_corpus,0,7749,C1,B6,C1,tornei,0
8521,lynn,lynn,lynn,B6,B6,noun,freq_corpus,0,7750,C1,B6,C1,lynn,0
8522,noivos,noivos,noivos,B6,B6,noun,freq_corpus,0,7751,C1,B6,C1,noivos,0
8523,"poção","poção","poção",B6,B6,noun,freq_corpus,0,7752,C1,B6,C1,"poção",0
8524,fizesses,fizesses,fizesses,B6,B6,noun,freq_corpus,0,7754,C1,B6,C1,fizesses,0
8525,pedem,pedem,pedem,B6,B6,noun,freq_corpus,0,7755,C1,B6,C1,pedem,0
8526,pesquisas,pesquisas,pesquisas,B6,B6,noun,freq_corpus,0,7757,C1,B6,C1,pesquisas,0
8527,maridos,maridos,maridos,B6,B6,noun,freq_corpus,0,7758,C1,B6,C1,maridos,0
8528,escolta,escolta,escolta,B6,B6,noun,freq_corpus,0,7759,C1,B6,C1,escolta,0
8529,levantem,levantem,levantem,B6,B6,noun,freq_corpus,0,7760,C1,B6,C1,levantem,0
8530,desviar,desviar,desviar,B6,B6,noun,freq_corpus,0,7761,C1,B6,C1,desviar,0
8531,coberta,coberta,coberta,B6,B6,noun,freq_corpus,0,7762,C1,B6,C1,coberta,0
8532,cristina,cristina,cristina,B6,B6,noun,freq_corpus,0,7763,C1,B6,C1,cristina,0
8533,deres,deres,deres,B6,B6,noun,freq_corpus,0,7764,C1,B6,C1,deres,0
8534,dirige,dirige,dirige,B6,B6,noun,freq_corpus,0,7765,C1,B6,C1,dirige,0
8535,mintas,mintas,mintas,B6,B6,noun,freq_corpus,0,7766,C1,B6,C1,mintas,0
8536,arranjas,arranjas,arranjas,B6,B6,noun,freq_corpus,0,7768,C1,B6,C1,arranjas,0
8537,ouvia,ouvia,ouvia,B6,B6,noun,freq_corpus,0,7772,C1,B6,C1,ouvia,0
8538,companheira,companheira,companheira,B6,B6,noun,freq_corpus,0,7773,C1,B6,C1,companheira,0
8539,jura,jura,jura,B6,B6,noun,freq_corpus,0,7775,C1,B6,C1,jura,0
8540,sloan,sloan,sloan,B6,B6,noun,freq_corpus,0,7776,C1,B6,C1,sloan,0
8541,suar,suar,suar,B6,B6,noun,freq_corpus,0,7777,C1,B6,C1,suar,0
8542,aproxima,aproxima,aproxima,B6,B6,noun,freq_corpus,0,7778,C1,B6,C1,aproxima,0
8543,cansados,cansados,cansados,B6,B6,noun,freq_corpus,0,7780,C1,B6,C1,cansados,0
8544,"corrupção","corrupção","corrupção",B6,B6,noun,freq_corpus,0,7781,C1,B6,C1,"corrupção",0
8545,jogou,jogou,jogou,B6,B6,noun,freq_corpus,0,7782,C1,B6,C1,jogou,0
8546,queca,queca,queca,B6,B6,noun,freq_corpus,0,7783,C1,B6,C1,queca,0
8547,brett,brett,brett,B6,B6,noun,freq_corpus,0,7784,C1,B6,C1,brett,0
8548,semestre,semestre,semestre,B6,B6,noun,freq_corpus,0,7785,C1,B6,C1,semestre,0
8549,verifique,verifique,verifique,B6,B6,noun,freq_corpus,0,7787,C1,B6,C1,verifique,0
8550,receberam,receberam,receberam,B6,B6,noun,freq_corpus,0,7789,C1,B6,C1,receberam,0
8551,sophia,sophia,sophia,B6,B6,noun,freq_corpus,0,7791,C1,B6,C1,sophia,0
8552,corrido,corrido,corrido,B6,B6,noun,freq_corpus,0,7792,C1,B6,C1,corrido,0
8553,recibo,recibo,recibo,B6,B6,noun,freq_corpus,0,7793,C1,B6,C1,recibo,0
8554,perfeitos,perfeitos,perfeitos,B6,B6,noun,freq_corpus,0,7794,C1,B6,C1,perfeitos,0
8555,"técnicos","técnicos","técnicos",B6,B6,noun,freq_corpus,0,7795,C1,B6,C1,"técnicos",0
8556,sasha,sasha,sasha,B6,B6,noun,freq_corpus,0,7796,C1,B6,C1,sasha,0
8557,fatia,fatia,fatia,B6,B6,noun,freq_corpus,0,7797,C1,B6,C1,fatia,0
8558,"calções","calções","calções",B6,B6,noun,freq_corpus,0,7798,C1,B6,C1,"calções",0
8559,descanse,descanse,descanse,B6,B6,noun,freq_corpus,0,7799,C1,B6,C1,descanse,0
8560,mapas,mapas,mapas,B6,B6,noun,freq_corpus,0,7801,C1,B6,C1,mapas,0
8561,entres,entres,entres,B6,B6,noun,freq_corpus,0,7802,C1,B6,C1,entres,0
8562,lutamos,lutamos,lutamos,B6,B6,noun,freq_corpus,0,7804,C1,B6,C1,lutamos,0
8563,"incómodo","incómodo","incómodo",B6,B6,noun,freq_corpus,0,7805,C1,B6,C1,"incómodo",0
8564,"abraçar","abraçar","abraçar",B6,B6,noun,freq_corpus,0,7806,C1,B6,C1,"abraçar",0
8565,italianos,italianos,italianos,B6,B6,noun,freq_corpus,0,7807,C1,B6,C1,italianos,0
8566,atum,atum,atum,B6,B6,noun,freq_corpus,0,7808,C1,B6,C1,atum,0
8567,"representação","representação","representação",B6,B6,noun,freq_corpus,0,7809,C1,B6,C1,"representação",0
8568,descobrirem,descobrirem,descobrirem,B6,B6,noun,freq_corpus,0,7810,C1,B6,C1,descobrirem,0
8569,calculo,calculo,calculo,B6,B6,noun,freq_corpus,0,7811,C1,B6,C1,calculo,0
8570,arranjamos,arranjamos,arranjamos,B6,B6,noun,freq_corpus,0,7814,C1,B6,C1,arranjamos,0
8571,vivian,vivian,vivian,B6,B6,noun,freq_corpus,0,7815,C1,B6,C1,vivian,0
8572,deveres,deveres,deveres,B6,B6,noun,freq_corpus,0,7816,C1,B6,C1,deveres,0
8573,marcou,marcou,marcou,B6,B6,noun,freq_corpus,0,7817,C1,B6,C1,marcou,0
8574,previsto,previsto,previsto,B6,B6,noun,freq_corpus,0,7819,C1,B6,C1,previsto,0
8575,jamal,jamal,jamal,B6,B6,noun,freq_corpus,0,7820,C1,B6,C1,jamal,0
8576,aparecido,aparecido,aparecido,B6,B6,noun,freq_corpus,0,7821,C1,B6,C1,aparecido,0
8577,gelada,gelada,gelada,B6,B6,noun,freq_corpus,0,7822,C1,B6,C1,gelada,0
8578,armadilhas,armadilhas,armadilhas,B6,B6,noun,freq_corpus,0,7823,C1,B6,C1,armadilhas,0
8579,"evidência","evidência","evidência",B6,B6,noun,freq_corpus,0,7824,C1,B6,C1,"evidência",0
8580,atacada,atacada,atacada,B6,B6,noun,freq_corpus,0,7825,C1,B6,C1,atacada,0
8581,neill,neill,neill,B6,B6,noun,freq_corpus,0,7826,C1,B6,C1,neill,0
8582,medos,medos,medos,B6,B6,noun,freq_corpus,0,7828,C1,B6,C1,medos,0
8583,jogado,jogado,jogado,B6,B6,noun,freq_corpus,0,7831,C1,B6,C1,jogado,0
8584,alinho,alinho,alinho,B6,B6,noun,freq_corpus,0,7832,C1,B6,C1,alinho,0
8585,barril,barril,barril,B6,B6,noun,freq_corpus,0,7833,C1,B6,C1,barril,0
8586,sonda,sonda,sonda,B6,B6,noun,freq_corpus,0,7834,C1,B6,C1,sonda,0
8587,altitude,altitude,altitude,B6,B6,noun,freq_corpus,0,7835,C1,B6,C1,altitude,0
8588,sepultura,sepultura,sepultura,B6,B6,noun,freq_corpus,0,7836,C1,B6,C1,sepultura,0
8589,parecidos,parecidos,parecidos,B6,B6,noun,freq_corpus,0,7838,C1,B6,C1,parecidos,0
8590,santidade,santidade,santidade,B6,B6,noun,freq_corpus,0,7839,C1,B6,C1,santidade,0
8591,"antídoto","antídoto","antídoto",B6,B6,noun,freq_corpus,0,7840,C1,B6,C1,"antídoto",0
8592,reagan,reagan,reagan,B6,B6,noun,freq_corpus,0,7841,C1,B6,C1,reagan,0
8593,iniciais,iniciais,iniciais,B6,B6,noun,freq_corpus,0,7842,C1,B6,C1,iniciais,0
8594,robot,robot,robot,B6,B6,noun,freq_corpus,0,7843,C1,B6,C1,robot,0
8595,honrar,honrar,honrar,B6,B6,noun,freq_corpus,0,7844,C1,B6,C1,honrar,0
8596,confiei,confiei,confiei,B6,B6,noun,freq_corpus,0,7845,C1,B6,C1,confiei,0
8597,transplante,transplante,transplante,B6,B6,noun,freq_corpus,0,7846,C1,B6,C1,transplante,0
8598,theo,theo,theo,B6,B6,noun,freq_corpus,0,7850,C1,B6,C1,theo,0
8599,clubes,clubes,clubes,B6,B6,noun,freq_corpus,0,7851,C1,B6,C1,clubes,0
8600,capturado,capturado,capturado,B6,B6,noun,freq_corpus,0,7852,C1,B6,C1,capturado,0
8601,provou,provou,provou,B6,B6,noun,freq_corpus,0,7854,C1,B6,C1,provou,0
8602,mole,mole,mole,B6,B6,noun,freq_corpus,0,7855,C1,B6,C1,mole,0
8603,claque,claque,claque,B6,B6,noun,freq_corpus,0,7856,C1,B6,C1,claque,0
8604,desempenho,desempenho,desempenho,B6,B6,noun,freq_corpus,0,7857,C1,B6,C1,desempenho,0
8605,atentos,atentos,atentos,B6,B6,noun,freq_corpus,0,7858,C1,B6,C1,atentos,0
8606,banheiro,banheiro,banheiro,B6,B6,noun,freq_corpus,0,7859,C1,B6,C1,house_home,0
8607,ocorre,ocorre,ocorre,B6,B6,noun,freq_corpus,0,7860,C1,B6,C1,ocorre,0
8608,dormindo,dormindo,dormindo,B6,B6,noun,freq_corpus,0,7861,C1,B6,C1,dormindo,0
8609,eugene,eugene,eugene,B6,B6,noun,freq_corpus,0,7862,C1,B6,C1,eugene,0
8610,atirem,atirem,atirem,B6,B6,noun,freq_corpus,0,7863,C1,B6,C1,atirem,0
8611,envie,envie,envie,B6,B6,noun,freq_corpus,0,7865,C1,B6,C1,envie,0
8612,"sairá","sairá","sairá",B6,B6,noun,freq_corpus,0,7867,C1,B6,C1,"sairá",0
8613,"currículo","currículo","currículo",B6,B6,noun,freq_corpus,0,7868,C1,B6,C1,"currículo",0
8614,sylvia,sylvia,sylvia,B6,B6,noun,freq_corpus,0,7870,C1,B6,C1,sylvia,0
8615,naqueles,naqueles,naqueles,B6,B6,noun,freq_corpus,0,7871,C1,B6,C1,naqueles,0
8616,quebrou,quebrou,quebrou,B6,B6,noun,freq_corpus,0,7872,C1,B6,C1,quebrou,0
8617,"resíduos","resíduos","resíduos",B6,B6,noun,freq_corpus,0,7873,C1,B6,C1,"resíduos",0
8618,tiramos,tiramos,tiramos,B6,B6,noun,freq_corpus,0,7875,C1,B6,C1,tiramos,0
8619,bacano,bacano,bacano,B6,B6,noun,freq_corpus,0,7876,C1,B6,C1,bacano,0
8620,"extensão","extensão","extensão",B6,B6,noun,freq_corpus,0,7877,C1,B6,C1,"extensão",0
8621,"investigações","investigações","investigações",B6,B6,noun,freq_corpus,0,7879,C1,B6,C1,"investigações",0
8622,contava,contava,contava,B6,B6,noun,freq_corpus,0,7881,C1,B6,C1,contava,0
8623,silencioso,silencioso,silencioso,B6,B6,noun,freq_corpus,0,7882,C1,B6,C1,silencioso,0
8624,exacta,exacta,exacta,B6,B6,noun,freq_corpus,0,7883,C1,B6,C1,exacta,0
8625,veredicto,veredicto,veredicto,B6,B6,noun,freq_corpus,0,7885,C1,B6,C1,veredicto,0
8626,cartaz,cartaz,cartaz,B6,B6,noun,freq_corpus,0,7887,C1,B6,C1,cartaz,0
8627,jan,jan,jan,B6,B6,noun,freq_corpus,0,7888,C1,B6,C1,jan,0
8628,shirley,shirley,shirley,B6,B6,noun,freq_corpus,0,7889,C1,B6,C1,shirley,0
8629,corri,corri,corri,B6,B6,noun,freq_corpus,0,7891,C1,B6,C1,corri,0
8630,prendeu,prendeu,prendeu,B6,B6,noun,freq_corpus,0,7892,C1,B6,C1,prendeu,0
8631,consigamos,consigamos,consigamos,B6,B6,noun,freq_corpus,0,7893,C1,B6,C1,consigamos,0
8632,matamos,matamos,matamos,B6,B6,noun,freq_corpus,0,7894,C1,B6,C1,matamos,0
8633,"sessões","sessões","sessões",B6,B6,noun,freq_corpus,0,7895,C1,B6,C1,"sessões",0
8634,preparem,preparem,preparem,B6,B6,noun,freq_corpus,0,7896,C1,B6,C1,preparem,0
8635,strip,strip,strip,B6,B6,noun,freq_corpus,0,7897,C1,B6,C1,strip,0
8636,nasceste,nasceste,nasceste,B6,B6,noun,freq_corpus,0,7899,C1,B6,C1,nasceste,0
8637,"declarações","declarações","declarações",B6,B6,noun,freq_corpus,0,7901,C1,B6,C1,"declarações",0
8638,falarei,falarei,falarei,B6,B6,noun,freq_corpus,0,7902,C1,B6,C1,falarei,0
8639,apodrecer,apodrecer,apodrecer,B6,B6,noun,freq_corpus,0,7903,C1,B6,C1,apodrecer,0
8640,colorado,colorado,colorado,B6,B6,noun,freq_corpus,0,7904,C1,B6,C1,colorado,0
8641,"mobília","mobília","mobília",B6,B6,noun,freq_corpus,0,7905,C1,B6,C1,"mobília",0
8642,agradecemos,agradecemos,agradecemos,B6,B6,noun,freq_corpus,0,7906,C1,B6,C1,agradecemos,0
8643,"hotéis","hotéis","hotéis",B6,B6,noun,freq_corpus,0,7908,C1,B6,C1,"hotéis",0
8644,moe,moe,moe,B6,B6,noun,freq_corpus,0,7909,C1,B6,C1,moe,0
8645,colaborar,colaborar,colaborar,B6,B6,noun,freq_corpus,0,7911,C1,B6,C1,colaborar,0
8646,atentado,atentado,atentado,B6,B6,noun,freq_corpus,0,7912,C1,B6,C1,atentado,0
8647,mademoiselle,mademoiselle,mademoiselle,B6,B6,noun,freq_corpus,0,7913,C1,B6,C1,mademoiselle,0
8648,broadway,broadway,broadway,B6,B6,noun,freq_corpus,0,7916,C1,B6,C1,broadway,0
8649,adoramos,adoramos,adoramos,B6,B6,noun,freq_corpus,0,7917,C1,B6,C1,adoramos,0
8650,tocas,tocas,tocas,B6,B6,noun,freq_corpus,0,7918,C1,B6,C1,tocas,0
8651,cancelado,cancelado,cancelado,B6,B6,noun,freq_corpus,0,7919,C1,B6,C1,cancelado,0
8652,notei,notei,notei,B6,B6,noun,freq_corpus,0,7920,C1,B6,C1,notei,0
8653,"sacrifícios","sacrifícios","sacrifícios",B6,B6,noun,freq_corpus,0,7921,C1,B6,C1,"sacrifícios",0
8654,chegasse,chegasse,chegasse,B6,B6,noun,freq_corpus,0,7922,C1,B6,C1,chegasse,0
8655,eficiente,eficiente,eficiente,B6,B6,noun,freq_corpus,0,7923,C1,B6,C1,eficiente,0
8656,magoada,magoada,magoada,B6,B6,noun,freq_corpus,0,7925,C1,B6,C1,magoada,0
8657,prepare,prepare,prepare,B6,B6,noun,freq_corpus,0,7926,C1,B6,C1,prepare,0
8658,"começava","começava","começava",B6,B6,noun,freq_corpus,0,7927,C1,B6,C1,"começava",0
8659,corrupto,corrupto,corrupto,B6,B6,noun,freq_corpus,0,7928,C1,B6,C1,corrupto,0
8660,contabilista,contabilista,contabilista,B6,B6,noun,freq_corpus,0,7929,C1,B6,C1,contabilista,0
8661,telefonei,telefonei,telefonei,B6,B6,noun,freq_corpus,0,7930,C1,B6,C1,telefonei,0
8662,importe,importe,importe,B6,B6,noun,freq_corpus,0,7931,C1,B6,C1,importe,0
8663,nikita,nikita,nikita,B6,B6,noun,freq_corpus,0,7933,C1,B6,C1,nikita,0
8664,mimi,mimi,mimi,B6,B6,noun,freq_corpus,0,7934,C1,B6,C1,mimi,0
8665,condicionado,condicionado,condicionado,B6,B6,noun,freq_corpus,0,7935,C1,B6,C1,condicionado,0
8666,respeita,respeita,respeita,B6,B6,noun,freq_corpus,0,7937,C1,B6,C1,respeita,0
8667,"pertenço","pertenço","pertenço",B6,B6,noun,freq_corpus,0,7938,C1,B6,C1,"pertenço",0
8668,andre,andre,andre,B6,B6,noun,freq_corpus,0,7939,C1,B6,C1,andre,0
8669,mills,mills,mills,B6,B6,noun,freq_corpus,0,7940,C1,B6,C1,mills,0
8670,"benefício","benefício","benefício",B6,B6,noun,freq_corpus,0,7941,C1,B6,C1,"benefício",0
8671,demoro,demoro,demoro,B6,B6,noun,freq_corpus,0,7942,C1,B6,C1,demoro,0
8672,"està","està","està",B6,B6,noun,freq_corpus,0,7943,C1,B6,C1,"està",0
8673,resgatar,resgatar,resgatar,B6,B6,noun,freq_corpus,0,7944,C1,B6,C1,resgatar,0
8674,piquenique,piquenique,piquenique,B6,B6,noun,freq_corpus,0,7945,C1,B6,C1,piquenique,0
8675,"exercícios","exercícios","exercícios",B6,B6,noun,freq_corpus,0,7946,C1,B6,C1,"exercícios",0
8676,bocados,bocados,bocados,B6,B6,noun,freq_corpus,0,7947,C1,B6,C1,bocados,0
8677,cabos,cabos,cabos,B6,B6,noun,freq_corpus,0,7948,C1,B6,C1,cabos,0
8678,conseguias,conseguias,conseguias,B6,B6,noun,freq_corpus,0,7949,C1,B6,C1,conseguias,0
8679,fornecer,fornecer,fornecer,B6,B6,noun,freq_corpus,0,7951,C1,B6,C1,fornecer,0
8680,racista,racista,racista,B6,B6,noun,freq_corpus,0,7952,C1,B6,C1,racista,0
8681,certificar,certificar,certificar,B6,B6,noun,freq_corpus,0,7953,C1,B6,C1,certificar,0
8682,nasa,nasa,nasa,B6,B6,noun,freq_corpus,0,7954,C1,B6,C1,nasa,0
8683,carregada,carregada,carregada,B6,B6,noun,freq_corpus,0,7956,C1,B6,C1,carregada,0
8684,revistar,revistar,revistar,B6,B6,noun,freq_corpus,0,7957,C1,B6,C1,revistar,0
8685,arena,arena,arena,B6,B6,noun,freq_corpus,0,7958,C1,B6,C1,arena,0
8686,crescem,crescem,crescem,B6,B6,noun,freq_corpus,0,7959,C1,B6,C1,crescem,0
8687,tratas,tratas,tratas,B6,B6,noun,freq_corpus,0,7960,C1,B6,C1,tratas,0
8688,crias,crias,crias,B6,B6,noun,freq_corpus,0,7961,C1,B6,C1,crias,0
8689,sidney,sidney,sidney,B6,B6,noun,freq_corpus,0,7962,C1,B6,C1,sidney,0
8690,inesperado,inesperado,inesperado,B6,B6,noun,freq_corpus,0,7963,C1,B6,C1,inesperado,0
8691,espreitar,espreitar,espreitar,B6,B6,noun,freq_corpus,0,7964,C1,B6,C1,espreitar,0
8692,especialistas,especialistas,especialistas,B6,B6,noun,freq_corpus,0,7965,C1,B6,C1,especialistas,0
8693,desceu,desceu,desceu,B6,B6,noun,freq_corpus,0,7966,C1,B6,C1,desceu,0
8694,sexualmente,sexualmente,sexualmente,B6,B6,noun,freq_corpus,0,7967,C1,B6,C1,sexualmente,0
8695,amarela,amarela,amarela,B6,B6,noun,freq_corpus,0,7968,C1,B6,C1,amarela,0
8696,"miséria","miséria","miséria",B6,B6,noun,freq_corpus,0,7970,C1,B6,C1,"miséria",0
8697,cogumelos,cogumelos,cogumelos,B6,B6,noun,freq_corpus,0,7971,C1,B6,C1,cogumelos,0
8698,"deixámos","deixámos","deixámos",B6,B6,noun,freq_corpus,0,7972,C1,B6,C1,"deixámos",0
8699,amador,amador,amador,B6,B6,noun,freq_corpus,0,7973,C1,B6,C1,amador,0
8700,isolamento,isolamento,isolamento,B6,B6,noun,freq_corpus,0,7976,C1,B6,C1,isolamento,0
8701,custos,custos,custos,B6,B6,noun,freq_corpus,0,7977,C1,B6,C1,custos,0
8702,ash,ash,ash,B6,B6,noun,freq_corpus,0,7978,C1,B6,C1,ash,0
8703,religioso,religioso,religioso,B6,B6,noun,freq_corpus,0,7979,C1,B6,C1,religioso,0
8704,trazia,trazia,trazia,B6,B6,noun,freq_corpus,0,7982,C1,B6,C1,trazia,0
8705,simpatia,simpatia,simpatia,B6,B6,noun,freq_corpus,0,7984,C1,B6,C1,simpatia,0
8706,dawson,dawson,dawson,B6,B6,noun,freq_corpus,0,7985,C1,B6,C1,dawson,0
8707,"reação","reação","reação",B6,B6,noun,freq_corpus,0,7986,C1,B6,C1,"reação",0
8708,refiro,refiro,refiro,B6,B6,noun,freq_corpus,0,7987,C1,B6,C1,refiro,0
8709,marina,marina,marina,B6,B6,noun,freq_corpus,0,7988,C1,B6,C1,marina,0
8710,"táctica","táctica","táctica",B6,B6,noun,freq_corpus,0,7989,C1,B6,C1,"táctica",0
8711,artilharia,artilharia,artilharia,B6,B6,noun,freq_corpus,0,7990,C1,B6,C1,artilharia,0
8712,montgomery,montgomery,montgomery,B6,B6,noun,freq_corpus,0,7991,C1,B6,C1,montgomery,0
8713,tanner,tanner,tanner,B6,B6,noun,freq_corpus,0,7992,C1,B6,C1,tanner,0
8714,contratos,contratos,contratos,B6,B6,noun,freq_corpus,0,7993,C1,B6,C1,contratos,0
8715,vias,vias,vias,B6,B6,noun,freq_corpus,0,7994,C1,B6,C1,vias,0
8716,"leões","leões","leões",B6,B6,noun,freq_corpus,0,7995,C1,B6,C1,"leões",0
8717,mandem,mandem,mandem,B6,B6,noun,freq_corpus,0,7996,C1,B6,C1,mandem,0
8718,partidos,partidos,partidos,B6,B6,noun,freq_corpus,0,7997,C1,B6,C1,partidos,0
8719,jipe,jipe,jipe,B6,B6,noun,freq_corpus,0,7998,C1,B6,C1,jipe,0
8720,"línguas","línguas","línguas",B6,B6,noun,freq_corpus,0,7999,C1,B6,C1,"línguas",0
8721,hilariante,hilariante,hilariante,B6,B6,noun,freq_corpus,0,8000,C1,B6,C1,hilariante,0
8722,janela,"Что значит это слово?

janela","окно",2K,2K,noun,build:sample_jsonl:safe_promote_v2,0,1700,A2,2K,B1,house_home,0
8723,abel,"Что значит это слово?

abel","авель",10K,10K,noun,build:pilot_ptpt_001_enriched:safe_promote_v2,0,9946,,10K,C1,abel,0
8724,abordagem,"Что значит это слово?

abordagem","абордаж",5K,5K,noun,build:pilot_ptpt_001_enriched:safe_promote_v2,0,2815,,5K,B1,abordagem,0
8725,aborto,"Что значит это слово?

aborto","аборт",5K,5K,noun,build:pilot_ptpt_001_enriched:safe_promote_v2,0,4688,,5K,B2,aborto,0
8726,"abraço","Что значит это слово?

abraço","объятие",5K,5K,noun,build:pilot_ptpt_001_enriched:safe_promote_v2,0,3952,,5K,B2,"abraço",0
8727,abril,"Что значит это слово?

abril","апрель",1K,1K,noun,build:pilot_ptpt_001_enriched:safe_promote_v2,0,561,,1K,A2,abril,0
8728,"absorção","Что значит это слово?

absorção","абсорбция",20K,20K,noun,build:pilot_ptpt_001_enriched:safe_promote_v2,0,11780,,20K,C1,"absorção",0
8729,"abundância","Что значит это слово?

abundância","обилие",10K,10K,noun,build:pilot_ptpt_001_enriched:safe_promote_v2,0,9430,,10K,C1,"abundância",0
8730,academia,"Что значит это слово?

academia","академия",2K,2K,noun,build:pilot_ptpt_001_enriched:safe_promote_v2,0,1665,,2K,B1,academia,0
8731,"acadêmico","Что значит это слово?

acadêmico","академик",10K,10K,noun,build:pilot_ptpt_001_enriched:safe_promote_v2,0,5267,,10K,B2,"acadêmico",0
8732,acampamento,"Что значит это слово?

acampamento","кемпинг",5K,5K,noun,build:pilot_ptpt_001_enriched:safe_promote_v2,0,3954,,5K,B2,acampamento,0
8733,"aceitação","Что значит это слово?

aceitação","принятие",10K,10K,noun,build:pilot_ptpt_001_enriched:safe_promote_v2,0,5375,,10K,B2,"aceitação",0
8734,"aceleração","Что значит это слово?

aceleração","ускорение",10K,10K,noun,build:pilot_ptpt_001_enriched:safe_promote_v2,0,8844,,10K,C1,"aceleração",0
8735,acidente,"Что значит это слово?

acidente","авария",2K,2K,noun,build:pilot_ptpt_001_enriched:safe_promote_v2,0,1301,,2K,A2,acidente,0
8736,acomodar,"Что значит это слово?

acomodar","вмещать",20K,20K,verb,build:pilot_ptpt_001_enriched:safe_promote_v2,0,11572,,20K,C1,acomodar,0
8737,acompanhamento,"Что значит это слово?

acompanhamento","сопровождение",10K,10K,noun,build:pilot_ptpt_001_enriched:safe_promote_v2,0,5808,,10K,B2,acompanhamento,0
8738,acre,"Что значит это слово?

acre","акр",10K,10K,noun,build:pilot_ptpt_001_enriched:safe_promote_v2,0,6136,,10K,B2,acre,0
8739,"acústica","Что значит это слово?

acústica","акустика",20K,20K,noun,build:pilot_ptpt_001_enriched:safe_promote_v2,0,10639,,20K,C1,"acústica",0
8740,"adição","Что значит это слово?

adição","сложение",10K,10K,noun,build:pilot_ptpt_001_enriched:safe_promote_v2,0,8565,,10K,C1,"adição",0
8741,"administração","Что значит это слово?

administração","правление",2K,2K,noun,build:pilot_ptpt_001_enriched:safe_promote_v2,0,1135,,2K,A2,"administração",0
8742,admirar,"Что значит это слово?

admirar","восхищаться",20K,20K,verb,build:pilot_ptpt_001_enriched:safe_promote_v2,0,10822,,20K,C1,admirar,0
8743,adrenalina,"Что значит это слово?

adrenalina","адреналин",20K,20K,noun,build:pilot_ptpt_001_enriched:safe_promote_v2,0,11784,,20K,C1,adrenalina,0
8744,advogado,"Что значит это слово?

advogado","адвокат",2K,2K,noun,build:pilot_ptpt_001_enriched:safe_promote_v2,0,1377,,2K,A2,advogado,0
8745,"adão","Что значит это слово?

adão","адам",20K,20K,noun,build:pilot_ptpt_001_enriched:safe_promote_v2,0,11785,,20K,C1,"adão",0
8746,aeroporto,"Что значит это слово?

aeroporto","аэропорт",2K,2K,noun,build:pilot_ptpt_001_enriched:safe_promote_v2,0,1597,,2K,B1,aeroporto,0
8747,"afeganistão","Что значит это слово?

afeganistão","афганистан",10K,10K,noun,build:pilot_ptpt_001_enriched:safe_promote_v2,0,5377,,10K,B2,"afeganistão",0
8748,afonso,"Что значит это слово?

afonso","альфонс",5K,5K,noun,build:pilot_ptpt_001_enriched:safe_promote_v2,0,4366,,5K,B2,afonso,0
8749,ala,"Что значит это слово?

ala","крыло",10K,10K,noun,build:pilot_ptpt_001_enriched:safe_promote_v2,0,6137,,10K,B2,ala,0
8750,alarme,"Что значит это слово?

alarme","аларм",10K,10K,noun,build:pilot_ptpt_001_enriched:safe_promote_v2,0,8712,,10K,C1,alarme,0
8751,alberto,"Что значит это слово?

alberto","альберт",5K,5K,noun,build:pilot_ptpt_001_enriched:safe_promote_v2,0,3533,,5K,B2,alberto,0
8752,alcance,"Что значит это слово?

alcance","дальность",5K,5K,noun,build:pilot_ptpt_001_enriched:safe_promote_v2,0,2608,,5K,B1,alcance,0
8753,alegria,"Что значит это слово?

alegria","радость",2K,2K,noun,build:pilot_ptpt_001_enriched:safe_promote_v2,0,1696,,2K,B1,alegria,0
8754,alemanha,"Что значит это слово?

alemanha","германия",2K,2K,noun,build:pilot_ptpt_001_enriched:safe_promote_v2,0,1732,,2K,B1,alemanha,0
8755,"alemão","Что значит это слово?

alemão","неме́цкий",5K,5K,noun,build:pilot_ptpt_001_enriched:safe_promote_v2,0,2348,,5K,B1,"alemão",0
8756,alergia,"Что значит это слово?

alergia","аллергия",20K,20K,noun,build:pilot_ptpt_001_enriched:safe_promote_v2,0,11204,,20K,C1,alergia,0
8757,alessandro,"Что значит это слово?

alessandro","александр",20K,20K,noun,build:pilot_ptpt_001_enriched:safe_promote_v2,1,10121,,20K,C1,alessandro,0
8758,alexandre,"Что значит это слово?

alexandre","александр",5K,5K,noun,build:pilot_ptpt_001_enriched:safe_promote_v2,0,2609,,5K,B1,alexandre,0
8759,alfabeto,"Что значит это слово?

alfabeto","алфавит",20K,20K,noun,build:pilot_ptpt_001_enriched:safe_promote_v2,0,10643,,20K,C1,alfabeto,0
8760,alfredo,"Что значит это слово?

alfredo","альфред",10K,10K,noun,build:pilot_ptpt_001_enriched:safe_promote_v2,0,7856,,10K,C1,alfredo,0
8761,algoritmo,"Что значит это слово?

algoritmo","алгоритм",20K,20K,noun,build:pilot_ptpt_001_enriched:safe_promote_v2,0,11383,,20K,C1,algoritmo,0
8762,aliado,"Что значит это слово?

aliado","союзник",10K,10K,noun,build:pilot_ptpt_001_enriched:safe_promote_v2,0,5163,,10K,B2,aliado,0
8763,"almoço","Что значит это слово?

almoço","обед",2K,2K,noun,build:pilot_ptpt_001_enriched:safe_promote_v2,0,1835,,2K,B1,"almoço",0
8764,altar,"Что значит это слово?

altar","алтарь",10K,10K,noun,build:pilot_ptpt_001_enriched:safe_promote_v2,0,8141,,10K,C1,altar,0
8765,"alumínio","Что значит это слово?

alumínio","алюминий",10K,10K,noun,build:pilot_ptpt_001_enriched:safe_promote_v2,0,8847,,10K,C1,"alumínio",0
8766,aluno,"Что значит это слово?

aluno","ученик",5K,5K,noun,build:pilot_ptpt_001_enriched:safe_promote_v2,0,4036,,5K,B2,aluno,0
8767,"ambição","Что значит это слово?

ambição","амбиция",10K,10K,noun,build:pilot_ptpt_001_enriched:safe_promote_v2,0,9795,,10K,C1,"ambição",0
8768,"américa","Что значит это слово?

américa","америка",1K,1K,noun,build:pilot_ptpt_001_enriched:safe_promote_v2,0,578,,1K,A2,"américa",0
8769,analisar,"Что значит это слово?

analisar","анализировать",5K,5K,verb,build:pilot_ptpt_001_enriched:safe_promote_v2,0,3816,,5K,B2,analisar,0
8770,analista,"Что значит это слово?

analista","аналитик",10K,10K,noun,build:pilot_ptpt_001_enriched:safe_promote_v2,0,8420,,10K,C1,analista,0
8771,animal,"Что значит это слово?

animal","зверь",2K,2K,noun,build:pilot_ptpt_001_enriched:safe_promote_v2,0,1697,,2K,B1,animal,0
8772,anistia,"Что значит это слово?

anistia","амнистия",20K,20K,noun,build:pilot_ptpt_001_enriched:safe_promote_v2,0,11994,,20K,C1,anistia,0
8773,"aniversário","Что значит это слово?

aniversário","день рождения",2K,2K,noun,build:pilot_ptpt_001_enriched:safe_promote_v2,0,1003,,2K,A2,time_basic,0
8774,ansiedade,"Что значит это слово?

ansiedade","тревога",5K,5K,noun,build:pilot_ptpt_001_enriched:safe_promote_v2,0,4122,,5K,B2,ansiedade,0
8775,antena,"Что значит это слово?

antena","антенна",10K,10K,noun,build:pilot_ptpt_001_enriched:safe_promote_v2,0,8421,,10K,C1,antena,0
8776,antropologia,"Что значит это слово?

antropologia","антропология",20K,20K,noun,build:pilot_ptpt_001_enriched:safe_promote_v2,0,10999,,20K,C1,antropologia,0
8777,"antônio","Что значит это слово?

antônio","антон",5K,5K,noun,build:pilot_ptpt_001_enriched:safe_promote_v2,0,2553,,5K,B1,"antônio",0
8778,"análise","Что значит это слово?

análise","обзор",2K,2K,noun,build:pilot_ptpt_001_enriched:safe_promote_v2,0,1268,,2K,A2,"análise",0
8779,apartamento,"Что значит это слово?

apartamento","квартира",2K,2K,noun,build:pilot_ptpt_001_enriched:safe_promote_v2,0,1912,,2K,B1,house_home,0
8780,apelo,"Что значит это слово?

apelo","зов",10K,10K,noun,build:pilot_ptpt_001_enriched:safe_promote_v2,0,6263,,10K,B2,apelo,0
8781,apetite,"Что значит это слово?

apetite","аппетит",10K,10K,noun,build:pilot_ptpt_001_enriched:safe_promote_v2,0,9800,,10K,C1,apetite,0
8782,apocalipse,"Что значит это слово?

apocalipse","апокали́псис",10K,10K,noun,build:pilot_ptpt_001_enriched:safe_promote_v2,0,7728,,10K,C1,apocalipse,0
8783,"apresentação","Что значит это слово?

apresentação","подача",2K,2K,noun,build:pilot_ptpt_001_enriched:safe_promote_v2,0,1698,,2K,B1,"apresentação",0
8784,aproveitar,"Что значит это слово?

aproveitar","иметь выгоду",5K,5K,verb,build:pilot_ptpt_001_enriched:safe_promote_v2,0,2408,,5K,B1,time_basic,0
8785,aquecimento,"Что значит это слово?

aquecimento","oтопление",5K,5K,noun,build:pilot_ptpt_001_enriched:safe_promote_v2,0,4787,,5K,B2,aquecimento,0
8786,aranha,"Что значит это слово?

aranha","паук",5K,5K,noun,build:pilot_ptpt_001_enriched:safe_promote_v2,0,4446,,5K,B2,aranha,0
8787,arco,"Что значит это слово?

arco","лук",5K,5K,noun,build:pilot_ptpt_001_enriched:safe_promote_v2,0,4287,,5K,B2,arco,0
8788,are,"Что значит это слово?

are","ар",5K,5K,noun,build:pilot_ptpt_001_enriched:safe_promote_v2,0,4038,,5K,B2,are,0
8789,argentina,"Что значит это слово?

argentina","аргентина",2K,2K,noun,build:pilot_ptpt_001_enriched:safe_promote_v2,0,1269,,2K,A2,argentina,0
8790,argumento,"Что значит это слово?

argumento","аргумент",5K,5K,noun,build:pilot_ptpt_001_enriched:safe_promote_v2,0,3373,,5K,B1,argumento,0
8791,"argélia","Что значит это слово?

argélia","алжир",10K,10K,noun,build:pilot_ptpt_001_enriched:safe_promote_v2,0,7731,,10K,C1,"argélia",0
8792,arma,"Что значит это слово?

arma","оружие",2K,2K,noun,build:pilot_ptpt_001_enriched:safe_promote_v2,0,1913,,2K,B1,arma,0
8793,armadura,"Что значит это слово?

armadura","броня",10K,10K,noun,build:pilot_ptpt_001_enriched:safe_promote_v2,0,9441,,10K,C1,armadura,0
8794,armazenamento,"Что значит это слово?

armazenamento","откладывание",10K,10K,noun,build:pilot_ptpt_001_enriched:safe_promote_v2,0,6611,,10K,B2,armazenamento,0
8795,"arquipélago","Что значит это слово?

arquipélago","архипелаг",10K,10K,noun,build:pilot_ptpt_001_enriched:safe_promote_v2,0,9620,,10K,C1,"arquipélago",0
8796,arquiteto,"Что значит это слово?

arquiteto","архитектор",10K,10K,noun,build:pilot_ptpt_001_enriched:safe_promote_v2,0,6613,,10K,B2,arquiteto,0
8797,"articulação","Что значит это слово?

articulação","сустав",10K,10K,noun,build:pilot_ptpt_001_enriched:safe_promote_v2,0,7496,,10K,C1,"articulação",0
8798,artigo,"Что значит это слово?

artigo","артикль",1K,1K,noun,build:pilot_ptpt_001_enriched:safe_promote_v2,0,683,,1K,A2,artigo,0
8799,artista,"Что значит это слово?

artista","артист",2K,2K,noun,build:pilot_ptpt_001_enriched:safe_promote_v2,0,1455,,2K,A2,artista,0
8800,asa,"Что значит это слово?

asa","крыло",10K,10K,noun,build:pilot_ptpt_001_enriched:safe_promote_v2,0,7104,,10K,C1,asa,0
8801,asfalto,"Что значит это слово?

asfalto","асфальт",20K,20K,noun,build:pilot_ptpt_001_enriched:safe_promote_v2,0,11393,,20K,C1,asfalto,0
8802,assassino,"Что значит это слово?

assassino","убийца",5K,5K,noun,build:pilot_ptpt_001_enriched:safe_promote_v2,0,4613,,5K,B2,assassino,0
8803,atitude,"Что значит это слово?

atitude","установка",2K,2K,noun,build:pilot_ptpt_001_enriched:safe_promote_v2,0,1957,,2K,B1,atitude,0
8804,ativar,"Что значит это слово?

ativar","активизировать",20K,20K,verb,build:pilot_ptpt_001_enriched:safe_promote_v2,0,10312,,20K,C1,ativar,0
8805,atividade,"Что значит это слово?

atividade","активность",2K,2K,noun,build:pilot_ptpt_001_enriched:safe_promote_v2,0,1458,,2K,A2,atividade,0
8806,ativista,"Что значит это слово?

ativista","активист",10K,10K,noun,build:pilot_ptpt_001_enriched:safe_promote_v2,0,8425,,10K,C1,ativista,0
8807,atmosfera,"Что значит это слово?

atmosfera","атмосфера",5K,5K,noun,build:pilot_ptpt_001_enriched:safe_promote_v2,0,4204,,5K,B2,atmosfera,0
8808,"atração","Что значит это слово?

atração","достопримечательность",5K,5K,noun,build:pilot_ptpt_001_enriched:safe_promote_v2,0,4879,,5K,B2,"atração",0
8809,atriz,"Что значит это слово?

atriz","актриса",5K,5K,noun,build:pilot_ptpt_001_enriched:safe_promote_v2,0,2506,,5K,B1,atriz,0
8810,atualidade,"Что значит это слово?

atualidade","актуальность",10K,10K,noun,build:pilot_ptpt_001_enriched:safe_promote_v2,0,6736,,10K,B2,atualidade,0
8811,auditoria,"Что значит это слово?

auditoria","аудит",10K,10K,noun,build:pilot_ptpt_001_enriched:safe_promote_v2,0,8292,,10K,C1,auditoria,0
8812,"aurélio","Что значит это слово?

aurélio","аврелий",10K,10K,noun,build:pilot_ptpt_001_enriched:safe_promote_v2,0,9623,,10K,C1,"aurélio",0
8813,"ausência","Что значит это слово?

ausência","отсутствие",5K,5K,noun,build:pilot_ptpt_001_enriched:safe_promote_v2,0,2353,,5K,B1,"ausência",0
8814,"automóvel","Что значит это слово?

automóvel","машина",10K,10K,noun,build:pilot_ptpt_001_enriched:safe_promote_v2,0,6984,,10K,B2,transport_mobility,0
8815,autonomia,"Что значит это слово?

autonomia","автономия",5K,5K,noun,build:pilot_ptpt_001_enriched:safe_promote_v2,0,4041,,5K,B2,autonomia,0
8816,autoridade,"Что значит это слово?

autoridade","авторитет",2K,2K,noun,build:pilot_ptpt_001_enriched:safe_promote_v2,0,1699,,2K,B1,autoridade,0
8817,aventura,"Что значит это слово?

aventura","приключение",5K,5K,noun,build:pilot_ptpt_001_enriched:safe_promote_v2,0,3121,,5K,B1,aventura,0
8818,"aviação","Что значит это слово?

aviação","авиация",10K,10K,noun,build:pilot_ptpt_001_enriched:safe_promote_v2,0,9005,,10K,C1,"aviação",0
8819,"avó","Что значит это слово?

avó","бабушка",5K,5K,noun,build:pilot_ptpt_001_enriched:safe_promote_v2,0,3249,,5K,B1,"avó",0
8820,"avô","Что значит это слово?

avô","дед",5K,5K,noun,build:pilot_ptpt_001_enriched:safe_promote_v2,0,3962,,5K,B2,"avô",0
8821,azar,"Что значит это слово?

azar","невезение",10K,10K,noun,build:pilot_ptpt_001_enriched:safe_promote_v2,0,6840,,10K,B2,azar,0
8822,azeite,"Что значит это слово?

azeite","оливковое масло",20K,20K,noun,build:pilot_ptpt_001_enriched:safe_promote_v2,0,11810,,20K,C1,azeite,0
8823,"azerbaijão","Что значит это слово?

azerbaijão","азербайджан",10K,10K,noun,build:pilot_ptpt_001_enriched:safe_promote_v2,0,9959,,10K,C1,"azerbaijão",0
8824,"aço","Что значит это слово?

aço","сталь",5K,5K,noun,build:pilot_ptpt_001_enriched:safe_promote_v2,0,4209,,5K,B2,"aço",0
8825,bagagem,"Что значит это слово?

bagagem","багаж",10K,10K,noun,build:pilot_ptpt_001_enriched:safe_promote_v2,0,8293,,10K,C1,bagagem,0
8826,"bagunça","Что значит это слово?

bagunça","беспорядок",10K,10K,noun,build:pilot_ptpt_001_enriched:safe_promote_v2,0,5825,,10K,B2,"bagunça",0
8827,baile,"Что значит это слово?

baile","танец",5K,5K,noun,build:pilot_ptpt_001_enriched:safe_promote_v2,0,3664,,5K,B2,baile,0
8828,"balança","Что значит это слово?

balança","весы",10K,10K,noun,build:pilot_ptpt_001_enriched:safe_promote_v2,0,9006,,10K,C1,"balança",0
8829,"balanço","Что значит это слово?

balanço","баланс",10K,10K,noun,build:pilot_ptpt_001_enriched:safe_promote_v2,0,6987,,10K,B2,"balanço",0
8830,balde,"Что значит это слово?

balde","ведро",10K,10K,noun,build:pilot_ptpt_001_enriched:safe_promote_v2,0,8431,,10K,C1,balde,0
8831,baleia,"Что значит это слово?

baleia","кит",10K,10K,noun,build:pilot_ptpt_001_enriched:safe_promote_v2,0,9007,,10K,C1,baleia,0
8832,banana,"Что значит это слово?

banana","банан",10K,10K,noun,build:pilot_ptpt_001_enriched:safe_promote_v2,0,5826,,10K,B2,banana,0
8833,banca,"Что значит это слово?

banca","лоток",10K,10K,noun,build:pilot_ptpt_001_enriched:safe_promote_v2,0,9448,,10K,C1,banca,0
8834,bangladesh,"Что значит это слово?

bangladesh","бангладеш",20K,20K,noun,build:pilot_ptpt_001_enriched:safe_promote_v2,0,12002,,20K,C2,bangladesh,0
8835,banheira,"Что значит это слово?

banheira","ванна",10K,10K,noun,build:pilot_ptpt_001_enriched:safe_promote_v2,0,9295,,10K,C1,banheira,0
8836,barco,"Что значит это слово?

barco","лодка",5K,5K,noun,build:pilot_ptpt_001_enriched:safe_promote_v2,0,3745,,5K,B2,barco,0
8837,barriga,"Что значит это слово?

barriga","брюхо",5K,5K,noun,build:pilot_ptpt_001_enriched:safe_promote_v2,0,3665,,5K,B2,barriga,0
8838,"barão","Что значит это слово?

barão","барон",10K,10K,noun,build:pilot_ptpt_001_enriched:safe_promote_v2,0,8433,,10K,C1,"barão",0
8839,basquete,"Что значит это слово?

basquete","баскетбол",10K,10K,noun,build:pilot_ptpt_001_enriched:safe_promote_v2,0,5710,,10K,B2,basquete,0
8840,bateria,"Что значит это слово?

bateria","батарея",2K,2K,noun,build:pilot_ptpt_001_enriched:safe_promote_v2,0,1959,,2K,B1,bateria,0
8841,batom,"Что значит это слово?

batom","помада",10K,10K,noun,build:pilot_ptpt_001_enriched:safe_promote_v2,0,8154,,10K,C1,batom,0
8842,"baía","Что значит это слово?

baía","залив",10K,10K,noun,build:pilot_ptpt_001_enriched:safe_promote_v2,0,7499,,10K,C1,"baía",0
8843,bebida,"Что значит это слово?

bebida","напитки",5K,5K,noun,build:pilot_ptpt_001_enriched:safe_promote_v2,0,3124,,5K,B1,bebida,0
8844,beisebol,"Что значит это слово?

beisebol","бейсбол",20K,20K,noun,build:pilot_ptpt_001_enriched:safe_promote_v2,0,11398,,20K,C1,beisebol,0
8845,"belém","Что значит это слово?

belém","вифлеем",5K,5K,noun,build:pilot_ptpt_001_enriched:safe_promote_v2,0,4789,,5K,B2,"belém",0
8846,bento,"Что значит это слово?

bento","венедикт",5K,5K,noun,build:pilot_ptpt_001_enriched:safe_promote_v2,0,4375,,5K,B2,bento,0
8847,bernardo,"Что значит это слово?

bernardo","бернард",5K,5K,noun,build:pilot_ptpt_001_enriched:safe_promote_v2,0,4376,,5K,B2,bernardo,0
8848,biblioteca,"Что значит это слово?

biblioteca","библиотека",5K,5K,noun,build:pilot_ptpt_001_enriched:safe_promote_v2,0,2306,,5K,B1,biblioteca,0
8849,bicicleta,"Что значит это слово?

bicicleta","велосипед",5K,5K,noun,build:pilot_ptpt_001_enriched:safe_promote_v2,0,3375,,5K,B1,bicicleta,0
8850,bico,"Что значит это слово?

bico","клюв",10K,10K,noun,build:pilot_ptpt_001_enriched:safe_promote_v2,0,5914,,10K,B2,bico,0
8851,biodiversidade,"Что значит это слово?

biodiversidade","биоразнообразие",10K,10K,noun,build:pilot_ptpt_001_enriched:safe_promote_v2,0,5916,,10K,B2,biodiversidade,0
8852,biologia,"Что значит это слово?

biologia","биология",5K,5K,noun,build:pilot_ptpt_001_enriched:safe_promote_v2,0,4531,,5K,B2,biologia,0
8853,bit,"Что значит это слово?

bit","бит",20K,20K,noun,build:pilot_ptpt_001_enriched:safe_promote_v2,0,11815,,20K,C1,bit,0
8854,boate,"Что значит это слово?

boate","дискотека",10K,10K,noun,build:pilot_ptpt_001_enriched:safe_promote_v2,0,9450,,10K,C1,boate,0
8855,bocado,"Что значит это слово?

bocado","кусок",10K,10K,noun,build:pilot_ptpt_001_enriched:safe_promote_v2,0,6269,,10K,B2,bocado,0
8856,boi,"Что значит это слово?

boi","вол",10K,10K,noun,build:pilot_ptpt_001_enriched:safe_promote_v2,0,6270,,10K,B2,boi,0
8857,bolso,"Что значит это слово?

bolso","карман",5K,5K,noun,build:pilot_ptpt_001_enriched:safe_promote_v2,0,3667,,5K,B2,bolso,0
8858,"bolívia","Что значит это слово?

bolívia","боливия",5K,5K,noun,build:pilot_ptpt_001_enriched:safe_promote_v2,0,4703,,5K,B2,"bolívia",0
8859,bomba,"Что значит это слово?

bomba","бомба",5K,5K,noun,build:pilot_ptpt_001_enriched:safe_promote_v2,0,2356,,5K,B1,bomba,0
8860,boneca,"Что значит это слово?

boneca","кукла",10K,10K,noun,build:pilot_ptpt_001_enriched:safe_promote_v2,0,7502,,10K,C1,boneca,0
8861,borboleta,"Что значит это слово?

borboleta","бабочка",10K,10K,noun,build:pilot_ptpt_001_enriched:safe_promote_v2,0,8580,,10K,C1,borboleta,0
8862,bordo,"Что значит это слово?

bordo","клён",5K,5K,noun,build:pilot_ptpt_001_enriched:safe_promote_v2,0,3456,,5K,B1,bordo,0
8863,"botão","Что значит это слово?

botão","бутон",5K,5K,noun,build:pilot_ptpt_001_enriched:safe_promote_v2,0,4293,,5K,B2,"botão",0
8864,"braço","Что значит это слово?

braço","рука",5K,5K,noun,build:pilot_ptpt_001_enriched:safe_promote_v2,0,2130,,5K,B1,"braço",0
8865,brigada,"Что значит это слово?

brigada","бригада",10K,10K,noun,build:pilot_ptpt_001_enriched:safe_promote_v2,0,7605,,10K,C1,brigada,0
8866,brinca,"Что значит это слово?

brinca","шутка",10K,10K,noun,build:pilot_ptpt_001_enriched:safe_promote_v2,0,8300,,10K,C1,brinca,0
8867,brinquedo,"Что значит это слово?

brinquedo","игрушка",10K,10K,noun,build:pilot_ptpt_001_enriched:safe_promote_v2,0,6507,,10K,B2,brinquedo,0
8868,"britânico","Что значит это слово?

britânico","британец",5K,5K,noun,build:pilot_ptpt_001_enriched:safe_promote_v2,0,3885,,5K,B2,"britânico",0
8869,bruto,"Что значит это слово?

bruto","зверь",10K,10K,noun,build:pilot_ptpt_001_enriched:safe_promote_v2,0,5918,,10K,B2,bruto,0
8870,buceta,"Что значит это слово?

buceta","пизда",10K,10K,noun,build:pilot_ptpt_001_enriched:safe_promote_v2,0,7608,,10K,C1,buceta,0
8871,"bulgária","Что значит это слово?

bulgária","болгария",10K,10K,noun,build:pilot_ptpt_001_enriched:safe_promote_v2,0,7609,,10K,C1,"bulgária",0
8872,bunda,"Что значит это слово?

bunda","жопа",5K,5K,noun,build:pilot_ptpt_001_enriched:safe_promote_v2,0,3668,,5K,B2,bunda,0
8873,buraco,"Что значит это слово?

buraco","дыра",5K,5K,noun,build:pilot_ptpt_001_enriched:safe_promote_v2,0,4450,,5K,B2,buraco,0
8874,burocracia,"Что значит это слово?

burocracia","бюрократия",10K,10K,noun,build:pilot_ptpt_001_enriched:safe_promote_v2,0,9302,,10K,C1,burocracia,0
8875,"bélgica","Что значит это слово?

bélgica","бельгия",10K,10K,noun,build:pilot_ptpt_001_enriched:safe_promote_v2,0,7255,,10K,C1,"bélgica",0
8876,"bíblia","Что значит это слово?

bíblia","библия",5K,5K,noun,build:pilot_ptpt_001_enriched:safe_promote_v2,0,2862,,5K,B1,"bíblia",0
8877,cachoeira,"Что значит это слово?

cachoeira","водопад",10K,10K,noun,build:pilot_ptpt_001_enriched:safe_promote_v2,0,8726,,10K,C1,cachoeira,0
8878,cachorro,"Что значит это слово?

cachorro","собака",5K,5K,noun,build:pilot_ptpt_001_enriched:safe_promote_v2,0,2308,,5K,B1,cachorro,0
8879,cadeia,"Что значит это слово?

cadeia","цепь",2K,2K,noun,build:pilot_ptpt_001_enriched:safe_promote_v2,0,1838,,2K,B1,cadeia,0
8880,caderno,"Что значит это слово?

caderno","тетрадь",10K,10K,noun,build:pilot_ptpt_001_enriched:safe_promote_v2,0,6740,,10K,B2,caderno,0
8881,calcular,"Что значит это слово?

calcular","считать",20K,20K,verb,build:pilot_ptpt_001_enriched:safe_promote_v2,0,10664,,20K,C1,calcular,0
8882,"calendário","Что значит это слово?

calendário","календарь",5K,5K,noun,build:pilot_ptpt_001_enriched:safe_promote_v2,0,3310,,5K,B1,"calendário",0
8883,calibre,"Что значит это слово?

calibre","калибр",10K,10K,noun,build:pilot_ptpt_001_enriched:safe_promote_v2,0,9452,,10K,C1,calibre,0
8884,calma,"Что значит это слово?

calma","штиль",2K,2K,noun,build:pilot_ptpt_001_enriched:safe_promote_v2,0,1600,,2K,B1,calma,0
8885,calor,"Что значит это слово?

calor","жара",2K,2K,noun,build:pilot_ptpt_001_enriched:safe_promote_v2,0,1839,,2K,B1,calor,0
8886,camada,"Что значит это слово?

camada","слой",5K,5K,noun,build:pilot_ptpt_001_enriched:safe_promote_v2,0,4882,,5K,B2,camada,0
8887,"camarão","Что значит это слово?

camarão","креветка",10K,10K,noun,build:pilot_ptpt_001_enriched:safe_promote_v2,0,9012,,10K,C1,"camarão",0
8888,"camarões","Что значит это слово?

camarões","камерун",10K,10K,noun,build:pilot_ptpt_001_enriched:safe_promote_v2,0,8302,,10K,C1,"camarões",0
8889,"caminhão","Что значит это слово?

caminhão","грузовик",5K,5K,noun,build:pilot_ptpt_001_enriched:safe_promote_v2,0,4127,,5K,B2,"caminhão",0
8890,camisa,"Что значит это слово?

camisa","рубашка",5K,5K,noun,build:pilot_ptpt_001_enriched:safe_promote_v2,0,2132,,5K,B1,camisa,0
8891,camiseta,"Что значит это слово?

camiseta","майка",10K,10K,noun,build:pilot_ptpt_001_enriched:safe_promote_v2,0,6992,,10K,B2,camiseta,0
8892,"campeão","Что значит это слово?

campeão","чемпион",2K,2K,noun,build:pilot_ptpt_001_enriched:safe_promote_v2,0,1634,,2K,B1,"campeão",0
8893,"canadá","Что значит это слово?

canadá","канада",5K,5K,noun,build:pilot_ptpt_001_enriched:safe_promote_v2,0,2665,,5K,B1,"canadá",0
8894,canal,"Что значит это слово?

canal","канал",1K,1K,noun,build:pilot_ptpt_001_enriched:safe_promote_v2,0,736,,1K,A2,canal,0
8895,candidatura,"Что значит это слово?

candidatura","кандидату́ра",5K,5K,noun,build:pilot_ptpt_001_enriched:safe_promote_v2,0,4048,,5K,B2,candidatura,0
8896,caneta,"Что значит это слово?

caneta","ручка",10K,10K,noun,build:pilot_ptpt_001_enriched:safe_promote_v2,0,6384,,10K,B2,caneta,0
8897,caos,"Что значит это слово?

caos","беспорядок",5K,5K,noun,build:pilot_ptpt_001_enriched:safe_promote_v2,0,4128,,5K,B2,caos,0
8898,capela,"Что значит это слово?

capela","капелла",10K,10K,noun,build:pilot_ptpt_001_enriched:safe_promote_v2,0,7370,,10K,C1,capela,0
8899,capital,"Что значит это слово?

capital","капитал",1K,1K,noun,build:pilot_ptpt_001_enriched:safe_promote_v2,0,579,,1K,A2,capital,0
8900,capitalismo,"Что значит это слово?

capitalismo","капитализм",10K,10K,noun,build:pilot_ptpt_001_enriched:safe_promote_v2,0,6385,,10K,B2,capitalismo,0
8901,capitalista,"Что значит это слово?

capitalista","капиталист",10K,10K,noun,build:pilot_ptpt_001_enriched:safe_promote_v2,0,9149,,10K,C1,capitalista,0
8902,carbono,"Что значит это слово?

carbono","углерод",5K,5K,noun,build:pilot_ptpt_001_enriched:safe_promote_v2,0,4536,,5K,B2,carbono,0
8903,cardeal,"Что значит это слово?

cardeal","кардинал",10K,10K,noun,build:pilot_ptpt_001_enriched:safe_promote_v2,0,9969,,10K,C1,cardeal,0
8904,caridade,"Что значит это слово?

caridade","любовь",5K,5K,noun,build:pilot_ptpt_001_enriched:safe_promote_v2,0,4294,,5K,B2,caridade,0
8905,carlos,"Что значит это слово?

carlos","карл",1K,1K,noun,build:pilot_ptpt_001_enriched:safe_promote_v2,0,737,,1K,A2,carlos,0
8906,carnaval,"Что значит это слово?

carnaval","карнавал",2K,2K,noun,build:pilot_ptpt_001_enriched:safe_promote_v2,0,1353,,2K,A2,carnaval,0
8907,carne,"Что значит это слово?

carne","мясо",2K,2K,noun,build:pilot_ptpt_001_enriched:safe_promote_v2,0,1700,,2K,B1,carne,0
8908,carneiro,"Что значит это слово?

carneiro","баран",10K,10K,noun,build:pilot_ptpt_001_enriched:safe_promote_v2,0,7112,,10K,C1,carneiro,0
8909,carolina,"Что значит это слово?

carolina","каролина",5K,5K,noun,build:pilot_ptpt_001_enriched:safe_promote_v2,0,4705,,5K,B2,carolina,0
8910,carteira,"Что значит это слово?

carteira","бумажник",5K,5K,noun,build:pilot_ptpt_001_enriched:safe_promote_v2,0,3459,,5K,B1,carteira,0
8911,carvalho,"Что значит это слово?

carvalho","дуб",5K,5K,noun,build:pilot_ptpt_001_enriched:safe_promote_v2,0,2616,,5K,B1,carvalho,0
8912,categoria,"Что значит это слово?

categoria","категория",2K,2K,noun,build:pilot_ptpt_001_enriched:safe_promote_v2,0,1328,,2K,A2,categoria,0
8913,"catálogo","Что значит это слово?

catálogo","каталог",10K,10K,noun,build:pilot_ptpt_001_enriched:safe_promote_v2,0,7874,,10K,C1,"catálogo",0
8914,cavaleiro,"Что значит это слово?

cavaleiro","рыцарь",10K,10K,noun,build:pilot_ptpt_001_enriched:safe_promote_v2,0,5919,,10K,B2,cavaleiro,0
8915,caverna,"Что значит это слово?

caverna","пещера",10K,10K,noun,build:pilot_ptpt_001_enriched:safe_promote_v2,0,7741,,10K,C1,caverna,0
8916,"caçador","Что значит это слово?

caçador","охотник",10K,10K,noun,build:pilot_ptpt_001_enriched:safe_promote_v2,0,8440,,10K,C1,"caçador",0
8917,"cemitério","Что значит это слово?

cemitério","кладбище",5K,5K,noun,build:pilot_ptpt_001_enriched:safe_promote_v2,0,4980,,5K,B2,"cemitério",0
8918,censo,"Что значит это слово?

censo","перепись",10K,10K,noun,build:pilot_ptpt_001_enriched:safe_promote_v2,0,5830,,10K,B2,censo,0
8919,censura,"Что значит это слово?

censura","цензура",10K,10K,noun,build:pilot_ptpt_001_enriched:safe_promote_v2,0,6387,,10K,B2,shopping_money,0
8920,cerco,"Что значит это слово?

cerco","осада",10K,10K,noun,build:pilot_ptpt_001_enriched:safe_promote_v2,0,6512,,10K,B2,cerco,0
8921,certificado,"Что значит это слово?

certificado","грамота",10K,10K,noun,build:pilot_ptpt_001_enriched:safe_promote_v2,0,6150,,10K,B2,certificado,0
8922,"certificação","Что значит это слово?

certificação","сертификация",10K,10K,noun,build:pilot_ptpt_001_enriched:safe_promote_v2,0,9635,,10K,C1,"certificação",0
8923,"cerâmica","Что значит это слово?

cerâmica","керамика",10K,10K,noun,build:pilot_ptpt_001_enriched:safe_promote_v2,0,9455,,10K,C1,"cerâmica",0
8924,cesta,"Что значит это слово?

cesta","корзина",10K,10K,noun,build:pilot_ptpt_001_enriched:safe_promote_v2,0,9017,,10K,C1,cesta,0
8925,chance,"Что значит это слово?

chance","шанс",2K,2K,noun,build:pilot_ptpt_001_enriched:safe_promote_v2,0,1271,,2K,A2,chance,0
8926,chanceler,"Что значит это слово?

chanceler","канцлер",10K,10K,noun,build:pilot_ptpt_001_enriched:safe_promote_v2,0,9307,,10K,C1,chanceler,0
8927,"chapéu","Что значит это слово?

chapéu","шляпа",10K,10K,noun,build:pilot_ptpt_001_enriched:safe_promote_v2,0,6513,,10K,B2,"chapéu",0
8928,chat,"Что значит это слово?

chat","чат",10K,10K,noun,build:pilot_ptpt_001_enriched:safe_promote_v2,0,6996,,10K,B2,chat,0
8929,chegada,"Что значит это слово?

chegada","финиш",2K,2K,noun,build:pilot_ptpt_001_enriched:safe_promote_v2,0,1842,,2K,B1,chegada,0
8930,chile,"Что значит это слово?

chile","чили",5K,5K,noun,build:pilot_ptpt_001_enriched:safe_promote_v2,0,2468,,5K,B1,chile,0
8931,china,"Что значит это слово?

china","китайская народная республика",2K,2K,noun,build:pilot_ptpt_001_enriched:safe_promote_v2,0,1005,,2K,A2,china,0
8932,chipre,"Что значит это слово?

chipre","кипр",20K,20K,noun,build:pilot_ptpt_001_enriched:safe_promote_v2,0,10670,,20K,C1,chipre,0
8933,chumbo,"Что значит это слово?

chumbo","свинец",10K,10K,noun,build:pilot_ptpt_001_enriched:safe_promote_v2,0,7880,,10K,C1,chumbo,0
8934,chuveiro,"Что значит это слово?

chuveiro","душ",10K,10K,noun,build:pilot_ptpt_001_enriched:safe_promote_v2,0,8018,,10K,C1,chuveiro,0
8935,ciclone,"Что значит это слово?

ciclone","циклон",10K,10K,noun,build:pilot_ptpt_001_enriched:safe_promote_v2,0,9311,,10K,C1,ciclone,0
8936,cigarro,"Что значит это слово?

cigarro","сигарета",5K,5K,noun,build:pilot_ptpt_001_enriched:safe_promote_v2,0,4621,,5K,B2,cigarro,0
8937,cinema,"Что значит это слово?

cinema","кино",2K,2K,noun,build:pilot_ptpt_001_enriched:safe_promote_v2,0,1111,,2K,A2,cinema,0
8938,cinza,"Что значит это слово?

cinza","пепел",10K,10K,noun,build:pilot_ptpt_001_enriched:safe_promote_v2,0,5392,,10K,B2,cinza,0
8939,circo,"Что значит это слово?

circo","цирк",10K,10K,noun,build:pilot_ptpt_001_enriched:safe_promote_v2,0,5717,,10K,B2,circo,0
8940,ciro,"Что значит это слово?

ciro","кир",20K,20K,noun,build:pilot_ptpt_001_enriched:safe_promote_v2,0,10490,,20K,C1,ciro,0
8941,cirurgia,"Что значит это слово?

cirurgia","хирургия",5K,5K,noun,build:pilot_ptpt_001_enriched:safe_promote_v2,0,2668,,5K,B1,cirurgia,0
8942,"cirurgião","Что значит это слово?

cirurgião","хирург",10K,10K,noun,build:pilot_ptpt_001_enriched:safe_promote_v2,0,9154,,10K,C1,"cirurgião",0
8943,"citação","Что значит это слово?

citação","цитата",10K,10K,noun,build:pilot_ptpt_001_enriched:safe_promote_v2,0,7882,,10K,C1,"citação",0
8944,"ciência","Что значит это слово?

ciência","наука",2K,2K,noun,build:pilot_ptpt_001_enriched:safe_promote_v2,0,1272,,2K,A2,"ciência",0
8945,classe,"Что значит это слово?

classe","класс",2K,2K,noun,build:pilot_ptpt_001_enriched:safe_promote_v2,0,1112,,2K,A2,classe,0
8946,cliente,"Что значит это слово?

cliente","клиент",5K,5K,noun,build:pilot_ptpt_001_enriched:safe_promote_v2,0,2084,,5K,B1,cliente,0
8947,clima,"Что значит это слово?

clima","климат",2K,2K,noun,build:pilot_ptpt_001_enriched:safe_promote_v2,0,1525,,2K,B1,clima,0
8948,clipe,"Что значит это слово?

clipe","скрепка",5K,5K,noun,build:pilot_ptpt_001_enriched:safe_promote_v2,0,4622,,5K,B2,clipe,0
8949,clube,"Что значит это слово?

clube","клуб",1K,1K,noun,build:pilot_ptpt_001_enriched:safe_promote_v2,0,846,,1K,A2,clube,0
8950,"clã","Что значит это слово?

clã","клан",10K,10K,noun,build:pilot_ptpt_001_enriched:safe_promote_v2,0,8588,,10K,C1,"clã",0
8951,cobra,"Что значит это слово?

cobra","кобра",5K,5K,noun,build:pilot_ptpt_001_enriched:safe_promote_v2,0,4134,,5K,B2,cobra,0
8952,cobre,"Что значит это слово?

cobre","медь",5K,5K,noun,build:pilot_ptpt_001_enriched:safe_promote_v2,0,3888,,5K,B2,cobre,0
8953,"cocaína","Что значит это слово?

cocaína","кокаин",10K,10K,noun,build:pilot_ptpt_001_enriched:safe_promote_v2,0,6515,,10K,B2,"cocaína",0
8954,coelho,"Что значит это слово?

coelho","кролик",5K,5K,noun,build:pilot_ptpt_001_enriched:safe_promote_v2,0,3314,,5K,B1,coelho,0
8955,"coincidência","Что значит это слово?

coincidência","совпадение",5K,5K,noun,build:pilot_ptpt_001_enriched:safe_promote_v2,0,4983,,5K,B2,"coincidência",0
8956,colapso,"Что значит это слово?

colapso","глубокая депрессия",10K,10K,noun,build:pilot_ptpt_001_enriched:safe_promote_v2,0,5923,,10K,B2,colapso,0
8957,colher,"Что значит это слово?

colher","ложка",10K,10K,noun,build:pilot_ptpt_001_enriched:safe_promote_v2,0,6516,,10K,B2,colher,0
8958,"colisão","Что значит это слово?

colisão","столкновение",10K,10K,noun,build:pilot_ptpt_001_enriched:safe_promote_v2,0,9976,,10K,C1,"colisão",0
8959,coma,"Что значит это слово?

coma","кома",10K,10K,noun,build:pilot_ptpt_001_enriched:safe_promote_v2,0,5925,,10K,B2,coma,0
8960,comboio,"Что значит это слово?

comboio","поезд",10K,10K,noun,build:pilot_ptpt_001_enriched:safe_promote_v2,0,6275,,10K,B2,transport_mobility,0
8961,comediante,"Что значит это слово?

comediante","ко́мик",20K,20K,noun,build:pilot_ptpt_001_enriched:safe_promote_v2,0,10859,,20K,C1,comediante,0
8962,"comentário","Что значит это слово?

comentário","замечание",2K,2K,noun,build:pilot_ptpt_001_enriched:safe_promote_v2,0,1876,,2K,B1,"comentário",0
8963,comercial,"Что значит это слово?

comercial","реклама",2K,2K,noun,build:pilot_ptpt_001_enriched:safe_promote_v2,0,1354,,2K,A2,comercial,0
8964,"comissário","Что значит это слово?

comissário","стюард",10K,10K,noun,build:pilot_ptpt_001_enriched:safe_promote_v2,0,9155,,10K,C1,"comissário",0
8965,"compaixão","Что значит это слово?

compaixão","сочувствие",10K,10K,noun,build:pilot_ptpt_001_enriched:safe_promote_v2,0,9315,,10K,C1,"compaixão",0
8966,companhia,"Что значит это слово?

companhia","діло",1K,1K,noun,build:pilot_ptpt_001_enriched:safe_promote_v2,0,909,,1K,A2,companhia,0
8967,complexidade,"Что значит это слово?

complexidade","сложность",10K,10K,noun,build:pilot_ptpt_001_enriched:safe_promote_v2,0,6517,,10K,B2,complexidade,0
8968,compositor,"Что значит это слово?

compositor","композитор",10K,10K,noun,build:pilot_ptpt_001_enriched:safe_promote_v2,0,6154,,10K,B2,compositor,0
8969,comprimento,"Что значит это слово?

comprimento","длина",5K,5K,noun,build:pilot_ptpt_001_enriched:safe_promote_v2,0,4538,,5K,B2,comprimento,0
8970,computador,"Что значит это слово?

computador","компьютер",2K,2K,noun,build:pilot_ptpt_001_enriched:safe_promote_v2,0,1330,,2K,A2,computador,0
8971,comunismo,"Что значит это слово?

comunismo","коммунизм",10K,10K,noun,build:pilot_ptpt_001_enriched:safe_promote_v2,0,9821,,10K,C1,comunismo,0
8972,comunista,"Что значит это слово?

comunista","коммунист",5K,5K,noun,build:pilot_ptpt_001_enriched:safe_promote_v2,0,3381,,5K,B1,comunista,0
8973,"comédia","Что значит это слово?

comédia","комедия",5K,5K,noun,build:pilot_ptpt_001_enriched:safe_promote_v2,0,4987,,5K,B2,"comédia",0
8974,"comércio","Что значит это слово?

comércio","торговля",2K,2K,noun,build:pilot_ptpt_001_enriched:safe_promote_v2,0,1385,,2K,A2,"comércio",0
8975,conceito,"Что значит это слово?

conceito","концепт",2K,2K,noun,build:pilot_ptpt_001_enriched:safe_promote_v2,0,1527,,2K,B1,conceito,0
8976,concreto,"Что значит это слово?

concreto","бетон",10K,10K,noun,build:pilot_ptpt_001_enriched:safe_promote_v2,0,5507,,10K,B2,concreto,0
8977,concurso,"Что значит это слово?

concurso","конкурс",2K,2K,noun,build:pilot_ptpt_001_enriched:safe_promote_v2,0,1877,,2K,B1,concurso,0
8978,conde,"Что значит это слово?

conde","граф",10K,10K,noun,build:pilot_ptpt_001_enriched:safe_promote_v2,0,6156,,10K,B2,conde,0
8979,condenado,"Что значит это слово?

condenado","заключённый",5K,5K,noun,build:pilot_ptpt_001_enriched:safe_promote_v2,0,3190,,5K,B1,condenado,0
8980,conflito,"Что значит это слово?

conflito","конфликт",5K,5K,noun,build:pilot_ptpt_001_enriched:safe_promote_v2,0,2133,,5K,B1,conflito,0
8981,conjunto,"Что значит это слово?

conjunto","множество",2K,2K,noun,build:pilot_ptpt_001_enriched:safe_promote_v2,0,1044,,2K,A2,conjunto,0
8982,"consciência","Что значит это слово?

consciência","сознание",2K,2K,noun,build:pilot_ptpt_001_enriched:safe_promote_v2,0,1670,,2K,B1,"consciência",0
8983,"conspiração","Что значит это слово?

conspiração","конспирация",10K,10K,noun,build:pilot_ptpt_001_enriched:safe_promote_v2,0,5722,,10K,B2,"conspiração",0
8984,"constituição","Что значит это слово?

constituição","конституция",2K,2K,noun,build:pilot_ptpt_001_enriched:safe_promote_v2,0,1355,,2K,A2,"constituição",0
8985,consulado,"Что значит это слово?

consulado","ко́нсульство",10K,10K,noun,build:pilot_ptpt_001_enriched:safe_promote_v2,0,6747,,10K,B2,consulado,0
8986,consumo,"Что значит это слово?

consumo","потребление",5K,5K,noun,build:pilot_ptpt_001_enriched:safe_promote_v2,0,2134,,5K,B1,consumo,0
8987,contexto,"Что значит это слово?

contexto","контекст",2K,2K,noun,build:pilot_ptpt_001_enriched:safe_promote_v2,0,1637,,2K,B1,contexto,0
8988,continente,"Что значит это слово?

continente","континент",5K,5K,noun,build:pilot_ptpt_001_enriched:safe_promote_v2,0,3253,,5K,B1,continente,0
8989,contraste,"Что значит это слово?

contraste","контраст",10K,10K,noun,build:pilot_ptpt_001_enriched:safe_promote_v2,0,6395,,10K,B2,contraste,0
8990,contrato,"Что значит это слово?

contrato","договор",2K,2K,noun,build:pilot_ptpt_001_enriched:safe_promote_v2,0,1356,,2K,A2,contrato,0
8991,"contribuição","Что значит это слово?

contribuição","вклад",5K,5K,noun,build:pilot_ptpt_001_enriched:safe_promote_v2,0,3607,,5K,B2,"contribuição",0
8992,"convenção","Что значит это слово?

convenção","соглашение",5K,5K,noun,build:pilot_ptpt_001_enriched:safe_promote_v2,0,3318,,5K,B1,"convenção",0
8993,convidado,"Что значит это слово?

convidado","гость",5K,5K,noun,build:pilot_ptpt_001_enriched:safe_promote_v2,0,2935,,5K,B1,convidado,0
8994,"cooperação","Что значит это слово?

cooperação","сотрудничество",5K,5K,noun,build:pilot_ptpt_001_enriched:safe_promote_v2,0,3194,,5K,B1,work_employment,0
8995,copo,"Что значит это слово?

copo","стакан",5K,5K,noun,build:pilot_ptpt_001_enriched:safe_promote_v2,0,3195,,5K,B1,copo,0
8996,coragem,"Что значит это слово?

coragem","доблесть",2K,2K,noun,build:pilot_ptpt_001_enriched:safe_promote_v2,0,1603,,2K,B1,coragem,0
8997,coral,"Что значит это слово?

coral","коралл",10K,10K,noun,build:pilot_ptpt_001_enriched:safe_promote_v2,0,6280,,10K,B2,coral,0
8998,coro,"Что значит это слово?

coro","хор",10K,10K,noun,build:pilot_ptpt_001_enriched:safe_promote_v2,0,7264,,10K,C1,coro,0
8999,coroa,"Что значит это слово?

coroa","венец",5K,5K,noun,build:pilot_ptpt_001_enriched:safe_promote_v2,0,3000,,5K,B1,coroa,0
9000,correio,"Что значит это слово?

correio","почта",5K,5K,noun,build:pilot_ptpt_001_enriched:safe_promote_v2,0,3673,,5K,B2,correio,0
9001,corrente,"Что значит это слово?

corrente","цепь",5K,5K,noun,build:pilot_ptpt_001_enriched:safe_promote_v2,0,2313,,5K,B1,corrente,0
9002,cortina,"Что значит это слово?

cortina","штора",10K,10K,noun,build:pilot_ptpt_001_enriched:safe_promote_v2,0,9469,,10K,C1,cortina,0
9003,costas,"Что значит это слово?

costas","спина",2K,2K,noun,build:pilot_ptpt_001_enriched:safe_promote_v2,0,1739,,2K,B1,costas,0
9004,cozinha,"Что значит это слово?

cozinha","кухня",2K,2K,noun,build:pilot_ptpt_001_enriched:safe_promote_v2,0,1740,,2K,B1,house_home,0
9005,creme,"Что значит это слово?

creme","крем",10K,10K,noun,build:pilot_ptpt_001_enriched:safe_promote_v2,0,6046,,10K,B2,creme,0
9006,crise,"Что значит это слово?

crise","кризис",2K,2K,noun,build:pilot_ptpt_001_enriched:safe_promote_v2,0,1162,,2K,A2,crise,0
9007,cristal,"Что значит это слово?

cristal","стекло",10K,10K,noun,build:pilot_ptpt_001_enriched:safe_promote_v2,0,6526,,10K,B2,cristal,0
9008,cristianismo,"Что значит это слово?

cristianismo","христианство",10K,10K,noun,build:pilot_ptpt_001_enriched:safe_promote_v2,0,8595,,10K,C1,cristianismo,0
9009,"cristóvão","Что значит это слово?

cristóvão","христофор",20K,20K,noun,build:pilot_ptpt_001_enriched:safe_promote_v2,0,10870,,20K,C1,"cristóvão",0
9010,"croácia","Что значит это слово?

croácia","хорватия",10K,10K,noun,build:pilot_ptpt_001_enriched:safe_promote_v2,0,8875,,10K,C1,"croácia",0
9011,cruz,"Что значит это слово?

cruz","крест",2K,2K,noun,build:pilot_ptpt_001_enriched:safe_promote_v2,0,1606,,2K,B1,cruz,0
9012,"crítico","Что значит это слово?

crítico","критик",5K,5K,noun,build:pilot_ptpt_001_enriched:safe_promote_v2,0,3064,,5K,B1,"crítico",0
9013,"crônicas","Что значит это слово?

crônicas","ле́тописи",10K,10K,noun,build:pilot_ptpt_001_enriched:safe_promote_v2,0,9169,,10K,C1,"crônicas",0
9014,cuba,"Что значит это слово?

cuba","куба",5K,5K,noun,build:pilot_ptpt_001_enriched:safe_promote_v2,0,3549,,5K,B2,cuba,0
9015,curso,"Что значит это слово?

curso","курс",1K,1K,noun,build:pilot_ptpt_001_enriched:safe_promote_v2,0,847,,1K,A2,curso,0
9016,curva,"Что значит это слово?

curva","кривая",10K,10K,noun,build:pilot_ptpt_001_enriched:safe_promote_v2,0,5933,,10K,B2,curva,0
9017,"custódia","Что значит это слово?

custódia","попечение",10K,10K,noun,build:pilot_ptpt_001_enriched:safe_promote_v2,0,8317,,10K,C1,"custódia",0
9018,"cápsula","Что значит это слово?

cápsula","капсула",20K,20K,noun,build:pilot_ptpt_001_enriched:safe_promote_v2,0,11245,,20K,C1,"cápsula",0
9019,"câmera","Что значит это слово?

câmera","камера",5K,5K,noun,build:pilot_ptpt_001_enriched:safe_promote_v2,0,2181,,5K,B1,"câmera",0
9020,"câncer","Что значит это слово?

câncer","рак",2K,2K,noun,build:pilot_ptpt_001_enriched:safe_promote_v2,0,1607,,2K,B1,"câncer",0
9021,"cão","Что значит это слово?

cão","пёс",5K,5K,noun,build:pilot_ptpt_001_enriched:safe_promote_v2,0,3065,,5K,B1,"cão",0
9022,"célula","Что значит это слово?

célula","клетка",10K,10K,noun,build:pilot_ptpt_001_enriched:safe_promote_v2,0,8030,,10K,C1,"célula",0
9023,"cérebro","Что значит это слово?

cérebro","головной мозг",5K,5K,noun,build:pilot_ptpt_001_enriched:safe_promote_v2,0,2471,,5K,B1,"cérebro",0
9024,"césar","Что значит это слово?

césar","цезарь",5K,5K,noun,build:pilot_ptpt_001_enriched:safe_promote_v2,0,4218,,5K,B2,"césar",0
9025,"círculo","Что значит это слово?

círculo","круг",5K,5K,noun,build:pilot_ptpt_001_enriched:safe_promote_v2,0,3610,,5K,B2,"círculo",0
9026,"cúpula","Что значит это слово?

cúpula","купол",10K,10K,noun,build:pilot_ptpt_001_enriched:safe_promote_v2,0,6633,,10K,B2,"cúpula",0
9027,dado,"Что значит это слово?

dado","кость",2K,2K,noun,build:pilot_ptpt_001_enriched:safe_promote_v2,0,1067,,2K,A2,dado,0
9028,dama,"Что значит это слово?

dama","дама",5K,5K,noun,build:pilot_ptpt_001_enriched:safe_promote_v2,0,4460,,5K,B2,dama,0
9029,damasco,"Что значит это слово?

damasco","дамаск",20K,20K,noun,build:pilot_ptpt_001_enriched:safe_promote_v2,0,11246,,20K,C1,damasco,0
9030,daniel,"Что значит это слово?

daniel","даниил",2K,2K,noun,build:pilot_ptpt_001_enriched:safe_promote_v2,0,1529,,2K,B1,daniel,0
9031,"dança","Что значит это слово?

dança","танец",2K,2K,noun,build:pilot_ptpt_001_enriched:safe_promote_v2,0,1462,,2K,A2,"dança",0
9032,data,"Что значит это слово?

data","дата",1K,1K,noun,build:pilot_ptpt_001_enriched:safe_promote_v2,0,802,,1K,A2,data,0
9033,davi,"Что значит это слово?

davi","давид",10K,10K,noun,build:pilot_ptpt_001_enriched:safe_promote_v2,0,5182,,10K,B2,davi,0
9034,debate,"Что значит это слово?

debate","дебаты",5K,5K,noun,build:pilot_ptpt_001_enriched:safe_promote_v2,0,2270,,5K,B1,debate,0
9035,decreto,"Что значит это слово?

decreto","декрет",5K,5K,noun,build:pilot_ptpt_001_enriched:safe_promote_v2,0,2041,,5K,B1,decreto,0
9036,"dedicação","Что значит это слово?

dedicação","преданность",10K,10K,noun,build:pilot_ptpt_001_enriched:safe_promote_v2,0,7517,,10K,C1,food_daily,0
9037,defensor,"Что значит это слово?

defensor","защитник",10K,10K,noun,build:pilot_ptpt_001_enriched:safe_promote_v2,0,5081,,10K,B2,defensor,0
9038,del,"Что значит это слово?

del","набла",2K,2K,noun,build:pilot_ptpt_001_enriched:safe_promote_v2,0,1706,,2K,B1,del,0
9039,delegacia,"Что значит это слово?

delegacia","отделение милиции",5K,5K,noun,build:pilot_ptpt_001_enriched:safe_promote_v2,0,4055,,5K,B2,delegacia,0
9040,delta,"Что значит это слово?

delta","дельта",10K,10K,noun,build:pilot_ptpt_001_enriched:safe_promote_v2,0,7134,,10K,C1,delta,0
9041,demanda,"Что значит это слово?

demanda","спрос",5K,5K,noun,build:pilot_ptpt_001_enriched:safe_promote_v2,0,3255,,5K,B1,demanda,0
9042,democracia,"Что значит это слово?

democracia","демократия",5K,5K,noun,build:pilot_ptpt_001_enriched:safe_promote_v2,0,2184,,5K,B1,democracia,0
9043,"demônio","Что значит это слово?

demônio","демон",10K,10K,noun,build:pilot_ptpt_001_enriched:safe_promote_v2,0,5840,,10K,B2,"demônio",0
9044,densidade,"Что значит это слово?

densidade","плотность",10K,10K,noun,build:pilot_ptpt_001_enriched:safe_promote_v2,0,8603,,10K,C1,densidade,0
9045,dentista,"Что значит это слово?

dentista","дантист",10K,10K,noun,build:pilot_ptpt_001_enriched:safe_promote_v2,0,7386,,10K,C1,dentista,0
9046,"depressão","Что значит это слово?

depressão","депрессия",5K,5K,noun,build:pilot_ptpt_001_enriched:safe_promote_v2,0,2871,,5K,B1,"depressão",0
9047,deputado,"Что значит это слово?

deputado","депутат",2K,2K,noun,build:pilot_ptpt_001_enriched:safe_promote_v2,0,1188,,2K,A2,deputado,0
9048,descendente,"Что значит это слово?

descendente","потомок",20K,20K,noun,build:pilot_ptpt_001_enriched:safe_promote_v2,0,10692,,20K,C1,descendente,0
9049,"descrição","Что значит это слово?

descrição","описание",5K,5K,noun,build:pilot_ptpt_001_enriched:safe_promote_v2,0,2369,,5K,B1,"descrição",0
9050,desenho,"Что значит это слово?

desenho","рисунок",2K,2K,noun,build:pilot_ptpt_001_enriched:safe_promote_v2,0,1879,,2K,B1,desenho,0
9051,deserto,"Что значит это слово?

deserto","пустыня",5K,5K,noun,build:pilot_ptpt_001_enriched:safe_promote_v2,0,3978,,5K,B2,deserto,0
9052,designer,"Что значит это слово?

designer","дизайнер",10K,10K,noun,build:pilot_ptpt_001_enriched:safe_promote_v2,0,6404,,10K,B2,designer,0
9053,deslocamento,"Что значит это слово?

deslocamento","перемещение",10K,10K,noun,build:pilot_ptpt_001_enriched:safe_promote_v2,0,7622,,10K,C1,deslocamento,0
9054,despedida,"Что значит это слово?

despedida","прощание",10K,10K,noun,build:pilot_ptpt_001_enriched:safe_promote_v2,0,6407,,10K,B2,despedida,0
9055,"destruição","Что значит это слово?

destruição","разрушение",5K,5K,noun,build:pilot_ptpt_001_enriched:safe_promote_v2,0,2872,,5K,B1,"destruição",0
9056,desvio,"Что значит это слово?

desvio","отклонение",10K,10K,noun,build:pilot_ptpt_001_enriched:safe_promote_v2,0,7388,,10K,C1,desvio,0
9057,dever,"Что значит это слово?

dever","долг",5K,5K,noun,build:pilot_ptpt_001_enriched:safe_promote_v2,0,3068,,5K,B1,core_verbs,0
9058,dezembro,"Что значит это слово?

dezembro","декабрь",1K,1K,noun,build:pilot_ptpt_001_enriched:safe_promote_v2,0,552,,1K,A2,dezembro,0
9059,diabetes,"Что значит это слово?

diabetes","диабет",20K,20K,noun,build:pilot_ptpt_001_enriched:safe_promote_v2,0,11437,,20K,C1,diabetes,0
9060,diabo,"Что значит это слово?

diabo","дьявол",5K,5K,noun,build:pilot_ptpt_001_enriched:safe_promote_v2,0,3894,,5K,B2,diabo,0
9061,diamante,"Что значит это слово?

diamante","aлмаз",10K,10K,noun,build:pilot_ptpt_001_enriched:safe_promote_v2,0,7139,,10K,C1,diamante,0
9062,"dicionário","Что значит это слово?

dicionário","словарь",10K,10K,noun,build:pilot_ptpt_001_enriched:safe_promote_v2,0,6052,,10K,B2,"dicionário",0
9063,diferenciar,"Что значит это слово?

diferenciar","отличать",20K,20K,verb,build:pilot_ptpt_001_enriched:safe_promote_v2,0,11438,,20K,C1,diferenciar,0
9064,dignidade,"Что значит это слово?

dignidade","достоинство",5K,5K,noun,build:pilot_ptpt_001_enriched:safe_promote_v2,0,4220,,5K,B2,dignidade,0
9065,dilema,"Что значит это слово?

dilema","дилемма",20K,20K,noun,build:pilot_ptpt_001_enriched:safe_promote_v2,0,10696,,20K,C1,dilema,0
9066,dinamarca,"Что значит это слово?

dinamarca","дания",10K,10K,noun,build:pilot_ptpt_001_enriched:safe_promote_v2,0,8040,,10K,C1,dinamarca,0
9067,diplomata,"Что значит это слово?

diplomata","дипломат",20K,20K,noun,build:pilot_ptpt_001_enriched:safe_promote_v2,0,12039,,20K,C2,diplomata,0
9068,diretor,"Что значит это слово?

diretor","директор",1K,1K,noun,build:pilot_ptpt_001_enriched:safe_promote_v2,0,888,,1K,A2,diretor,0
9069,"diretório","Что значит это слово?

diretório","директория",20K,20K,noun,build:pilot_ptpt_001_enriched:safe_promote_v2,0,11439,,20K,C1,"diretório",0
9070,"direção","Что значит это слово?

direção","направление",1K,1K,noun,build:pilot_ptpt_001_enriched:safe_promote_v2,0,954,,1K,A2,"direção",0
9071,"discussão","Что значит это слово?

discussão","обсуждение",2K,2K,noun,build:pilot_ptpt_001_enriched:safe_promote_v2,0,1970,,2K,B1,"discussão",0
9072,"disposição","Что значит это слово?

disposição","расстановка",5K,5K,noun,build:pilot_ptpt_001_enriched:safe_promote_v2,0,3134,,5K,B1,"disposição",0
9073,"distinção","Что значит это слово?

distinção","разбор",10K,10K,noun,build:pilot_ptpt_001_enriched:safe_promote_v2,0,6169,,10K,B2,"distinção",0
9074,"distribuição","Что значит это слово?

distribuição","pаспределение",2K,2K,noun,build:pilot_ptpt_001_enriched:safe_promote_v2,0,1707,,2K,B1,"distribuição",0
9075,"distância","Что значит это слово?

distância","расстояние",2K,2K,noun,build:pilot_ptpt_001_enriched:safe_promote_v2,0,1332,,2K,A2,"distância",0
9076,ditador,"Что значит это слово?

ditador","диктатор",10K,10K,noun,build:pilot_ptpt_001_enriched:safe_promote_v2,0,9666,,10K,C1,ditador,0
9077,ditadura,"Что значит это слово?

ditadura","диктатура",5K,5K,noun,build:pilot_ptpt_001_enriched:safe_promote_v2,0,3135,,5K,B1,ditadura,0
9078,diversidade,"Что значит это слово?

diversidade","разнообразие",5K,5K,noun,build:pilot_ptpt_001_enriched:safe_promote_v2,0,3386,,5K,B1,diversidade,0
9079,"divórcio","Что значит это слово?

divórcio","развод",10K,10K,noun,build:pilot_ptpt_001_enriched:safe_promote_v2,0,5843,,10K,B2,"divórcio",0
9080,"diálogo","Что значит это слово?

diálogo","диалог",5K,5K,noun,build:pilot_ptpt_001_enriched:safe_promote_v2,0,3387,,5K,B1,"diálogo",0
9081,"diâmetro","Что значит это слово?

diâmetro","диаметр",10K,10K,noun,build:pilot_ptpt_001_enriched:safe_promote_v2,0,9179,,10K,C1,"diâmetro",0
9082,dna,"Что значит это слово?

dna","днк",5K,5K,noun,build:pilot_ptpt_001_enriched:safe_promote_v2,0,3981,,5K,B2,dna,0
9083,domingo,"Что значит это слово?

domingo","воскресенье",1K,1K,noun,build:pilot_ptpt_001_enriched:safe_promote_v2,0,889,,1K,A2,domingo,0
9084,dose,"Что значит это слово?

dose","доза",5K,5K,noun,build:pilot_ptpt_001_enriched:safe_promote_v2,0,4224,,5K,B2,dose,0
9085,doutor,"Что значит это слово?

doutor","доктор",5K,5K,noun,build:pilot_ptpt_001_enriched:safe_promote_v2,0,2628,,5K,B1,doutor,0
9086,doutrina,"Что значит это слово?

doutrina","доктрина",5K,5K,noun,build:pilot_ptpt_001_enriched:safe_promote_v2,0,4898,,5K,B2,doutrina,0
9087,"dragão","Что значит это слово?

dragão","змей",5K,5K,noun,build:pilot_ptpt_001_enriched:safe_promote_v2,0,4634,,5K,B2,"dragão",0
9088,drama,"Что значит это слово?

drama","драма",5K,5K,noun,build:pilot_ptpt_001_enriched:safe_promote_v2,0,2719,,5K,B1,drama,0
9089,duque,"Что значит это слово?

duque","герцог",10K,10K,noun,build:pilot_ptpt_001_enriched:safe_promote_v2,0,7145,,10K,C1,duque,0
9090,"década","Что значит это слово?

década","десятилетие",2K,2K,noun,build:pilot_ptpt_001_enriched:safe_promote_v2,0,1775,,2K,B1,"década",0
9091,"dólar","Что значит это слово?

dólar","доллар",10K,10K,noun,build:pilot_ptpt_001_enriched:safe_promote_v2,0,5412,,10K,B2,"dólar",0
9092,"dúzia","Что значит это слово?

dúzia","дюжина",10K,10K,noun,build:pilot_ptpt_001_enriched:safe_promote_v2,0,7630,,10K,C1,"dúzia",0
9093,eclipse,"Что значит это слово?

eclipse","затмение",10K,10K,noun,build:pilot_ptpt_001_enriched:safe_promote_v2,0,9669,,10K,C1,eclipse,0
9094,eco,"Что значит это слово?

eco","эхо",10K,10K,noun,build:pilot_ptpt_001_enriched:safe_promote_v2,0,7146,,10K,C1,eco,0
9095,ecologia,"Что значит это слово?

ecologia","экология",10K,10K,noun,build:pilot_ptpt_001_enriched:safe_promote_v2,0,9328,,10K,C1,ecologia,0
9096,economia,"Что значит это слово?

economia","экономика",1K,1K,noun,build:pilot_ptpt_001_enriched:safe_promote_v2,0,913,,1K,A2,economia,0
9097,economista,"Что значит это слово?

economista","экономист",10K,10K,noun,build:pilot_ptpt_001_enriched:safe_promote_v2,0,7631,,10K,C1,economista,0
9098,ecossistema,"Что значит это слово?

ecossistema","экосистема",20K,20K,noun,build:pilot_ptpt_001_enriched:safe_promote_v2,0,11055,,20K,C1,ecossistema,0
9099,eduardo,"Что значит это слово?

eduardo","эдуард",2K,2K,noun,build:pilot_ptpt_001_enriched:safe_promote_v2,0,1391,,2K,A2,eduardo,0
9100,"eficiência","Что значит это слово?

eficiência","эффективность",10K,10K,noun,build:pilot_ptpt_001_enriched:safe_promote_v2,0,6057,,10K,B2,"eficiência",0
9101,egito,"Что значит это слово?

egito","египет",5K,5K,noun,build:pilot_ptpt_001_enriched:safe_promote_v2,0,2721,,5K,B1,egito,0
9102,elefante,"Что значит это слово?

elefante","слоновые",10K,10K,noun,build:pilot_ptpt_001_enriched:safe_promote_v2,0,9481,,10K,C1,elefante,0
9103,eleitor,"Что значит это слово?

eleitor","избиратель",10K,10K,noun,build:pilot_ptpt_001_enriched:safe_promote_v2,0,6647,,10K,B2,eleitor,0
9104,"eletrônica","Что значит это слово?

eletrônica","электроника",5K,5K,noun,build:pilot_ptpt_001_enriched:safe_promote_v2,0,4143,,5K,B2,"eletrônica",0
9105,elevador,"Что значит это слово?

elevador","лифт",10K,10K,noun,build:pilot_ptpt_001_enriched:safe_promote_v2,0,7148,,10K,C1,elevador,0
9106,elias,"Что значит это слово?

elias","илия́",10K,10K,noun,build:pilot_ptpt_001_enriched:safe_promote_v2,0,8046,,10K,C1,elias,0
9107,embaixada,"Что значит это слово?

embaixada","посольство",5K,5K,noun,build:pilot_ptpt_001_enriched:safe_promote_v2,0,3390,,5K,B1,embaixada,0
9108,embaixador,"Что значит это слово?

embaixador","посол",5K,5K,noun,build:pilot_ptpt_001_enriched:safe_promote_v2,0,4556,,5K,B2,embaixador,0
9109,empatia,"Что значит это слово?

empatia","эмпатия",20K,20K,noun,build:pilot_ptpt_001_enriched:safe_promote_v2,0,12050,,20K,C2,empatia,0
9110,"empresário","Что значит это слово?

empresário","бизнесмен",5K,5K,noun,build:pilot_ptpt_001_enriched:safe_promote_v2,0,2874,,5K,B1,"empresário",0
9111,encomenda,"Что значит это слово?

encomenda","заказ",10K,10K,noun,build:pilot_ptpt_001_enriched:safe_promote_v2,0,8329,,10K,C1,encomenda,0
9112,energia,"Что значит это слово?

energia","энергия",1K,1K,noun,build:pilot_ptpt_001_enriched:safe_promote_v2,0,553,,1K,A2,energia,0
9113,enfermeira,"Что значит это слово?

enfermeira","медсестра",10K,10K,noun,build:pilot_ptpt_001_enriched:safe_promote_v2,0,9483,,10K,C1,enfermeira,0
9114,engano,"Что значит это слово?

engano","недоразумение",10K,10K,noun,build:pilot_ptpt_001_enriched:safe_promote_v2,0,5845,,10K,B2,engano,0
9115,engenheiro,"Что значит это слово?

engenheiro","инженер",5K,5K,noun,build:pilot_ptpt_001_enriched:safe_promote_v2,0,3983,,5K,B2,engenheiro,0
9116,ensaio,"Что значит это слово?

ensaio","эссе",5K,5K,noun,build:pilot_ptpt_001_enriched:safe_promote_v2,0,3472,,5K,B1,ensaio,0
9117,entrada,"Что значит это слово?

entrada","статья",1K,1K,noun,build:pilot_ptpt_001_enriched:safe_promote_v2,0,955,,1K,A2,entrada,0
9118,entretenimento,"Что значит это слово?

entretenimento","отдых",5K,5K,noun,build:pilot_ptpt_001_enriched:safe_promote_v2,0,4064,,5K,B2,entretenimento,0
9119,entrevista,"Что значит это слово?

entrevista","беседа",2K,2K,noun,build:pilot_ptpt_001_enriched:safe_promote_v2,0,1115,,2K,A2,food_daily,0
9120,epidemia,"Что значит это слово?

epidemia","эпидемия",10K,10K,noun,build:pilot_ptpt_001_enriched:safe_promote_v2,0,9332,,10K,C1,epidemia,0
9121,"episódio","Что значит это слово?

episódio","эпизод",2K,2K,noun,build:pilot_ptpt_001_enriched:safe_promote_v2,0,1333,,2K,A2,"episódio",0
9122,equador,"Что значит это слово?

equador","экватор",5K,5K,noun,build:pilot_ptpt_001_enriched:safe_promote_v2,0,4471,,5K,B2,equador,0
9123,"equação","Что значит это слово?

equação","уравнение",20K,20K,noun,build:pilot_ptpt_001_enriched:safe_promote_v2,0,10524,,20K,C1,"equação",0
9124,"equilíbrio","Что значит это слово?

equilíbrio","равновесие",5K,5K,noun,build:pilot_ptpt_001_enriched:safe_promote_v2,0,3326,,5K,B1,"equilíbrio",0
9125,equipamento,"Что значит это слово?

equipamento","снаряжение",5K,5K,noun,build:pilot_ptpt_001_enriched:safe_promote_v2,0,3072,,5K,B1,equipamento,0
9126,escalada,"Что значит это слово?

escalada","карабканье",10K,10K,noun,build:pilot_ptpt_001_enriched:safe_promote_v2,0,8048,,10K,C1,escalada,0
9127,"escalão","Что значит это слово?

escalão","звено́",10K,10K,noun,build:pilot_ptpt_001_enriched:safe_promote_v2,0,10000,,10K,C1,"escalão",0
9128,"escravidão","Что значит это слово?

escravidão","рабство",10K,10K,noun,build:pilot_ptpt_001_enriched:safe_promote_v2,0,5941,,10K,B2,"escravidão",0
9129,escrita,"Что значит это слово?

escrita","письмо",2K,2K,noun,build:pilot_ptpt_001_enriched:safe_promote_v2,0,1742,,2K,B1,escrita,0
9130,"escritório","Что значит это слово?

escritório","бюро",2K,2K,noun,build:pilot_ptpt_001_enriched:safe_promote_v2,0,1644,,2K,B1,"escritório",0
9131,escudo,"Что значит это слово?

escudo","щит",10K,10K,noun,build:pilot_ptpt_001_enriched:safe_promote_v2,0,7022,,10K,C1,escudo,0
9132,"esforço","Что значит это слово?

esforço","усилие",2K,2K,noun,build:pilot_ptpt_001_enriched:safe_promote_v2,0,1924,,2K,B1,"esforço",0
9133,espada,"Что значит это слово?

espada","меч",5K,5K,noun,build:pilot_ptpt_001_enriched:safe_promote_v2,0,4230,,5K,B2,espada,0
9134,espanhol,"Что значит это слово?

espanhol","испанский язык",2K,2K,noun,build:pilot_ptpt_001_enriched:safe_promote_v2,0,1534,,2K,B1,espanhol,0
9135,espectro,"Что значит это слово?

espectro","спектр",10K,10K,noun,build:pilot_ptpt_001_enriched:safe_promote_v2,0,8049,,10K,C1,espectro,0
9136,espelho,"Что значит это слово?

espelho","зеркало",5K,5K,noun,build:pilot_ptpt_001_enriched:safe_promote_v2,0,3393,,5K,B1,espelho,0
9137,espionagem,"Что значит это слово?

espionagem","шпионаж",10K,10K,noun,build:pilot_ptpt_001_enriched:safe_promote_v2,0,8762,,10K,C1,espionagem,0
9138,esporte,"Что значит это слово?

esporte","спорт",5K,5K,noun,build:pilot_ptpt_001_enriched:safe_promote_v2,0,2049,,5K,B1,esporte,0
9139,"espécie","Что значит это слово?

espécie","вид",2K,2K,noun,build:pilot_ptpt_001_enriched:safe_promote_v2,0,1334,,2K,A2,"espécie",0
9140,esquadra,"Что значит это слово?

esquadra","отделение",10K,10K,noun,build:pilot_ptpt_001_enriched:safe_promote_v2,0,7154,,10K,C1,esquadra,0
9141,esquerda,"Что значит это слово?

esquerda","левый",2K,2K,noun,build:pilot_ptpt_001_enriched:safe_promote_v2,0,1028,,2K,A2,esquerda,0
9142,estrangeiro,"Что значит это слово?

estrangeiro","иностранец",5K,5K,noun,build:pilot_ptpt_001_enriched:safe_promote_v2,0,3559,,5K,B2,estrangeiro,0
9143,estrela,"Что значит это слово?

estrela","звезда",2K,2K,noun,build:pilot_ptpt_001_enriched:safe_promote_v2,0,1975,,2K,B1,estrela,0
9144,estresse,"Что значит это слово?

estresse","стресс",10K,10K,noun,build:pilot_ptpt_001_enriched:safe_promote_v2,0,5096,,10K,B2,estresse,0
9145,"estátua","Что значит это слово?

estátua","статуя",10K,10K,noun,build:pilot_ptpt_001_enriched:safe_promote_v2,0,5944,,10K,B2,"estátua",0
9146,etanol,"Что значит это слово?

etanol","этанол",20K,20K,noun,build:pilot_ptpt_001_enriched:safe_promote_v2,0,11065,,20K,C1,etanol,0
9147,eternidade,"Что значит это слово?

eternidade","вечность",10K,10K,noun,build:pilot_ptpt_001_enriched:safe_promote_v2,0,7764,,10K,C1,eternidade,0
9148,"etiópia","Что значит это слово?

etiópia","эфиопия",10K,10K,noun,build:pilot_ptpt_001_enriched:safe_promote_v2,0,8764,,10K,C1,"etiópia",0
9149,europa,"Что значит это слово?

europa","европа",1K,1K,noun,build:pilot_ptpt_001_enriched:safe_promote_v2,0,785,,1K,A2,europa,0
9150,eva,"Что значит это слово?

eva","ева",10K,10K,noun,build:pilot_ptpt_001_enriched:safe_promote_v2,0,5097,,10K,B2,eva,0
9151,evoluir,"Что значит это слово?

evoluir","развива́ться",20K,20K,verb,build:pilot_ptpt_001_enriched:safe_promote_v2,1,10709,,20K,C1,evoluir,1
9152,"evolução","Что значит это слово?

evolução","эволюция",5K,5K,noun,build:pilot_ptpt_001_enriched:safe_promote_v2,0,2271,,5K,B1,"evolução",0
9153,exame,"Что значит это слово?

exame","экзамен",5K,5K,noun,build:pilot_ptpt_001_enriched:safe_promote_v2,0,3074,,5K,B1,exame,0
9154,"exceção","Что значит это слово?

exceção","отключение",5K,5K,noun,build:pilot_ptpt_001_enriched:safe_promote_v2,0,3327,,5K,B1,"exceção",0
9155,"expansão","Что значит это слово?

expansão","экспансия",5K,5K,noun,build:pilot_ptpt_001_enriched:safe_promote_v2,0,3075,,5K,B1,"expansão",0
9156,"expedição","Что значит это слово?

expedição","экспедиция",10K,10K,noun,build:pilot_ptpt_001_enriched:safe_promote_v2,0,7768,,10K,C1,"expedição",0
9157,"experiência","Что значит это слово?

experiência","опыт",1K,1K,noun,build:pilot_ptpt_001_enriched:safe_promote_v2,0,867,,1K,A2,"experiência",0
9158,expresso,"Что значит это слово?

expresso","эспрессо",10K,10K,noun,build:pilot_ptpt_001_enriched:safe_promote_v2,0,6878,,10K,B2,expresso,0
9159,"extração","Что значит это слово?

extração","розыгрыш",10K,10K,noun,build:pilot_ptpt_001_enriched:safe_promote_v2,0,6543,,10K,B2,"extração",0
9160,faca,"Что значит это слово?

faca","нож",5K,5K,noun,build:pilot_ptpt_001_enriched:safe_promote_v2,0,4903,,5K,B2,faca,0
9161,face,"Что значит это слово?

face",ru,2K,2K,noun,build:pilot_ptpt_001_enriched:safe_promote_v2,0,1395,,2K,A2,face,0
9162,fachada,"Что значит это слово?

fachada","фасад",10K,10K,noun,build:pilot_ptpt_001_enriched:safe_promote_v2,0,6651,,10K,B2,fachada,0
9163,"falcão","Что значит это слово?

falcão","сокол",10K,10K,noun,build:pilot_ptpt_001_enriched:safe_promote_v2,0,8476,,10K,C1,"falcão",0
9164,fantasia,"Что значит это слово?

fantasia","костюм",5K,5K,noun,build:pilot_ptpt_001_enriched:safe_promote_v2,0,3264,,5K,B1,fantasia,0
9165,fantasma,"Что значит это слово?

fantasma","привидения",10K,10K,noun,build:pilot_ptpt_001_enriched:safe_promote_v2,0,5197,,10K,B2,fantasma,0
9166,farinha,"Что значит это слово?

farinha","мука",10K,10K,noun,build:pilot_ptpt_001_enriched:safe_promote_v2,0,6654,,10K,B2,farinha,0
9167,"farmácia","Что значит это слово?

farmácia","аптека",10K,10K,noun,build:pilot_ptpt_001_enriched:safe_promote_v2,0,7286,,10K,C1,"farmácia",0
9168,farol,"Что значит это слово?

farol","маяк",10K,10K,noun,build:pilot_ptpt_001_enriched:safe_promote_v2,0,8197,,10K,C1,farol,0
9169,fator,"Что значит это слово?

fator","фактор",5K,5K,noun,build:pilot_ptpt_001_enriched:safe_promote_v2,0,4234,,5K,B2,fator,0
9170,favela,"Что значит это слово?

favela","трущобы",10K,10K,noun,build:pilot_ptpt_001_enriched:safe_promote_v2,0,6063,,10K,B2,favela,0
9171,febre,"Что значит это слово?

febre","лихорадка",5K,5K,noun,build:pilot_ptpt_001_enriched:safe_promote_v2,0,4152,,5K,B2,febre,0
9172,"feijão","Что значит это слово?

feijão","фасоль",10K,10K,noun,build:pilot_ptpt_001_enriched:safe_promote_v2,0,5737,,10K,B2,"feijão",0
9173,felicidade,"Что значит это слово?

felicidade","счастье",5K,5K,noun,build:pilot_ptpt_001_enriched:safe_promote_v2,0,2142,,5K,B1,time_basic,0
9174,feminismo,"Что значит это слово?

feminismo","феминизм",10K,10K,noun,build:pilot_ptpt_001_enriched:safe_promote_v2,0,7407,,10K,C1,feminismo,0
9175,ferida,"Что значит это слово?

ferida","рана",10K,10K,noun,build:pilot_ptpt_001_enriched:safe_promote_v2,0,6064,,10K,B2,ferida,0
9176,fernando,"Что значит это слово?

fernando","фердинанд",2K,2K,noun,build:pilot_ptpt_001_enriched:safe_promote_v2,0,1046,,2K,A2,fernando,0
9177,festival,"Что значит это слово?

festival","фестиваль",2K,2K,noun,build:pilot_ptpt_001_enriched:safe_promote_v2,0,1193,,2K,A2,festival,0
9178,fevereiro,"Что значит это слово?

fevereiro","февраль",1K,1K,noun,build:pilot_ptpt_001_enriched:safe_promote_v2,0,616,,1K,A2,fevereiro,0
9179,fez,"Что значит это слово?

fez","фес",1K,1K,noun,build:pilot_ptpt_001_enriched:safe_promote_v2,0,203,,1K,A1,fez,0
9180,fibra,"Что значит это слово?

fibra","волокно",10K,10K,noun,build:pilot_ptpt_001_enriched:safe_promote_v2,0,8479,,10K,C1,fibra,0
9181,fidelidade,"Что значит это слово?

fidelidade","верность",10K,10K,noun,build:pilot_ptpt_001_enriched:safe_promote_v2,0,8624,,10K,C1,fidelidade,0
9182,figura,"Что значит это слово?

figura","образ",2K,2K,noun,build:pilot_ptpt_001_enriched:safe_promote_v2,0,1929,,2K,B1,figura,0
9183,filipe,"Что значит это слово?

filipe","филип",5K,5K,noun,build:pilot_ptpt_001_enriched:safe_promote_v2,0,4729,,5K,B2,filipe,0
9184,filipinas,"Что значит это слово?

filipinas","филиппины",10K,10K,noun,build:pilot_ptpt_001_enriched:safe_promote_v2,0,5302,,10K,B2,filipinas,0
9185,filme,"Что значит это слово?

filme","фильм",1K,1K,noun,build:pilot_ptpt_001_enriched:safe_promote_v2,0,314,,1K,A1,filme,0
9186,filosofia,"Что значит это слово?

filosofia","философия",5K,5K,noun,build:pilot_ptpt_001_enriched:safe_promote_v2,0,2374,,5K,B1,filosofia,0
9187,filtro,"Что значит это слово?

filtro","фильтр",10K,10K,noun,build:pilot_ptpt_001_enriched:safe_promote_v2,0,8055,,10K,C1,filtro,0
9188,"filósofo","Что значит это слово?

filósofo","фило́соф",10K,10K,noun,build:pilot_ptpt_001_enriched:safe_promote_v2,0,8625,,10K,C1,"filósofo",0
9189,"finanças","Что значит это слово?

finanças","финансы",5K,5K,noun,build:pilot_ptpt_001_enriched:safe_promote_v2,0,4647,,5K,B2,bureaucracy_documents,0
9190,floresta,"Что значит это слово?

floresta","лес",2K,2K,noun,build:pilot_ptpt_001_enriched:safe_promote_v2,0,1745,,2K,B1,floresta,0
9191,"florianópolis","Что значит это слово?

florianópolis","флорианополис",10K,10K,noun,build:pilot_ptpt_001_enriched:safe_promote_v2,0,5950,,10K,B2,"florianópolis",0
9192,"flávio","Что значит это слово?

flávio","флавии",10K,10K,noun,build:pilot_ptpt_001_enriched:safe_promote_v2,0,5536,,10K,B2,"flávio",0
9193,foca,"Что значит это слово?

foca","тюлень",10K,10K,noun,build:pilot_ptpt_001_enriched:safe_promote_v2,0,8772,,10K,C1,foca,0
9194,foco,"Что значит это слово?

foco","фокус",2K,2K,noun,build:pilot_ptpt_001_enriched:safe_promote_v2,0,1491,,2K,A2,foco,0
9195,foder,"Что значит это слово?

foder","ети",5K,5K,verb,build:pilot_ptpt_001_enriched:safe_promote_v2,0,3562,,5K,B2,foder,0
9196,folha,"Что значит это слово?

folha","лист",2K,2K,noun,build:pilot_ptpt_001_enriched:safe_promote_v2,0,1930,,2K,B1,folha,0
9197,fomentar,"Что значит это слово?

fomentar","возбуждать",20K,20K,verb,build:pilot_ptpt_001_enriched:safe_promote_v2,0,11464,,20K,C1,fomentar,0
9198,formato,"Что значит это слово?

formato","формат",2K,2K,noun,build:pilot_ptpt_001_enriched:safe_promote_v2,0,1886,,2K,B1,formato,0
9199,formatura,"Что значит это слово?

formatura","окончание",10K,10K,noun,build:pilot_ptpt_001_enriched:safe_promote_v2,0,8483,,10K,C1,formatura,0
9200,forno,"Что значит это слово?

forno","печь",10K,10K,noun,build:pilot_ptpt_001_enriched:safe_promote_v2,0,7773,,10K,C1,forno,0
9201,foro,"Что значит это слово?

foro","форум",10K,10K,noun,build:pilot_ptpt_001_enriched:safe_promote_v2,0,9497,,10K,C1,foro,0
9202,fotografia,"Что значит это слово?

fotografia","фотография",2K,2K,noun,build:pilot_ptpt_001_enriched:safe_promote_v2,0,1887,,2K,B1,fotografia,0
9203,"fotógrafo","Что значит это слово?

fotógrafo","фотограф",10K,10K,noun,build:pilot_ptpt_001_enriched:safe_promote_v2,0,5427,,10K,B2,"fotógrafo",0
9204,francisco,"Что значит это слово?

francisco","франциск",2K,2K,noun,build:pilot_ptpt_001_enriched:safe_promote_v2,0,1311,,2K,A2,francisco,0
9205,"frança","Что значит это слово?

frança","франция",2K,2K,noun,build:pilot_ptpt_001_enriched:safe_promote_v2,0,1011,,2K,A2,"frança",0
9206,"frequência","Что значит это слово?

frequência","частота",5K,5K,noun,build:pilot_ptpt_001_enriched:safe_promote_v2,0,2577,,5K,B1,time_basic,0
9207,frota,"Что значит это слово?

frota","флот",5K,5K,noun,build:pilot_ptpt_001_enriched:safe_promote_v2,0,3771,,5K,B2,frota,0
9208,fruta,"Что значит это слово?

fruta","плод",10K,10K,noun,build:pilot_ptpt_001_enriched:safe_promote_v2,0,6424,,10K,B2,fruta,0
9209,fuga,"Что значит это слово?

fuga","побег",5K,5K,noun,build:pilot_ptpt_001_enriched:safe_promote_v2,0,3622,,5K,B2,fuga,0
9210,"fumaça","Что значит это слово?

fumaça","дым",5K,5K,noun,build:pilot_ptpt_001_enriched:safe_promote_v2,0,4818,,5K,B2,"fumaça",0
9211,fundamento,"Что значит это слово?

fundamento","основа",10K,10K,noun,build:pilot_ptpt_001_enriched:safe_promote_v2,0,9057,,10K,C1,fundamento,0
9212,funeral,"Что значит это слово?

funeral","похороны",10K,10K,noun,build:pilot_ptpt_001_enriched:safe_promote_v2,0,7414,,10K,C1,funeral,0
9213,"furacão","Что значит это слово?

furacão","буря",5K,5K,noun,build:pilot_ptpt_001_enriched:safe_promote_v2,0,4481,,5K,B2,"furacão",0
9214,futebol,"Что значит это слово?

futebol","футбол",1K,1K,noun,build:pilot_ptpt_001_enriched:safe_promote_v2,0,443,,1K,A1,futebol,0
9215,"félix","Что значит это слово?

félix","феликс",10K,10K,noun,build:pilot_ptpt_001_enriched:safe_promote_v2,0,9344,,10K,C1,"félix",0
9216,"fígado","Что значит это слово?

fígado","печень",10K,10K,noun,build:pilot_ptpt_001_enriched:safe_promote_v2,0,6298,,10K,B2,"fígado",0
9217,"física","Что значит это слово?

física","физика",2K,2K,noun,build:pilot_ptpt_001_enriched:safe_promote_v2,0,1399,,2K,A2,"física",0
9218,"físico","Что значит это слово?

físico","физик",5K,5K,noun,build:pilot_ptpt_001_enriched:safe_promote_v2,0,2837,,5K,B1,"físico",0
9219,"fórmula","Что значит это слово?

fórmula","формула",5K,5K,noun,build:pilot_ptpt_001_enriched:safe_promote_v2,0,3623,,5K,B2,"fórmula",0
9220,galeria,"Что значит это слово?

galeria","галерея",5K,5K,noun,build:pilot_ptpt_001_enriched:safe_promote_v2,0,3694,,5K,B2,galeria,0
9221,"galáxia","Что значит это слово?

galáxia","галактика",10K,10K,noun,build:pilot_ptpt_001_enriched:safe_promote_v2,0,8341,,10K,C1,"galáxia",0
9222,gana,"Что значит это слово?

gana","гана",20K,20K,noun,build:pilot_ptpt_001_enriched:safe_promote_v2,0,10539,,20K,C1,gana,0
9223,garantia,"Что значит это слово?

garantia","гарантия",5K,5K,noun,build:pilot_ptpt_001_enriched:safe_promote_v2,0,4072,,5K,B2,garantia,0
9224,garganta,"Что значит это слово?

garganta","зев",5K,5K,noun,build:pilot_ptpt_001_enriched:safe_promote_v2,0,4398,,5K,B2,garganta,0
9225,garrafa,"Что значит это слово?

garrafa","бутылка",5K,5K,noun,build:pilot_ptpt_001_enriched:safe_promote_v2,0,4911,,5K,B2,garrafa,0
9226,gasolina,"Что значит это слово?

gasolina","бензин",5K,5K,noun,build:pilot_ptpt_001_enriched:safe_promote_v2,0,4313,,5K,B2,gasolina,0
9227,gasto,"Что значит это слово?

gasto","затрата",10K,10K,noun,build:pilot_ptpt_001_enriched:safe_promote_v2,0,7644,,10K,C1,gasto,0
9228,gatilho,"Что значит это слово?

gatilho","спусковой крючок",10K,10K,noun,build:pilot_ptpt_001_enriched:safe_promote_v2,0,6890,,10K,B2,gatilho,0
9229,gaveta,"Что значит это слово?

gaveta","выдвижной ящик",20K,20K,noun,build:pilot_ptpt_001_enriched:safe_promote_v2,0,11475,,20K,C1,gaveta,0
9230,gene,"Что значит это слово?

gene","ген",10K,10K,noun,build:pilot_ptpt_001_enriched:safe_promote_v2,0,7160,,10K,C1,gene,0
9231,genebra,"Что значит это слово?

genebra","женева",10K,10K,noun,build:pilot_ptpt_001_enriched:safe_promote_v2,0,9345,,10K,C1,genebra,0
9232,general,"Что значит это слово?

general","генерал",2K,2K,noun,build:pilot_ptpt_001_enriched:safe_promote_v2,0,1240,,2K,A2,general,0
9233,gentileza,"Что значит это слово?

gentileza","доброта",10K,10K,noun,build:pilot_ptpt_001_enriched:safe_promote_v2,0,8903,,10K,C1,gentileza,0
9234,"genética","Что значит это слово?

genética","генетика",10K,10K,noun,build:pilot_ptpt_001_enriched:safe_promote_v2,0,6185,,10K,B2,"genética",0
9235,geografia,"Что значит это слово?

geografia","география",5K,5K,noun,build:pilot_ptpt_001_enriched:safe_promote_v2,0,3695,,5K,B2,geografia,0
9236,gesto,"Что значит это слово?

gesto","жест",10K,10K,noun,build:pilot_ptpt_001_enriched:safe_promote_v2,0,6186,,10K,B2,gesto,0
9237,"geórgia","Что значит это слово?

geórgia","грузия",5K,5K,noun,build:pilot_ptpt_001_enriched:safe_promote_v2,0,4913,,5K,B2,"geórgia",0
9238,gigante,"Что значит это слово?

gigante","гигант",5K,5K,noun,build:pilot_ptpt_001_enriched:safe_promote_v2,0,2884,,5K,B1,gigante,0
9239,"globalização","Что значит это слово?

globalização","глобализация",20K,20K,noun,build:pilot_ptpt_001_enriched:safe_promote_v2,0,11078,,20K,C1,"globalização",0
9240,goleiro,"Что значит это слово?

goleiro","вратарь",5K,5K,noun,build:pilot_ptpt_001_enriched:safe_promote_v2,0,3908,,5K,B2,goleiro,0
9241,golpe,"Что значит это слово?

golpe","путч",2K,2K,noun,build:pilot_ptpt_001_enriched:safe_promote_v2,0,1747,,2K,B1,golpe,0
9242,grama,"Что значит это слово?

grama","трава",10K,10K,noun,build:pilot_ptpt_001_enriched:safe_promote_v2,0,6662,,10K,B2,grama,0
9243,granada,"Что значит это слово?

granada","граната",10K,10K,noun,build:pilot_ptpt_001_enriched:safe_promote_v2,0,7921,,10K,C1,granada,0
9244,gravidez,"Что значит это слово?

gravidez","беременность",5K,5K,noun,build:pilot_ptpt_001_enriched:safe_promote_v2,0,4916,,5K,B2,gravidez,0
9245,"graça","Что значит это слово?

graça","помилование",2K,2K,noun,build:pilot_ptpt_001_enriched:safe_promote_v2,0,1400,,2K,A2,"graça",0
9246,greve,"Что значит это слово?

greve","стачка",5K,5K,noun,build:pilot_ptpt_001_enriched:safe_promote_v2,0,3406,,5K,B1,greve,0
9247,gripe,"Что значит это слово?

gripe","простуда",10K,10K,noun,build:pilot_ptpt_001_enriched:safe_promote_v2,0,6770,,10K,B2,gripe,0
9248,"grávida","Что значит это слово?

grávida","беременная",5K,5K,noun,build:pilot_ptpt_001_enriched:safe_promote_v2,0,3772,,5K,B2,"grávida",0
9249,guatemala,"Что значит это слово?

guatemala","гватемала",10K,10K,noun,build:pilot_ptpt_001_enriched:safe_promote_v2,0,7646,,10K,C1,guatemala,0
9250,guerreiro,"Что значит это слово?

guerreiro","воин",5K,5K,noun,build:pilot_ptpt_001_enriched:safe_promote_v2,0,4919,,5K,B2,guerreiro,0
9251,guiana,"Что значит это слово?

guiana","гайана",10K,10K,noun,build:pilot_ptpt_001_enriched:safe_promote_v2,0,8779,,10K,C1,guiana,0
9252,guilherme,"Что значит это слово?

guilherme","вильгельм",5K,5K,noun,build:pilot_ptpt_001_enriched:safe_promote_v2,0,3207,,5K,B1,guilherme,0
9253,"guiné","Что значит это слово?

guiné","гвинея",5K,5K,noun,build:pilot_ptpt_001_enriched:safe_promote_v2,0,4073,,5K,B2,"guiné",0
9254,guitarra,"Что значит это слово?

guitarra","гитара",10K,10K,noun,build:pilot_ptpt_001_enriched:safe_promote_v2,0,5744,,10K,B2,guitarra,0
9255,"gás","Что значит это слово?

gás","газ",2K,2K,noun,build:pilot_ptpt_001_enriched:safe_promote_v2,0,1748,,2K,B1,"gás",0
9256,"género","Что значит это слово?

género","жанр",5K,5K,noun,build:pilot_ptpt_001_enriched:safe_promote_v2,0,3838,,5K,B2,"género",0
9257,"gêmeos","Что значит это слово?

gêmeos","близнецы",10K,10K,noun,build:pilot_ptpt_001_enriched:safe_promote_v2,0,7416,,10K,C1,"gêmeos",0
9258,habilidade,"Что значит это слово?

habilidade","возможность",5K,5K,noun,build:pilot_ptpt_001_enriched:safe_promote_v2,0,3144,,5K,B1,habilidade,0
9259,haiti,"Что значит это слово?

haiti","гаити",10K,10K,noun,build:pilot_ptpt_001_enriched:safe_promote_v2,0,8780,,10K,C1,haiti,0
9260,"hambúrguer","Что значит это слово?

hambúrguer","гамбургер",10K,10K,noun,build:pilot_ptpt_001_enriched:safe_promote_v2,0,9349,,10K,C1,"hambúrguer",0
9261,harmonia,"Что значит это слово?

harmonia","гармония",10K,10K,noun,build:pilot_ptpt_001_enriched:safe_promote_v2,0,6070,,10K,B2,harmonia,0
9262,"helicóptero","Что значит это слово?

helicóptero","вертолёт",10K,10K,noun,build:pilot_ptpt_001_enriched:safe_promote_v2,0,7534,,10K,C1,"helicóptero",0
9263,henrique,"Что значит это слово?

henrique","генрих",5K,5K,noun,build:pilot_ptpt_001_enriched:safe_promote_v2,0,2054,,5K,B1,henrique,0
9264,"herança","Что значит это слово?

herança","наследие",5K,5K,noun,build:pilot_ptpt_001_enriched:safe_promote_v2,0,4563,,5K,B2,"herança",0
9265,herdeiro,"Что значит это слово?

herdeiro","наследник",10K,10K,noun,build:pilot_ptpt_001_enriched:safe_promote_v2,0,9351,,10K,C1,herdeiro,0
9266,"heroína","Что значит это слово?

heroína","героин",10K,10K,noun,build:pilot_ptpt_001_enriched:safe_promote_v2,0,9858,,10K,C1,"heroína",0
9267,hino,"Что значит это слово?

hino","гимн",5K,5K,noun,build:pilot_ptpt_001_enriched:safe_promote_v2,0,4238,,5K,B2,hino,0
9268,hipocrisia,"Что значит это слово?

hipocrisia","лицемерие",10K,10K,noun,build:pilot_ptpt_001_enriched:safe_promote_v2,0,8489,,10K,C1,hipocrisia,0
9269,"hipótese","Что значит это слово?

hipótese","гипотеза",5K,5K,noun,build:pilot_ptpt_001_enriched:safe_promote_v2,0,3083,,5K,B1,"hipótese",0
9270,holanda,"Что значит это слово?

holanda","нидерланды",10K,10K,noun,build:pilot_ptpt_001_enriched:safe_promote_v2,0,5204,,10K,B2,holanda,0
9271,holocausto,"Что значит это слово?

holocausto","холокост",20K,20K,noun,build:pilot_ptpt_001_enriched:safe_promote_v2,0,11081,,20K,C1,holocausto,0
9272,homenagem,"Что значит это слово?

homenagem","почитание",2K,2K,noun,build:pilot_ptpt_001_enriched:safe_promote_v2,0,1847,,2K,B1,homenagem,0
9273,homofobia,"Что значит это слово?

homofobia","гомофобия",20K,20K,noun,build:pilot_ptpt_001_enriched:safe_promote_v2,0,11082,,20K,C1,homofobia,0
9274,homossexual,"Что значит это слово?

homossexual","пидор",10K,10K,noun,build:pilot_ptpt_001_enriched:safe_promote_v2,0,8907,,10K,C1,homossexual,0
9275,honduras,"Что значит это слово?

honduras","гондурас",10K,10K,noun,build:pilot_ptpt_001_enriched:safe_promote_v2,0,8908,,10K,C1,honduras,0
9276,horizonte,"Что значит это слово?

horizonte","горизонт",5K,5K,noun,build:pilot_ptpt_001_enriched:safe_promote_v2,0,2189,,5K,B1,horizonte,0
9277,horror,"Что значит это слово?

horror","ужас",10K,10K,noun,build:pilot_ptpt_001_enriched:safe_promote_v2,0,5205,,10K,B2,horror,0
9278,horta,"Что значит это слово?

horta","огород",10K,10K,noun,build:pilot_ptpt_001_enriched:safe_promote_v2,0,7168,,10K,C1,horta,0
9279,hotel,"Что значит это слово?

hotel","гостиница",2K,2K,noun,build:pilot_ptpt_001_enriched:safe_promote_v2,0,1241,,2K,A2,hotel,0
9280,hugo,"Что значит это слово?

hugo","хью",5K,5K,noun,build:pilot_ptpt_001_enriched:safe_promote_v2,0,3408,,5K,B1,hugo,0
9281,humberto,"Что значит это слово?

humberto","гумберт",20K,20K,noun,build:pilot_ptpt_001_enriched:safe_promote_v2,0,10903,,20K,C1,humberto,0
9282,humor,"Что значит это слово?

humor","юмор",2K,2K,noun,build:pilot_ptpt_001_enriched:safe_promote_v2,0,1815,,2K,B1,humor,0
9283,hungria,"Что значит это слово?

hungria","венгрия",10K,10K,noun,build:pilot_ptpt_001_enriched:safe_promote_v2,0,5958,,10K,B2,hungria,0
9284,"hábito","Что значит это слово?

hábito","привычка",10K,10K,noun,build:pilot_ptpt_001_enriched:safe_promote_v2,0,5854,,10K,B2,"hábito",0
9285,ideal,"Что значит это слово?

ideal","идеал",5K,5K,noun,build:pilot_ptpt_001_enriched:safe_promote_v2,0,3145,,5K,B1,ideal,0
9286,ideologia,"Что значит это слово?

ideologia","идеология",10K,10K,noun,build:pilot_ptpt_001_enriched:safe_promote_v2,0,6192,,10K,B2,ideologia,0
9287,idioma,"Что значит это слово?

idioma","язык",5K,5K,noun,build:pilot_ptpt_001_enriched:safe_promote_v2,0,4316,,5K,B2,idioma,0
9288,idiota,"Что значит это слово?

idiota","идиот",5K,5K,noun,build:pilot_ptpt_001_enriched:safe_promote_v2,0,2191,,5K,B1,idiota,0
9289,ido,"Что значит это слово?

ido","идо",5K,5K,noun,build:pilot_ptpt_001_enriched:safe_promote_v2,0,3480,,5K,B1,ido,0
9290,igor,"Что значит это слово?

igor","игорь",10K,10K,noun,build:pilot_ptpt_001_enriched:safe_promote_v2,0,6193,,10K,B2,igor,0
9291,igualdade,"Что значит это слово?

igualdade","равенство",5K,5K,noun,build:pilot_ptpt_001_enriched:safe_promote_v2,0,3909,,5K,B2,igualdade,0
9292,"imaginação","Что значит это слово?

imaginação","воображение",5K,5K,noun,build:pilot_ptpt_001_enriched:safe_promote_v2,0,4734,,5K,B2,"imaginação",0
9293,imbecil,"Что значит это слово?

imbecil","дура",10K,10K,noun,build:pilot_ptpt_001_enriched:safe_promote_v2,0,9696,,10K,C1,imbecil,0
9294,"imigração","Что значит это слово?

imigração","иммиграция",10K,10K,noun,build:pilot_ptpt_001_enriched:safe_promote_v2,0,5208,,10K,B2,"imigração",0
9295,"importação","Что значит это слово?

importação","импорт",10K,10K,noun,build:pilot_ptpt_001_enriched:safe_promote_v2,0,9510,,10K,C1,"importação",0
9296,imposto,"Что значит это слово?

imposto","налог",5K,5K,noun,build:pilot_ptpt_001_enriched:safe_promote_v2,0,3841,,5K,B2,bureaucracy_documents,0
9297,"impressão","Что значит это слово?

impressão","впечатление",5K,5K,noun,build:pilot_ptpt_001_enriched:safe_promote_v2,0,2518,,5K,B1,"impressão",0
9298,impulso,"Что значит это слово?

impulso","порыв",10K,10K,noun,build:pilot_ptpt_001_enriched:safe_promote_v2,0,5748,,10K,B2,impulso,0
9299,incentivo,"Что значит это слово?

incentivo","сти́мул",10K,10K,noun,build:pilot_ptpt_001_enriched:safe_promote_v2,0,6302,,10K,B2,incentivo,0
9300,"independência","Что значит это слово?

independência","независимость",2K,2K,noun,build:pilot_ptpt_001_enriched:safe_promote_v2,0,1980,,2K,B1,"independência",0
9301,"indonésia","Что значит это слово?

indonésia","индонезия",10K,10K,noun,build:pilot_ptpt_001_enriched:safe_promote_v2,0,5311,,10K,B2,"indonésia",0
9302,"indústria","Что значит это слово?

indústria","индустрия",2K,2K,noun,build:pilot_ptpt_001_enriched:safe_promote_v2,0,1171,,2K,A2,"indústria",0
9303,infarto,"Что значит это слово?

infarto","инфаркт",20K,20K,noun,build:pilot_ptpt_001_enriched:safe_promote_v2,0,12085,,20K,C2,infarto,0
9304,"infecção","Что значит это слово?

infecção","инфекция",10K,10K,noun,build:pilot_ptpt_001_enriched:safe_promote_v2,0,5749,,10K,B2,"infecção",0
9305,"inflação","Что значит это слово?

inflação","инфляция",10K,10K,noun,build:pilot_ptpt_001_enriched:safe_promote_v2,0,6664,,10K,B2,"inflação",0
9306,"informação","Что значит это слово?

informação","информация",1K,1K,noun,build:pilot_ptpt_001_enriched:safe_promote_v2,0,564,,1K,A2,"informação",0
9307,"informática","Что значит это слово?

informática","информатика",10K,10K,noun,build:pilot_ptpt_001_enriched:safe_promote_v2,0,5961,,10K,B2,"informática",0
9308,infraestrutura,"Что значит это слово?

infraestrutura","инфраструктуры",5K,5K,noun,build:pilot_ptpt_001_enriched:safe_promote_v2,0,3268,,5K,B1,infraestrutura,0
9309,"infância","Что значит это слово?

infância","детство",2K,2K,noun,build:pilot_ptpt_001_enriched:safe_promote_v2,0,1932,,2K,B1,"infância",0
9310,iniciativa,"Что значит это слово?

iniciativa","инициатива",2K,2K,noun,build:pilot_ptpt_001_enriched:safe_promote_v2,0,1816,,2K,B1,iniciativa,0
9311,"injeção","Что значит это слово?

injeção","инъекция",10K,10K,noun,build:pilot_ptpt_001_enriched:safe_promote_v2,0,9512,,10K,C1,"injeção",0
9312,"injustiça","Что значит это слово?

injustiça","несправедливость",10K,10K,noun,build:pilot_ptpt_001_enriched:safe_promote_v2,0,8065,,10K,C1,"injustiça",0
9313,"inocência","Что значит это слово?

inocência","невинность",10K,10K,noun,build:pilot_ptpt_001_enriched:safe_promote_v2,0,7784,,10K,C1,"inocência",0
9314,"inovação","Что значит это слово?

inovação","инновация",5K,5K,noun,build:pilot_ptpt_001_enriched:safe_promote_v2,0,4829,,5K,B2,"inovação",0
9315,inseto,"Что значит это слово?

inseto","насекомое",10K,10K,noun,build:pilot_ptpt_001_enriched:safe_promote_v2,0,9063,,10K,C1,inseto,0
9316,"instalação","Что значит это слово?

instalação","устано́вка",5K,5K,noun,build:pilot_ptpt_001_enriched:safe_promote_v2,0,2951,,5K,B1,"instalação",0
9317,instituto,"Что значит это слово?

instituto","институт",1K,1K,noun,build:pilot_ptpt_001_enriched:safe_promote_v2,0,897,,1K,A2,instituto,0
9318,instrutor,"Что значит это слово?

instrutor","инструктор",10K,10K,noun,build:pilot_ptpt_001_enriched:safe_promote_v2,0,9870,,10K,C1,instrutor,0
9319,"instrução","Что значит это слово?

instrução","образование",10K,10K,noun,build:pilot_ptpt_001_enriched:safe_promote_v2,0,6079,,10K,B2,"instrução",0
9320,integral,"Что значит это слово?

integral","интеграл",5K,5K,noun,build:pilot_ptpt_001_enriched:safe_promote_v2,0,4486,,5K,B2,integral,0
9321,"intenção","Что значит это слово?

intenção","намерение",2K,2K,noun,build:pilot_ptpt_001_enriched:safe_promote_v2,0,1891,,2K,B1,"intenção",0
9322,interessar,"Что значит это слово?

interessar","интересовать",10K,10K,verb,build:pilot_ptpt_001_enriched:safe_promote_v2,0,9872,,10K,C1,interessar,0
9323,interface,"Что значит это слово?

interface","интерфейс",10K,10K,noun,build:pilot_ptpt_001_enriched:safe_promote_v2,0,5863,,10K,B2,interface,0
9324,interpretar,"Что значит это слово?

interpretar","интерпретировать",10K,10K,verb,build:pilot_ptpt_001_enriched:safe_promote_v2,0,7172,,10K,C1,interpretar,0
9325,intervalo,"Что значит это слово?

intervalo","интервал",5K,5K,noun,build:pilot_ptpt_001_enriched:safe_promote_v2,0,3912,,5K,B2,intervalo,0
9326,"intuição","Что значит это слово?

intuição","интуиция",20K,20K,noun,build:pilot_ptpt_001_enriched:safe_promote_v2,0,10911,,20K,C1,"intuição",0
9327,"invasão","Что значит это слово?

invasão","вторжение",5K,5K,noun,build:pilot_ptpt_001_enriched:safe_promote_v2,0,3149,,5K,B1,"invasão",0
9328,inventar,"Что значит это слово?

inventar","выдумывать",10K,10K,verb,build:pilot_ptpt_001_enriched:safe_promote_v2,1,7931,,10K,C1,inventar,1
9329,"inventário","Что значит это слово?

inventário","инвентаризация",20K,20K,noun,build:pilot_ptpt_001_enriched:safe_promote_v2,0,11658,,20K,C1,"inventário",0
9330,"invenção","Что значит это слово?

invenção","изобретение",10K,10K,noun,build:pilot_ptpt_001_enriched:safe_promote_v2,0,7787,,10K,C1,"invenção",0
9331,investimento,"Что значит это слово?

investimento","инвестиции",5K,5K,noun,build:pilot_ptpt_001_enriched:safe_promote_v2,0,3150,,5K,B1,investimento,0
9332,"inácio","Что значит это слово?

inácio","игнатий",10K,10K,noun,build:pilot_ptpt_001_enriched:safe_promote_v2,0,6307,,10K,B2,"inácio",0
9333,"inês","Что значит это слово?

inês","агнес",10K,10K,noun,build:pilot_ptpt_001_enriched:safe_promote_v2,0,9068,,10K,C1,"inês",0
9334,ira,"Что значит это слово?

ira","гнев",10K,10K,noun,build:pilot_ptpt_001_enriched:safe_promote_v2,0,5314,,10K,B2,ira,0
9335,iraque,"Что значит это слово?

iraque","ирак",5K,5K,noun,build:pilot_ptpt_001_enriched:safe_promote_v2,0,3996,,5K,B2,iraque,0
9336,irlanda,"Что значит это слово?

irlanda","ирландия",10K,10K,noun,build:pilot_ptpt_001_enriched:safe_promote_v2,0,7037,,10K,C1,irlanda,0
9337,ironia,"Что значит это слово?

ironia","ирония",10K,10K,noun,build:pilot_ptpt_001_enriched:safe_promote_v2,0,5963,,10K,B2,ironia,0
9338,"irã","Что значит это слово?

irã","иран",10K,10K,noun,build:pilot_ptpt_001_enriched:safe_promote_v2,0,5215,,10K,B2,"irã",0
9339,"irão","Что значит это слово?

irão","иран",2K,2K,noun,build:pilot_ptpt_001_enriched:safe_promote_v2,0,1785,,2K,B1,"irão",0
9340,"isaías","Что значит это слово?

isaías","исайя",20K,20K,noun,build:pilot_ptpt_001_enriched:safe_promote_v2,0,12090,,20K,C2,"isaías",0
9341,"islândia","Что значит это слово?

islândia","исландия",10K,10K,noun,build:pilot_ptpt_001_enriched:safe_promote_v2,0,9207,,10K,C1,"islândia",0
9342,israel,"Что значит это слово?

israel","израиль",2K,2K,noun,build:pilot_ptpt_001_enriched:safe_promote_v2,0,1933,,2K,B1,israel,0
9343,italiano,"Что значит это слово?

italiano","итальянский язык",5K,5K,noun,build:pilot_ptpt_001_enriched:safe_promote_v2,0,3088,,5K,B1,italiano,0
9344,jacob,"Что значит это слово?

jacob","яков",10K,10K,noun,build:pilot_ptpt_001_enriched:safe_promote_v2,0,6776,,10K,B2,jacob,0
9345,jaime,"Что значит это слово?

jaime","джеймс",10K,10K,noun,build:pilot_ptpt_001_enriched:safe_promote_v2,0,7935,,10K,C1,jaime,0
9346,jamaica,"Что значит это слово?

jamaica","ямайка",10K,10K,noun,build:pilot_ptpt_001_enriched:safe_promote_v2,0,9208,,10K,C1,jamaica,0
9347,janeiro,"Что значит это слово?

janeiro","январь",1K,1K,noun,build:pilot_ptpt_001_enriched:safe_promote_v2,0,259,,1K,A1,janeiro,0
9348,jejum,"Что значит это слово?

jejum","пост",20K,20K,noun,build:pilot_ptpt_001_enriched:safe_promote_v2,0,11095,,20K,C1,jejum,0
9349,"jerusalém","Что значит это слово?

jerusalém","иерусалим",10K,10K,noun,build:pilot_ptpt_001_enriched:safe_promote_v2,0,5752,,10K,B2,"jerusalém",0
9350,joel,"Что значит это слово?

joel","иои́ль",10K,10K,noun,build:pilot_ptpt_001_enriched:safe_promote_v2,0,8213,,10K,C1,joel,0
9351,joelho,"Что значит это слово?

joelho","колено",10K,10K,noun,build:pilot_ptpt_001_enriched:safe_promote_v2,0,6084,,10K,B2,joelho,0
9352,jonas,"Что значит это слово?

jonas","книга ионы",10K,10K,noun,build:pilot_ptpt_001_enriched:safe_promote_v2,0,6310,,10K,B2,jonas,0
9353,jorge,"Что значит это слово?

jorge","георгий",2K,2K,noun,build:pilot_ptpt_001_enriched:safe_promote_v2,0,1574,,2K,B1,jorge,0
9354,jornalista,"Что значит это слово?

jornalista","журналист",2K,2K,noun,build:pilot_ptpt_001_enriched:safe_promote_v2,0,1539,,2K,B1,jornalista,0
9355,"josé","Что значит это слово?

josé","иосиф",1K,1K,noun,build:pilot_ptpt_001_enriched:safe_promote_v2,0,567,,1K,A2,"josé",0
9356,"joão","Что значит это слово?

joão","иван",1K,1K,noun,build:pilot_ptpt_001_enriched:safe_promote_v2,0,673,,1K,A2,"joão",0
9357,judas,"Что значит это слово?

judas","иу́да",10K,10K,noun,build:pilot_ptpt_001_enriched:safe_promote_v2,0,9362,,10K,C1,judas,0
9358,judeu,"Что значит это слово?

judeu","евреи",10K,10K,noun,build:pilot_ptpt_001_enriched:safe_promote_v2,0,5754,,10K,B2,judeu,0
9359,julho,"Что значит это слово?

julho","июль",1K,1K,noun,build:pilot_ptpt_001_enriched:safe_promote_v2,0,603,,1K,A2,julho,0
9360,junho,"Что значит это слово?

junho","июнь",1K,1K,noun,build:pilot_ptpt_001_enriched:safe_promote_v2,0,492,,1K,A1,junho,0
9361,"jurisdição","Что значит это слово?

jurisdição","юрисди́кция",10K,10K,noun,build:pilot_ptpt_001_enriched:safe_promote_v2,0,7937,,10K,C1,"jurisdição",0
9362,"juízes","Что значит это слово?

juízes","книга судей израилевых",5K,5K,noun,build:pilot_ptpt_001_enriched:safe_promote_v2,0,4489,,5K,B2,"juízes",0
9363,"júlio","Что значит это слово?

júlio","юлий",10K,10K,noun,build:pilot_ptpt_001_enriched:safe_promote_v2,0,7175,,10K,C1,"júlio",0
9364,"laboratório","Что значит это слово?

laboratório","лаборатория",5K,5K,noun,build:pilot_ptpt_001_enriched:safe_promote_v2,0,2329,,5K,B1,"laboratório",0
9365,lamento,"Что значит это слово?

lamento","жалоба",10K,10K,noun,build:pilot_ptpt_001_enriched:safe_promote_v2,0,6781,,10K,B2,lamento,0
9366,"lançamento","Что значит это слово?

lançamento","выпуск",2K,2K,noun,build:pilot_ptpt_001_enriched:safe_promote_v2,0,1215,,2K,A2,"lançamento",0
9367,laranja,"Что значит это слово?

laranja","апельсин",5K,5K,noun,build:pilot_ptpt_001_enriched:safe_promote_v2,0,3918,,5K,B2,laranja,0
9368,largura,"Что значит это слово?

largura","ширина",10K,10K,noun,build:pilot_ptpt_001_enriched:safe_promote_v2,0,6441,,10K,B2,largura,0
9369,latim,"Что значит это слово?

latim","латынь",10K,10K,noun,build:pilot_ptpt_001_enriched:safe_promote_v2,0,9210,,10K,C1,latim,0
9370,lava,"Что значит это слово?

lava","лава",5K,5K,noun,build:pilot_ptpt_001_enriched:safe_promote_v2,0,3702,,5K,B2,lava,0
9371,lealdade,"Что значит это слово?

lealdade","верность",10K,10K,noun,build:pilot_ptpt_001_enriched:safe_promote_v2,0,7654,,10K,C1,lealdade,0
9372,"leilão","Что значит это слово?

leilão","аукцион",10K,10K,noun,build:pilot_ptpt_001_enriched:safe_promote_v2,0,7655,,10K,C1,"leilão",0
9373,leite,"Что значит это слово?

leite","молоко",2K,2K,noun,build:pilot_ptpt_001_enriched:safe_promote_v2,0,1711,,2K,B1,leite,0
9374,leitor,"Что значит это слово?

leitor","читатель",5K,5K,noun,build:pilot_ptpt_001_enriched:safe_promote_v2,0,3338,,5K,B1,leitor,0
9375,lema,"Что значит это слово?

lema","девиз",10K,10K,noun,build:pilot_ptpt_001_enriched:safe_promote_v2,0,7042,,10K,C1,lema,0
9376,lenda,"Что значит это слово?

lenda","легенда",5K,5K,noun,build:pilot_ptpt_001_enriched:safe_promote_v2,0,3023,,5K,B1,lenda,0
9377,"leão","Что значит это слово?

leão","лев",2K,2K,noun,build:pilot_ptpt_001_enriched:safe_promote_v2,0,1981,,2K,B1,"leão",0
9378,liberdade,"Что значит это слово?

liberdade","свобода",1K,1K,noun,build:pilot_ptpt_001_enriched:safe_promote_v2,0,919,,1K,A2,liberdade,0
9379,lima,"Что значит это слово?

lima","лима",2K,2K,noun,build:pilot_ptpt_001_enriched:safe_promote_v2,0,1468,,2K,A2,lima,0
9380,"limão","Что значит это слово?

limão","лимон",10K,10K,noun,build:pilot_ptpt_001_enriched:safe_promote_v2,0,6316,,10K,B2,"limão",0
9381,"linguística","Что значит это слово?

linguística","лингвистика",10K,10K,noun,build:pilot_ptpt_001_enriched:safe_promote_v2,0,8357,,10K,C1,"linguística",0
9382,linux,"Что значит это слово?

linux","линукс",10K,10K,noun,build:pilot_ptpt_001_enriched:safe_promote_v2,0,6206,,10K,B2,linux,0
9383,literatura,"Что значит это слово?

literatura","литература",2K,2K,noun,build:pilot_ptpt_001_enriched:safe_promote_v2,0,1576,,2K,B1,literatura,0
9384,livraria,"Что значит это слово?

livraria","книшный магазин",10K,10K,noun,build:pilot_ptpt_001_enriched:safe_promote_v2,0,8358,,10K,C1,shopping_money,0
9385,lixo,"Что значит это слово?

lixo","мусор",2K,2K,noun,build:pilot_ptpt_001_enriched:safe_promote_v2,0,1246,,2K,A2,lixo,0
9386,"lição","Что значит это слово?

lição","урок",5K,5K,noun,build:pilot_ptpt_001_enriched:safe_promote_v2,0,3419,,5K,B1,"lição",0
9387,lobo,"Что значит это слово?

lobo","волк",5K,5K,noun,build:pilot_ptpt_001_enriched:safe_promote_v2,0,4408,,5K,B2,lobo,0
9388,logotipo,"Что значит это слово?

logotipo","логотип",20K,20K,noun,build:pilot_ptpt_001_enriched:safe_promote_v2,0,10746,,20K,C1,logotipo,0
9389,"logística","Что значит это слово?

logística","логистика",10K,10K,noun,build:pilot_ptpt_001_enriched:safe_promote_v2,0,8220,,10K,C1,"logística",0
9390,loucura,"Что значит это слово?

loucura","безумие",5K,5K,noun,build:pilot_ptpt_001_enriched:safe_promote_v2,0,3270,,5K,B1,loucura,0
9391,"lourenço","Что значит это слово?

lourenço","лаврентий",10K,10K,noun,build:pilot_ptpt_001_enriched:safe_promote_v2,0,8644,,10K,C1,"lourenço",0
9392,lua,"Что значит это слово?

lua","луна",2K,2K,noun,build:pilot_ptpt_001_enriched:safe_promote_v2,0,1619,,2K,B1,lua,0
9393,luanda,"Что значит это слово?

luanda","луанда",10K,10K,noun,build:pilot_ptpt_001_enriched:safe_promote_v2,0,9072,,10K,C1,luanda,0
9394,lucro,"Что значит это слово?

lucro","профит",5K,5K,noun,build:pilot_ptpt_001_enriched:safe_promote_v2,0,4932,,5K,B2,lucro,0
9395,"lápis","Что значит это слово?

lápis","карандаш",10K,10K,noun,build:pilot_ptpt_001_enriched:safe_promote_v2,0,8496,,10K,C1,"lápis",0
9396,"lésbica","Что значит это слово?

lésbica","лесбиянка",10K,10K,noun,build:pilot_ptpt_001_enriched:safe_promote_v2,0,9368,,10K,C1,"lésbica",0
9397,"líbano","Что значит это слово?

líbano","ливан",10K,10K,noun,build:pilot_ptpt_001_enriched:safe_promote_v2,0,8497,,10K,C1,"líbano",0
9398,"líbia","Что значит это слово?

líbia","ливия",10K,10K,noun,build:pilot_ptpt_001_enriched:safe_promote_v2,0,7797,,10K,C1,"líbia",0
9399,"lógica","Что значит это слово?

lógica","логика",5K,5K,noun,build:pilot_ptpt_001_enriched:safe_promote_v2,0,2841,,5K,B1,"lógica",0
9400,"lúcio","Что значит это слово?

lúcio","луций",10K,10K,noun,build:pilot_ptpt_001_enriched:safe_promote_v2,0,9073,,10K,C1,"lúcio",0
9401,macaco,"Что значит это слово?

macaco","обезьяна",10K,10K,noun,build:pilot_ptpt_001_enriched:safe_promote_v2,0,7308,,10K,C1,macaco,0
9402,macau,"Что значит это слово?

macau","макао",10K,10K,noun,build:pilot_ptpt_001_enriched:safe_promote_v2,0,7178,,10K,C1,macau,0
9403,"macedônia","Что значит это слово?

macedônia","македония",10K,10K,noun,build:pilot_ptpt_001_enriched:safe_promote_v2,0,9714,,10K,C1,"macedônia",0
9404,machismo,"Что значит это слово?

machismo","мачи́зм",20K,20K,noun,build:pilot_ptpt_001_enriched:safe_promote_v2,0,10921,,20K,C1,machismo,0
9405,magia,"Что значит это слово?

magia","магия",5K,5K,noun,build:pilot_ptpt_001_enriched:safe_promote_v2,0,4001,,5K,B2,magia,0
9406,magnitude,"Что значит это слово?

magnitude","важность",10K,10K,noun,build:pilot_ptpt_001_enriched:safe_promote_v2,0,7543,,10K,C1,magnitude,0
9407,maio,"Что значит это слово?

maio","май",1K,1K,noun,build:pilot_ptpt_001_enriched:safe_promote_v2,0,523,,1K,A2,maio,0
9408,major,"Что значит это слово?

major","майор",5K,5K,noun,build:pilot_ptpt_001_enriched:safe_promote_v2,0,3155,,5K,B1,major,0
9409,mala,"Что значит это слово?

mala","чемодан",5K,5K,noun,build:pilot_ptpt_001_enriched:safe_promote_v2,0,4568,,5K,B2,mala,0
9410,maldade,"Что значит это слово?

maldade","враждебность",10K,10K,noun,build:pilot_ptpt_001_enriched:safe_promote_v2,0,8645,,10K,C1,maldade,0
9411,"maldição","Что значит это слово?

maldição","проклятие",10K,10K,noun,build:pilot_ptpt_001_enriched:safe_promote_v2,0,8221,,10K,C1,"maldição",0
9412,mali,"Что значит это слово?

mali","мали",20K,20K,noun,build:pilot_ptpt_001_enriched:safe_promote_v2,0,11494,,20K,C1,mali,0
9413,malta,"Что значит это слово?

malta","мальта",10K,10K,noun,build:pilot_ptpt_001_enriched:safe_promote_v2,0,6211,,10K,B2,malta,0
9414,"malásia","Что значит это слово?

malásia","малайзия",10K,10K,noun,build:pilot_ptpt_001_enriched:safe_promote_v2,0,7544,,10K,C1,"malásia",0
9415,mancha,"Что значит это слово?

mancha","пятно",10K,10K,noun,build:pilot_ptpt_001_enriched:safe_promote_v2,0,7658,,10K,C1,mancha,0
9416,manga,"Что значит это слово?

manga","манго",10K,10K,noun,build:pilot_ptpt_001_enriched:safe_promote_v2,0,6671,,10K,B2,manga,0
9417,manifesto,"Что значит это слово?

manifesto","манифест",10K,10K,noun,build:pilot_ptpt_001_enriched:safe_promote_v2,0,7179,,10K,C1,manifesto,0
9418,manteiga,"Что значит это слово?

manteiga","масло",10K,10K,noun,build:pilot_ptpt_001_enriched:safe_promote_v2,0,6906,,10K,B2,manteiga,0
9419,manuel,"Что значит это слово?

manuel","мануил",5K,5K,noun,build:pilot_ptpt_001_enriched:safe_promote_v2,0,2893,,5K,B1,manuel,0
9420,mapa,"Что значит это слово?

mapa","географическая карта",2K,2K,noun,build:pilot_ptpt_001_enriched:safe_promote_v2,0,1853,,2K,B1,mapa,0
9421,maquiagem,"Что значит это слово?

maquiagem","макияж",5K,5K,noun,build:pilot_ptpt_001_enriched:safe_promote_v2,0,4322,,5K,B2,maquiagem,0
9422,mara,"Что значит это слово?

mara","мара",10K,10K,noun,build:pilot_ptpt_001_enriched:safe_promote_v2,0,9718,,10K,C1,mara,0
9423,maratona,"Что значит это слово?

maratona","марафон",10K,10K,noun,build:pilot_ptpt_001_enriched:safe_promote_v2,0,5760,,10K,B2,maratona,0
9424,marcha,"Что значит это слово?

marcha","марш",5K,5K,noun,build:pilot_ptpt_001_enriched:safe_promote_v2,0,4003,,5K,B2,marcha,0
9425,marco,"Что значит это слово?

marco","марка",2K,2K,noun,build:pilot_ptpt_001_enriched:safe_promote_v2,0,1754,,2K,B1,marco,0
9426,marcos,"Что значит это слово?

marcos","марк",2K,2K,noun,build:pilot_ptpt_001_enriched:safe_promote_v2,0,1935,,2K,B1,marcos,0
9427,marcus,"Что значит это слово?

marcus","марк",10K,10K,noun,build:pilot_ptpt_001_enriched:safe_promote_v2,0,7180,,10K,C1,marcus,0
9428,marfim,"Что значит это слово?

marfim","слоновая кость",10K,10K,noun,build:pilot_ptpt_001_enriched:safe_promote_v2,0,9530,,10K,C1,marfim,0
9429,marketing,"Что значит это слово?

marketing","маркетинг",5K,5K,noun,build:pilot_ptpt_001_enriched:safe_promote_v2,0,3497,,5K,B1,marketing,0
9430,marrocos,"Что значит это слово?

marrocos","марокко",10K,10K,noun,build:pilot_ptpt_001_enriched:safe_promote_v2,0,5866,,10K,B2,marrocos,0
9431,martelo,"Что значит это слово?

martelo","молот",10K,10K,noun,build:pilot_ptpt_001_enriched:safe_promote_v2,0,9719,,10K,C1,martelo,0
9432,"março","Что значит это слово?

março","март",1K,1K,noun,build:pilot_ptpt_001_enriched:safe_promote_v2,0,480,,1K,A1,"março",0
9433,massa,"Что значит это слово?

massa","масса",1K,1K,noun,build:pilot_ptpt_001_enriched:safe_promote_v2,0,964,,1K,A2,massa,0
9434,"matemática","Что значит это слово?

matemática","математика",2K,2K,noun,build:pilot_ptpt_001_enriched:safe_promote_v2,0,1788,,2K,B1,"matemática",0
9435,mateus,"Что значит это слово?

mateus","матвей",5K,5K,noun,build:pilot_ptpt_001_enriched:safe_promote_v2,0,4410,,5K,B2,mateus,0
9436,mau,"Что значит это слово?

mau","плохой",2K,2K,noun,build:pilot_ptpt_001_enriched:safe_promote_v2,0,1936,,2K,B1,mau,0
9437,"maurício","Что значит это слово?

maurício","маврикий",10K,10K,noun,build:pilot_ptpt_001_enriched:safe_promote_v2,0,6787,,10K,B2,"maurício",0
9438,"maçã","Что значит это слово?

maçã","яблоко",10K,10K,noun,build:pilot_ptpt_001_enriched:safe_promote_v2,0,7309,,10K,C1,"maçã",0
9439,mecanismo,"Что значит это слово?

mecanismo","механизм",5K,5K,noun,build:pilot_ptpt_001_enriched:safe_promote_v2,0,4411,,5K,B2,mecanismo,0
9440,"mecânico","Что значит это слово?

mecânico","механик",10K,10K,noun,build:pilot_ptpt_001_enriched:safe_promote_v2,0,7661,,10K,C1,"mecânico",0
9441,medalha,"Что значит это слово?

medalha","медаль",5K,5K,noun,build:pilot_ptpt_001_enriched:safe_promote_v2,0,3575,,5K,B2,food_daily,0
9442,medicamento,"Что значит это слово?

medicamento","медикамент",10K,10K,noun,build:pilot_ptpt_001_enriched:safe_promote_v2,0,9078,,10K,C1,medicamento,0
9443,medicina,"Что значит это слово?

medicina","медицина",2K,2K,noun,build:pilot_ptpt_001_enriched:safe_promote_v2,0,1854,,2K,B1,medicina,0
9444,melodia,"Что значит это слово?

melodia","мелодия",20K,20K,noun,build:pilot_ptpt_001_enriched:safe_promote_v2,0,10757,,20K,C1,melodia,0
9445,mentalidade,"Что значит это слово?

mentalidade","менталитет",10K,10K,noun,build:pilot_ptpt_001_enriched:safe_promote_v2,0,9721,,10K,C1,mentalidade,0
9446,mentiroso,"Что значит это слово?

mentiroso","врун",20K,20K,noun,build:pilot_ptpt_001_enriched:safe_promote_v2,0,10560,,20K,C1,mentiroso,0
9447,merda,"Что значит это слово?

merda","говно",1K,1K,noun,build:pilot_ptpt_001_enriched:safe_promote_v2,0,436,,1K,A1,merda,0
9448,mesquita,"Что значит это слово?

mesquita","мечеть",10K,10K,noun,build:pilot_ptpt_001_enriched:safe_promote_v2,0,5441,,10K,B2,mesquita,0
9449,messias,"Что значит это слово?

messias","мессия",10K,10K,noun,build:pilot_ptpt_001_enriched:safe_promote_v2,0,9892,,10K,C1,messias,0
9450,metal,"Что значит это слово?

metal","металлы",5K,5K,noun,build:pilot_ptpt_001_enriched:safe_promote_v2,0,3027,,5K,B1,metal,0
9451,metodologia,"Что значит это слово?

metodologia","методология",20K,20K,noun,build:pilot_ptpt_001_enriched:safe_promote_v2,0,11307,,20K,C1,metodologia,0
9452,metro,"Что значит это слово?

metro","метр",5K,5K,noun,build:pilot_ptpt_001_enriched:safe_promote_v2,0,4246,,5K,B2,transport_mobility,0
9453,"metrô","Что значит это слово?

metrô","метрополитен",5K,5K,noun,build:pilot_ptpt_001_enriched:safe_promote_v2,0,3272,,5K,B1,"metrô",0
9454,"metáfora","Что значит это слово?

metáfora","метафора",20K,20K,noun,build:pilot_ptpt_001_enriched:safe_promote_v2,0,11679,,20K,C1,"metáfora",0
9455,mexicano,"Что значит это слово?

mexicano","мексиканец",10K,10K,noun,build:pilot_ptpt_001_enriched:safe_promote_v2,0,5552,,10K,B2,mexicano,0
9456,microfone,"Что значит это слово?

microfone","микрофон",10K,10K,noun,build:pilot_ptpt_001_enriched:safe_promote_v2,0,7184,,10K,C1,microfone,0
9457,"migração","Что значит это слово?

migração","миграция",10K,10K,noun,build:pilot_ptpt_001_enriched:safe_promote_v2,0,7549,,10K,C1,"migração",0
9458,milho,"Что значит это слово?

milho","кукуруза",5K,5K,noun,build:pilot_ptpt_001_enriched:safe_promote_v2,0,4571,,5K,B2,milho,0
9459,militar,"Что значит это слово?

militar","военнослужащий",1K,1K,noun,build:pilot_ptpt_001_enriched:safe_promote_v2,0,605,,1K,A2,militar,0
9460,mineiro,"Что значит это слово?

mineiro","шахтёр",10K,10K,noun,build:pilot_ptpt_001_enriched:safe_promote_v2,0,5655,,10K,B2,mineiro,0
9461,mineral,"Что значит это слово?

mineral","минерал",10K,10K,noun,build:pilot_ptpt_001_enriched:safe_promote_v2,0,8226,,10K,C1,mineral,0
9462,"ministério","Что значит это слово?

ministério","министерство",1K,1K,noun,build:pilot_ptpt_001_enriched:safe_promote_v2,0,742,,1K,A2,"ministério",0
9463,missa,"Что значит это слово?

missa","месса",10K,10K,noun,build:pilot_ptpt_001_enriched:safe_promote_v2,0,5026,,10K,B2,missa,0
9464,"missionário","Что значит это слово?

missionário","миссионер",10K,10K,noun,build:pilot_ptpt_001_enriched:safe_promote_v2,0,9722,,10K,C1,"missionário",0
9465,"missão","Что значит это слово?

missão","миссия",1K,1K,noun,build:pilot_ptpt_001_enriched:safe_promote_v2,0,965,,1K,A2,"missão",0
9466,mistura,"Что значит это слово?

mistura","меланж",5K,5K,noun,build:pilot_ptpt_001_enriched:safe_promote_v2,0,2588,,5K,B1,mistura,0
9467,mito,"Что значит это слово?

mito","миф",5K,5K,noun,build:pilot_ptpt_001_enriched:safe_promote_v2,0,4250,,5K,B2,mito,0
9468,mitologia,"Что значит это слово?

mitologia","мифология",10K,10K,noun,build:pilot_ptpt_001_enriched:safe_promote_v2,0,8929,,10K,C1,mitologia,0
9469,"mobilização","Что значит это слово?

mobilização","мобилизация",10K,10K,noun,build:pilot_ptpt_001_enriched:safe_promote_v2,0,7051,,10K,C1,"mobilização",0
9470,mochila,"Что значит это слово?

mochila","рюкзак",10K,10K,noun,build:pilot_ptpt_001_enriched:safe_promote_v2,0,5868,,10K,B2,mochila,0
9471,moda,"Что значит это слово?

moda","мода",5K,5K,noun,build:pilot_ptpt_001_enriched:safe_promote_v2,0,2154,,5K,B1,moda,0
9472,modalidade,"Что значит это слово?

modalidade","метод",10K,10K,noun,build:pilot_ptpt_001_enriched:safe_promote_v2,0,5554,,10K,B2,modalidade,0
9473,modelo,"Что значит это слово?

modelo","макет",1K,1K,noun,build:pilot_ptpt_001_enriched:safe_promote_v2,0,871,,1K,A2,modelo,0
9474,"modificação","Что значит это слово?

modificação","модификации",20K,20K,noun,build:pilot_ptpt_001_enriched:safe_promote_v2,0,10567,,20K,C1,"modificação",0
9475,moeda,"Что значит это слово?

moeda","валюта",5K,5K,noun,build:pilot_ptpt_001_enriched:safe_promote_v2,0,2738,,5K,B1,moeda,0
9476,"moisés","Что значит это слово?

moisés","моисей",10K,10K,noun,build:pilot_ptpt_001_enriched:safe_promote_v2,0,7662,,10K,C1,"moisés",0
9477,momento,"Что значит это слово?

momento","момент",1K,1K,noun,build:pilot_ptpt_001_enriched:safe_promote_v2,0,206,,1K,A1,momento,0
9478,monarquia,"Что значит это слово?

monarquia","монархия",10K,10K,noun,build:pilot_ptpt_001_enriched:safe_promote_v2,0,8229,,10K,C1,monarquia,0
9479,monge,"Что значит это слово?

monge","монах",10K,10K,noun,build:pilot_ptpt_001_enriched:safe_promote_v2,0,8505,,10K,C1,monge,0
9480,"monopólio","Что значит это слово?

monopólio","монополия",20K,20K,noun,build:pilot_ptpt_001_enriched:safe_promote_v2,0,11500,,20K,C1,"monopólio",0
9481,monstro,"Что значит это слово?

monstro","монстр",5K,5K,noun,build:pilot_ptpt_001_enriched:safe_promote_v2,0,4083,,5K,B2,monstro,0
9482,montagem,"Что значит это слово?

montagem","сборка",5K,5K,noun,build:pilot_ptpt_001_enriched:safe_promote_v2,0,4251,,5K,B2,montagem,0
9483,moral,"Что значит это слово?

moral","мораль",2K,2K,noun,build:pilot_ptpt_001_enriched:safe_promote_v2,0,1755,,2K,B1,moral,0
9484,moscou,"Что значит это слово?

moscou","москва",5K,5K,noun,build:pilot_ptpt_001_enriched:safe_promote_v2,0,3846,,5K,B2,moscou,0
9485,mosquito,"Что значит это слово?

mosquito","комар",10K,10K,noun,build:pilot_ptpt_001_enriched:safe_promote_v2,0,8653,,10K,C1,mosquito,0
9486,motel,"Что значит это слово?

motel","мотель",10K,10K,noun,build:pilot_ptpt_001_enriched:safe_promote_v2,0,9372,,10K,C1,motel,0
9487,"motivação","Что значит это слово?

motivação","мотивация",5K,5K,noun,build:pilot_ptpt_001_enriched:safe_promote_v2,0,4746,,5K,B2,"motivação",0
9488,motor,"Что значит это слово?

motor","мотор",5K,5K,noun,build:pilot_ptpt_001_enriched:safe_promote_v2,0,2202,,5K,B1,motor,0
9489,multa,"Что значит это слово?

multa","штраф",5K,5K,noun,build:pilot_ptpt_001_enriched:safe_promote_v2,0,4498,,5K,B2,multa,0
9490,"município","Что значит это слово?

município","муниципалитет",1K,1K,noun,build:pilot_ptpt_001_enriched:safe_promote_v2,0,992,,1K,A2,"município",0
9491,"munição","Что значит это слово?

munição","боеприпас",10K,10K,noun,build:pilot_ptpt_001_enriched:safe_promote_v2,0,8791,,10K,C1,"munição",0
9492,muro,"Что значит это слово?

muro","стена",5K,5K,noun,build:pilot_ptpt_001_enriched:safe_promote_v2,0,4664,,5K,B2,muro,0
9493,museu,"Что значит это слово?

museu","музей",2K,2K,noun,build:pilot_ptpt_001_enriched:safe_promote_v2,0,1822,,2K,B1,museu,0
9494,"mágico","Что значит это слово?

mágico","волшебник",10K,10K,noun,build:pilot_ptpt_001_enriched:safe_promote_v2,0,5116,,10K,B2,"mágico",0
9495,"máquina","Что значит это слово?

máquina","машина",2K,2K,noun,build:pilot_ptpt_001_enriched:safe_promote_v2,0,1790,,2K,B1,transport_mobility,0
9496,"máximo","Что значит это слово?

máximo","максим",2K,2K,noun,build:pilot_ptpt_001_enriched:safe_promote_v2,0,1578,,2K,B1,"máximo",0
9497,"médico","Что значит это слово?

médico","врач",1K,1K,noun,build:pilot_ptpt_001_enriched:safe_promote_v2,0,968,,1K,A2,health_body,0
9498,"móvel","Что значит это слово?

móvel","мебель",5K,5K,noun,build:pilot_ptpt_001_enriched:safe_promote_v2,0,4325,,5K,B2,"móvel",0
9499,"músico","Что значит это слово?

músico","музыкант",5K,5K,noun,build:pilot_ptpt_001_enriched:safe_promote_v2,0,4163,,5K,B2,"músico",0
9500,nacionalidade,"Что значит это слово?

nacionalidade","подданство",10K,10K,noun,build:pilot_ptpt_001_enriched:safe_promote_v2,0,7952,,10K,C1,nacionalidade,0
9501,narrador,"Что значит это слово?

narrador","рассказчик",10K,10K,noun,build:pilot_ptpt_001_enriched:safe_promote_v2,0,9375,,10K,C1,narrador,0
9502,natal,"Что значит это слово?

natal","рождество",1K,1K,noun,build:pilot_ptpt_001_enriched:safe_promote_v2,0,872,,1K,A2,natal,0
9503,"natação","Что значит это слово?

natação","плавание",10K,10K,noun,build:pilot_ptpt_001_enriched:safe_promote_v2,0,7805,,10K,C1,"natação",0
9504,navegador,"Что значит это слово?

navegador","браузер",10K,10K,noun,build:pilot_ptpt_001_enriched:safe_promote_v2,0,6323,,10K,B2,navegador,0
9505,"navegação","Что значит это слово?

navegação","навигация",10K,10K,noun,build:pilot_ptpt_001_enriched:safe_promote_v2,0,5229,,10K,B2,"navegação",0
9506,negativo,"Что значит это слово?

negativo","негатив",5K,5K,noun,build:pilot_ptpt_001_enriched:safe_promote_v2,0,4164,,5K,B2,negativo,0
9507,negro,"Что значит это слово?

negro","негр",2K,2K,noun,build:pilot_ptpt_001_enriched:safe_promote_v2,0,1367,,2K,A2,negro,0
9508,"negócio","Что значит это слово?

negócio","сделка",1K,1K,noun,build:pilot_ptpt_001_enriched:safe_promote_v2,0,969,,1K,A2,"negócio",0
9509,nepal,"Что значит это слово?

nepal","непал",20K,20K,noun,build:pilot_ptpt_001_enriched:safe_promote_v2,0,11508,,20K,C1,nepal,0
9510,neve,"Что значит это слово?

neve","снег",5K,5K,noun,build:pilot_ptpt_001_enriched:safe_promote_v2,0,3787,,5K,B2,neve,0
9511,"nicarágua","Что значит это слово?

nicarágua","никарагуа",20K,20K,noun,build:pilot_ptpt_001_enriched:safe_promote_v2,0,11688,,20K,C1,"nicarágua",0
9512,nice,"Что значит это слово?

nice","ницца",20K,20K,noun,build:pilot_ptpt_001_enriched:safe_promote_v2,0,10762,,20K,C1,nice,0
9513,nicolas,"Что значит это слово?

nicolas","николай",10K,10K,noun,build:pilot_ptpt_001_enriched:safe_promote_v2,0,9540,,10K,C1,nicolas,0
9514,"nigéria","Что значит это слово?

nigéria","нигерия",10K,10K,noun,build:pilot_ptpt_001_enriched:safe_promote_v2,0,6216,,10K,B2,"nigéria",0
9515,ninja,"Что значит это слово?

ninja","ниндзя",10K,10K,noun,build:pilot_ptpt_001_enriched:safe_promote_v2,0,7807,,10K,C1,ninja,0
9516,noiva,"Что значит это слово?

noiva","невеста",5K,5K,noun,build:pilot_ptpt_001_enriched:safe_promote_v2,0,4328,,5K,B2,noiva,0
9517,nojo,"Что значит это слово?

nojo","неприятие",10K,10K,noun,build:pilot_ptpt_001_enriched:safe_promote_v2,0,8793,,10K,C1,nojo,0
9518,noruega,"Что значит это слово?

noruega","норвегия",10K,10K,noun,build:pilot_ptpt_001_enriched:safe_promote_v2,0,8656,,10K,C1,noruega,0
9519,noturno,"Что значит это слово?

noturno","ноктю́рн",10K,10K,noun,build:pilot_ptpt_001_enriched:safe_promote_v2,0,7955,,10K,C1,noturno,0
9520,nove,"Что значит это слово?

nove","девять",2K,2K,noun,build:pilot_ptpt_001_enriched:safe_promote_v2,0,1500,,2K,A2,nove,0
9521,novela,"Что значит это слово?

novela","новелла",5K,5K,noun,build:pilot_ptpt_001_enriched:safe_promote_v2,0,2109,,5K,B1,novela,0
9522,novembro,"Что значит это слово?

novembro","ноябрь",1K,1K,noun,build:pilot_ptpt_001_enriched:safe_promote_v2,0,568,,1K,A2,novembro,0
9523,nuvem,"Что значит это слово?

nuvem","облако",10K,10K,noun,build:pilot_ptpt_001_enriched:safe_promote_v2,0,6218,,10K,B2,nuvem,0
9524,"números","Что значит это слово?

números","кни́га чи́сел",2K,2K,noun,build:pilot_ptpt_001_enriched:safe_promote_v2,0,1289,,2K,A2,"números",0
9525,"observação","Что значит это слово?

observação","наблюдение",5K,5K,noun,build:pilot_ptpt_001_enriched:safe_promote_v2,0,3633,,5K,B2,"observação",0
9526,"ocasião","Что значит это слово?

ocasião","случай",5K,5K,noun,build:pilot_ptpt_001_enriched:safe_promote_v2,0,2336,,5K,B1,"ocasião",0
9527,oceano,"Что значит это слово?

oceano","океан",5K,5K,noun,build:pilot_ptpt_001_enriched:safe_promote_v2,0,3577,,5K,B2,oceano,0
9528,oeste,"Что значит это слово?

oeste","запад",2K,2K,noun,build:pilot_ptpt_001_enriched:safe_promote_v2,0,1651,,2K,B1,oeste,0
9529,oferta,"Что значит это слово?

oferta","оферта",5K,5K,noun,build:pilot_ptpt_001_enriched:safe_promote_v2,0,2526,,5K,B1,oferta,0
9530,"operação","Что значит это слово?

operação","операция",2K,2K,noun,build:pilot_ptpt_001_enriched:safe_promote_v2,0,1081,,2K,A2,"operação",0
9531,"opinião","Что значит это слово?

opinião","взгляд",1K,1K,noun,build:pilot_ptpt_001_enriched:safe_promote_v2,0,874,,1K,A2,"opinião",0
9532,"opção","Что значит это слово?

opção","вариант",2K,2K,noun,build:pilot_ptpt_001_enriched:safe_promote_v2,0,1501,,2K,B1,"opção",0
9533,orelha,"Что значит это слово?

orelha","ухо",10K,10K,noun,build:pilot_ptpt_001_enriched:safe_promote_v2,0,7058,,10K,C1,orelha,0
9534,organismo,"Что значит это слово?

organismo","организм",10K,10K,noun,build:pilot_ptpt_001_enriched:safe_promote_v2,0,6220,,10K,B2,organismo,0
9535,"organização","Что значит это слово?

organização","организация",1K,1K,noun,build:pilot_ptpt_001_enriched:safe_promote_v2,0,654,,1K,A2,"organização",0
9536,orquestra,"Что значит это слово?

orquestra","оркестр",10K,10K,noun,build:pilot_ptpt_001_enriched:safe_promote_v2,0,7059,,10K,C1,orquestra,0
9537,"orçamento","Что значит это слово?

orçamento","бюджет",5K,5K,noun,build:pilot_ptpt_001_enriched:safe_promote_v2,0,2896,,5K,B1,"orçamento",0
9538,otimista,"Что значит это слово?

otimista","оптимист",20K,20K,noun,build:pilot_ptpt_001_enriched:safe_promote_v2,0,10578,,20K,C1,otimista,0
9539,outono,"Что значит это слово?

outono","осень",10K,10K,noun,build:pilot_ptpt_001_enriched:safe_promote_v2,0,6222,,10K,B2,outono,0
9540,outubro,"Что значит это слово?

outubro","октябрь",1K,1K,noun,build:pilot_ptpt_001_enriched:safe_promote_v2,0,468,,1K,A1,outubro,0
9541,ovo,"Что значит это слово?

ovo","яйцо",5K,5K,noun,build:pilot_ptpt_001_enriched:safe_promote_v2,0,4416,,5K,B2,ovo,0
9542,"oxigênio","Что значит это слово?

oxigênio","кислород",10K,10K,noun,build:pilot_ptpt_001_enriched:safe_promote_v2,0,6223,,10K,B2,"oxigênio",0
9543,"paciência","Что значит это слово?

paciência","пасьянс",5K,5K,noun,build:pilot_ptpt_001_enriched:safe_promote_v2,0,3426,,5K,B1,"paciência",0
9544,paisagem,"Что значит это слово?

paisagem","пейзаж",5K,5K,noun,build:pilot_ptpt_001_enriched:safe_promote_v2,0,4572,,5K,B2,paisagem,0
9545,palavra,"Что значит это слово?

palavra","словo",1K,1K,noun,build:pilot_ptpt_001_enriched:safe_promote_v2,0,655,,1K,A2,palavra,0
9546,palestina,"Что значит это слово?

palestina","палестина",10K,10K,noun,build:pilot_ptpt_001_enriched:safe_promote_v2,0,7194,,10K,C1,palestina,0
9547,palha,"Что значит это слово?

palha","солома",10K,10K,noun,build:pilot_ptpt_001_enriched:safe_promote_v2,0,9083,,10K,C1,palha,0
9548,"palhaço","Что значит это слово?

palhaço","шут",10K,10K,noun,build:pilot_ptpt_001_enriched:safe_promote_v2,0,6455,,10K,B2,"palhaço",0
9549,"panamá","Что значит это слово?

panamá","панама",10K,10K,noun,build:pilot_ptpt_001_enriched:safe_promote_v2,0,6456,,10K,B2,"panamá",0
9550,panda,"Что значит это слово?

panda","панда",20K,20K,noun,build:pilot_ptpt_001_enriched:safe_promote_v2,0,11699,,20K,C1,panda,0
9551,pandemia,"Что значит это слово?

pandemia","пандемия",10K,10K,noun,build:pilot_ptpt_001_enriched:safe_promote_v2,0,7678,,10K,C1,pandemia,0
9552,papai,"Что значит это слово?

papai","папа",5K,5K,noun,build:pilot_ptpt_001_enriched:safe_promote_v2,0,3349,,5K,B1,papai,0
9553,"paquistão","Что значит это слово?

paquistão","пакистан",10K,10K,noun,build:pilot_ptpt_001_enriched:safe_promote_v2,0,5976,,10K,B2,"paquistão",0
9554,parada,"Что значит это слово?

parada",aaa,5K,5K,noun,build:pilot_ptpt_001_enriched:safe_promote_v2,0,2156,,5K,B1,parada,0
9555,paradigma,"Что значит это слово?

paradigma","парадигма",20K,20K,noun,build:pilot_ptpt_001_enriched:safe_promote_v2,0,10409,,20K,C1,paradigma,0
9556,paraguai,"Что значит это слово?

paraguai","парагвай",5K,5K,noun,build:pilot_ptpt_001_enriched:safe_promote_v2,0,3710,,5K,B2,paraguai,0
9557,"paraíso","Что значит это слово?

paraíso","рай",5K,5K,noun,build:pilot_ptpt_001_enriched:safe_promote_v2,0,3350,,5K,B1,"paraíso",0
9558,parcela,"Что значит это слово?

parcela","слагаемое",10K,10K,noun,build:pilot_ptpt_001_enriched:safe_promote_v2,0,5668,,10K,B2,parcela,0
9559,parlamento,"Что значит это слово?

parlamento",m,5K,5K,noun,build:pilot_ptpt_001_enriched:safe_promote_v2,0,2644,,5K,B1,parlamento,0
9560,passageiro,"Что значит это слово?

passageiro","пассажир",10K,10K,noun,build:pilot_ptpt_001_enriched:safe_promote_v2,0,8936,,10K,C1,passageiro,0
9561,passagem,"Что значит это слово?

passagem","билет",2K,2K,noun,build:pilot_ptpt_001_enriched:safe_promote_v2,0,1502,,2K,B1,passagem,0
9562,passaporte,"Что значит это слово?

passaporte","паспорт",10K,10K,noun,build:pilot_ptpt_001_enriched:safe_promote_v2,0,5980,,10K,B2,passaporte,0
9563,passeio,"Что значит это слово?

passeio","прогулка",5K,5K,noun,build:pilot_ptpt_001_enriched:safe_promote_v2,0,3791,,5K,B2,passeio,0
9564,pastor,"Что значит это слово?

pastor","пастор",5K,5K,noun,build:pilot_ptpt_001_enriched:safe_promote_v2,0,3097,,5K,B1,pastor,0
9565,patente,"Что значит это слово?

patente","патент",10K,10K,noun,build:pilot_ptpt_001_enriched:safe_promote_v2,0,7811,,10K,C1,patente,0
9566,pato,"Что значит это слово?

pato","утка",10K,10K,noun,build:pilot_ptpt_001_enriched:safe_promote_v2,0,6330,,10K,B2,pato,0
9567,paulo,"Что значит это слово?

paulo","павел",1K,1K,noun,build:pilot_ptpt_001_enriched:safe_promote_v2,0,197,,1K,A1,paulo,0
9568,pausa,"Что значит это слово?

pausa","пауза",10K,10K,noun,build:pilot_ptpt_001_enriched:safe_promote_v2,0,5774,,10K,B2,pausa,0
9569,"pecuária","Что значит это слово?

pecuária","животново́дство",10K,10K,noun,build:pilot_ptpt_001_enriched:safe_promote_v2,0,9086,,10K,C1,"pecuária",0
9570,pedido,"Что значит это слово?

pedido","приказ",2K,2K,noun,build:pilot_ptpt_001_enriched:safe_promote_v2,0,1126,,2K,A2,pedido,0
9571,pedra,"Что значит это слово?

pedra","камень",2K,2K,noun,build:pilot_ptpt_001_enriched:safe_promote_v2,0,1653,,2K,B1,pedra,0
9572,pedro,"Что значит это слово?

pedro","пётр",1K,1K,noun,build:pilot_ptpt_001_enriched:safe_promote_v2,0,830,,1K,A2,pedro,0
9573,pele,"Что значит это слово?

pele","шкура",2K,2K,noun,build:pilot_ptpt_001_enriched:safe_promote_v2,0,1654,,2K,B1,pele,0
9574,pensamento,"Что значит это слово?

pensamento","мышление",2K,2K,noun,build:pilot_ptpt_001_enriched:safe_promote_v2,0,1718,,2K,B1,pensamento,0
9575,"península","Что значит это слово?

península","полуостров",10K,10K,noun,build:pilot_ptpt_001_enriched:safe_promote_v2,0,9383,,10K,C1,"península",0
9576,pequim,"Что значит это слово?

pequim","пекин",10K,10K,noun,build:pilot_ptpt_001_enriched:safe_promote_v2,0,5982,,10K,B2,pequim,0
9577,perca,"Что значит это слово?

perca","о́кунь",5K,5K,noun,build:pilot_ptpt_001_enriched:safe_promote_v2,0,4502,,5K,B2,perca,0
9578,"perdão","Что значит это слово?

perdão","прощение",5K,5K,noun,build:pilot_ptpt_001_enriched:safe_promote_v2,0,3278,,5K,B1,"perdão",0
9579,perigo,"Что значит это слово?

perigo","опасность",2K,2K,noun,build:pilot_ptpt_001_enriched:safe_promote_v2,0,1902,,2K,B1,perigo,0
9580,"perímetro","Что значит это слово?

perímetro","периметр",10K,10K,noun,build:pilot_ptpt_001_enriched:safe_promote_v2,0,8937,,10K,C1,"perímetro",0
9581,pesadelo,"Что значит это слово?

pesadelo","кошмар",10K,10K,noun,build:pilot_ptpt_001_enriched:safe_promote_v2,0,5984,,10K,B2,pesadelo,0
9582,pesca,"Что значит это слово?

pesca","рыболовство",5K,5K,noun,build:pilot_ptpt_001_enriched:safe_promote_v2,0,4577,,5K,B2,pesca,0
9583,peso,"Что значит это слово?

peso","вес",2K,2K,noun,build:pilot_ptpt_001_enriched:safe_promote_v2,0,1549,,2K,B1,peso,0
9584,pessoal,"Что значит это слово?

pessoal","штат",1K,1K,noun,build:pilot_ptpt_001_enriched:safe_promote_v2,0,445,,1K,A1,pessoal,0
9585,"petição","Что значит это слово?

petição","петиция",10K,10K,noun,build:pilot_ptpt_001_enriched:safe_promote_v2,0,7317,,10K,C1,"petição",0
9586,piano,"Что значит это слово?

piano","фортепиано",10K,10K,noun,build:pilot_ptpt_001_enriched:safe_promote_v2,0,5333,,10K,B2,piano,0
9587,pilha,"Что значит это слово?

pilha","ворох",10K,10K,noun,build:pilot_ptpt_001_enriched:safe_promote_v2,0,9233,,10K,C1,pilha,0
9588,piloto,"Что значит это слово?

piloto","пилот",5K,5K,noun,build:pilot_ptpt_001_enriched:safe_promote_v2,0,2389,,5K,B1,piloto,0
9589,pinheiro,"Что значит это слово?

pinheiro","сосна",10K,10K,noun,build:pilot_ptpt_001_enriched:safe_promote_v2,0,5779,,10K,B2,pinheiro,0
9590,pintor,"Что значит это слово?

pintor","маляр",10K,10K,noun,build:pilot_ptpt_001_enriched:safe_promote_v2,0,9551,,10K,C1,pintor,0
9591,pirata,"Что значит это слово?

pirata","пират",10K,10K,noun,build:pilot_ptpt_001_enriched:safe_promote_v2,0,7816,,10K,C1,pirata,0
9592,"pirâmide","Что значит это слово?

pirâmide","пирамида",10K,10K,noun,build:pilot_ptpt_001_enriched:safe_promote_v2,0,9744,,10K,C1,"pirâmide",0
9593,pistola,"Что значит это слово?

pistola","пистолет",10K,10K,noun,build:pilot_ptpt_001_enriched:safe_promote_v2,0,7561,,10K,C1,pistola,0
9594,pizza,"Что значит это слово?

pizza","пицца",5K,5K,noun,build:pilot_ptpt_001_enriched:safe_promote_v2,0,4755,,5K,B2,pizza,0
9595,placa,"Что значит это слово?

placa","знак",5K,5K,noun,build:pilot_ptpt_001_enriched:safe_promote_v2,0,3510,,5K,B2,placa,0
9596,planalto,"Что значит это слово?

planalto","плато",10K,10K,noun,build:pilot_ptpt_001_enriched:safe_promote_v2,0,6331,,10K,B2,planalto,0
9597,planeta,"Что значит это слово?

planeta","планета",2K,2K,noun,build:pilot_ptpt_001_enriched:safe_promote_v2,0,1291,,2K,A2,planeta,0
9598,planta,"Что значит это слово?

planta","растения",5K,5K,noun,build:pilot_ptpt_001_enriched:safe_promote_v2,0,3100,,5K,B1,planta,0
9599,plural,"Что значит это слово?

plural","множественное число",20K,20K,noun,build:pilot_ptpt_001_enriched:safe_promote_v2,0,11127,,20K,C1,plural,0
9600,pobreza,"Что значит это слово?

pobreza","бедность",5K,5K,noun,build:pilot_ptpt_001_enriched:safe_promote_v2,0,4335,,5K,B2,pobreza,0
9601,poeira,"Что значит это слово?

poeira","пыль",10K,10K,noun,build:pilot_ptpt_001_enriched:safe_promote_v2,0,6921,,10K,B2,poeira,0
9602,poema,"Что значит это слово?

poema","стихотворение",5K,5K,noun,build:pilot_ptpt_001_enriched:safe_promote_v2,0,4171,,5K,B2,poema,0
9603,poeta,"Что значит это слово?

poeta","поэт",5K,5K,noun,build:pilot_ptpt_001_enriched:safe_promote_v2,0,3792,,5K,B2,poeta,0
9604,"político","Что значит это слово?

político","политик",1K,1K,noun,build:pilot_ptpt_001_enriched:safe_promote_v2,0,791,,1K,A2,"político",0
9605,"polônia","Что значит это слово?

polônia","польша",10K,10K,noun,build:pilot_ptpt_001_enriched:safe_promote_v2,0,8667,,10K,C1,"polônia",0
9606,ponte,"Что значит это слово?

ponte","мост",2K,2K,noun,build:pilot_ptpt_001_enriched:safe_promote_v2,0,1859,,2K,B1,ponte,0
9607,"pontuação","Что значит это слово?

pontuação","препинание",10K,10K,noun,build:pilot_ptpt_001_enriched:safe_promote_v2,0,7066,,10K,C1,"pontuação",0
9608,porco,"Что значит это слово?

porco","кабан",10K,10K,noun,build:pilot_ptpt_001_enriched:safe_promote_v2,0,5878,,10K,B2,porco,0
9609,portal,"Что значит это слово?

portal","портал",2K,2K,noun,build:pilot_ptpt_001_enriched:safe_promote_v2,0,1685,,2K,B1,portal,0
9610,portugal,"Что значит это слово?

portugal","португалия",1K,1K,noun,build:pilot_ptpt_001_enriched:safe_promote_v2,0,497,,1K,A1,portugal,0
9611,"português","Что значит это слово?

português","португальский",1K,1K,noun,build:pilot_ptpt_001_enriched:safe_promote_v2,0,541,,1K,A2,"português",0
9612,"porção","Что значит это слово?

porção","порция",10K,10K,noun,build:pilot_ptpt_001_enriched:safe_promote_v2,0,7200,,10K,C1,"porção",0
9613,positivo,"Что значит это слово?

positivo","позитив",5K,5K,noun,build:pilot_ptpt_001_enriched:safe_promote_v2,0,3163,,5K,B1,positivo,0
9614,possibilidade,"Что значит это слово?

possibilidade","возможность",2K,2K,noun,build:pilot_ptpt_001_enriched:safe_promote_v2,0,1583,,2K,B1,possibilidade,0
9615,posto,"Что значит это слово?

posto","азс",2K,2K,noun,build:pilot_ptpt_001_enriched:safe_promote_v2,0,1722,,2K,B1,posto,0
9616,potencial,"Что значит это слово?

potencial","возможность",2K,2K,noun,build:pilot_ptpt_001_enriched:safe_promote_v2,0,1904,,2K,B1,potencial,0
9617,prado,"Что значит это слово?

prado","прерия",10K,10K,noun,build:pilot_ptpt_001_enriched:safe_promote_v2,0,8941,,10K,C1,prado,0
9618,prato,"Что значит это слово?

prato","тарелка",5K,5K,noun,build:pilot_ptpt_001_enriched:safe_promote_v2,0,3431,,5K,B1,prato,0
9619,preconceito,"Что значит это слово?

preconceito","предрассудок",5K,5K,noun,build:pilot_ptpt_001_enriched:safe_promote_v2,0,4015,,5K,B2,preconceito,0
9620,preferir,"Что значит это слово?

preferir","предпочесть",20K,20K,verb,build:pilot_ptpt_001_enriched:safe_promote_v2,0,10589,,20K,C1,preferir,0
9621,"prejuízo","Что значит это слово?

prejuízo","брак",10K,10K,noun,build:pilot_ptpt_001_enriched:safe_promote_v2,0,7685,,10K,C1,"prejuízo",0
9622,"preparação","Что значит это слово?

preparação","подготовка",5K,5K,noun,build:pilot_ptpt_001_enriched:safe_promote_v2,0,3712,,5K,B2,"preparação",0
9623,"presença","Что значит это слово?

presença","присутствие",1K,1K,noun,build:pilot_ptpt_001_enriched:safe_promote_v2,0,855,,1K,A2,"presença",0
9624,presidente,"Что значит это слово?

presidente","президент",1K,1K,noun,build:pilot_ptpt_001_enriched:safe_promote_v2,0,215,,1K,A1,presidente,0
9625,pressa,"Что значит это слово?

pressa","спешка",5K,5K,noun,build:pilot_ptpt_001_enriched:safe_promote_v2,0,4670,,5K,B2,pressa,0
9626,"previsão","Что значит это слово?

previsão","прогноз",5K,5K,noun,build:pilot_ptpt_001_enriched:safe_promote_v2,0,4336,,5K,B2,"previsão",0
9627,primavera,"Что значит это слово?

primavera","весна",5K,5K,noun,build:pilot_ptpt_001_enriched:safe_promote_v2,0,3224,,5K,B1,primavera,0
9628,primo,"Что значит это слово?

primo","кузен",5K,5K,noun,build:pilot_ptpt_001_enriched:safe_promote_v2,0,2792,,5K,B1,primo,0
9629,princesa,"Что значит это слово?

princesa","принцесса",2K,2K,noun,build:pilot_ptpt_001_enriched:safe_promote_v2,0,1797,,2K,B1,princesa,0
9630,prisioneiro,"Что значит это слово?

prisioneiro","пленник",10K,10K,noun,build:pilot_ptpt_001_enriched:safe_promote_v2,0,7965,,10K,C1,prisioneiro,0
9631,"privilégio","Что значит это слово?

privilégio","привилегия",10K,10K,noun,build:pilot_ptpt_001_enriched:safe_promote_v2,0,6689,,10K,B2,"privilégio",0
9632,probabilidade,"Что значит это слово?

probabilidade","вероятность",10K,10K,noun,build:pilot_ptpt_001_enriched:safe_promote_v2,0,5880,,10K,B2,probabilidade,0
9633,problema,"Что значит это слово?

problema","проблема",1K,1K,noun,build:pilot_ptpt_001_enriched:safe_promote_v2,0,299,,1K,A1,problema,0
9634,procedimento,"Что значит это слово?

procedimento","процедура",5K,5K,noun,build:pilot_ptpt_001_enriched:safe_promote_v2,0,4337,,5K,B2,procedimento,0
9635,procurador,"Что значит это слово?

procurador","прокурор",5K,5K,noun,build:pilot_ptpt_001_enriched:safe_promote_v2,0,4173,,5K,B2,procurador,0
9636,produto,"Что значит это слово?

produto","продукция",2K,2K,noun,build:pilot_ptpt_001_enriched:safe_promote_v2,0,1861,,2K,B1,produto,0
9637,produtor,"Что значит это слово?

produtor","продюсер",5K,5K,noun,build:pilot_ptpt_001_enriched:safe_promote_v2,0,3582,,5K,B2,produtor,0
9638,profeta,"Что значит это слово?

profeta","пророк",10K,10K,noun,build:pilot_ptpt_001_enriched:safe_promote_v2,0,6691,,10K,B2,profeta,0
9639,profissionalismo,"Что значит это слово?

profissionalismo","профессионализм",20K,20K,noun,build:pilot_ptpt_001_enriched:safe_promote_v2,0,11712,,20K,C1,profissionalismo,0
9640,programa,"Что значит это слово?

programa","программа",1K,1K,noun,build:pilot_ptpt_001_enriched:safe_promote_v2,0,323,,1K,A1,programa,0
9641,progresso,"Что значит это слово?

progresso","прогресс",5K,5K,noun,build:pilot_ptpt_001_enriched:safe_promote_v2,0,3225,,5K,B1,progresso,0
9642,"proibição","Что значит это слово?

proibição","запрет",10K,10K,noun,build:pilot_ptpt_001_enriched:safe_promote_v2,0,6573,,10K,B2,"proibição",0
9643,"projeção","Что значит это слово?

projeção","проекция",10K,10K,noun,build:pilot_ptpt_001_enriched:safe_promote_v2,0,8248,,10K,C1,"projeção",0
9644,"proporção","Что значит это слово?

proporção","пропорция",10K,10K,noun,build:pilot_ptpt_001_enriched:safe_promote_v2,0,6337,,10K,B2,"proporção",0
9645,"proprietário","Что значит это слово?

proprietário","хозяин",5K,5K,noun,build:pilot_ptpt_001_enriched:safe_promote_v2,0,3716,,5K,B2,"proprietário",0
9646,protagonista,"Что значит это слово?

protagonista","протагонист",5K,5K,noun,build:pilot_ptpt_001_enriched:safe_promote_v2,0,4946,,5K,B2,protagonista,0
9647,"proteína","Что значит это слово?

proteína","белок",10K,10K,noun,build:pilot_ptpt_001_enriched:safe_promote_v2,0,8250,,10K,C1,"proteína",0
9648,protocolo,"Что значит это слово?

protocolo","протокол",5K,5K,noun,build:pilot_ptpt_001_enriched:safe_promote_v2,0,4511,,5K,B2,protocolo,0
9649,"província","Что значит это слово?

província","провинция",5K,5K,noun,build:pilot_ptpt_001_enriched:safe_promote_v2,0,2113,,5K,B1,"província",0
9650,"prédio","Что значит это слово?

prédio","здание",2K,2K,noun,build:pilot_ptpt_001_enriched:safe_promote_v2,0,1688,,2K,B1,"prédio",0
9651,"príncipe","Что значит это слово?

príncipe","принц",2K,2K,noun,build:pilot_ptpt_001_enriched:safe_promote_v2,0,1505,,2K,B1,"príncipe",0
9652,psicologia,"Что значит это слово?

psicologia","психология",5K,5K,noun,build:pilot_ptpt_001_enriched:safe_promote_v2,0,4175,,5K,B2,psicologia,0
9653,"psicólogo","Что значит это слово?

psicólogo","психолог",10K,10K,noun,build:pilot_ptpt_001_enriched:safe_promote_v2,0,9238,,10K,C1,"psicólogo",0
9654,"publicação","Что значит это слово?

publicação","издание",2K,2K,noun,build:pilot_ptpt_001_enriched:safe_promote_v2,0,1585,,2K,B1,"publicação",0
9655,"pulmão","Что значит это слово?

pulmão","лёгкие",10K,10K,noun,build:pilot_ptpt_001_enriched:safe_promote_v2,0,9751,,10K,C1,"pulmão",0
9656,"punição","Что значит это слово?

punição","наказание",10K,10K,noun,build:pilot_ptpt_001_enriched:safe_promote_v2,0,5989,,10K,B2,"punição",0
9657,puta,"Что значит это слово?

puta","блядь",2K,2K,noun,build:pilot_ptpt_001_enriched:safe_promote_v2,0,1506,,2K,B1,puta,0
9658,"pássaro","Что значит это слово?

pássaro","птица",10K,10K,noun,build:pilot_ptpt_001_enriched:safe_promote_v2,0,8378,,10K,C1,"pássaro",0
9659,"pátria","Что значит это слово?

pátria","отчизна",10K,10K,noun,build:pilot_ptpt_001_enriched:safe_promote_v2,0,5991,,10K,B2,"pátria",0
9660,"pânico","Что значит это слово?

pânico","паника",5K,5K,noun,build:pilot_ptpt_001_enriched:safe_promote_v2,0,3857,,5K,B2,"pânico",0
9661,"pão","Что значит это слово?

pão","хлеб",2K,2K,noun,build:pilot_ptpt_001_enriched:safe_promote_v2,0,1942,,2K,B1,food_daily,0
9662,"pênis","Что значит это слово?

pênis","пенис",10K,10K,noun,build:pilot_ptpt_001_enriched:safe_promote_v2,0,6463,,10K,B2,"pênis",0
9663,quadrado,"Что значит это слово?

quadrado","квадрат",10K,10K,noun,build:pilot_ptpt_001_enriched:safe_promote_v2,0,8097,,10K,C1,quadrado,0
9664,quadrilha,"Что значит это слово?

quadrilha","рил",10K,10K,noun,build:pilot_ptpt_001_enriched:safe_promote_v2,0,7566,,10K,C1,quadrilha,0
9665,quadro,"Что значит это слово?

quadro","кадр",2K,2K,noun,build:pilot_ptpt_001_enriched:safe_promote_v2,0,1991,,2K,B1,quadro,0
9666,quantidade,"Что значит это слово?

quantidade","количество",2K,2K,noun,build:pilot_ptpt_001_enriched:safe_promote_v2,0,1371,,2K,A2,quantidade,0
9667,queda,"Что значит это слово?

queda","падение",2K,2K,noun,build:pilot_ptpt_001_enriched:safe_promote_v2,0,1623,,2K,B1,queda,0
9668,queijo,"Что значит это слово?

queijo","сыр",5K,5K,noun,build:pilot_ptpt_001_enriched:safe_promote_v2,0,3102,,5K,B1,queijo,0
9669,quintal,"Что значит это слово?

quintal","центнер",10K,10K,noun,build:pilot_ptpt_001_enriched:safe_promote_v2,0,6343,,10K,B2,shopping_money,0
9670,"químico","Что значит это слово?

químico","химик",10K,10K,noun,build:pilot_ptpt_001_enriched:safe_promote_v2,0,8528,,10K,C1,"químico",0
9671,rabo,"Что значит это слово?

rabo","хвост",5K,5K,noun,build:pilot_ptpt_001_enriched:safe_promote_v2,0,4103,,5K,B2,rabo,0
9672,racismo,"Что значит это слово?

racismo","расизм",10K,10K,noun,build:pilot_ptpt_001_enriched:safe_promote_v2,0,5137,,10K,B2,racismo,0
9673,radical,"Что значит это слово?

radical","радикал",10K,10K,noun,build:pilot_ptpt_001_enriched:safe_promote_v2,0,5040,,10K,B2,radical,0
9674,rafael,"Что значит это слово?

rafael","рафаил",5K,5K,noun,build:pilot_ptpt_001_enriched:safe_promote_v2,0,2115,,5K,B1,rafael,0
9675,raio,"Что значит это слово?

raio","молния",2K,2K,noun,build:pilot_ptpt_001_enriched:safe_promote_v2,0,1993,,2K,B1,raio,0
9676,raiva,"Что значит это слово?

raiva","бешенство",2K,2K,noun,build:pilot_ptpt_001_enriched:safe_promote_v2,0,1906,,2K,B1,raiva,0
9677,raiz,"Что значит это слово?

raiz","корень",5K,5K,noun,build:pilot_ptpt_001_enriched:safe_promote_v2,0,4512,,5K,B2,raiz,0
9678,raposa,"Что значит это слово?

raposa","лиса",10K,10K,noun,build:pilot_ptpt_001_enriched:safe_promote_v2,0,9096,,10K,C1,raposa,0
9679,realidade,"Что значит это слово?

realidade","реальность",1K,1K,noun,build:pilot_ptpt_001_enriched:safe_promote_v2,0,810,,1K,A2,realidade,0
9680,"rebelião","Что значит это слово?

rebelião","бунт",10K,10K,noun,build:pilot_ptpt_001_enriched:safe_promote_v2,0,7969,,10K,C1,"rebelião",0
9681,receita,"Что значит это слово?

receita","выручка",5K,5K,noun,build:pilot_ptpt_001_enriched:safe_promote_v2,0,3283,,5K,B1,receita,0
9682,"recepção","Что значит это слово?

recepção","вахта",5K,5K,noun,build:pilot_ptpt_001_enriched:safe_promote_v2,0,4019,,5K,B2,"recepção",0
9683,"reclamação","Что значит это слово?

reclamação","стенание",10K,10K,noun,build:pilot_ptpt_001_enriched:safe_promote_v2,0,8100,,10K,C1,"reclamação",0
9684,recurso,"Что значит это слово?

recurso","ресурс",5K,5K,noun,build:pilot_ptpt_001_enriched:safe_promote_v2,0,3435,,5K,B1,recurso,0
9685,referendo,"Что значит это слово?

referendo","референдум",20K,20K,noun,build:pilot_ptpt_001_enriched:safe_promote_v2,0,10431,,20K,C1,referendo,0
9686,reflexo,"Что значит это слово?

reflexo","рефлекс",10K,10K,noun,build:pilot_ptpt_001_enriched:safe_promote_v2,0,6806,,10K,B2,reflexo,0
9687,regime,"Что значит это слово?

regime","режим",2K,2K,noun,build:pilot_ptpt_001_enriched:safe_promote_v2,0,1507,,2K,B1,regime,0
9688,regimento,"Что значит это слово?

regimento","полк",10K,10K,noun,build:pilot_ptpt_001_enriched:safe_promote_v2,0,7460,,10K,C1,regimento,0
9689,registrar,"Что значит это слово?

registrar","регистрировать",10K,10K,verb,build:pilot_ptpt_001_enriched:safe_promote_v2,0,5787,,10K,B2,registrar,0
9690,"região","Что значит это слово?

região","регион",1K,1K,noun,build:pilot_ptpt_001_enriched:safe_promote_v2,0,289,,1K,A1,"região",0
9691,regra,"Что значит это слово?

regra","правило",5K,5K,noun,build:pilot_ptpt_001_enriched:safe_promote_v2,0,2594,,5K,B1,regra,0
9692,regular,"Что значит это слово?

regular","регулировать",5K,5K,verb,build:pilot_ptpt_001_enriched:safe_promote_v2,0,3285,,5K,B1,regular,0
9693,reitor,"Что значит это слово?

reitor","ректор",10K,10K,noun,build:pilot_ptpt_001_enriched:safe_promote_v2,0,6934,,10K,B2,reitor,0
9694,"relatório","Что значит это слово?

relatório","отчёт",2K,2K,noun,build:pilot_ptpt_001_enriched:safe_promote_v2,0,1258,,2K,A2,"relatório",0
9695,"religião","Что значит это слово?

religião","религия",2K,2K,noun,build:pilot_ptpt_001_enriched:safe_promote_v2,0,1723,,2K,B1,"religião",0
9696,"relógio","Что значит это слово?

relógio","часы",5K,5K,noun,build:pilot_ptpt_001_enriched:safe_promote_v2,0,3641,,5K,B2,time_basic,0
9697,remix,"Что значит это слово?

remix","ремикс",20K,20K,noun,build:pilot_ptpt_001_enriched:safe_promote_v2,0,10260,,20K,C1,remix,0
9698,"remédio","Что значит это слово?

remédio","лекарство",5K,5K,noun,build:pilot_ptpt_001_enriched:safe_promote_v2,0,4515,,5K,B2,"remédio",0
9699,renda,"Что значит это слово?

renda","доход",5K,5K,noun,build:pilot_ptpt_001_enriched:safe_promote_v2,0,2162,,5K,B1,renda,0
9700,"renúncia","Что значит это слово?

renúncia","отказ",10K,10K,noun,build:pilot_ptpt_001_enriched:safe_promote_v2,0,7824,,10K,C1,"renúncia",0
9701,reportagem,"Что значит это слово?

reportagem","доклад",5K,5K,noun,build:pilot_ptpt_001_enriched:safe_promote_v2,0,3583,,5K,B2,reportagem,0
9702,"república","Что значит это слово?

república","республика",1K,1K,noun,build:pilot_ptpt_001_enriched:safe_promote_v2,0,776,,1K,A2,"república",0
9703,resenha,"Что значит это слово?

resenha","рецензия",5K,5K,noun,build:pilot_ptpt_001_enriched:safe_promote_v2,0,4591,,5K,B2,shopping_money,0
9704,"resistência","Что значит это слово?

resistência","сопротивление",2K,2K,noun,build:pilot_ptpt_001_enriched:safe_promote_v2,0,1626,,2K,B1,"resistência",0
9705,"respiração","Что значит это слово?

respiração","дыхание",10K,10K,noun,build:pilot_ptpt_001_enriched:safe_promote_v2,0,6700,,10K,B2,"respiração",0
9706,"restauração","Что значит это слово?

restauração","реституция",10K,10K,noun,build:pilot_ptpt_001_enriched:safe_promote_v2,0,7827,,10K,C1,"restauração",0
9707,"reunião","Что значит это слово?

reunião","воссоединение",2K,2K,noun,build:pilot_ptpt_001_enriched:safe_promote_v2,0,1057,,2K,A2,"reunião",0
9708,revista,"Что значит это слово?

revista","журнал",1K,1K,noun,build:pilot_ptpt_001_enriched:safe_promote_v2,0,836,,1K,A2,revista,0
9709,"revolução","Что значит это слово?

revolução","переворот",2K,2K,noun,build:pilot_ptpt_001_enriched:safe_promote_v2,0,1627,,2K,B1,"revolução",0
9710,ricardo,"Что значит это слово?

ricardo","ричард",2K,2K,noun,build:pilot_ptpt_001_enriched:safe_promote_v2,0,1799,,2K,B1,ricardo,0
9711,risco,"Что значит это слово?

risco","риск",2K,2K,noun,build:pilot_ptpt_001_enriched:safe_promote_v2,0,1084,,2K,A2,risco,0
9712,ritmo,"Что значит это слово?

ritmo","темп",5K,5K,noun,build:pilot_ptpt_001_enriched:safe_promote_v2,0,3106,,5K,B1,ritmo,0
9713,roberto,"Что значит это слово?

roberto","роберт",2K,2K,noun,build:pilot_ptpt_001_enriched:safe_promote_v2,0,1946,,2K,B1,roberto,0
9714,"robô","Что значит это слово?

robô","робот",10K,10K,noun,build:pilot_ptpt_001_enriched:safe_promote_v2,0,7830,,10K,C1,"robô",0
9715,romanos,"Что значит это слово?

romanos","посла́ние к ри́млянам",10K,10K,noun,build:pilot_ptpt_001_enriched:safe_promote_v2,0,7465,,10K,C1,romanos,0
9716,roraima,"Что значит это слово?

roraima","рорайма",20K,20K,noun,build:pilot_ptpt_001_enriched:safe_promote_v2,0,10436,,20K,C1,roraima,0
9717,rosa,"Что значит это слово?

rosa","роза",2K,2K,noun,build:pilot_ptpt_001_enriched:safe_promote_v2,0,1551,,2K,B1,rosa,0
9718,"rosário","Что значит это слово?

rosário","чётки",10K,10K,noun,build:pilot_ptpt_001_enriched:safe_promote_v2,0,8259,,10K,C1,"rosário",0
9719,roubo,"Что значит это слово?

roubo","кража",5K,5K,noun,build:pilot_ptpt_001_enriched:safe_promote_v2,0,3725,,5K,B2,roubo,0
9720,russo,"Что значит это слово?

russo","русский",2K,2K,noun,build:pilot_ptpt_001_enriched:safe_promote_v2,0,1947,,2K,B1,russo,0
9721,"rádio","Что значит это слово?

rádio","радий",1K,1K,noun,build:pilot_ptpt_001_enriched:safe_promote_v2,0,857,,1K,A2,"rádio",0
9722,sabor,"Что значит это слово?

sabor","вкус",5K,5K,noun,build:pilot_ptpt_001_enriched:safe_promote_v2,0,4595,,5K,B2,sabor,0
9723,"sacrifício","Что значит это слово?

sacrifício","жертвоприношение",10K,10K,noun,build:pilot_ptpt_001_enriched:safe_promote_v2,0,5791,,10K,B2,"sacrifício",0
9724,saga,"Что значит это слово?

saga","сага",10K,10K,noun,build:pilot_ptpt_001_enriched:safe_promote_v2,0,6116,,10K,B2,saga,0
9725,sal,"Что значит это слово?

sal","соль",5K,5K,noun,build:pilot_ptpt_001_enriched:safe_promote_v2,0,3168,,5K,B1,sal,0
9726,salada,"Что значит это слово?

salada","салат",10K,10K,noun,build:pilot_ptpt_001_enriched:safe_promote_v2,0,7573,,10K,C1,salada,0
9727,"salvação","Что значит это слово?

salvação","спасение",10K,10K,noun,build:pilot_ptpt_001_enriched:safe_promote_v2,0,6117,,10K,B2,"salvação",0
9728,samuel,"Что значит это слово?

samuel","самойло",10K,10K,noun,build:pilot_ptpt_001_enriched:safe_promote_v2,0,6236,,10K,B2,samuel,0
9729,"santuário","Что значит это слово?

santuário","рака",10K,10K,noun,build:pilot_ptpt_001_enriched:safe_promote_v2,0,6941,,10K,B2,"santuário",0
9730,sapato,"Что значит это слово?

sapato","ботинок",10K,10K,noun,build:pilot_ptpt_001_enriched:safe_promote_v2,0,7081,,10K,C1,sapato,0
9731,sapo,"Что значит это слово?

sapo","жаба",10K,10K,noun,build:pilot_ptpt_001_enriched:safe_promote_v2,0,9403,,10K,C1,sapo,0
9732,"satélite","Что значит это слово?

satélite","спутник",5K,5K,noun,build:pilot_ptpt_001_enriched:safe_promote_v2,0,4110,,5K,B2,"satélite",0
9733,"secretário","Что значит это слово?

secretário","секретарь",2K,2K,noun,build:pilot_ptpt_001_enriched:safe_promote_v2,0,1589,,2K,B1,"secretário",0
9734,seda,"Что значит это слово?

seda","шелк",10K,10K,noun,build:pilot_ptpt_001_enriched:safe_promote_v2,0,8958,,10K,C1,seda,0
9735,segundo,"Что значит это слово?

segundo","второй",1K,1K,noun,build:pilot_ptpt_001_enriched:safe_promote_v2,0,174,,1K,A1,segundo,0
9736,seguro,"Что значит это слово?

seguro","страхование",2K,2K,noun,build:pilot_ptpt_001_enriched:safe_promote_v2,0,1410,,2K,A2,seguro,0
9737,"seleção","Что значит это слово?

seleção","отбор",1K,1K,noun,build:pilot_ptpt_001_enriched:safe_promote_v2,0,924,,1K,A2,"seleção",0
9738,selva,"Что значит это слово?

selva","джунгли",10K,10K,noun,build:pilot_ptpt_001_enriched:safe_promote_v2,0,7695,,10K,C1,selva,0
9739,selvagem,"Что значит это слово?

selvagem","дикарь",10K,10K,noun,build:pilot_ptpt_001_enriched:safe_promote_v2,0,5145,,10K,B2,selvagem,0
9740,"semelhança","Что значит это слово?

semelhança","сходство",10K,10K,noun,build:pilot_ptpt_001_enriched:safe_promote_v2,0,6477,,10K,B2,"semelhança",0
9741,semente,"Что значит это слово?

semente","семя",10K,10K,noun,build:pilot_ptpt_001_enriched:safe_promote_v2,0,9763,,10K,C1,semente,0
9742,"seminário","Что значит это слово?

seminário","семинар",5K,5K,noun,build:pilot_ptpt_001_enriched:safe_promote_v2,0,4856,,5K,B2,"seminário",0
9743,sena,"Что значит это слово?

sena","сена",10K,10K,noun,build:pilot_ptpt_001_enriched:safe_promote_v2,0,8959,,10K,C1,sena,0
9744,senado,"Что значит это слово?

senado","сенат",2K,2K,noun,build:pilot_ptpt_001_enriched:safe_promote_v2,0,1996,,2K,B1,senado,0
9745,senador,"Что значит это слово?

senador","сенатор",2K,2K,noun,build:pilot_ptpt_001_enriched:safe_promote_v2,0,1997,,2K,B1,senador,0
9746,senegal,"Что значит это слово?

senegal","сенегал",20K,20K,noun,build:pilot_ptpt_001_enriched:safe_promote_v2,0,11964,,20K,C1,senegal,0
9747,senha,"Что значит это слово?

senha","пароль",5K,5K,noun,build:pilot_ptpt_001_enriched:safe_promote_v2,0,3940,,5K,B2,senha,0
9748,"sentença","Что значит это слово?

sentença","приговор",5K,5K,noun,build:pilot_ptpt_001_enriched:safe_promote_v2,0,3588,,5K,B2,"sentença",0
9749,sentimento,"Что значит это слово?

sentimento","чувство",2K,2K,noun,build:pilot_ptpt_001_enriched:safe_promote_v2,0,1866,,2K,B1,sentimento,0
9750,sereia,"Что значит это слово?

sereia","сирен",20K,20K,noun,build:pilot_ptpt_001_enriched:safe_promote_v2,0,11967,,20K,C1,sereia,0
9751,servidor,"Что значит это слово?

servidor","сервер",5K,5K,noun,build:pilot_ptpt_001_enriched:safe_promote_v2,0,4764,,5K,B2,servidor,0
9752,setembro,"Что значит это слово?

setembro","сентябрь",1K,1K,noun,build:pilot_ptpt_001_enriched:safe_promote_v2,0,512,,1K,A2,setembro,0
9753,setor,"Что значит это слово?

setor","сектор",2K,2K,noun,build:pilot_ptpt_001_enriched:safe_promote_v2,0,1629,,2K,B1,setor,0
9754,sigilo,"Что значит это слово?

sigilo","секретность",10K,10K,noun,build:pilot_ptpt_001_enriched:safe_promote_v2,0,7977,,10K,C1,sigilo,0
9755,silas,"Что значит это слово?

silas","сила",20K,20K,noun,build:pilot_ptpt_001_enriched:safe_promote_v2,0,11347,,20K,C1,silas,0
9756,sinal,"Что значит это слово?

sinal","сигнал",2K,2K,noun,build:pilot_ptpt_001_enriched:safe_promote_v2,0,1179,,2K,A2,sinal,0
9757,sindicato,"Что значит это слово?

sindicato","профсоюз",5K,5K,noun,build:pilot_ptpt_001_enriched:safe_promote_v2,0,3589,,5K,B2,sindicato,0
9758,singapura,"Что значит это слово?

singapura","сингапур",10K,10K,noun,build:pilot_ptpt_001_enriched:safe_promote_v2,0,8819,,10K,C1,singapura,0
9759,singular,"Что значит это слово?

singular","единственное число",10K,10K,noun,build:pilot_ptpt_001_enriched:safe_promote_v2,0,7697,,10K,C1,singular,0
9760,sino,"Что значит это слово?

sino","колокол",10K,10K,noun,build:pilot_ptpt_001_enriched:safe_promote_v2,0,7838,,10K,C1,sino,0
9761,"sinônimo","Что значит это слово?

sinônimo","синоним",10K,10K,noun,build:pilot_ptpt_001_enriched:safe_promote_v2,0,8115,,10K,C1,"sinônimo",0
9762,sistema,"Что значит это слово?

sistema","система",1K,1K,noun,build:pilot_ptpt_001_enriched:safe_promote_v2,0,272,,1K,A1,sistema,0
9763,"sistemática","Что значит это слово?

sistemática","систематика",10K,10K,noun,build:pilot_ptpt_001_enriched:safe_promote_v2,0,9581,,10K,C1,"sistemática",0
9764,soberania,"Что значит это слово?

soberania","суверенитет",10K,10K,noun,build:pilot_ptpt_001_enriched:safe_promote_v2,0,6946,,10K,B2,soberania,0
9765,sobra,"Что значит это слово?

sobra","обрезки",10K,10K,noun,build:pilot_ptpt_001_enriched:safe_promote_v2,0,7471,,10K,C1,sobra,0
9766,sobremesa,"Что значит это слово?

sobremesa","десерт",10K,10K,noun,build:pilot_ptpt_001_enriched:safe_promote_v2,0,9258,,10K,C1,sobremesa,0
9767,"sobrevivência","Что значит это слово?

sobrevivência","выживание",5K,5K,noun,build:pilot_ptpt_001_enriched:safe_promote_v2,0,4111,,5K,B2,"sobrevivência",0
9768,socialismo,"Что значит это слово?

socialismo","социализм",10K,10K,noun,build:pilot_ptpt_001_enriched:safe_promote_v2,0,9108,,10K,C1,socialismo,0
9769,sociologia,"Что значит это слово?

sociologia","социология",10K,10K,noun,build:pilot_ptpt_001_enriched:safe_promote_v2,0,6709,,10K,B2,sociologia,0
9770,soja,"Что значит это слово?

soja","соевые бобы",10K,10K,noun,build:pilot_ptpt_001_enriched:safe_promote_v2,0,6478,,10K,B2,soja,0
9771,soldado,"Что значит это слово?

soldado","солдат",5K,5K,noun,build:pilot_ptpt_001_enriched:safe_promote_v2,0,3943,,5K,B2,soldado,0
9772,solidariedade,"Что значит это слово?

solidariedade","солидарность",5K,5K,noun,build:pilot_ptpt_001_enriched:safe_promote_v2,0,4599,,5K,B2,solidariedade,0
9773,"solução","Что значит это слово?

solução","раствор",2K,2K,noun,build:pilot_ptpt_001_enriched:safe_promote_v2,0,1374,,2K,A2,"solução",0
9774,sombra,"Что значит это слово?

sombra","тень",5K,5K,noun,build:pilot_ptpt_001_enriched:safe_promote_v2,0,3235,,5K,B1,sombra,0
9775,sopa,"Что значит это слово?

sopa","суп",5K,5K,noun,build:pilot_ptpt_001_enriched:safe_promote_v2,0,4351,,5K,B2,food_daily,0
9776,sorvete,"Что значит это слово?

sorvete","мороженое",10K,10K,noun,build:pilot_ptpt_001_enriched:safe_promote_v2,0,6711,,10K,B2,sorvete,0
9777,submarino,"Что значит это слово?

submarino","подводная лодка",10K,10K,noun,build:pilot_ptpt_001_enriched:safe_promote_v2,0,8965,,10K,C1,submarino,0
9778,"sucessão","Что значит это слово?

sucessão","чередование",10K,10K,noun,build:pilot_ptpt_001_enriched:safe_promote_v2,0,8396,,10K,C1,"sucessão",0
9779,suco,"Что значит это слово?

suco","сок",5K,5K,noun,build:pilot_ptpt_001_enriched:safe_promote_v2,0,4860,,5K,B2,suco,0
9780,sudeste,"Что значит это слово?

sudeste","юго-восток",5K,5K,noun,build:pilot_ptpt_001_enriched:safe_promote_v2,0,3646,,5K,B2,sudeste,0
9781,sudoeste,"Что значит это слово?

sudoeste","юго-запад",10K,10K,noun,build:pilot_ptpt_001_enriched:safe_promote_v2,0,7576,,10K,C1,sudoeste,0
9782,"sudão","Что значит это слово?

sudão","судан",10K,10K,noun,build:pilot_ptpt_001_enriched:safe_promote_v2,0,8397,,10K,C1,"sudão",0
9783,"suicídio","Что значит это слово?

suicídio","суицид",5K,5K,noun,build:pilot_ptpt_001_enriched:safe_promote_v2,0,3362,,5K,B1,"suicídio",0
9784,supermercado,"Что значит это слово?

supermercado","супермаркет",10K,10K,noun,build:pilot_ptpt_001_enriched:safe_promote_v2,0,7221,,10K,C1,food_daily,0
9785,"supervisão","Что значит это слово?

supervisão","надзор",10K,10K,noun,build:pilot_ptpt_001_enriched:safe_promote_v2,0,6244,,10K,B2,"supervisão",0
9786,surpresa,"Что значит это слово?

surpresa","сюрприз",2K,2K,noun,build:pilot_ptpt_001_enriched:safe_promote_v2,0,1657,,2K,B1,surpresa,0
9787,"suécia","Что значит это слово?

suécia","швеция",10K,10K,noun,build:pilot_ptpt_001_enriched:safe_promote_v2,0,5795,,10K,B2,"suécia",0
9788,"suíça","Что значит это слово?

suíça","швейцария",5K,5K,noun,build:pilot_ptpt_001_enriched:safe_promote_v2,0,4600,,5K,B2,"suíça",0
9789,"sábado","Что значит это слово?

sábado","суббота",1K,1K,noun,build:pilot_ptpt_001_enriched:safe_promote_v2,0,880,,1K,A2,"sábado",0
9790,"sérvia","Что значит это слово?

sérvia","сербия",5K,5K,noun,build:pilot_ptpt_001_enriched:safe_promote_v2,0,4861,,5K,B2,"sérvia",0
9791,"sérvio","Что значит это слово?

sérvio","cерб",20K,20K,noun,build:pilot_ptpt_001_enriched:safe_promote_v2,1,11357,,20K,C1,"sérvio",0
9792,"síndrome","Что значит это слово?

síndrome","синдром",10K,10K,noun,build:pilot_ptpt_001_enriched:safe_promote_v2,0,5689,,10K,B2,"síndrome",0
9793,"síria","Что значит это слово?

síria","сирия",5K,5K,noun,build:pilot_ptpt_001_enriched:safe_promote_v2,0,3865,,5K,B2,"síria",0
9794,"sítio","Что значит это слово?

sítio","осада",2K,2K,noun,build:pilot_ptpt_001_enriched:safe_promote_v2,0,1908,,2K,B1,"sítio",0
9795,tabaco,"Что значит это слово?

tabaco","табак",10K,10K,noun,build:pilot_ptpt_001_enriched:safe_promote_v2,0,9113,,10K,C1,tabaco,0
9796,"tailândia","Что значит это слово?

tailândia","таиланд",10K,10K,noun,build:pilot_ptpt_001_enriched:safe_promote_v2,0,5690,,10K,B2,"tailândia",0
9797,taiwan,"Что значит это слово?

taiwan","китайская республика",10K,10K,noun,build:pilot_ptpt_001_enriched:safe_promote_v2,0,7476,,10K,C1,taiwan,0
9798,tanque,"Что значит это слово?

tanque","танк",10K,10K,noun,build:pilot_ptpt_001_enriched:safe_promote_v2,0,6349,,10K,B2,tanque,0
9799,"tanzânia","Что значит это слово?

tanzânia","танзания",20K,20K,noun,build:pilot_ptpt_001_enriched:safe_promote_v2,0,11359,,20K,C1,"tanzânia",0
9800,tapete,"Что значит это слово?

tapete","ковёр",10K,10K,noun,build:pilot_ptpt_001_enriched:safe_promote_v2,0,7699,,10K,C1,tapete,0
9801,taxa,"Что значит это слово?

taxa","налог",2K,2K,noun,build:pilot_ptpt_001_enriched:safe_promote_v2,0,1590,,2K,B1,bureaucracy_documents,0
9802,teatro,"Что значит это слово?

teatro","театр",2K,2K,noun,build:pilot_ptpt_001_enriched:safe_promote_v2,0,1591,,2K,B1,teatro,0
9803,tecido,"Что значит это слово?

tecido","ткань",5K,5K,noun,build:pilot_ptpt_001_enriched:safe_promote_v2,0,4679,,5K,B2,tecido,0
9804,tecnologia,"Что значит это слово?

tecnologia","технология",1K,1K,noun,build:pilot_ptpt_001_enriched:safe_promote_v2,0,679,,1K,A2,tecnologia,0
9805,tela,"Что значит это слово?

tela","экран",2K,2K,noun,build:pilot_ptpt_001_enriched:safe_promote_v2,0,1952,,2K,B1,tela,0
9806,telefone,"Что значит это слово?

telefone","телефон",2K,2K,noun,build:pilot_ptpt_001_enriched:safe_promote_v2,0,1260,,2K,A2,telefone,0
9807,"televisão","Что значит это слово?

televisão","телевизор",1K,1K,noun,build:pilot_ptpt_001_enriched:safe_promote_v2,0,950,,1K,A2,"televisão",0
9808,telhado,"Что значит это слово?

telhado","крыша",10K,10K,noun,build:pilot_ptpt_001_enriched:safe_promote_v2,0,7702,,10K,C1,telhado,0
9809,temperatura,"Что значит это слово?

temperatura","температура",5K,5K,noun,build:pilot_ptpt_001_enriched:safe_promote_v2,0,2445,,5K,B1,temperatura,0
9810,templo,"Что значит это слово?

templo","храм",5K,5K,noun,build:pilot_ptpt_001_enriched:safe_promote_v2,0,3808,,5K,B2,templo,0
9811,"tendência","Что значит это слово?

tendência","тенденция",5K,5K,noun,build:pilot_ptpt_001_enriched:safe_promote_v2,0,2446,,5K,B1,"tendência",0
9812,tenente,"Что значит это слово?

tenente","лейтенант",5K,5K,noun,build:pilot_ptpt_001_enriched:safe_promote_v2,0,3523,,5K,B2,tenente,0
9813,tentativa,"Что значит это слово?

tentativa","попытка",2K,2K,noun,build:pilot_ptpt_001_enriched:safe_promote_v2,0,1659,,2K,B1,tentativa,0
9814,teologia,"Что значит это слово?

teologia","богословие",10K,10K,noun,build:pilot_ptpt_001_enriched:safe_promote_v2,0,8548,,10K,C1,teologia,0
9815,teoria,"Что значит это слово?

teoria","теория",2K,2K,noun,build:pilot_ptpt_001_enriched:safe_promote_v2,0,1660,,2K,B1,teoria,0
9816,terapeuta,"Что значит это слово?

terapeuta","терапевт",20K,20K,noun,build:pilot_ptpt_001_enriched:safe_promote_v2,0,11168,,20K,C1,terapeuta,0
9817,terapia,"Что значит это слово?

terapia","терапия",5K,5K,noun,build:pilot_ptpt_001_enriched:safe_promote_v2,0,3809,,5K,B2,terapia,0
9818,terremoto,"Что значит это слово?

terremoto","землетрясение",10K,10K,noun,build:pilot_ptpt_001_enriched:safe_promote_v2,0,9115,,10K,C1,terremoto,0
9819,"território","Что значит это слово?

território","территория",2K,2K,noun,build:pilot_ptpt_001_enriched:safe_promote_v2,0,1229,,2K,A2,"território",0
9820,terrorista,"Что значит это слово?

terrorista","террорист",10K,10K,noun,build:pilot_ptpt_001_enriched:safe_promote_v2,0,5471,,10K,B2,terrorista,0
9821,tesouro,"Что значит это слово?

tesouro","клад",5K,5K,noun,build:pilot_ptpt_001_enriched:safe_promote_v2,0,4523,,5K,B2,tesouro,0
9822,testa,"Что значит это слово?

testa","лоб",10K,10K,noun,build:pilot_ptpt_001_enriched:safe_promote_v2,0,7343,,10K,C1,testa,0
9823,teste,"Что значит это слово?

teste","тест",2K,2K,noun,build:pilot_ptpt_001_enriched:safe_promote_v2,0,1412,,2K,A2,teste,0
9824,texto,"Что значит это слово?

texto","текст",1K,1K,noun,build:pilot_ptpt_001_enriched:safe_promote_v2,0,680,,1K,A2,texto,0
9825,tiago,"Что значит это слово?

tiago","иа́ков",5K,5K,noun,build:pilot_ptpt_001_enriched:safe_promote_v2,0,3731,,5K,B2,tiago,0
9826,tigre,"Что значит это слово?

tigre","тигр",10K,10K,noun,build:pilot_ptpt_001_enriched:safe_promote_v2,0,6246,,10K,B2,tigre,0
9827,tira,"Что значит это слово?

tira","полоса",2K,2K,noun,build:pilot_ptpt_001_enriched:safe_promote_v2,0,1953,,2K,B1,tira,0
9828,tiro,"Что значит это слово?

tiro","выстрел",2K,2K,noun,build:pilot_ptpt_001_enriched:safe_promote_v2,0,1480,,2K,A2,tiro,0
9829,toalha,"Что значит это слово?

toalha","полотенце",10K,10K,noun,build:pilot_ptpt_001_enriched:safe_promote_v2,0,7843,,10K,C1,toalha,0
9830,toca,"Что значит это слово?

toca","нора́",5K,5K,noun,build:pilot_ptpt_001_enriched:safe_promote_v2,0,2545,,5K,B1,toca,0
9831,tornado,"Что значит это слово?

tornado","смерч",5K,5K,noun,build:pilot_ptpt_001_enriched:safe_promote_v2,0,4770,,5K,B2,tornado,0
9832,touro,"Что значит это слово?

touro","телец",10K,10K,noun,build:pilot_ptpt_001_enriched:safe_promote_v2,0,7983,,10K,C1,touro,0
9833,trabalhador,"Что значит это слово?

trabalhador","работник",5K,5K,noun,build:pilot_ptpt_001_enriched:safe_promote_v2,0,4603,,5K,B2,work_employment,0
9834,"tradição","Что значит это слово?

tradição","традиция",5K,5K,noun,build:pilot_ptpt_001_enriched:safe_promote_v2,0,2121,,5K,B1,"tradição",0
9835,tradutor,"Что значит это слово?

tradutor","переводчик",10K,10K,noun,build:pilot_ptpt_001_enriched:safe_promote_v2,0,6956,,10K,B2,tradutor,0
9836,"tradução","Что значит это слово?

tradução","перевод",1K,1K,noun,build:pilot_ptpt_001_enriched:safe_promote_v2,0,638,,1K,A2,"tradução",0
9837,"transformação","Что значит это слово?

transformação","превращение",5K,5K,noun,build:pilot_ptpt_001_enriched:safe_promote_v2,0,4114,,5K,B2,"transformação",0
9838,"transmissão","Что значит это слово?

transmissão","коробка передач",2K,2K,noun,build:pilot_ptpt_001_enriched:safe_promote_v2,0,1998,,2K,B1,food_daily,0
9839,"transparência","Что значит это слово?

transparência","прозрачность",10K,10K,noun,build:pilot_ptpt_001_enriched:safe_promote_v2,0,5048,,10K,B2,"transparência",0
9840,transporte,"Что значит это слово?

transporte","перевозка",2K,2K,noun,build:pilot_ptpt_001_enriched:safe_promote_v2,0,1060,,2K,A2,transporte,0
9841,treinar,"Что значит это слово?

treinar","тренирова́ться",5K,5K,verb,build:pilot_ptpt_001_enriched:safe_promote_v2,1,4028,,5K,B2,treinar,0
9842,trilogia,"Что значит это слово?

trilogia","трилогия",20K,20K,noun,build:pilot_ptpt_001_enriched:safe_promote_v2,0,10808,,20K,C1,trilogia,0
9843,tristeza,"Что значит это слово?

tristeza","грусть",5K,5K,noun,build:pilot_ptpt_001_enriched:safe_promote_v2,0,3442,,5K,B1,tristeza,0
9844,"triângulo","Что значит это слово?

triângulo","треугольник",10K,10K,noun,build:pilot_ptpt_001_enriched:safe_promote_v2,0,8975,,10K,C1,"triângulo",0
9845,troco,"Что значит это слово?

troco","сдача",10K,10K,noun,build:pilot_ptpt_001_enriched:safe_promote_v2,0,7846,,10K,C1,troco,0
9846,"troféu","Что значит это слово?

troféu","трофей",10K,10K,noun,build:pilot_ptpt_001_enriched:safe_promote_v2,0,6129,,10K,B2,"troféu",0
9847,tronco,"Что значит это слово?

tronco","ствол",10K,10K,noun,build:pilot_ptpt_001_enriched:safe_promote_v2,0,8551,,10K,C1,tronco,0
9848,trono,"Что значит это слово?

trono","престол",10K,10K,noun,build:pilot_ptpt_001_enriched:safe_promote_v2,0,6009,,10K,B2,trono,0
9849,"trânsito","Что значит это слово?

trânsito","транзит",5K,5K,noun,build:pilot_ptpt_001_enriched:safe_promote_v2,0,2656,,5K,B1,"trânsito",0
9850,"tubarão","Что значит это слово?

tubarão","акула",10K,10K,noun,build:pilot_ptpt_001_enriched:safe_promote_v2,0,7847,,10K,C1,"tubarão",0
9851,tubo,"Что значит это слово?

tubo","труба",10K,10K,noun,build:pilot_ptpt_001_enriched:safe_promote_v2,0,7227,,10K,C1,tubo,0
9852,"tunísia","Что значит это слово?

tunísia","тунис",20K,20K,noun,build:pilot_ptpt_001_enriched:safe_promote_v2,0,10623,,20K,C1,"tunísia",0
9853,turismo,"Что значит это слово?

turismo","туризм",5K,5K,noun,build:pilot_ptpt_001_enriched:safe_promote_v2,0,2212,,5K,B1,turismo,0
9854,turista,"Что значит это слово?

turista","турист",20K,20K,noun,build:pilot_ptpt_001_enriched:safe_promote_v2,0,10624,,20K,C1,turista,0
9855,turquia,"Что значит это слово?

turquia","турция",5K,5K,noun,build:pilot_ptpt_001_enriched:safe_promote_v2,0,3733,,5K,B2,turquia,0
9856,"técnica","Что значит это слово?

técnica","техника",2K,2K,noun,build:pilot_ptpt_001_enriched:safe_promote_v2,0,1663,,2K,B1,"técnica",0
9857,"técnico","Что значит это слово?

técnico","тренер",2K,2K,noun,build:pilot_ptpt_001_enriched:safe_promote_v2,0,1413,,2K,A2,"técnico",0
9858,"tênis","Что значит это слово?

tênis","теннис",5K,5K,noun,build:pilot_ptpt_001_enriched:safe_promote_v2,0,3294,,5K,B1,"tênis",0
9859,"túmulo","Что значит это слово?

túmulo","могила",10K,10K,noun,build:pilot_ptpt_001_enriched:safe_promote_v2,0,7094,,10K,C1,"túmulo",0
9860,"túnel","Что значит это слово?

túnel","тоннель",10K,10K,noun,build:pilot_ptpt_001_enriched:safe_promote_v2,0,6720,,10K,B2,"túnel",0
9861,"ucrânia","Что значит это слово?

ucrânia","украина",10K,10K,noun,build:pilot_ptpt_001_enriched:safe_promote_v2,0,5262,,10K,B2,"ucrânia",0
9862,uganda,"Что значит это слово?

uganda","уганда",20K,20K,noun,build:pilot_ptpt_001_enriched:safe_promote_v2,0,11370,,20K,C1,uganda,0
9863,unanimidade,"Что значит это слово?

unanimidade","единодушие",10K,10K,noun,build:pilot_ptpt_001_enriched:safe_promote_v2,0,9595,,10K,C1,unanimidade,0
9864,unesco,"Что значит это слово?

unesco","юнеско",10K,10K,noun,build:pilot_ptpt_001_enriched:safe_promote_v2,0,5800,,10K,B2,unesco,0
9865,uniforme,"Что значит это слово?

uniforme","форма",5K,5K,noun,build:pilot_ptpt_001_enriched:safe_promote_v2,0,4115,,5K,B2,uniforme,0
9866,universidade,"Что значит это слово?

universidade","университет",1K,1K,noun,build:pilot_ptpt_001_enriched:safe_promote_v2,0,403,,1K,A1,universidade,0
9867,universo,"Что значит это слово?

universo","вселенная",2K,2K,noun,build:pilot_ptpt_001_enriched:safe_promote_v2,0,1593,,2K,B1,universo,0
9868,urso,"Что значит это слово?

urso","медведь",10K,10K,noun,build:pilot_ptpt_001_enriched:safe_promote_v2,0,7095,,10K,C1,urso,0
9869,uruguai,"Что значит это слово?

uruguai","уругвай",5K,5K,noun,build:pilot_ptpt_001_enriched:safe_promote_v2,0,3651,,5K,B2,uruguai,0
9870,"usuário","Что значит это слово?

usuário","участник",2K,2K,noun,build:pilot_ptpt_001_enriched:safe_promote_v2,0,1554,,2K,B1,time_basic,0
9871,uva,"Что значит это слово?

uva","виноград",10K,10K,noun,build:pilot_ptpt_001_enriched:safe_promote_v2,0,9124,,10K,C1,uva,0
9872,vaca,"Что значит это слово?

vaca","корова",5K,5K,noun,build:pilot_ptpt_001_enriched:safe_promote_v2,0,4687,,5K,B2,vaca,0
9873,vacina,"Что значит это слово?

vacina","вакцина",10K,10K,noun,build:pilot_ptpt_001_enriched:safe_promote_v2,0,6484,,10K,B2,vacina,0
9874,vagina,"Что значит это слово?

vagina","вагина",10K,10K,noun,build:pilot_ptpt_001_enriched:safe_promote_v2,0,8702,,10K,C1,vagina,0
9875,vampiro,"Что значит это слово?

vampiro","вампир",10K,10K,noun,build:pilot_ptpt_001_enriched:safe_promote_v2,0,9941,,10K,C1,vampiro,0
9876,vanguarda,"Что значит это слово?

vanguarda","авангард",20K,20K,noun,build:pilot_ptpt_001_enriched:safe_promote_v2,0,11764,,20K,C1,vanguarda,0
9877,varanda,"Что значит это слово?

varanda","балкон",10K,10K,noun,build:pilot_ptpt_001_enriched:safe_promote_v2,0,8979,,10K,C1,varanda,0
9878,"variável","Что значит это слово?

variável","переменная",10K,10K,noun,build:pilot_ptpt_001_enriched:safe_promote_v2,0,8981,,10K,C1,"variável",0
9879,vasco,"Что значит это слово?

vasco","vásko",5K,5K,noun,build:pilot_ptpt_001_enriched:safe_promote_v2,0,3115,,5K,B1,vasco,0
9880,vaso,"Что значит это слово?

vaso","ваза",10K,10K,noun,build:pilot_ptpt_001_enriched:safe_promote_v2,0,8835,,10K,C1,vaso,0
9881,vaticano,"Что значит это слово?

vaticano","ватикан",10K,10K,noun,build:pilot_ptpt_001_enriched:safe_promote_v2,0,6821,,10K,B2,vaticano,0
9882,vela,"Что значит это слово?

vela","парус",10K,10K,noun,build:pilot_ptpt_001_enriched:safe_promote_v2,0,5478,,10K,B2,vela,0
9883,velho,"Что значит это слово?

velho","старик",1K,1K,noun,build:pilot_ptpt_001_enriched:safe_promote_v2,0,927,,1K,A2,velho,0
9884,veneno,"Что значит это слово?

veneno","яд",10K,10K,noun,build:pilot_ptpt_001_enriched:safe_promote_v2,0,6486,,10K,B2,veneno,0
9885,veneza,"Что значит это слово?

veneza","венеция",20K,20K,noun,build:pilot_ptpt_001_enriched:safe_promote_v2,0,10983,,20K,C1,veneza,0
9886,venezuela,"Что значит это слово?

venezuela","венесуэла",5K,5K,noun,build:pilot_ptpt_001_enriched:safe_promote_v2,0,2981,,5K,B1,venezuela,0
9887,vento,"Что значит это слово?

vento","ветер",2K,2K,noun,build:pilot_ptpt_001_enriched:safe_promote_v2,0,1954,,2K,B1,vento,0
9888,vergonha,"Что значит это слово?

vergonha","стыд",2K,2K,noun,build:pilot_ptpt_001_enriched:safe_promote_v2,0,1692,,2K,B1,vergonha,0
9889,verso,"Что значит это слово?

verso","вирши",10K,10K,noun,build:pilot_ptpt_001_enriched:safe_promote_v2,0,8837,,10K,C1,verso,0
9890,"verão","Что значит это слово?

verão","лето",2K,2K,noun,build:pilot_ptpt_001_enriched:safe_promote_v2,0,1024,,2K,A2,"verão",0
9891,veterano,"Что значит это слово?

veterano","ветеран",10K,10K,noun,build:pilot_ptpt_001_enriched:safe_promote_v2,0,9777,,10K,C1,veterano,0
9892,"veículo","Что значит это слово?

veículo","транспортное средство",5K,5K,noun,build:pilot_ptpt_001_enriched:safe_promote_v2,0,2546,,5K,B1,transport_mobility,0
9893,vice,"Что значит это слово?

vice","вице",2K,2K,noun,build:pilot_ptpt_001_enriched:safe_promote_v2,0,1298,,2K,A2,vice,0
9894,vidro,"Что значит это слово?

vidro","стекло",5K,5K,noun,build:pilot_ptpt_001_enriched:safe_promote_v2,0,3444,,5K,B1,vidro,0
9895,"vilão","Что значит это слово?

vilão","злодей",10K,10K,noun,build:pilot_ptpt_001_enriched:safe_promote_v2,0,7232,,10K,C1,"vilão",0
9896,"vingança","Что значит это слово?

vingança","месть",5K,5K,noun,build:pilot_ptpt_001_enriched:safe_promote_v2,0,4361,,5K,B2,"vingança",0
9897,vinho,"Что значит это слово?

vinho","вино",5K,5K,noun,build:pilot_ptpt_001_enriched:safe_promote_v2,0,2169,,5K,B1,food_daily,0
9898,vinte,"Что значит это слово?

vinte","двадцать",5K,5K,noun,build:pilot_ptpt_001_enriched:safe_promote_v2,0,2258,,5K,B1,vinte,0
9899,"violência","Что значит это слово?

violência","брутальность",2K,2K,noun,build:pilot_ptpt_001_enriched:safe_promote_v2,0,1414,,2K,A2,"violência",0
9900,virgem,"Что значит это слово?

virgem","девственник",5K,5K,noun,build:pilot_ptpt_001_enriched:safe_promote_v2,0,3241,,5K,B1,virgem,0
9901,virtude,"Что значит это слово?

virtude","добродетель",10K,10K,noun,build:pilot_ptpt_001_enriched:safe_promote_v2,0,5370,,10K,B2,virtude,0
9902,"vizinhança","Что значит это слово?

vizinhança","район",5K,5K,noun,build:pilot_ptpt_001_enriched:safe_promote_v2,0,4606,,5K,B2,"vizinhança",0
9903,vizinho,"Что значит это слово?

vizinho","сосед",5K,5K,noun,build:pilot_ptpt_001_enriched:safe_promote_v2,0,3366,,5K,B1,vizinho,0
9904,"vocabulário","Что значит это слово?

vocabulário","лексика",10K,10K,noun,build:pilot_ptpt_001_enriched:safe_promote_v2,0,9278,,10K,C1,"vocabulário",0
9905,vocalista,"Что значит это слово?

vocalista","вокалист",20K,20K,noun,build:pilot_ptpt_001_enriched:safe_promote_v2,0,10459,,20K,C1,vocalista,0
9906,voleibol,"Что значит это слово?

voleibol","волейбол",10K,10K,noun,build:pilot_ptpt_001_enriched:safe_promote_v2,0,5372,,10K,B2,voleibol,0
9907,volume,"Что значит это слово?

volume","объём",2K,2K,noun,build:pilot_ptpt_001_enriched:safe_promote_v2,0,1765,,2K,B1,volume,0
9908,vomitar,"Что значит это слово?

vomitar","рвать",20K,20K,verb,build:pilot_ptpt_001_enriched:safe_promote_v2,0,11191,,20K,C1,vomitar,0
9909,voto,"Что значит это слово?

voto","голос",2K,2K,noun,build:pilot_ptpt_001_enriched:safe_promote_v2,0,1415,,2K,A2,voto,0
9910,"vácuo","Что значит это слово?

vácuo","вакуум",10K,10K,noun,build:pilot_ptpt_001_enriched:safe_promote_v2,0,9280,,10K,C1,"vácuo",0
9911,"vírus","Что значит это слово?

vírus","вирусы",5K,5K,noun,build:pilot_ptpt_001_enriched:safe_promote_v2,0,2346,,5K,B1,"vírus",0
9912,"wikipédia","Что значит это слово?

wikipédia","википедия",10K,10K,noun,build:pilot_ptpt_001_enriched:safe_promote_v2,0,9782,,10K,C1,"wikipédia",0
9913,xadrez,"Что значит это слово?

xadrez","шахматы",10K,10K,noun,build:pilot_ptpt_001_enriched:safe_promote_v2,0,7103,,10K,C1,xadrez,0
9914,xavier,"Что значит это слово?

xavier","ксаверий",10K,10K,noun,build:pilot_ptpt_001_enriched:safe_promote_v2,0,6492,,10K,B2,xavier,0
9915,"ácido","Что значит это слово?

ácido","кислота",5K,5K,noun,build:pilot_ptpt_001_enriched:safe_promote_v2,0,4441,,5K,B2,"ácido",0
9916,"águia","Что значит это слово?

águia","орёл",10K,10K,noun,build:pilot_ptpt_001_enriched:safe_promote_v2,0,8843,,10K,C1,"águia",0
9917,"álbum","Что значит это слово?

álbum","альбом",2K,2K,noun,build:pilot_ptpt_001_enriched:safe_promote_v2,0,1595,,2K,B1,"álbum",0
9918,"álcool","Что значит это слово?

álcool","спирты",5K,5K,noun,build:pilot_ptpt_001_enriched:safe_promote_v2,0,3300,,5K,B1,"álcool",0
9919,"árabe","Что значит это слово?

árabe","араб",5K,5K,noun,build:pilot_ptpt_001_enriched:safe_promote_v2,0,3177,,5K,B1,"árabe",0
9920,"ângulo","Что значит это слово?

ângulo","угол",10K,10K,noun,build:pilot_ptpt_001_enriched:safe_promote_v2,0,6254,,10K,B2,"ângulo",0
9921,"ética","Что значит это слово?

ética","этика",5K,5K,noun,build:pilot_ptpt_001_enriched:safe_promote_v2,0,3815,,5K,B2,"ética",0
9922,"índia","Что значит это слово?

índia","индия",2K,2K,noun,build:pilot_ptpt_001_enriched:safe_promote_v2,0,1664,,2K,B1,"índia",0
9923,"índio","Что значит это слово?

índio","индий",10K,10K,noun,build:pilot_ptpt_001_enriched:safe_promote_v2,0,7719,,10K,C1,"índio",0
9924,"íris","Что значит это слово?

íris","ирис",10K,10K,noun,build:pilot_ptpt_001_enriched:safe_promote_v2,0,7993,,10K,C1,"íris",0
9925,"óculos","Что значит это слово?

óculos","очки",5K,5K,noun,build:pilot_ptpt_001_enriched:safe_promote_v2,0,3531,,5K,B2,"óculos",0
9926,"ópera","Что значит это слово?

ópera","опера",10K,10K,noun,build:pilot_ptpt_001_enriched:safe_promote_v2,0,8708,,10K,C1,"ópera",0
9927,"órgão","Что значит это слово?

órgão","орган",5K,5K,noun,build:pilot_ptpt_001_enriched:safe_promote_v2,0,2659,,5K,B1,"órgão",0
9928,cinco,"Что значит это слово?

cinco","пять",1K,1K,adjective,build:pilot_ptpt_003_kaikki_adjadv:safe_promote_v2,0,373,,1K,A1,cinco,0
9929,"português","Что значит это слово?

português","португальский",1K,1K,adjective,build:pilot_ptpt_003_kaikki_adjadv:safe_promote_v2,0,541,,1K,A2,"português",0
9930,"político","Что значит это слово?

político","политический",1K,1K,adjective,build:pilot_ptpt_003_kaikki_adjadv:safe_promote_v2,0,791,,1K,A2,"político",0
9931,popular,"Что значит это слово?

popular","популярный",1K,1K,adjective,build:pilot_ptpt_003_kaikki_adjadv:safe_promote_v2,0,831,,1K,A2,popular,0
9932,municipal,"Что значит это слово?

municipal","муниципальный",1K,1K,adjective,build:pilot_ptpt_003_kaikki_adjadv:safe_promote_v2,0,967,,1K,A2,municipal,0
9933,normal,"Что значит это слово?

normal","нормально",1K,1K,adjective,build:pilot_ptpt_003_kaikki_adjadv:safe_promote_v2,0,970,,1K,A2,normal,0
9934,interessante,"Что значит это слово?

interessante","интересный",2K,2K,adjective,build:pilot_ptpt_003_kaikki_adjadv:safe_promote_v2,0,1079,,2K,A2,interessante,0
9935,"impossível","Что значит это слово?

impossível","невозможный",2K,2K,adjective,build:pilot_ptpt_003_kaikki_adjadv:safe_promote_v2,0,1242,,2K,A2,"impossível",0
9936,inteiro,"Что значит это слово?

inteiro","целый",2K,2K,adjective,build:pilot_ptpt_003_kaikki_adjadv:safe_promote_v2,0,1244,,2K,A2,inteiro,0
9937,verdadeiro,"Что значит это слово?

verdadeiro","настоящий",2K,2K,adjective,build:pilot_ptpt_003_kaikki_adjadv:safe_promote_v2,0,1265,,2K,A2,verdadeiro,0
9938,pronto,"Что значит это слово?

pronto","готовый",2K,2K,adjective,build:pilot_ptpt_003_kaikki_adjadv:safe_promote_v2,0,1294,,2K,A2,pronto,0
9939,"francês","Что значит это слово?

francês","француз",2K,2K,adjective,build:pilot_ptpt_003_kaikki_adjadv:safe_promote_v2,0,1312,,2K,A2,"francês",0
9940,vermelho,"Что значит это слово?

vermelho","красный",2K,2K,adjective,build:pilot_ptpt_003_kaikki_adjadv:safe_promote_v2,0,1346,,2K,A2,vermelho,0
9941,negro,"Что значит это слово?

negro","чёрный",2K,2K,adjective,build:pilot_ptpt_003_kaikki_adjadv:safe_promote_v2,0,1367,,2K,A2,negro,0
9942,"técnico","Что значит это слово?

técnico","технический",2K,2K,adjective,build:pilot_ptpt_003_kaikki_adjadv:safe_promote_v2,0,1413,,2K,A2,"técnico",0
9943,alegre,"Что значит это слово?

alegre","весёлый",2K,2K,adjective,build:pilot_ptpt_003_kaikki_adjadv:safe_promote_v2,0,1519,,2K,B1,alegre,0
9944,rosa,"Что значит это слово?

rosa","розовый",2K,2K,adjective,build:pilot_ptpt_003_kaikki_adjadv:safe_promote_v2,1,1551,,2K,B1,rosa,1
9945,pobre,"Что значит это слово?

pobre","бедный",2K,2K,adjective,build:pilot_ptpt_003_kaikki_adjadv:safe_promote_v2,0,1582,,2K,B1,pobre,0
9946,quente,"Что значит это слово?

quente","горячий",2K,2K,adjective,build:pilot_ptpt_003_kaikki_adjadv:safe_promote_v2,0,1586,,2K,B1,quente,0
9947,sexual,"Что значит это слово?

sexual","сексуальный",2K,2K,adjective,build:pilot_ptpt_003_kaikki_adjadv:safe_promote_v2,0,1630,,2K,B1,sexual,0
9948,rico,"Что значит это слово?

rico","богатый",2K,2K,adjective,build:pilot_ptpt_003_kaikki_adjadv:safe_promote_v2,0,1724,,2K,B1,rico,0
9949,moral,"Что значит это слово?

moral","моральный",2K,2K,adjective,build:pilot_ptpt_003_kaikki_adjadv:safe_promote_v2,0,1755,,2K,B1,moral,0
9950,mau,"Что значит это слово?

mau","плохой",2K,2K,adjective,build:pilot_ptpt_003_kaikki_adjadv:safe_promote_v2,0,1936,,2K,B1,mau,0
9951,russo,"Что значит это слово?

russo","русский",2K,2K,adjective,build:pilot_ptpt_003_kaikki_adjadv:safe_promote_v2,0,1947,,2K,B1,russo,0
9952,virtual,"Что значит это слово?

virtual","виртуальный",5K,5K,adjective,build:pilot_ptpt_003_kaikki_adjadv:safe_promote_v2,0,2259,,5K,B1,virtual,0
9953,"alemão","Что значит это слово?

alemão","немецкий",5K,5K,adjective,build:pilot_ptpt_003_kaikki_adjadv:safe_promote_v2,0,2348,,5K,B1,"alemão",0
9954,italiano,"Что значит это слово?

italiano","итальянский",5K,5K,adjective,build:pilot_ptpt_003_kaikki_adjadv:safe_promote_v2,0,3088,,5K,B1,italiano,0
9955,ideal,"Что значит это слово?

ideal","идеальный",5K,5K,adjective,build:pilot_ptpt_003_kaikki_adjadv:safe_promote_v2,0,3145,,5K,B1,ideal,0
9956,financeiro,"Что значит это слово?

financeiro","фина́нсовый",5K,5K,adjective,build:pilot_ptpt_003_kaikki_adjadv:safe_promote_v2,0,3265,,5K,B1,financeiro,0
9957,oceano,"Что значит это слово?

oceano","океанский",5K,5K,adjective,build:pilot_ptpt_003_kaikki_adjadv:safe_promote_v2,1,3577,,5K,B2,oceano,1
9958,"fantástico","Что значит это слово?

fantástico","фантастический",5K,5K,adjective,build:pilot_ptpt_003_kaikki_adjadv:safe_promote_v2,0,3837,,5K,B2,"fantástico",0
9959,oral,"Что значит это слово?

oral","оральный",5K,5K,adjective,build:pilot_ptpt_003_kaikki_adjadv:safe_promote_v2,0,4166,,5K,B2,oral,0
9960,africano,"Что значит это слово?

africano","африканский",5K,5K,adjective,build:pilot_ptpt_003_kaikki_adjadv:safe_promote_v2,0,4283,,5K,B2,africano,0
9961,intenso,"Что значит это слово?

intenso","интенсивный",5K,5K,adjective,build:pilot_ptpt_003_kaikki_adjadv:safe_promote_v2,0,4735,,5K,B2,intenso,0
9962,quarenta,"Что значит это слово?

quarenta","сорок",10K,10K,adjective,build:pilot_ptpt_003_kaikki_adjadv:safe_promote_v2,0,5039,,10K,B2,quarenta,0
9963,mexicano,"Что значит это слово?

mexicano","мексиканский",10K,10K,adjective,build:pilot_ptpt_003_kaikki_adjadv:safe_promote_v2,0,5552,,10K,B2,mexicano,0
9964,cinquenta,"Что значит это слово?

cinquenta","пятьдесят",10K,10K,adjective,build:pilot_ptpt_003_kaikki_adjadv:safe_promote_v2,0,5716,,10K,B2,cinquenta,0
9965,"olímpico","Что значит это слово?

olímpico","олимпийский",10K,10K,adjective,build:pilot_ptpt_003_kaikki_adjadv:safe_promote_v2,0,5873,,10K,B2,"olímpico",0
9966,paralelo,"Что значит это слово?

paralelo","параллельный",10K,10K,adjective,build:pilot_ptpt_003_kaikki_adjadv:safe_promote_v2,0,5977,,10K,B2,paralelo,0
9967,acre,"Что значит это слово?

acre","кислый",10K,10K,adjective,build:pilot_ptpt_003_kaikki_adjadv:safe_promote_v2,1,6136,,10K,B2,acre,1
9968,"lógico","Что значит это слово?

lógico","логический",10K,10K,adjective,build:pilot_ptpt_003_kaikki_adjadv:safe_promote_v2,0,6208,,10K,B2,"lógico",0
9969,tropical,"Что значит это слово?

tropical","тропический",10K,10K,adjective,build:pilot_ptpt_003_kaikki_adjadv:safe_promote_v2,0,6819,,10K,B2,tropical,0
9970,"islâmico","Что значит это слово?

islâmico","исламский",10K,10K,adjective,build:pilot_ptpt_003_kaikki_adjadv:safe_promote_v2,0,7536,,10K,C1,"islâmico",0
9971,anal,"Что значит это слово?

anal","анальный",10K,10K,adjective,build:pilot_ptpt_003_kaikki_adjadv:safe_promote_v2,0,7592,,10K,C1,anal,0
9972,sessenta,"Что значит это слово?

sessenta","шестьдесят",10K,10K,adjective,build:pilot_ptpt_003_kaikki_adjadv:safe_promote_v2,0,7696,,10K,C1,sessenta,0
9973,alternativo,"Что значит это слово?

alternativo","альтернативный",10K,10K,adjective,build:pilot_ptpt_003_kaikki_adjadv:safe_promote_v2,0,8142,,10K,C1,alternativo,0
9974,"anônimo","Что значит это слово?

anônimo","анонимный",10K,10K,adjective,build:pilot_ptpt_003_kaikki_adjadv:safe_promote_v2,0,8147,,10K,C1,"anônimo",0
9975,brutal,"Что значит это слово?

brutal","брутальный",10K,10K,adjective,build:pilot_ptpt_003_kaikki_adjadv:safe_promote_v2,0,8158,,10K,C1,brutal,0
9976,setenta,"Что значит это слово?

setenta","семьдесят",10K,10K,adjective,build:pilot_ptpt_003_kaikki_adjadv:safe_promote_v2,0,8540,,10K,C1,setenta,0
9977,muscular,"Что значит это слово?

muscular","мышечный",20K,20K,adjective,build:pilot_ptpt_003_kaikki_adjadv:safe_promote_v2,0,10404,,20K,C1,muscular,0
9978,acelerado,"Что значит это слово?

acelerado","ускоренный",20K,20K,adjective,build:pilot_ptpt_003_kaikki_adjadv:safe_promote_v2,0,10635,,20K,C1,acelerado,0
9979,"rígido","Что значит это слово?

rígido","твёрдый",20K,20K,adjective,build:pilot_ptpt_003_kaikki_adjadv:safe_promote_v2,0,10786,,20K,C1,"rígido",0
9980,ignorante,"Что значит это слово?

ignorante","тёмный",20K,20K,adjective,build:pilot_ptpt_003_kaikki_adjadv:safe_promote_v2,0,10905,,20K,C1,ignorante,0
9981,detalhado,"Что значит это слово?

detalhado","подробный",20K,20K,adjective,build:pilot_ptpt_003_kaikki_adjadv:safe_promote_v2,0,11250,,20K,C1,detalhado,0
9982,"mediterrâneo","Что значит это слово?

mediterrâneo","средиземноморский",20K,20K,adjective,build:pilot_ptpt_003_kaikki_adjadv:safe_promote_v2,0,11306,,20K,C1,"mediterrâneo",0
9983,mesmo,"Что значит это слово?

mesmo","аж",1K,1K,adverb,build:pilot_ptpt_003_kaikki_adjadv:safe_promote_v2,0,56,,1K,A1,mesmo,0
9984,outrora,"Что значит это слово?

outrora","прежде",20K,20K,adverb,build:pilot_ptpt_003_kaikki_adjadv:safe_promote_v2,0,10224,,20K,C1,outrora,0
9985,gratis,"Что значит это слово?

gratis","бесплатно",5K,5K,adverb,build:pilot_ptpt_004_adverb_curated:safe_promote_v2,0,4800,,5K,B2,gratis,0
9986,especialmente,"Что значит это слово?

especialmente","особенно",5K,5K,adverb,build:pilot_ptpt_006_adverb_mid_curated:safe_promote_v2,0,2800,,5K,B1,especialmente,0
9987,principalmente,"Что значит это слово?

principalmente","главным образом",5K,5K,adverb,build:pilot_ptpt_006_adverb_mid_curated:safe_promote_v2,0,3000,,5K,B1,principalmente,0
9988,claramente,"Что значит это слово?

claramente","ясно",5K,5K,adverb,build:pilot_ptpt_006_adverb_mid_curated:safe_promote_v2,0,3200,,5K,B1,claramente,0
9989,obviamente,"Что значит это слово?

obviamente","очевидно",5K,5K,adverb,build:pilot_ptpt_006_adverb_mid_curated:safe_promote_v2,0,3400,,5K,B1,obviamente,0
9990,provavelmente,"Что значит это слово?

provavelmente","вероятно",5K,5K,adverb,build:pilot_ptpt_006_adverb_mid_curated:safe_promote_v2,0,3600,,5K,B2,provavelmente,0
9991,possivelmente,"Что значит это слово?

possivelmente","возможно",5K,5K,adverb,build:pilot_ptpt_006_adverb_mid_curated:safe_promote_v2,0,3800,,5K,B2,possivelmente,0
9992,rapidamente,"Что значит это слово?

rapidamente","быстро",5K,5K,adverb,build:pilot_ptpt_006_adverb_mid_curated:safe_promote_v2,0,4000,,5K,B2,rapidamente,0
9993,lentamente,"Что значит это слово?

lentamente","медленно",5K,5K,adverb,build:pilot_ptpt_006_adverb_mid_curated:safe_promote_v2,0,4200,,5K,B2,lentamente,0
9994,facilmente,"Что значит это слово?

facilmente","легко",5K,5K,adverb,build:pilot_ptpt_006_adverb_mid_curated:safe_promote_v2,0,4500,,5K,B2,facilmente,0
9995,ter,"Что значит это слово?

ter","иметь",,,verb,,1,1810,,2K,,,1
9996,fazer,"Что значит это слово?

fazer","делать",,,verb,,1,1820,,2K,,,1
9997,dar,"Что значит это слово?

dar","давать",,,verb,,1,2250,,5K,,,1
9998,dizer,"Что значит это слово?

dizer","сказать",,,verb,,1,2320,,5K,,,1
9999,saber,"Что значит это слово?

saber","знать",,,verb,,1,2360,,5K,,,1
10000,voltar,"Что значит это слово?

voltar","возвращаться",,,verb,,1,2700,,5K,,,0
10001,entrar,"Что значит это слово?

entrar","входить",,,verb,,1,2740,,5K,,,0
10002,mudar,"Что значит это слово?

mudar","менять",,,verb,,1,2800,,5K,,,0
10003,casar,"Что значит это слово?

casar","жениться",,,verb,,1,3320,,5K,,,0
10004,acordar,"Что значит это слово?

acordar","просыпаться",,,verb,,1,3550,,5K,,,0
10005,rir,"Что значит это слово?

rir","смеяться",,,verb,,1,3560,,5K,,,1
10006,muito,"Что значит это слово?

muito","очень",,,adverb,,1,1630,,2K,,,1
10007,"também","Что значит это слово?

também","тоже",,,adverb,,1,1690,,2K,,,1
10008,"então","Что значит это слово?

então","тогда",,,adverb,,0,2130,,5K,,,0
10009,nem,"Что значит это слово?

nem","не",,,adverb,,0,2130,,5K,,,0
10010,menos,"Что значит это слово?

menos","меньше",,,adverb,,1,2220,,5K,,,1
10011,pouco,"Что значит это слово?

pouco","мало",,,adverb,,0,2270,,5K,,,1
10012,"além","Что значит это слово?

além","там",,,adverb,,0,2280,,5K,,,0
10013,algo,"Что значит это слово?

algo","довольно",,,adverb,,1,2390,,5K,,,1
10014,tanto,"Что значит это слово?

tanto","так сильно",,,adverb,,0,2420,,5K,,,0
10015,pois,"Что значит это слово?

pois","так",,,adverb,,0,2440,,5K,,,0
10016,bastante,"Что значит это слово?

bastante","достаточно",,,adverb,,1,2750,,5K,,,1
10017,novamente,"Что значит это слово?

novamente","снова",,,adverb,,1,2820,,5K,,,1
10018,atualmente,"Что значит это слово?

atualmente","в настоящее время",,,adverb,,0,2940,,5K,,,1
10019,exatamente,"Что значит это слово?

exatamente","точно",,,adverb,,0,3040,,5K,,,1
10020,completamente,"Что значит это слово?

completamente","полностью",,,adverb,,0,3070,,5K,,,1
10021,entretanto,"Что значит это слово?

entretanto","тем временем",,,adverb,,1,3080,,5K,,,1
10022,infelizmente,"Что значит это слово?

infelizmente","к сожалению",,,adverb,,1,3110,,5K,,,1
10023,contudo,"Что значит это слово?

contudo","однако",,,adverb,,1,3120,,5K,,,1
10024,mais,"Что значит это слово?

mais","более",,,adverb,,1,1280,,2K,,,1
10025,nada,"Что значит это слово?

nada","ничего",,,adverb,,0,2010,,5K,,,1
10026,finalmente,"Что значит это слово?

finalmente","наконец",,,adverb,,0,2910,,5K,,,1
10027,portanto,"Что значит это слово?

portanto","поэтому",,,adverb,,1,2910,,5K,,,1
10028,"rápido","Что значит это слово?

rápido","быстро",,,adverb,,0,2920,,5K,,,1
10029,bom,"Что значит это слово?

bom","хороший",,,adjective,,1,2040,,5K,,,1
10030,todo,"Что значит это слово?

todo","весь",,,adjective,,1,2080,,5K,,,1
10031,maior,"Что значит это слово?

maior","больший",,,adjective,,1,2200,,5K,,,0
10032,primeiro,"Что значит это слово?

primeiro","первый",,,adjective,,0,2200,,5K,,,0
10033,segundo,"Что значит это слово?

segundo","второй",,,adjective,,0,2270,,5K,,,0
10034,nacional,"Что значит это слово?

nacional","национальный",,,adjective,,0,2360,,5K,,,0
10035,final,"Что значит это слово?

final","конечный",,,adjective,,1,2400,,5K,,,1
10036,preciso,"Что значит это слово?

preciso","точный",,,adjective,,1,2440,,5K,,,1
10037,direito,"Что значит это слово?

direito","правый",,,adjective,,1,2460,,5K,,,1
10038,geral,"Что значит это слово?

geral","общий",,,adjective,,1,2540,,5K,,,1
10039,claro,"Что значит это слово?

claro","ясный",,,adjective,,1,2620,,5K,,,1
10040,"possível","Что значит это слово?

possível","возможный",,,adjective,,1,2630,,5K,,,1
10041,principal,"Что значит это слово?

principal","главный",,,adjective,,1,2730,,5K,,,1
10042,"único","Что значит это слово?

único","единственный",,,adjective,,1,2730,,5K,,,1
10043,diferente,"Что значит это слово?

diferente","другой",,,adjective,,1,2740,,5K,,,1
10044,total,"Что значит это слово?

total","полный",,,adjective,,0,2760,,5K,,,0
10045,"próximo","Что значит это слово?

próximo","близкий",,,adjective,,1,2790,,5K,,,1
10046,capaz,"Что значит это слово?

capaz","способный",,,adjective,,1,3030,,5K,,,1
10047,igual,"Что значит это слово?

igual","равный",,,adjective,,1,3100,,5K,,,1
10048,chegar,"Что значит это слово?

chegar","прибывать",,,verb,,1,2630,,5K,,,1
10049,colocar,"Что значит это слово?

colocar","класть",,,verb,,1,2850,,5K,,,0
10050,conseguir,"Что значит это слово?

conseguir","получать",,,verb,,0,2830,,,,,1
10051,criar,"Что значит это слово?

criar","создавать",,,verb,,1,2840,,5K,,,0
10052,deixar,"Что значит это слово?

deixar","уходить",,,verb,,0,2530,,,,,0
10053,estar,"Что значит это слово?

estar","быть",,,verb,,0,2300,,,,,0
10054,governar,"Что значит это слово?

governar","управлять",,,verb,,1,4010,,5K,,,1
10055,haver,"Что значит это слово?

haver","иметься",,,verb,,0,3220,,,,,0
10056,ir,"Что значит это слово?

ir","идти",,,verb,,1,2250,,5K,,,1
10057,levar,"Что значит это слово?

levar","брать",,,verb,,0,2740,,,,,0
10058,manter,"Что значит это слово?

manter","сохранять",,,verb,,1,2820,,5K,,,1
10059,militar,"Что значит это слово?

militar","бороться",,,verb,,0,2790,,,,,0
10060,olhar,"Что значит это слово?

olhar","смотреть",,,verb,,1,2850,,5K,,,0
10061,partir,"Что значит это слово?

partir","делить",,,verb,,0,2510,,,,,1
10062,passar,"Что значит это слово?

passar","проходить",,,verb,,1,2610,,5K,,,1
10063,poder,"Что значит это слово?

poder","мочь",,,verb,,1,2450,,5K,,,1
10064,sair,"Что значит это слово?

sair","выходить",,,verb,,1,2500,,5K,,,1
10065,tirar,"Что значит это слово?

tirar","брать",,,verb,,0,2820,,,,,0
10066,vir,"Что значит это слово?

vir","приходить",,,verb,,1,2920,,5K,,,1
10067,"aí","Что значит это слово?

aí","там",,,adverb,,0,2360,,,,,0
10068,embora,"Что значит это слово?

embora","прочь",,,adverb,,0,2520,,,,,1
10069,inclusive,"Что значит это слово?

inclusive","тоже",,,adverb,,0,3030,,,,,0
10070,"tão","Что значит это слово?

tão","так",,,adverb,,0,2120,,,,,0
10071,jogar,"Что значит это слово?

jogar","играть",,,verb,,1,2970,,5K,,,0
10072,pelo,"Что значит это слово?

pelo","волос",,,noun,,0,1720,,,,,0
10073,mesmo,"Что значит это слово?

mesmo","то же самое",,,noun,,0,1800,,,,,0
10074,tudo,"Что значит это слово?

tudo","всё",,,noun,,0,1810,,,,,0
10075,agora,"Что значит это слово?

agora","настоящее время",,,noun,,0,1880,,,,,0
10076,era,"Что значит это слово?

era","эра",,,noun,,0,1900,,,,,0
10077,vez,"Что значит это слово?

vez","раз",,,noun,,0,2060,,,,,0
10078,coisa,"Что значит это слово?

coisa","вещь",,,noun,,0,2070,,,,,0
10079,parte,"Что значит это слово?

parte","часть",,,noun,,0,2100,,,,,0
10080,forma,"Что значит это слово?

forma","форма",,,noun,,0,2190,,,,,0
10081,nome,"Что значит это слово?

nome","имя",,,noun,,0,2230,,,,,0
10082,caso,"Что значит это слово?

caso","случай",,,noun,,0,2290,,,,,0
10083,"história","Что значит это слово?

história","история",,,noun,,0,2290,,,,,0
10084,grupo,"Что значит это слово?

grupo","группа",,,noun,,0,2310,,,,,0
10085,cara,"Что значит это слово?

cara","лицо",,,noun,,0,2320,,,,,0
10086,lado,"Что значит это слово?

lado","сторона",,,noun,,0,2330,,,,,0
10087,direito,"Что значит это слово?

direito","право",,,noun,,0,2460,,,,,0
10088,medo,"Что значит это слово?

medo","страх",,,noun,,0,2610,,,,,0
10089,"força","Что значит это слово?

força","сила",,,noun,,0,2650,,,,,0
10090,linha,"Что значит это слово?

linha","линия",,,noun,,0,2780,,,,,0
10091,modo,"Что значит это слово?

modo","режим",,,noun,,0,2790,,,,,0
10092,valor,"Что значит это слово?

valor","значение",,,noun,,0,2810,,,,,0
10093,efeito,"Что значит это слово?

efeito","эффект",,,noun,,0,3120,,,,,0
10094,minuto,"Что значит это слово?

minuto","минута",,,noun,,0,3350,,,,,0
10095,mais,"Что значит это слово?

mais","плюс",,,noun,,0,1280,,,,,0
10096,ser,"Что значит это слово?

ser","существо",,,noun,,0,1520,,,,,0
10097,"são","Что значит это слово?

são","здоровый человек",,,noun,,0,1570,,,,,0
10098,grande,"Что значит это слово?

grande","важная персона",,,noun,,0,2050,,,,,0
10099,dois,"Что значит это слово?

dois","двойка",,,noun,,0,2080,,,,,0
10100,nunca,"Что значит это слово?

nunca","никогда",,,noun,,0,2080,,,,,0
10101,todo,"Что значит это слово?

todo","целое",,,noun,,0,2080,,,,,0
10102,novo,"Что значит это слово?

novo","новинка",,,noun,,0,2190,,,,,0
10103,primeiro,"Что значит это слово?

primeiro","первый",,,noun,,0,2200,,,,,0
10104,menos,"Что значит это слово?

menos","минус",,,noun,,0,2220,,,,,0
10105,"alguém","Что значит это слово?

alguém","человек",,,noun,,0,2230,,,,,0
10106,falar,"Что значит это слово?

falar","говор",,,noun,,0,2240,,,,,0
10107,tinha,"Что значит это слово?

tinha","стригущий лишай",,,noun,,0,2240,,,,,0
10108,boa,"Что значит это слово?

boa","хорошая новость",,,noun,,0,2260,,,,,0
10109,"três","Что значит это слово?

três","тройка",,,noun,,0,2260,,,,,0
10110,meio,"Что значит это слово?

meio","середина",,,noun,,0,2310,,,,,0
10111,mulher,"Что значит это слово?

mulher","женщина",,,noun,,0,2330,,,,,0
10112,"ninguém","Что значит это слово?

ninguém","никто",,,noun,,0,2340,,,,,0
10113,foto,"Что значит это слово?

foto","фото",,,noun,,0,2360,,,,,0
10114,saber,"Что значит это слово?

saber","знание",,,noun,,0,2360,,,,,0
10115,conta,"Что значит это слово?

conta","счёт",,,noun,,0,2390,,,,,0
10116,final,"Что значит это слово?

final","конец",,,noun,,0,2400,,,,,0
10117,hora,"Что значит это слово?

hora","час",,,noun,,0,2410,,,,,0
10118,filho,"Что значит это слово?

filho","сын",,,noun,,0,2430,,,,,0
10119,"vídeo","Что значит это слово?

vídeo","видео",,,noun,,0,2430,,,,,0
10120,"vão","Что значит это слово?

vão","проём",,,noun,,0,2440,,,,,0
10121,poder,"Что значит это слово?

poder","власть",,,noun,,0,2450,,,,,0
10122,frente,"Что значит это слово?

frente","передняя часть",,,noun,,0,2480,,,,,0
10123,tarde,"Что значит это слово?

tarde","день",,,noun,,0,2480,,,,,0
10124,local,"Что значит это слово?

local","место",,,noun,,0,2490,,,,,0
10125,"público","Что значит это слово?

público","публика",,,noun,,0,2510,,,,,0
10126,centro,"Что значит это слово?

centro","центр",,,noun,,0,2530,,,,,0
10127,logo,"Что значит это слово?

logo","логотип",,,noun,,0,2530,,,,,0
10128,feito,"Что значит это слово?

feito","поступок",,,noun,,0,2550,,,,,0
10129,exemplo,"Что значит это слово?

exemplo","пример",,,noun,,0,2560,,,,,0
10130,falta,"Что значит это слово?

falta","нехватка",,,noun,,0,2560,,,,,0
10131,"série","Что значит это слово?

série","серия",,,noun,,0,2560,,,,,0
10132,causa,"Что значит это слово?

causa","причина",,,noun,,0,2570,,,,,0
10133,uso,"Что значит это слово?

uso","использование",,,noun,,0,2570,,,,,0
10134,cerca,"Что значит это слово?

cerca","забор",,,noun,,0,2600,,,,,0
10135,cinco,"Что значит это слово?

cinco","пятёрка",,,noun,,0,2610,,,,,0
10136,"início","Что значит это слово?

início","начало",,,noun,,0,2610,,,,,0
10137,claro,"Что значит это слово?

claro","просвет",,,noun,,0,2620,,,,,0
10138,"atenção","Что значит это слово?

atenção","внимание",,,noun,,0,2630,,,,,0
10139,gosto,"Что значит это слово?

gosto","вкус",,,noun,,0,2640,,,,,0
10140,fala,"Что значит это слово?

fala","речь",,,noun,,0,2650,,,,,0
10141,passado,"Что значит это слово?

passado","прошлое",,,noun,,0,2650,,,,,0
10142,base,"Что значит это слово?

base","основа",,,noun,,0,2660,,,,,0
10143,"milhões","Что значит это слово?\n\nmilhões","миллионы",,,noun,,0,2580,,,,,0
10144,quatro,"Что значит это слово?\n\nquatro","четвёрка",,,noun,,0,2580,,,,,0
10145,maioria,"Что значит это слово?\n\nmaioria","большинство",,,noun,,0,2690,,,,,0
10146,acesso,"Что значит это слово?\n\nacesso","доступ",,,noun,,0,2720,,,,,0
10147,"coração","Что значит это слово?\n\ncoração","сердце",,,noun,,0,2720,,,,,0
10148,lista,"Что значит это слово?\n\nlista","список",,,noun,,0,2720,,,,,0
10149,"espaço","Что значит это слово?\n\nespaço","пространство",,,noun,,0,2730,,,,,0
10150,apoio,"Что значит это слово?\n\napoio","поддержка",,,noun,,0,2740,,,,,0
10151,idade,"Что значит это слово?\n\nidade","возраст",,,noun,,0,2800,,,,,0
10152,sala,"Что значит это слово?\n\nsala","зал",,,noun,,0,2810,,,,,0
10153,conselho,"Что значит это слово?\n\nconselho","совет",,,noun,,0,2820,,,,,0
10154,encontro,"Что значит это слово?\n\nencontro","встреча",,,noun,,0,2820,,,,,0
10155,assunto,"Что значит это слово?\n\nassunto","тема",,,noun,,0,2830,,,,,0
10156,igreja,"Что значит это слово?\n\nigreja","церковь",,,noun,,0,2840,,,,,0
10157,"posição","Что значит это слово?\n\nposição","позиция",,,noun,,0,2860,,,,,0
10158,chefe,"Что значит это слово?\n\nchefe","начальник",,,noun,,0,2890,,,,,0
10159,busca,"Что значит это слово?\n\nbusca","поиск",,,noun,,0,2900,,,,,0
10160,interesse,"Что значит это слово?\n\ninteresse","интерес",,,noun,,0,2920,,,,,0
10161,motivo,"Что значит это слово?\n\nmotivo","причина",,,noun,,0,2920,,,,,0
10162,tribunal,"Что значит это слово?\n\ntribunal","суд",,,noun,,0,2920,,,,,0
10163,comida,"Что значит это слово?\n\ncomida","еда",,,noun,,0,2950,,,,,0
10164,oportunidade,"Что значит это слово?\n\noportunidade","возможность",,,noun,,0,2950,,,,,0
10165,"código","Что значит это слово?\n\ncódigo","код",,,noun,,0,2960,,,,,0
10166,altura,"Что значит это слово?\n\naltura","высота",,,noun,,0,2970,,,,,0
10167,escolha,"Что значит это слово?\n\nescolha","выбор",,,noun,,0,2980,,,,,0
10168,"prêmio","Что значит это слово?\n\nprêmio","премия",,,noun,,0,2980,,,,,0
10169,"diferença","Что значит это слово?\n\ndiferença","разница",,,noun,,0,2990,,,,,0
10170,estilo,"Что значит это слово?\n\nestilo","стиль",,,noun,,0,2990,,,,,0
10171,"líder","Что значит это слово?\n\nlíder","лидер",,,noun,,0,2990,,,,,0
10172,resto,"Что значит это слово?\n\nresto","остаток",,,noun,,0,2990,,,,,0
10173,visita,"Что значит это слово?\n\nvisita","визит",,,noun,,0,2990,,,,,0
10174,conhecimento,"Что значит это слово?\n\nconhecimento","знание",,,noun,,0,3000,,,,,0
10175,mente,"Что значит это слово?\n\nmente","разум",,,noun,,0,3000,,,,,0
10176,natureza,"Что значит это слово?\n\nnatureza","природа",,,noun,,0,3020,,,,,0
10177,departamento,"Что значит это слово?\n\ndepartamento","отдел",,,noun,,0,3040,,,,,0
10178,"começo","Что значит это слово?\n\ncomeço","начало",,,noun,,0,3060,,,,,0
10179,"chão","Что значит это слово?\n\nchão","земля",,,noun,,0,3070,,,,,0
10180,cuidado,"Что значит это слово?\n\ncuidado","осторожность",,,noun,,0,3070,,,,,0
10181,ontem,"Что значит это слово?

ontem","вчерашний день",,,noun,,0,2740,,,,,0
10182,seis,"Что значит это слово?

seis","шестёрка",,,noun,,0,2750,,,,,0
10183,"amanhã","Что значит это слово?

amanhã","завтра",,,noun,,0,2760,,,,,0
10184,carro,"Что значит это слово?

carro","машина",,,noun,,0,2760,,,,,0
10185,cima,"Что значит это слово?

cima","верх",,,noun,,0,2780,,,,,0
10186,fundo,"Что значит это слово?

fundo","дно",,,noun,,0,2940,,,,,0
10187,fonte,"Что значит это слово?

fonte","источник",,,noun,,0,2960,,,,,0
10188,banda,"Что значит это слово?

banda","полоса",,,noun,,0,2970,,,,,0
10189,faculdade,"Что значит это слово?

faculdade","факультет",,,noun,,0,2980,,,,,0
10190,sorte,"Что значит это слово?

sorte","удача",,,noun,,0,2980,,,,,0
10191,corte,"Что значит это слово?

corte","разрез",,,noun,,0,3010,,,,,0
10192,marca,"Что значит это слово?

marca","след",,,noun,,0,3010,,,,,0
10193,"visão","Что значит это слово?

visão","зрение",,,noun,,0,3020,,,,,0
10194,deixa,"Что значит это слово?

deixa","сигнал",,,noun,,0,2680,,,,,0
10195,passa,"Что значит это слово?

passa","изюм",,,noun,,0,2700,,,,,0
10196,fato,"Что значит это слово?

fato","костюм",,,noun,,0,2710,,,,,0
10197,oficial,"Что значит это слово?

oficial","офицер",,,noun,,0,2730,,,,,0
10198,bastante,"Что значит это слово?

bastante","достаточное количество",,,noun,,0,2750,,,,,0
10199,jovem,"Что значит это слово?

jovem","юноша",,,noun,,0,2750,,,,,0
10200,"situação","Что значит это слово?

situação","ситуация",,,noun,,0,2750,,,,,0
10201,via,"Что значит это слово?

via","путь",,,noun,,0,2750,,,,,0
10202,acha,"Что значит это слово?

acha","полено",,,noun,,0,2760,,,,,0
10203,total,"Что значит это слово?

total","сумма",,,noun,,0,2760,,,,,0
10204,"inglês","Что значит это слово?

inglês","англичанин",,,noun,,0,2770,,,,,0
10205,viver,"Что значит это слово?

viver","жизнь",,,noun,,0,2770,,,,,0
10206,presente,"Что значит это слово?

presente","настоящее",,,noun,,0,2780,,,,,0
10207,movimento,"Что значит это слово?

movimento","движение",,,noun,,0,2790,,,,,0
10208,controle,"Что значит это слово?

controle","контроль",,,noun,,0,2810,,,,,0
10209,amo,"Что значит это слово?

amo","хозяин",,,noun,,0,2830,,,,,0
10210,sentido,"Что значит это слово?

sentido","чувство",,,noun,,0,2830,,,,,0
10211,vista,"Что значит это слово?

vista","взгляд",,,noun,,0,2760,,,,,0
10212,quarto,"Что значит это слово?

quarto","четверть",,,noun,,0,2780,,,,,0
10213,durante,"Что значит это слово?

durante","дюрант",,,noun,,0,2190,,,,,0
10214,nova,"Что значит это слово?

nova","новость",,,noun,,0,2280,,,,,0
10215,"última","Что значит это слово?

última","последняя новость",,,noun,,0,2640,,,,,0
10216,forte,"Что значит это слово?

forte","сила",,,noun,,0,2700,,,,,0
10217,filhos,"Что значит это слово?

filhos","дети",,,noun,,0,2710,,,,,0
10218,copa,"Что значит это слово?

copa","крона",,,noun,,0,2790,,,,,0
10219,chamado,"Что значит это слово?

chamado","звонок",,,noun,,0,2820,,,,,0
10220,civil,"Что значит это слово?

civil","гражданский",,,noun,,0,2850,,,,,0
10221,olhar,"Что значит это слово?

olhar","взгляд",,,noun,,0,2850,,,,,0
10222,"participação","Что значит это слово?

participação","участие",,,noun,,0,2860,,,,,0
10223,original,"Что значит это слово?

original","оригинал",,,noun,,0,2870,,,,,0
10224,pequeno,"Что значит это слово?

pequeno","маленький",,,noun,,0,2870,,,,,0
10225,veio,"Что значит это слово?

veio","вена",,,noun,,0,2880,,,,,0
10226,comer,"Что значит это слово?

comer","еда",,,noun,,0,2890,,,,,0
10227,conhecido,"Что значит это слово?

conhecido","знакомый",,,noun,,0,2890,,,,,0
10228,"serão","Что значит это слово?

serão","вечер",,,noun,,0,2890,,,,,0
10229,dez,"Что значит это слово?

dez","десять",,,noun,,0,2900,,,,,0
10230,mostra,"Что значит это слово?

mostra","выставка",,,noun,,0,2900,,,,,0
10231,pequena,"Что значит это слово?

pequena","маленькая",,,noun,,0,2900,,,,,0
10232,chamada,"Что значит это слово?

chamada","звонок",,,noun,,0,2910,,,,,0
10233,alta,"Что значит это слово?

alta","выписка",,,noun,,0,2930,,,,,0
10234,espera,"Что значит это слово?

espera","ожидание",,,noun,,0,2930,,,,,0
10235,popular,"Что значит это слово?

popular","гражданский",,,noun,,0,2930,,,,,0
10236,"prisão","Что значит это слово?

prisão","тюрьма",,,noun,,0,2930,,,,,0
10237,"responsável","Что значит это слово?

responsável","ответственный",,,noun,,0,2930,,,,,0
10238,americano,"Что значит это слово?

americano","американец",,,noun,,0,2940,,,,,0
10239,ataque,"Что значит это слово?

ataque","атака",,,noun,,0,2940,,,,,0
10240,"próxima","Что значит это слово?

próxima","следующая",,,noun,,0,2940,,,,,0
10241,"trás","Что значит это слово?

trás","задний",,,noun,,0,2940,,,,,0
10242,verde,"Что значит это слово?

verde","зелёный",,,noun,,0,2940,,,,,0
10243,leva,"Что значит это слово?

leva","волна",,,noun,,0,2950,,,,,0
10244,desculpa,"Что значит это слово?

desculpa","извинение",,,noun,,0,2980,,,,,0
10245,profissional,"Что значит это слово?

profissional","профессионал",,,noun,,0,2980,,,,,0
10246,humano,"Что значит это слово?

humano","человек",,,noun,,0,2990,,,,,0
10247,zona,"Что значит это слово?

zona","зона",,,noun,,0,2990,,,,,0
10248,interior,"Что значит это слово?

interior","интерьер",,,noun,,0,3000,,,,,0
10249,linda,"Что значит это слово?

linda","красивая",,,noun,,0,3000,,,,,0
10250,celular,"Что значит это слово?

celular","мобильник",,,noun,,0,3010,,,,,0
10251,metade,"Что значит это слово?

metade","половина",,,noun,,0,3010,,,,,0
10252,portuguesa,"Что значит это слово?

portuguesa","португалка",,,noun,,0,3010,,,,,0
10253,preso,"Что значит это слово?

preso","узник",,,noun,,0,3010,,,,,0
10254,querer,"Что значит это слово?

querer","желание",,,noun,,0,3010,,,,,0
10255,achar,"Что значит это слово?

achar","ачар",,,noun,,0,3040,,,,,0
10256,interessante,"Что значит это слово?

interessante","интерес",,,noun,,0,3040,,,,,0
10257,santo,"Что значит это слово?

santo","святой",,,noun,,0,3040,,,,,0
10258,suficiente,"Что значит это слово?

suficiente","достаточно",,,noun,,0,3040,,,,,0
10259,cabo,"Что значит это слово?

cabo","мыс",,,noun,,0,3050,,,,,0
10260,morto,"Что значит это слово?

morto","умерший",,,noun,,0,3050,,,,,0
10261,oito,"Что значит это слово?

oito","восемь",,,noun,,0,3050,,,,,0
10262,quinta,"Что значит это слово?

quinta","винодельня",,,noun,,0,3050,,,,,0
10263,amiga,"Что значит это слово?

amiga","подруга",,,noun,,0,3060,,,,,0
10264,material,"Что значит это слово?

material","материал",,,noun,,0,3060,,,,,0
10265,perfeito,"Что значит это слово?

perfeito","совершенство",,,noun,,0,3060,,,,,0
10266,porra,"Что значит это слово?

porra","дубина",,,noun,,0,3060,,,,,0
10267,azul,"Что значит это слово?

azul","синий",,,noun,,0,3070,,,,,0
10268,carreira,"Что значит это слово?

carreira","тропа",,,noun,,0,3070,,,,,0
10269,andar,"Что значит это слово?

andar","этаж",,,noun,,0,3080,,,,,0
10270,direita,"Что значит это слово?

direita","право",,,noun,,0,3080,,,,,0
10271,"histórico","Что значит это слово?

histórico","история",,,noun,,0,3080,,,,,0
10272,unidade,"Что значит это слово?

unidade","единица",,,noun,,0,3080,,,,,0
10273,aula,"Что значит это слово?

aula","класс",,,noun,,0,3090,,,,,0
10274,desejo,"Что значит это слово?

desejo","желание",,,noun,,0,3090,,,,,0
10275,"espírito","Что значит это слово?

espírito","дух",,,noun,,0,3090,,,,,0
10276,imprensa,"Что значит это слово?

imprensa","пресса",,,noun,,0,3090,,,,,0
10277,igual,"Что значит это слово?

igual","знак равенства",,,noun,,0,3100,,,,,0
10278,lindo,"Что значит это слово?

lindo","красота",,,noun,,0,3100,,,,,0
10279,propriedade,"Что значит это слово?

propriedade","собственность",,,noun,,0,3100,,,,,0
10280,terceiro,"Что значит это слово?

terceiro","третий",,,noun,,0,3100,,,,,0
10281,estranho,"Что значит это слово?

estranho","незнакомец",,,noun,,0,3110,,,,,0
10282,inteiro,"Что значит это слово?

inteiro","целое",,,noun,,0,3110,,,,,0
10283,longa,"Что значит это слово?

longa","долгая",,,noun,,0,3110,,,,,0
10284,penso,"Что значит это слово?

penso","пластырь",,,noun,,0,3110,,,,,0
10285,post,"Что значит это слово?

post","пост",,,noun,,0,3110,,,,,0
10286,preto,"Что значит это слово?

preto","черный",,,noun,,0,3110,,,,,0
10287,responsabilidade,"Что значит это слово?

responsabilidade","ответственность",,,noun,,0,3110,,,,,0
10288,"ônibus","Что значит это слово?

ônibus","автобус",,,noun,,0,3110,,,,,0
10289,breve,"Что значит это слово?

breve","бреве",,,noun,,0,3120,,,,,0
10290,"investigação","Что значит это слово?

investigação","расследование",,,noun,,0,3120,,,,,0
10291,"notícia","Что значит это слово?

notícia","новость",,,noun,,0,3120,,,,,0
10292,pronto,"Что значит это слово?

pronto","готовый солдат",,,noun,,0,3120,,,,,0
10293,tamanho,"Что значит это слово?

tamanho","размер",,,noun,,0,3120,,,,,0
10294,aberto,"Что значит это слово?

aberto","открытый набор",,,noun,,0,3130,,,,,0
10295,"francês","Что значит это слово?

francês","француз",,,noun,,0,3130,,,,,0
10296,"parabéns","Что значит это слово?

parabéns","поздравления",,,noun,,0,3130,,,,,0
10297,"peça","Что значит это слово?

peça","часть",,,noun,,0,3130,,,,,0
10298,parceria,"Что значит это слово?

parceria","партнёрство",,,noun,,0,3140,,,,,0
10299,passada,"Что значит это слово?

passada","шаг",,,noun,,0,3140,,,,,0
10300,prefeito,"Что значит это слово?

prefeito","мэр",,,noun,,0,3140,,,,,0
10301,vermelho,"Что значит это слово?

vermelho","красный",,,noun,,0,3140,,,,,0
10302,baixa,"Что значит это слово?

baixa","центр",,,noun,,0,3150,,,,,0
10303,web,"Что значит это слово?

web","сеть",,,noun,,0,3150,,,,,0
10304,alvo,"Что значит это слово?

alvo","цель",,,noun,,0,3160,,,,,0
10305,banho,"Что значит это слово?

banho","ванна",,,noun,,0,3160,,,,,0
10306,combate,"Что значит это слово?

combate","бой",,,noun,,0,3160,,,,,0
10307,partida,"Что значит это слово?

partida","отправление",,,noun,,0,3160,,,,,0
10308,"ótimo","Что значит это слово?

ótimo","лучший",,,noun,,0,3160,,,,,0
10309,adoro,"Что значит это слово?

adoro","желание",,,noun,,0,3170,,,,,0
10310,auto,"Что значит это слово?

auto","авто",,,noun,,0,3170,,,,,0
10311,comando,"Что значит это слово?

comando","команда",,,noun,,0,3170,,,,,0
10312,destaque,"Что значит это слово?

destaque","выделение",,,noun,,0,3170,,,,,0
10313,frio,"Что значит это слово?

frio","холод",,,noun,,0,3170,,,,,0
10314,"ligação","Что значит это слово?

ligação","связь",,,noun,,0,3170,,,,,0
10315,menino,"Что значит это слово?

menino","мальчик",,,noun,,0,3170,,,,,0
10316,ama,"Что значит это слово?

ama","медсестра",,,noun,,0,3180,,,,,0
10317,mestre,"Что значит это слово?

mestre","мастер",,,noun,,0,3180,,,,,0
10318,prazer,"Что значит это слово?

prazer","удовольствие",,,noun,,0,3180,,,,,0
10319,prefeitura,"Что значит это слово?

prefeitura","практика",,,noun,,0,3180,,,,,0
10320,humana,"Что значит это слово?

humana","женщина",,,noun,,0,3190,,,,,0
10321,link,"Что значит это слово?

link","ссылка",,,noun,,0,3190,,,,,0
10322,viva,"Что значит это слово?

viva","ура",,,noun,,0,3190,,,,,0
10323,doce,"Что значит это слово?

doce","конфета",,,noun,,0,3200,,,,,0
10324,famoso,"Что значит это слово?

famoso","знаменитость",,,noun,,0,3200,,,,,0
10325,gay,"Что значит это слово?

gay","гей",,,noun,,0,3200,,,,,0
10326,"mídia","Что значит это слово?

mídia","СМИ",,,noun,,0,3200,,,,,0
10327,perda,"Что значит это слово?

perda","потеря",,,noun,,0,3200,,,,,0
10328,"férias","Что значит это слово?

férias","отпуск",,,noun,,0,3210,,,,,0
10329,nele,"Что значит это слово?

nele","нелье",,,noun,,0,3210,,,,,0
10330,padre,"Что значит это слово?

padre","священник",,,noun,,0,3210,,,,,0
10331,pobre,"Что значит это слово?

pobre","бедняк",,,noun,,0,3210,,,,,0
10332,"gênero","Что значит это слово?

gênero","род",,,noun,,0,3220,,,,,0
10333,haver,"Что значит это слово?

haver","кредит",,,noun,,0,3220,,,,,0
10334,velha,"Что значит это слово?

velha","старая",,,noun,,0,3220,,,,,0
10335,louco,"Что значит это слово?

louco","психопат",,,noun,,0,3230,,,,,0
10336,"gestão","Что значит это слово?

gestão","управление",,,noun,,0,3240,,,,,0
10337,orgulho,"Что значит это слово?

orgulho","гордость",,,noun,,0,3240,,,,,0
10338,"quê","Что значит это слово?

quê","черта",,,noun,,0,3240,,,,,0
10339,aberta,"Что значит это слово?

aberta","солнечное окно",,,noun,,0,3250,,,,,0
10340,clique,"Что значит это слово?

clique","клик",,,noun,,0,3250,,,,,0
10341,"confiança","Что значит это слово?

confiança","доверие",,,noun,,0,3250,,,,,0
10342,corrida,"Что значит это слово?

corrida","бег",,,noun,,0,3250,,,,,0
10343,dito,"Что значит это слово?

dito","пословица",,,noun,,0,3250,,,,,0
10344,paulista,"Что значит это слово?

paulista","паулист",,,noun,,0,3250,,,,,0
10345,gol,"Что значит это слово?

gol","гол",,,noun,,0,3260,,,,,0
10346,julgamento,"Что значит это слово?

julgamento","судебное разбирательство",,,noun,,0,3260,,,,,0
10347,"cartão","Что значит это слово?

cartão","карта",,,noun,,0,3270,,,,,0
10348,cheia,"Что значит это слово?

cheia","наводнение",,,noun,,0,3270,,,,,0
10349,equipa,"Что значит это слово?

equipa","команда",,,noun,,0,3270,,,,,0
10350,facto,"Что значит это слово?

facto","факт",,,noun,,0,3270,,,,,0
10351,namorado,"Что значит это слово?

namorado","парень",,,noun,,0,3270,,,,,0
10352,parecer,"Что значит это слово?

parecer","мнение",,,noun,,0,3270,,,,,0
10353,"sensação","Что значит это слово?

sensação","ощущение",,,noun,,0,3270,,,,,0
10354,assassinato,"Что значит это слово?

assassinato","убийство",,,noun,,0,3280,,,,,0
10355,assembleia,"Что значит это слово?

assembleia","собрание",,,noun,,0,3280,,,,,0
10356,namorada,"Что значит это слово?

namorada","подруга",,,noun,,0,3280,,,,,0
10357,"programação","Что значит это слово?

programação","программа",,,noun,,0,3280,,,,,0
10358,agente,"Что значит это слово?

agente","агент",,,noun,,0,3290,,,,,0
10359,live,"Что значит это слово?

live","прямой эфир",,,noun,,0,3290,,,,,0
10360,"divulgação","Что значит это слово?

divulgação","распространение",,,noun,,0,3300,,,,,0
10361,"milhão","Что значит это слово?

milhão","миллион",,,noun,,0,3300,,,,,0
10362,pista,"Что значит это слово?

pista","дорожка",,,noun,,0,3300,,,,,0
10363,querido,"Что значит это слово?

querido","дорогой",,,noun,,0,3310,,,,,0
10364,dono,"Что значит это слово?

dono","владелец",,,noun,,0,3320,,,,,0
10365,"emergência","Что значит это слово?

emergência","чрезвычайная ситуация",,,noun,,0,3320,,,,,0
10366,paul,"Что значит это слово?

paul","болото",,,noun,,0,3320,,,,,0
10367,"presidência","Что значит это слово?

presidência","президентство",,,noun,,0,3320,,,,,0
10368,"propósito","Что значит это слово?

propósito","цель",,,noun,,0,3330,,,,,0
10369,toque,"Что значит это слово?

toque","прикосновение",,,noun,,0,3330,,,,,0
10370,anda,"Что значит это слово?

anda","хобот",,,noun,,0,3340,,,,,0
10371,comandante,"Что значит это слово?

comandante","командир",,,noun,,0,3340,,,,,0
10372,falo,"Что значит это слово?

falo","фаллос",,,noun,,0,3340,,,,,0
10373,treinamento,"Что значит это слово?

treinamento","тренировка",,,noun,,0,3340,,,,,0
10374,agricultura,"Что значит это слово?

agricultura","сельское хозяйство",,,noun,,0,3350,,,,,0
10375,"ameaça","Что значит это слово?

ameaça","угроза",,,noun,,0,3350,,,,,0
10376,bar,"Что значит это слово?

bar","бар",,,noun,,0,3350,,,,,0
10377,juro,"Что значит это слово?

juro","процент",,,noun,,0,3350,,,,,0
10378,"legislação","Что значит это слово?

legislação","законодательство",,,noun,,0,3350,,,,,0
10379,retorno,"Что значит это слово?

retorno","возврат",,,noun,,0,3350,,,,,0
10380,piada,"Что значит это слово?

piada","шутка",,,noun,,0,3360,,,,,0
10381,"porquê","Что значит это слово?

porquê","причина",,,noun,,0,3360,,,,,0
10382,rapaz,"Что значит это слово?

rapaz","мальчик",,,noun,,0,3360,,,,,0
10383,saco,"Что значит это слово?

saco","мешок",,,noun,,0,3360,,,,,0
10384,status,"Что значит это слово?

status","статус",,,noun,,0,3360,,,,,0
10385,familiar,"Что значит это слово?

familiar","родственник",,,noun,,0,3370,,,,,0
10386,querida,"Что значит это слово?

querida","дорогая",,,noun,,0,3370,,,,,0
10387,"atuação","Что значит это слово?

atuação","действие",,,noun,,0,3380,,,,,0
10388,cantar,"Что значит это слово?

cantar","пение",,,noun,,0,3380,,,,,0
10389,"caráter","Что значит это слово?

caráter","характер",,,noun,,0,3380,,,,,0
10390,"oposição","Что значит это слово?

oposição","оппозиция",,,noun,,0,3380,,,,,0
10391,ouvido,"Что значит это слово?

ouvido","ухо",,,noun,,0,3380,,,,,0
10392,pago,"Что значит это слово?

pago","родина",,,noun,,0,3390,,,,,0
10393,doente,"Что значит это слово?

doente","больной",,,noun,,0,3400,,,,,0
10394,etapa,"Что значит это слово?

etapa","этап",,,noun,,0,3400,,,,,0
10395,objeto,"Что значит это слово?

objeto","объект",,,noun,,0,3400,,,,,0
10396,pega,"Что значит это слово?

pega","сорока",,,noun,,0,3400,,,,,0
10397,"áudio","Что значит это слово?

áudio","аудио",,,noun,,0,3400,,,,,0
10398,design,"Что значит это слово?

design","дизайн",,,noun,,0,3410,,,,,0
10399,paciente,"Что значит это слово?

paciente","пациент",,,noun,,0,3410,,,,,0
10400,"redução","Что значит это слово?

redução","уменьшение",,,noun,,0,3410,,,,,0
10401,"confusão","Что значит это слово?

confusão","путаница",,,noun,,0,3420,,,,,0
10402,droga,"Что значит это слово?

droga","лекарство",,,noun,,0,3420,,,,,0
10403,"fórum","Что значит это слово?

fórum","форум",,,noun,,0,3420,,,,,0
10404,parceiro,"Что значит это слово?

parceiro","партнёр",,,noun,,0,3420,,,,,0
10405,secretaria,"Что значит это слово?

secretaria","секретариат",,,noun,,0,3420,,,,,0
10406,"atualização","Что значит это слово?

atualização","обновление",,,noun,,0,3430,,,,,0
10407,cantora,"Что значит это слово?

cantora","певица",,,noun,,0,3430,,,,,0
10408,louca,"Что значит это слово?

louca","сумасшедшая",,,noun,,0,3430,,,,,0
10409,"seção","Что значит это слово?

seção","раздел",,,noun,,0,3430,,,,,0
10410,"utilização","Что значит это слово?

utilização","использование",,,noun,,0,3430,,,,,0
10411,corre,"Что значит это слово?

corre","борьба",,,noun,,0,3440,,,,,0
10412,"médica","Что значит это слово?

médica","врачиха",,,noun,,0,3440,,,,,0
10413,"comitê","Что значит это слово?

comitê","комитет",,,noun,,0,3450,,,,,0
10414,"conexão","Что значит это слово?

conexão","связь",,,noun,,0,3450,,,,,0
10415,gabinete,"Что значит это слово?

gabinete","шкаф",,,noun,,0,3450,,,,,0
10416,game,"Что значит это слово?

game","игра",,,noun,,0,3450,,,,,0
10417,"patrimônio","Что значит это слово?

patrimônio","наследие",,,noun,,0,3450,,,,,0
10418,samba,"Что значит это слово?

samba","самба",,,noun,,0,3450,,,,,0
10419,variedade,"Что значит это слово?

variedade","разнообразие",,,noun,,0,3450,,,,,0
10420,vestido,"Что значит это слово?

vestido","платье",,,noun,,0,3450,,,,,0
10421,barulho,"Что значит это слово?

barulho","шум",,,noun,,0,3460,,,,,0
10422,"exploração","Что значит это слово?

exploração","исследование",,,noun,,0,3460,,,,,0
10423,penal,"Что значит это слово?

penal","пенал",,,noun,,0,3460,,,,,0
10424,propaganda,"Что значит это слово?

propaganda","пропаганда",,,noun,,0,3460,,,,,0
10425,shopping,"Что значит это слово?

shopping","торговый центр",,,noun,,0,3460,,,,,0
10426,colega,"Что значит это слово?

colega","коллега",,,noun,,0,3470,,,,,0
10427,henry,"Что значит это слово?

henry","генри",,,noun,,0,3470,,,,,0
10428,jack,"Что значит это слово?

jack","разъём",,,noun,,0,3470,,,,,0
10429,peito,"Что значит это слово?

peito","грудь",,,noun,,0,3470,,,,,0
10430,treino,"Что значит это слово?

treino","тренировка",,,noun,,0,3470,,,,,0
10431,"aplicação","Что значит это слово?

aplicação","применение",,,noun,,0,3480,,,,,0
10432,"colaboração","Что значит это слово?

colaboração","сотрудничество",,,noun,,0,3480,,,,,0
10433,fundador,"Что значит это слово?

fundador","основатель",,,noun,,0,3480,,,,,0
10434,like,"Что значит это слово?

like","лайк",,,noun,,0,3480,,,,,0
10435,saia,"Что значит это слово?

saia","юбка",,,noun,,0,3480,,,,,0
10436,acaso,"Что значит это слово?

acaso","шанс",,,noun,,0,3490,,,,,0
10437,direta,"Что значит это слово?

direta","ночь без сна",,,noun,,0,3490,,,,,0
10438,ranking,"Что значит это слово?

ranking","рейтинг",,,noun,,0,3490,,,,,0
10439,repente,"Что значит это слово?

repente","всплеск",,,noun,,0,3490,,,,,0
10440,vazio,"Что значит это слово?

vazio","вакуум",,,noun,,0,3490,,,,,0
10441,"índice","Что значит это слово?

índice","индекс",,,noun,,0,3490,,,,,0
10442,expectativa,"Что значит это слово?

expectativa","ожидание",,,noun,,0,3510,,,,,0
10443,papo,"Что значит это слово?

papo","зоб",,,noun,,0,3510,,,,,0
10444,quebra,"Что значит это слово?

quebra","лом",,,noun,,0,3510,,,,,0
10445,resumo,"Что значит это слово?

resumo","резюме",,,noun,,0,3510,,,,,0
10446,teus,"Что значит это слово?

teus","твои",,,noun,,0,3510,,,,,0
10447,assistente,"Что значит это слово?

assistente","ассистент",,,noun,,0,3520,,,,,0
10448,"cerimônia","Что значит это слово?

cerimônia","церемония",,,noun,,0,3520,,,,,0
10449,"comparação","Что значит это слово?

comparação","сравнение",,,noun,,0,3520,,,,,0
10450,"documentário","Что значит это слово?

documentário","документальный фильм",,,noun,,0,3520,,,,,0
10451,entidade,"Что значит это слово?

entidade","сущность",,,noun,,0,3520,,,,,0
10452,estranha,"Что значит это слово?

estranha","незнакомка",,,noun,,0,3520,,,,,0
10453,jornalismo,"Что значит это слово?

jornalismo","журналистика",,,noun,,0,3520,,,,,0
10454,tour,"Что значит это слово?

tour","тур",,,noun,,0,3520,,,,,0
10455,financiamento,"Что значит это слово?

financiamento","финансирование",,,noun,,0,3530,,,,,0
10456,"senão","Что значит это слово?

senão","предостережение",,,noun,,0,3530,,,,,0
10457,tabela,"Что значит это слово?

tabela","таблица",,,noun,,0,3530,,,,,0
10458,visual,"Что значит это слово?

visual","внешний вид",,,noun,,0,3530,,,,,0
10459,"âmbito","Что значит это слово?

âmbito","сфера",,,noun,,0,3530,,,,,0
10460,flamengo,"Что значит это слово?

flamengo","фламандец",,,noun,,0,3540,,,,,0
10461,"introdução","Что значит это слово?

introdução","введение",,,noun,,0,3540,,,,,0
10462,lar,"Что значит это слово?

lar","дом",,,noun,,0,3540,,,,,0
10463,perna,"Что значит это слово?

perna","нога",,,noun,,0,3540,,,,,0
10464,acordar,"Что значит это слово?

acordar","пробуждение",,,noun,,0,3550,,,,,0
10465,composto,"Что значит это слово?

composto","составной",,,noun,,0,3550,,,,,0
10466,elenco,"Что значит это слово?

elenco","состав",,,noun,,0,3550,,,,,0
10467,escuro,"Что значит это слово?

escuro","темнота",,,noun,,0,3550,,,,,0
10468,fluminense,"Что значит это слово?

fluminense","флуминенсе",,,noun,,0,3550,,,,,0
10469,mega,"Что значит это слово?

mega","мегабайт",,,noun,,0,3550,,,,,0
10470,preparado,"Что значит это слово?

preparado","подготовка",,,noun,,0,3550,,,,,0
10471,presa,"Что значит это слово?

presa","добыча",,,noun,,0,3550,,,,,0
10472,"transição","Что значит это слово?

transição","переход",,,noun,,0,3550,,,,,0
10473,trecho,"Что значит это слово?

trecho","отрывок",,,noun,,0,3550,,,,,0
10474,amarelo,"Что значит это слово?

amarelo","жёлтый",,,noun,,0,3560,,,,,0
10475,casado,"Что значит это слово?

casado","женатый",,,noun,,0,3560,,,,,0
10476,"circulação","Что значит это слово?

circulação","циркуляция",,,noun,,0,3560,,,,,0
10477,"interpretação","Что значит это слово?

interpretação","интерпретация",,,noun,,0,3560,,,,,0
10478,website,"Что значит это слово?

website","вебсайт",,,noun,,0,3560,,,,,0
10479,estima,"Что значит это слово?

estima","уважение",,,noun,,0,3570,,,,,0
10480,financeiro,"Что значит это слово?

financeiro","финансист",,,noun,,0,3570,,,,,0
10481,performance,"Что значит это слово?

performance","выступление",,,noun,,0,3570,,,,,0
10482,autora,"Что значит это слово?

autora","авторша",,,noun,,0,3580,,,,,0
10483,"consequência","Что значит это слово?

consequência","последствие",,,noun,,0,3580,,,,,0
10484,crescente,"Что значит это слово?

crescente","полумесяц",,,noun,,0,3580,,,,,0
10485,"duração","Что значит это слово?

duração","длительность",,,noun,,0,3580,,,,,0
10486,funcionamento,"Что значит это слово?

funcionamento","функционирование",,,noun,,0,3580,,,,,0
10487,legenda,"Что значит это слово?

legenda","субтитры",,,noun,,0,3580,,,,,0
10488,"ridículo","Что значит это слово?

ridículo","нелепость",,,noun,,0,3580,,,,,0
10489,vinha,"Что значит это слово?

vinha","виноградник",,,noun,,0,3580,,,,,0
10490,"animação","Что значит это слово?

animação","анимация",,,noun,,0,3590,,,,,0
10491,bala,"Что значит это слово?

bala","пуля",,,noun,,0,3590,,,,,0
10492,roteiro,"Что значит это слово?

roteiro","маршрут",,,noun,,0,3590,,,,,0
10493,torcida,"Что значит это слово?

torcida","скрутка",,,noun,,0,3590,,,,,0
10494,"alimentação","Что значит это слово?

alimentação","питание",,,noun,,0,3600,,,,,0
10495,"composição","Что значит это слово?

composição","состав",,,noun,,0,3600,,,,,0
10496,"graduação","Что значит это слово?

graduação","выпускной экзамен",,,noun,,0,3600,,,,,0
10497,latino,"Что значит это слово?

latino","латиноамериканец",,,noun,,0,3600,,,,,0
10498,"manifestação","Что значит это слово?

manifestação","выражение",,,noun,,0,3600,,,,,0
10499,mano,"Что значит это слово?

mano","брат",,,noun,,0,3600,,,,,0
10500,ocorrido,"Что значит это слово?

ocorrido","случай",,,noun,,0,3600,,,,,0
10501,teto,"Что значит это слово?

teto","потолок",,,noun,,0,3600,,,,,0
10502,titular,"Что значит это слово?

titular","владелец",,,noun,,0,3600,,,,,0
10503,cidadania,"Что значит это слово?

cidadania","гражданство",,,noun,,0,3610,,,,,0
10504,coletivo,"Что значит это слово?

coletivo","коллектив",,,noun,,0,3610,,,,,0
10505,parlamentar,"Что значит это слово?

parlamentar","парламентарий",,,noun,,0,3610,,,,,0
10506,suspeito,"Что значит это слово?

suspeito","подозреваемый",,,noun,,0,3610,,,,,0
10507,autoria,"Что значит это слово?

autoria","авторство",,,noun,,0,3620,,,,,0
10508,controlo,"Что значит это слово?

controlo","контроль",,,noun,,0,3620,,,,,0
10509,criatividade,"Что значит это слово?

criatividade","креативность",,,noun,,0,3620,,,,,0
10510,download,"Что значит это слово?

download","скачивание",,,noun,,0,3620,,,,,0
10511,postura,"Что значит это слово?

postura","поза",,,noun,,0,3620,,,,,0
10512,tese,"Что значит это слово?

tese","диссертация",,,noun,,0,3620,,,,,0
10513,"óbvio","Что значит это слово?

óbvio","очевидное",,,noun,,0,3620,,,,,0
10514,best,"Что значит это слово?

best","лучший друг",,,noun,,0,3630,,,,,0
10515,confronto,"Что значит это слово?

confronto","конфронтация",,,noun,,0,3630,,,,,0
10516,"conservação","Что значит это слово?

conservação","сохранение",,,noun,,0,3630,,,,,0
10517,estabelecimento,"Что значит это слово?

estabelecimento","учреждение",,,noun,,0,3630,,,,,0
10518,"fenômeno","Что значит это слово?

fenômeno","явление",,,noun,,0,3630,,,,,0
10519,feriado,"Что значит это слово?

feriado","праздник",,,noun,,0,3630,,,,,0
10520,nervoso,"Что значит это слово?

nervoso","нервный человек",,,noun,,0,3630,,,,,0
10521,planejamento,"Что значит это слово?

planejamento","планирование",,,noun,,0,3630,,,,,0
10522,"pró","Что значит это слово?

pró","плюс",,,noun,,0,3630,,,,,0
10523,"tráfego","Что значит это слово?

tráfego","трафик",,,noun,,0,3630,,,,,0
10524,"universitário","Что значит это слово?

universitário","студент",,,noun,,0,3630,,,,,0
10525,"básico","Что значит это слово?

básico","основы",,,noun,,0,3640,,,,,0
10526,"implementação","Что значит это слово?

implementação","реализация",,,noun,,0,3640,,,,,0
10527,"inclusão","Что значит это слово?

inclusão","включение",,,noun,,0,3640,,,,,0
10528,"indicação","Что значит это слово?

indicação","указание",,,noun,,0,3640,,,,,0
10529,"reprodução","Что значит это слово?

reprodução","размножение",,,noun,,0,3640,,,,,0
10530,trilha,"Что значит это слово?

trilha","тропа",,,noun,,0,3640,,,,,0
10531,atendimento,"Что значит это слово?

atendimento","обслуживание",,,noun,,0,3650,,,,,0
10532,atleta,"Что значит это слово?

atleta","атлет",,,noun,,0,3650,,,,,0
10533,barato,"Что значит это слово?

barato","веселье",,,noun,,0,3650,,,,,0
10534,estatuto,"Что значит это слово?

estatuto","устав",,,noun,,0,3650,,,,,0
10535,posta,"Что значит это слово?

posta","кусок",,,noun,,0,3650,,,,,0
10536,ativo,"Что значит это слово?

ativo","актив",,,noun,,0,3660,,,,,0
10537,fiel,"Что значит это слово?

fiel","верующий",,,noun,,0,3660,,,,,0
10538,intuito,"Что значит это слово?

intuito","цель",,,noun,,0,3660,,,,,0
10539,"preservação","Что значит это слово?

preservação","сохранение",,,noun,,0,3660,,,,,0
10540,"auxílio","Что значит это слово?

auxílio","помощь",,,noun,,0,3670,,,,,0
10541,caralho,"Что значит это слово?

caralho","член",,,noun,,0,3670,,,,,0
10542,"denúncia","Что значит это слово?

denúncia","донос",,,noun,,0,3670,,,,,0
10543,"integração","Что значит это слово?

integração","интеграция",,,noun,,0,3670,,,,,0
10544,jato,"Что значит это слово?

jato","струя",,,noun,,0,3670,,,,,0
10545,maluco,"Что значит это слово?

maluco","чувак",,,noun,,0,3670,,,,,0
10546,narrativa,"Что значит это слово?

narrativa","нарратив",,,noun,,0,3670,,,,,0
10547,anel,"Что значит это слово?

anel","кольцо",,,noun,,0,3680,,,,,0
10548,emissora,"Что значит это слово?

emissora","сеть",,,noun,,0,3680,,,,,0
10549,estabilidade,"Что значит это слово?

estabilidade","стабильность",,,noun,,0,3680,,,,,0
10550,maconha,"Что значит это слово?

maconha","марихуана",,,noun,,0,3680,,,,,0
10551,porte,"Что значит это слово?

porte","почтовый сбор",,,noun,,0,3680,,,,,0
10552,"reflexão","Что значит это слово?

reflexão","отражение",,,noun,,0,3680,,,,,0
10553,aplicativo,"Что значит это слово?

aplicativo","приложение",,,noun,,0,3690,,,,,0
10554,"característica","Что значит это слово?

característica","характеристика",,,noun,,0,3690,,,,,0
10555,escuta,"Что значит это слово?

escuta","жучок",,,noun,,0,3690,,,,,0
10556,lateral,"Что значит это слово?

lateral","боковая линия",,,noun,,0,3690,,,,,0
10557,oral,"Что значит это слово?

oral","устный",,,noun,,0,3690,,,,,0
10558,"suspensão","Что значит это слово?

suspensão","приостановка",,,noun,,0,3690,,,,,0
10559,tag,"Что значит это слово?

tag","тэг",,,noun,,0,3690,,,,,0
10560,associado,"Что значит это слово?

associado","партнёр",,,noun,,0,3700,,,,,0
10561,"comemoração","Что значит это слово?

comemoração","празднование",,,noun,,0,3700,,,,,0
10562,"cristã","Что значит это слово?

cristã","христианка",,,noun,,0,3700,,,,,0
10563,editorial,"Что значит это слово?

editorial","редакция",,,noun,,0,3700,,,,,0
10564,"extinção","Что значит это слово?

extinção","угасание",,,noun,,0,3700,,,,,0
10565,net,"Что значит это слово?

net","сеть",,,noun,,0,3700,,,,,0
10566,vereador,"Что значит это слово?

vereador","советник",,,noun,,0,3700,,,,,0
10567,africano,"Что значит это слово?

africano","африканец",,,noun,,0,3710,,,,,0
10568,"concessão","Что значит это слово?

concessão","уступка",,,noun,,0,3710,,,,,0
10569,japonesa,"Что значит это слово?

japonesa","японка",,,noun,,0,3710,,,,,0
10570,rap,"Что значит это слово?

rap","рэп",,,noun,,0,3710,,,,,0
10571,single,"Что значит это слово?

single","сингл",,,noun,,0,3710,,,,,0
10572,vigor,"Что значит это слово?

vigor","энергия",,,noun,,0,3710,,,,,0
10573,estupro,"Что значит это слово?

estupro","изнасилование",,,noun,,0,3720,,,,,0
10574,"estágio","Что значит это слово?

estágio","этап",,,noun,,0,3720,,,,,0
10575,"exibição","Что значит это слово?

exibição","выставка",,,noun,,0,3720,,,,,0
10576,fruto,"Что значит это слово?

fruto","фрукт",,,noun,,0,3720,,,,,0
10577,"inscrição","Что значит это слово?

inscrição","регистрация",,,noun,,0,3720,,,,,0
10578,"polêmica","Что значит это слово?

polêmica","спор",,,noun,,0,3720,,,,,0
10579,"prevenção","Что значит это слово?

prevenção","профилактика",,,noun,,0,3720,,,,,0
10580,restante,"Что значит это слово?

restante","остаток",,,noun,,0,3720,,,,,0
10581,"secretária","Что значит это слово?

secretária","секретарьша",,,noun,,0,3720,,,,,0
10582,suposto,"Что значит это слово?

suposto","предположение",,,noun,,0,3720,,,,,0
10583,africana,"Что значит это слово?

africana","африканка",,,noun,,0,3730,,,,,0
10584,"celebração","Что значит это слово?

celebração","празднование",,,noun,,0,3730,,,,,0
10585,correspondente,"Что значит это слово?

correspondente","переписчик",,,noun,,0,3730,,,,,0
10586,"eliminação","Что значит это слово?

eliminação","устранение",,,noun,,0,3730,,,,,0
10587,fechamento,"Что значит это слово?

fechamento","закрытие",,,noun,,0,3730,,,,,0
10588,"grêmio","Что значит это слово?

grêmio","группа",,,noun,,0,3730,,,,,0
10589,agricultor,"[owmfill_v1] Переведите на русский слово ""agricultor"".","фермер",,,noun,openwordnet_manual_fill_v1,0,,,,,,0
10590,alumnus,"[owmfill_v1] Переведите на русский слово ""alumnus"".","выпускник",,,noun,openwordnet_manual_fill_v1,0,,,,,,0
10591,batidinha,"[owmfill_v1] Переведите на русский слово ""batidinha"".","лёгкий удар",,,noun,openwordnet_manual_fill_v1,0,,,,,,0
10592,cabrita,"[owmfill_v1] Переведите на русский слово ""cabrita"".","козлёнок",,,noun,openwordnet_manual_fill_v1,0,,,,,,0
10593,cine,"[owmfill_v1] Переведите на русский слово ""cine"".","кинотеатр",,,noun,openwordnet_manual_fill_v1,0,,,,,,0
10594,"colocação","[owmfill_v1] Переведите на русский слово ""colocação"".","размещение",,,noun,openwordnet_manual_fill_v1,0,,,,,,0
10595,compacto,"[owmfill_v1] Переведите на русский слово ""compacto"".","компактный автомобиль",,,noun,openwordnet_manual_fill_v1,0,,,,,,0
10596,cookie,"[owmfill_v1] Переведите на русский слово ""cookie"".","печенье",,,noun,openwordnet_manual_fill_v1,0,,,,,,0
10597,desapego,"[owmfill_v1] Переведите на русский слово ""desapego"".","эмоциональная отстранённость",,,noun,openwordnet_manual_fill_v1,0,,,,,,0
10598,descuido,"[owmfill_v1] Переведите на русский слово ""descuido"".","небрежность",,,noun,openwordnet_manual_fill_v1,0,,,,,,0
10599,"estimulação","[owmfill_v1] Переведите на русский слово ""estimulação"".","стимуляция",,,noun,openwordnet_manual_fill_v1,0,,,,,,0
10600,"hóspede","[owmfill_v1] Переведите на русский слово ""hóspede"".","гость",,,noun,openwordnet_manual_fill_v1,0,,,,,,0
10601,ofensiva,"[owmfill_v1] Переведите на русский слово ""ofensiva"".","наступление",,,noun,openwordnet_manual_fill_v1,0,,,,,,0
10602,"omissão","[owmfill_v1] Переведите на русский слово ""omissão"".","упущение",,,noun,openwordnet_manual_fill_v1,0,,,,,,0
10603,"possessão","[owmfill_v1] Переведите на русский слово ""possessão"".","владение",,,noun,openwordnet_manual_fill_v1,0,,,,,,0
10604,"reversão","[owmfill_v1] Переведите на русский слово ""reversão"".","разворот",,,noun,openwordnet_manual_fill_v1,0,,,,,,0
10605,"teórico","[owmfill_v1] Переведите на русский слово ""teórico"".","теоретик",,,noun,openwordnet_manual_fill_v1,0,,,,,,0
10606,endireitar,"[owmfill_v1] Переведите на русский слово ""endireitar"".","выпрямлять",,,verb,openwordnet_manual_fill_v1,0,,,,,,1
10607,participar,"[owmfill_v1] Переведите на русский слово ""participar"".","участвовать",,,verb,openwordnet_manual_fill_v1,1,3200,,5K,,,1
10608,saudar,"[owmfill_v1] Переведите на русский слово ""saudar"".","приветствовать",,,verb,openwordnet_manual_fill_v1,1,4800,,5K,,,1
10609,"sério","[owmfill_v1] Переведите на русский слово ""sério"".","серьёзный",,,adjective,openwordnet_manual_fill_v1,0,,,,,,0
10610,"ascenção","[owmfill_v1] Переведите на русский слово ""ascenção"".","повышение",,,noun,openwordnet_manual_fill_v1,0,,,,,,0
10611,"beneficiário","[owmfill_v1] Переведите на русский слово ""beneficiário"".","получатель",,,noun,openwordnet_manual_fill_v1,0,,,,,,0
10612,boom,"[owmfill_v1] Переведите на русский слово ""boom"".","бум",,,noun,openwordnet_manual_fill_v1,0,,,,,,0
10613,carregador,"[owmfill_v1] Переведите на русский слово ""carregador"".","носильщик",,,noun,openwordnet_manual_fill_v1,0,,,,,,0
10614,"contemporâneo","[owmfill_v1] Переведите на русский слово ""contemporâneo"".","ровесник",,,noun,openwordnet_manual_fill_v1,0,,,,,,0
10615,desassossego,"[owmfill_v1] Переведите на русский слово ""desassossego"".","беспокойство",,,noun,openwordnet_manual_fill_v1,0,,,,,,0
10616,experimento,"[owmfill_v1] Переведите на русский слово ""experimento"".","эксперимент",,,noun,openwordnet_manual_fill_v1,0,,,,,,0
10617,fornecimento,"[owmfill_v1] Переведите на русский слово ""fornecimento"".","снабжение",,,noun,openwordnet_manual_fill_v1,0,,,,,,0
10618,"homicídio","[owmfill_v1] Переведите на русский слово ""homicídio"".","убийство",,,noun,openwordnet_manual_fill_v1,0,,,,,,0
10619,"infração","[owmfill_v1] Переведите на русский слово ""infração"".","правонарушение",,,noun,openwordnet_manual_fill_v1,0,,,,,,0
10620,"ingestão","[owmfill_v1] Переведите на русский слово ""ingestão"".","приём пищи",,,noun,openwordnet_manual_fill_v1,0,,,,,,0
10621,insight,"[owmfill_v1] Переведите на русский слово ""insight"".","озарение",,,noun,openwordnet_manual_fill_v1,0,,,,,,0
10622,"obstáculo","[owmfill_v1] Переведите на русский слово ""obstáculo"".","препятствие",,,noun,openwordnet_manual_fill_v1,0,,,,,,0
10623,"operário","[owmfill_v1] Переведите на русский слово ""operário"".","рабочий",,,noun,openwordnet_manual_fill_v1,0,,,,,,0
10624,rito,"[owmfill_v1] Переведите на русский слово ""rito"".","ритуал",,,noun,openwordnet_manual_fill_v1,0,,,,,,0
10625,tumulto,"[owmfill_v1] Переведите на русский слово ""tumulto"".","беспорядки",,,noun,openwordnet_manual_fill_v1,0,,,,,,0
10626,ansiar,"[owmfill_v1] Переведите на русский слово ""ansiar"".","жаждать",,,verb,openwordnet_manual_fill_v1,0,,,,,,1
10627,preconizar,"[owmfill_v1] Переведите на русский слово ""preconizar"".","одобрительно отзываться",,,verb,openwordnet_manual_fill_v1,0,,,,,,0
10628,reconhecer,"[owmfill_v1] Переведите на русский слово ""reconhecer"".","узнавать",,,verb,openwordnet_manual_fill_v1,0,,,,,,0
10629,tolerante,"[owmfill_v1] Переведите на русский слово ""tolerante"".","толерантный",,,adjective,openwordnet_manual_fill_v1,0,,,,,,0
10630,"viável","[owmfill_v1] Переведите на русский слово ""viável"".","осуществимый",,,adjective,openwordnet_manual_fill_v1,0,,,,,,0
10631,"amplidão","[owmfill_v1] Переведите на русский слово ""amplidão"".","протяжённость",,,noun,openwordnet_manual_fill_v1,0,,,,,,0
10632,"apêndice","[owmfill_v1] Переведите на русский слово ""apêndice"".","приложение",,,noun,openwordnet_manual_fill_v1,0,,,,,,0
10633,causador,"[owmfill_v1] Переведите на русский слово ""causador"".","причинитель",,,noun,openwordnet_manual_fill_v1,0,,,,,,0
10634,"cidadã","[owmfill_v1] Переведите на русский слово ""cidadã"".","гражданка",,,noun,openwordnet_manual_fill_v1,0,,,,,,0
10635,concha,"[owmfill_v1] Переведите на русский слово ""concha"".","раковина",,,noun,openwordnet_manual_fill_v1,0,,,,,,0
10636,cubo,"[owmfill_v1] Переведите на русский слово ""cubo"".","куб",,,noun,openwordnet_manual_fill_v1,0,,,,,,0
10637,cultivo,"[owmfill_v1] Переведите на русский слово ""cultivo"".","земледелие",,,noun,openwordnet_manual_fill_v1,0,,,,,,0
10638,"determinação","[owmfill_v1] Переведите на русский слово ""determinação"".","решительность",,,noun,openwordnet_manual_fill_v1,0,,,,,,0
10639,"falência","[owmfill_v1] Переведите на русский слово ""falência"".","банкротство",,,noun,openwordnet_manual_fill_v1,0,,,,,,0
10640,"fenómeno","[owmfill_v1] Переведите на русский слово ""fenómeno"".","явление",,,noun,openwordnet_manual_fill_v1,0,,,,,,0
10641,flecha,"[owmfill_v1] Переведите на русский слово ""flecha"".","стрелка",,,noun,openwordnet_manual_fill_v1,0,,,,,,0
10642,flora,"[owmfill_v1] Переведите на русский слово ""flora"".","флора",,,noun,openwordnet_manual_fill_v1,0,,,,,,0
10643,nave,"[owmfill_v1] Переведите на русский слово ""nave"".","неф",,,noun,openwordnet_manual_fill_v1,0,,,,,,0
10644,vitamina,"[owmfill_v1] Переведите на русский слово ""vitamina"".","витамин",,,noun,openwordnet_manual_fill_v1,0,,,,,,0
10645,apreciar,"[owmfill_v1] Переведите на русский слово ""apreciar"".","быть признательным",,,verb,openwordnet_manual_fill_v1,0,,,,,,0
10646,enganar,"[owmfill_v1] Переведите на русский слово ""enganar"".","обманывать",,,verb,openwordnet_manual_fill_v1,1,4200,,5K,,,1
10647,ferir,"[owmfill_v1] Переведите на русский слово ""ferir"".","ранить",,,verb,openwordnet_manual_fill_v1,0,,,,,,0
10648,grifar,"[owmfill_v1] Переведите на русский слово ""grifar"".","подчёркивать",,,verb,openwordnet_manual_fill_v1,0,,,,,,1
10649,negligenciar,"[owmfill_v1] Переведите на русский слово ""negligenciar"".","упускать из виду",,,verb,openwordnet_manual_fill_v1,0,,,,,,1
10650,plotar,"[owmfill_v1] Переведите на русский слово ""plotar"".","строить схему",,,verb,openwordnet_manual_fill_v1,0,,,,,,0
10651,achar,"Что значит: achar?","считать",,,verb,manual_curated_v1,0,,,1K,,,1
10652,deixar,"Что значит это слово?

deixar","оставлять",,,verb,manual_curated_v1,1,,,1K,,,1
10653,levar,"Что значит это слово?

levar","нести",,,verb,manual_curated_v1,1,,,1K,,,1
10654,pedir,"Что значит это слово?

pedir","просить",,,verb,manual_curated_v1,1,,,1K,,,1
10655,pensar,"Что значит: pensar?","думать",,,verb,manual_curated_v1,1,,,1K,,,1
10656,perder,"Что значит это слово?

perder","терять",,,verb,manual_curated_v1,1,,,1K,,,1
10657,"pôr","Что значит: pôr?","класть",,,verb,manual_curated_v1,1,,,1K,,,1
10658,receber,"Что значит это слово?

receber","получать",,,verb,manual_curated_v1,1,,,1K,,,1
10659,sentar,"Что значит это слово?

sentar","садиться",,,verb,manual_curated_v1,1,,,1K,,,1
10660,servir,"Что значит это слово?

servir","служить",,,verb,manual_curated_v1,1,,,1K,,,1
10661,tirar,"Что значит это слово?

tirar","убирать",,,verb,manual_curated_v1,1,,,1K,,,1
10662,acabar,"Что значит это слово?

acabar","заканчивать",,,verb,manual_curated_v1,1,,,2K,,,1
10663,ajudar,"Что значит: ajudar?","помогать",,,verb,manual_curated_v1,0,,,2K,,,1
10664,aprender,"Что значит это слово?

aprender","учить",,,verb,manual_curated_v1,1,,,2K,,,1
10665,chamar,"Что значит это слово?

chamar","звать",,,verb,manual_curated_v1,1,,,2K,,,1
10666,"começar","Что значит: começar?","начинать",,,verb,manual_curated_v1,0,,,2K,,,0
10667,cortar,"Что значит это слово?

cortar","резать",,,verb,manual_curated_v1,1,,,2K,,,1
10668,esquecer,"Что значит: esquecer?","забывать",,,verb,manual_curated_v1,0,,,2K,,,0
10669,estudar,"Что значит это слово?

estudar","изучать",,,verb,manual_curated_v1,1,,,2K,,,1
10670,ganhar,"Что значит это слово?

ganhar","выигрывать",,,verb,manual_curated_v1,1,,,2K,,,1
10671,guardar,"Что значит это слово?

guardar","хранить",,,verb,manual_curated_v1,1,,,2K,,,1
10672,lembrar,"Что значит это слово?

lembrar","помнить",,,verb,manual_curated_v1,1,,,2K,,,1
10673,mandar,"Что значит это слово?

mandar","посылать",,,verb,manual_curated_v1,1,,,2K,,,1
10674,mexer,"Что значит это слово?

mexer","трогать",,,verb,manual_curated_v1,1,,,2K,,,1
10675,parar,"Что значит: parar?","останавливать",,,verb,manual_curated_v1,0,,,2K,,,0
10676,partir,"Что значит это слово?

partir","уезжать",,,verb,manual_curated_v1,1,,,2K,,,1
10677,puxar,"Что значит это слово?

puxar","тащить",,,verb,manual_curated_v1,1,,,2K,,,1
10678,resolver,"Что значит: resolver?","решать",,,verb,manual_curated_v1,0,,,2K,,,0
10679,trazer,"Что значит: trazer?","приносить",,,verb,manual_curated_v1,0,,,2K,,,0
10680,adormecer,"Что значит это слово?

adormecer","засыпать",,,verb,manual_curated_v1,1,,,5K,,,1
10681,apagar,"Что значит это слово?

apagar","гасить",,,verb,manual_curated_v1,1,,,5K,,,1
10682,atirar,"Что значит это слово?

atirar","бросать",,,verb,manual_curated_v1,1,,,5K,,,1
10683,caber,"Что значит это слово?

caber","помещаться",,,verb,manual_curated_v1,1,,,5K,,,1
10684,calhar,"Что значит это слово?

calhar","выпадать",,,verb,manual_curated_v1,1,,,5K,,,1
10685,lavar,"Что значит это слово?

lavar","мыть",,,verb,manual_curated_v1,1,,,5K,,,1
10686,ligar,"Что значит это слово?

ligar","включать",,,verb,manual_curated_v1,1,,,5K,,,1
10687,"áspero","Что значит это слово?

áspero","шершавый",,,adjective,manual_curated_v1,1,,,2K,,,1
10688,baixo,"Что значит это слово?

baixo","низкий",,,adjective,manual_curated_v1,1,,,1K,,,1
10689,calmo,"Что значит это слово?

calmo","спокойный",,,adjective,manual_curated_v1,1,,,1K,,,1
10690,cheio,"Что значит это слово?

cheio","полный",,,adjective,manual_curated_v1,1,,,1K,,,1
10691,claro,"Что значит: claro?","светлый",,,adjective,manual_curated_v1,0,,,1K,,,1
10692,escuro,"Что значит это слово?

escuro","тёмный",,,adjective,manual_curated_v1,1,,,1K,,,1
10693,fraco,"Что значит это слово?

fraco","слабый",,,adjective,manual_curated_v1,1,,,1K,,,1
10694,forte,"Что значит это слово?

forte","сильный",,,adjective,manual_curated_v1,1,,,1K,,,1
10695,lento,"Что значит это слово?

lento","медленный",,,adjective,manual_curated_v1,1,,,1K,,,1
10696,limpo,"Что значит: limpo?","чистый",,,adjective,manual_curated_v1,0,,,1K,,,1
10697,longo,"Что значит это слово?

longo","длинный",,,adjective,manual_curated_v1,1,,,1K,,,1
10698,cego,"Что значит это слово?

cego","слепой",,,adjective,manual_curated_v1,1,,,2K,,,1
10699,surdo,"Что значит это слово?

surdo","глухой",,,adjective,manual_curated_v1,1,,,5K,,,1
10700,doce,"Что значит это слово?

doce","сладкий",,,adjective,manual_curated_v1,1,,,2K,,,1
10701,duro,"Что значит: duro?","твёрдый",,,adjective,manual_curated_v1,0,,,2K,,,1
10702,falso,"Что значит это слово?

falso","ложный",,,adjective,manual_curated_v1,1,,,2K,,,1
10703,farto,"Что значит это слово?

farto","сытый",,,adjective,manual_curated_v1,1,,,2K,,,1
10704,fino,"Что значит: fino?","тонкий",,,adjective,manual_curated_v1,0,,,2K,,,1
10705,fresco,"Что значит это слово?

fresco","свежий",,,adjective,manual_curated_v1,1,,,2K,,,1
10706,grave,"Что значит это слово?

grave","тяжёлый",,,adjective,manual_curated_v1,1,,,2K,,,1
10707,louco,"Что значит: louco?","безумный",,,adjective,manual_curated_v1,0,,,2K,,,1
10708,magro,"Что значит: magro?","худой",,,adjective,manual_curated_v1,0,,,2K,,,1
10709,morno,"Что значит это слово?

morno","тёплый",,,adjective,manual_curated_v1,1,,,2K,,,1
10710,solto,"Что значит: solto?","свободный",,,adjective,manual_curated_v1,0,,,2K,,,1
10711,azedo,"Что значит: azedo?","кислый",,,adjective,manual_curated_v1,0,,,5K,,,1
10712,"básico","Что значит: básico?","основной",,,adjective,manual_curated_v1,0,,,5K,,,1
10713,teimoso,"Что значит это слово?

teimoso","упрямый",,,adjective,manual_curated_v1,1,,,10K,,,1
10714,firme,"Что значит это слово?

firme","прочный",,,adjective,manual_curated_v1,1,,,5K,,,1
10715,fofo,"Что значит это слово?

fofo","пушистый",,,adjective,manual_curated_v1,1,,,5K,,,1
10716,macio,"Что значит это слово?

macio","мягкий",,,adjective,manual_curated_v1,1,,,5K,,,1
10717,raso,"Что значит это слово?

raso","мелкий",,,adjective,manual_curated_v1,1,,,5K,,,1
10718,rouco,"Что значит это слово?

rouco","хриплый",,,adjective,manual_curated_v1,1,,,5K,,,1
10719,seco,"Что значит это слово?

seco","сухой",,,adjective,manual_curated_v1,1,,,5K,,,1
10720,torto,"Что значит это слово?

torto","кривой",,,adjective,manual_curated_v1,1,,,5K,,,1
10721,antes,"Что значит это слово?

antes","прежде",,,adverb,manual_curated_v1,1,,,1K,,,1
10722,perto,"Что значит: perto?","рядом",,,adverb,manual_curated_v1,1,,,1K,,,1
10723,jamais,"Что значит это слово?

jamais","никогда",,,adverb,manual_curated_v1,1,,,2K,,,1
10724,abaixo,"Что значит это слово?

abaixo","внизу",,,adverb,manual_curated_v1,1,,,5K,,,1
10725,acima,"Что значит это слово?

acima","вверху",,,adverb,manual_curated_v1,1,,,5K,,,1
10726,gaveta,"Что значит: gaveta?","ящик",,,noun,manual_curated_v1,0,,,10K,,,1
10727,travesseiro,"Что значит это слово?

travesseiro","подушка",,,noun,manual_curated_v1,1,,,10K,,,1
10728,almofada,"Что значит: almofada?","подушка",,,noun,manual_curated_v1,0,,,10K,,,1
10729,daqui,"Что значит: daqui?","отсюда",1K,1K,adverb,external_adverb_wave_ai_prefill_20260402,0,,,1K,A1,daqui,1
10730,"cá","Что значит: cá?","здесь",2K,2K,adverb,external_adverb_wave_ai_prefill_20260402,0,,,2K,A2,"cá",1
10731,"acolá","Что значит: acolá?","вон там",2K,2K,adverb,external_adverb_wave_ai_prefill_20260402,0,,,2K,A2,"acolá",1
10732,acaso,"Что значит: acaso?","случайно",2K,2K,adverb,external_adverb_wave_ai_prefill_20260402,0,,,2K,A2,acaso,1
10733,adiante,"Что значит: adiante?","дальше",2K,2K,adverb,external_adverb_wave_ai_prefill_20260402,0,,,2K,A2,adiante,1
10734,certamente,"Что значит: certamente?","конечно",2K,2K,adverb,external_adverb_wave_ai_prefill_20260402,0,,,2K,A2,certamente,1
10735,demais,"Что значит: demais?","слишком",2K,2K,adverb,external_adverb_wave_ai_prefill_20260402,0,,,2K,A2,demais,1
10736,sobretudo,"Что значит: sobretudo?","особенно",2K,2K,adverb,external_adverb_wave_ai_prefill_20260402,0,,,2K,A2,sobretudo,1
10737,tampouco,"Что значит: tampouco?","тоже не",2K,2K,adverb,external_adverb_wave_ai_prefill_20260402,0,,,2K,A2,tampouco,1
10738,felizmente,"Что значит: felizmente?","к счастью",2K,2K,adverb,external_adverb_wave_ai_prefill_20260402,0,,,2K,A2,felizmente,1
10739,igualmente,"Что значит: igualmente?","также",2K,2K,adverb,external_adverb_wave_ai_prefill_20260402,0,,,2K,A2,igualmente,1
10740,juntamente,"Что значит: juntamente?","вместе",2K,2K,adverb,external_adverb_wave_ai_prefill_20260402,0,,,2K,A2,juntamente,1
10741,justamente,"Что значит: justamente?","именно",2K,2K,adverb,external_adverb_wave_ai_prefill_20260402,0,,,2K,A2,justamente,1
10742,ligeiramente,"Что значит: ligeiramente?","слегка",2K,2K,adverb,external_adverb_wave_ai_prefill_20260402,0,,,2K,A2,ligeiramente,1
10743,livremente,"Что значит: livremente?","свободно",2K,2K,adverb,external_adverb_wave_ai_prefill_20260402,0,,,2K,A2,livremente,1
10744,seguramente,"Что значит: seguramente?","наверняка",2K,2K,adverb,external_adverb_wave_ai_prefill_20260402,0,,,2K,A2,seguramente,1
10745,verdadeiramente,"Что значит: verdadeiramente?","действительно",2K,2K,adverb,external_adverb_wave_ai_prefill_20260402,0,,,2K,A2,verdadeiramente,1
10746,brevemente,"Что значит: brevemente?","вскоре",2K,2K,adverb,external_adverb_wave_ai_prefill_20260402,0,,,2K,A2,brevemente,1
10747,diariamente,"Что значит: diariamente?","ежедневно",2K,2K,adverb,external_adverb_wave_ai_prefill_20260402,0,,,2K,A2,diariamente,1
10748,anualmente,"Что значит: anualmente?","ежегодно",2K,2K,adverb,external_adverb_wave_ai_prefill_20260402,0,,,2K,A2,anualmente,1
10749,prontamente,"Что значит: prontamente?","незамедлительно",2K,2K,adverb,external_adverb_wave_ai_prefill_20260402,0,,,2K,A2,prontamente,1
10750,sequer,"Что значит: sequer?","даже",2K,2K,adverb,external_adverb_wave_ai_prefill_20260402,0,,,2K,A2,sequer,1
10751,constantemente,"Что значит: constantemente?","постоянно",2K,2K,adverb,external_adverb_wave_ai_prefill_20260402,0,,,2K,A2,constantemente,1
10752,diretamente,"Что значит: diretamente?","напрямую",2K,2K,adverb,external_adverb_wave_ai_prefill_20260402,0,,,2K,A2,diretamente,1
10753,tardiamente,"Что значит: tardiamente?","с опозданием",2K,2K,adverb,external_adverb_wave_ai_prefill_20260402,0,,,2K,A2,tardiamente,1
10754,efetivamente,"Что значит: efetivamente?","фактически",5K,5K,adverb,external_adverb_wave_ai_prefill_20260402,0,,,5K,B1,efetivamente,1
10755,enormemente,"Что значит: enormemente?","чрезвычайно",5K,5K,adverb,external_adverb_wave_ai_prefill_20260402,0,,,5K,B1,enormemente,1
10756,estritamente,"Что значит: estritamente?","строго",5K,5K,adverb,external_adverb_wave_ai_prefill_20260402,0,,,5K,B1,estritamente,1
10757,exclusivamente,"Что значит: exclusivamente?","исключительно",5K,5K,adverb,external_adverb_wave_ai_prefill_20260402,0,,,5K,B1,exclusivamente,1
10758,gradualmente,"Что значит: gradualmente?","постепенно",5K,5K,adverb,external_adverb_wave_ai_prefill_20260402,0,,,5K,B1,gradualmente,1
10759,habitualmente,"Что значит: habitualmente?","обычно",5K,5K,adverb,external_adverb_wave_ai_prefill_20260402,0,,,5K,B1,habitualmente,1
10760,honestamente,"Что значит: honestamente?","честно",5K,5K,adverb,external_adverb_wave_ai_prefill_20260402,0,,,5K,B1,honestamente,1
10761,inicialmente,"Что значит: inicialmente?","изначально",5K,5K,adverb,external_adverb_wave_ai_prefill_20260402,0,,,5K,B1,inicialmente,1
10762,intensamente,"Что значит: intensamente?","сильно",5K,5K,adverb,external_adverb_wave_ai_prefill_20260402,0,,,5K,B1,intensamente,1
10763,literalmente,"Что значит: literalmente?","буквально",5K,5K,adverb,external_adverb_wave_ai_prefill_20260402,0,,,5K,B1,literalmente,1
10764,plenamente,"Что значит: plenamente?","полностью",5K,5K,adverb,external_adverb_wave_ai_prefill_20260402,0,,,5K,B1,plenamente,1
10765,profundamente,"Что значит: profundamente?","глубоко",5K,5K,adverb,external_adverb_wave_ai_prefill_20260402,0,,,5K,B1,profundamente,1
10766,respetivamente,"Что значит: respetivamente?","соответственно",5K,5K,adverb,external_adverb_wave_ai_prefill_20260402,0,,,5K,B1,respetivamente,1
10767,necessariamente,"Что значит: necessariamente?","обязательно",5K,5K,adverb,external_adverb_wave_ai_prefill_20260402,0,,,5K,B1,necessariamente,1
10768,delicadamente,"Что значит: delicadamente?","деликатно",5K,5K,adverb,external_adverb_wave_ai_prefill_20260402,0,,,5K,B1,delicadamente,1
10769,indiretamente,"Что значит: indiretamente?","косвенно",5K,5K,adverb,external_adverb_wave_ai_prefill_20260402,0,,,5K,B1,indiretamente,1
10770,precisamente,"Что значит: precisamente?","точно",5K,5K,adverb,external_adverb_wave_ai_prefill_20260402,0,,,5K,B1,precisamente,1
10771,regularmente,"Что значит: regularmente?","регулярно",5K,5K,adverb,external_adverb_wave_ai_prefill_20260402,0,,,5K,B1,regularmente,1
10772,espontaneamente,"Что значит: espontaneamente?","спонтанно",5K,5K,adverb,external_adverb_wave_ai_prefill_20260402,0,,,5K,B1,espontaneamente,1
10773,genericamente,"Что значит: genericamente?","в общих чертах",5K,5K,adverb,external_adverb_wave_ai_prefill_20260402,0,,,5K,B1,genericamente,1
10774,globalmente,"Что значит: globalmente?","в целом",5K,5K,adverb,external_adverb_wave_ai_prefill_20260402,0,,,5K,B1,globalmente,1
10775,localmente,"Что значит: localmente?","локально",5K,5K,adverb,external_adverb_wave_ai_prefill_20260402,0,,,5K,B1,localmente,1
10776,amargamente,"Что значит: amargamente?","горько",5K,5K,adverb,external_adverb_wave_ai_prefill_20260402,0,,,5K,B1,amargamente,1
10777,amplamente,"Что значит: amplamente?","широко",10K,10K,adverb,external_adverb_wave_ai_prefill_20260402,0,,,10K,B2,amplamente,1
10778,aparentemente,"Что значит: aparentemente?","по-видимому",10K,10K,adverb,external_adverb_wave_ai_prefill_20260402,0,,,10K,B2,aparentemente,1
10779,casualmente,"Что значит: casualmente?","случайно",10K,10K,adverb,external_adverb_wave_ai_prefill_20260402,0,,,10K,B2,casualmente,1
10780,decisivamente,"Что значит: decisivamente?","решительно",10K,10K,adverb,external_adverb_wave_ai_prefill_20260402,0,,,10K,B2,decisivamente,1
10781,discretamente,"Что значит: discretamente?","незаметно",10K,10K,adverb,external_adverb_wave_ai_prefill_20260402,0,,,10K,B2,discretamente,1
10782,explicitamente,"Что значит: explicitamente?","прямо",10K,10K,adverb,external_adverb_wave_ai_prefill_20260402,0,,,10K,B2,explicitamente,1
10783,francamente,"Что значит: francamente?","откровенно",10K,10K,adverb,external_adverb_wave_ai_prefill_20260402,0,,,10K,B2,francamente,1
10784,legitimamente,"Что значит: legitimamente?","законно",10K,10K,adverb,external_adverb_wave_ai_prefill_20260402,0,,,10K,B2,legitimamente,1
10785,mensalmente,"Что значит: mensalmente?","ежемесячно",10K,10K,adverb,external_adverb_wave_ai_prefill_20260402,0,,,10K,B2,mensalmente,1
10786,nitidamente,"Что значит: nitidamente?","отчётливо",10K,10K,adverb,external_adverb_wave_ai_prefill_20260402,0,,,10K,B2,nitidamente,1
10787,nomeadamente,"Что значит: nomeadamente?","а именно",10K,10K,adverb,external_adverb_wave_ai_prefill_20260402,0,,,10K,B2,nomeadamente,1
10788,particularmente,"Что значит: particularmente?","в особенности",10K,10K,adverb,external_adverb_wave_ai_prefill_20260402,0,,,10K,B2,particularmente,1
10789,pontualmente,"Что значит: pontualmente?","вовремя",10K,10K,adverb,external_adverb_wave_ai_prefill_20260402,0,,,10K,B2,pontualmente,1
10790,primeiramente,"Что значит: primeiramente?","сперва",10K,10K,adverb,external_adverb_wave_ai_prefill_20260402,0,,,10K,B2,primeiramente,1
10791,simultaneamente,"Что значит: simultaneamente?","одновременно",10K,10K,adverb,external_adverb_wave_ai_prefill_20260402,0,,,10K,B2,simultaneamente,1
10792,sucessivamente,"Что значит: sucessivamente?","последовательно",10K,10K,adverb,external_adverb_wave_ai_prefill_20260402,0,,,10K,B2,sucessivamente,1
10793,aleatoriamente,"Что значит: aleatoriamente?","случайным образом",10K,10K,adverb,external_adverb_wave_ai_prefill_20260402,0,,,10K,B2,aleatoriamente,1
10794,deliberadamente,"Что значит: deliberadamente?","умышленно",10K,10K,adverb,external_adverb_wave_ai_prefill_20260402,0,,,10K,B2,deliberadamente,1
10795,propositadamente,"Что значит: propositadamente?","намеренно",10K,10K,adverb,external_adverb_wave_ai_prefill_20260402,0,,,10K,B2,propositadamente,1
10796,concretamente,"Что значит: concretamente?","конкретно",10K,10K,adverb,external_adverb_wave_ai_prefill_20260402,0,,,10K,B2,concretamente,1
10797,anteriormente,"Что значит: anteriormente?","ранее",20K,20K,adverb,external_adverb_wave_ai_prefill_20260402,0,,,20K,C1,anteriormente,1
10798,atempadamente,"Что значит: atempadamente?","своевременно",20K,20K,adverb,external_adverb_wave_ai_prefill_20260402,0,,,20K,C1,atempadamente,1
10799,designadamente,"Что значит: designadamente?","в частности",20K,20K,adverb,external_adverb_wave_ai_prefill_20260402,0,,,20K,C1,designadamente,1
10800,expressamente,"Что значит: expressamente?","особо",20K,20K,adverb,external_adverb_wave_ai_prefill_20260402,0,,,20K,C1,expressamente,1
10801,licitamente,"Что значит: licitamente?","законно",20K,20K,adverb,external_adverb_wave_ai_prefill_20260402,0,,,20K,C1,licitamente,1
10802,marginalmente,"Что значит: marginalmente?","незначительно",20K,20K,adverb,external_adverb_wave_ai_prefill_20260402,0,,,20K,C1,marginalmente,1
10803,moderadamente,"Что значит: moderadamente?","умеренно",20K,20K,adverb,external_adverb_wave_ai_prefill_20260402,0,,,20K,C1,moderadamente,1
10804,paulatinamente,"Что значит: paulatinamente?","постепенно",20K,20K,adverb,external_adverb_wave_ai_prefill_20260402,0,,,20K,C1,paulatinamente,1
10805,recorrentemente,"Что значит: recorrentemente?","повторно",20K,20K,adverb,external_adverb_wave_ai_prefill_20260402,0,,,20K,C1,recorrentemente,1
10806,reiteradamente,"Что значит: reiteradamente?","неоднократно",20K,20K,adverb,external_adverb_wave_ai_prefill_20260402,0,,,20K,C1,reiteradamente,1
10807,retroativamente,"Что значит: retroativamente?","задним числом",20K,20K,adverb,external_adverb_wave_ai_prefill_20260402,0,,,20K,C1,retroativamente,1
10808,sumariamente,"Что значит: sumariamente?","вкратце",20K,20K,adverb,external_adverb_wave_ai_prefill_20260402,0,,,20K,C1,sumariamente,1
10809,ulteriormente,"Что значит: ulteriormente?","впоследствии",20K,20K,adverb,external_adverb_wave_ai_prefill_20260402,0,,,20K,C1,ulteriormente,1
10810,unilateralmente,"Что значит: unilateralmente?","в одностороннем порядке",20K,20K,adverb,external_adverb_wave_ai_prefill_20260402,0,,,20K,C1,unilateralmente,1
10811,provisoriamente,"Что значит: provisoriamente?","временно",20K,20K,adverb,external_adverb_wave_ai_prefill_20260402,0,,,20K,C1,provisoriamente,1
10812,alheio,"Что значит это слово?

alheio","чужой",,,adjective,stage1_controlled_20260415_baseline_aware,1,,,20K,,stage1_adjective_20K,1
10813,escasso,"Что значит это слово?

escasso","скудный",,,adjective,stage1_controlled_20260415_baseline_aware,1,,,20K,,stage1_adjective_20K,1
10814,"árduo","Что значит это слово?

árduo","трудный",,,adjective,stage1_controlled_20260415_baseline_aware,1,,,20K,,stage1_adjective_20K,1
10815,"ínfimo","Что значит это слово?

ínfimo","ничтожный",,,adjective,stage1_controlled_20260415_baseline_aware,1,,,20K,,stage1_adjective_20K,1
10816,ceder,"Что значит это слово?

ceder","уступать",,,verb,stage1_controlled_20260415_baseline_aware,1,,,20K,,stage1_verb_20K,1
10817,deter,"Что значит это слово?

deter","задерживать",,,verb,stage1_controlled_20260415_baseline_aware,1,,,20K,,stage1_verb_20K,1
10818,reaver,"Что значит это слово?

reaver","возвращать себе",,,verb,stage1_controlled_20260415_baseline_aware,1,,,20K,,stage1_verb_20K,1
