item_id,event_type,created_at
2362,question_shown,"2026-04-15 12:51:23"
1443,question_shown,"2026-04-15 12:51:23"
813,question_shown,"2026-04-15 12:51:23"
10025,question_shown,"2026-04-15 12:51:23"
10718,question_shown,"2026-04-15 12:51:23"
833,question_shown,"2026-04-15 12:51:23"
592,question_shown,"2026-04-15 12:51:23"
846,question_shown,"2026-04-15 12:51:23"
1953,question_shown,"2026-04-15 12:51:23"
10035,question_shown,"2026-04-15 12:51:23"
579,question_shown,"2026-04-15 12:51:23"
3398,question_shown,"2026-04-15 12:51:23"
821,question_shown,"2026-04-15 12:51:23"
2275,question_shown,"2026-04-15 12:51:22"
3284,question_shown,"2026-04-15 12:51:22"
3584,question_shown,"2026-04-15 12:51:22"
10718,question_shown,"2026-04-15 12:51:22"
10028,question_shown,"2026-04-15 12:51:22"
741,question_shown,"2026-04-15 12:51:22"
719,question_shown,"2026-04-15 12:51:22"
756,question_shown,"2026-04-15 12:51:22"
767,question_shown,"2026-04-15 12:51:22"
718,question_shown,"2026-04-15 12:51:22"
10685,question_shown,"2026-04-15 12:51:22"
3400,question_shown,"2026-04-15 12:51:22"
721,question_shown,"2026-04-15 12:51:22"
597,question_shown,"2026-04-15 12:51:22"
744,question_shown,"2026-04-15 12:51:22"
1040,question_shown,"2026-04-15 12:51:22"
10723,question_shown,"2026-04-15 12:51:22"
876,question_shown,"2026-04-15 12:51:22"
1850,question_shown,"2026-04-15 12:51:22"
650,question_shown,"2026-04-15 12:51:22"
3612,question_shown,"2026-04-15 12:51:22"
3365,question_shown,"2026-04-15 12:51:22"
1667,question_shown,"2026-04-15 12:51:22"
3339,question_shown,"2026-04-15 12:51:22"
3913,question_shown,"2026-04-15 12:51:22"
2561,question_shown,"2026-04-15 12:51:21"
2362,question_shown,"2026-04-15 12:51:21"
3365,question_shown,"2026-04-15 12:51:21"
3400,question_shown,"2026-04-15 12:51:21"
545,question_shown,"2026-04-15 12:51:21"
698,question_shown,"2026-04-15 12:51:21"
10011,question_shown,"2026-04-15 12:51:21"
550,question_shown,"2026-04-15 12:51:21"
638,question_shown,"2026-04-15 12:51:21"
577,question_shown,"2026-04-15 12:51:21"
616,question_shown,"2026-04-15 12:51:21"
602,question_shown,"2026-04-15 12:51:21"
3222,question_shown,"2026-04-15 12:51:21"
856,question_shown,"2026-04-15 12:51:21"
10607,question_shown,"2026-04-15 12:51:21"
1353,question_shown,"2026-04-15 12:51:21"
502,question_shown,"2026-04-15 12:51:21"
876,question_shown,"2026-04-15 12:51:21"
1743,question_shown,"2026-04-15 12:51:21"
3243,question_shown,"2026-04-15 12:51:21"
3366,question_shown,"2026-04-15 12:51:21"
2482,question_shown,"2026-04-15 12:51:21"
3994,question_shown,"2026-04-15 12:51:21"
3365,question_shown,"2026-04-15 12:51:21"
1977,question_shown,"2026-04-15 12:51:20"
2410,question_shown,"2026-04-15 12:51:20"
8757,question_shown,"2026-04-15 12:51:20"
1759,question_shown,"2026-04-15 12:51:20"
893,question_shown,"2026-04-15 12:51:20"
1716,question_shown,"2026-04-15 12:51:20"
10028,question_shown,"2026-04-15 12:51:20"
10025,question_shown,"2026-04-15 12:51:20"
3399,question_shown,"2026-04-15 12:51:20"
608,question_shown,"2026-04-15 12:51:20"
3233,question_shown,"2026-04-15 12:51:20"
3238,question_shown,"2026-04-15 12:51:20"
757,question_shown,"2026-04-15 12:51:20"
584,question_shown,"2026-04-15 12:51:20"
3197,question_shown,"2026-04-15 12:51:20"
3400,question_shown,"2026-04-15 12:51:20"
777,question_shown,"2026-04-15 12:51:20"
3225,question_shown,"2026-04-15 12:51:20"
961,question_shown,"2026-04-15 12:51:20"
10665,question_shown,"2026-04-15 12:51:20"
945,question_shown,"2026-04-15 12:51:20"
3913,question_shown,"2026-04-15 12:51:20"
10028,question_shown,"2026-04-15 12:51:20"
2610,question_shown,"2026-04-15 12:51:20"
1248,question_shown,"2026-04-15 12:51:20"
10041,question_shown,"2026-04-15 12:51:20"
10817,question_shown,"2026-04-15 12:51:20"
3901,question_shown,"2026-04-15 12:51:19"
1235,question_shown,"2026-04-15 12:51:19"
922,question_shown,"2026-04-15 12:51:19"
923,question_shown,"2026-04-15 12:51:19"
682,question_shown,"2026-04-15 12:51:19"
552,question_shown,"2026-04-15 12:51:19"
3205,question_shown,"2026-04-15 12:51:19"
748,question_shown,"2026-04-15 12:51:19"
2222,question_shown,"2026-04-15 12:51:19"
9997,question_shown,"2026-04-15 12:51:19"
680,question_shown,"2026-04-15 12:51:19"
574,question_shown,"2026-04-15 12:51:19"
571,question_shown,"2026-04-15 12:51:19"
826,question_shown,"2026-04-15 12:51:19"
10004,question_shown,"2026-04-15 12:51:19"
3906,question_shown,"2026-04-15 12:51:19"
457,question_shown,"2026-04-15 12:51:19"
1205,question_shown,"2026-04-15 12:51:19"
3510,question_shown,"2026-04-15 12:51:19"
763,question_shown,"2026-04-15 12:51:19"
3618,question_shown,"2026-04-15 12:51:19"
3633,question_shown,"2026-04-15 12:51:18"
647,question_shown,"2026-04-15 12:51:18"
10683,question_shown,"2026-04-15 12:51:18"
755,question_shown,"2026-04-15 12:51:18"
565,question_shown,"2026-04-15 12:51:18"
2072,question_shown,"2026-04-15 12:51:18"
3446,question_shown,"2026-04-15 12:51:18"
560,question_shown,"2026-04-15 12:51:18"
10066,question_shown,"2026-04-15 12:51:18"
667,question_shown,"2026-04-15 12:51:18"
9841,question_shown,"2026-04-15 12:51:18"
3399,question_shown,"2026-04-15 12:51:18"
3365,question_shown,"2026-04-15 12:51:18"
3169,question_shown,"2026-04-15 12:51:18"
2485,question_shown,"2026-04-15 12:51:18"
1082,question_shown,"2026-04-15 12:51:18"
3230,question_shown,"2026-04-15 12:51:18"
3366,question_shown,"2026-04-15 12:51:18"
1388,question_shown,"2026-04-15 12:51:18"
622,question_shown,"2026-04-15 12:51:18"
3446,question_shown,"2026-04-15 12:51:18"
9997,question_shown,"2026-04-15 12:51:17"
1372,question_shown,"2026-04-15 12:51:17"
836,question_shown,"2026-04-15 12:51:17"
576,question_shown,"2026-04-15 12:51:17"
683,question_shown,"2026-04-15 12:51:17"
567,question_shown,"2026-04-15 12:51:17"
743,question_shown,"2026-04-15 12:51:17"
867,question_shown,"2026-04-15 12:51:17"
504,question_shown,"2026-04-15 12:51:17"
2567,question_shown,"2026-04-15 12:51:17"
3365,question_shown,"2026-04-15 12:51:17"
10716,question_shown,"2026-04-15 12:51:17"
3366,question_shown,"2026-04-15 12:51:17"
3906,question_shown,"2026-04-15 12:51:17"
3201,question_shown,"2026-04-15 12:51:17"
10028,question_shown,"2026-04-15 12:51:17"
2239,question_shown,"2026-04-15 12:51:17"
2652,question_shown,"2026-04-15 12:51:17"
4013,question_shown,"2026-04-15 12:51:17"
613,question_shown,"2026-04-15 12:51:16"
34,question_shown,"2026-04-15 12:51:16"
10028,question_shown,"2026-04-15 12:51:16"
610,question_shown,"2026-04-15 12:51:16"
10060,question_shown,"2026-04-15 12:51:16"
3398,question_shown,"2026-04-15 12:51:16"
715,question_shown,"2026-04-15 12:51:16"
3200,question_shown,"2026-04-15 12:51:16"
1268,question_shown,"2026-04-15 12:51:16"
10723,question_shown,"2026-04-15 12:51:16"
3316,question_shown,"2026-04-15 12:51:16"
3365,question_shown,"2026-04-15 12:51:16"
10025,question_shown,"2026-04-15 12:51:16"
10817,question_shown,"2026-04-15 12:51:16"
2227,question_shown,"2026-04-15 12:51:16"
711,question_shown,"2026-04-15 12:51:16"
1310,question_shown,"2026-04-15 12:51:16"
3547,question_shown,"2026-04-15 12:51:16"
3500,question_shown,"2026-04-15 12:51:16"
3560,question_shown,"2026-04-15 12:51:16"
10030,question_shown,"2026-04-15 12:51:16"
829,question_shown,"2026-04-15 12:51:16"
3239,question_shown,"2026-04-15 12:51:16"
3398,question_shown,"2026-04-15 12:51:16"
666,question_shown,"2026-04-15 12:51:16"
3446,question_shown,"2026-04-15 12:51:15"
1006,question_shown,"2026-04-15 12:51:15"
3400,question_shown,"2026-04-15 12:51:15"
742,question_shown,"2026-04-15 12:51:15"
589,question_shown,"2026-04-15 12:51:15"
662,question_shown,"2026-04-15 12:51:15"
10043,question_shown,"2026-04-15 12:51:15"
830,question_shown,"2026-04-15 12:51:15"
917,question_shown,"2026-04-15 12:51:15"
473,question_shown,"2026-04-15 12:51:15"
3324,question_shown,"2026-04-15 12:51:15"
1324,question_shown,"2026-04-15 12:51:15"
10715,question_shown,"2026-04-15 12:51:15"
1221,question_shown,"2026-04-15 12:51:15"
3365,question_shown,"2026-04-15 12:51:15"
782,question_shown,"2026-04-15 12:51:15"
962,question_shown,"2026-04-15 12:51:15"
3366,question_shown,"2026-04-15 12:51:15"
3596,question_shown,"2026-04-15 12:51:15"
3530,question_shown,"2026-04-15 12:51:15"
10003,question_shown,"2026-04-15 12:51:15"
3999,question_shown,"2026-04-15 12:51:15"
669,question_shown,"2026-04-15 12:51:15"
769,question_shown,"2026-04-15 12:51:15"
855,question_shown,"2026-04-15 12:51:14"
644,question_shown,"2026-04-15 12:51:14"
3399,question_shown,"2026-04-15 12:51:14"
816,question_shown,"2026-04-15 12:51:14"
3241,question_shown,"2026-04-15 12:51:14"
3398,question_shown,"2026-04-15 12:51:14"
805,question_shown,"2026-04-15 12:51:14"
10719,question_shown,"2026-04-15 12:51:14"
3202,question_shown,"2026-04-15 12:51:14"
2415,question_shown,"2026-04-15 12:51:14"
10723,question_shown,"2026-04-15 12:51:14"
10818,question_shown,"2026-04-15 12:51:14"
10727,question_shown,"2026-04-15 12:51:14"
759,question_shown,"2026-04-15 12:51:14"
985,question_shown,"2026-04-15 12:51:14"
1289,question_shown,"2026-04-15 12:51:14"
3229,question_shown,"2026-04-15 12:51:14"
1758,question_shown,"2026-04-15 12:51:14"
3260,question_shown,"2026-04-15 12:51:14"
878,question_shown,"2026-04-15 12:51:14"
3365,question_shown,"2026-04-15 12:51:14"
806,question_shown,"2026-04-15 12:51:14"
843,question_shown,"2026-04-15 12:51:14"
668,question_shown,"2026-04-15 12:51:14"
850,question_shown,"2026-04-15 12:51:14"
840,question_shown,"2026-04-15 12:51:13"
747,question_shown,"2026-04-15 12:51:13"
10040,question_shown,"2026-04-15 12:51:13"
3246,question_shown,"2026-04-15 12:51:13"
10028,question_shown,"2026-04-15 12:51:13"
3400,question_shown,"2026-04-15 12:51:13"
655,question_shown,"2026-04-15 12:51:13"
3365,question_shown,"2026-04-15 12:51:13"
400,question_shown,"2026-04-15 12:51:13"
877,question_shown,"2026-04-15 12:51:13"
1301,question_shown,"2026-04-15 12:51:13"
561,question_shown,"2026-04-15 12:51:13"
3324,question_shown,"2026-04-15 12:51:13"
1546,question_shown,"2026-04-15 12:51:13"
890,question_shown,"2026-04-15 12:51:13"
2571,question_shown,"2026-04-15 12:51:13"
873,question_shown,"2026-04-15 12:51:13"
1047,question_shown,"2026-04-15 12:51:13"
1510,question_shown,"2026-04-15 12:51:13"
10036,question_shown,"2026-04-15 12:51:13"
10028,question_shown,"2026-04-15 12:51:13"
630,question_shown,"2026-04-15 12:51:13"
619,question_shown,"2026-04-15 12:51:12"
723,question_shown,"2026-04-15 12:51:12"
10028,question_shown,"2026-04-15 12:51:12"
10001,question_shown,"2026-04-15 12:51:12"
3264,question_shown,"2026-04-15 12:51:12"
426,question_shown,"2026-04-15 12:51:12"
1397,question_shown,"2026-04-15 12:51:12"
3916,question_shown,"2026-04-15 12:51:12"
618,question_shown,"2026-04-15 12:51:12"
3580,question_shown,"2026-04-15 12:51:12"
884,question_shown,"2026-04-15 12:51:12"
604,question_shown,"2026-04-15 12:51:12"
1518,question_shown,"2026-04-15 12:51:12"
3365,question_shown,"2026-04-15 12:51:12"
1268,question_shown,"2026-04-15 12:51:12"
1720,question_shown,"2026-04-15 12:51:12"
3466,question_shown,"2026-04-15 12:51:12"
819,question_shown,"2026-04-15 12:51:12"
10002,question_shown,"2026-04-15 12:51:12"
3398,question_shown,"2026-04-15 12:51:12"
676,question_shown,"2026-04-15 12:51:12"
10684,question_shown,"2026-04-15 12:51:11"
3244,question_shown,"2026-04-15 12:51:11"
675,question_shown,"2026-04-15 12:51:11"
1763,question_shown,"2026-04-15 12:51:11"
399,question_shown,"2026-04-15 12:51:11"
872,question_shown,"2026-04-15 12:51:11"
1774,question_shown,"2026-04-15 12:51:11"
3229,question_shown,"2026-04-15 12:51:11"
3366,question_shown,"2026-04-15 12:51:11"
3264,question_shown,"2026-04-15 12:51:11"
713,question_shown,"2026-04-15 12:51:11"
10816,question_shown,"2026-04-15 12:51:11"
3270,question_shown,"2026-04-15 12:51:11"
3365,question_shown,"2026-04-15 12:51:11"
1033,question_shown,"2026-04-15 12:51:11"
824,question_shown,"2026-04-15 12:51:11"
10045,question_shown,"2026-04-15 12:51:11"
780,question_shown,"2026-04-15 12:51:11"
804,question_shown,"2026-04-15 12:51:11"
706,question_shown,"2026-04-15 12:51:11"
724,question_shown,"2026-04-15 12:51:11"
3400,question_shown,"2026-04-15 12:51:11"
10002,question_shown,"2026-04-15 12:51:11"
1783,question_shown,"2026-04-15 12:51:10"
10063,question_shown,"2026-04-15 12:51:10"
991,question_shown,"2026-04-15 12:51:10"
1630,question_shown,"2026-04-15 12:51:10"
617,question_shown,"2026-04-15 12:51:10"
1963,question_shown,"2026-04-15 12:51:10"
3272,question_shown,"2026-04-15 12:51:10"
3565,question_shown,"2026-04-15 12:51:10"
1747,question_shown,"2026-04-15 12:51:10"
728,question_shown,"2026-04-15 12:51:10"
3224,question_shown,"2026-04-15 12:51:10"
842,question_shown,"2026-04-15 12:51:10"
3398,question_shown,"2026-04-15 12:51:10"
688,question_shown,"2026-04-15 12:51:10"
834,question_shown,"2026-04-15 12:51:10"
10038,question_shown,"2026-04-15 12:51:10"
3399,question_shown,"2026-04-15 12:51:10"
3446,question_shown,"2026-04-15 12:51:10"
697,question_shown,"2026-04-15 12:51:09"
1488,question_shown,"2026-04-15 12:51:09"
1020,question_shown,"2026-04-15 12:51:09"
3400,question_shown,"2026-04-15 12:51:09"
1824,question_shown,"2026-04-15 12:51:09"
10713,question_shown,"2026-04-15 12:51:09"
3365,question_shown,"2026-04-15 12:51:09"
1181,question_shown,"2026-04-15 12:51:09"
598,question_shown,"2026-04-15 12:51:09"
10686,question_shown,"2026-04-15 12:51:09"
799,question_shown,"2026-04-15 12:51:09"
10042,question_shown,"2026-04-15 12:51:09"
9957,question_shown,"2026-04-15 12:51:09"
665,question_shown,"2026-04-15 12:51:09"
3398,question_shown,"2026-04-15 12:51:09"
707,question_shown,"2026-04-15 12:51:09"
853,question_shown,"2026-04-15 12:51:09"
10048,question_shown,"2026-04-15 12:51:09"
10043,question_shown,"2026-04-15 12:51:09"
10028,question_shown,"2026-04-15 12:51:09"
3491,question_shown,"2026-04-15 12:51:09"
456,question_shown,"2026-04-15 12:51:09"
1470,question_shown,"2026-04-15 12:51:09"
3365,question_shown,"2026-04-15 12:51:08"
3275,question_shown,"2026-04-15 12:51:08"
1707,question_shown,"2026-04-15 12:51:08"
659,question_shown,"2026-04-15 12:51:08"
3213,question_shown,"2026-04-15 12:51:08"
594,question_shown,"2026-04-15 12:51:08"
10062,question_shown,"2026-04-15 12:51:08"
653,question_shown,"2026-04-15 12:51:08"
835,question_shown,"2026-04-15 12:51:08"
720,question_shown,"2026-04-15 12:51:08"
3242,question_shown,"2026-04-15 12:51:08"
836,question_shown,"2026-04-15 12:51:08"
710,question_shown,"2026-04-15 12:51:08"
3398,question_shown,"2026-04-15 12:51:08"
704,question_shown,"2026-04-15 12:51:08"
1539,question_shown,"2026-04-15 12:51:08"
526,question_shown,"2026-04-15 12:51:08"
3366,question_shown,"2026-04-15 12:51:08"
2209,question_shown,"2026-04-15 12:51:08"
3941,question_shown,"2026-04-15 12:51:07"
1248,question_shown,"2026-04-15 12:51:07"
2652,question_shown,"2026-04-15 12:51:07"
2032,question_shown,"2026-04-15 12:51:07"
10049,question_shown,"2026-04-15 12:51:07"
685,question_shown,"2026-04-15 12:51:07"
725,question_shown,"2026-04-15 12:51:07"
2632,question_shown,"2026-04-15 12:51:07"
772,question_shown,"2026-04-15 12:51:07"
656,question_shown,"2026-04-15 12:51:07"
845,question_shown,"2026-04-15 12:51:07"
3400,question_shown,"2026-04-15 12:51:07"
844,question_shown,"2026-04-15 12:51:07"
705,question_shown,"2026-04-15 12:51:07"
10011,question_shown,"2026-04-15 12:51:07"
10056,question_shown,"2026-04-15 12:51:07"
2648,question_shown,"2026-04-15 12:51:07"
3371,question_shown,"2026-04-15 12:51:07"
2391,question_shown,"2026-04-15 12:51:07"
4014,question_shown,"2026-04-15 12:51:07"
633,question_shown,"2026-04-15 12:51:07"
10816,question_shown,"2026-04-15 12:51:07"
3633,question_shown,"2026-04-15 12:51:07"
3446,question_shown,"2026-04-15 12:51:07"
1434,question_shown,"2026-04-15 12:51:07"
550,question_shown,"2026-04-15 12:51:06"
2664,question_shown,"2026-04-15 12:51:06"
3366,question_shown,"2026-04-15 12:51:06"
1539,question_shown,"2026-04-15 12:51:06"
3400,question_shown,"2026-04-15 12:51:06"
1850,question_shown,"2026-04-15 12:51:06"
545,question_shown,"2026-04-15 12:51:06"
10064,question_shown,"2026-04-15 12:51:06"
605,question_shown,"2026-04-15 12:51:06"
10025,question_shown,"2026-04-15 12:51:06"
3196,question_shown,"2026-04-15 12:51:06"
635,question_shown,"2026-04-15 12:51:06"
750,question_shown,"2026-04-15 12:51:06"
737,question_shown,"2026-04-15 12:51:06"
847,question_shown,"2026-04-15 12:51:06"
3215,question_shown,"2026-04-15 12:51:06"
10720,question_shown,"2026-04-15 12:51:06"
883,question_shown,"2026-04-15 12:51:06"
3185,question_shown,"2026-04-15 12:51:06"
1988,question_shown,"2026-04-15 12:51:06"
4015,question_shown,"2026-04-15 12:51:06"
10025,question_shown,"2026-04-15 12:51:06"
3366,question_shown,"2026-04-15 12:51:06"
1743,question_shown,"2026-04-15 12:51:06"
689,question_shown,"2026-04-15 12:51:06"
2160,question_shown,"2026-04-15 12:51:05"
3399,question_shown,"2026-04-15 12:51:05"
2531,question_shown,"2026-04-15 12:51:05"
812,question_shown,"2026-04-15 12:51:05"
754,question_shown,"2026-04-15 12:51:05"
2455,question_shown,"2026-04-15 12:51:05"
727,question_shown,"2026-04-15 12:51:05"
714,question_shown,"2026-04-15 12:51:05"
607,question_shown,"2026-04-15 12:51:05"
614,question_shown,"2026-04-15 12:51:05"
827,question_shown,"2026-04-15 12:51:05"
10011,question_shown,"2026-04-15 12:51:05"
640,question_shown,"2026-04-15 12:51:05"
731,question_shown,"2026-04-15 12:51:05"
1047,question_shown,"2026-04-15 12:51:05"
530,question_shown,"2026-04-15 12:51:05"
3617,question_shown,"2026-04-15 12:51:05"
3365,question_shown,"2026-04-15 12:51:05"
10717,question_shown,"2026-04-15 12:51:05"
2066,question_shown,"2026-04-15 12:51:05"
10713,question_shown,"2026-04-15 12:51:05"
10681,question_shown,"2026-04-15 12:51:04"
3206,question_shown,"2026-04-15 12:51:04"
10054,question_shown,"2026-04-15 12:51:04"
589,question_shown,"2026-04-15 12:51:04"
10682,question_shown,"2026-04-15 12:51:04"
636,question_shown,"2026-04-15 12:51:04"
848,question_shown,"2026-04-15 12:51:04"
3398,question_shown,"2026-04-15 12:51:04"
10011,question_shown,"2026-04-15 12:51:04"
3221,question_shown,"2026-04-15 12:51:04"
10039,question_shown,"2026-04-15 12:51:04"
1438,question_shown,"2026-04-15 12:51:04"
3178,question_shown,"2026-04-15 12:51:04"
3933,question_shown,"2026-04-15 12:51:04"
3365,question_shown,"2026-04-15 12:51:04"
10029,question_shown,"2026-04-15 12:51:04"
2624,question_shown,"2026-04-15 12:51:04"
3366,question_shown,"2026-04-15 12:51:04"
761,question_shown,"2026-04-15 12:51:04"
2066,question_shown,"2026-04-15 12:51:04"
1475,question_shown,"2026-04-15 12:51:04"
731,question_shown,"2026-04-15 12:51:03"
821,question_shown,"2026-04-15 12:51:03"
811,question_shown,"2026-04-15 12:51:03"
1651,question_shown,"2026-04-15 12:51:03"
503,question_shown,"2026-04-15 12:51:03"
973,question_shown,"2026-04-15 12:51:03"
3547,question_shown,"2026-04-15 12:51:03"
38,question_shown,"2026-04-15 12:51:03"
3318,question_shown,"2026-04-15 12:51:03"
1289,question_shown,"2026-04-15 12:51:03"
841,question_shown,"2026-04-15 12:51:03"
3366,question_shown,"2026-04-15 12:51:03"
988,question_shown,"2026-04-15 12:51:03"
3365,question_shown,"2026-04-15 12:51:03"
1060,question_shown,"2026-04-15 12:51:03"
552,question_shown,"2026-04-15 12:51:03"
3366,question_shown,"2026-04-15 12:51:02"
679,question_shown,"2026-04-15 12:51:02"
2443,question_shown,"2026-04-15 12:51:02"
1767,question_shown,"2026-04-15 12:51:02"
3248,question_shown,"2026-04-15 12:51:02"
1162,question_shown,"2026-04-15 12:51:02"
577,question_shown,"2026-04-15 12:51:02"
574,question_shown,"2026-04-15 12:51:02"
3398,question_shown,"2026-04-15 12:51:02"
3446,question_shown,"2026-04-15 12:51:02"
612,question_shown,"2026-04-15 12:51:02"
10004,question_shown,"2026-04-15 12:51:02"
785,question_shown,"2026-04-15 12:51:02"
10005,question_shown,"2026-04-15 12:51:02"
3238,question_shown,"2026-04-15 12:51:02"
717,question_shown,"2026-04-15 12:51:01"
10028,question_shown,"2026-04-15 12:51:01"
814,question_shown,"2026-04-15 12:51:01"
3446,question_shown,"2026-04-15 12:51:01"
677,question_shown,"2026-04-15 12:51:01"
10011,question_shown,"2026-04-15 12:51:01"
757,question_shown,"2026-04-15 12:51:01"
648,question_shown,"2026-04-15 12:51:01"
650,question_shown,"2026-04-15 12:51:01"
3225,question_shown,"2026-04-15 12:51:01"
2562,question_shown,"2026-04-15 12:51:01"
10709,question_shown,"2026-04-15 12:51:01"
1389,question_shown,"2026-04-15 12:51:01"
3365,question_shown,"2026-04-15 12:51:01"
775,question_shown,"2026-04-15 12:51:01"
9791,question_shown,"2026-04-15 12:51:01"
597,question_shown,"2026-04-15 12:51:00"
10025,question_shown,"2026-04-15 12:51:00"
3446,question_shown,"2026-04-15 12:51:00"
1615,question_shown,"2026-04-15 12:51:00"
603,question_shown,"2026-04-15 12:51:00"
813,question_shown,"2026-04-15 12:51:00"
777,question_shown,"2026-04-15 12:51:00"
1767,question_shown,"2026-04-15 12:51:00"
431,question_shown,"2026-04-15 12:51:00"
2218,question_shown,"2026-04-15 12:51:00"
3284,question_shown,"2026-04-15 12:51:00"
721,question_shown,"2026-04-15 12:51:00"
3323,question_shown,"2026-04-15 12:51:00"
10727,question_shown,"2026-04-15 12:51:00"
3400,question_shown,"2026-04-15 12:51:00"
2255,question_shown,"2026-04-15 12:51:00"
3287,question_shown,"2026-04-15 12:51:00"
1402,question_shown,"2026-04-15 12:51:00"
3584,question_shown,"2026-04-15 12:51:00"
3209,question_shown,"2026-04-15 12:51:00"
767,question_shown,"2026-04-15 12:51:00"
846,question_shown,"2026-04-15 12:50:59"
10025,question_shown,"2026-04-15 12:50:59"
34,question_shown,"2026-04-15 12:50:59"
768,question_shown,"2026-04-15 12:50:59"
2659,question_shown,"2026-04-15 12:50:59"
10011,question_shown,"2026-04-15 12:50:59"
961,question_shown,"2026-04-15 12:50:59"
354,question_shown,"2026-04-15 12:50:59"
3558,question_shown,"2026-04-15 12:50:59"
3286,question_shown,"2026-04-15 12:50:59"
10681,question_shown,"2026-04-15 12:50:59"
2027,question_shown,"2026-04-15 12:50:59"
1162,question_shown,"2026-04-15 12:50:59"
1372,question_shown,"2026-04-15 12:50:59"
3366,question_shown,"2026-04-15 12:50:59"
885,question_shown,"2026-04-15 12:50:59"
923,question_shown,"2026-04-15 12:50:59"
1319,question_shown,"2026-04-15 12:50:59"
890,question_shown,"2026-04-15 12:50:59"
3198,question_shown,"2026-04-15 12:50:59"
3227,question_shown,"2026-04-15 12:50:59"
3243,question_shown,"2026-04-15 12:50:59"
718,question_shown,"2026-04-15 12:50:59"
571,question_shown,"2026-04-15 12:50:58"
10011,question_shown,"2026-04-15 12:50:58"
781,question_shown,"2026-04-15 12:50:58"
3398,question_shown,"2026-04-15 12:50:58"
801,question_shown,"2026-04-15 12:50:58"
3284,question_shown,"2026-04-15 12:50:58"
427,question_shown,"2026-04-15 12:50:58"
926,question_shown,"2026-04-15 12:50:58"
917,question_shown,"2026-04-15 12:50:58"
3447,question_shown,"2026-04-15 12:50:58"
2218,question_shown,"2026-04-15 12:50:58"
3467,question_shown,"2026-04-15 12:50:58"
716,question_shown,"2026-04-15 12:50:58"
2338,question_shown,"2026-04-15 12:50:58"
3365,question_shown,"2026-04-15 12:50:58"
867,question_shown,"2026-04-15 12:50:58"
2239,question_shown,"2026-04-15 12:50:58"
10028,question_shown,"2026-04-15 12:50:58"
3203,question_shown,"2026-04-15 12:50:58"
833,question_shown,"2026-04-15 12:50:58"
741,question_shown,"2026-04-15 12:50:58"
3399,question_shown,"2026-04-15 12:50:58"
10047,question_shown,"2026-04-15 12:50:58"
3398,question_shown,"2026-04-15 12:50:57"
638,question_shown,"2026-04-15 12:50:57"
3216,question_shown,"2026-04-15 12:50:57"
584,question_shown,"2026-04-15 12:50:57"
543,question_shown,"2026-04-15 12:50:57"
658,question_shown,"2026-04-15 12:50:57"
3626,question_shown,"2026-04-15 12:50:57"
3166,question_shown,"2026-04-15 12:50:57"
1701,question_shown,"2026-04-15 12:50:57"
1724,question_shown,"2026-04-15 12:50:57"
567,question_shown,"2026-04-15 12:50:57"
2049,question_shown,"2026-04-15 12:50:57"
3266,question_shown,"2026-04-15 12:50:57"
10028,question_shown,"2026-04-15 12:50:57"
10818,question_shown,"2026-04-15 12:50:57"
922,question_shown,"2026-04-15 12:50:57"
3916,question_shown,"2026-04-15 12:50:57"
1522,question_shown,"2026-04-15 12:50:57"
10058,question_shown,"2026-04-15 12:50:57"
808,question_shown,"2026-04-15 12:50:57"
3400,question_shown,"2026-04-15 12:50:57"
3233,question_shown,"2026-04-15 12:50:57"
9999,question_shown,"2026-04-15 12:50:57"
1408,question_shown,"2026-04-15 12:50:57"
559,question_shown,"2026-04-15 12:50:57"
2410,question_shown,"2026-04-15 12:50:56"
594,question_shown,"2026-04-15 12:50:56"
666,question_shown,"2026-04-15 12:50:56"
683,question_shown,"2026-04-15 12:50:56"
3268,question_shown,"2026-04-15 12:50:56"
10723,question_shown,"2026-04-15 12:50:56"
1772,question_shown,"2026-04-15 12:50:56"
3256,question_shown,"2026-04-15 12:50:56"
616,question_shown,"2026-04-15 12:50:56"
1758,question_shown,"2026-04-15 12:50:56"
2415,question_shown,"2026-04-15 12:50:56"
742,question_shown,"2026-04-15 12:50:56"
3366,question_shown,"2026-04-15 12:50:56"
3458,question_shown,"2026-04-15 12:50:56"
3365,question_shown,"2026-04-15 12:50:56"
2652,question_shown,"2026-04-15 12:50:56"
10680,question_shown,"2026-04-15 12:50:56"
744,question_shown,"2026-04-15 12:50:56"
690,question_shown,"2026-04-15 12:50:56"
802,question_shown,"2026-04-15 12:50:56"
10051,question_shown,"2026-04-15 12:50:56"
3232,question_shown,"2026-04-15 12:50:56"
622,question_shown,"2026-04-15 12:50:55"
719,question_shown,"2026-04-15 12:50:55"
579,question_shown,"2026-04-15 12:50:55"
1774,question_shown,"2026-04-15 12:50:55"
415,question_shown,"2026-04-15 12:50:55"
991,question_shown,"2026-04-15 12:50:55"
3264,question_shown,"2026-04-15 12:50:55"
38,question_shown,"2026-04-15 12:50:55"
1963,question_shown,"2026-04-15 12:50:55"
2220,question_shown,"2026-04-15 12:50:55"
805,question_shown,"2026-04-15 12:50:55"
1988,question_shown,"2026-04-15 12:50:55"
3365,question_shown,"2026-04-15 12:50:55"
2292,question_shown,"2026-04-15 12:50:55"
3282,question_shown,"2026-04-15 12:50:55"
769,question_shown,"2026-04-15 12:50:55"
3231,question_shown,"2026-04-15 12:50:55"
647,question_shown,"2026-04-15 12:50:55"
10025,question_shown,"2026-04-15 12:50:55"
602,question_shown,"2026-04-15 12:50:55"
569,question_shown,"2026-04-15 12:50:55"
3400,question_shown,"2026-04-15 12:50:55"
3399,question_shown,"2026-04-15 12:50:55"
3500,question_shown,"2026-04-15 12:50:54"
3371,question_shown,"2026-04-15 12:50:54"
3329,question_shown,"2026-04-15 12:50:54"
1783,question_shown,"2026-04-15 12:50:54"
10646,question_shown,"2026-04-15 12:50:54"
3339,question_shown,"2026-04-15 12:50:54"
3510,question_shown,"2026-04-15 12:50:54"
576,question_shown,"2026-04-15 12:50:54"
1758,question_shown,"2026-04-15 12:50:54"
3560,question_shown,"2026-04-15 12:50:54"
3365,question_shown,"2026-04-15 12:50:54"
2648,question_shown,"2026-04-15 12:50:54"
763,question_shown,"2026-04-15 12:50:54"
682,question_shown,"2026-04-15 12:50:54"
10000,question_shown,"2026-04-15 12:50:54"
3201,question_shown,"2026-04-15 12:50:54"
3994,question_shown,"2026-04-15 12:50:54"
751,question_shown,"2026-04-15 12:50:54"
3399,question_shown,"2026-04-15 12:50:54"
613,question_shown,"2026-04-15 12:50:54"
565,question_shown,"2026-04-15 12:50:54"
748,question_shown,"2026-04-15 12:50:53"
3280,question_shown,"2026-04-15 12:50:53"
527,question_shown,"2026-04-15 12:50:53"
3366,question_shown,"2026-04-15 12:50:53"
1301,question_shown,"2026-04-15 12:50:53"
3400,question_shown,"2026-04-15 12:50:53"
3365,question_shown,"2026-04-15 12:50:53"
2334,question_shown,"2026-04-15 12:50:53"
3194,question_shown,"2026-04-15 12:50:53"
2485,question_shown,"2026-04-15 12:50:53"
2645,question_shown,"2026-04-15 12:50:53"
2510,question_shown,"2026-04-15 12:50:53"
1977,question_shown,"2026-04-15 12:50:53"
3398,question_shown,"2026-04-15 12:50:53"
592,question_shown,"2026-04-15 12:50:53"
10004,question_shown,"2026-04-15 12:50:53"
10043,question_shown,"2026-04-15 12:50:53"
756,question_shown,"2026-04-15 12:50:53"
566,question_shown,"2026-04-15 12:50:53"
755,question_shown,"2026-04-15 12:50:53"
3218,question_shown,"2026-04-15 12:50:53"
560,question_shown,"2026-04-15 12:50:53"
644,question_shown,"2026-04-15 12:50:53"
630,question_shown,"2026-04-15 12:50:53"
3400,question_shown,"2026-04-15 12:50:53"
3989,question_shown,"2026-04-15 12:50:52"
2218,question_shown,"2026-04-15 12:50:52"
2220,question_shown,"2026-04-15 12:50:52"
715,question_shown,"2026-04-15 12:50:52"
2044,question_shown,"2026-04-15 12:50:52"
893,question_shown,"2026-04-15 12:50:52"
3226,question_shown,"2026-04-15 12:50:52"
985,question_shown,"2026-04-15 12:50:52"
1040,question_shown,"2026-04-15 12:50:52"
3277,question_shown,"2026-04-15 12:50:52"
2561,question_shown,"2026-04-15 12:50:52"
847,question_shown,"2026-04-15 12:50:52"
10025,question_shown,"2026-04-15 12:50:52"
10028,question_shown,"2026-04-15 12:50:52"
816,question_shown,"2026-04-15 12:50:52"
667,question_shown,"2026-04-15 12:50:52"
711,question_shown,"2026-04-15 12:50:52"
803,question_shown,"2026-04-15 12:50:52"
10045,question_shown,"2026-04-15 12:50:52"
668,question_shown,"2026-04-15 12:50:52"
629,question_shown,"2026-04-15 12:50:52"
10011,question_shown,"2026-04-15 12:50:52"
3941,question_shown,"2026-04-15 12:50:51"
3365,question_shown,"2026-04-15 12:50:51"
3212,question_shown,"2026-04-15 12:50:51"
3366,question_shown,"2026-04-15 12:50:51"
2393,question_shown,"2026-04-15 12:50:51"
1109,question_shown,"2026-04-15 12:50:51"
1703,question_shown,"2026-04-15 12:50:51"
917,question_shown,"2026-04-15 12:50:51"
1716,question_shown,"2026-04-15 12:50:51"
921,question_shown,"2026-04-15 12:50:51"
855,question_shown,"2026-04-15 12:50:51"
3983,question_shown,"2026-04-15 12:50:51"
604,question_shown,"2026-04-15 12:50:51"
705,question_shown,"2026-04-15 12:50:51"
10025,question_shown,"2026-04-15 12:50:51"
3999,question_shown,"2026-04-15 12:50:51"
618,question_shown,"2026-04-15 12:50:51"
806,question_shown,"2026-04-15 12:50:51"
624,question_shown,"2026-04-15 12:50:51"
10028,question_shown,"2026-04-15 12:50:51"
10048,question_shown,"2026-04-15 12:50:51"
3399,question_shown,"2026-04-15 12:50:51"
1529,question_shown,"2026-04-15 12:50:51"
1362,question_shown,"2026-04-15 12:50:50"
617,question_shown,"2026-04-15 12:50:50"
3473,question_shown,"2026-04-15 12:50:50"
1388,question_shown,"2026-04-15 12:50:50"
10715,question_shown,"2026-04-15 12:50:50"
1161,question_shown,"2026-04-15 12:50:50"
3365,question_shown,"2026-04-15 12:50:50"
3530,question_shown,"2026-04-15 12:50:50"
988,question_shown,"2026-04-15 12:50:50"
10011,question_shown,"2026-04-15 12:50:50"
676,question_shown,"2026-04-15 12:50:50"
3241,question_shown,"2026-04-15 12:50:50"
593,question_shown,"2026-04-15 12:50:50"
10040,question_shown,"2026-04-15 12:50:50"
688,question_shown,"2026-04-15 12:50:50"
829,question_shown,"2026-04-15 12:50:50"
627,question_shown,"2026-04-15 12:50:50"
747,question_shown,"2026-04-15 12:50:50"
10001,question_shown,"2026-04-15 12:50:50"
3398,question_shown,"2026-04-15 12:50:50"
850,question_shown,"2026-04-15 12:50:50"
3258,question_shown,"2026-04-15 12:50:50"
357,question_shown,"2026-04-15 12:50:50"
515,question_shown,"2026-04-15 12:50:49"
1397,question_shown,"2026-04-15 12:50:49"
3365,question_shown,"2026-04-15 12:50:49"
3399,question_shown,"2026-04-15 12:50:49"
1222,question_shown,"2026-04-15 12:50:49"
1759,question_shown,"2026-04-15 12:50:49"
782,question_shown,"2026-04-15 12:50:49"
1824,question_shown,"2026-04-15 12:50:49"
1783,question_shown,"2026-04-15 12:50:49"
2430,question_shown,"2026-04-15 12:50:49"
1510,question_shown,"2026-04-15 12:50:49"
10028,question_shown,"2026-04-15 12:50:49"
3446,question_shown,"2026-04-15 12:50:49"
856,question_shown,"2026-04-15 12:50:49"
703,question_shown,"2026-04-15 12:50:49"
3239,question_shown,"2026-04-15 12:50:49"
3242,question_shown,"2026-04-15 12:50:49"
698,question_shown,"2026-04-15 12:50:49"
840,question_shown,"2026-04-15 12:50:49"
834,question_shown,"2026-04-15 12:50:49"
689,question_shown,"2026-04-15 12:50:49"
10029,question_shown,"2026-04-15 12:50:49"
10028,question_shown,"2026-04-15 12:50:49"
2160,question_shown,"2026-04-15 12:50:49"
30,question_shown,"2026-04-15 12:50:49"
1656,question_shown,"2026-04-15 12:50:49"
824,question_shown,"2026-04-15 12:50:48"
1361,question_shown,"2026-04-15 12:50:48"
878,question_shown,"2026-04-15 12:50:48"
728,question_shown,"2026-04-15 12:50:48"
2443,question_shown,"2026-04-15 12:50:48"
3269,question_shown,"2026-04-15 12:50:48"
1759,question_shown,"2026-04-15 12:50:48"
1763,question_shown,"2026-04-15 12:50:48"
843,question_shown,"2026-04-15 12:50:48"
713,question_shown,"2026-04-15 12:50:48"
3244,question_shown,"2026-04-15 12:50:48"
724,question_shown,"2026-04-15 12:50:48"
3399,question_shown,"2026-04-15 12:50:48"
3229,question_shown,"2026-04-15 12:50:48"
3446,question_shown,"2026-04-15 12:50:48"
665,question_shown,"2026-04-15 12:50:48"
614,question_shown,"2026-04-15 12:50:48"
675,question_shown,"2026-04-15 12:50:48"
10025,question_shown,"2026-04-15 12:50:48"
10031,question_shown,"2026-04-15 12:50:48"
1268,question_shown,"2026-04-15 12:50:48"
761,question_shown,"2026-04-15 12:50:47"
655,question_shown,"2026-04-15 12:50:47"
3398,question_shown,"2026-04-15 12:50:47"
598,question_shown,"2026-04-15 12:50:47"
704,question_shown,"2026-04-15 12:50:47"
2072,question_shown,"2026-04-15 12:50:47"
759,question_shown,"2026-04-15 12:50:47"
697,question_shown,"2026-04-15 12:50:47"
10011,question_shown,"2026-04-15 12:50:47"
610,question_shown,"2026-04-15 12:50:47"
2326,question_shown,"2026-04-15 12:50:47"
3371,question_shown,"2026-04-15 12:50:47"
3323,question_shown,"2026-04-15 12:50:47"
2645,question_shown,"2026-04-15 12:50:47"
711,question_shown,"2026-04-15 12:50:46"
10036,question_shown,"2026-04-15 12:50:46"
743,question_shown,"2026-04-15 12:50:46"
10028,question_shown,"2026-04-15 12:50:46"
3205,question_shown,"2026-04-15 12:50:46"
3466,question_shown,"2026-04-15 12:50:46"
3400,question_shown,"2026-04-15 12:50:46"
706,question_shown,"2026-04-15 12:50:46"
3398,question_shown,"2026-04-15 12:50:46"
10682,question_shown,"2026-04-15 12:50:46"
619,question_shown,"2026-04-15 12:50:46"
3400,question_shown,"2026-04-15 12:50:46"
3266,question_shown,"2026-04-15 12:50:46"
412,question_shown,"2026-04-15 12:50:46"
872,question_shown,"2026-04-15 12:50:46"
1378,question_shown,"2026-04-15 12:50:46"
853,question_shown,"2026-04-15 12:50:46"
3637,question_shown,"2026-04-15 12:50:46"
9967,question_shown,"2026-04-15 12:50:46"
662,question_shown,"2026-04-15 12:50:46"
3330,question_shown,"2026-04-15 12:50:46"
3596,question_shown,"2026-04-15 12:50:46"
2371,question_shown,"2026-04-15 12:50:46"
2531,question_shown,"2026-04-15 12:50:46"
3399,question_shown,"2026-04-15 12:50:46"
10030,question_shown,"2026-04-15 12:50:46"
750,question_shown,"2026-04-15 12:50:45"
3446,question_shown,"2026-04-15 12:50:45"
659,question_shown,"2026-04-15 12:50:45"
780,question_shown,"2026-04-15 12:50:45"
1667,question_shown,"2026-04-15 12:50:45"
710,question_shown,"2026-04-15 12:50:45"
3466,question_shown,"2026-04-15 12:50:45"
685,question_shown,"2026-04-15 12:50:45"
3560,question_shown,"2026-04-15 12:50:45"
362,question_shown,"2026-04-15 12:50:45"
1110,question_shown,"2026-04-15 12:50:45"
1720,question_shown,"2026-04-15 12:50:45"
804,question_shown,"2026-04-15 12:50:45"
3617,question_shown,"2026-04-15 12:50:45"
3267,question_shown,"2026-04-15 12:50:45"
844,question_shown,"2026-04-15 12:50:45"
9151,question_shown,"2026-04-15 12:50:45"
3365,question_shown,"2026-04-15 12:50:45"
3270,question_shown,"2026-04-15 12:50:45"
1033,question_shown,"2026-04-15 12:50:45"
799,question_shown,"2026-04-15 12:50:44"
10686,question_shown,"2026-04-15 12:50:44"
10685,question_shown,"2026-04-15 12:50:44"
10699,question_shown,"2026-04-15 12:50:44"
1539,question_shown,"2026-04-15 12:50:44"
3191,question_shown,"2026-04-15 12:50:44"
3366,question_shown,"2026-04-15 12:50:44"
1716,question_shown,"2026-04-15 12:50:44"
707,question_shown,"2026-04-15 12:50:44"
1895,question_shown,"2026-04-15 12:50:44"
4009,question_shown,"2026-04-15 12:50:44"
653,question_shown,"2026-04-15 12:50:44"
3365,question_shown,"2026-04-15 12:50:44"
2032,question_shown,"2026-04-15 12:50:44"
1732,question_shown,"2026-04-15 12:50:44"
3906,question_shown,"2026-04-15 12:50:44"
845,question_shown,"2026-04-15 12:50:44"
819,question_shown,"2026-04-15 12:50:44"
10025,question_shown,"2026-04-15 12:50:44"
640,question_shown,"2026-04-15 12:50:44"
656,question_shown,"2026-04-15 12:50:43"
821,question_shown,"2026-04-15 12:50:43"
10025,question_shown,"2026-04-15 12:50:43"
3365,question_shown,"2026-04-15 12:50:43"
3188,question_shown,"2026-04-15 12:50:43"
8757,question_shown,"2026-04-15 12:50:43"
3288,question_shown,"2026-04-15 12:50:43"
669,question_shown,"2026-04-15 12:50:43"
1772,question_shown,"2026-04-15 12:50:43"
3366,question_shown,"2026-04-15 12:50:43"
607,question_shown,"2026-04-15 12:50:43"
3924,question_shown,"2026-04-15 12:50:43"
873,question_shown,"2026-04-15 12:50:43"
3908,question_shown,"2026-04-15 12:50:43"
2275,question_shown,"2026-04-15 12:50:43"
605,question_shown,"2026-04-15 12:50:43"
10028,question_shown,"2026-04-15 12:50:43"
737,question_shown,"2026-04-15 12:50:43"
725,question_shown,"2026-04-15 12:50:43"
10607,question_shown,"2026-04-15 12:50:43"
849,question_shown,"2026-04-15 12:50:43"
812,question_shown,"2026-04-15 12:50:43"
633,question_shown,"2026-04-15 12:50:43"
648,question_shown,"2026-04-15 12:50:42"
10028,question_shown,"2026-04-15 12:50:42"
811,question_shown,"2026-04-15 12:50:42"
3246,question_shown,"2026-04-15 12:50:42"
3263,question_shown,"2026-04-15 12:50:42"
3988,question_shown,"2026-04-15 12:50:42"
10818,question_shown,"2026-04-15 12:50:42"
1630,question_shown,"2026-04-15 12:50:42"
10025,question_shown,"2026-04-15 12:50:42"
3612,question_shown,"2026-04-15 12:50:42"
988,question_shown,"2026-04-15 12:50:42"
3399,question_shown,"2026-04-15 12:50:42"
2664,question_shown,"2026-04-15 12:50:42"
1438,question_shown,"2026-04-15 12:50:42"
1324,question_shown,"2026-04-15 12:50:42"
885,question_shown,"2026-04-15 12:50:42"
841,question_shown,"2026-04-15 12:50:42"
650,question_shown,"2026-04-15 12:50:42"
3400,question_shown,"2026-04-15 12:50:42"
826,question_shown,"2026-04-15 12:50:42"
3244,question_shown,"2026-04-15 12:50:42"
10028,question_shown,"2026-04-15 12:50:42"
842,question_shown,"2026-04-15 12:50:42"
835,question_shown,"2026-04-15 12:50:42"
703,question_shown,"2026-04-15 12:50:42"
727,question_shown,"2026-04-15 12:50:41"
720,question_shown,"2026-04-15 12:50:41"
3398,question_shown,"2026-04-15 12:50:41"
10037,question_shown,"2026-04-15 12:50:41"
3446,question_shown,"2026-04-15 12:50:41"
827,question_shown,"2026-04-15 12:50:41"
1707,question_shown,"2026-04-15 12:50:41"
10677,question_shown,"2026-04-15 12:50:41"
2049,question_shown,"2026-04-15 12:50:41"
3901,question_shown,"2026-04-15 12:50:41"
1615,question_shown,"2026-04-15 12:50:41"
3318,question_shown,"2026-04-15 12:50:41"
3365,question_shown,"2026-04-15 12:50:41"
3204,question_shown,"2026-04-15 12:50:41"
3453,question_shown,"2026-04-15 12:50:41"
3467,question_shown,"2026-04-15 12:50:41"
884,question_shown,"2026-04-15 12:50:41"
1443,question_shown,"2026-04-15 12:50:41"
3398,question_shown,"2026-04-15 12:50:41"
848,question_shown,"2026-04-15 12:50:41"
748,question_shown,"2026-04-15 12:50:41"
3400,question_shown,"2026-04-15 12:50:41"
679,question_shown,"2026-04-15 12:50:41"
603,question_shown,"2026-04-15 12:50:41"
717,question_shown,"2026-04-15 12:50:41"
10042,question_shown,"2026-04-15 12:50:41"
3446,question_shown,"2026-04-15 12:50:40"
10035,question_shown,"2026-04-15 12:50:40"
10045,question_shown,"2026-04-15 12:50:40"
754,question_shown,"2026-04-15 12:50:40"
768,question_shown,"2026-04-15 12:50:40"
10001,question_shown,"2026-04-15 12:50:40"
3365,question_shown,"2026-04-15 12:50:40"
3165,question_shown,"2026-04-15 12:50:40"
3589,question_shown,"2026-04-15 12:50:40"
2334,question_shown,"2026-04-15 12:50:40"
1779,question_shown,"2026-04-15 12:50:40"
2044,question_shown,"2026-04-15 12:50:40"
3291,question_shown,"2026-04-15 12:50:40"
721,question_shown,"2026-04-15 12:50:40"
3323,question_shown,"2026-04-15 12:50:40"
1060,question_shown,"2026-04-15 12:50:40"
1402,question_shown,"2026-04-15 12:50:40"
3584,question_shown,"2026-04-15 12:50:40"
597,question_shown,"2026-04-15 12:50:40"
718,question_shown,"2026-04-15 12:50:40"
3399,question_shown,"2026-04-15 12:50:40"
813,question_shown,"2026-04-15 12:50:40"
10071,question_shown,"2026-04-15 12:50:40"
677,question_shown,"2026-04-15 12:50:40"
3446,question_shown,"2026-04-15 12:50:39"
761,question_shown,"2026-04-15 12:50:39"
755,question_shown,"2026-04-15 12:50:39"
781,question_shown,"2026-04-15 12:50:39"
3242,question_shown,"2026-04-15 12:50:39"
885,question_shown,"2026-04-15 12:50:39"
499,question_shown,"2026-04-15 12:50:39"
2584,question_shown,"2026-04-15 12:50:39"
1235,question_shown,"2026-04-15 12:50:39"
814,question_shown,"2026-04-15 12:50:39"
1805,question_shown,"2026-04-15 12:50:39"
3365,question_shown,"2026-04-15 12:50:39"
10030,question_shown,"2026-04-15 12:50:39"
3366,question_shown,"2026-04-15 12:50:39"
1475,question_shown,"2026-04-15 12:50:39"
922,question_shown,"2026-04-15 12:50:39"
3500,question_shown,"2026-04-15 12:50:39"
668,question_shown,"2026-04-15 12:50:39"
10060,question_shown,"2026-04-15 12:50:39"
10028,question_shown,"2026-04-15 12:50:39"
10003,question_shown,"2026-04-15 12:50:39"
846,question_shown,"2026-04-15 12:50:39"
987,question_shown,"2026-04-15 12:50:39"
680,question_shown,"2026-04-15 12:50:38"
747,question_shown,"2026-04-15 12:50:38"
10028,question_shown,"2026-04-15 12:50:38"
801,question_shown,"2026-04-15 12:50:38"
34,question_shown,"2026-04-15 12:50:38"
3365,question_shown,"2026-04-15 12:50:38"
383,question_shown,"2026-04-15 12:50:38"
2664,question_shown,"2026-04-15 12:50:38"
3366,question_shown,"2026-04-15 12:50:38"
775,question_shown,"2026-04-15 12:50:38"
3400,question_shown,"2026-04-15 12:50:38"
1248,question_shown,"2026-04-15 12:50:38"
613,question_shown,"2026-04-15 12:50:38"
3925,question_shown,"2026-04-15 12:50:38"
1319,question_shown,"2026-04-15 12:50:38"
1546,question_shown,"2026-04-15 12:50:38"
3274,question_shown,"2026-04-15 12:50:38"
3565,question_shown,"2026-04-15 12:50:38"
10000,question_shown,"2026-04-15 12:50:38"
3995,question_shown,"2026-04-15 12:50:38"
741,question_shown,"2026-04-15 12:50:38"
10608,question_shown,"2026-04-15 12:50:38"
616,question_shown,"2026-04-15 12:50:38"
723,question_shown,"2026-04-15 12:50:38"
987,question_shown,"2026-04-15 12:50:37"
3398,question_shown,"2026-04-15 12:50:37"
10719,question_shown,"2026-04-15 12:50:37"
682,question_shown,"2026-04-15 12:50:37"
2292,question_shown,"2026-04-15 12:50:37"
425,question_shown,"2026-04-15 12:50:37"
991,question_shown,"2026-04-15 12:50:37"
873,question_shown,"2026-04-15 12:50:37"
10029,question_shown,"2026-04-15 12:50:37"
2027,question_shown,"2026-04-15 12:50:37"
4012,question_shown,"2026-04-15 12:50:37"
808,question_shown,"2026-04-15 12:50:37"
3366,question_shown,"2026-04-15 12:50:37"
1522,question_shown,"2026-04-15 12:50:37"
1353,question_shown,"2026-04-15 12:50:37"
1743,question_shown,"2026-04-15 12:50:37"
3197,question_shown,"2026-04-15 12:50:37"
10046,question_shown,"2026-04-15 12:50:37"
10051,question_shown,"2026-04-15 12:50:37"
716,question_shown,"2026-04-15 12:50:37"
658,question_shown,"2026-04-15 12:50:37"
10011,question_shown,"2026-04-15 12:50:37"
10025,question_shown,"2026-04-15 12:50:37"
772,question_shown,"2026-04-15 12:50:36"
612,question_shown,"2026-04-15 12:50:36"
3365,question_shown,"2026-04-15 12:50:36"
3191,question_shown,"2026-04-15 12:50:36"
10814,question_shown,"2026-04-15 12:50:36"
1763,question_shown,"2026-04-15 12:50:36"
802,question_shown,"2026-04-15 12:50:36"
1110,question_shown,"2026-04-15 12:50:36"
883,question_shown,"2026-04-15 12:50:36"
647,question_shown,"2026-04-15 12:50:36"
2219,question_shown,"2026-04-15 12:50:36"
1438,question_shown,"2026-04-15 12:50:36"
3260,question_shown,"2026-04-15 12:50:36"
2561,question_shown,"2026-04-15 12:50:36"
627,question_shown,"2026-04-15 12:50:36"
763,question_shown,"2026-04-15 12:50:36"
829,question_shown,"2026-04-15 12:50:36"
617,question_shown,"2026-04-15 12:50:36"
10011,question_shown,"2026-04-15 12:50:36"
806,question_shown,"2026-04-15 12:50:36"
644,question_shown,"2026-04-15 12:50:36"
3400,question_shown,"2026-04-15 12:50:36"
629,question_shown,"2026-04-15 12:50:35"
856,question_shown,"2026-04-15 12:50:35"
3400,question_shown,"2026-04-15 12:50:35"
10028,question_shown,"2026-04-15 12:50:35"
1248,question_shown,"2026-04-15 12:50:35"
442,question_shown,"2026-04-15 12:50:35"
2571,question_shown,"2026-04-15 12:50:35"
3278,question_shown,"2026-04-15 12:50:35"
635,question_shown,"2026-04-15 12:50:35"
1498,question_shown,"2026-04-15 12:50:35"
3365,question_shown,"2026-04-15 12:50:35"
767,question_shown,"2026-04-15 12:50:35"
10818,question_shown,"2026-04-15 12:50:35"
2562,question_shown,"2026-04-15 12:50:35"
3271,question_shown,"2026-04-15 12:50:35"
1311,question_shown,"2026-04-15 12:50:35"
3446,question_shown,"2026-04-15 12:50:35"
1489,question_shown,"2026-04-15 12:50:35"
816,question_shown,"2026-04-15 12:50:35"
9841,question_shown,"2026-04-15 12:50:35"
10025,question_shown,"2026-04-15 12:50:35"
592,question_shown,"2026-04-15 12:50:35"
742,question_shown,"2026-04-15 12:50:35"
855,question_shown,"2026-04-15 12:50:35"
3230,question_shown,"2026-04-15 12:50:35"
10699,question_shown,"2026-04-15 12:50:35"
10060,question_shown,"2026-04-15 12:50:34"
665,question_shown,"2026-04-15 12:50:34"
849,question_shown,"2026-04-15 12:50:34"
3398,question_shown,"2026-04-15 12:50:34"
3365,question_shown,"2026-04-15 12:50:34"
441,question_shown,"2026-04-15 12:50:34"
3318,question_shown,"2026-04-15 12:50:34"
1020,question_shown,"2026-04-15 12:50:34"
604,question_shown,"2026-04-15 12:50:34"
3316,question_shown,"2026-04-15 12:50:34"
3366,question_shown,"2026-04-15 12:50:34"
715,question_shown,"2026-04-15 12:50:34"
1498,question_shown,"2026-04-15 12:50:34"
867,question_shown,"2026-04-15 12:50:34"
3458,question_shown,"2026-04-15 12:50:34"
10727,question_shown,"2026-04-15 12:50:34"
10714,question_shown,"2026-04-15 12:50:34"
10049,question_shown,"2026-04-15 12:50:34"
731,question_shown,"2026-04-15 12:50:34"
2659,question_shown,"2026-04-15 12:50:34"
1779,question_shown,"2026-04-15 12:50:34"
10718,question_shown,"2026-04-15 12:50:34"
589,question_shown,"2026-04-15 12:50:34"
676,question_shown,"2026-04-15 12:50:34"
10062,question_shown,"2026-04-15 12:50:33"
824,question_shown,"2026-04-15 12:50:33"
834,question_shown,"2026-04-15 12:50:33"
688,question_shown,"2026-04-15 12:50:33"
10717,question_shown,"2026-04-15 12:50:33"
1388,question_shown,"2026-04-15 12:50:33"
3160,question_shown,"2026-04-15 12:50:33"
1221,question_shown,"2026-04-15 12:50:33"
1651,question_shown,"2026-04-15 12:50:33"
10719,question_shown,"2026-04-15 12:50:33"
3366,question_shown,"2026-04-15 12:50:33"
2275,question_shown,"2026-04-15 12:50:33"
840,question_shown,"2026-04-15 12:50:33"
1703,question_shown,"2026-04-15 12:50:33"
3365,question_shown,"2026-04-15 12:50:33"
2648,question_shown,"2026-04-15 12:50:33"
2209,question_shown,"2026-04-15 12:50:33"
3446,question_shown,"2026-04-15 12:50:33"
805,question_shown,"2026-04-15 12:50:33"
836,question_shown,"2026-04-15 12:50:33"
830,question_shown,"2026-04-15 12:50:33"
10720,question_shown,"2026-04-15 12:50:33"
843,question_shown,"2026-04-15 12:50:33"
602,question_shown,"2026-04-15 12:50:33"
10025,question_shown,"2026-04-15 12:50:33"
655,question_shown,"2026-04-15 12:50:32"
3206,question_shown,"2026-04-15 12:50:32"
1489,question_shown,"2026-04-15 12:50:32"
10025,question_shown,"2026-04-15 12:50:32"
666,question_shown,"2026-04-15 12:50:32"
10038,question_shown,"2026-04-15 12:50:32"
10686,question_shown,"2026-04-15 12:50:32"
3365,question_shown,"2026-04-15 12:50:32"
404,question_shown,"2026-04-15 12:50:32"
3366,question_shown,"2026-04-15 12:50:32"
961,question_shown,"2026-04-15 12:50:32"
598,question_shown,"2026-04-15 12:50:32"
1518,question_shown,"2026-04-15 12:50:32"
3584,question_shown,"2026-04-15 12:50:32"
10054,question_shown,"2026-04-15 12:50:32"
10815,question_shown,"2026-04-15 12:50:32"
921,question_shown,"2026-04-15 12:50:32"
3916,question_shown,"2026-04-15 12:50:32"
1747,question_shown,"2026-04-15 12:50:32"
3221,question_shown,"2026-04-15 12:50:32"
10025,question_shown,"2026-04-15 12:50:32"
759,question_shown,"2026-04-15 12:50:32"
3398,question_shown,"2026-04-15 12:50:32"
812,question_shown,"2026-04-15 12:50:32"
697,question_shown,"2026-04-15 12:50:32"
10715,question_shown,"2026-04-15 12:50:32"
10031,question_shown,"2026-04-15 12:50:31"
10025,question_shown,"2026-04-15 12:50:31"
3446,question_shown,"2026-04-15 12:50:31"
10680,question_shown,"2026-04-15 12:50:31"
624,question_shown,"2026-04-15 12:50:31"
561,question_shown,"2026-04-15 12:50:31"
10039,question_shown,"2026-04-15 12:50:31"
1109,question_shown,"2026-04-15 12:50:31"
675,question_shown,"2026-04-15 12:50:31"
3365,question_shown,"2026-04-15 12:50:31"
499,question_shown,"2026-04-15 12:50:31"
881,question_shown,"2026-04-15 12:50:31"
3366,question_shown,"2026-04-15 12:50:31"
630,question_shown,"2026-04-15 12:50:31"
1656,question_shown,"2026-04-15 12:50:31"
3446,question_shown,"2026-04-15 12:50:31"
3241,question_shown,"2026-04-15 12:50:31"
3323,question_shown,"2026-04-15 12:50:31"
1707,question_shown,"2026-04-15 12:50:31"
2239,question_shown,"2026-04-15 12:50:31"
1529,question_shown,"2026-04-15 12:50:31"
1720,question_shown,"2026-04-15 12:50:31"
662,question_shown,"2026-04-15 12:50:31"
769,question_shown,"2026-04-15 12:50:31"
853,question_shown,"2026-04-15 12:50:31"
743,question_shown,"2026-04-15 12:50:31"
618,question_shown,"2026-04-15 12:50:30"
10047,question_shown,"2026-04-15 12:50:30"
3400,question_shown,"2026-04-15 12:50:30"
10036,question_shown,"2026-04-15 12:50:30"
619,question_shown,"2026-04-15 12:50:30"
3399,question_shown,"2026-04-15 12:50:30"
10049,question_shown,"2026-04-15 12:50:30"
3280,question_shown,"2026-04-15 12:50:30"
483,question_shown,"2026-04-15 12:50:30"
2571,question_shown,"2026-04-15 12:50:30"
1651,question_shown,"2026-04-15 12:50:30"
3206,question_shown,"2026-04-15 12:50:30"
1310,question_shown,"2026-04-15 12:50:30"
3365,question_shown,"2026-04-15 12:50:30"
780,question_shown,"2026-04-15 12:50:30"
1701,question_shown,"2026-04-15 12:50:30"
1510,question_shown,"2026-04-15 12:50:30"
3366,question_shown,"2026-04-15 12:50:30"
3565,question_shown,"2026-04-15 12:50:30"
782,question_shown,"2026-04-15 12:50:30"
610,question_shown,"2026-04-15 12:50:30"
659,question_shown,"2026-04-15 12:50:30"
841,question_shown,"2026-04-15 12:50:29"
10041,question_shown,"2026-04-15 12:50:29"
650,question_shown,"2026-04-15 12:50:29"
713,question_shown,"2026-04-15 12:50:29"
3400,question_shown,"2026-04-15 12:50:29"
844,question_shown,"2026-04-15 12:50:29"
633,question_shown,"2026-04-15 12:50:29"
3446,question_shown,"2026-04-15 12:50:29"
3255,question_shown,"2026-04-15 12:50:29"
531,question_shown,"2026-04-15 12:50:29"
2338,question_shown,"2026-04-15 12:50:29"
3907,question_shown,"2026-04-15 12:50:29"
723,question_shown,"2026-04-15 12:50:29"
1434,question_shown,"2026-04-15 12:50:29"
2510,question_shown,"2026-04-15 12:50:29"
845,question_shown,"2026-04-15 12:50:29"
945,question_shown,"2026-04-15 12:50:29"
1774,question_shown,"2026-04-15 12:50:29"
1181,question_shown,"2026-04-15 12:50:29"
2362,question_shown,"2026-04-15 12:50:29"
850,question_shown,"2026-04-15 12:50:29"
10025,question_shown,"2026-04-15 12:50:29"
603,question_shown,"2026-04-15 12:50:29"
685,question_shown,"2026-04-15 12:50:29"
799,question_shown,"2026-04-15 12:50:29"
10042,question_shown,"2026-04-15 12:50:28"
804,question_shown,"2026-04-15 12:50:28"
704,question_shown,"2026-04-15 12:50:28"
717,question_shown,"2026-04-15 12:50:28"
707,question_shown,"2026-04-15 12:50:28"
803,question_shown,"2026-04-15 12:50:28"
594,question_shown,"2026-04-15 12:50:28"
9841,question_shown,"2026-04-15 12:50:28"
1630,question_shown,"2026-04-15 12:50:28"
309,question_shown,"2026-04-15 12:50:28"
1895,question_shown,"2026-04-15 12:50:28"
3365,question_shown,"2026-04-15 12:50:28"
10040,question_shown,"2026-04-15 12:50:28"
1389,question_shown,"2026-04-15 12:50:28"
3292,question_shown,"2026-04-15 12:50:28"
724,question_shown,"2026-04-15 12:50:28"
3473,question_shown,"2026-04-15 12:50:28"
2371,question_shown,"2026-04-15 12:50:28"
2531,question_shown,"2026-04-15 12:50:28"
3366,question_shown,"2026-04-15 12:50:28"
3446,question_shown,"2026-04-15 12:50:28"
3246,question_shown,"2026-04-15 12:50:28"
605,question_shown,"2026-04-15 12:50:28"
706,question_shown,"2026-04-15 12:50:28"
669,question_shown,"2026-04-15 12:50:27"
616,question_shown,"2026-04-15 12:50:27"
3446,question_shown,"2026-04-15 12:50:27"
10025,question_shown,"2026-04-15 12:50:27"
3399,question_shown,"2026-04-15 12:50:27"
10037,question_shown,"2026-04-15 12:50:27"
3398,question_shown,"2026-04-15 12:50:27"
1319,question_shown,"2026-04-15 12:50:27"
10676,question_shown,"2026-04-15 12:50:27"
1222,question_shown,"2026-04-15 12:50:27"
2227,question_shown,"2026-04-15 12:50:27"
3995,question_shown,"2026-04-15 12:50:27"
1488,question_shown,"2026-04-15 12:50:27"
3365,question_shown,"2026-04-15 12:50:27"
819,question_shown,"2026-04-15 12:50:27"
9151,question_shown,"2026-04-15 12:50:27"
3366,question_shown,"2026-04-15 12:50:27"
2652,question_shown,"2026-04-15 12:50:27"
2393,question_shown,"2026-04-15 12:50:27"
10717,question_shown,"2026-04-15 12:50:27"
698,question_shown,"2026-04-15 12:50:27"
3230,question_shown,"2026-04-15 12:50:27"
10028,question_shown,"2026-04-15 12:50:27"
656,question_shown,"2026-04-15 12:50:26"
737,question_shown,"2026-04-15 12:50:26"
3243,question_shown,"2026-04-15 12:50:26"
710,question_shown,"2026-04-15 12:50:26"
811,question_shown,"2026-04-15 12:50:26"
1443,question_shown,"2026-04-15 12:50:26"
366,question_shown,"2026-04-15 12:50:26"
9791,question_shown,"2026-04-15 12:50:26"
1546,question_shown,"2026-04-15 12:50:26"
10071,question_shown,"2026-04-15 12:50:26"
3924,question_shown,"2026-04-15 12:50:26"
3491,question_shown,"2026-04-15 12:50:26"
10062,question_shown,"2026-04-15 12:50:26"
8757,question_shown,"2026-04-15 12:50:26"
1353,question_shown,"2026-04-15 12:50:26"
867,question_shown,"2026-04-15 12:50:26"
3365,question_shown,"2026-04-15 12:50:26"
667,question_shown,"2026-04-15 12:50:26"
10038,question_shown,"2026-04-15 12:50:26"
677,question_shown,"2026-04-15 12:50:26"
1667,question_shown,"2026-04-15 12:50:26"
10046,question_shown,"2026-04-15 12:50:26"
679,question_shown,"2026-04-15 12:50:25"
2410,question_shown,"2026-04-15 12:50:25"
689,question_shown,"2026-04-15 12:50:25"
705,question_shown,"2026-04-15 12:50:25"
821,question_shown,"2026-04-15 12:50:25"
597,question_shown,"2026-04-15 12:50:25"
3500,question_shown,"2026-04-15 12:50:25"
3162,question_shown,"2026-04-15 12:50:25"
1161,question_shown,"2026-04-15 12:50:25"
9328,question_shown,"2026-04-15 12:50:25"
842,question_shown,"2026-04-15 12:50:25"
926,question_shown,"2026-04-15 12:50:25"
2562,question_shown,"2026-04-15 12:50:25"
10011,question_shown,"2026-04-15 12:50:25"
9151,question_shown,"2026-04-15 12:50:25"
1743,question_shown,"2026-04-15 12:50:25"
1724,question_shown,"2026-04-15 12:50:25"
1475,question_shown,"2026-04-15 12:50:25"
10028,question_shown,"2026-04-15 12:50:25"
10608,question_shown,"2026-04-15 12:50:25"
3204,question_shown,"2026-04-15 12:50:25"
10025,question_shown,"2026-04-15 12:50:25"
714,question_shown,"2026-04-15 12:50:25"
3197,question_shown,"2026-04-15 12:50:25"
3399,question_shown,"2026-04-15 12:50:25"
1372,question_shown,"2026-04-15 12:50:24"
10646,question_shown,"2026-04-15 12:50:24"
721,question_shown,"2026-04-15 12:50:24"
648,question_shown,"2026-04-15 12:50:24"
10011,question_shown,"2026-04-15 12:50:24"
10039,question_shown,"2026-04-15 12:50:24"
3596,question_shown,"2026-04-15 12:50:24"
10703,question_shown,"2026-04-15 12:50:24"
3366,question_shown,"2026-04-15 12:50:24"
3270,question_shown,"2026-04-15 12:50:24"
847,question_shown,"2026-04-15 12:50:24"
2584,question_shown,"2026-04-15 12:50:24"
3365,question_shown,"2026-04-15 12:50:24"
846,question_shown,"2026-04-15 12:50:24"
2082,question_shown,"2026-04-15 12:50:24"
895,question_shown,"2026-04-15 12:50:24"
3255,question_shown,"2026-04-15 12:50:24"
1747,question_shown,"2026-04-15 12:50:24"
725,question_shown,"2026-04-15 12:50:24"
10028,question_shown,"2026-04-15 12:50:24"
10011,question_shown,"2026-04-15 12:50:24"
835,question_shown,"2026-04-15 12:50:24"
653,question_shown,"2026-04-15 12:50:24"
593,question_shown,"2026-04-15 12:50:24"
768,question_shown,"2026-04-15 12:50:23"
775,question_shown,"2026-04-15 12:50:23"
827,question_shown,"2026-04-15 12:50:23"
3446,question_shown,"2026-04-15 12:50:23"
830,question_shown,"2026-04-15 12:50:23"
814,question_shown,"2026-04-15 12:50:23"
1162,question_shown,"2026-04-15 12:50:23"
3180,question_shown,"2026-04-15 12:50:23"
3941,question_shown,"2026-04-15 12:50:23"
3365,question_shown,"2026-04-15 12:50:23"
781,question_shown,"2026-04-15 12:50:23"
3366,question_shown,"2026-04-15 12:50:23"
3277,question_shown,"2026-04-15 12:50:23"
848,question_shown,"2026-04-15 12:50:23"
10817,question_shown,"2026-04-15 12:50:23"
3274,question_shown,"2026-04-15 12:50:23"
1402,question_shown,"2026-04-15 12:50:23"
3398,question_shown,"2026-04-15 12:50:23"
922,question_shown,"2026-04-15 12:50:23"
728,question_shown,"2026-04-15 12:50:23"
10685,question_shown,"2026-04-15 12:50:23"
658,question_shown,"2026-04-15 12:50:23"
813,question_shown,"2026-04-15 12:50:23"
614,question_shown,"2026-04-15 12:50:23"
680,question_shown,"2026-04-15 12:50:22"
718,question_shown,"2026-04-15 12:50:22"
640,question_shown,"2026-04-15 12:50:22"
3221,question_shown,"2026-04-15 12:50:22"
10041,question_shown,"2026-04-15 12:50:22"
716,question_shown,"2026-04-15 12:50:22"
3400,question_shown,"2026-04-15 12:50:22"
3292,question_shown,"2026-04-15 12:50:22"
313,question_shown,"2026-04-15 12:50:22"
1361,question_shown,"2026-04-15 12:50:22"
3259,question_shown,"2026-04-15 12:50:22"
750,question_shown,"2026-04-15 12:50:22"
3580,question_shown,"2026-04-15 12:50:22"
2239,question_shown,"2026-04-15 12:50:22"
10054,question_shown,"2026-04-15 12:50:22"
2624,question_shown,"2026-04-15 12:50:22"
1060,question_shown,"2026-04-15 12:50:22"
3365,question_shown,"2026-04-15 12:50:22"
4012,question_shown,"2026-04-15 12:50:22"
3399,question_shown,"2026-04-15 12:50:22"
607,question_shown,"2026-04-15 12:50:22"
10720,question_shown,"2026-04-15 12:50:22"
801,question_shown,"2026-04-15 12:50:22"
826,question_shown,"2026-04-15 12:50:22"
2072,question_shown,"2026-04-15 12:50:22"
754,question_shown,"2026-04-15 12:50:21"
741,question_shown,"2026-04-15 12:50:21"
10047,question_shown,"2026-04-15 12:50:21"
635,question_shown,"2026-04-15 12:50:21"
10025,question_shown,"2026-04-15 12:50:21"
3400,question_shown,"2026-04-15 12:50:21"
890,question_shown,"2026-04-15 12:50:21"
808,question_shown,"2026-04-15 12:50:21"
10011,question_shown,"2026-04-15 12:50:21"
10607,question_shown,"2026-04-15 12:50:21"
1362,question_shown,"2026-04-15 12:50:21"
3371,question_shown,"2026-04-15 12:50:21"
2091,question_shown,"2026-04-15 12:50:21"
1522,question_shown,"2026-04-15 12:50:21"
612,question_shown,"2026-04-15 12:50:21"
3637,question_shown,"2026-04-15 12:50:21"
3365,question_shown,"2026-04-15 12:50:21"
727,question_shown,"2026-04-15 12:50:21"
1805,question_shown,"2026-04-15 12:50:21"
1235,question_shown,"2026-04-15 12:50:21"
3907,question_shown,"2026-04-15 12:50:21"
3366,question_shown,"2026-04-15 12:50:21"
9997,question_shown,"2026-04-15 12:50:21"
10028,question_shown,"2026-04-15 12:50:21"
690,question_shown,"2026-04-15 12:50:21"
38,question_shown,"2026-04-15 12:50:21"
720,question_shown,"2026-04-15 12:50:21"
767,question_shown,"2026-04-15 12:50:20"
3275,question_shown,"2026-04-15 12:50:20"
10669,question_shown,"2026-04-15 12:50:20"
3924,question_shown,"2026-04-15 12:50:20"
3458,question_shown,"2026-04-15 12:50:20"
10035,question_shown,"2026-04-15 12:50:20"
3453,question_shown,"2026-04-15 12:50:20"
961,question_shown,"2026-04-15 12:50:20"
802,question_shown,"2026-04-15 12:50:20"
2099,question_shown,"2026-04-15 12:50:20"
3365,question_shown,"2026-04-15 12:50:20"
1246,question_shown,"2026-04-15 12:50:20"
1020,question_shown,"2026-04-15 12:50:20"
772,question_shown,"2026-04-15 12:50:20"
10048,question_shown,"2026-04-15 12:50:20"
10816,answer_submitted,"2026-04-15 12:11:48"
2610,answer_submitted,"2026-04-15 12:11:46"
10816,question_prepared,"2026-04-15 12:11:46"
10816,question_shown,"2026-04-15 12:11:46"
2610,question_prepared,"2026-04-15 12:11:43"
2610,question_shown,"2026-04-15 12:11:43"
3941,answer_submitted,"2026-04-15 12:11:42"
858,answer_submitted,"2026-04-15 12:11:38"
3941,question_prepared,"2026-04-15 12:11:38"
3941,question_shown,"2026-04-15 12:11:38"
4015,answer_submitted,"2026-04-15 12:11:35"
858,question_prepared,"2026-04-15 12:11:35"
858,question_shown,"2026-04-15 12:11:35"
3398,answer_submitted,"2026-04-15 12:11:33"
4015,question_prepared,"2026-04-15 12:11:33"
4015,question_shown,"2026-04-15 12:11:33"
3398,question_shown,"2026-04-15 12:11:29"
10028,answer_submitted,"2026-04-15 12:11:28"
3398,question_prepared,"2026-04-15 12:11:28"
2342,item_reported,"2026-04-15 12:11:25"
10028,question_prepared,"2026-04-15 12:11:25"
10028,question_shown,"2026-04-15 12:11:25"
893,answer_submitted,"2026-04-15 12:11:19"
2342,question_prepared,"2026-04-15 12:11:19"
2342,question_shown,"2026-04-15 12:11:19"
3626,answer_submitted,"2026-04-15 12:11:16"
893,question_prepared,"2026-04-15 12:11:16"
893,question_shown,"2026-04-15 12:11:16"
570,answer_submitted,"2026-04-15 12:11:13"
3626,question_prepared,"2026-04-15 12:11:13"
3626,question_shown,"2026-04-15 12:11:13"
10011,answer_submitted,"2026-04-15 12:11:11"
570,question_prepared,"2026-04-15 12:11:11"
570,question_shown,"2026-04-15 12:11:11"
638,answer_submitted,"2026-04-15 12:11:09"
10011,question_prepared,"2026-04-15 12:11:09"
10011,question_shown,"2026-04-15 12:11:09"
638,question_shown,"2026-04-15 12:11:07"
744,answer_submitted,"2026-04-15 12:11:06"
638,question_prepared,"2026-04-15 12:11:06"
608,answer_submitted,"2026-04-15 12:11:04"
744,question_prepared,"2026-04-15 12:11:04"
744,question_shown,"2026-04-15 12:11:04"
933,answer_submitted,"2026-04-15 12:11:00"
608,question_prepared,"2026-04-15 12:11:00"
608,question_shown,"2026-04-15 12:11:00"
3536,item_reported,"2026-04-15 12:10:58"
933,question_prepared,"2026-04-15 12:10:58"
933,question_shown,"2026-04-15 12:10:58"
3200,answer_submitted,"2026-04-15 12:10:47"
3536,question_prepared,"2026-04-15 12:10:47"
3536,question_shown,"2026-04-15 12:10:47"
428,answer_submitted,"2026-04-15 12:10:45"
3200,question_prepared,"2026-04-15 12:10:45"
3200,question_shown,"2026-04-15 12:10:45"
335,answer_submitted,"2026-04-15 12:10:42"
428,question_prepared,"2026-04-15 12:10:42"
428,question_shown,"2026-04-15 12:10:42"
3384,answer_submitted,"2026-04-15 12:10:39"
335,question_prepared,"2026-04-15 12:10:39"
335,question_shown,"2026-04-15 12:10:39"
410,answer_submitted,"2026-04-15 12:10:36"
3384,question_prepared,"2026-04-15 12:10:36"
3384,question_shown,"2026-04-15 12:10:36"
234,answer_submitted,"2026-04-15 12:10:34"
410,question_prepared,"2026-04-15 12:10:34"
410,question_shown,"2026-04-15 12:10:34"
3141,answer_submitted,"2026-04-15 12:10:27"
234,question_prepared,"2026-04-15 12:10:27"
234,question_shown,"2026-04-15 12:10:27"
158,answer_submitted,"2026-04-15 12:10:25"
3141,question_prepared,"2026-04-15 12:10:25"
3141,question_shown,"2026-04-15 12:10:25"
158,question_prepared,"2026-04-15 12:10:20"
158,question_shown,"2026-04-15 12:10:20"
117,answer_submitted,"2026-04-15 12:10:19"
117,question_prepared,"2026-04-15 12:10:16"
117,question_shown,"2026-04-15 12:10:16"
3367,answer_submitted,"2026-04-02 22:57:27"
3279,answer_submitted,"2026-04-02 22:57:24"
3367,question_prepared,"2026-04-02 22:57:24"
3367,question_shown,"2026-04-02 22:57:24"
3359,answer_submitted,"2026-04-02 22:57:21"
3279,question_prepared,"2026-04-02 22:57:21"
3279,question_shown,"2026-04-02 22:57:21"
3993,answer_submitted,"2026-04-02 22:57:17"
3359,question_prepared,"2026-04-02 22:57:17"
3359,question_shown,"2026-04-02 22:57:17"
10684,answer_submitted,"2026-04-02 22:57:10"
3993,question_prepared,"2026-04-02 22:57:10"
3993,question_shown,"2026-04-02 22:57:10"
1209,dont_know_selected,"2026-04-02 22:57:06"
10684,question_prepared,"2026-04-02 22:57:06"
10684,question_shown,"2026-04-02 22:57:06"
3372,answer_submitted,"2026-04-02 22:56:59"
1209,question_prepared,"2026-04-02 22:56:59"
1209,question_shown,"2026-04-02 22:56:59"
3372,question_prepared,"2026-04-02 22:56:57"
3372,question_shown,"2026-04-02 22:56:57"
892,answer_submitted,"2026-04-02 22:56:56"
9944,answer_submitted,"2026-04-02 22:56:50"
892,question_prepared,"2026-04-02 22:56:50"
892,question_shown,"2026-04-02 22:56:50"
2661,answer_submitted,"2026-04-02 22:56:44"
9944,question_prepared,"2026-04-02 22:56:44"
9944,question_shown,"2026-04-02 22:56:44"
2661,question_shown,"2026-04-02 22:56:42"
1062,answer_submitted,"2026-04-02 22:56:41"
2661,question_prepared,"2026-04-02 22:56:41"
1062,question_prepared,"2026-04-02 22:56:39"
1062,question_shown,"2026-04-02 22:56:39"
877,answer_submitted,"2026-04-02 22:56:38"
973,answer_submitted,"2026-04-02 22:56:36"
877,question_prepared,"2026-04-02 22:56:36"
877,question_shown,"2026-04-02 22:56:36"
973,question_shown,"2026-04-02 22:56:34"
2261,answer_submitted,"2026-04-02 22:56:33"
973,question_prepared,"2026-04-02 22:56:33"
876,answer_submitted,"2026-04-02 22:56:29"
2261,question_prepared,"2026-04-02 22:56:29"
2261,question_shown,"2026-04-02 22:56:29"
1321,answer_submitted,"2026-04-02 22:56:24"
876,question_prepared,"2026-04-02 22:56:24"
876,question_shown,"2026-04-02 22:56:24"
962,answer_submitted,"2026-04-02 22:56:20"
1321,question_prepared,"2026-04-02 22:56:20"
1321,question_shown,"2026-04-02 22:56:20"
1470,answer_submitted,"2026-04-02 22:56:18"
962,question_prepared,"2026-04-02 22:56:18"
962,question_shown,"2026-04-02 22:56:18"
3193,answer_submitted,"2026-04-02 22:56:16"
1470,question_prepared,"2026-04-02 22:56:16"
1470,question_shown,"2026-04-02 22:56:16"
208,answer_submitted,"2026-04-02 22:56:13"
3193,question_prepared,"2026-04-02 22:56:13"
3193,question_shown,"2026-04-02 22:56:13"
157,answer_submitted,"2026-04-02 22:56:11"
208,question_prepared,"2026-04-02 22:56:11"
208,question_shown,"2026-04-02 22:56:11"
157,question_shown,"2026-04-02 22:56:05"
162,answer_submitted,"2026-04-02 22:56:04"
157,question_prepared,"2026-04-02 22:56:04"
3364,answer_submitted,"2026-04-02 22:56:02"
162,question_prepared,"2026-04-02 22:56:02"
162,question_shown,"2026-04-02 22:56:02"
119,answer_submitted,"2026-04-02 22:55:08"
3364,question_prepared,"2026-04-02 22:55:08"
3364,question_shown,"2026-04-02 22:55:08"
119,question_prepared,"2026-04-02 22:55:04"
119,question_shown,"2026-04-02 22:55:04"
351,answer_submitted,"2026-04-02 21:34:07"
351,question_prepared,"2026-04-02 21:34:04"
351,question_shown,"2026-04-02 21:34:04"
10013,answer_submitted,"2026-03-30 18:34:54"
3400,answer_submitted,"2026-03-30 18:34:43"
10013,question_prepared,"2026-03-30 18:34:43"
10013,question_shown,"2026-03-30 18:34:43"
3364,answer_submitted,"2026-03-30 18:34:39"
3400,question_prepared,"2026-03-30 18:34:39"
3400,question_shown,"2026-03-30 18:34:39"
10725,answer_submitted,"2026-03-30 18:34:37"
3364,question_prepared,"2026-03-30 18:34:37"
3364,question_shown,"2026-03-30 18:34:37"
70,answer_submitted,"2026-03-30 18:34:35"
10725,question_prepared,"2026-03-30 18:34:35"
10725,question_shown,"2026-03-30 18:34:35"
3283,answer_submitted,"2026-03-30 18:34:32"
70,question_prepared,"2026-03-30 18:34:32"
70,question_shown,"2026-03-30 18:34:32"
107,answer_submitted,"2026-03-30 18:34:28"
3283,question_prepared,"2026-03-30 18:34:28"
3283,question_shown,"2026-03-30 18:34:28"
107,question_shown,"2026-03-30 18:34:26"
97,answer_submitted,"2026-03-30 18:34:25"
107,question_prepared,"2026-03-30 18:34:25"
91,answer_submitted,"2026-03-30 18:34:21"
97,question_prepared,"2026-03-30 18:34:21"
97,question_shown,"2026-03-30 18:34:21"
541,answer_submitted,"2026-03-30 18:34:16"
91,question_prepared,"2026-03-30 18:34:16"
91,question_shown,"2026-03-30 18:34:16"
3228,answer_submitted,"2026-03-30 18:34:14"
541,question_prepared,"2026-03-30 18:34:14"
541,question_shown,"2026-03-30 18:34:14"
3139,answer_submitted,"2026-03-30 18:34:12"
3228,question_prepared,"2026-03-30 18:34:12"
3228,question_shown,"2026-03-30 18:34:12"
9998,answer_submitted,"2026-03-30 18:34:10"
3139,question_prepared,"2026-03-30 18:34:10"
3139,question_shown,"2026-03-30 18:34:10"
60,answer_submitted,"2026-03-30 18:34:08"
9998,question_prepared,"2026-03-30 18:34:08"
9998,question_shown,"2026-03-30 18:34:08"
1537,answer_submitted,"2026-03-30 18:34:06"
60,question_prepared,"2026-03-30 18:34:06"
60,question_shown,"2026-03-30 18:34:06"
241,answer_submitted,"2026-03-30 18:34:03"
1537,question_prepared,"2026-03-30 18:34:03"
1537,question_shown,"2026-03-30 18:34:03"
82,answer_submitted,"2026-03-30 18:33:57"
241,question_prepared,"2026-03-30 18:33:57"
241,question_shown,"2026-03-30 18:33:57"
92,answer_submitted,"2026-03-30 18:33:54"
82,question_prepared,"2026-03-30 18:33:54"
82,question_shown,"2026-03-30 18:33:54"
92,question_shown,"2026-03-30 18:33:52"
198,answer_submitted,"2026-03-30 18:33:51"
92,question_prepared,"2026-03-30 18:33:51"
164,answer_submitted,"2026-03-30 18:33:47"
198,question_prepared,"2026-03-30 18:33:47"
198,question_shown,"2026-03-30 18:33:47"
211,answer_submitted,"2026-03-30 18:33:42"
164,question_prepared,"2026-03-30 18:33:42"
164,question_shown,"2026-03-30 18:33:42"
211,question_shown,"2026-03-30 18:33:37"
268,answer_submitted,"2026-03-30 18:33:36"
211,question_prepared,"2026-03-30 18:33:36"
3129,answer_submitted,"2026-03-30 18:33:34"
268,question_prepared,"2026-03-30 18:33:34"
268,question_shown,"2026-03-30 18:33:34"
99,answer_submitted,"2026-03-30 18:33:31"
3129,question_prepared,"2026-03-30 18:33:31"
3129,question_shown,"2026-03-30 18:33:31"
99,question_prepared,"2026-03-30 18:33:29"
99,question_shown,"2026-03-30 18:33:29"
3273,answer_submitted,"2026-03-28 15:28:15"
3273,question_shown,"2026-03-28 15:28:13"
683,answer_submitted,"2026-03-28 15:28:12"
3273,question_prepared,"2026-03-28 15:28:12"
719,answer_submitted,"2026-03-28 15:28:09"
683,question_prepared,"2026-03-28 15:28:09"
683,question_shown,"2026-03-28 15:28:09"
3283,answer_submitted,"2026-03-28 15:28:06"
719,question_prepared,"2026-03-28 15:28:06"
719,question_shown,"2026-03-28 15:28:06"
1401,answer_submitted,"2026-03-28 15:27:59"
3283,question_prepared,"2026-03-28 15:27:59"
3283,question_shown,"2026-03-28 15:27:59"
1401,question_prepared,"2026-03-28 15:27:57"
1401,question_shown,"2026-03-28 15:27:57"
588,answer_submitted,"2026-03-28 15:27:56"
833,answer_submitted,"2026-03-28 15:27:53"
588,question_prepared,"2026-03-28 15:27:53"
588,question_shown,"2026-03-28 15:27:53"
777,answer_submitted,"2026-03-28 15:27:52"
833,question_prepared,"2026-03-28 15:27:52"
833,question_shown,"2026-03-28 15:27:52"
164,answer_submitted,"2026-03-28 15:27:50"
777,question_prepared,"2026-03-28 15:27:50"
777,question_shown,"2026-03-28 15:27:50"
164,question_prepared,"2026-03-28 15:27:38"
164,question_shown,"2026-03-28 15:27:38"
3220,answer_submitted,"2026-03-28 15:27:37"
444,answer_submitted,"2026-03-28 15:27:33"
3220,question_prepared,"2026-03-28 15:27:33"
3220,question_shown,"2026-03-28 15:27:33"
3368,answer_submitted,"2026-03-28 15:27:30"
444,question_prepared,"2026-03-28 15:27:30"
444,question_shown,"2026-03-28 15:27:30"
751,answer_submitted,"2026-03-28 15:27:26"
3368,question_prepared,"2026-03-28 15:27:26"
3368,question_shown,"2026-03-28 15:27:26"
751,question_prepared,"2026-03-28 15:27:24"
751,question_shown,"2026-03-28 15:27:24"
757,answer_submitted,"2026-03-28 15:27:23"
757,question_shown,"2026-03-28 15:27:22"
785,answer_submitted,"2026-03-28 15:27:21"
757,question_prepared,"2026-03-28 15:27:21"
785,question_shown,"2026-03-28 15:27:19"
3362,answer_submitted,"2026-03-28 15:27:18"
785,question_prepared,"2026-03-28 15:27:18"
756,answer_submitted,"2026-03-28 15:27:15"
3362,question_prepared,"2026-03-28 15:27:15"
3362,question_shown,"2026-03-28 15:27:15"
756,question_shown,"2026-03-28 15:27:11"
622,answer_submitted,"2026-03-28 15:27:10"
756,question_prepared,"2026-03-28 15:27:10"
622,question_prepared,"2026-03-28 15:27:08"
622,question_shown,"2026-03-28 15:27:08"
211,answer_submitted,"2026-03-28 15:27:07"
408,answer_submitted,"2026-03-28 15:27:04"
211,question_prepared,"2026-03-28 15:27:04"
211,question_shown,"2026-03-28 15:27:04"
408,question_prepared,"2026-03-28 15:27:02"
408,question_shown,"2026-03-28 15:27:02"
3353,answer_submitted,"2026-03-28 15:27:01"
3375,answer_submitted,"2026-03-28 15:26:58"
3353,question_prepared,"2026-03-28 15:26:58"
3353,question_shown,"2026-03-28 15:26:58"
10656,answer_submitted,"2026-03-28 15:26:56"
3375,question_prepared,"2026-03-28 15:26:56"
3375,question_shown,"2026-03-28 15:26:56"
3141,answer_submitted,"2026-03-28 15:26:54"
10656,question_prepared,"2026-03-28 15:26:54"
10656,question_shown,"2026-03-28 15:26:54"
3141,question_prepared,"2026-03-28 15:26:51"
3141,question_shown,"2026-03-28 15:26:51"
3367,answer_submitted,"2026-03-28 12:03:42"
3367,question_shown,"2026-03-28 12:03:40"
86,answer_submitted,"2026-03-28 12:03:39"
3367,question_prepared,"2026-03-28 12:03:39"
86,question_shown,"2026-03-28 12:03:38"
108,answer_submitted,"2026-03-28 12:03:37"
86,question_prepared,"2026-03-28 12:03:37"
92,answer_submitted,"2026-03-28 12:03:35"
108,question_prepared,"2026-03-28 12:03:35"
108,question_shown,"2026-03-28 12:03:35"
78,answer_submitted,"2026-03-28 12:03:33"
92,question_prepared,"2026-03-28 12:03:33"
92,question_shown,"2026-03-28 12:03:33"
84,answer_submitted,"2026-03-28 12:03:29"
78,question_prepared,"2026-03-28 12:03:29"
78,question_shown,"2026-03-28 12:03:29"
69,answer_submitted,"2026-03-28 12:03:26"
84,question_prepared,"2026-03-28 12:03:26"
84,question_shown,"2026-03-28 12:03:26"
105,answer_submitted,"2026-03-28 12:03:24"
69,question_prepared,"2026-03-28 12:03:24"
69,question_shown,"2026-03-28 12:03:24"
85,answer_submitted,"2026-03-28 12:03:21"
105,question_prepared,"2026-03-28 12:03:21"
105,question_shown,"2026-03-28 12:03:21"
3142,answer_submitted,"2026-03-28 12:03:19"
85,question_prepared,"2026-03-28 12:03:19"
85,question_shown,"2026-03-28 12:03:19"
99,answer_submitted,"2026-03-28 12:03:17"
3142,question_prepared,"2026-03-28 12:03:17"
3142,question_shown,"2026-03-28 12:03:17"
3362,answer_submitted,"2026-03-28 12:03:15"
99,question_prepared,"2026-03-28 12:03:15"
99,question_shown,"2026-03-28 12:03:15"
3362,question_prepared,"2026-03-28 12:03:12"
3362,question_shown,"2026-03-28 12:03:12"
3158,answer_submitted,"2026-03-28 12:03:11"
109,answer_submitted,"2026-03-28 12:03:09"
3158,question_prepared,"2026-03-28 12:03:09"
3158,question_shown,"2026-03-28 12:03:09"
281,answer_submitted,"2026-03-28 12:03:07"
109,question_prepared,"2026-03-28 12:03:07"
109,question_shown,"2026-03-28 12:03:07"
3372,answer_submitted,"2026-03-28 12:03:02"
281,question_prepared,"2026-03-28 12:03:02"
281,question_shown,"2026-03-28 12:03:02"
3138,answer_submitted,"2026-03-28 12:02:59"
3372,question_prepared,"2026-03-28 12:02:59"
3372,question_shown,"2026-03-28 12:02:59"
3138,question_prepared,"2026-03-28 12:02:57"
3138,question_shown,"2026-03-28 12:02:57"
3143,answer_submitted,"2026-03-28 12:02:56"
61,answer_submitted,"2026-03-28 12:02:54"
3143,question_prepared,"2026-03-28 12:02:54"
3143,question_shown,"2026-03-28 12:02:54"
107,answer_submitted,"2026-03-28 12:02:51"
61,question_prepared,"2026-03-28 12:02:51"
61,question_shown,"2026-03-28 12:02:51"
107,question_prepared,"2026-03-28 12:02:49"
107,question_shown,"2026-03-28 12:02:49"
173,answer_submitted,"2026-03-28 12:02:48"
198,answer_submitted,"2026-03-28 12:02:46"
173,question_prepared,"2026-03-28 12:02:46"
173,question_shown,"2026-03-28 12:02:46"
198,question_shown,"2026-03-28 12:02:44"
3383,answer_submitted,"2026-03-28 12:02:43"
198,question_prepared,"2026-03-28 12:02:43"
100,answer_submitted,"2026-03-28 12:02:40"
3383,question_prepared,"2026-03-28 12:02:40"
3383,question_shown,"2026-03-28 12:02:40"
100,question_prepared,"2026-03-28 12:02:38"
100,question_shown,"2026-03-28 12:02:38"
241,answer_submitted,"2026-03-27 16:32:13"
102,answer_submitted,"2026-03-27 16:32:07"
241,question_prepared,"2026-03-27 16:32:07"
241,question_shown,"2026-03-27 16:32:07"
41,answer_submitted,"2026-03-27 16:32:03"
102,question_prepared,"2026-03-27 16:32:03"
102,question_shown,"2026-03-27 16:32:03"
3153,answer_submitted,"2026-03-27 16:32:00"
41,question_prepared,"2026-03-27 16:32:00"
41,question_shown,"2026-03-27 16:32:00"
70,answer_submitted,"2026-03-27 16:31:57"
3153,question_prepared,"2026-03-27 16:31:57"
3153,question_shown,"2026-03-27 16:31:57"
131,answer_submitted,"2026-03-27 16:31:54"
70,question_prepared,"2026-03-27 16:31:54"
70,question_shown,"2026-03-27 16:31:54"
68,answer_submitted,"2026-03-27 16:31:47"
131,question_prepared,"2026-03-27 16:31:47"
131,question_shown,"2026-03-27 16:31:47"
3142,answer_submitted,"2026-03-27 16:31:43"
68,question_prepared,"2026-03-27 16:31:43"
68,question_shown,"2026-03-27 16:31:43"
3363,answer_submitted,"2026-03-27 16:31:40"
3142,question_prepared,"2026-03-27 16:31:40"
3142,question_shown,"2026-03-27 16:31:40"
3393,answer_submitted,"2026-03-27 16:31:33"
3363,question_prepared,"2026-03-27 16:31:33"
3363,question_shown,"2026-03-27 16:31:33"
61,answer_submitted,"2026-03-27 16:31:30"
3393,question_prepared,"2026-03-27 16:31:30"
3393,question_shown,"2026-03-27 16:31:30"
84,answer_submitted,"2026-03-27 16:31:29"
61,question_prepared,"2026-03-27 16:31:29"
61,question_shown,"2026-03-27 16:31:29"
3152,answer_submitted,"2026-03-27 16:31:26"
84,question_prepared,"2026-03-27 16:31:26"
84,question_shown,"2026-03-27 16:31:26"
188,answer_submitted,"2026-03-27 16:31:23"
3152,question_prepared,"2026-03-27 16:31:23"
3152,question_shown,"2026-03-27 16:31:23"
3127,answer_submitted,"2026-03-27 16:31:21"
188,question_prepared,"2026-03-27 16:31:21"
188,question_shown,"2026-03-27 16:31:21"
113,answer_submitted,"2026-03-27 16:31:17"
3127,question_prepared,"2026-03-27 16:31:17"
3127,question_shown,"2026-03-27 16:31:17"
3375,answer_submitted,"2026-03-27 16:31:14"
113,question_prepared,"2026-03-27 16:31:14"
113,question_shown,"2026-03-27 16:31:14"
3383,answer_submitted,"2026-03-27 16:31:11"
3375,question_prepared,"2026-03-27 16:31:11"
3375,question_shown,"2026-03-27 16:31:11"
109,answer_submitted,"2026-03-27 16:31:08"
3383,question_prepared,"2026-03-27 16:31:08"
3383,question_shown,"2026-03-27 16:31:08"
99,answer_submitted,"2026-03-27 16:31:05"
109,question_prepared,"2026-03-27 16:31:05"
109,question_shown,"2026-03-27 16:31:05"
97,answer_submitted,"2026-03-27 16:31:03"
99,question_prepared,"2026-03-27 16:31:03"
99,question_shown,"2026-03-27 16:31:03"
66,answer_submitted,"2026-03-27 16:31:01"
97,question_prepared,"2026-03-27 16:31:01"
97,question_shown,"2026-03-27 16:31:01"
75,answer_submitted,"2026-03-27 16:30:58"
66,question_prepared,"2026-03-27 16:30:58"
66,question_shown,"2026-03-27 16:30:58"
77,answer_submitted,"2026-03-27 16:30:56"
75,question_prepared,"2026-03-27 16:30:56"
75,question_shown,"2026-03-27 16:30:56"
77,question_prepared,"2026-03-27 16:30:50"
77,question_shown,"2026-03-27 16:30:50"
3145,answer_submitted,"2026-03-27 14:41:10"
52,answer_submitted,"2026-03-27 14:41:08"
3145,question_prepared,"2026-03-27 14:41:08"
3145,question_shown,"2026-03-27 14:41:08"
60,answer_submitted,"2026-03-27 14:41:05"
52,question_prepared,"2026-03-27 14:41:05"
52,question_shown,"2026-03-27 14:41:05"
3364,answer_submitted,"2026-03-27 14:41:03"
60,question_prepared,"2026-03-27 14:41:03"
60,question_shown,"2026-03-27 14:41:03"
62,answer_submitted,"2026-03-27 14:41:01"
3364,question_prepared,"2026-03-27 14:41:01"
3364,question_shown,"2026-03-27 14:41:01"
82,answer_submitted,"2026-03-27 14:40:59"
62,question_prepared,"2026-03-27 14:40:59"
62,question_shown,"2026-03-27 14:40:59"
97,answer_submitted,"2026-03-27 14:40:56"
82,question_prepared,"2026-03-27 14:40:56"
82,question_shown,"2026-03-27 14:40:56"
3385,answer_submitted,"2026-03-27 14:40:54"
97,question_prepared,"2026-03-27 14:40:54"
97,question_shown,"2026-03-27 14:40:54"
10013,answer_submitted,"2026-03-27 14:40:51"
3385,question_prepared,"2026-03-27 14:40:51"
3385,question_shown,"2026-03-27 14:40:51"
91,answer_submitted,"2026-03-27 14:40:44"
10013,question_prepared,"2026-03-27 14:40:44"
10013,question_shown,"2026-03-27 14:40:44"
108,answer_submitted,"2026-03-27 14:40:42"
91,question_prepared,"2026-03-27 14:40:42"
91,question_shown,"2026-03-27 14:40:42"
96,answer_submitted,"2026-03-27 14:40:40"
108,question_prepared,"2026-03-27 14:40:40"
108,question_shown,"2026-03-27 14:40:40"
10010,answer_submitted,"2026-03-27 14:40:36"
96,question_prepared,"2026-03-27 14:40:36"
96,question_shown,"2026-03-27 14:40:36"
84,answer_submitted,"2026-03-27 14:40:33"
10010,question_prepared,"2026-03-27 14:40:33"
10010,question_shown,"2026-03-27 14:40:33"
84,question_shown,"2026-03-27 14:40:31"
102,answer_submitted,"2026-03-27 14:40:30"
84,question_prepared,"2026-03-27 14:40:30"
102,question_prepared,"2026-03-27 14:40:28"
102,question_shown,"2026-03-27 14:40:28"
68,answer_submitted,"2026-03-27 14:40:27"
78,answer_submitted,"2026-03-27 14:40:25"
68,question_prepared,"2026-03-27 14:40:25"
68,question_shown,"2026-03-27 14:40:25"
3136,answer_submitted,"2026-03-27 14:40:21"
78,question_prepared,"2026-03-27 14:40:21"
78,question_shown,"2026-03-27 14:40:21"
3137,answer_submitted,"2026-03-27 14:40:19"
3136,question_prepared,"2026-03-27 14:40:19"
3136,question_shown,"2026-03-27 14:40:19"
100,answer_submitted,"2026-03-27 14:40:17"
3137,question_prepared,"2026-03-27 14:40:17"
3137,question_shown,"2026-03-27 14:40:17"
131,answer_submitted,"2026-03-27 14:40:16"
100,question_prepared,"2026-03-27 14:40:16"
100,question_shown,"2026-03-27 14:40:16"
187,answer_submitted,"2026-03-27 14:40:13"
131,question_prepared,"2026-03-27 14:40:13"
131,question_shown,"2026-03-27 14:40:13"
59,answer_submitted,"2026-03-27 14:40:11"
187,question_prepared,"2026-03-27 14:40:11"
187,question_shown,"2026-03-27 14:40:11"
3161,answer_submitted,"2026-03-27 14:40:09"
59,question_prepared,"2026-03-27 14:40:09"
59,question_shown,"2026-03-27 14:40:09"
3161,question_prepared,"2026-03-27 14:40:06"
3161,question_shown,"2026-03-27 14:40:06"
3371,answer_submitted,"2026-03-19 22:18:11"
68,answer_submitted,"2026-03-19 22:18:08"
3371,question_prepared,"2026-03-19 22:18:08"
3371,question_shown,"2026-03-19 22:18:08"
591,answer_submitted,"2026-03-19 22:18:06"
68,question_prepared,"2026-03-19 22:18:06"
68,question_shown,"2026-03-19 22:18:06"
3161,answer_submitted,"2026-03-19 22:18:02"
591,question_prepared,"2026-03-19 22:18:02"
591,question_shown,"2026-03-19 22:18:02"
66,answer_submitted,"2026-03-19 22:17:59"
3161,question_prepared,"2026-03-19 22:17:59"
3161,question_shown,"2026-03-19 22:17:59"
66,question_prepared,"2026-03-19 22:17:55"
66,question_shown,"2026-03-19 22:17:55"
2218,answer_submitted,"2026-03-19 22:17:54"
4005,answer_submitted,"2026-03-19 22:17:51"
2218,question_prepared,"2026-03-19 22:17:51"
2218,question_shown,"2026-03-19 22:17:51"
4005,question_shown,"2026-03-19 22:17:49"
3399,answer_submitted,"2026-03-19 22:17:48"
4005,question_prepared,"2026-03-19 22:17:48"
272,answer_submitted,"2026-03-19 22:17:46"
3399,question_prepared,"2026-03-19 22:17:46"
3399,question_shown,"2026-03-19 22:17:46"
2066,answer_submitted,"2026-03-19 22:17:42"
272,question_prepared,"2026-03-19 22:17:42"
272,question_shown,"2026-03-19 22:17:42"
61,answer_submitted,"2026-03-19 22:17:40"
2066,question_prepared,"2026-03-19 22:17:40"
2066,question_shown,"2026-03-19 22:17:40"
4004,answer_submitted,"2026-03-19 22:17:37"
61,question_prepared,"2026-03-19 22:17:37"
61,question_shown,"2026-03-19 22:17:37"
52,answer_submitted,"2026-03-19 22:17:34"
4004,question_prepared,"2026-03-19 22:17:34"
4004,question_shown,"2026-03-19 22:17:34"
268,answer_submitted,"2026-03-19 22:17:31"
52,question_prepared,"2026-03-19 22:17:31"
52,question_shown,"2026-03-19 22:17:31"
3127,answer_submitted,"2026-03-19 22:17:28"
268,question_prepared,"2026-03-19 22:17:28"
268,question_shown,"2026-03-19 22:17:28"
3366,answer_submitted,"2026-03-19 22:17:26"
3127,question_prepared,"2026-03-19 22:17:26"
3127,question_shown,"2026-03-19 22:17:26"
3366,question_shown,"2026-03-19 22:17:24"
3615,answer_submitted,"2026-03-19 22:17:23"
3366,question_prepared,"2026-03-19 22:17:23"
541,answer_submitted,"2026-03-19 22:17:17"
3615,question_prepared,"2026-03-19 22:17:17"
3615,question_shown,"2026-03-19 22:17:17"
3159,answer_submitted,"2026-03-19 22:17:14"
541,question_prepared,"2026-03-19 22:17:14"
541,question_shown,"2026-03-19 22:17:14"
1758,answer_submitted,"2026-03-19 22:17:11"
3159,question_prepared,"2026-03-19 22:17:11"
3159,question_shown,"2026-03-19 22:17:11"
60,answer_submitted,"2026-03-19 22:17:08"
1758,question_prepared,"2026-03-19 22:17:08"
1758,question_shown,"2026-03-19 22:17:08"
3509,item_reported,"2026-03-19 22:17:06"
60,question_prepared,"2026-03-19 22:17:06"
60,question_shown,"2026-03-19 22:17:06"
3398,answer_submitted,"2026-03-19 22:16:53"
3509,question_prepared,"2026-03-19 22:16:53"
3509,question_shown,"2026-03-19 22:16:53"
3158,answer_submitted,"2026-03-19 22:16:50"
3398,question_prepared,"2026-03-19 22:16:50"
3398,question_shown,"2026-03-19 22:16:50"
59,answer_submitted,"2026-03-19 22:16:47"
3158,question_prepared,"2026-03-19 22:16:47"
3158,question_shown,"2026-03-19 22:16:47"
59,question_prepared,"2026-03-19 22:16:45"
59,question_shown,"2026-03-19 22:16:45"
116,answer_submitted,"2026-03-19 22:13:01"
588,answer_submitted,"2026-03-19 22:13:00"
116,question_prepared,"2026-03-19 22:13:00"
116,question_shown,"2026-03-19 22:13:00"
3189,answer_submitted,"2026-03-19 22:12:59"
588,question_prepared,"2026-03-19 22:12:59"
588,question_shown,"2026-03-19 22:12:59"
114,answer_submitted,"2026-03-19 22:12:57"
3189,question_prepared,"2026-03-19 22:12:57"
3189,question_shown,"2026-03-19 22:12:57"
3291,answer_submitted,"2026-03-19 22:12:56"
114,question_prepared,"2026-03-19 22:12:56"
114,question_shown,"2026-03-19 22:12:56"
584,answer_submitted,"2026-03-19 22:12:55"
3291,question_prepared,"2026-03-19 22:12:55"
3291,question_shown,"2026-03-19 22:12:55"
3288,question_shown,"2026-03-19 22:12:53"
3288,answer_submitted,"2026-03-19 22:12:53"
584,question_prepared,"2026-03-19 22:12:53"
584,question_shown,"2026-03-19 22:12:53"
113,answer_submitted,"2026-03-19 22:12:52"
326,question_prepared,"2026-03-19 22:12:52"
326,question_shown,"2026-03-19 22:12:52"
326,answer_submitted,"2026-03-19 22:12:52"
3288,question_prepared,"2026-03-19 22:12:52"
3239,answer_submitted,"2026-03-19 22:12:50"
113,question_prepared,"2026-03-19 22:12:50"
113,question_shown,"2026-03-19 22:12:50"
325,answer_submitted,"2026-03-19 22:12:49"
3239,question_prepared,"2026-03-19 22:12:49"
3239,question_shown,"2026-03-19 22:12:49"
3287,answer_submitted,"2026-03-19 22:12:48"
325,question_prepared,"2026-03-19 22:12:48"
325,question_shown,"2026-03-19 22:12:48"
112,answer_submitted,"2026-03-19 22:12:47"
3287,question_prepared,"2026-03-19 22:12:47"
3287,question_shown,"2026-03-19 22:12:47"
3238,answer_submitted,"2026-03-19 22:12:46"
112,question_prepared,"2026-03-19 22:12:46"
112,question_shown,"2026-03-19 22:12:46"
324,question_prepared,"2026-03-19 22:12:44"
324,question_shown,"2026-03-19 22:12:44"
324,answer_submitted,"2026-03-19 22:12:44"
3238,question_prepared,"2026-03-19 22:12:44"
3238,question_shown,"2026-03-19 22:12:44"
109,question_prepared,"2026-03-19 22:12:43"
109,question_shown,"2026-03-19 22:12:43"
109,answer_submitted,"2026-03-19 22:12:43"
579,answer_submitted,"2026-03-19 22:12:42"
3286,question_prepared,"2026-03-19 22:12:42"
3286,question_shown,"2026-03-19 22:12:42"
3286,answer_submitted,"2026-03-19 22:12:42"
3188,answer_submitted,"2026-03-19 22:12:41"
579,question_prepared,"2026-03-19 22:12:41"
579,question_shown,"2026-03-19 22:12:41"
108,question_prepared,"2026-03-19 22:12:38"
108,question_shown,"2026-03-19 22:12:38"
108,answer_submitted,"2026-03-19 22:12:38"
3188,question_prepared,"2026-03-19 22:12:38"
3188,question_shown,"2026-03-19 22:12:38"
577,answer_submitted,"2026-03-19 22:12:37"
3283,question_prepared,"2026-03-19 22:12:37"
3283,question_shown,"2026-03-19 22:12:37"
3283,answer_submitted,"2026-03-19 22:12:37"
3185,answer_submitted,"2026-03-19 22:12:36"
577,question_prepared,"2026-03-19 22:12:36"
577,question_shown,"2026-03-19 22:12:36"
107,question_prepared,"2026-03-19 22:12:35"
107,question_shown,"2026-03-19 22:12:35"
107,answer_submitted,"2026-03-19 22:12:35"
3185,question_prepared,"2026-03-19 22:12:35"
3185,question_shown,"2026-03-19 22:12:35"
323,answer_submitted,"2026-03-19 22:12:31"
106,answer_submitted,"2026-03-19 22:12:30"
323,question_prepared,"2026-03-19 22:12:30"
323,question_shown,"2026-03-19 22:12:30"
3282,answer_submitted,"2026-03-19 22:12:28"
106,question_prepared,"2026-03-19 22:12:28"
106,question_shown,"2026-03-19 22:12:28"
576,question_shown,"2026-03-19 22:12:27"
576,answer_submitted,"2026-03-19 22:12:27"
3282,question_prepared,"2026-03-19 22:12:27"
3282,question_shown,"2026-03-19 22:12:27"
102,answer_submitted,"2026-03-19 22:12:26"
3184,question_prepared,"2026-03-19 22:12:26"
3184,question_shown,"2026-03-19 22:12:26"
3184,answer_submitted,"2026-03-19 22:12:26"
576,question_prepared,"2026-03-19 22:12:26"
3279,answer_submitted,"2026-03-19 22:12:25"
102,question_prepared,"2026-03-19 22:12:25"
102,question_shown,"2026-03-19 22:12:25"
574,question_shown,"2026-03-19 22:12:23"
574,answer_submitted,"2026-03-19 22:12:23"
3279,question_prepared,"2026-03-19 22:12:23"
3279,question_shown,"2026-03-19 22:12:23"
3278,answer_submitted,"2026-03-19 22:12:22"
322,question_prepared,"2026-03-19 22:12:22"
322,question_shown,"2026-03-19 22:12:22"
322,answer_submitted,"2026-03-19 22:12:22"
574,question_prepared,"2026-03-19 22:12:22"
100,answer_submitted,"2026-03-19 22:12:21"
3278,question_prepared,"2026-03-19 22:12:21"
3278,question_shown,"2026-03-19 22:12:21"
100,question_prepared,"2026-03-19 22:12:20"
100,question_shown,"2026-03-19 22:12:20"
3345,answer_submitted,"2026-03-19 22:12:19"
571,answer_submitted,"2026-03-19 22:12:16"
3345,question_prepared,"2026-03-19 22:12:16"
3345,question_shown,"2026-03-19 22:12:16"
3276,answer_submitted,"2026-03-19 22:12:14"
571,question_prepared,"2026-03-19 22:12:14"
571,question_shown,"2026-03-19 22:12:14"
321,answer_submitted,"2026-03-19 22:12:07"
3276,question_prepared,"2026-03-19 22:12:07"
3276,question_shown,"2026-03-19 22:12:07"
321,question_shown,"2026-03-19 22:12:06"
99,answer_submitted,"2026-03-19 22:12:05"
321,question_prepared,"2026-03-19 22:12:05"
3234,answer_submitted,"2026-03-19 22:12:03"
99,question_prepared,"2026-03-19 22:12:03"
99,question_shown,"2026-03-19 22:12:03"
319,answer_submitted,"2026-03-19 22:12:00"
3234,question_prepared,"2026-03-19 22:12:00"
3234,question_shown,"2026-03-19 22:12:00"
3947,dont_know_selected,"2026-03-19 22:11:57"
319,question_prepared,"2026-03-19 22:11:57"
319,question_shown,"2026-03-19 22:11:57"
97,answer_submitted,"2026-03-19 22:11:51"
3947,question_prepared,"2026-03-19 22:11:51"
3947,question_shown,"2026-03-19 22:11:51"
3273,answer_submitted,"2026-03-19 22:11:49"
97,question_prepared,"2026-03-19 22:11:49"
97,question_shown,"2026-03-19 22:11:49"
3273,question_shown,"2026-03-19 22:11:47"
570,answer_submitted,"2026-03-19 22:11:46"
3273,question_prepared,"2026-03-19 22:11:46"
9944,answer_submitted,"2026-03-19 22:11:44"
570,question_prepared,"2026-03-19 22:11:44"
570,question_shown,"2026-03-19 22:11:44"
96,answer_submitted,"2026-03-19 22:11:37"
9944,question_prepared,"2026-03-19 22:11:37"
9944,question_shown,"2026-03-19 22:11:37"
96,question_prepared,"2026-03-19 22:11:33"
96,question_shown,"2026-03-19 22:11:33"
1364,answer_submitted,"2026-03-19 19:52:55"
1364,question_prepared,"2026-03-19 19:52:53"
1364,question_shown,"2026-03-19 19:52:53"
569,answer_submitted,"2026-03-19 19:52:52"
3182,answer_submitted,"2026-03-19 19:52:50"
569,question_prepared,"2026-03-19 19:52:50"
569,question_shown,"2026-03-19 19:52:50"
94,answer_submitted,"2026-03-19 19:52:47"
3182,question_prepared,"2026-03-19 19:52:47"
3182,question_shown,"2026-03-19 19:52:47"
3339,answer_submitted,"2026-03-19 19:52:45"
94,question_prepared,"2026-03-19 19:52:45"
94,question_shown,"2026-03-19 19:52:45"
1305,answer_submitted,"2026-03-19 19:52:42"
3339,question_prepared,"2026-03-19 19:52:42"
3339,question_shown,"2026-03-19 19:52:42"
3233,answer_submitted,"2026-03-19 19:52:37"
1305,question_prepared,"2026-03-19 19:52:37"
1305,question_shown,"2026-03-19 19:52:37"
315,answer_submitted,"2026-03-19 19:52:34"
3233,question_prepared,"2026-03-19 19:52:34"
3233,question_shown,"2026-03-19 19:52:34"
93,answer_submitted,"2026-03-19 19:52:23"
315,question_prepared,"2026-03-19 19:52:23"
315,question_shown,"2026-03-19 19:52:23"
3941,answer_submitted,"2026-03-19 19:52:20"
93,question_prepared,"2026-03-19 19:52:20"
93,question_shown,"2026-03-19 19:52:20"
1034,answer_submitted,"2026-03-19 19:51:57"
3941,question_prepared,"2026-03-19 19:51:57"
3941,question_shown,"2026-03-19 19:51:57"
3232,answer_submitted,"2026-03-19 19:51:54"
1034,question_prepared,"2026-03-19 19:51:54"
1034,question_shown,"2026-03-19 19:51:54"
314,answer_submitted,"2026-03-19 19:51:52"
3232,question_prepared,"2026-03-19 19:51:52"
3232,question_shown,"2026-03-19 19:51:52"
314,question_prepared,"2026-03-19 19:51:46"
314,question_shown,"2026-03-19 19:51:46"
3152,answer_submitted,"2026-03-19 19:51:45"
1891,answer_submitted,"2026-03-19 19:51:43"
3152,question_prepared,"2026-03-19 19:51:43"
3152,question_shown,"2026-03-19 19:51:43"
2662,answer_submitted,"2026-03-19 19:51:40"
1891,question_prepared,"2026-03-19 19:51:40"
1891,question_shown,"2026-03-19 19:51:40"
3231,answer_submitted,"2026-03-19 19:51:38"
2662,question_prepared,"2026-03-19 19:51:38"
2662,question_shown,"2026-03-19 19:51:38"
310,answer_submitted,"2026-03-19 19:51:35"
3231,question_prepared,"2026-03-19 19:51:35"
3231,question_shown,"2026-03-19 19:51:35"
310,question_prepared,"2026-03-19 19:51:32"
310,question_shown,"2026-03-19 19:51:32"
3148,answer_submitted,"2026-03-19 19:51:31"
1717,answer_submitted,"2026-03-19 19:51:29"
3148,question_prepared,"2026-03-19 19:51:29"
3148,question_shown,"2026-03-19 19:51:29"
3272,answer_submitted,"2026-03-19 19:51:26"
1717,question_prepared,"2026-03-19 19:51:26"
1717,question_shown,"2026-03-19 19:51:26"
567,answer_submitted,"2026-03-19 19:51:21"
3272,question_prepared,"2026-03-19 19:51:21"
3272,question_shown,"2026-03-19 19:51:21"
567,question_shown,"2026-03-19 19:51:19"
3181,answer_submitted,"2026-03-19 19:51:18"
567,question_prepared,"2026-03-19 19:51:18"
92,answer_submitted,"2026-03-19 19:51:15"
3181,question_prepared,"2026-03-19 19:51:15"
3181,question_shown,"2026-03-19 19:51:15"
92,question_prepared,"2026-03-19 19:51:12"
92,question_shown,"2026-03-19 19:51:12"
2551,answer_submitted,"2026-03-19 19:51:07"
566,answer_submitted,"2026-03-19 19:51:05"
2551,question_prepared,"2026-03-19 19:51:05"
2551,question_shown,"2026-03-19 19:51:05"
566,question_shown,"2026-03-19 19:51:02"
3179,answer_submitted,"2026-03-19 19:51:01"
566,question_prepared,"2026-03-19 19:51:01"
91,answer_submitted,"2026-03-19 19:50:59"
3179,question_prepared,"2026-03-19 19:50:59"
3179,question_shown,"2026-03-19 19:50:59"
91,question_shown,"2026-03-19 19:50:57"
3940,answer_submitted,"2026-03-19 19:50:56"
91,question_prepared,"2026-03-19 19:50:56"
2413,answer_submitted,"2026-03-19 19:50:53"
3940,question_prepared,"2026-03-19 19:50:53"
3940,question_shown,"2026-03-19 19:50:53"
2413,question_prepared,"2026-03-19 19:50:49"
2413,question_shown,"2026-03-19 19:50:49"
3228,answer_submitted,"2026-03-19 19:50:48"
308,answer_submitted,"2026-03-19 19:50:44"
3228,question_prepared,"2026-03-19 19:50:44"
3228,question_shown,"2026-03-19 19:50:44"
88,answer_submitted,"2026-03-19 19:50:40"
308,question_prepared,"2026-03-19 19:50:40"
308,question_shown,"2026-03-19 19:50:40"
3334,answer_submitted,"2026-03-19 19:50:38"
88,question_prepared,"2026-03-19 19:50:38"
88,question_shown,"2026-03-19 19:50:38"
2168,answer_submitted,"2026-03-19 19:50:35"
3334,question_prepared,"2026-03-19 19:50:35"
3334,question_shown,"2026-03-19 19:50:35"
3227,answer_submitted,"2026-03-19 19:50:31"
2168,question_prepared,"2026-03-19 19:50:31"
2168,question_shown,"2026-03-19 19:50:31"
306,answer_submitted,"2026-03-19 19:50:27"
3227,question_prepared,"2026-03-19 19:50:27"
3227,question_shown,"2026-03-19 19:50:27"
3146,answer_submitted,"2026-03-19 19:50:24"
306,question_prepared,"2026-03-19 19:50:24"
306,question_shown,"2026-03-19 19:50:24"
1342,answer_submitted,"2026-03-19 19:50:21"
3146,question_prepared,"2026-03-19 19:50:21"
3146,question_shown,"2026-03-19 19:50:21"
1831,answer_submitted,"2026-03-19 19:50:19"
1342,question_prepared,"2026-03-19 19:50:19"
1342,question_shown,"2026-03-19 19:50:19"
1831,question_prepared,"2026-03-19 19:50:08"
1831,question_shown,"2026-03-19 19:50:08"
3226,answer_submitted,"2026-03-19 19:50:07"
304,answer_submitted,"2026-03-19 19:50:03"
3226,question_prepared,"2026-03-19 19:50:03"
3226,question_shown,"2026-03-19 19:50:03"
3145,answer_submitted,"2026-03-19 19:50:01"
304,question_prepared,"2026-03-19 19:50:01"
304,question_shown,"2026-03-19 19:50:01"
1086,answer_submitted,"2026-03-19 19:49:58"
3145,question_prepared,"2026-03-19 19:49:58"
3145,question_shown,"2026-03-19 19:49:58"
3271,answer_submitted,"2026-03-19 19:49:55"
1086,question_prepared,"2026-03-19 19:49:55"
1086,question_shown,"2026-03-19 19:49:55"
565,answer_submitted,"2026-03-19 19:49:52"
3271,question_prepared,"2026-03-19 19:49:52"
3271,question_shown,"2026-03-19 19:49:52"
565,question_prepared,"2026-03-19 19:49:50"
565,question_shown,"2026-03-19 19:49:50"
3178,answer_submitted,"2026-03-19 19:49:49"
87,answer_submitted,"2026-03-19 19:49:47"
3178,question_prepared,"2026-03-19 19:49:47"
3178,question_shown,"2026-03-19 19:49:47"
87,question_prepared,"2026-03-19 19:49:43"
87,question_shown,"2026-03-19 19:49:43"
3551,answer_submitted,"2026-03-19 19:23:30"
9674,answer_submitted,"2026-03-19 19:23:29"
3551,question_prepared,"2026-03-19 19:23:29"
3551,question_shown,"2026-03-19 19:23:29"
3990,answer_submitted,"2026-03-19 19:23:28"
9674,question_prepared,"2026-03-19 19:23:28"
9674,question_shown,"2026-03-19 19:23:28"
86,question_shown,"2026-03-19 19:23:27"
86,answer_submitted,"2026-03-19 19:23:27"
3990,question_prepared,"2026-03-19 19:23:27"
3990,question_shown,"2026-03-19 19:23:27"
3332,answer_submitted,"2026-03-19 19:23:26"
86,question_prepared,"2026-03-19 19:23:26"
3530,question_prepared,"2026-03-19 19:23:24"
3530,question_shown,"2026-03-19 19:23:24"
3530,answer_submitted,"2026-03-19 19:23:24"
3332,question_prepared,"2026-03-19 19:23:24"
3332,question_shown,"2026-03-19 19:23:24"
303,answer_submitted,"2026-03-19 19:23:23"
3225,question_prepared,"2026-03-19 19:23:23"
3225,question_shown,"2026-03-19 19:23:23"
3225,answer_submitted,"2026-03-19 19:23:23"
85,answer_submitted,"2026-03-19 19:23:22"
303,question_prepared,"2026-03-19 19:23:22"
303,question_shown,"2026-03-19 19:23:22"
3330,answer_submitted,"2026-03-19 19:23:21"
85,question_prepared,"2026-03-19 19:23:21"
85,question_shown,"2026-03-19 19:23:21"
923,question_prepared,"2026-03-19 19:23:19"
923,question_shown,"2026-03-19 19:23:19"
923,answer_submitted,"2026-03-19 19:23:19"
3330,question_prepared,"2026-03-19 19:23:19"
3330,question_shown,"2026-03-19 19:23:19"
302,answer_submitted,"2026-03-19 19:23:18"
3224,question_prepared,"2026-03-19 19:23:18"
3224,question_shown,"2026-03-19 19:23:18"
3224,answer_submitted,"2026-03-19 19:23:18"
3142,answer_submitted,"2026-03-19 19:23:17"
302,question_prepared,"2026-03-19 19:23:17"
302,question_shown,"2026-03-19 19:23:17"
857,answer_submitted,"2026-03-19 19:23:16"
3142,question_prepared,"2026-03-19 19:23:16"
3142,question_shown,"2026-03-19 19:23:16"
3455,answer_submitted,"2026-03-19 19:23:14"
857,question_prepared,"2026-03-19 19:23:14"
857,question_shown,"2026-03-19 19:23:14"
9957,question_prepared,"2026-03-19 19:23:13"
9957,question_shown,"2026-03-19 19:23:13"
9957,answer_submitted,"2026-03-19 19:23:13"
3455,question_prepared,"2026-03-19 19:23:13"
3455,question_shown,"2026-03-19 19:23:13"
3141,answer_submitted,"2026-03-19 19:23:12"
301,question_prepared,"2026-03-19 19:23:12"
301,question_shown,"2026-03-19 19:23:12"
301,answer_submitted,"2026-03-19 19:23:12"
2633,answer_submitted,"2026-03-19 19:23:11"
3141,question_prepared,"2026-03-19 19:23:11"
3141,question_shown,"2026-03-19 19:23:11"
3269,answer_submitted,"2026-03-19 19:23:10"
2633,question_prepared,"2026-03-19 19:23:10"
2633,question_shown,"2026-03-19 19:23:10"
560,answer_submitted,"2026-03-19 19:23:09"
3269,question_prepared,"2026-03-19 19:23:09"
3269,question_shown,"2026-03-19 19:23:09"
30,answer_submitted,"2026-03-19 19:23:08"
560,question_prepared,"2026-03-19 19:23:08"
560,question_shown,"2026-03-19 19:23:08"
84,answer_submitted,"2026-03-19 19:23:07"
30,question_prepared,"2026-03-19 19:23:07"
30,question_shown,"2026-03-19 19:23:07"
84,question_prepared,"2026-03-19 19:23:06"
84,question_shown,"2026-03-19 19:23:06"
10069,answer_submitted,"2026-03-19 19:23:01"
3633,answer_submitted,"2026-03-19 19:23:00"
10069,question_prepared,"2026-03-19 19:23:00"
10069,question_shown,"2026-03-19 19:23:00"
3222,answer_submitted,"2026-03-19 19:22:56"
3633,question_prepared,"2026-03-19 19:22:56"
3633,question_shown,"2026-03-19 19:22:56"
300,answer_submitted,"2026-03-19 19:22:55"
3222,question_prepared,"2026-03-19 19:22:55"
3222,question_shown,"2026-03-19 19:22:55"
82,answer_submitted,"2026-03-19 19:22:54"
300,question_prepared,"2026-03-19 19:22:54"
300,question_shown,"2026-03-19 19:22:54"
3329,answer_submitted,"2026-03-19 19:22:53"
82,question_prepared,"2026-03-19 19:22:53"
82,question_shown,"2026-03-19 19:22:53"
10068,answer_submitted,"2026-03-19 19:22:52"
3329,question_prepared,"2026-03-19 19:22:52"
3329,question_shown,"2026-03-19 19:22:52"
2318,question_shown,"2026-03-19 19:22:50"
2318,answer_submitted,"2026-03-19 19:22:50"
10068,question_prepared,"2026-03-19 19:22:50"
10068,question_shown,"2026-03-19 19:22:50"
3220,question_prepared,"2026-03-19 19:22:49"
3220,question_shown,"2026-03-19 19:22:49"
3220,answer_submitted,"2026-03-19 19:22:49"
2318,question_prepared,"2026-03-19 19:22:49"
3140,answer_submitted,"2026-03-19 19:22:48"
299,question_prepared,"2026-03-19 19:22:48"
299,question_shown,"2026-03-19 19:22:48"
299,answer_submitted,"2026-03-19 19:22:48"
10067,answer_submitted,"2026-03-19 19:22:47"
3140,question_prepared,"2026-03-19 19:22:47"
3140,question_shown,"2026-03-19 19:22:47"
2549,answer_submitted,"2026-03-19 19:22:46"
10067,question_prepared,"2026-03-19 19:22:46"
10067,question_shown,"2026-03-19 19:22:46"
2308,answer_submitted,"2026-03-19 19:22:45"
2549,question_prepared,"2026-03-19 19:22:45"
2549,question_shown,"2026-03-19 19:22:45"
3218,answer_submitted,"2026-03-19 19:22:44"
2308,question_prepared,"2026-03-19 19:22:44"
2308,question_shown,"2026-03-19 19:22:44"
296,answer_submitted,"2026-03-19 19:22:43"
3218,question_prepared,"2026-03-19 19:22:43"
3218,question_shown,"2026-03-19 19:22:43"
296,question_shown,"2026-03-19 19:22:42"
3139,answer_submitted,"2026-03-19 19:22:41"
296,question_prepared,"2026-03-19 19:22:41"
10070,answer_submitted,"2026-03-19 19:22:39"
3139,question_prepared,"2026-03-19 19:22:39"
3139,question_shown,"2026-03-19 19:22:39"
2523,answer_submitted,"2026-03-19 19:22:36"
10070,question_prepared,"2026-03-19 19:22:36"
10070,question_shown,"2026-03-19 19:22:36"
3268,answer_submitted,"2026-03-19 19:22:33"
2523,question_prepared,"2026-03-19 19:22:33"
2523,question_shown,"2026-03-19 19:22:33"
559,answer_submitted,"2026-03-19 19:22:31"
3268,question_prepared,"2026-03-19 19:22:31"
3268,question_shown,"2026-03-19 19:22:31"
10023,answer_submitted,"2026-03-19 19:22:27"
559,question_prepared,"2026-03-19 19:22:27"
559,question_shown,"2026-03-19 19:22:27"
10023,question_prepared,"2026-03-19 19:22:23"
10023,question_shown,"2026-03-19 19:22:23"
3176,answer_submitted,"2026-03-19 19:22:22"
874,answer_submitted,"2026-03-19 19:22:02"
3176,question_prepared,"2026-03-19 19:22:02"
3176,question_shown,"2026-03-19 19:22:02"
874,question_prepared,"2026-03-19 19:22:00"
874,question_shown,"2026-03-19 19:22:00"
3933,answer_submitted,"2026-03-19 18:40:47"
10021,answer_submitted,"2026-03-19 18:40:43"
3933,question_prepared,"2026-03-19 18:40:43"
3933,question_shown,"2026-03-19 18:40:43"
2038,item_reported,"2026-03-19 18:40:39"
10021,question_prepared,"2026-03-19 18:40:39"
10021,question_shown,"2026-03-19 18:40:39"
3216,answer_submitted,"2026-03-19 18:40:30"
2038,question_prepared,"2026-03-19 18:40:30"
2038,question_shown,"2026-03-19 18:40:30"
295,answer_submitted,"2026-03-19 18:40:27"
3216,question_prepared,"2026-03-19 18:40:27"
3216,question_shown,"2026-03-19 18:40:27"
80,answer_submitted,"2026-03-19 18:40:24"
295,question_prepared,"2026-03-19 18:40:24"
295,question_shown,"2026-03-19 18:40:24"
80,question_prepared,"2026-03-19 18:40:22"
80,question_shown,"2026-03-19 18:40:22"
3327,answer_submitted,"2026-03-19 18:40:21"
10028,answer_submitted,"2026-03-19 18:40:19"
3327,question_prepared,"2026-03-19 18:40:19"
3327,question_shown,"2026-03-19 18:40:19"
1850,answer_submitted,"2026-03-19 18:40:17"
10028,question_prepared,"2026-03-19 18:40:17"
10028,question_shown,"2026-03-19 18:40:17"
3215,answer_submitted,"2026-03-19 18:40:13"
1850,question_prepared,"2026-03-19 18:40:13"
1850,question_shown,"2026-03-19 18:40:13"
294,answer_submitted,"2026-03-19 18:40:10"
3215,question_prepared,"2026-03-19 18:40:10"
3215,question_shown,"2026-03-19 18:40:10"
3137,answer_submitted,"2026-03-19 18:40:07"
294,question_prepared,"2026-03-19 18:40:07"
294,question_shown,"2026-03-19 18:40:07"
10027,answer_submitted,"2026-03-19 18:40:05"
3137,question_prepared,"2026-03-19 18:40:05"
3137,question_shown,"2026-03-19 18:40:05"
2498,answer_submitted,"2026-03-19 18:40:02"
10027,question_prepared,"2026-03-19 18:40:02"
10027,question_shown,"2026-03-19 18:40:02"
1730,item_reported,"2026-03-19 18:39:58"
2498,question_prepared,"2026-03-19 18:39:58"
2498,question_shown,"2026-03-19 18:39:58"
3999,answer_submitted,"2026-03-19 18:39:49"
1730,question_prepared,"2026-03-19 18:39:49"
1730,question_shown,"2026-03-19 18:39:49"
292,answer_submitted,"2026-03-19 18:39:30"
3999,question_prepared,"2026-03-19 18:39:30"
3999,question_shown,"2026-03-19 18:39:30"
3136,answer_submitted,"2026-03-19 18:39:27"
292,question_prepared,"2026-03-19 18:39:27"
292,question_shown,"2026-03-19 18:39:27"
10016,answer_submitted,"2026-03-19 18:39:24"
3136,question_prepared,"2026-03-19 18:39:24"
3136,question_shown,"2026-03-19 18:39:24"
10647,answer_submitted,"2026-03-19 18:39:22"
10016,question_prepared,"2026-03-19 18:39:22"
10016,question_shown,"2026-03-19 18:39:22"
2261,item_reported,"2026-03-19 18:39:18"
10647,question_prepared,"2026-03-19 18:39:18"
10647,question_shown,"2026-03-19 18:39:18"
3267,answer_submitted,"2026-03-19 18:39:08"
2261,question_prepared,"2026-03-19 18:39:08"
2261,question_shown,"2026-03-19 18:39:08"
10628,answer_submitted,"2026-03-19 18:39:06"
3267,question_prepared,"2026-03-19 18:39:06"
3267,question_shown,"2026-03-19 18:39:06"
557,answer_submitted,"2026-03-19 18:39:03"
10628,question_prepared,"2026-03-19 18:39:03"
10628,question_shown,"2026-03-19 18:39:03"
10055,item_reported,"2026-03-19 18:39:00"
557,question_prepared,"2026-03-19 18:39:00"
557,question_shown,"2026-03-19 18:39:00"
10015,answer_submitted,"2026-03-19 18:38:49"
10055,question_prepared,"2026-03-19 18:38:49"
10055,question_shown,"2026-03-19 18:38:49"
3989,answer_submitted,"2026-03-19 18:38:46"
10015,question_prepared,"2026-03-19 18:38:46"
10015,question_shown,"2026-03-19 18:38:46"
3989,question_prepared,"2026-03-19 18:38:44"
3989,question_shown,"2026-03-19 18:38:44"
79,answer_submitted,"2026-03-19 18:38:43"
79,question_prepared,"2026-03-19 18:38:39"
79,question_shown,"2026-03-19 18:38:39"
10014,answer_submitted,"2026-03-19 18:38:34"
3547,item_reported,"2026-03-19 18:38:24"
10014,question_prepared,"2026-03-19 18:38:24"
10014,question_shown,"2026-03-19 18:38:24"
3547,question_prepared,"2026-03-19 18:38:12"
3547,question_shown,"2026-03-19 18:38:12"
10066,answer_submitted,"2026-03-19 18:38:11"
3213,answer_submitted,"2026-03-19 18:38:07"
10066,question_prepared,"2026-03-19 18:38:07"
10066,question_shown,"2026-03-19 18:38:07"
3213,question_prepared,"2026-03-19 18:38:04"
3213,question_shown,"2026-03-19 18:38:04"
291,answer_submitted,"2026-03-19 18:38:03"
10050,answer_submitted,"2026-03-19 18:38:01"
291,question_prepared,"2026-03-19 18:38:01"
291,question_shown,"2026-03-19 18:38:01"
3132,answer_submitted,"2026-03-19 18:37:50"
10050,question_prepared,"2026-03-19 18:37:50"
10050,question_shown,"2026-03-19 18:37:50"
10013,answer_submitted,"2026-03-19 18:37:46"
3132,question_prepared,"2026-03-19 18:37:46"
3132,question_shown,"2026-03-19 18:37:46"
2045,answer_submitted,"2026-03-19 18:37:39"
10013,question_prepared,"2026-03-19 18:37:39"
10013,question_shown,"2026-03-19 18:37:39"
10058,answer_submitted,"2026-03-19 18:37:35"
2045,question_prepared,"2026-03-19 18:37:35"
2045,question_shown,"2026-03-19 18:37:35"
10058,question_prepared,"2026-03-19 18:37:33"
10058,question_shown,"2026-03-19 18:37:33"
1552,answer_submitted,"2026-03-19 18:37:32"
3212,answer_submitted,"2026-03-19 18:37:28"
1552,question_prepared,"2026-03-19 18:37:28"
1552,question_shown,"2026-03-19 18:37:28"
10061,answer_submitted,"2026-03-19 18:37:26"
3212,question_prepared,"2026-03-19 18:37:26"
3212,question_shown,"2026-03-19 18:37:26"
290,answer_submitted,"2026-03-19 18:37:21"
10061,question_prepared,"2026-03-19 18:37:21"
10061,question_shown,"2026-03-19 18:37:21"
3130,answer_submitted,"2026-03-19 18:37:17"
290,question_prepared,"2026-03-19 18:37:17"
290,question_shown,"2026-03-19 18:37:17"
10012,answer_submitted,"2026-03-19 18:37:14"
3130,question_prepared,"2026-03-19 18:37:14"
3130,question_shown,"2026-03-19 18:37:14"
10064,answer_submitted,"2026-03-19 18:37:07"
10012,question_prepared,"2026-03-19 18:37:07"
10012,question_shown,"2026-03-19 18:37:07"
1547,answer_submitted,"2026-03-19 18:37:05"
10064,question_prepared,"2026-03-19 18:37:05"
10064,question_shown,"2026-03-19 18:37:05"
9967,dont_know_selected,"2026-03-19 18:37:01"
1547,question_prepared,"2026-03-19 18:37:01"
1547,question_shown,"2026-03-19 18:37:01"
10063,answer_submitted,"2026-03-19 18:36:51"
9967,question_prepared,"2026-03-19 18:36:51"
9967,question_shown,"2026-03-19 18:36:51"
556,answer_submitted,"2026-03-19 18:36:49"
10063,question_prepared,"2026-03-19 18:36:49"
10063,question_shown,"2026-03-19 18:36:49"
556,question_prepared,"2026-03-19 18:36:47"
556,question_shown,"2026-03-19 18:36:47"
10056,answer_submitted,"2026-03-19 18:36:46"
10011,answer_submitted,"2026-03-19 18:36:45"
10056,question_prepared,"2026-03-19 18:36:45"
10056,question_shown,"2026-03-19 18:36:45"
3173,answer_submitted,"2026-03-19 18:36:43"
10011,question_prepared,"2026-03-19 18:36:43"
10011,question_shown,"2026-03-19 18:36:43"
78,answer_submitted,"2026-03-19 18:36:40"
3173,question_prepared,"2026-03-19 18:36:40"
3173,question_shown,"2026-03-19 18:36:40"
78,question_prepared,"2026-03-19 18:36:38"
78,question_shown,"2026-03-19 18:36:38"
10010,answer_submitted,"2026-03-19 17:48:14"
77,answer_submitted,"2026-03-19 17:48:12"
10010,question_prepared,"2026-03-19 17:48:12"
10010,question_shown,"2026-03-19 17:48:12"
10005,answer_submitted,"2026-03-19 17:48:09"
77,question_prepared,"2026-03-19 17:48:09"
77,question_shown,"2026-03-19 17:48:09"
3931,answer_submitted,"2026-03-19 17:48:07"
10005,question_prepared,"2026-03-19 17:48:07"
10005,question_shown,"2026-03-19 17:48:07"
3510,item_reported,"2026-03-19 17:48:03"
3931,question_prepared,"2026-03-19 17:48:03"
3931,question_shown,"2026-03-19 17:48:03"
9999,answer_submitted,"2026-03-19 17:47:56"
3510,question_prepared,"2026-03-19 17:47:56"
3510,question_shown,"2026-03-19 17:47:56"
3209,answer_submitted,"2026-03-19 17:47:51"
9999,question_prepared,"2026-03-19 17:47:51"
9999,question_shown,"2026-03-19 17:47:51"
10009,answer_submitted,"2026-03-19 17:47:48"
3209,question_prepared,"2026-03-19 17:47:48"
3209,question_shown,"2026-03-19 17:47:48"
10009,question_shown,"2026-03-19 17:47:46"
76,answer_submitted,"2026-03-19 17:47:45"
10009,question_prepared,"2026-03-19 17:47:45"
9998,answer_submitted,"2026-03-19 17:47:37"
76,question_prepared,"2026-03-19 17:47:37"
76,question_shown,"2026-03-19 17:47:37"
9998,question_shown,"2026-03-19 17:47:35"
1205,answer_submitted,"2026-03-19 17:47:34"
9998,question_prepared,"2026-03-19 17:47:34"
1205,question_prepared,"2026-03-19 17:47:32"
1205,question_shown,"2026-03-19 17:47:32"
3263,answer_submitted,"2026-03-19 17:47:27"
9996,answer_submitted,"2026-03-19 17:47:24"
3263,question_prepared,"2026-03-19 17:47:24"
3263,question_shown,"2026-03-19 17:47:24"
555,answer_submitted,"2026-03-19 17:47:22"
9996,question_prepared,"2026-03-19 17:47:22"
9996,question_shown,"2026-03-19 17:47:22"
3129,answer_submitted,"2026-03-19 17:47:19"
555,question_prepared,"2026-03-19 17:47:19"
555,question_shown,"2026-03-19 17:47:19"
10025,answer_submitted,"2026-03-19 17:47:16"
3129,question_prepared,"2026-03-19 17:47:16"
3129,question_shown,"2026-03-19 17:47:16"
9995,answer_submitted,"2026-03-19 17:47:00"
10025,question_prepared,"2026-03-19 17:47:00"
10025,question_shown,"2026-03-19 17:47:00"
9995,question_shown,"2026-03-19 17:46:58"
1191,answer_submitted,"2026-03-19 17:46:57"
9995,question_prepared,"2026-03-19 17:46:57"
4009,answer_submitted,"2026-03-19 17:46:54"
1191,question_prepared,"2026-03-19 17:46:54"
1191,question_shown,"2026-03-19 17:46:54"
531,answer_submitted,"2026-03-19 17:46:43"
4009,question_prepared,"2026-03-19 17:46:43"
4009,question_shown,"2026-03-19 17:46:43"
531,question_prepared,"2026-03-19 17:46:39"
531,question_shown,"2026-03-19 17:46:39"
554,answer_submitted,"2026-03-19 17:46:38"
10006,answer_submitted,"2026-03-19 17:46:35"
554,question_prepared,"2026-03-19 17:46:35"
554,question_shown,"2026-03-19 17:46:35"
484,answer_submitted,"2026-03-19 17:46:30"
10006,question_prepared,"2026-03-19 17:46:30"
10006,question_shown,"2026-03-19 17:46:30"
484,question_prepared,"2026-03-19 17:46:27"
484,question_shown,"2026-03-19 17:46:27"
3171,answer_submitted,"2026-03-19 17:46:26"
3171,question_prepared,"2026-03-19 17:46:24"
3171,question_shown,"2026-03-19 17:46:24"
75,answer_submitted,"2026-03-19 17:46:23"
75,question_prepared,"2026-03-19 17:46:20"
75,question_shown,"2026-03-19 17:46:20"
453,answer_submitted,"2026-03-19 17:46:14"
3261,answer_submitted,"2026-03-19 17:46:12"
453,question_prepared,"2026-03-19 17:46:12"
453,question_shown,"2026-03-19 17:46:12"
10024,answer_submitted,"2026-03-19 17:46:10"
3261,question_prepared,"2026-03-19 17:46:10"
3261,question_shown,"2026-03-19 17:46:10"
553,item_reported,"2026-03-19 17:46:07"
10024,question_prepared,"2026-03-19 17:46:07"
10024,question_shown,"2026-03-19 17:46:07"
244,answer_submitted,"2026-03-19 17:45:56"
553,question_prepared,"2026-03-19 17:45:56"
553,question_shown,"2026-03-19 17:45:56"
3324,answer_submitted,"2026-03-19 17:45:53"
244,question_prepared,"2026-03-19 17:45:53"
244,question_shown,"2026-03-19 17:45:53"
1289,item_reported,"2026-03-19 17:45:50"
3324,question_prepared,"2026-03-19 17:45:50"
3324,question_shown,"2026-03-19 17:45:50"
1289,question_prepared,"2026-03-19 17:45:34"
1289,question_shown,"2026-03-19 17:45:34"
198,answer_submitted,"2026-03-19 17:45:33"
3205,answer_submitted,"2026-03-19 17:45:29"
198,question_prepared,"2026-03-19 17:45:29"
198,question_shown,"2026-03-19 17:45:29"
3364,answer_submitted,"2026-03-19 17:45:26"
3205,question_prepared,"2026-03-19 17:45:26"
3205,question_shown,"2026-03-19 17:45:26"
1174,answer_submitted,"2026-03-19 17:45:21"
3364,question_prepared,"2026-03-19 17:45:21"
3364,question_shown,"2026-03-19 17:45:21"
431,answer_submitted,"2026-03-19 17:44:54"
1174,question_prepared,"2026-03-19 17:44:54"
1174,question_shown,"2026-03-19 17:44:54"
1040,answer_submitted,"2026-03-19 17:44:50"
431,question_prepared,"2026-03-19 17:44:50"
431,question_shown,"2026-03-19 17:44:50"
3203,answer_submitted,"2026-03-19 17:44:47"
1040,question_prepared,"2026-03-19 17:44:47"
1040,question_shown,"2026-03-19 17:44:47"
197,answer_submitted,"2026-03-19 17:44:40"
3203,question_prepared,"2026-03-19 17:44:40"
3203,question_shown,"2026-03-19 17:44:40"
70,answer_submitted,"2026-03-19 17:44:38"
197,question_prepared,"2026-03-19 17:44:38"
197,question_shown,"2026-03-19 17:44:38"
3323,answer_submitted,"2026-03-19 17:44:36"
70,question_prepared,"2026-03-19 17:44:36"
70,question_shown,"2026-03-19 17:44:36"
3371,answer_submitted,"2026-03-19 17:44:33"
3323,question_prepared,"2026-03-19 17:44:33"
3323,question_shown,"2026-03-19 17:44:33"
3371,question_prepared,"2026-03-19 17:44:30"
3371,question_shown,"2026-03-19 17:44:30"
2401,answer_submitted,"2026-03-19 17:44:29"
552,answer_submitted,"2026-03-19 17:44:25"
2401,question_prepared,"2026-03-19 17:44:25"
2401,question_shown,"2026-03-19 17:44:25"
3927,item_reported,"2026-03-19 17:44:22"
552,question_prepared,"2026-03-19 17:44:22"
552,question_shown,"2026-03-19 17:44:22"
408,answer_submitted,"2026-03-19 17:44:07"
3927,question_prepared,"2026-03-19 17:44:07"
3927,question_shown,"2026-03-19 17:44:07"
550,answer_submitted,"2026-03-19 17:44:05"
408,question_prepared,"2026-03-19 17:44:05"
408,question_shown,"2026-03-19 17:44:05"
3390,answer_submitted,"2026-03-19 17:44:02"
550,question_prepared,"2026-03-19 17:44:02"
550,question_shown,"2026-03-19 17:44:02"
2560,answer_submitted,"2026-03-19 17:43:59"
3390,question_prepared,"2026-03-19 17:43:59"
3390,question_shown,"2026-03-19 17:43:59"
3170,answer_submitted,"2026-03-19 17:43:54"
2560,question_prepared,"2026-03-19 17:43:54"
2560,question_shown,"2026-03-19 17:43:54"
69,answer_submitted,"2026-03-19 17:43:51"
3170,question_prepared,"2026-03-19 17:43:51"
3170,question_shown,"2026-03-19 17:43:51"
69,question_prepared,"2026-03-19 17:43:48"
69,question_shown,"2026-03-19 17:43:48"
3321,answer_submitted,"2026-03-19 17:35:56"
3321,question_prepared,"2026-03-19 17:35:46"
3321,question_shown,"2026-03-19 17:35:46"
3383,answer_submitted,"2026-03-19 17:35:45"
549,answer_submitted,"2026-03-19 17:35:42"
3383,question_prepared,"2026-03-19 17:35:42"
3383,question_shown,"2026-03-19 17:35:42"
2075,answer_submitted,"2026-03-19 17:35:40"
549,question_prepared,"2026-03-19 17:35:40"
549,question_shown,"2026-03-19 17:35:40"
3169,answer_submitted,"2026-03-19 17:35:35"
2075,question_prepared,"2026-03-19 17:35:35"
2075,question_shown,"2026-03-19 17:35:35"
3169,question_shown,"2026-03-19 17:35:33"
1168,answer_submitted,"2026-03-19 17:35:32"
3169,question_prepared,"2026-03-19 17:35:32"
1168,question_shown,"2026-03-19 17:35:31"
1401,answer_submitted,"2026-03-19 17:35:30"
1168,question_prepared,"2026-03-19 17:35:30"
3202,answer_submitted,"2026-03-19 17:35:28"
1401,question_prepared,"2026-03-19 17:35:28"
1401,question_shown,"2026-03-19 17:35:28"
3369,answer_submitted,"2026-03-19 17:35:25"
3202,question_prepared,"2026-03-19 17:35:25"
3202,question_shown,"2026-03-19 17:35:25"
289,answer_submitted,"2026-03-19 17:35:18"
3369,question_prepared,"2026-03-19 17:35:18"
3369,question_shown,"2026-03-19 17:35:18"
187,answer_submitted,"2026-03-19 17:35:12"
289,question_prepared,"2026-03-19 17:35:12"
289,question_shown,"2026-03-19 17:35:12"
187,question_shown,"2026-03-19 17:35:08"
1160,answer_submitted,"2026-03-19 17:35:07"
187,question_prepared,"2026-03-19 17:35:07"
3259,answer_submitted,"2026-03-19 17:35:06"
1160,question_prepared,"2026-03-19 17:35:06"
1160,question_shown,"2026-03-19 17:35:06"
1006,item_reported,"2026-03-19 17:35:02"
3259,question_prepared,"2026-03-19 17:35:02"
3259,question_shown,"2026-03-19 17:35:02"
288,answer_submitted,"2026-03-19 17:33:50"
1006,question_prepared,"2026-03-19 17:33:50"
1006,question_shown,"2026-03-19 17:33:50"
288,question_prepared,"2026-03-19 17:33:48"
288,question_shown,"2026-03-19 17:33:48"
3925,answer_submitted,"2026-03-19 17:33:47"
3384,answer_submitted,"2026-03-19 17:33:44"
3925,question_prepared,"2026-03-19 17:33:44"
3925,question_shown,"2026-03-19 17:33:44"
1251,answer_submitted,"2026-03-19 17:33:39"
3384,question_prepared,"2026-03-19 17:33:39"
3384,question_shown,"2026-03-19 17:33:39"
547,answer_submitted,"2026-03-19 17:33:34"
1251,question_prepared,"2026-03-19 17:33:34"
1251,question_shown,"2026-03-19 17:33:34"
3924,answer_submitted,"2026-03-19 17:33:22"
547,question_prepared,"2026-03-19 17:33:22"
547,question_shown,"2026-03-19 17:33:22"
396,answer_submitted,"2026-03-19 17:33:19"
3924,question_prepared,"2026-03-19 17:33:19"
3924,question_shown,"2026-03-19 17:33:19"
1033,answer_submitted,"2026-03-19 17:33:14"
396,question_prepared,"2026-03-19 17:33:14"
396,question_shown,"2026-03-19 17:33:14"
3385,answer_submitted,"2026-03-19 17:33:11"
1033,question_prepared,"2026-03-19 17:33:11"
1033,question_shown,"2026-03-19 17:33:11"
2632,item_reported,"2026-03-19 17:33:08"
3385,question_prepared,"2026-03-19 17:33:08"
3385,question_shown,"2026-03-19 17:33:08"
3168,answer_submitted,"2026-03-19 17:32:49"
2632,question_prepared,"2026-03-19 17:32:49"
2632,question_shown,"2026-03-19 17:32:49"
68,answer_submitted,"2026-03-19 17:32:46"
3168,question_prepared,"2026-03-19 17:32:46"
3168,question_shown,"2026-03-19 17:32:46"
68,question_prepared,"2026-03-19 17:32:44"
68,question_shown,"2026-03-19 17:32:44"
2457,answer_submitted,"2026-03-19 17:32:39"
2455,answer_submitted,"2026-03-19 17:32:35"
2457,question_prepared,"2026-03-19 17:32:35"
2457,question_shown,"2026-03-19 17:32:35"
3167,answer_submitted,"2026-03-19 17:32:30"
2455,question_prepared,"2026-03-19 17:32:30"
2455,question_shown,"2026-03-19 17:32:30"
1065,answer_submitted,"2026-03-19 17:32:28"
3167,question_prepared,"2026-03-19 17:32:28"
3167,question_shown,"2026-03-19 17:32:28"
1414,answer_submitted,"2026-03-19 17:32:25"
1065,question_prepared,"2026-03-19 17:32:25"
1065,question_shown,"2026-03-19 17:32:25"
3201,answer_submitted,"2026-03-19 17:32:23"
1414,question_prepared,"2026-03-19 17:32:23"
1414,question_shown,"2026-03-19 17:32:23"
3389,answer_submitted,"2026-03-19 17:32:20"
3201,question_prepared,"2026-03-19 17:32:20"
3201,question_shown,"2026-03-19 17:32:20"
286,answer_submitted,"2026-03-19 17:32:17"
3389,question_prepared,"2026-03-19 17:32:17"
3389,question_shown,"2026-03-19 17:32:17"
185,answer_submitted,"2026-03-19 17:32:14"
286,question_prepared,"2026-03-19 17:32:14"
286,question_shown,"2026-03-19 17:32:14"
1062,answer_submitted,"2026-03-19 17:32:12"
185,question_prepared,"2026-03-19 17:32:12"
185,question_shown,"2026-03-19 17:32:12"
3258,answer_submitted,"2026-03-19 17:32:09"
1062,question_prepared,"2026-03-19 17:32:09"
1062,question_shown,"2026-03-19 17:32:09"
2222,answer_submitted,"2026-03-19 17:32:05"
3258,question_prepared,"2026-03-19 17:32:05"
3258,question_shown,"2026-03-19 17:32:05"
284,answer_submitted,"2026-03-19 17:31:57"
2222,question_prepared,"2026-03-19 17:31:57"
2222,question_shown,"2026-03-19 17:31:57"
3318,answer_submitted,"2026-03-19 17:31:54"
284,question_prepared,"2026-03-19 17:31:54"
284,question_shown,"2026-03-19 17:31:54"
3363,answer_submitted,"2026-03-19 17:31:52"
3318,question_prepared,"2026-03-19 17:31:52"
3318,question_shown,"2026-03-19 17:31:52"
3363,question_shown,"2026-03-19 17:31:46"
1167,answer_submitted,"2026-03-19 17:31:45"
3363,question_prepared,"2026-03-19 17:31:45"
1167,question_prepared,"2026-03-19 17:31:42"
1167,question_shown,"2026-03-19 17:31:42"
545,answer_submitted,"2026-03-19 17:31:41"
3316,answer_submitted,"2026-03-19 17:31:38"
545,question_prepared,"2026-03-19 17:31:38"
545,question_shown,"2026-03-19 17:31:38"
340,answer_submitted,"2026-03-19 17:31:36"
3316,question_prepared,"2026-03-19 17:31:36"
3316,question_shown,"2026-03-19 17:31:36"
2415,answer_submitted,"2026-03-19 17:31:34"
340,question_prepared,"2026-03-19 17:31:34"
340,question_shown,"2026-03-19 17:31:34"
4019,answer_submitted,"2026-03-19 17:31:29"
2415,question_prepared,"2026-03-19 17:31:29"
2415,question_shown,"2026-03-19 17:31:29"
1953,answer_submitted,"2026-03-19 17:31:27"
4019,question_prepared,"2026-03-19 17:31:27"
4019,question_shown,"2026-03-19 17:31:27"
1953,question_prepared,"2026-03-19 17:31:25"
1953,question_shown,"2026-03-19 17:31:25"
283,answer_submitted,"2026-03-19 17:31:24"
283,question_prepared,"2026-03-19 17:31:22"
283,question_shown,"2026-03-19 17:31:22"
3128,answer_submitted,"2026-03-19 17:31:21"
3128,question_prepared,"2026-03-19 17:31:19"
3128,question_shown,"2026-03-19 17:31:19"
1879,answer_submitted,"2026-03-19 17:23:03"
1408,answer_submitted,"2026-03-19 17:22:56"
1879,question_prepared,"2026-03-19 17:22:56"
1879,question_shown,"2026-03-19 17:22:56"
3166,answer_submitted,"2026-03-19 17:22:52"
1408,question_prepared,"2026-03-19 17:22:52"
1408,question_shown,"2026-03-19 17:22:52"
956,answer_submitted,"2026-03-19 17:22:48"
3166,question_prepared,"2026-03-19 17:22:48"
3166,question_shown,"2026-03-19 17:22:48"
2482,answer_submitted,"2026-03-19 17:22:45"
956,question_prepared,"2026-03-19 17:22:45"
956,question_shown,"2026-03-19 17:22:45"
3198,answer_submitted,"2026-03-19 17:22:40"
2482,question_prepared,"2026-03-19 17:22:40"
2482,question_shown,"2026-03-19 17:22:40"
3360,answer_submitted,"2026-03-19 17:22:37"
3198,question_prepared,"2026-03-19 17:22:37"
3198,question_shown,"2026-03-19 17:22:37"
282,answer_submitted,"2026-03-19 17:22:34"
3360,question_prepared,"2026-03-19 17:22:34"
3360,question_shown,"2026-03-19 17:22:34"
282,question_prepared,"2026-03-19 17:22:30"
282,question_shown,"2026-03-19 17:22:30"
168,answer_submitted,"2026-03-19 17:22:29"
896,answer_submitted,"2026-03-19 17:22:27"
168,question_prepared,"2026-03-19 17:22:27"
168,question_shown,"2026-03-19 17:22:27"
3256,answer_submitted,"2026-03-19 17:22:25"
896,question_prepared,"2026-03-19 17:22:25"
896,question_shown,"2026-03-19 17:22:25"
3447,answer_submitted,"2026-03-19 17:22:22"
3256,question_prepared,"2026-03-19 17:22:22"
3256,question_shown,"2026-03-19 17:22:22"
280,answer_submitted,"2026-03-19 17:22:19"
3447,question_prepared,"2026-03-19 17:22:19"
3447,question_shown,"2026-03-19 17:22:19"
3920,answer_submitted,"2026-03-19 17:21:50"
280,question_prepared,"2026-03-19 17:21:50"
280,question_shown,"2026-03-19 17:21:50"
3920,question_shown,"2026-03-19 17:21:48"
3359,answer_submitted,"2026-03-19 17:21:47"
3920,question_prepared,"2026-03-19 17:21:47"
3359,question_prepared,"2026-03-19 17:21:27"
3359,question_shown,"2026-03-19 17:21:27"
1537,answer_submitted,"2026-03-19 17:21:26"
544,answer_submitted,"2026-03-19 17:21:06"
1537,question_prepared,"2026-03-19 17:21:06"
1537,question_shown,"2026-03-19 17:21:06"
3165,answer_submitted,"2026-03-19 17:21:04"
544,question_prepared,"2026-03-19 17:21:04"
544,question_shown,"2026-03-19 17:21:04"
2255,answer_submitted,"2026-03-19 17:21:01"
3165,question_prepared,"2026-03-19 17:21:01"
3165,question_shown,"2026-03-19 17:21:01"
1514,answer_submitted,"2026-03-19 17:20:58"
2255,question_prepared,"2026-03-19 17:20:58"
2255,question_shown,"2026-03-19 17:20:58"
3388,answer_submitted,"2026-03-19 17:20:56"
1514,question_prepared,"2026-03-19 17:20:56"
1514,question_shown,"2026-03-19 17:20:56"
3196,answer_submitted,"2026-03-19 17:20:54"
3388,question_prepared,"2026-03-19 17:20:54"
3388,question_shown,"2026-03-19 17:20:54"
3196,question_shown,"2026-03-19 17:20:52"
28,answer_submitted,"2026-03-19 17:20:51"
3196,question_prepared,"2026-03-19 17:20:51"
66,answer_submitted,"2026-03-19 17:20:47"
28,question_prepared,"2026-03-19 17:20:47"
28,question_shown,"2026-03-19 17:20:47"
66,question_prepared,"2026-03-19 17:20:43"
66,question_shown,"2026-03-19 17:20:43"
1491,answer_submitted,"2026-03-19 17:20:37"
788,answer_submitted,"2026-03-19 17:20:33"
1491,question_prepared,"2026-03-19 17:20:33"
1491,question_shown,"2026-03-19 17:20:33"
3164,answer_submitted,"2026-03-19 17:20:30"
788,question_prepared,"2026-03-19 17:20:30"
788,question_shown,"2026-03-19 17:20:30"
3979,answer_submitted,"2026-03-19 17:20:27"
3164,question_prepared,"2026-03-19 17:20:27"
3164,question_shown,"2026-03-19 17:20:27"
9151,answer_submitted,"2026-03-19 17:20:25"
3979,question_prepared,"2026-03-19 17:20:25"
3979,question_shown,"2026-03-19 17:20:25"
9151,question_shown,"2026-03-19 17:20:23"
4007,answer_submitted,"2026-03-19 17:20:22"
9151,question_prepared,"2026-03-19 17:20:22"
3399,answer_submitted,"2026-03-19 17:20:20"
4007,question_prepared,"2026-03-19 17:20:20"
4007,question_shown,"2026-03-19 17:20:20"
3399,question_prepared,"2026-03-19 17:20:18"
3399,question_shown,"2026-03-19 17:20:18"
279,answer_submitted,"2026-03-19 17:20:17"
152,answer_submitted,"2026-03-19 17:20:15"
279,question_prepared,"2026-03-19 17:20:15"
279,question_shown,"2026-03-19 17:20:15"
2567,answer_submitted,"2026-03-19 17:20:10"
152,question_prepared,"2026-03-19 17:20:10"
152,question_shown,"2026-03-19 17:20:10"
4006,answer_submitted,"2026-03-19 17:19:44"
2567,question_prepared,"2026-03-19 17:19:44"
2567,question_shown,"2026-03-19 17:19:44"
3983,answer_submitted,"2026-03-19 17:19:41"
4006,question_prepared,"2026-03-19 17:19:41"
4006,question_shown,"2026-03-19 17:19:41"
277,answer_submitted,"2026-03-19 17:19:15"
3983,question_prepared,"2026-03-19 17:19:15"
3983,question_shown,"2026-03-19 17:19:15"
277,question_shown,"2026-03-19 17:19:13"
3314,answer_submitted,"2026-03-19 17:19:12"
277,question_prepared,"2026-03-19 17:19:12"
3314,question_prepared,"2026-03-19 17:19:11"
3314,question_shown,"2026-03-19 17:19:11"
3358,answer_submitted,"2026-03-19 17:19:10"
1532,answer_submitted,"2026-03-19 17:19:07"
3358,question_prepared,"2026-03-19 17:19:07"
3358,question_shown,"2026-03-19 17:19:07"
543,answer_submitted,"2026-03-19 17:19:05"
1532,question_prepared,"2026-03-19 17:19:05"
1532,question_shown,"2026-03-19 17:19:05"
543,question_prepared,"2026-03-19 17:19:02"
543,question_shown,"2026-03-19 17:19:02"
3163,answer_submitted,"2026-03-19 17:19:01"
3163,question_prepared,"2026-03-19 17:18:59"
3163,question_shown,"2026-03-19 17:18:59"
2218,answer_submitted,"2026-03-19 17:18:58"
2565,answer_submitted,"2026-03-19 17:18:56"
2218,question_prepared,"2026-03-19 17:18:56"
2218,question_shown,"2026-03-19 17:18:56"
3357,answer_submitted,"2026-03-19 17:18:53"
2565,question_prepared,"2026-03-19 17:18:53"
2565,question_shown,"2026-03-19 17:18:53"
3994,answer_submitted,"2026-03-19 17:18:51"
3357,question_prepared,"2026-03-19 17:18:51"
3357,question_shown,"2026-03-19 17:18:51"
274,answer_submitted,"2026-03-19 17:18:48"
3994,question_prepared,"2026-03-19 17:18:48"
3994,question_shown,"2026-03-19 17:18:48"
61,answer_submitted,"2026-03-19 17:18:45"
274,question_prepared,"2026-03-19 17:18:45"
274,question_shown,"2026-03-19 17:18:45"
61,question_prepared,"2026-03-19 17:18:42"
61,question_shown,"2026-03-19 17:18:42"
3356,answer_submitted,"2026-03-19 17:06:17"
1977,answer_submitted,"2026-03-19 17:06:13"
3356,question_prepared,"2026-03-19 17:06:13"
3356,question_shown,"2026-03-19 17:06:13"
3536,item_reported,"2026-03-19 17:06:10"
1977,question_prepared,"2026-03-19 17:06:10"
1977,question_shown,"2026-03-19 17:06:10"
3536,question_prepared,"2026-03-19 17:05:59"
3536,question_shown,"2026-03-19 17:05:59"
3162,answer_submitted,"2026-03-19 17:05:58"
60,answer_submitted,"2026-03-19 17:05:56"
3162,question_prepared,"2026-03-19 17:05:56"
3162,question_shown,"2026-03-19 17:05:56"
2066,answer_submitted,"2026-03-19 17:05:54"
60,question_prepared,"2026-03-19 17:05:54"
60,question_shown,"2026-03-19 17:05:54"
3251,answer_submitted,"2026-03-19 17:05:51"
2066,question_prepared,"2026-03-19 17:05:51"
2066,question_shown,"2026-03-19 17:05:51"
3400,answer_submitted,"2026-03-19 17:05:48"
3251,question_prepared,"2026-03-19 17:05:48"
3251,question_shown,"2026-03-19 17:05:48"
276,answer_submitted,"2026-03-19 17:05:43"
3400,question_prepared,"2026-03-19 17:05:43"
3400,question_shown,"2026-03-19 17:05:43"
149,answer_submitted,"2026-03-19 17:05:40"
276,question_prepared,"2026-03-19 17:05:40"
276,question_shown,"2026-03-19 17:05:40"
149,question_prepared,"2026-03-19 17:05:38"
149,question_shown,"2026-03-19 17:05:38"
2283,answer_submitted,"2026-03-19 17:05:37"
4005,answer_submitted,"2026-03-19 17:05:35"
2283,question_prepared,"2026-03-19 17:05:35"
2283,question_shown,"2026-03-19 17:05:35"
636,answer_submitted,"2026-03-19 17:05:33"
4005,question_prepared,"2026-03-19 17:05:33"
4005,question_shown,"2026-03-19 17:05:33"
636,question_shown,"2026-03-19 17:05:29"
275,answer_submitted,"2026-03-19 17:05:28"
636,question_prepared,"2026-03-19 17:05:28"
3918,answer_submitted,"2026-03-19 17:05:26"
275,question_prepared,"2026-03-19 17:05:26"
275,question_shown,"2026-03-19 17:05:26"
3353,answer_submitted,"2026-03-19 17:05:24"
3918,question_prepared,"2026-03-19 17:05:24"
3918,question_shown,"2026-03-19 17:05:24"
3353,question_prepared,"2026-03-19 17:05:20"
3353,question_shown,"2026-03-19 17:05:20"
1369,answer_submitted,"2026-03-19 17:05:19"
542,answer_submitted,"2026-03-19 17:05:16"
1369,question_prepared,"2026-03-19 17:05:16"
1369,question_shown,"2026-03-19 17:05:16"
3161,answer_submitted,"2026-03-19 17:05:14"
542,question_prepared,"2026-03-19 17:05:14"
542,question_shown,"2026-03-19 17:05:14"
133,answer_submitted,"2026-03-19 17:05:11"
3161,question_prepared,"2026-03-19 17:05:11"
3161,question_shown,"2026-03-19 17:05:11"
2165,answer_submitted,"2026-03-19 17:05:08"
133,question_prepared,"2026-03-19 17:05:08"
133,question_shown,"2026-03-19 17:05:08"
2558,answer_submitted,"2026-03-19 17:05:05"
2165,question_prepared,"2026-03-19 17:05:05"
2165,question_shown,"2026-03-19 17:05:05"
3194,answer_submitted,"2026-03-19 17:05:02"
2558,question_prepared,"2026-03-19 17:05:02"
2558,question_shown,"2026-03-19 17:05:02"
273,answer_submitted,"2026-03-19 17:05:00"
3194,question_prepared,"2026-03-19 17:05:00"
3194,question_shown,"2026-03-19 17:05:00"
3351,answer_submitted,"2026-03-19 17:04:56"
273,question_prepared,"2026-03-19 17:04:56"
273,question_shown,"2026-03-19 17:04:56"
3351,question_shown,"2026-03-19 17:04:54"
3351,question_prepared,"2026-03-19 17:04:53"
1607,answer_submitted,"2026-03-19 17:04:43"
591,answer_submitted,"2026-03-19 17:04:41"
1607,question_prepared,"2026-03-19 17:04:41"
1607,question_shown,"2026-03-19 17:04:41"
3160,answer_submitted,"2026-03-19 17:04:38"
591,question_prepared,"2026-03-19 17:04:38"
591,question_shown,"2026-03-19 17:04:38"
59,answer_submitted,"2026-03-19 17:04:35"
3160,question_prepared,"2026-03-19 17:04:35"
3160,question_shown,"2026-03-19 17:04:35"
1758,answer_submitted,"2026-03-19 17:04:33"
59,question_prepared,"2026-03-19 17:04:33"
59,question_shown,"2026-03-19 17:04:33"
4004,answer_submitted,"2026-03-19 17:04:30"
1758,question_prepared,"2026-03-19 17:04:30"
1758,question_shown,"2026-03-19 17:04:30"
3446,answer_submitted,"2026-03-19 17:04:28"
4004,question_prepared,"2026-03-19 17:04:28"
4004,question_shown,"2026-03-19 17:04:28"
272,answer_submitted,"2026-03-19 17:04:25"
3446,question_prepared,"2026-03-19 17:04:25"
3446,question_shown,"2026-03-19 17:04:25"
131,answer_submitted,"2026-03-19 17:04:23"
272,question_prepared,"2026-03-19 17:04:23"
272,question_shown,"2026-03-19 17:04:23"
131,question_prepared,"2026-03-19 17:04:16"
131,question_shown,"2026-03-19 17:04:16"
1611,answer_submitted,"2026-03-19 17:04:15"
3248,answer_submitted,"2026-03-19 17:04:13"
1611,question_prepared,"2026-03-19 17:04:13"
1611,question_shown,"2026-03-19 17:04:13"
3248,question_prepared,"2026-03-19 17:04:11"
3248,question_shown,"2026-03-19 17:04:11"
52,answer_submitted,"2026-03-19 17:04:10"
52,question_shown,"2026-03-19 17:04:07"
268,answer_submitted,"2026-03-19 17:04:06"
52,question_prepared,"2026-03-19 17:04:06"
3127,answer_submitted,"2026-03-19 17:04:04"
268,question_prepared,"2026-03-19 17:04:04"
268,question_shown,"2026-03-19 17:04:04"
3366,answer_submitted,"2026-03-19 17:04:02"
3127,question_prepared,"2026-03-19 17:04:02"
3127,question_shown,"2026-03-19 17:04:02"
3366,question_prepared,"2026-03-19 17:04:00"
3366,question_shown,"2026-03-19 17:04:00"
3615,answer_submitted,"2026-03-19 17:03:59"
541,answer_submitted,"2026-03-19 17:03:56"
3615,question_prepared,"2026-03-19 17:03:56"
3615,question_shown,"2026-03-19 17:03:56"
3159,answer_submitted,"2026-03-19 17:03:54"
541,question_prepared,"2026-03-19 17:03:54"
541,question_shown,"2026-03-19 17:03:54"
62,answer_submitted,"2026-03-19 17:03:52"
3159,question_prepared,"2026-03-19 17:03:52"
3159,question_shown,"2026-03-19 17:03:52"
1599,answer_submitted,"2026-03-19 17:03:49"
62,question_prepared,"2026-03-19 17:03:49"
62,question_shown,"2026-03-19 17:03:49"
3509,answer_submitted,"2026-03-19 17:03:47"
1599,question_prepared,"2026-03-19 17:03:47"
1599,question_shown,"2026-03-19 17:03:47"
3398,answer_submitted,"2026-03-19 17:03:44"
3509,question_prepared,"2026-03-19 17:03:44"
3509,question_shown,"2026-03-19 17:03:44"
3398,question_shown,"2026-03-19 17:03:42"
3158,answer_submitted,"2026-03-19 17:03:41"
3398,question_prepared,"2026-03-19 17:03:41"
3978,answer_submitted,"2026-03-19 17:03:39"
3158,question_prepared,"2026-03-19 17:03:39"
3158,question_shown,"2026-03-19 17:03:39"
3978,question_prepared,"2026-03-19 17:03:36"
3978,question_shown,"2026-03-19 17:03:36"
